index,front,english,current_root_raw,current_root_ar,camel_pos,camel_lemma,camel_root,camel_gloss,token_count,flags
1,فِي,in / at,F-Y (ف ي),ف.ي,prep,فِي,ف,in+me,1,closed_class_no_productive_root|root_disagrees_with_camel
2,مِنْ,from,M-N (م ن),م.ن,prep,مِن,م.ن,from,1,duplicate_front|closed_class_no_productive_root
3,عَلَى,on / upon,ʿ-L-W (ع ل و),ع.ل.و,prep,عَلَى,ع.ل,on;above+me,1,closed_class_no_productive_root|root_disagrees_with_camel
4,أَنَّ,that,ʾ-N-N (أ ن ن),أ.ن.ن,conj_sub,أَنَّ,ن.ن,that,1,duplicate_front|closed_class_no_productive_root|root_disagrees_with_camel
5,إِنَّ,indeed / surely,ʾ-N-N (أ ن ن),أ.ن.ن,verb_pseudo,إِنَّ,ن.ن,that;indeed,1,duplicate_front|closed_class_no_productive_root|root_disagrees_with_camel
6,إِلَى,to / towards,ʾ-L-Y (أ ل ي),أ.ل.ي,prep,إِلَى,ل,to;towards+me,1,closed_class_no_productive_root|root_disagrees_with_camel
7,هَذَا,this,H-DH (ه ذ),ه.ذ,pron_dem,هٰذا,ه,this,1,closed_class_no_productive_root|root_disagrees_with_camel
8,كَانَ,was / to be,K-W-N (ك و ن),ك.و.ن,verb,كان,ك.ن,was;were+he;it_<verb>,1,root_disagrees_with_camel
9,لَمْ,did not (past negative),L-M (ل م),ل.م,part_neg,لَم,ل.م,not,1,closed_class_no_productive_root
10,مَعَ,with,M-ʿ (م ع),م.ع,prep,مَع,م.ع,with,1,closed_class_no_productive_root
11,الَّذِي,who / which / that,L-DH (ل ذ),ل.ذ,pron_rel,الَّذِي,ل,which;who;whom,1,closed_class_no_productive_root|root_disagrees_with_camel
12,أَوْ,or,ʾ-W (أ و),أ.و,conj,أَو,ن,or,1,closed_class_no_productive_root|root_disagrees_with_camel
13,كُلّ,all / every / each,K-L-L (ك ل ل),ك.ل.ل,noun,كُلّ,ك.ل.ل,every;all,1,
14,مَا,what / that which / not,M-A (م ا),م.ا,pron_rel,ما,م,what,1,closed_class_no_productive_root|root_disagrees_with_camel
15,يَا,O (vocative particle),Y-A (ي ا),ي.ا,part_voc,يا,,oh;you,1,closed_class_no_productive_root|camel_nonroot_function_word|invented_root_on_function_word
16,بَعْدَ,after,B-ʿ-D (ب ع د),ب.ع.د,noun,بَعْد,ب.ع.د,after,1,
17,لَا,no / not,L-A (ل ا),ل.ا,part_neg,لا,ل,no;not,1,closed_class_no_productive_root|root_disagrees_with_camel
18,هِيَ,she / it (feminine),H-Y (ه ي),ه.ي,pron,هِيَ,ه,it;they;she,1,closed_class_no_productive_root|root_disagrees_with_camel
19,بَيْنَ,between / among,B-Y-N (ب ي ن),ب.ي.ن,noun,بَيْنَ,ب.ن,between;among,1,root_disagrees_with_camel
20,كَمَا,as / like / just as,K-M-A (ك م ا),ك.م.ا,conj,كَما,ك,and;as;also,1,closed_class_no_productive_root|root_disagrees_with_camel
21,كَانَتْ,was (feminine),K-W-N (ك و ن),ك.و.ن,verb,كان,ك.ن,was;were+it;they;she_<verb>,1,root_disagrees_with_camel
22,حَيْثُ,where / whereas,Ḥ-Y-TH (ح ي ث),ح.ي.ث,conj,حَيْثُ,ح.ث,where;whereby;since;given_that,1,closed_class_no_productive_root|root_disagrees_with_camel
23,قَدْ,has / may / might,Q-D (ق د),ق.د,part_verb,قَدْ,ق.د,may;might,1,closed_class_no_productive_root
24,هُمْ,they (masculine plural),H-M (ه م),ه.م,pron,هُم,ه,they_[masc.pl],1,closed_class_no_productive_root|root_disagrees_with_camel
25,عَنْ,about / from / away from,ʿ-N (ع ن),ع.ن,prep,عَن,ع.ن,from;about,1,closed_class_no_productive_root
26,لِـ,to / for / because of,L (ل),ل,prep,لِ,,for;to,1,duplicate_front|camel_nonroot_function_word|invented_root_on_function_word
27,ذَلِكَ,that,DH-L-K (ذ ل ك),ذ.ل.ك,pron_dem,ذٰلِكَ,ذ,that,1,closed_class_no_productive_root|root_disagrees_with_camel
28,نَحْنُ,we,N-Ḥ-N (ن ح ن),ن.ح.ن,pron,نَحْنُ,ن.ح.ن,we,1,closed_class_no_productive_root
29,مَتَى,when,M-T-Y (م ت ي),م.ت.ي,conj,مَتَى,م.ت,when,1,closed_class_no_productive_root|root_disagrees_with_camel
30,لَيْسَ,not / is not,L-Y-S (ل ي س),ل.ي.س,verb,لَيِس,ل.س,be_valiant+he;it_<verb>,1,self_translation_artifact|root_disagrees_with_camel
31,إِذَا,if / when,ʾ-DH-A (أ ذ ا),أ.ذ.ا,conj,إِذا,ذ,if;whether,1,closed_class_no_productive_root|root_disagrees_with_camel
32,هَؤُلَاءِ,these,H-ʾ-L (ه أ ل),ه.أ.ل,pron_dem,هٰذا,ه,these,1,closed_class_no_productive_root|root_disagrees_with_camel
33,بَعْض,some / part of,B-ʿ-Ḍ (ب ع ض),ب.ع.ض,verb,بَعَّض,ب.ع.ض,divide;portion+he;it_<verb>,1,
34,تِلْكَ,that (feminine),T-L-K (ت ل ك),ت.ل.ك,pron_dem,ذٰلِكَ,ذ,that;those,1,closed_class_no_productive_root|root_disagrees_with_camel
35,الَّذِينَ,who / those who (plural),L-DH (ل ذ),ل.ذ,pron_rel,الَّذِي,ل,who;whom_[pl.],1,closed_class_no_productive_root|root_disagrees_with_camel
36,إِذْ,since / when / because,ʾ-DH (أ ذ),أ.ذ,conj,إِذ,ذ,because,1,closed_class_no_productive_root|root_disagrees_with_camel
37,كَيْفَ,how,K-Y-F (ك ي ف),ك.ي.ف,adv_interrog,كَيْفَ,ك.ف,how,1,closed_class_no_productive_root|root_disagrees_with_camel
38,أَيّ,which / any,ʾ-Y (أ ي),أ.ي,noun_quant,أَيّ,,any,1,closed_class_no_productive_root|invented_root_on_function_word
39,عِنْدَ,at / with / have,ʿ-N-D (ع ن د),ع.ن.د,noun,عِنْد,ع.ن.د,with;at,1,
40,كَمْ,how many / how much,K-M (ك م),ك.م,pron_interrog,كَم,ك.م,how_many;much,1,closed_class_no_productive_root
41,هُنَا,here,H-N (ه ن),ه.ن,adv,هُنا,ه.ن,here,1,closed_class_no_productive_root
42,هُنَاكَ,there / there is,H-N-K (ه ن ك),ه.ن.ك,adv,هُناكَ,ه.ن,there;there_(is;are),1,closed_class_no_productive_root|root_disagrees_with_camel
43,مَنْ,who / whoever,M-N (م ن),م.ن,pron_rel,مَن,م.ن,who;whom,1,duplicate_front|closed_class_no_productive_root
44,أَمْ,or (interrogative),ʾ-M (أ م),أ.م,conj,أَم,م,or,1,closed_class_no_productive_root|root_disagrees_with_camel
45,حَتَّى,until / even / so that,Ḥ-T-Y (ح ت ي),ح.ت.ي,prep,حَتَّى,ح.ت.ت,until;up_to,1,closed_class_no_productive_root|root_disagrees_with_camel
46,أَلَمْ,did not? / have you not?,ʾ-L-M (أ ل م),أ.ل.م,noun,أَلَم,ل.م,pain;suffering,1,root_disagrees_with_camel
47,لَمَّا,when / not yet,L-M-A (ل م ا),ل.م.ا,conj,لَمّا,ل.م.م,when;after,1,duplicate_front|root_disagrees_with_camel
48,لَوْ,if (hypothetical),L-W (ل و),ل.و,conj,لَو,ل,if,1,closed_class_no_productive_root|root_disagrees_with_camel
49,فِيْمَا,in what / while,F-Y-M-A (ف ي م ا),ف.ي.م.ا,conj_sub,ما,ف,while;during_which,1,root_disagrees_with_camel
50,إِذَنْ,therefore / then / in that case,ʾ-DH-N (أ ذ ن),أ.ذ.ن,adv,إِذَن,ذ.ن,therefore;so;then,1,root_disagrees_with_camel
51,بَلْ,but / rather / instead,B-L (ب ل),ب.ل,conj,بَل,ب.ل,but_rather;in_fact,1,closed_class_no_productive_root
52,لَكِنَّ,but / however,L-K-N (ل ك ن),ل.ك.ن,conj,لٰكِن,ل.ك.ن,however,1,duplicate_front|closed_class_no_productive_root
53,إِلَّا,except / but,ʾ-L-A (أ ل ا),أ.ل.ا,part,إِلّا,ل.ل,however;except,1,closed_class_no_productive_root|root_disagrees_with_camel
54,حِينَمَا,when / at the time that,Ḥ-Y-N-M-A (ح ي ن م ا),ح.ي.ن.م.ا,conj,حِين,ح.ن,when;while,1,root_disagrees_with_camel
55,أَنَّمَا,that only / that,ʾ-N-M-A (أ ن م ا),أ.ن.م.ا,verb_pseudo,إِنَّما,ن.ن,but_rather;on_the_contrary,1,root_disagrees_with_camel
56,لَدَى,with / have / at,L-D-Y (ل د ي),ل.د.ي,noun,لَدَى,ل.د,with;by,1,root_disagrees_with_camel
57,ثُمَّ,then / afterwards,TH-M (ث م),ث.م,adv,ثُمَّ,ث.م.م,then;thereupon,1,closed_class_no_productive_root|root_disagrees_with_camel
58,إِنْ,if / not,ʾ-N (أ ن),أ.ن,conj_sub,إِنْ,ن,if;whether,1,duplicate_front|closed_class_no_productive_root|root_disagrees_with_camel
59,لَعَلَّ,perhaps / maybe / so that,L-ʿ-L (ل ع ل),ل.ع.ل,verb_pseudo,لَعَلَّ,ع.ل.ل,perhaps,1,closed_class_no_productive_root|root_disagrees_with_camel
60,أَيْنَ,where,ʾ-Y-N (أ ي ن),أ.ي.ن,adv_interrog,أَيْنَ,ن,where,1,closed_class_no_productive_root|root_disagrees_with_camel
61,حَالَ,state / condition / instantly,Ḥ-W-L (ح و ل),ح.و.ل,noun,حال,ح.ل,situation;condition;case,1,root_disagrees_with_camel
62,بَيْنَمَا,while / whereas,B-Y-N-M-A (ب ي ن م ا),ب.ي.ن.م.ا,conj_sub,بَيْنَما,ب.ن,while,1,root_disagrees_with_camel
63,أُولَئِكَ,those,ʾ-W-L (أ و ل),أ.و.ل,pron_dem,أُولائِكَ,,they;those,1,camel_nonroot_function_word|invented_root_on_function_word
64,لَكِنْ,but / however,L-K-N (ل ك ن),ل.ك.ن,conj,لٰكِن,ل.ك.ن,however,1,duplicate_front|closed_class_no_productive_root
65,لَقَدْ,indeed / certainly (with past tense),L-Q-D (ل ق د),ل.ق.د,part_verb,قَدْ,ق.د,indeed_(has;have),1,root_disagrees_with_camel
66,جِدًّا,very / extremely,J-D-D (ج د د),ج.د.د,adv,جِدّاً,ج.د,very;much,1,root_disagrees_with_camel
67,أَيْضًا,also / too,ʾ-Y-Ḍ (أ ي ض),أ.ي.ض,adv,أَيْضاً,ض,also+[acc.indef.],1,root_disagrees_with_camel
68,مَثَلًا,for example,M-TH-L (م ث ل),م.ث.ل,noun,مَثَل,م.ث.ل,example;proverb+[acc.indef.],1,
69,دَائِمًا,always,D-W-M (د و م),د.و.م,adv,دائِماً,د.م,always+[acc.indef.],1,root_disagrees_with_camel
70,أَبَدًا,never / ever / forever,ʾ-B-D (أ ب د),أ.ب.د,noun,أَبَد,ب.د,eternity;all_time;forever+[acc.indef.],1,duplicate_front|root_disagrees_with_camel
71,رُبَّمَا,perhaps / maybe,R-B-B (ر ب ب),ر.ب.ب,adv,رُبَّما,ر.ب.ب,perhaps;maybe,1,duplicate_front
72,عَسَى,perhaps / may be / it is hoped,ʿ-S-Y (ع س ي),ع.س.ي,adv,عَسَى,ع.س,perhaps,1,root_disagrees_with_camel
73,مِمَّا,from what / of which,M-N-M-A (م ن م ا),م.ن.م.ا,prep,مِن,م.ن,from_+_what,1,root_disagrees_with_camel
74,عَمَّا,about what / from what,ʿ-N-M-A (ع ن م ا),ع.ن.م.ا,prep,عَن,ع.ن,about_what,1,root_disagrees_with_camel
75,بِمَا,with what / by means of which,B-M-A (ب م ا),ب.م.ا,pron_rel,ما,ب.م,by;with_+_what,1,root_disagrees_with_camel
76,لِمَا,why / for what,L-M-A (ل م ا),ل.م.ا,pron_rel,ما,م,why;for_+_what,1,duplicate_front|root_disagrees_with_camel
77,مُنْذُ,since / ago,M-N-DH (م ن ذ),م.ن.ذ,conj,مُنْذُ,,since;ago,1,camel_nonroot_function_word|invented_root_on_function_word
78,فَقَطْ,only / just,F-Q-Ṭ (ف ق ط),ف.ق.ط,adv,فَقَط,ف.ق.ط,only,1,
79,لَمَّا,when / not yet,L-M-A (ل م ا),ل.م.ا,conj,لَمّا,ل.م.م,when;after,1,duplicate_front|root_disagrees_with_camel
80,أَيَّانَ,when (future/emphasis),ʾ-Y-A-N (أ ي ا ن),أ.ي.ا.ن,noun_prop,إِيان,,Ian,1,
81,أَيْنَمَا,wherever,ʾ-Y-N-M-A (أ ي ن م ا),أ.ي.ن.م.ا,conj,أَيْنَما,ن,wherever,1,root_disagrees_with_camel
82,رَيْثَمَا,until / as long as,R-Y-TH-M-A (ر ي ث م ا),ر.ي.ث.م.ا,conj,رَيْثَما,ر.ث,as_long_as;until,1,root_disagrees_with_camel
83,لَدُنْ,from / with (formal/divine),L-D-N (ل د ن),ل.د.ن,verb,دان,د.ن,would_have+condemn;borrow;profess+they_[fem.pl.]_<verb>,1,root_disagrees_with_camel
84,أَيَّة,which / any (feminine),ʾ-Y-A (أ ي ا),أ.ي.ا,noun_quant,أَيّ,ة,any,1,root_disagrees_with_camel
85,كَيْ,so that / in order to,K-Y (ك ي),ك.ي,conj,كَي,ك,in_order_to,1,closed_class_no_productive_root|root_disagrees_with_camel
86,لِكَيْ,so that / in order that,L-K-Y (ل ك ي),ل.ك.ي,conj,كَي,ك,in_order_to,1,root_disagrees_with_camel
87,فَـ,and then / so / for,F (ف),ف,conj,فَ,,and;so,1,closed_class_no_productive_root|camel_nonroot_function_word|invented_root_on_function_word
88,بِـ,with / by / in / at,B (ب),ب,prep,بِ,ب,with;by,1,
89,لِـ,for / to / of,L (ل),ل,prep,لِ,,for;to,1,duplicate_front|camel_nonroot_function_word|invented_root_on_function_word
90,كَـ,like / as,K (ك),ك,prep,كَ,,as;like,1,camel_nonroot_function_word|invented_root_on_function_word
91,تَـ,by (oath particle),T (ت),ت,abbrev,ت,,T;(date);(time;timing);(died);22nd,1,
92,لَا سِيَّمَا,especially / particularly,L-A-S-Y-M-A (ل ا س ي م ا),ل.ا.س.ي.م.ا,,,,,2,multiword_no_single_root|phrase_has_single_root_claim
93,رُبَّ,perhaps / many a / some,R-B-B (ر ب ب),ر.ب.ب,part,رُبَّ,ر.ب.ب,(so)_many,1,
94,عَمَّا قَرِيبٍ,soon / shortly,ʿ-N-M-A-Q-R-B (ع م ا ق ر ب),ع.م.ا.ق.ر.ب,,,,,2,multiword_no_single_root|phrase_has_single_root_claim
95,لَيْسَ فَقَطْ,not only,L-Y-S-F-Q-Ṭ (ل ي س ف ق ط),ل.ي.س.ف.ق.ط,,,,,2,multiword_no_single_root|phrase_has_single_root_claim
96,بِغَضِّ النَّظَرِ,regardless of / irrespective of,GH-Ḍ-Ḍ-N-Ẓ-R (غ ض ض ن ظ ر),غ.ض.ض.ن.ظ.ر,,,,,2,multiword_no_single_root|phrase_has_single_root_claim
97,أَيُّهَا,O (vocative used with definite nouns),ʾ-Y (أ ي),أ.ي,part_voc,أَيُّها,,O!_[voc.masc.],1,camel_nonroot_function_word|invented_root_on_function_word
98,حَيْثُمَا,wherever,Ḥ-Y-TH-M-A (ح ي ث م ا),ح.ي.ث.م.ا,conj,حَيْثُما,ح.ث,wherever,1,root_disagrees_with_camel
99,كَيْفَمَا,however / in whatever way,K-Y-F-M-A (ك ي ف م ا),ك.ي.ف.م.ا,adv_rel,كَيْفَما,ك.ف,whichever;however,1,root_disagrees_with_camel
100,لِأَنَّ,because,L-ʾ-N (ل أ ن),ل.أ.ن,conj_sub,أَنَّ,ن.ن,because,1,root_disagrees_with_camel
101,مَهْمَا,whatever / no matter what,M-H-M-A (م ه م ا),م.ه.م.ا,conj,مَهْما,م.ه,whatever,1,root_disagrees_with_camel
102,هَذِهِ,this (feminine),H-DH-H (ه ذ ه),ه.ذ.ه,pron_dem,هٰذا,ه,this;these,1,closed_class_no_productive_root|root_disagrees_with_camel
103,عَلَى أَيِّ حَالٍ,anyway / in any case,ʿ-L-Y-ʾ-Y-Ḥ-W-L (ع ل ي أ ي ح و ل),ع.ل.ي.أ.ي.ح.و.ل,,,,,3,multiword_no_single_root|phrase_has_single_root_claim
104,بِالنِّسْبَةِ لِـ,for / regarding / relative to,N-S-B (ن س ب),ن.س.ب,,,,,2,multiword_no_single_root|phrase_has_single_root_claim
105,أَمَّا,as for / but as for,ʾ-M-A (أ م ا),أ.م.ا,part_focus,أَمّا,م.م,as_for;concerning,1,root_disagrees_with_camel
106,مَنْ ذَا,who is it that / who,M-N-DH-A (م ن ذ ا),م.ن.ذ.ا,,,,,2,multiword_no_single_root|phrase_has_single_root_claim
107,عَلَى أَنَّ,provided that / although,ʿ-L-Y-ʾ-N (ع ل ي أ ن),ع.ل.ي.أ.ن,,,,,2,multiword_no_single_root|phrase_has_single_root_claim
108,لَا بَأْسَ,no problem / it is fine / okay,L-A-B-ʾ-S (ل ا ب أ س),ل.ا.ب.أ.س,,,,,2,multiword_no_single_root|phrase_has_single_root_claim
109,بِالمُنَاسَبَةِ,by the way / incidentally,N-S-B (ن س ب),ن.س.ب,noun,مُناسَبَة,ن.س.ب,with;by_+_the+occasion;opportunity+[fem.sg.],1,
110,أَوَّلًا,firstly / first of all,ʾ-W-L (أ و ل),أ.و.ل,adj,أَوَّل,ل,first+[acc.indef.],1,root_disagrees_with_camel
111,أَخِيرًا,finally / at last / recently,ʾ-KH-R (أ خ ر),أ.خ.ر,adv,أَخِيراً,خ.ر,finally;recently+[acc.indef.],1,root_disagrees_with_camel
112,أَبَدًا,never / forever,ʾ-B-D (أ ب د),أ.ب.د,noun,أَبَد,ب.د,eternity;all_time;forever+[acc.indef.],1,duplicate_front|root_disagrees_with_camel
113,فَوْرًا,immediately / at once,F-W-R (ف و ر),ف.و.ر,adv,فَوْر,ف.ر,immediately;at_once+[acc.indef.],1,root_disagrees_with_camel
114,تَقْرِيبًا,approximately / nearly / almost,Q-R-B (ق ر ب),ق.ر.ب,adv,تَقْرِيباً,ت.ق.ر.ب,approximately+[acc.indef.],1,root_disagrees_with_camel
115,تَمَامًا,completely / exactly / perfectly,T-M-M (ت م م),ت.م.م,adv,تَماماً,ت.م.م,exactly;completely+[acc.indef.],1,
116,فِعْلًا,indeed / actually / really,F-ʿ-L (ف ع ل),ف.ع.ل,adv,فِعْل,ف.ع.ل,actually;in_effect+[acc.indef.],1,
117,رُبَّمَا,perhaps / maybe,R-B-B (ر ب ب),ر.ب.ب,adv,رُبَّما,ر.ب.ب,perhaps;maybe,1,duplicate_front
118,لِأَجْلِ,for / for the sake of,ʾ-J-L (أ ج ل),أ.ج.ل,noun,أَجْل,ج.ل,indeed;truly+for_sake_of;because_of,1,root_disagrees_with_camel
119,بِدُونِ,without,D-W-N (د و ن),د.و.ن,prep,دُونَ,ب.د.ن,without;beneath;underneath,1,root_disagrees_with_camel
120,أَمَّا بَعْدُ,furthermore / now then (formal transition),ʾ-M-A-B-ʿ-D (أ م ا ب ع د),أ.م.ا.ب.ع.د,,,,,2,multiword_no_single_root|phrase_has_single_root_claim
121,بِصَرَاحَةٍ,frankly / honestly / openly,Ṣ-R-Ḥ (ص ر ح),ص.ر.ح,noun,صَراحَة,ص.ر.ح,by;with+sincerity;candor;frankness+[fem.sg.],1,
122,لَيْسَ هُنَاكَ,there is no / there is not,L-Y-S-H-N-K (ل ي س ه ن ك),ل.ي.س.ه.ن.ك,,,,,2,multiword_no_single_root|phrase_has_single_root_claim
123,عَلَى الفَوْرِ,immediately / instantly,F-W-R (ف و ر),ف.و.ر,,,,,2,multiword_no_single_root|phrase_has_single_root_claim
124,إِلَى حَدٍّ مَا,to some extent / somewhat,Ḥ-D-D (ح د د),ح.د.د,,,,,3,multiword_no_single_root|phrase_has_single_root_claim
125,مِنْ قِبَلِ,by / on the part of,Q-B-L (ق ب ل),ق.ب.ل,,,,,2,multiword_no_single_root|phrase_has_single_root_claim
126,بِشَكْلٍ عَامٍّ,generally / in general,ʿ-M-M (ع م م),ع.م.م,,,,,2,multiword_no_single_root|phrase_has_single_root_claim
127,بِنَاءً عَلَى,based on / according to,B-N-Y (ب ن ي),ب.ن.ي,,,,,2,multiword_no_single_root|phrase_has_single_root_claim
128,مِنْ نَاحِيَةٍ أُخْرَى,on the other hand,N-Ḥ-Y (ن ح ي),ن.ح.ي,,,,,3,multiword_no_single_root|phrase_has_single_root_claim
129,عَلَى مَدَارِ,throughout / over the course of,D-W-R (د و ر),د.و.ر,,,,,2,multiword_no_single_root|phrase_has_single_root_claim
130,لَا شَكَّ أَنَّ,no doubt that / undoubtedly,SH-K-K (ش ك ك),ش.ك.ك,,,,,3,multiword_no_single_root|phrase_has_single_root_claim
131,مِنَ المُفْتَرَضِ أَنْ,supposed to / presumably,F-R-Ḍ (ف ر ض),ف.ر.ض,,,,,3,multiword_no_single_root|phrase_has_single_root_claim
132,لِأَقْصَى حَدٍّ,to the maximum extent / as much as possible,Q-Ṣ-Y (ق ص ي),ق.ص.ي,,,,,2,multiword_no_single_root|phrase_has_single_root_claim
133,مِنْ وَقْتٍ لِآخَرَ,from time to time / occasionally,W-Q-T (و ق ت),و.ق.ت,,,,,3,duplicate_front|multiword_no_single_root|phrase_has_single_root_claim
134,بِغَضِّ النَّظَرِ عَنْ,regardless of,GH-Ḍ-Ḍ (غ ض ض),غ.ض.ض,,,,,3,duplicate_front|multiword_no_single_root|phrase_has_single_root_claim
135,بِصِفَةٍ خَاصَّةٍ,especially / particularly,Ṣ-F-T (ص ف ت),ص.ف.ت,,,,,2,multiword_no_single_root|phrase_has_single_root_claim
136,مِنَ المُرَجَّحِ أَنْ,likely to / probably,R-J-Ḥ (ر ج ح),ر.ج.ح,,,,,3,multiword_no_single_root|phrase_has_single_root_claim
137,لَا بُدَّ أَنْ,must / it is necessary that,B-D-D (ب د د),ب.د.د,,,,,3,multiword_no_single_root|phrase_has_single_root_claim
138,بِالمُقَابِلِ,in contrast / in return,Q-B-L (ق ب ل),ق.ب.ل,noun,مُقابِل,ق.ب.ل,with;by_+_the+opposite_to;corresponding_to;vis-a-vis,1,
139,عَلَى كُلِّ حَالٍ,in any case / anyway,Ḥ-W-L (ح و ل),ح.و.ل,,,,,3,multiword_no_single_root|phrase_has_single_root_claim
140,مِنْ وَجْهَةِ نَظَرِي,from my point of view,N-Ẓ-R (ن ظ ر),ن.ظ.ر,,,,,3,multiword_no_single_root|phrase_has_single_root_claim
141,بِغَرَضِ,for the purpose of / with the aim of,GH-R-Ḍ (غ ر ض),غ.ر.ض,noun,غَرَض,غ.ر.ض,by;with+goal;purpose;objective,1,
142,مِنْ نَاحِيَةٍ,from one side / on one hand,N-Ḥ-Y (ن ح ي),ن.ح.ي,,,,,2,multiword_no_single_root|phrase_has_single_root_claim
143,مِنْ تِلْقَاءِ نَفْسِهِ,of his own accord / spontaneously,L-Q-Y (ل ق ي),ل.ق.ي,,,,,3,multiword_no_single_root|phrase_has_single_root_claim
144,بِلا شَكٍّ,without a doubt / certainly,SH-K-K (ش ك ك),ش.ك.ك,,,,,2,multiword_no_single_root|phrase_has_single_root_claim
145,بِالفِعْلِ,already / indeed / in fact,F-ʿ-L (ف ع ل),ف.ع.ل,noun,فِعْل,ف.ع.ل,with;by_+_the+doing;act;action,1,
146,بِمَا أَنَّ,since / because / as,B-M-A-ʾ-N (ب م ا أ ن),ب.م.ا.أ.ن,,,,,2,multiword_no_single_root|phrase_has_single_root_claim
147,عَلَى الرَّغْمِ مِنْ,despite / in spite of,R-GH-M (ر غ م),ر.غ.م,,,,,3,multiword_no_single_root|phrase_has_single_root_claim
148,بِغَضِّ النَّظَرِ عَنْ,regardless of,GH-Ḍ-Ḍ (غ ض ض),غ.ض.ض,,,,,3,duplicate_front|multiword_no_single_root|phrase_has_single_root_claim
149,مَعَ ذَلِكَ,nevertheless / however / even so,M-ʿ-DH-L-K (م ع ذ ل ك),م.ع.ذ.ل.ك,,,,,2,multiword_no_single_root|phrase_has_single_root_claim
150,بِمُوجِبِ,according to / by virtue of / under,W-J-B (و ج ب),و.ج.ب,noun,مُوجِب,ج.ب,by;with+reason;motive,1,root_disagrees_with_camel
151,مِنْ حِينٍ لِآخَرَ,from time to time / occasionally,Ḥ-Y-N (ح ي ن),ح.ي.ن,,,,,3,duplicate_front|multiword_no_single_root|phrase_has_single_root_claim
152,مِنْ نَاحِيَتِي,from my side / as for me,N-Ḥ-Y (ن ح ي),ن.ح.ي,,,,,2,multiword_no_single_root|phrase_has_single_root_claim
153,بِغَضِّ النَّظَرِ عَمَّا,regardless of what,GH-Ḍ-Ḍ (غ ض ض),غ.ض.ض,,,,,3,multiword_no_single_root|phrase_has_single_root_claim
154,فِي آخِرِ المَطَافِ,in the end / ultimately,Ṭ-W-F (ط و ف),ط.و.ف,,,,,3,duplicate_front|multiword_no_single_root|phrase_has_single_root_claim
155,مِنْ شَأْنِهِ أَنْ,likely to / calculated to / which would,SH-ʾ-N (ش أ ن),ش.أ.ن,,,,,3,multiword_no_single_root|phrase_has_single_root_claim
156,بِمَا فِي ذَلِكَ,including / as well as,B-M-A-F-Y (ب م ا ف ي),ب.م.ا.ف.ي,,,,,3,multiword_no_single_root|phrase_has_single_root_claim
157,فِيمَا يَتَعَلَّقُ بِـ,with regard to / concerning,ʿ-L-Q (ع ل ق),ع.ل.ق,,,,,3,multiword_no_single_root|phrase_has_single_root_claim
158,بِغَرَضِ التَّوْضِيحِ,for the sake of clarification,W-Ḍ-Ḥ (و ض ح),و.ض.ح,,,,,2,duplicate_front|multiword_no_single_root|phrase_has_single_root_claim
159,إِلَى حَدٍّ بَعِيدٍ,to a large extent / greatly,B-ʿ-D (ب ع د),ب.ع.د,,,,,3,multiword_no_single_root|phrase_has_single_root_claim
160,مِنْ قِبَلِ البَعْضِ,by some / on the part of some,Q-B-L (ق ب ل),ق.ب.ل,,,,,3,multiword_no_single_root|phrase_has_single_root_claim
161,بِالمُصَادَفَةِ,by chance / accidentally,Ṣ-D-F (ص د ف),ص.د.ف,noun,مُصادَفَة,ص.د.ف,with;by_+_the+coincidence+[fem.sg.],1,
162,مِنَ الصَّعْبِ أَنْ,it is difficult to,Ṣ-ʿ-B (ص ع ب),ص.ع.ب,,,,,3,multiword_no_single_root|phrase_has_single_root_claim
163,عَلَى العَكْسِ تَمَامًا,quite the opposite / on the contrary,ʿ-K-S (ع ك س),ع.ك.س,,,,,3,multiword_no_single_root|phrase_has_single_root_claim
164,فِي هَذَا الصَّدَدِ,in this regard / in this context,Ṣ-D-D (ص د د),ص.د.د,,,,,3,multiword_no_single_root|phrase_has_single_root_claim
165,بِدُونِ أَدْنَى شَكٍّ,without the slightest doubt,D-N-W (د ن و),د.ن.و,,,,,3,multiword_no_single_root|phrase_has_single_root_claim
166,مِنْ حَيْثُ المَبْدَأِ,in principle / theoretically,B-D-ʾ (ب د أ),ب.د.أ,,,,,3,multiword_no_single_root|phrase_has_single_root_claim
167,عَلَى كُلٍّ,anyway / regardless,K-L-L (ك ل ل),ك.ل.ل,,,,,2,multiword_no_single_root|phrase_has_single_root_claim
168,فِي المَسْتَقْبَلِ,in the future,Q-B-L (ق ب ل),ق.ب.ل,,,,,2,multiword_no_single_root|phrase_has_single_root_claim
169,مِنْ وَقْتٍ لِآخَرَ,from time to time / occasionally,Ḥ-Y-N (ح ي ن),ح.ي.ن,,,,,3,duplicate_front|multiword_no_single_root|phrase_has_single_root_claim
170,بِالمُجْمَلِ,in short / overall / on the whole,J-M-L (ج م ل),ج.م.ل,noun,مُجْمَل,ج.م.ل,with;by_+_the+summary;total,1,
171,لَا سِيَّمَا أَنَّ,especially since / particularly because,S-Y-M-A (س ي م ا),س.ي.م.ا,,,,,3,multiword_no_single_root|phrase_has_single_root_claim
172,مِنَ الضَّرُورِيِّ أَنْ,it is necessary to,Ḍ-R-R (ض ر ر),ض.ر.ر,,,,,3,multiword_no_single_root|phrase_has_single_root_claim
173,بِمُجَرَّدِ أَنْ,as soon as / once,J-R-D (ج ر د),ج.ر.د,,,,,2,multiword_no_single_root|phrase_has_single_root_claim
174,عَلَى نَحْوٍ,in a way / in a manner,N-Ḥ-W (ن ح و),ن.ح.و,,,,,2,multiword_no_single_root|phrase_has_single_root_claim
175,مِنْ وِجْهَةِ نَظَرٍ,from a perspective / from a point of view,N-Ẓ-R (ن ظ ر),ن.ظ.ر,,,,,3,multiword_no_single_root|phrase_has_single_root_claim
176,بِالمُقَابِلِ لِـ,in contrast to / compared with,Q-B-L (ق ب ل),ق.ب.ل,,,,,2,multiword_no_single_root|phrase_has_single_root_claim
177,فِي غُضُونِ,within / during the course of,GH-Ḍ-N (غ ض ن),غ.ض.ن,,,,,2,multiword_no_single_root|phrase_has_single_root_claim
178,بِفَضْلِ,thanks to / owing to,F-Ḍ-L (ف ض ل),ف.ض.ل,noun,فَضْل,ف.ض.ل,by;with+distinction;quality,1,
179,بِدُونِ جَدْوَى,in vain / to no avail,J-D-W (ج د و),ج.د.و,,,,,2,multiword_no_single_root|phrase_has_single_root_claim
180,بِأَيِّ حَالٍ مِنَ الأَحْوَالِ,in any case / by any means (often negative: by no means),Ḥ-W-L (ح و ل),ح.و.ل,,,,,4,multiword_no_single_root|phrase_has_single_root_claim
181,مِنْ نَاحِيَةٍ تَقْنِيَّةٍ,technically / from a technical standpoint,T-Q-N (ت ق ن),ت.ق.ن,,,,,3,multiword_no_single_root|phrase_has_single_root_claim
182,عَلَى حَدِّ قَوْلِهِ,according to him / as he said,Ḥ-D-D (ح د د),ح.د.د,,,,,3,multiword_no_single_root|phrase_has_single_root_claim
183,بِالمُقَابِلِ لِذَلِكَ,in return for that / in exchange for that,Q-B-L (ق ب ل),ق.ب.ل,,,,,2,multiword_no_single_root|phrase_has_single_root_claim
184,فِي المَقَامِ الأَوَّلِ,in the first place / primarily,Q-W-M (ق و م),ق.و.م,,,,,3,multiword_no_single_root|phrase_has_single_root_claim
185,بِمَا لَا يَدَعُ مَجَالاً لِلشَّكِّ,beyond any doubt / leaving no room for doubt,SH-K-K (ش ك ك),ش.ك.ك,,,,,5,multiword_no_single_root|phrase_has_single_root_claim
186,مِنْ حِينٍ لِآخَرَ,from time to time / now and then,M-R-R (م ر ر),م.ر.ر,,,,,3,duplicate_front|multiword_no_single_root|phrase_has_single_root_claim
187,بِغَرَضِ التَّحَقُّقِ,for the purpose of verification / to check,Ḥ-Q-Q (ح ق ق),ح.ق.ق,,,,,2,multiword_no_single_root|phrase_has_single_root_claim
188,عَلَى كَاهِلِهِ,on his shoulders / as his responsibility,K-H-L (ك ه ل),ك.ه.ل,,,,,2,multiword_no_single_root|phrase_has_single_root_claim
189,بِمَا يَتَمَاشَى مَعَ,in line with / consistent with,M-SH-Y (م ش ي),م.ش.ي,,,,,3,multiword_no_single_root|phrase_has_single_root_claim
190,بِلا اسْتِثْنَاءٍ,without exception,TH-N-Y (ث ن ي),ث.ن.ي,,,,,2,multiword_no_single_root|phrase_has_single_root_claim
191,مِنْ نَاحِيَةٍ جَوْهَرِيَّةٍ,essentially / fundamentally,J-W-H-R (ج و ه ر),ج.و.ه.ر,,,,,3,multiword_no_single_root|phrase_has_single_root_claim
192,فِي نِهَايَةِ الأَمْرِ,ultimately / in the end,N-H-Y (ن ه ي),ن.ه.ي,,,,,3,multiword_no_single_root|phrase_has_single_root_claim
193,بِغَضِّ النَّظَرِ عَنِ النَّتَائِجِ,regardless of the results,N-T-J (ن ت ج),ن.ت.ج,,,,,4,multiword_no_single_root|phrase_has_single_root_claim
194,عَلَى وَشْكِ,on the verge of / about to,W-SH-K (و ش ك),و.ش.ك,,,,,2,multiword_no_single_root|phrase_has_single_root_claim
195,بِمَحْضِ الصُّدْفَةِ,by pure chance / accidentally,Ṣ-D-F (ص د ف),ص.د.ف,,,,,2,multiword_no_single_root|phrase_has_single_root_claim
196,فِي حِينِ أَنَّ,while / whereas / at a time when,Ḥ-Y-N (ح ي ن),ح.ي.ن,,,,,3,multiword_no_single_root|phrase_has_single_root_claim
197,عَلَى مَدَى القَرْنِ,over the course of the century,Q-R-N (ق ر ن),ق.ر.ن,,,,,3,multiword_no_single_root|phrase_has_single_root_claim
198,بِغَرَضِ التَّجْرِبَةِ,for the purpose of experimentation / as a trial,J-R-B (ج ر ب),ج.ر.ب,,,,,2,duplicate_front|multiword_no_single_root|phrase_has_single_root_claim
199,فِي غَمْرَةِ الأَحْدَاثِ,in the midst of events / during the turmoil,GH-M-R (غ م ر),غ.م.ر,,,,,3,multiword_no_single_root|phrase_has_single_root_claim
200,بِمَا لَا يَقْبَلُ التَّأْوِيلَ,unambiguous / leaving no room for interpretation,ʾ-W-L (أ و ل),أ.و.ل,,,,,4,multiword_no_single_root|phrase_has_single_root_claim
201,مِنْ حِينٍ لِآخَرَ,from time to time / now and then,F-Y-N (ف ي ن),ف.ي.ن,,,,,3,duplicate_front|multiword_no_single_root|phrase_has_single_root_claim
202,مِنَ الصَّعْبِ تَصَدِّيقُهُ,hard to believe,Ṣ-D-Q (ص د ق),ص.د.ق,,,,,3,duplicate_front|multiword_no_single_root|phrase_has_single_root_claim
203,عَلَى نِطَاقٍ وَاسِعٍ,on a large scale / widespread,N-Ṭ-Q (ن ط ق),ن.ط.ق,,,,,3,multiword_no_single_root|phrase_has_single_root_claim
204,فِي هَذَا الشَّأْنِ,in this regard / regarding this matter,SH-ʾ-N (ش أ ن),ش.أ.ن,,,,,3,multiword_no_single_root|phrase_has_single_root_claim
205,بِدُونِ سَابِقِ إِنْذَارٍ,without prior warning / suddenly,N-DH-R (ن ذ ر),ن.ذ.ر,,,,,3,duplicate_front|multiword_no_single_root|phrase_has_single_root_claim
206,مِنْ نَاحِيَةٍ مَبْدَئِيَّةٍ,fundamentally / in principle,B-D-ʾ (ب د أ),ب.د.أ,,,,,3,duplicate_front|multiword_no_single_root|phrase_has_single_root_claim
207,فِي آخِرِ لَحْظَةٍ,at the last moment,L-Ḥ-Ẓ (ل ح ظ),ل.ح.ظ,,,,,3,multiword_no_single_root|phrase_has_single_root_claim
208,بِغَضِّ النَّظَرِ عَنِ الظُّرُوفِ,regardless of the circumstances,Ẓ-R-F (ظ ر ف),ظ.ر.ف,,,,,4,duplicate_front|multiword_no_single_root|phrase_has_single_root_claim
209,عَلَى حَافَّةِ,on the edge of / on the brink of,Ḥ-W-F (ح و ف),ح.و.ف,,,,,2,duplicate_front|multiword_no_single_root|phrase_has_single_root_claim
210,بِمَحْضِ إِرَادَتِهِ,of his own free will / voluntarily,R-W-D (ر و د),ر.و.د,,,,,2,multiword_no_single_root|phrase_has_single_root_claim
211,فِي حَالَةِ مَا إِذَا,in case / if it happens that,Ḥ-W-L (ح و ل),ح.و.ل,,,,,4,multiword_no_single_root|phrase_has_single_root_claim
212,فِي آخِرِ المَطَافِ,in the end / eventually,N-H-Y (ن ه ي),ن.ه.ي,,,,,3,duplicate_front|multiword_no_single_root|phrase_has_single_root_claim
213,بِمَا أَنَّنَا,since we / because we,B-M-A-ʾ-N (ب م ا أ ن),ب.م.ا.أ.ن,,,,,2,multiword_no_single_root|phrase_has_single_root_claim
214,مِنْ نَاحِيَةٍ عَمَلِيَّةٍ,practically / from a practical standpoint,ʿ-M-L (ع م ل),ع.م.ل,,,,,3,multiword_no_single_root|phrase_has_single_root_claim
215,بِغَرَضِ التَّطْوِيرِ,for the purpose of development / for improvement,Ṭ-W-R (ط و ر),ط.و.ر,,,,,2,duplicate_front|multiword_no_single_root|phrase_has_single_root_claim
216,عَلَى مَدَى الأَيَّامِ,over the days / day after day,Y-W-M (ي و م),ي.و.م,,,,,3,multiword_no_single_root|phrase_has_single_root_claim
217,بِمَا فِيهِ الكِفَايَةُ,sufficiently / enough,K-F-Y (ك ف ي),ك.ف.ي,,,,,3,multiword_no_single_root|phrase_has_single_root_claim
218,مِنْ قِبَلِ الجَمِيعِ,by everyone / on the part of all,J-M-ʿ (ج م ع),ج.م.ع,,,,,3,multiword_no_single_root|phrase_has_single_root_claim
219,بِالمُقَارَنَةِ مَعَ,compared with / in comparison to,Q-R-N (ق ر ن),ق.ر.ن,,,,,2,multiword_no_single_root|phrase_has_single_root_claim
220,بِدُونِ أَيِّ تَأْخِيرٍ,without any delay / promptly,ʾ-KH-R (أ خ ر),أ.خ.ر,,,,,3,multiword_no_single_root|phrase_has_single_root_claim
221,مِنْ نَاحِيَةٍ جُزْئِيَّةٍ,partially / from a partial standpoint,J-Z-ʾ (ج ز ء),ج.ز.ء,,,,,3,multiword_no_single_root|phrase_has_single_root_claim
222,عَلَى العُمُومِ,in general / generally speaking,ʿ-M-M (ع م م),ع.م.م,,,,,2,multiword_no_single_root|phrase_has_single_root_claim
223,فِي هَذَا السِّيَاقِ,in this context,S-W-Q (س و ق),س.و.ق,,,,,3,multiword_no_single_root|phrase_has_single_root_claim
224,بِدُونِ مُبَالَغَةٍ,without exaggeration / literally,B-L-GH (ب ل غ),ب.ل.غ,,,,,2,duplicate_front|multiword_no_single_root|phrase_has_single_root_claim
225,مِنْ حَيْثُ التَّكْلِفَةِ,in terms of cost / cost-wise,K-L-F (ك ل ف),ك.ل.ف,,,,,3,multiword_no_single_root|phrase_has_single_root_claim
226,فِي نِهَايَةِ المَطَافِ,in the end / after all,Ḥ-W-L (ح و ل),ح.و.ل,,,,,3,multiword_no_single_root|phrase_has_single_root_claim
227,عَلَى مَدَى الحَيَاةِ,lifelong / over a lifetime,Ḥ-Y-Y (ح ي ي),ح.ي.ي,,,,,3,multiword_no_single_root|phrase_has_single_root_claim
228,بِغَرَضِ الاطِّلاعِ,for information / for review,Ṭ-L-ʿ (ط ل ع),ط.ل.ع,,,,,2,multiword_no_single_root|phrase_has_single_root_claim
229,فِي المَقَامِ الثَّانِي,in the second place / secondly,Q-W-M (ق و م),ق.و.م,,,,,3,multiword_no_single_root|phrase_has_single_root_claim
230,بِمَا لَا يَدَعُ مَجَالاً لِلرَّيْبِ,beyond any suspicion / leaving no room for doubt,R-Y-B (ر ي ب),ر.ي.ب,,,,,5,multiword_no_single_root|phrase_has_single_root_claim
231,مِنْ وَقْتٍ لِآخَرَ,from time to time / occasionally,Ḥ-Y-N (ح ي ن),ح.ي.ن,,,,,3,duplicate_front|multiword_no_single_root|phrase_has_single_root_claim
232,مِنَ السَّهْلِ أَنْ,it is easy to,S-H-L (س ه ل),س.ه.ل,,,,,3,multiword_no_single_root|phrase_has_single_root_claim
233,عَلَى مَدَارِ السَّاعَةِ,around the clock / 24/7,S-W-ʿ (س و ع),س.و.ع,,,,,3,multiword_no_single_root|phrase_has_single_root_claim
234,فِي هَذَا الإِطَارِ,in this framework / within this context,ʾ-Ṭ-R (أ ط ر),أ.ط.ر,,,,,3,multiword_no_single_root|phrase_has_single_root_claim
235,بِدُونِ قَصْدٍ,unintentionally / accidentally,Q-Ṣ-D (ق ص د),ق.ص.د,,,,,2,multiword_no_single_root|phrase_has_single_root_claim
236,مِنْ نَاحِيَةٍ مَبْدَئِيَّةٍ,fundamentally / in principle,B-D-ʾ (ب د أ),ب.د.أ,,,,,3,duplicate_front|multiword_no_single_root|phrase_has_single_root_claim
237,فِي آخِرِ المَطَافِ,in the long run / eventually,B-ʿ-D (ب ع د),ب.ع.د,,,,,3,duplicate_front|multiword_no_single_root|phrase_has_single_root_claim
238,بِغَضِّ النَّظَرِ عَنِ العَوَاقِبِ,regardless of the consequences,ʿ-Q-B (ع ق ب),ع.ق.ب,,,,,4,multiword_no_single_root|phrase_has_single_root_claim
239,عَلَى شَفَا,on the brink of / on the edge of,SH-F-W (ش ف و),ش.ف.و,,,,,2,multiword_no_single_root|phrase_has_single_root_claim
240,بِمَحْضِ تَقْدِيرِهِ,at his absolute discretion / as he sees fit,Q-D-R (ق د ر),ق.د.ر,,,,,2,multiword_no_single_root|phrase_has_single_root_claim
241,فِي غُضُونِ ذَلِكَ,in the meantime / meanwhile,GH-Ḍ-N (غ ض ن),غ.ض.ن,,,,,3,multiword_no_single_root|phrase_has_single_root_claim
242,عَلَى كُلِّ المَسْتَوَيَاتِ,at all levels,S-T-Ḥ (س ط ح),س.ط.ح,,,,,3,multiword_no_single_root|phrase_has_single_root_claim
243,بِغَرَضِ الاِسْتِفَادَةِ,for the purpose of benefiting / to take advantage,F-Y-D (ف ي د),ف.ي.د,,,,,2,multiword_no_single_root|phrase_has_single_root_claim
244,فِي المَقَامِ الثَّالِثِ,in the third place / thirdly,Q-W-M (ق و م),ق.و.م,,,,,3,multiword_no_single_root|phrase_has_single_root_claim
245,بِمَا لَا يَدَعُ مَجَالاً لِلانْتِقَادِ,beyond reproach / leaving no room for criticism,N-Q-D (ن ق د),ن.ق.د,,,,,5,multiword_no_single_root|phrase_has_single_root_claim
246,مِنْ آوِنَةٍ لِأُخْرَى,from time to time / occasionally,F-T-R (ف ت ر),ف.ت.ر,,,,,3,duplicate_front|multiword_no_single_root|phrase_has_single_root_claim
247,مِنَ الصَّعْبِ تَجَاهُلُهُ,hard to ignore / noticeable,J-H-L (ج ه ل),ج.ه.ل,,,,,3,duplicate_front|multiword_no_single_root|phrase_has_single_root_claim
248,عَلَى نِطَاقٍ ضَيِّقٍ,on a small scale / limited,N-Ṭ-Q (ن ط ق),ن.ط.ق,,,,,3,multiword_no_single_root|phrase_has_single_root_claim
249,فِي هَذِهِ الحَالَةِ,in this case / in this situation,Ḥ-W-L (ح و ل),ح.و.ل,,,,,3,multiword_no_single_root|phrase_has_single_root_claim
250,بِدُونِ تَفْكِيرٍ,without thinking / instinctively / thoughtlessly,F-K-R (ف ك ر),ف.ك.ر,,,,,2,multiword_no_single_root|phrase_has_single_root_claim
251,مِنْ نَاحِيَةٍ اِقْتِصَادِيَّةٍ,economically / from an economic point of view,Q-Ṣ-D (ق ص د),ق.ص.د,,,,,3,multiword_no_single_root|phrase_has_single_root_claim
252,فِي المَدَى المَنْظُورِ,in the foreseeable future,N-Ẓ-R (ن ظ ر),ن.ظ.ر,,,,,3,multiword_no_single_root|phrase_has_single_root_claim
253,بِغَضِّ النَّظَرِ عَنِ التَّكَالِيفِ,regardless of the costs,K-L-F (ك ل ف),ك.ل.ف,,,,,4,multiword_no_single_root|phrase_has_single_root_claim
254,عَلَى مَقْرُبَةٍ مِنْ,near to / in the vicinity of,Q-R-B (ق ر ب),ق.ر.ب,,,,,3,multiword_no_single_root|phrase_has_single_root_claim
255,بِمَحْضِ تَقْدِيرِكَ,at your own discretion,Q-D-R (ق د ر),ق.د.ر,,,,,2,multiword_no_single_root|phrase_has_single_root_claim
256,فِي غَمْرَةِ الفَرَحِ,in the midst of joy / overwhelmed with joy,F-R-Ḥ (ف ر ح),ف.ر.ح,,,,,3,multiword_no_single_root|phrase_has_single_root_claim
257,عَلَى كُلِّ المَسَارَاتِ,on all tracks / in all directions,S-Y-R (س ي ر),س.ي.ر,,,,,3,multiword_no_single_root|phrase_has_single_root_claim
258,بِغَرَضِ التَّوْثِيقِ,for the purpose of documentation / to record,W-TH-Q (و ث ق),و.ث.ق,,,,,2,duplicate_front|multiword_no_single_root|phrase_has_single_root_claim
259,فِي المَقَامِ الرَّابِعِ,in the fourth place / fourthly,Q-W-M (ق و م),ق.و.م,,,,,3,multiword_no_single_root|phrase_has_single_root_claim
260,بِمَا لَا يَدَعُ مَجَالاً لِلخَطَأِ,foolproof / leaving no room for error,KH-Ṭ-ʾ (خ ط أ),خ.ط.أ,,,,,5,multiword_no_single_root|phrase_has_single_root_claim
261,مِنْ لَحْظَةٍ لِأُخْرَى,from one moment to another / imminently,L-Ḥ-Ẓ (ل ح ظ),ل.ح.ظ,,,,,3,duplicate_front|multiword_no_single_root|phrase_has_single_root_claim
262,مِنَ الصَّعْبِ نِكْرَانُهُ,undeniable / hard to deny,N-K-R (ن ك ر),ن.ك.ر,,,,,3,multiword_no_single_root|phrase_has_single_root_claim
263,عَلَى نِطَاقٍ عَالَمِيٍّ,on a global scale / worldwide,N-Ṭ-Q (ن ط ق),ن.ط.ق,,,,,3,multiword_no_single_root|phrase_has_single_root_claim
264,فِي هَذِهِ النُّقْطَةِ,at this point / on this matter,N-Q-Ṭ (ن ق ط),ن.ق.ط,,,,,3,multiword_no_single_root|phrase_has_single_root_claim
265,بِدُونِ تَرَدُّدٍ,without hesitation / unhesitatingly,R-D-D (ر د د),ر.د.د,,,,,2,duplicate_front|multiword_no_single_root|phrase_has_single_root_claim
266,مِنْ نَاحِيَةٍ اِجْتِمَاعِيَّةٍ,socially / from a social perspective,J-M-ʿ (ج م ع),ج.م.ع,,,,,3,duplicate_front|multiword_no_single_root|phrase_has_single_root_claim
267,فِي المَدَى المَتَوَسِّطِ,in the medium term,W-S-Ṭ (و س ط),و.س.ط,,,,,3,multiword_no_single_root|phrase_has_single_root_claim
268,بِغَضِّ النَّظَرِ عَنِ الاِخْتِلَافَاتِ,regardless of the differences,KH-L-F (خ ل ف),خ.ل.ف,,,,,4,multiword_no_single_root|phrase_has_single_root_claim
269,عَلَى مَقْرُبَةٍ مِنَ النِّهَايَةِ,close to the end / near completion,N-H-Y (ن ه ي),ن.ه.ي,,,,,4,multiword_no_single_root|phrase_has_single_root_claim
270,بِمَحْضِ رَغْبَتِهِ,of his own desire / voluntarily,R-GH-B (ر غ ب),ر.غ.ب,,,,,2,multiword_no_single_root|phrase_has_single_root_claim
271,فِي حَالِ حُدُوثِ خَطَأٍ,in the event of an error / if something goes wrong,Ḥ-D-TH (ح د ث),ح.د.ث,,,,,4,multiword_no_single_root|phrase_has_single_root_claim
272,عَلَى كُلِّ الأَصْعِدَةِ,on all levels / in all fields,Ṣ-ʿ-D (ص ع د),ص.ع.د,,,,,3,multiword_no_single_root|phrase_has_single_root_claim
273,بِغَرَضِ الاِسْتِكْشَافِ,for the purpose of exploration / to explore,K-SH-F (ك ش ف),ك.ش.ف,,,,,2,multiword_no_single_root|phrase_has_single_root_claim
274,فِي المَقَامِ الخَامِسِ,in the fifth place / fifthly,Q-W-M (ق و م),ق.و.م,,,,,3,multiword_no_single_root|phrase_has_single_root_claim
275,بِمَا لَا يَدَعُ مَجَالاً لِلتَّسَاؤُلِ,unquestionable / leaving no room for questioning,S-ʾ-L (س أ ل),س.أ.ل,,,,,5,multiword_no_single_root|phrase_has_single_root_claim
276,مِنْ فَتْرَةٍ لِأُخْرَى,from time to time / periodically,F-T-R (ف ت ر),ف.ت.ر,,,,,3,multiword_no_single_root|phrase_has_single_root_claim
277,مِنَ الصَّعْبِ تَجَنُّبُهُ,hard to avoid / inevitable,J-N-B (ج ن ب),ج.ن.ب,,,,,3,multiword_no_single_root|phrase_has_single_root_claim
278,عَلَى نِطَاقٍ مَحَلِّيٍّ,on a local scale / locally,Ḥ-L-L (ح ل ل),ح.ل.ل,,,,,3,multiword_no_single_root|phrase_has_single_root_claim
279,فِي هَذِهِ المَرْحَلَةِ,at this stage / at this phase,R-Ḥ-L (ر ح ل),ر.ح.ل,,,,,3,multiword_no_single_root|phrase_has_single_root_claim
280,بِدُونِ تَأَخُّرٍ,without delay / immediately,ʾ-KH-R (أ خ ر),أ.خ.ر,,,,,2,multiword_no_single_root|phrase_has_single_root_claim
281,مِنْ نَاحِيَةٍ تَعْلِيمِيَّةٍ,educationally / from an educational perspective,ʿ-L-M (ع ل م),ع.ل.م,,,,,3,multiword_no_single_root|phrase_has_single_root_claim
282,فِي المَدَى البَعِيدِ,in the long run / in the long term,B-ʿ-D (ب ع د),ب.ع.د,,,,,3,multiword_no_single_root|phrase_has_single_root_claim
283,بِغَضِّ النَّظَرِ عَنِ المَوْقِفِ,regardless of the situation,W-Q-F (و ق ف),و.ق.ف,,,,,4,multiword_no_single_root|phrase_has_single_root_claim
284,عَلَى قَدَمِ المُسَاوَاةِ,on equal footing / as equals,S-W-Y (س و ی),س.و,,,,,3,multiword_no_single_root|phrase_has_single_root_claim
285,بِمَحْضِ اِخْتِيَارِهِ,of his own choice / by his own selection,KH-Y-R (خ ي ر),خ.ي.ر,,,,,2,multiword_no_single_root|phrase_has_single_root_claim
286,فِي ظِلِّ الظُّرُوفِ الرَّاهِنَةِ,under the current circumstances / given the present situation,Ẓ-R-F (ظ ر ف),ظ.ر.ف,,,,,4,multiword_no_single_root|phrase_has_single_root_claim
287,عَلَى حَدِّ عِلْمِي,to the best of my knowledge / as far as I know,ʿ-L-M (ع ل م),ع.ل.م,,,,,3,multiword_no_single_root|phrase_has_single_root_claim
288,بِغَرَضِ التَّدْرِيبِ,for the purpose of training / for practice,D-R-B (د ر ب),د.ر.ب,,,,,2,duplicate_front|multiword_no_single_root|phrase_has_single_root_claim
289,فِي المَقَامِ السَّادِسِ,in the sixth place / sixthly,Q-W-M (ق و م),ق.و.م,,,,,3,multiword_no_single_root|phrase_has_single_root_claim
290,بِمَا لَا يَدَعُ مَجَالاً لِلخَوْفِ,leaving no room for fear / reassuringly,KH-W-F (خ و ف),خ.و.ف,,,,,5,multiword_no_single_root|phrase_has_single_root_claim
291,مِنْ وَقْتٍ لِآخَرَ,from time to time / occasionally,Ḥ-Y-N (ح ي ن),ح.ي.ن,,,,,3,duplicate_front|multiword_no_single_root|phrase_has_single_root_claim
292,مِنَ الصَّعْبِ الوُصُولُ إِلَيْهِ,hard to reach / inaccessible,W-Ṣ-L (و ص ل),و.ص.ل,,,,,4,multiword_no_single_root|phrase_has_single_root_claim
293,عَلَى نِطَاقٍ وَطَنِيٍّ,on a national scale / nationwide,W-Ṭ-N (و ط ن),و.ط.ن,,,,,3,multiword_no_single_root|phrase_has_single_root_claim
294,فِي هَذَا المَوْقِفِ,in this situation / in this predicament,W-Q-F (و ق ف),و.ق.ف,,,,,3,multiword_no_single_root|phrase_has_single_root_claim
295,بِدُونِ عِلْمِي,without my knowledge / behind my back,ʿ-L-M (ع ل م),ع.ل.م,,,,,2,multiword_no_single_root|phrase_has_single_root_claim
296,مِنْ نَاحِيَةٍ سِيَاسِيَّةٍ,politically / from a political point of view,S-W-S (س و س),س.و.س,,,,,3,multiword_no_single_root|phrase_has_single_root_claim
297,فِي المَدَى القَرِيبِ,in the short term / in the near future,Q-R-B (ق ر ب),ق.ر.ب,,,,,3,multiword_no_single_root|phrase_has_single_root_claim
298,بِغَضِّ النَّظَرِ عَنِ العُمْرِ,regardless of age,ʿ-M-R (ع م ر),ع.م.ر,,,,,4,multiword_no_single_root|phrase_has_single_root_claim
299,عَلَى رَأْسِ,at the head of / in charge of / at the top of,R-ʾ-S (ر أ س),ر.أ.س,,,,,2,multiword_no_single_root|phrase_has_single_root_claim
300,بِمَحْضِ تَقْدِيرِ الإِدَارَةِ,at the sole discretion of the management,D-W-R (د و ر),د.و.ر,,,,,3,duplicate_front|multiword_no_single_root|phrase_has_single_root_claim
301,فِي المَحَصِّلَةِ النِّهَائِيَّةِ,in the final analysis / ultimately,Ḥ-Ṣ-L (ح ص ل),ح.ص.ل,,,,,3,multiword_no_single_root|phrase_has_single_root_claim
302,عَلَى مَدَارِ السَّنَةِ,year-round / throughout the year,S-N-W (س ن و),س.ن.و,,,,,3,multiword_no_single_root|phrase_has_single_root_claim
303,بِغَرَضِ التَّسْلِيَةِ,for the purpose of entertainment / for fun,S-L-W (س ل و),س.ل.و,,,,,2,multiword_no_single_root|phrase_has_single_root_claim
304,فِي المَقَامِ السَّابِعِ,in the seventh place / seventhly,Q-W-M (ق و م),ق.و.م,,,,,3,multiword_no_single_root|phrase_has_single_root_claim
305,بِمَا لَا يَدَعُ مَجَالاً لِلاحْتِجَاجِ,indisputable / leaving no room for protest,Ḥ-J-J (ح ج ج),ح.ج.ج,,,,,5,duplicate_front|multiword_no_single_root|phrase_has_single_root_claim
306,مِنْ حِينٍ لِآخَرَ,from time to time / now and then,Ḥ-Y-N (ح ي ن),ح.ي.ن,,,,,3,duplicate_front|multiword_no_single_root|phrase_has_single_root_claim
307,مِنَ الصَّعْبِ تَحَمُّلُهُ,hard to bear / unbearable,Ḥ-M-L (ح م ل),ح.م.ل,,,,,3,duplicate_front|multiword_no_single_root|phrase_has_single_root_claim
308,عَلَى نِطَاقٍ إِقْلِيمِيٍّ,on a regional scale / regionally,Q-L-M (ق ل م),ق.ل.م,,,,,3,multiword_no_single_root|phrase_has_single_root_claim
309,فِي هَذَا المَجَالِ,in this field / in this area of expertise,J-W-L (ج و ل),ج.و.ل,,,,,3,multiword_no_single_root|phrase_has_single_root_claim
310,بِدُونِ مُقَابِلٍ,for free / without return / without payment,Q-B-L (ق ب ل),ق.ب.ل,,,,,2,duplicate_front|multiword_no_single_root|phrase_has_single_root_claim
311,مِنْ نَاحِيَةٍ ثَقَافِيَّةٍ,culturally / from a cultural perspective,TH-Q-F (ث ق ف),ث.ق.ف,,,,,3,multiword_no_single_root|phrase_has_single_root_claim
312,فِي المَدَى المَتَوَسِّطِ وَالبَعِيدِ,in the medium and long term,W-S-Ṭ-B-ʿ-D (و س ط ب ع د),و.س.ط.ب.ع.د,,,,,4,multiword_no_single_root|phrase_has_single_root_claim
313,بِغَضِّ النَّظَرِ عَنِ الجِنْسِيَّةِ,regardless of nationality,J-N-S (ج ن س),ج.ن.س,,,,,4,duplicate_front|multiword_no_single_root|phrase_has_single_root_claim
314,عَلَى مَتْنِ,"on board (a ship, plane, or train)",M-T-N (م ت ن),م.ت.ن,,,,,2,multiword_no_single_root|phrase_has_single_root_claim
315,بِمَحْضِ صُدْفَةٍ بَحْتَةٍ,by absolute pure chance,Ṣ-D-F-B-Ḥ-TH (ص د ف ب ح ث),ص.د.ف.ب.ح.ث,,,,,3,multiword_no_single_root|phrase_has_single_root_claim
316,فِي حَالِ وُجُودِ شَكٍّ,in case of doubt / if you have any doubts,SH-K-K (ش ك ك),ش.ك.ك,,,,,4,multiword_no_single_root|phrase_has_single_root_claim
317,عَلَى مَدَى العُقُودِ,over the decades,ʿ-Q-D (ع ق د),ع.ق.د,,,,,3,multiword_no_single_root|phrase_has_single_root_claim
318,بِغَرَضِ التَّوَافُقِ,for the purpose of consensus / for compatibility,W-F-Q (و ف ق),و.ف.ق,,,,,2,multiword_no_single_root|phrase_has_single_root_claim
319,فِي المَقَامِ الثَّامِنِ,in the eighth place / eighthly,Q-W-M (ق و م),ق.و.م,,,,,3,multiword_no_single_root|phrase_has_single_root_claim
320,بِمَا لَا يَدَعُ مَجَالاً لِلشُّكُوكِ,beyond suspicion / leaving no room for doubts,SH-K-K (ش ك ك),ش.ك.ك,,,,,5,multiword_no_single_root|phrase_has_single_root_claim
321,مِنْ آوِنَةٍ لِأُخْرَى,from time to time / now and then,B-ʿ-D (ب ع د),ب.ع.د,,,,,3,duplicate_front|multiword_no_single_root|phrase_has_single_root_claim
322,مِنَ الصَّعْبِ تَفَادِيهِ,hard to avoid / difficult to escape,F-D-Y (ف د ي),ف.د.ي,,,,,3,duplicate_front|multiword_no_single_root|phrase_has_single_root_claim
323,عَلَى نِطَاقٍ قَارِّيٍّ,on a continental scale,Q-R-R (ق ر ر),ق.ر.ر,,,,,3,multiword_no_single_root|phrase_has_single_root_claim
324,فِي هَذَا الإِطَارِ الزَّمَنِيِّ,in this timeframe / within this period,Z-M-N (ز م ن),ز.م.ن,,,,,4,multiword_no_single_root|phrase_has_single_root_claim
325,بِدُونِ تَحَفُّظٍ,without reservation / unreservedly / wholeheartedly,Ḥ-F-Ẓ (ح ف ظ),ح.ف.ظ,,,,,2,multiword_no_single_root|phrase_has_single_root_claim
326,مِنْ نَاحِيَةٍ تَنْظِيمِيَّةٍ,organizationally / from an administrative perspective,N-Ẓ-M (ن ظ م),ن.ظ.م,,,,,3,duplicate_front|multiword_no_single_root|phrase_has_single_root_claim
327,فِي المَدَى المَنْظُورِ جِدًّا,in the very near future / imminently,N-Ẓ-R (ن ظ ر),ن.ظ.ر,,,,,4,multiword_no_single_root|phrase_has_single_root_claim
328,بِغَضِّ النَّظَرِ عَنِ الاِنْتِمَاءِ,regardless of affiliation / regardless of belonging,N-M-Y (ن م ي),ن.م.ي,,,,,4,multiword_no_single_root|phrase_has_single_root_claim
329,عَلَى نَحْوٍ مُتَزَايِدٍ,increasingly / more and more,Z-Y-D (ز ي د),ز.ي.د,,,,,3,multiword_no_single_root|phrase_has_single_root_claim
330,بِمَحْضِ تَقْدِيرِ القَاضِي,at the judge's sole discretion,Q-Ḍ-Y (ق ض ي),ق.ض.ي,,,,,3,multiword_no_single_root|phrase_has_single_root_claim
331,فِي حَالِ تَعَذُّرِ الوُصُولِ,in case of inability to reach / if unreachable,ʿ-DH-R (ع ذ ر),ع.ذ.ر,,,,,4,multiword_no_single_root|phrase_has_single_root_claim
332,عَلَى مَدَى القُرُونِ,over the centuries,Q-R-N (ق ر ن),ق.ر.ن,,,,,3,multiword_no_single_root|phrase_has_single_root_claim
333,بِغَرَضِ التَّجْرِبَةِ,for the purpose of experimentation / for a trial,J-R-B (ج ر ب),ج.ر.ب,,,,,2,duplicate_front|multiword_no_single_root|phrase_has_single_root_claim
334,فِي المَقَامِ التَّاسِعِ,in the ninth place / ninthly,Q-W-M (ق و م),ق.و.م,,,,,3,multiword_no_single_root|phrase_has_single_root_claim
335,بِمَا لَا يَدَعُ مَجَالاً لِلنِّقَاشِ,non-negotiable / leaving no room for discussion,N-Q-SH (ن ق ش),ن.ق.ش,,,,,5,multiword_no_single_root|phrase_has_single_root_claim
336,مِنْ فَتْرَةٍ قَصِيرَةٍ,a short while ago / recently,Q-Ṣ-R (ق ص ر),ق.ص.ر,,,,,3,multiword_no_single_root|phrase_has_single_root_claim
337,مِنَ الصَّعْبِ تَصْدِيقُهُ,hard to believe / incredible,Ṣ-D-Q (ص د ق),ص.د.ق,,,,,3,duplicate_front|multiword_no_single_root|phrase_has_single_root_claim|example_pronoun_gender_mismatch
338,عَلَى نِطَاقٍ بِيئِيٍّ,on an environmental scale / ecologically,B-W-ʾ (ب و أ),ب.و.أ,,,,,3,multiword_no_single_root|phrase_has_single_root_claim
339,فِي هَذَا الظَّرْفِ الصَّعْبِ,in this difficult circumstance / in this predicament,Ẓ-R-F (ظ ر ف),ظ.ر.ف,,,,,4,multiword_no_single_root|phrase_has_single_root_claim
340,بِدُونِ مُبَالغَةٍ,without exaggeration / literally,B-L-GH (ب ل غ),ب.ل.غ,,,,,2,duplicate_front|multiword_no_single_root|phrase_has_single_root_claim
341,مِنْ نَاحِيَةٍ فَنِّيَّةٍ,technically / from a technical perspective,F-N-N (ف ن ن),ف.ن.ن,,,,,3,multiword_no_single_root|phrase_has_single_root_claim
342,فِي المَدَى المَنْظُورِ القَرِيبِ,in the very near future,N-Ẓ-R-Q-R-B (ن ظ ر ق ر ب),ن.ظ.ر.ق.ر.ب,,,,,4,multiword_no_single_root|phrase_has_single_root_claim
343,بِغَضِّ النَّظَرِ عَنِ التَّوَجُّهِ,regardless of orientation / regardless of direction,W-J-H (و ج ه),و.ج.ه,,,,,4,multiword_no_single_root|phrase_has_single_root_claim
344,عَلَى نَحْوٍ تَدْرِيجِيٍّ,gradually / step by step,D-R-J (د ر ج),د.ر.ج,,,,,3,multiword_no_single_root|phrase_has_single_root_claim
345,بِمَحْضِ تَقْدِيرِ الخَبِيرِ,at the expert's sole discretion,KH-B-R (خ ب ر),خ.ب.ر,,,,,3,multiword_no_single_root|phrase_has_single_root_claim
346,فِي حَالِ طَلَبِ المَزِيدِ,in case more is requested / if more is needed,Ṭ-L-B (ط ل ب),ط.ل.ب,,,,,4,multiword_no_single_root|phrase_has_single_root_claim
347,عَلَى مَدَى الجِيالِ,over the generations,J-Y-L (ج ي ل),ج.ي.ل,,,,,3,multiword_no_single_root|phrase_has_single_root_claim
348,بِغَرَضِ التَّطْوِيرِ,for the purpose of development / for improvement,Ṭ-W-R (ط و ر),ط.و.ر,,,,,2,duplicate_front|multiword_no_single_root|phrase_has_single_root_claim
349,فِي المَقَامِ العَاشِرِ,in the tenth place / tenthly,Q-W-M (ق و م),ق.و.م,,,,,3,multiword_no_single_root|phrase_has_single_root_claim
350,بِمَا لَا يَدَعُ مَجَالاً لِلانْفِصَالِ,inseparable / leaving no room for separation,F-Ṣ-L (ف ص ل),ف.ص.ل,,,,,5,duplicate_front|multiword_no_single_root|phrase_has_single_root_claim
351,مِنْ لَحْظَةٍ لِأُخْرَى,at any moment / momentarily,L-Ḥ-Ẓ (ل ح ظ),ل.ح.ظ,,,,,3,duplicate_front|multiword_no_single_root|phrase_has_single_root_claim
352,مِنَ الصَّعْبِ تَخَيُّلُهُ,hard to imagine / inconceivable,KH-Y-L (خ ي ل),خ.ي.ل,,,,,3,multiword_no_single_root|phrase_has_single_root_claim
353,عَلَى نِطَاقٍ حَضَرِيٍّ,on an urban scale / city-wide,Ḥ-Ḍ-R (ح ض ر),ح.ض.ر,,,,,3,multiword_no_single_root|phrase_has_single_root_claim
354,فِي هَذَا الوَضْعِ الرَّاهِنِ,in this current situation / in the status quo,W-Ḍ-ʿ (و ض ع),و.ض.ع,,,,,4,multiword_no_single_root|phrase_has_single_root_claim
355,بِدُونِ تَمْيِيزٍ,without discrimination / indiscriminately / equally,M-Y-Z (م ي ز),م.ي.ز,,,,,2,multiword_no_single_root|phrase_has_single_root_claim
356,مِنْ نَاحِيَةٍ تِجَارِيَّةٍ,commercially / from a commercial perspective,T-J-R (ت ج ر),ت.ج.ر,,,,,3,multiword_no_single_root|phrase_has_single_root_claim
357,فِي المَدَى المَنْظُورِ المُسْتَقْبَلِيِّ,in the foreseeable future,N-Ẓ-R-Q-B-L (ن ظ ر ق ب ل),ن.ظ.ر.ق.ب.ل,,,,,4,multiword_no_single_root|phrase_has_single_root_claim
358,بِغَضِّ النَّظَرِ عَنِ الدِّينِ,regardless of religion,D-Y-N (د ي ن),د.ي.ن,,,,,4,multiword_no_single_root|phrase_has_single_root_claim
359,عَلَى مَقْرُبَةٍ مِنَ التَّحَقُّقِ,close to being realized / near fulfillment,Ḥ-Q-Q (ح ق ق),ح.ق.ق,,,,,4,multiword_no_single_root|phrase_has_single_root_claim
360,بِمَحْضِ تَقْدِيرِ الجُمْهُورِ,at the public's sole discretion / up to the audience,J-M-H-R (ج م ه ر),ج.م.ه.ر,,,,,3,multiword_no_single_root|phrase_has_single_root_claim
361,فِي حَالِ تَغَيُّرِ الخُطَّةِ,in case the plan changes / if the plan is modified,GH-Y-R (غ ي ر),غ.ي.ر,,,,,4,multiword_no_single_root|phrase_has_single_root_claim
362,عَلَى مَدَى الحَيَاةِ الزَّوْجِيَّةِ,over the course of married life,Z-W-J (ز و ج),ز.و.ج,,,,,4,multiword_no_single_root|phrase_has_single_root_claim
363,بِغَرَضِ التَّوْضِيحِ,for the purpose of clarification / to make clear,W-Ḍ-Ḥ (و ض ح),و.ض.ح,,,,,2,duplicate_front|multiword_no_single_root|phrase_has_single_root_claim
364,فِي المَقَامِ الحَادِي عَشَرَ,in the eleventh place / eleventhly,Q-W-M (ق و م),ق.و.م,,,,,4,multiword_no_single_root|phrase_has_single_root_claim
365,بِمَا لَا يَدَعُ مَجَالاً لِلنِّسْيَانِ,unforgettable / leaving no room for forgetting,N-S-Y (ن س ي),ن.س.ي,,,,,5,multiword_no_single_root|phrase_has_single_root_claim
366,مِنْ لَحْظَتِهَا,from that moment / instantly,L-Ḥ-Ẓ (ل ح ظ),ل.ح.ظ,,,,,2,multiword_no_single_root|phrase_has_single_root_claim
367,مِنَ الصَّعْبِ تَحْدِيدُهُ,hard to define / difficult to specify,Ḥ-D-D (ح د د),ح.د.د,,,,,3,multiword_no_single_root|phrase_has_single_root_claim
368,عَلَى نِطَاقٍ مِهَنِيٍّ,on a professional scale / professionally,M-H-N (م ه ن),م.ه.ن,,,,,3,multiword_no_single_root|phrase_has_single_root_claim
369,فِي هَذِهِ الأَزْمَةِ,in this crisis / during this emergency,ʾ-Z-M (أ ز م),أ.ز.م,,,,,3,multiword_no_single_root|phrase_has_single_root_claim
370,بِدُونِ مُنَازِعٍ,undisputed / without a rival / unrivaled,N-Z-ʿ (ن ز ع),ن.ز.ع,,,,,2,multiword_no_single_root|phrase_has_single_root_claim
371,مِنْ نَاحِيَةٍ قَانُونِيَّةٍ,legally / from a legal perspective,Q-N-N (ق ن ن),ق.ن.ن,,,,,3,multiword_no_single_root|phrase_has_single_root_claim
372,فِي المَدَى المَنْظُورِ القَرِيبِ جِدًّا,in the very immediate future,N-Ẓ-R-Q-R-B (ن ظ ر ق ر ب),ن.ظ.ر.ق.ر.ب,,,,,5,multiword_no_single_root|phrase_has_single_root_claim
373,بِغَضِّ النَّظَرِ عَنِ المَنْصِبِ,regardless of position / regardless of rank,N-Ṣ-B (ن ص ب),ن.ص.ب,,,,,4,multiword_no_single_root|phrase_has_single_root_claim
374,عَلَى نَحْوٍ مُفَاجِئٍ,suddenly / unexpectedly,F-J-ʾ (ف ج أ),ف.ج.أ,,,,,3,multiword_no_single_root|phrase_has_single_root_claim
375,بِمَحْضِ تَقْدِيرِ السُّلُطَاتِ,at the sole discretion of the authorities,S-L-Ṭ (س ل ط),س.ل.ط,,,,,3,multiword_no_single_root|phrase_has_single_root_claim
376,فِي حَالِ وُقُوعِ ضَرَرٍ,in the event of damage / if harm occurs,Ḍ-R-R (ض ر ر),ض.ر.ر,,,,,4,multiword_no_single_root|phrase_has_single_root_claim
377,عَلَى مَدَى أَيَّامٍ مُتَتَالِيَةٍ,over consecutive days,T-L-W (ت ل و),ت.ل.و,,,,,4,multiword_no_single_root|phrase_has_single_root_claim
378,بِغَرَضِ التَّحَرِّي,for the purpose of investigation / to investigate,Ḥ-R-Y (ح ر ي),ح.ر.ي,,,,,2,multiword_no_single_root|phrase_has_single_root_claim
379,فِي المَقَامِ الثَّانِي عَشَرَ,in the twelfth place / twelfthly,Q-W-M (ق و م),ق.و.م,,,,,4,multiword_no_single_root|phrase_has_single_root_claim
380,بِمَا لَا يَدَعُ مَجَالاً لِلشَّكْوَى,perfect / leaving no room for complaint,SH-K-W (ش ك و),ش.ك.و,,,,,5,multiword_no_single_root|phrase_has_single_root_claim
381,مِنْ قُبَيْلِ,such as / like / in the nature of,Q-B-L (ق ب ل),ق.ب.ل,,,,,2,multiword_no_single_root|phrase_has_single_root_claim
382,مِنَ الصَّعْبِ تَبْرِيرُهُ,hard to justify / inexcusable,B-R-R (ب ر ر),ب.ر.ر,,,,,3,multiword_no_single_root|phrase_has_single_root_claim
383,عَلَى نِطَاقٍ سِيَاحِيٍّ,on a tourism scale / for tourism purposes,S-Y-Ḥ (س ي ح),س.ي.ح,,,,,3,multiword_no_single_root|phrase_has_single_root_claim
384,فِي هَذَا الظَّرْفِ الاسْتِثْنَائِيِّ,in this exceptional circumstance / in this unique situation,TH-N-Y (ث ن ي),ث.ن.ي,,,,,4,multiword_no_single_root|phrase_has_single_root_claim
385,بِدُونِ تَفَاصِيلَ,without details / briefly,F-Ṣ-L (ف ص ل),ف.ص.ل,,,,,2,multiword_no_single_root|phrase_has_single_root_claim
386,مِنْ نَاحِيَةٍ تَنْظِيرِيَّةٍ,theoretically / from a theoretical perspective,N-Ẓ-R (ن ظ ر),ن.ظ.ر,,,,,3,multiword_no_single_root|phrase_has_single_root_claim
387,فِي المَدَى المَنْظُورِ المُتَوَقَّعِ,in the expected foreseeable future,N-Ẓ-R-W-Q-ʿ (ن ظ ر و ق ع),ن.ظ.ر.و.ق.ع,,,,,4,multiword_no_single_root|phrase_has_single_root_claim
388,بِغَضِّ النَّظَرِ عَنِ المَاضِي,regardless of the past,M-Ḍ-Y (م ض ي),م.ض.ي,,,,,4,multiword_no_single_root|phrase_has_single_root_claim
389,عَلَى حَافَّةِ,on the edge of / on the brink of,Ḥ-W-F (ح و ف),ح.و.ف,,,,,2,duplicate_front|multiword_no_single_root|phrase_has_single_root_claim
390,بِمَحْضِ تَقْدِيرِكَ الشَّخْصِيِّ,at your own personal discretion,SH-KH-Ṣ (ش خ ص),ش.خ.ص,,,,,3,multiword_no_single_root|phrase_has_single_root_claim
391,فِي حَالِ طُلِبَ مِنْكَ ذَلِكَ,if you are asked to do so,Ṭ-L-B (ط ل ب),ط.ل.ب,,,,,5,multiword_no_single_root|phrase_has_single_root_claim
392,عَلَى مَدَى أَسَابِيعَ قَلِيلَةٍ,over a few weeks,S-B-ʿ (س ب ع),س.ب.ع,,,,,4,multiword_no_single_root|phrase_has_single_root_claim
393,بِغَرَضِ التَّأَكُّدِ,for the purpose of making sure / to confirm,ʾ-K-D (أ ك د),أ.ك.د,,,,,2,multiword_no_single_root|phrase_has_single_root_claim
394,فِي المَقَامِ الثَّالِثِ عَشَرَ,in the thirteenth place / thirteenthly,Q-W-M (ق و م),ق.و.م,,,,,4,multiword_no_single_root|phrase_has_single_root_claim
395,بِمَا لَا يَدَعُ مَجَالاً لِلخَسَارَةِ,foolproof / zero-risk / leaving no room for loss,KH-S-R (خ س ر),خ.س.ر,,,,,5,multiword_no_single_root|phrase_has_single_root_claim
396,مِنْ قُبَيْلِ المِصَادَفَةِ,by way of coincidence / coincidentally,Ṣ-D-F (ص د ف),ص.د.ف,,,,,3,multiword_no_single_root|phrase_has_single_root_claim
397,مِنَ الصَّعْبِ نَقْدُهُ,hard to criticize / beyond reproach,N-Q-D (ن ق د),ن.ق.د,,,,,3,multiword_no_single_root|phrase_has_single_root_claim
398,عَلَى نِطَاقٍ تِكْنُولُوجِيٍّ,on a technological scale / technologically,T-K-N-L-W-J (ت ك ن ل و ج),ت.ك.ن.ل.و.ج,,,,,3,multiword_no_single_root|phrase_has_single_root_claim
399,فِي هَذِهِ الظُّرُوفِ القَاسِيَةِ,in these harsh conditions / in this severe situation,Q-S-W (ق س و),ق.س.و,,,,,4,multiword_no_single_root|phrase_has_single_root_claim
400,بِدُونِ قَيْدٍ أَوْ شَرْطٍ,unconditionally / without strings attached,Q-Y-D-SH-R-Ṭ (ق ي د ش ر ط),ق.ي.د.ش.ر.ط,,,,,4,multiword_no_single_root|phrase_has_single_root_claim
401,مِنْ نَاحِيَةٍ جَمَالِيَّةٍ,aesthetically / from an aesthetic point of view,J-M-L (ج م ل),ج.م.ل,,,,,3,multiword_no_single_root|phrase_has_single_root_claim
402,فِي المَدَى المَنْظُورِ البَعِيدِ,in the long-term foreseeable future,N-Ẓ-R-B-ʿ-D (ن ظ ر ب ع د),ن.ظ.ر.ب.ع.د,,,,,4,multiword_no_single_root|phrase_has_single_root_claim
403,بِغَضِّ النَّظَرِ عَنِ الظُّرُوفِ,regardless of the circumstances,Ẓ-R-F (ظ ر ف),ظ.ر.ف,,,,,4,duplicate_front|multiword_no_single_root|phrase_has_single_root_claim
404,عَلَى وَشْكِ الاِنْتِهَاءِ,on the verge of finishing / nearly done,W-SH-K-N-H-Y (و ش ک ن ہ ی),و.ش.ن,,,,,3,multiword_no_single_root|phrase_has_single_root_claim
405,بِمَحْضِ تَقْدِيرِ لَجْنَةِ التَّحْكِيمِ,at the sole discretion of the jury / judging panel,Ḥ-K-M (ح ک م),ح.م,,,,,4,multiword_no_single_root|phrase_has_single_root_claim
406,فِي حَالِ حُدُوثِ خِلافٍ,in the event of a dispute / if a disagreement occurs,KH-L-F (خ ل ف),خ.ل.ف,,,,,4,multiword_no_single_root|phrase_has_single_root_claim
407,عَلَى مَدَى الحَيَاةِ العَمَلِيَّةِ,over the course of professional life,ʿ-M-L (ع م ل),ع.م.ل,,,,,4,multiword_no_single_root|phrase_has_single_root_claim
408,بِغَرَضِ التَّرْقِيَةِ,for the purpose of promotion / for advancement,R-Q-Y (ر ق ي),ر.ق.ي,,,,,2,multiword_no_single_root|phrase_has_single_root_claim
409,فِي المَقَامِ الرَّابِعَ عَشَرَ,in the fourteenth place / fourteenthly,Q-W-M (ق و م),ق.و.م,,,,,4,multiword_no_single_root|phrase_has_single_root_claim
410,بِمَا لَا يَدَعُ مَجَالاً لِلاحْتِيَالِ,secure / tamper-proof / leaving no room for fraud,Ḥ-Y-L (ح ي ل),ح.ي.ل,,,,,5,multiword_no_single_root|phrase_has_single_root_claim
411,مِنْ قُبَيْلِ الفُضُولِ,out of curiosity / just to know,F-Ḍ-L (ف ض ل),ف.ض.ل,,,,,3,multiword_no_single_root|phrase_has_single_root_claim
412,مِنَ الصَّعْبِ تَجَاوُزُهُ,hard to overcome / difficult to surpass,J-W-Z (ج و ز),ج.و.ز,,,,,3,duplicate_front|multiword_no_single_root|phrase_has_single_root_claim
413,عَلَى نِطَاقٍ تَعْلِيمِيٍّ بَحْتٍ,on a purely educational scale,ʿ-L-M-B-Ḥ-TH (ع ل م ب ح ث),ع.ل.م.ب.ح.ث,,,,,4,multiword_no_single_root|phrase_has_single_root_claim
414,فِي هَذِهِ المَرْحَلَةِ الحَرِجَةِ,at this critical stage / at this turning point,Ḥ-R-J (ح ر ج),ح.ر.ج,,,,,4,multiword_no_single_root|phrase_has_single_root_claim
415,بِدُونِ سَابِقِ إِنْذَارٍ,without prior warning / out of the blue,N-DH-R (ن ذ ر),ن.ذ.ر,,,,,3,duplicate_front|multiword_no_single_root|phrase_has_single_root_claim
416,مِنْ نَاحِيَةٍ تَنْفِيذِيَّةٍ,operationally / from an executive perspective,N-F-DH (ن ف ذ),ن.ف.ذ,,,,,3,multiword_no_single_root|phrase_has_single_root_claim
417,فِي المَدَى المَنْظُورِ القَرِيبِ لِلْغَايَةِ,in the extremely immediate future,N-Ẓ-R-Q-R-B (ن ظ ر ق ر ب),ن.ظ.ر.ق.ر.ب,,,,,5,multiword_no_single_root|phrase_has_single_root_claim
418,بِغَضِّ النَّظَرِ عَنِ التَّكَالِيفِ المَالِيَّةِ,regardless of the financial costs,M-W-L (م و ل),م.و.ل,,,,,5,multiword_no_single_root|phrase_has_single_root_claim
419,عَلَى نَحْوٍ شَامِلٍ,comprehensively / thoroughly / across the board,SH-M-L (ش م ل),ش.م.ل,,,,,3,multiword_no_single_root|phrase_has_single_root_claim
420,بِمَحْضِ تَقْدِيرِكَ الأَكَادِيمِيِّ,at your own academic discretion / based on your scholarly judgment,K-D-M (ک د م),د.م,,,,,3,multiword_no_single_root|phrase_has_single_root_claim
421,فِي حَالِ وُجُودِ أَيِّ تَعَارُضٍ,in the event of any conflict / if there is any contradiction,ʿ-R-Ḍ (ع ر ض),ع.ر.ض,,,,,5,multiword_no_single_root|phrase_has_single_root_claim
422,عَلَى مَدَى الجِيالِ القَادِمَةِ,over the coming generations,J-Y-L (ج ي ل),ج.ي.ل,,,,,4,multiword_no_single_root|phrase_has_single_root_claim
423,بِغَرَضِ التَّوْفِيرِ,for the purpose of saving / for economy,W-F-R (و ف ر),و.ف.ر,,,,,2,duplicate_front|multiword_no_single_root|phrase_has_single_root_claim
424,فِي المَقَامِ الخَامِسَ عَشَرَ,in the fifteenth place / fifteenthly,Q-W-M (ق و م),ق.و.م,,,,,4,multiword_no_single_root|phrase_has_single_root_claim
425,بِمَا لَا يَدَعُ مَجَالاً لِلتَّخْمِينِ,clear / explicit / leaving no room for guesswork,KH-M-N (خ م ن),خ.م.ن,,,,,5,multiword_no_single_root|phrase_has_single_root_claim
426,مِنْ قُبَيْلِ الصُّدْفَةِ المَحْضَةِ,by pure coincidence / purely accidental,Ṣ-D-F (ص د ف),ص.د.ف,,,,,4,multiword_no_single_root|phrase_has_single_root_claim
427,مِنَ الصَّعْبِ تَحَمُّلُهُ,hard to bear / unbearable / difficult to tolerate,Ḥ-M-L (ح م ل),ح.م.ل,,,,,3,duplicate_front|multiword_no_single_root|phrase_has_single_root_claim
428,عَلَى نِطَاقٍ تَنْظِيرِيٍّ مَحْضٍ,on a purely theoretical scale,N-Ẓ-R-B-Ḥ-TH (ن ظ ر ب ح ث),ن.ظ.ر.ب.ح.ث,,,,,4,multiword_no_single_root|phrase_has_single_root_claim
429,فِي هَذِهِ الحَالَةِ النَّادِرَةِ,in this rare case / in this exceptional instance,N-D-R (ن د ر),ن.د.ر,,,,,4,multiword_no_single_root|phrase_has_single_root_claim
430,بِدُونِ تَرَدُّدٍ,without hesitation / unhesitatingly,R-D-D (ر د د),ر.د.د,,,,,2,duplicate_front|multiword_no_single_root|phrase_has_single_root_claim
431,مِنْ نَاحِيَةٍ اِجْتِمَاعِيَّةٍ,socially / from a social perspective,J-M-ʿ (ج م ع),ج.م.ع,,,,,3,duplicate_front|multiword_no_single_root|phrase_has_single_root_claim
432,فِي المَدَى المَنْظُورِ القَرِيبِ جِدًّا لِلْغَايَةِ,in the most immediate future possible,N-Ẓ-R-Q-R-B (ن ظ ر ق ر ب),ن.ظ.ر.ق.ر.ب,,,,,6,multiword_no_single_root|phrase_has_single_root_claim
433,بِغَضِّ النَّظَرِ عَنِ الاِخْتِلافَاتِ العِرْقِيَّةِ,regardless of ethnic differences,ʿ-R-Q (ع ر ق),ع.ر.ق,,,,,5,multiword_no_single_root|phrase_has_single_root_claim
434,عَلَى نَحْوٍ سِيَاسِيٍّ,politically / in a political manner,S-Y-S (س ي س),س.ي.س,,,,,3,multiword_no_single_root|phrase_has_single_root_claim
435,بِمَحْضِ تَقْدِيرِ الإِدَارَةِ,at the sole discretion of the management / administration,D-W-R (د و ر),د.و.ر,,,,,3,duplicate_front|multiword_no_single_root|phrase_has_single_root_claim
436,فِي حَالِ وُجُودِ أَيِّ نَقْصٍ,in the event of any shortage / if anything is missing,N-Q-Ṣ (ن ق ص),ن.ق.ص,,,,,5,multiword_no_single_root|phrase_has_single_root_claim
437,عَلَى مَدَى الجِيالِ المَاضِيَةِ,over the past generations,J-Y-L (ج ي ل),ج.ي.ل,,,,,4,multiword_no_single_root|phrase_has_single_root_claim
438,بِغَرَضِ التَّرْفِيهِ,for the purpose of entertainment / for fun,R-F-H (ر ف ه),ر.ف.ه,,,,,2,multiword_no_single_root|phrase_has_single_root_claim
439,فِي المَقَامِ السَّادِسَ عَشَرَ,in the sixteenth place / sixteenthly,Q-W-M (ق و م),ق.و.م,,,,,4,multiword_no_single_root|phrase_has_single_root_claim
440,بِمَا لَا يَدَعُ مَجَالاً لِلانْتِظَارِ,urgent / leaving no room for waiting,N-Ẓ-R (ن ظ ر),ن.ظ.ر,,,,,5,multiword_no_single_root|phrase_has_single_root_claim
441,مِنْ قُبَيْلِ المُبَالَغَةِ,by way of exaggeration / exaggeratingly,B-L-GH (ب ل غ),ب.ل.غ,,,,,3,multiword_no_single_root|phrase_has_single_root_claim
442,مِنَ الصَّعْبِ تَفْسِيرُهُ,hard to explain / difficult to interpret,F-S-R (ف س ر),ف.س.ر,,,,,3,duplicate_front|multiword_no_single_root|phrase_has_single_root_claim
443,عَلَى نِطَاقٍ ثَقَافِيٍّ وَاسِعٍ,on a broad cultural scale,TH-Q-F (ث ق ف),ث.ق.ف,,,,,4,multiword_no_single_root|phrase_has_single_root_claim
444,فِي هَذَا الظَّرْفِ الرَّاهِنِ الصَّعْبِ,in this difficult current circumstance,Ẓ-R-F-R-H-N (ظ ر ف ر ہ ن),ظ.ر.ف.ر.ن,,,,,5,multiword_no_single_root|phrase_has_single_root_claim
445,بِدُونِ مُقَابِلٍ,for free / without return / gratis,Q-B-L (ق ب ل),ق.ب.ل,,,,,2,duplicate_front|multiword_no_single_root|phrase_has_single_root_claim
446,مِنْ نَاحِيَةٍ جُغْرَافِيَّةٍ,geographically / from a geographical perspective,J-GH-R-F (ج غ ر ف),ج.غ.ر.ف,,,,,3,multiword_no_single_root|phrase_has_single_root_claim
447,فِي المَدَى المَنْظُورِ المَحْدُودِ,in the limited foreseeable future,N-Ẓ-R-Ḥ-D-D (ن ظ ر ح د د),ن.ظ.ر.ح.د.د,,,,,4,multiword_no_single_root|phrase_has_single_root_claim
448,بِغَضِّ النَّظَرِ عَنِ الجِنْسِيَّةِ,regardless of nationality,J-N-S (ج ن س),ج.ن.س,,,,,4,duplicate_front|multiword_no_single_root|phrase_has_single_root_claim
449,عَلَى حَافَّةِ الِانْهِيَارِ,on the brink of collapse,H-W-R (ه و ر),ه.و.ر,,,,,3,multiword_no_single_root|phrase_has_single_root_claim
450,بِمَحْضِ تَقْدِيرِكَ المِهَنِيِّ,at your own professional discretion,M-H-N (م ه ن),م.ه.ن,,,,,3,multiword_no_single_root|phrase_has_single_root_claim
451,فِي حَالِ تَطَلَّبَ الأَمْرُ ذَلِكَ,if the situation requires it / if necessary,Ṭ-L-B (ط ل ب),ط.ل.ب,,,,,5,multiword_no_single_root|phrase_has_single_root_claim
452,عَلَى مَدَى الجِيالِ المُتَعَاقِبَةِ,over successive generations,ʿ-Q-B (ع ق ب),ع.ق.ب,,,,,4,duplicate_front|multiword_no_single_root|phrase_has_single_root_claim
453,بِغَرَضِ التَّوْجِيهِ,for the purpose of orientation / for guidance,W-J-H (و ج ه),و.ج.ه,,,,,2,multiword_no_single_root|phrase_has_single_root_claim
454,فِي المَقَامِ السَّابِعَ عَشَرَ,in the seventeenth place / seventeenthly,Q-W-M (ق و م),ق.و.م,,,,,4,multiword_no_single_root|phrase_has_single_root_claim
455,بِمَا لَا يَدَعُ مَجَالاً لِلانْفِصَالِ التَّامِّ,inextricably linked / leaving no room for total separation,F-Ṣ-L (ف ص ل),ف.ص.ل,,,,,6,multiword_no_single_root|phrase_has_single_root_claim
456,مِنْ قُبَيْلِ الحِيطَةِ,as a precaution / by way of caution,Ḥ-W-Ṭ (ح و ط),ح.و.ط,,,,,3,multiword_no_single_root|phrase_has_single_root_claim
457,مِنَ الصَّعْبِ نِسْيَانُهُ,hard to forget / memorable,N-S-Y (ن س ي),ن.س.ي,,,,,3,multiword_no_single_root|phrase_has_single_root_claim
458,عَلَى نِطَاقٍ تَرْبَوِيٍّ حَدِيثٍ,on a modern pedagogical scale,R-B-W (ر ب و),ر.ب.و,,,,,4,multiword_no_single_root|phrase_has_single_root_claim
459,فِي هَذِهِ اللَّحْظَةِ المَصِيرِيَّةِ,at this decisive moment / at this fateful moment,Ṣ-Y-R (ص ي ر),ص.ي.ر,,,,,4,multiword_no_single_root|phrase_has_single_root_claim
460,بِدُونِ أَيِّ تَعْوِيضٍ,without any compensation / without reimbursement,ʿ-W-Ḍ (ع و ض),ع.و.ض,,,,,3,multiword_no_single_root|phrase_has_single_root_claim
461,مِنْ نَاحِيَةٍ اِقْتِصَادِيَّةٍ بَحْتَةٍ,from a purely economic perspective,Q-Ṣ-D (ق ص د),ق.ص.د,,,,,4,multiword_no_single_root|phrase_has_single_root_claim
462,فِي المَدَى المَنْظُورِ العَالَمِيِّ,in the foreseeable global future,N-Ẓ-R-ʿ-L-M (ن ظ ر ع ل م),ن.ظ.ر.ع.ل.م,,,,,4,multiword_no_single_root|phrase_has_single_root_claim
463,بِغَضِّ النَّظَرِ عَنِ التَّوَقُّعَاتِ,regardless of expectations,W-Q-ʿ (و ق ع),و.ق.ع,,,,,4,multiword_no_single_root|phrase_has_single_root_claim
464,عَلَى أَهْبَةِ الِاسْتِعْدَادِ,on standby / fully prepared / ready and waiting,ʾ-H-B (أ ه ب),أ.ه.ب,,,,,3,multiword_no_single_root|phrase_has_single_root_claim
465,بِمَحْضِ تَقْدِيرِكَ العِلْمِيِّ,at your own scientific discretion,ʿ-L-M (ع ل م),ع.ل.م,,,,,3,multiword_no_single_root|phrase_has_single_root_claim
466,فِي حَالِ طُرُوءِ أَيِّ طَارِئٍ,in case of any emergency / if anything unexpected occurs,Ṭ-R-ʾ (ط ر أ),ط.ر.أ,,,,,5,multiword_no_single_root|phrase_has_single_root_claim
467,عَلَى مَدَى الجِيالِ السَّابِقَةِ وَالحَالِيَّةِ,over past and current generations,J-Y-L (ج ي ل),ج.ي.ل,,,,,5,multiword_no_single_root|phrase_has_single_root_claim
468,بِغَرَضِ التَّدْرِيبِ,for the purpose of training / for practice,D-R-B (د ر ب),د.ر.ب,,,,,2,duplicate_front|multiword_no_single_root|phrase_has_single_root_claim
469,فِي المَقَامِ الثَّامِنَ عَشَرَ,in the eighteenth place / eighteenthly,Q-W-M (ق و م),ق.و.م,,,,,4,multiword_no_single_root|phrase_has_single_root_claim
470,بِمَا لَا يَدَعُ مَجَالاً لِلاحْتِجَاجِ,undeniable / leaving no room for protest,Ḥ-J-J (ح ج ج),ح.ج.ج,,,,,5,duplicate_front|multiword_no_single_root|phrase_has_single_root_claim
471,مِنْ قُبَيْلِ المَصْلَحَةِ العَامَّةِ,in the interest of the public / for the common good,Ṣ-L-Ḥ (ص ل ح),ص.ل.ح,,,,,4,multiword_no_single_root|phrase_has_single_root_claim
472,مِنَ الصَّعْبِ تَخَطِّيهِ,hard to cross / difficult to surpass,KH-Ṭ-W (خ ط و),خ.ط.و,,,,,3,multiword_no_single_root|phrase_has_single_root_claim
473,عَلَى نِطَاقٍ تَوْعَوِيٍّ,on an awareness-raising scale / for public awareness,W-ʿ-Y (و ع ي),و.ع.ي,,,,,3,multiword_no_single_root|phrase_has_single_root_claim
474,فِي هَذِهِ المَرْحَلَةِ الِانْتِقَالِيَّةِ,in this transitional phase / during this transition,N-Q-L (ن ق ل),ن.ق.ل,,,,,4,multiword_no_single_root|phrase_has_single_root_claim
475,بِدُونِ رَقَابَةٍ,without censorship / without supervision / uncensored,R-Q-B (ر ق ب),ر.ق.ب,,,,,2,multiword_no_single_root|phrase_has_single_root_claim
476,مِنْ نَاحِيَةٍ تَقْنِيَّةٍ بَحْتَةٍ,from a purely technical perspective,T-Q-N (ت ق ن),ت.ق.ن,,,,,4,multiword_no_single_root|phrase_has_single_root_claim
477,فِي المَدَى المَنْظُورِ القَرِيبِ لِلْغَايَةِ جِدًّا,in the absolute immediate future,N-Ẓ-R-Q-R-B (ن ظ ر ق ر ب),ن.ظ.ر.ق.ر.ب,,,,,6,multiword_no_single_root|phrase_has_single_root_claim
478,بِغَضِّ النَّظَرِ عَنِ المَرَاقِبِ الدِّينِيَّةِ,regardless of religious views / observance,R-Q-B (ر ق ب),ر.ق.ب,,,,,5,multiword_no_single_root|phrase_has_single_root_claim
479,عَلَى وَشْكِ الاِنْفِجَارِ,on the verge of exploding / about to blow up,F-J-R (ف ج ر),ف.ج.ر,,,,,3,duplicate_front|multiword_no_single_root|phrase_has_single_root_claim
480,بِمَحْضِ تَقْدِيرِكَ الفَنِّيِّ,at your own artistic discretion / based on your craft,F-N-N (ف ن ن),ف.ن.ن,,,,,3,multiword_no_single_root|phrase_has_single_root_claim
481,فِي حَالِ طَلَبِ التَّوْضِيحِ,in case clarification is requested / if you need to explain,W-Ḍ-Ḥ (و ض ح),و.ض.ح,,,,,4,multiword_no_single_root|phrase_has_single_root_claim
482,عَلَى مَدَى الجِيالِ المُتَلَاحِقَةِ,over successive and closely-following generations,L-Ḥ-Q (ل ح ق),ل.ح.ق,,,,,4,multiword_no_single_root|phrase_has_single_root_claim
483,بِغَرَضِ التَّصْحِيحِ,for the purpose of correction / to correct,Ṣ-Ḥ-Ḥ (ص ح ح),ص.ح.ح,,,,,2,multiword_no_single_root|phrase_has_single_root_claim
484,فِي المَقَامِ التَّاسِعَ عَشَرَ,in the nineteenth place / nineteenthly,Q-W-M (ق و م),ق.و.م,,,,,4,multiword_no_single_root|phrase_has_single_root_claim
485,بِمَا لَا يَدَعُ مَجَالاً لِلاحْتِكَاكِ,smooth / frictionless / leaving no room for friction,Ḥ-K-K (ح ك ک),ح.ك,,,,,5,multiword_no_single_root|phrase_has_single_root_claim
486,مِنْ قُبَيْلِ المُصَادَفَةِ البَحْتَةِ,by purely random coincidence / purely by chance,Ṣ-D-F (ص د ف),ص.د.ف,,,,,4,multiword_no_single_root|phrase_has_single_root_claim
487,مِنَ الصَّعْبِ تَجَاهُلُهُ,hard to ignore / impossible to overlook,J-H-L (ج ه ل),ج.ه.ل,,,,,3,duplicate_front|multiword_no_single_root|phrase_has_single_root_claim
488,عَلَى نِطَاقٍ بَحْثِيٍّ أَكَادِيمِيٍّ,on an academic research scale,B-Ḥ-TH-K-D-M (ب ح ث ک د م),ب.ح.ث.د.م,,,,,4,multiword_no_single_root|phrase_has_single_root_claim
489,فِي هَذَا الوَقْتِ الضَّائِعِ,in this wasted time / in these lost moments,Ḍ-Y-ʿ (ض ي ع),ض.ي.ع,,,,,4,multiword_no_single_root|phrase_has_single_root_claim
490,بِدُونِ سَابِقِ مَعْرِفَةٍ,without prior knowledge / without knowing beforehand,ʿ-R-F (ع ر ف),ع.ر.ف,,,,,3,multiword_no_single_root|phrase_has_single_root_claim
491,مِنْ نَاحِيَةٍ اِحْتِرَافِيَّةٍ,professionally / from a professional standpoint,Ḥ-R-F (ح ر ف),ح.ر.ف,,,,,3,multiword_no_single_root|phrase_has_single_root_claim
492,فِي المَدَى المَنْظُورِ القَرِيبِ المَحْدُودِ,in the very near and limited future,N-Ẓ-R-Q-R-B (ن ظ ر ق ر ب),ن.ظ.ر.ق.ر.ب,,,,,5,multiword_no_single_root|phrase_has_single_root_claim
493,بِغَضِّ النَّظَرِ عَنِ التَّدَاعِيَاتِ,regardless of the repercussions / consequences,D-ʿ-Y (د ع ي),د.ع.ي,,,,,4,multiword_no_single_root|phrase_has_single_root_claim
494,عَلَى قَدَمِ السَّاقِ,in full swing / flat out / with all effort,Q-D-M-S-W-Q (ق د م س و ق),ق.د.م.س.و.ق,,,,,3,multiword_no_single_root|phrase_has_single_root_claim
495,بِمَحْضِ تَقْدِيرِكَ العَمَلِيِّ,at your own practical discretion,ʿ-M-L (ع م ل),ع.م.ل,,,,,3,multiword_no_single_root|phrase_has_single_root_claim
496,فِي حَالِ وُجُودِ أَيِّ شَكٍّ,in case of any doubt / if you are unsure,SH-K-K (ش ک ک),ش,,,,,5,multiword_no_single_root|phrase_has_single_root_claim
497,عَلَى مَدَى الجِيالِ الغَابِرَةِ,over bygone generations / across ancient times,GH-B-R (غ ب ر),غ.ب.ر,,,,,4,multiword_no_single_root|phrase_has_single_root_claim
498,بِغَرَضِ التَّوْثِيقِ,for the purpose of documentation / to record,W-TH-Q (و ث ق),و.ث.ق,,,,,2,duplicate_front|multiword_no_single_root|phrase_has_single_root_claim
499,فِي المَقَامِ العِشْرِينَ,in the twentieth place / twentiethly,Q-W-M (ق و م),ق.و.م,,,,,3,multiword_no_single_root|phrase_has_single_root_claim
500,بِمَا لَا يَدَعُ مَجَالاً لِلتَّأْوِيلِ الخَاطِئِ,unambiguous / leaving no room for misinterpretation,ʾ-W-L (أ و ل),أ.و.ل,,,,,6,duplicate_front|multiword_no_single_root|phrase_has_single_root_claim
501,مِنْ قُبَيْلِ المُصَادَفَةِ التَّارِيخِيَّةِ,by way of historical coincidence / a quirk of history,KH-D-TH-Ṣ-D-F (ح د ث ص د ف),ح.د.ث.ص.د.ف,,,,,4,multiword_no_single_root|phrase_has_single_root_claim
502,مِنَ الصَّعْبِ تَصَوُّرُهُ,hard to imagine / inconceivable,Ṣ-W-R (ص و ر),ص.و.ر,,,,,3,multiword_no_single_root|phrase_has_single_root_claim
503,عَلَى نِطَاقٍ تِكْنُولُوجِيٍّ مُتَقَدِّمٍ جِدًّا,on an extremely advanced technological scale,T-K-N-L-W-J-Q-D-M (ت ک ن ل و ج ق د م),ت.ن.ل.و.ج.ق.د.م,,,,,5,multiword_no_single_root|phrase_has_single_root_claim
504,فِي هَذِهِ الأَزْمَةِ الخَانِقَةِ,in this suffocating crisis / in this dire emergency,KH-N-Q (خ ن ق),خ.ن.ق,,,,,4,multiword_no_single_root|phrase_has_single_root_claim
505,بِدُونِ سَابِقِ اِتِّفَاقٍ,without prior agreement / spontaneously / unplanned,W-F-Q (و ف ق),و.ف.ق,,,,,3,multiword_no_single_root|phrase_has_single_root_claim
506,مِنْ نَاحِيَةٍ تَنْظِيمِيَّةٍ,organizationally / from an organizational point of view,N-Ẓ-M (ن ظ م),ن.ظ.م,,,,,3,duplicate_front|multiword_no_single_root|phrase_has_single_root_claim
507,فِي المَدَى المَنْظُورِ العَالَمِيِّ البَعِيدِ,in the long-term foreseeable global future,N-Ẓ-R-ʿ-L-M-B-ʿ-D (ن ظ ر ع ل م ب ع د),ن.ظ.ر.ع.ل.م.ب.ع.د,,,,,5,multiword_no_single_root|phrase_has_single_root_claim
508,بِغَضِّ النَّظَرِ عَنِ العَوَاقِبِ الوَخِيمَةِ,regardless of the dire consequences / disastrous results,ʿ-Q-B-W-KH-M (ع ق ب و خ م),ع.ق.ب.و.خ.م,,,,,5,multiword_no_single_root|phrase_has_single_root_claim
509,عَلَى حَافَّةِ الهَاوِيَةِ,on the edge of the abyss / on the brink of ruin,H-W-Y (ه و ي),ه.و.ي,,,,,3,multiword_no_single_root|phrase_has_single_root_claim
510,بِمَحْضِ تَقْدِيرِكَ الشَّخْصِيِّ المَحْضِ,at your own absolute personal discretion,SH-KH-Ṣ-Q-D-R (ش خ ص ق د ر),ش.خ.ص.ق.د.ر,,,,,4,multiword_no_single_root|phrase_has_single_root_claim
511,فِي حَالِ حُدُوثِ أَيِّ طَارِئٍ غَيْرِ مُتَوَقَّعٍ,in the event of any completely unexpected emergency,Ṭ-R-ʾ-W-Q-ʿ (ط ر أ و ق ع),ط.ر.أ.و.ق.ع,,,,,7,multiword_no_single_root|phrase_has_single_root_claim
512,عَلَى مَدَى الجِيالِ الِاسْتِثْنَائِيَّةِ,over exceptional generations,TH-N-Y (ث ن ي),ث.ن.ي,,,,,4,multiword_no_single_root|phrase_has_single_root_claim
513,بِغَرَضِ التَّحْقِيقِ,for the purpose of investigation / for inquiry,Ḥ-Q-Q (ح ق ق),ح.ق.ق,,,,,2,multiword_no_single_root|phrase_has_single_root_claim
514,فِي المَقَامِ الحَادِي وَالعِشْرِينَ,in the twenty-first place / twenty-firstly,Q-W-M (ق و م),ق.و.م,,,,,4,multiword_no_single_root|phrase_has_single_root_claim
515,بِمَا لَا يَدَعُ مَجَالاً لِلانْقِطَاعِ,uninterrupted / leaving no room for interruption,Q-Ṭ-ʿ (ق ط ع),ق.ط.ع,,,,,5,multiword_no_single_root|phrase_has_single_root_claim
516,مِنْ قُبَيْلِ المَصْلَحَةِ المَادِّيَّةِ,for the sake of material interest / for financial gain,Ṣ-L-Ḥ-M-D-D (ص ل ح م د د),ص.ل.ح.م.د.د,,,,,4,multiword_no_single_root|phrase_has_single_root_claim
517,مِنَ الصَّعْبِ تَفَادِيهِ,hard to avoid / unavoidable / inevitable,F-W-D (ف و د),ف.و.د,,,,,3,duplicate_front|multiword_no_single_root|phrase_has_single_root_claim
518,عَلَى نِطَاقٍ بِيئِيٍّ وَاسِعٍ,on a broad environmental scale,B-W-ʾ (ب و أ),ب.و.أ,,,,,4,multiword_no_single_root|phrase_has_single_root_claim
519,فِي هَذِهِ الحَالَةِ الطَّارِئَةِ القُصْوَى,in this extreme emergency situation,Ṭ-R-ʾ-Q-Ṣ-Y (ط ر أ ق ص ي),ط.ر.أ.ق.ص.ي,,,,,5,multiword_no_single_root|phrase_has_single_root_claim
520,بِدُونِ سَابِقِ اِنْذَارٍ رَسْمِيٍّ,without prior formal warning / notice,N-DH-R (ن ذ ر),ن.ذ.ر,,,,,4,multiword_no_single_root|phrase_has_single_root_claim
521,مِنْ نَاحِيَةٍ تَقْيِيمِيَّةٍ,evaluatively / from an evaluative point of view,Q-W-M (ق و م),ق.و.م,,,,,3,multiword_no_single_root|phrase_has_single_root_claim
522,فِي المَدَى المَنْظُورِ القَرِيبِ المَلْمُوسِ,in the near and tangible foreseeable future,N-Ẓ-R-L-M-S (ن ظ ر ل م س),ن.ظ.ر.ل.م.س,,,,,5,multiword_no_single_root|phrase_has_single_root_claim
523,بِغَضِّ النَّظَرِ عَنِ الاِعْتِبَارَاتِ الحِزْبِيَّةِ,regardless of partisan considerations / party politics,Ḥ-Z-B (ح ز ب),ح.ز.ب,,,,,5,multiword_no_single_root|phrase_has_single_root_claim
524,عَلَى وَشْكِ الِانْهِيَارِ التَّامِّ,on the verge of total collapse,H-W-R (ه و ر),ه.و.ر,,,,,4,duplicate_front|multiword_no_single_root|phrase_has_single_root_claim
525,بِمَحْضِ تَقْدِيرِكَ القَانُونِيِّ,at your own legal discretion,Q-N-N (ق ن ن),ق.ن.ن,,,,,3,multiword_no_single_root|phrase_has_single_root_claim
526,فِي حَالِ وُجُودِ أَيِ تَعَارُضِ مَصَالِحَ,in the event of any conflict of interest,ʿ-R-Ḍ-Ṣ-L-Ḥ (ع ر ض ص ل ح),ع.ر.ض.ص.ل.ح,,,,,6,multiword_no_single_root|phrase_has_single_root_claim
527,عَلَى مَدَى الجِيالِ المُتَلاحِقَةِ جِدًّا,over extremely rapid successive generations,L-Ḥ-Q (ل ح ق),ل.ح.ق,,,,,5,multiword_no_single_root|phrase_has_single_root_claim
528,بِغَرَضِ التَّطْوِيرِ,for the purpose of development / to improve,Ṭ-W-R (ط و ر),ط.و.ر,,,,,2,duplicate_front|multiword_no_single_root|phrase_has_single_root_claim
529,فِي المَقَامِ الثَّانِي وَالعِشْرِينَ,in the twenty-second place / twenty-secondly,Q-W-M (ق و م),ق.و.م,,,,,4,multiword_no_single_root|phrase_has_single_root_claim
530,بِمَا لَا يَدَعُ مَجَالاً لِلانْحِرَافِ,precise / straight / leaving no room for deviation,Ḥ-R-F (ح ر ف),ح.ر.ف,,,,,5,multiword_no_single_root|phrase_has_single_root_claim
531,مِنْ قُبَيْلِ المَسْؤُولِيَّةِ الجَمَاعِيَّةِ,as a matter of collective responsibility,S-ʾ-L-J-M-ʿ (س أ ل ج م ع),س.أ.ل.ج.م.ع,,,,,4,multiword_no_single_root|phrase_has_single_root_claim
532,مِنَ الصَّعْبِ تَحْقِيقُهُ,hard to achieve / difficult to realize,Ḥ-Q-Q (ح ق ق),ح.ق.ق,,,,,3,multiword_no_single_root|phrase_has_single_root_claim
533,عَلَى نِطَاقٍ حُكُومِيٍّ بَحْتٍ,on a purely governmental scale,Ḥ-K-M-B-Ḥ-TH (ح ک م ب ح ث),ح.م.ب.ح.ث,,,,,4,multiword_no_single_root|phrase_has_single_root_claim
534,فِي هَذِهِ المَرْحَلَةِ المِفْصَلِيَّةِ,at this pivotal stage / at this crucial junction,F-Ṣ-L (ف ص ل),ف.ص.ل,,,,,4,multiword_no_single_root|phrase_has_single_root_claim
535,بِدُونِ سَابِقِ مَعْرِفَةٍ شَخْصِيَّةٍ,without prior personal acquaintance / knowing each other,ʿ-R-F-SH-KH-Ṣ (ع ر ف ش خ ص),ع.ر.ف.ش.خ.ص,,,,,4,multiword_no_single_root|phrase_has_single_root_claim
536,مِنْ نَاحِيَةٍ اِسْتِرَاتِيجِيَّةٍ,strategically / from a strategic point of view,S-T-R-T-J (س ت ر ت ج),س.ت.ر.ت.ج,,,,,3,multiword_no_single_root|phrase_has_single_root_claim
537,فِي المَدَى المَنْظُورِ القَرِيبِ المَلْمُوسِ جِدًّا,in the extremely near and tangible foreseeable future,N-Ẓ-R-L-M-S (ن ظ ر ل م س),ن.ظ.ر.ل.م.س,,,,,6,duplicate_front|multiword_no_single_root|phrase_has_single_root_claim
538,بِغَضِّ النَّظَرِ عَنِ التَّوَجُّهَاتِ الفِكْرِيَّةِ,regardless of intellectual leanings / ideologies,W-J-H-F-K-R (و ج ہ ف ک ر),و.ج.ف.ر,,,,,5,multiword_no_single_root|phrase_has_single_root_claim
539,عَلَى حَافَّةِ التَّهْلُكَةِ,on the brink of destruction / peril,H-L-K (ه ل ك),ه.ل.ك,,,,,3,multiword_no_single_root|phrase_has_single_root_claim
540,بِمَحْضِ تَقْدِيرِكَ العِلْمِيِّ المَحْضِ,at your own absolute scientific discretion,ʿ-L-M-Q-D-R (ع ل م ق د ر),ع.ل.م.ق.د.ر,,,,,4,multiword_no_single_root|phrase_has_single_root_claim
541,فِي حَالِ طَلَبِ الدَّعْمِ الفَنِّيِّ,in case technical support is requested / needed,D-ʿ-M-F-N-N (د ع م ف ن ن),د.ع.م.ف.ن.ن,,,,,5,multiword_no_single_root|phrase_has_single_root_claim
542,عَلَى مَدَى الجِيالِ الِاسْتِثْنَائِيَّةِ جِدًّا,over extremely exceptional generations,TH-N-Y (ث ن ي),ث.ن.ي,,,,,5,multiword_no_single_root|phrase_has_single_root_claim
543,بِغَرَضِ التَّصْدِيقِ,for the purpose of ratification / for validation,Ṣ-D-Q (ص د ق),ص.د.ق,,,,,2,multiword_no_single_root|phrase_has_single_root_claim
544,فِي المَقَامِ الثَّالِثِ وَالعِشْرِينَ,in the twenty-third place / twenty-thirdly,Q-W-M (ق و م),ق.و.م,,,,,4,multiword_no_single_root|phrase_has_single_root_claim
545,بِمَا لَا يَدَعُ مَجَالاً لِلانْقِلابِ,stable / unshakeable / leaving no room for reversal / overthrow,Q-L-B (ق ل ب),ق.ل.ب,,,,,5,multiword_no_single_root|phrase_has_single_root_claim
546,مِنْ قُبَيْلِ المَسْؤُولِيَّةِ الفَرْدِيَّةِ,as a matter of individual responsibility,S-ʾ-L-F-R-D (س أ ل ف ر د),س.أ.ل.ف.ر.د,,,,,4,multiword_no_single_root|phrase_has_single_root_claim
547,مِنَ الصَّعْبِ تَفَادِي الوُقُوعِ فِيهِ,hard to avoid falling into / easy to slip up,F-W-D-W-Q-ʿ (ف و د و ق ع),ف.و.د.و.ق.ع,,,,,5,multiword_no_single_root|phrase_has_single_root_claim
548,عَلَى نِطَاقٍ تَرْفِيهِيٍّ رِيَاضِيٍّ,on a sports entertainment scale,R-F-H-R-W-Ḍ (ر ف ہ ر و ض),ر.ف.ر.و.ض,,,,,4,multiword_no_single_root|phrase_has_single_root_claim
549,فِي هَذِهِ الحَالَةِ القُصْوَى مِنَ الصِّرَاعِ,in this extreme state of conflict,Ṣ-R-ʿ-Q-Ṣ-Y (ص ر ع ق ص ي),ص.ر.ع.ق.ص.ي,,,,,6,multiword_no_single_root|phrase_has_single_root_claim
550,بِدُونِ سَابِقِ اِشْعَارٍ تَقْنِيٍّ,without prior technical notice,SH-ʿ-R-T-Q-N (ش ع ر ت ق ن),ش.ع.ر.ت.ق.ن,,,,,4,multiword_no_single_root|phrase_has_single_root_claim
551,مِنْ نَاحِيَةٍ تَنْفِيذِيَّةٍ بَحْتَةٍ,from a purely executive / operational perspective,N-F-DH (ن ف ذ),ن.ف.ذ,,,,,4,multiword_no_single_root|phrase_has_single_root_claim
552,فِي المَدَى المَنْظُورِ القَرِيبِ المَحْسُوسِ,in the near and perceivable foreseeable future,N-Ẓ-R-Ḥ-S-S (ن ظ ر ح س س),ن.ظ.ر.ح.س.س,,,,,5,multiword_no_single_root|phrase_has_single_root_claim
553,بِغَضِّ النَّظَرِ عَنِ الاِعْتِبَارَاتِ العِرْقِيَّةِ وَالدِّينِيَّةِ,regardless of ethnic and religious considerations,ʿ-R-Q-D-Y-N (ع ر ق د ی ن),ع.ر.ق.د.ن,,,,,6,multiword_no_single_root|phrase_has_single_root_claim
554,عَلَى وَشْكِ الِاخْتِفَاءِ التَّامِّ,on the verge of total disappearance / extinction,KH-F-Y (خ ف ي),خ.ف.ي,,,,,4,multiword_no_single_root|phrase_has_single_root_claim
555,بِمَحْضِ تَقْدِيرِكَ العِلْمِيِّ وَالأَكَادِيمِيِّ,at your own scientific and academic discretion,ʿ-L-M-K-D-M (ع ل م ک د م),ع.ل.م.د.م,,,,,4,multiword_no_single_root|phrase_has_single_root_claim
556,فِي حَالِ طَلَبِ التَّحْدِيثِ الفَوْرِيِّ,in case an immediate update is requested,Ḥ-D-TH-F-W-R (ح د ث ف و ر),ح.د.ث.ف.و.ر,,,,,5,multiword_no_single_root|phrase_has_single_root_claim
557,عَلَى مَدَى الجِيالِ المُتَعَاقِبَةِ,over consecutive / sequential generations,ʿ-Q-B (ع ق ب),ع.ق.ب,,,,,4,duplicate_front|multiword_no_single_root|phrase_has_single_root_claim
558,بِغَرَضِ التَّجْرِبَةِ,for the purpose of experimentation / for testing,J-R-B (ج ر ب),ج.ر.ب,,,,,2,duplicate_front|multiword_no_single_root|phrase_has_single_root_claim
559,فِي المَقَامِ الرَّابِعِ وَالعِشْرِينَ,in the twenty-fourth place / twenty-fourthly,Q-W-M (ق و م),ق.و.م,,,,,4,multiword_no_single_root|phrase_has_single_root_claim
560,بِمَا لَا يَدَعُ مَجَالاً لِلانْفِصَالِ,inseparable / unified / leaving no room for separation,F-Ṣ-L (ف ص ل),ف.ص.ل,,,,,5,duplicate_front|multiword_no_single_root|phrase_has_single_root_claim
561,مِنْ قُبَيْلِ المَصْلَحَةِ الاِسْتِرَاتِيجِيَّةِ,for the sake of strategic interest,Ṣ-L-Ḥ-S-T-R (ص ل ح س ت ر),ص.ل.ح.س.ت.ر,,,,,4,multiword_no_single_root|phrase_has_single_root_claim
562,مِنَ الصَّعْبِ تَفْسِيرُهُ,hard to explain / difficult to interpret,F-S-R (ف س ر),ف.س.ر,,,,,3,duplicate_front|multiword_no_single_root|phrase_has_single_root_claim
563,عَلَى نِطَاقٍ تَنْظِيمِيٍّ رَسْمِيٍّ,on a formal organizational scale,N-Ẓ-M (ن ظ م),ن.ظ.م,,,,,4,multiword_no_single_root|phrase_has_single_root_claim
564,فِي هَذِهِ المَرْحَلَةِ المَفْصِلِيَّةِ الحَاسِمَةِ,at this extremely crucial pivotal stage,F-Ṣ-L-Ḥ-S-M (ف ص ل ح س م),ف.ص.ل.ح.س.م,,,,,5,multiword_no_single_root|phrase_has_single_root_claim
565,بِدُونِ سَابِقِ مَعْرِفَةٍ لُغَوِيَّةٍ,without prior linguistic knowledge,ʿ-R-F-L-GH-W (ع ر ف ل غ و),ع.ر.ف.ل.غ.و,,,,,4,multiword_no_single_root|phrase_has_single_root_claim
566,مِنْ نَاحِيَةٍ مَنْطِقِيَّةٍ بَحْتَةٍ,from a purely logical perspective,N-Ṭ-Q (ن ط ق),ن.ط.ق,,,,,4,multiword_no_single_root|phrase_has_single_root_claim
567,فِي المَدَى المَنْظُورِ العَالَمِيِّ القَرِيبِ,in the near foreseeable global future,N-Ẓ-R-ʿ-L-M-Q-R-B (ن ظ ر ع ل م ق ر ب),ن.ظ.ر.ع.ل.م.ق.ر.ب,,,,,5,multiword_no_single_root|phrase_has_single_root_claim
568,بِغَضِّ النَّظَرِ عَنِ العَوَاقِبِ السِّيَاسِيَّةِ,regardless of political consequences / fallout,ʿ-Q-B-S-Y-S (ع ق ب س ی س),ع.ق.ب.س.س,,,,,5,multiword_no_single_root|phrase_has_single_root_claim
569,عَلَى شَفَا جُرُفٍ هَارٍ,on the edge of a crumbling cliff / on the brink of ruin (Quranic idiom),SH-F-W-J-R-F (ش ف و ج ر ف),ش.ف.و.ج.ر.ف,,,,,4,multiword_no_single_root|phrase_has_single_root_claim
570,بِمَحْضِ تَقْدِيرِكَ العَقْلِيِّ,at your own rational discretion,ʿ-Q-L-Q-D-R (ع ق ل ق د ر),ع.ق.ل.ق.د.ر,,,,,3,multiword_no_single_root|phrase_has_single_root_claim
571,فِي حَالِ طَلَبِ التَّوْضِيحِ القَانُونِيِّ,in case legal clarification is requested / needed,W-Ḍ-Ḥ-Q-N-N (و ض ح ق ن ن),و.ض.ح.ق.ن.ن,,,,,5,duplicate_front|multiword_no_single_root|phrase_has_single_root_claim
572,عَلَى مَدَى الجِيالِ المُنْصَرِمَةِ,over finished / elapsed generations,Ṣ-R-M (ص ر م),ص.ر.م,,,,,4,multiword_no_single_root|phrase_has_single_root_claim
573,بِغَرَضِ التَّوْفِيرِ,for the purpose of saving / to economize,W-F-R (و ف ر),و.ف.ر,,,,,2,duplicate_front|multiword_no_single_root|phrase_has_single_root_claim
574,فِي المَقَامِ الخَامِسِ وَالعِشْرِينَ,in the twenty-fifth place / twenty-fifthly,Q-W-M (ق و م),ق.و.م,,,,,4,multiword_no_single_root|phrase_has_single_root_claim
575,بِمَا لَا يَدَعُ مَجَالاً لِلشَّكِّ فِي المِصْدَاقِيَّةِ,beyond reproach / leaving no room for doubt in credibility,Ṣ-D-Q (ص د ق),ص.د.ق,,,,,7,multiword_no_single_root|phrase_has_single_root_claim
576,مِنْ قُبَيْلِ المَصْلَحَةِ الوَطَنِيَّةِ العُلْيَا,in the supreme national interest,Ṣ-L-Ḥ-W-Ṭ-N (ص ل ح و ط ن),ص.ل.ح.و.ط.ن,,,,,5,multiword_no_single_root|phrase_has_single_root_claim
577,مِنَ الصَّعْبِ تَعْوِيضُهُ,hard to replace / irreplaceable,ʿ-W-Ḍ (ع و ض),ع.و.ض,,,,,3,multiword_no_single_root|phrase_has_single_root_claim
578,عَلَى نِطَاقٍ حُدُودِيٍّ بَرِّيٍّ,on a land border scale,Ḥ-D-D-B-R-R (ح د د ب ر ر),ح.د.د.ب.ر.ر,,,,,4,multiword_no_single_root|phrase_has_single_root_claim
579,فِي هَذِهِ المَرْحَلَةِ التَّطْوِيرِيَّةِ المُتَقَدِّمَةِ,at this advanced developmental stage,Ṭ-W-R-Q-D-M (ط و ر ق د م),ط.و.ر.ق.د.م,,,,,5,multiword_no_single_root|phrase_has_single_root_claim
580,بِدُونِ سَابِقِ اِطِّلَاعٍ شَامِلٍ,without prior comprehensive review / reading,Ṭ-L-ʿ (ط ل ع),ط.ل.ع,,,,,4,multiword_no_single_root|phrase_has_single_root_claim
581,مِنْ نَاحِيَةٍ اِجْتِمَاعِيَّةٍ أَنْتْرُوبُولُوجِيَّةٍ,from a socio-anthropological perspective,J-M-ʿ-N-TH-R (ج م ع ن ث ر),ج.م.ع.ن.ث.ر,,,,,4,multiword_no_single_root|phrase_has_single_root_claim
582,فِي المَدَى المَنْظُورِ القَرِيبِ المَحْسُوسِ لِلْجَمِيعِ,in the near foreseeable future perceptible to everyone,N-Ẓ-R-Ḥ-S-S-J-M-ʿ (ن ظ ر ح س س ج م ع),ن.ظ.ر.ح.س.س.ج.م.ع,,,,,6,multiword_no_single_root|phrase_has_single_root_claim
583,بِغَضِّ النَّظَرِ عَنِ المَرَافِقِ اللُّوجِسْتِيَّةِ,regardless of logistical facilities / arrangements,L-W-J-S-T (ل و ج س ت),ل.و.ج.س.ت,,,,,5,multiword_no_single_root|phrase_has_single_root_claim
584,عَلَى حَافَّةِ الِاسْتِسْلَامِ,on the verge of surrendering / giving up,S-L-M (س ل م),س.ل.م,,,,,3,multiword_no_single_root|phrase_has_single_root_claim
585,بِمَحْضِ تَقْدِيرِكَ العَسْكَرِيِّ,at your own military discretion,ʿ-S-K-R-Q-D-R (ع س ک ر ق د ر),ع.س.ر.ق.د.ر,,,,,3,multiword_no_single_root|phrase_has_single_root_claim
586,فِي حَالِ طَلَبِ التَّدَخُّلِ السَّرِيعِ,in case rapid intervention is requested,D-KH-L-S-R-ʿ (د خ ل س ر ع),د.خ.ل.س.ر.ع,,,,,5,multiword_no_single_root|phrase_has_single_root_claim
587,عَلَى مَدَى الجِيالِ الِاسْتِثْنَائِيَّةِ المَجِيدَةِ,over exceptional and glorious generations,M-J-D (م ج د),م.ج.د,,,,,5,multiword_no_single_root|phrase_has_single_root_claim
588,بِغَرَضِ التَّسْوِيقِ,for the purpose of marketing / to promote,S-W-Q (س و ق),س.و.ق,,,,,2,multiword_no_single_root|phrase_has_single_root_claim
589,فِي المَقَامِ السَّادِسِ وَالعِشْرِينَ,in the twenty-sixth place / twenty-sixthly,Q-W-M (ق و م),ق.و.م,,,,,4,multiword_no_single_root|phrase_has_single_root_claim
590,بِمَا لَا يَدَعُ مَجَالاً لِلتَّلا عُبِ,secure / tamper-proof / leaving no room for manipulation,L-ʿ-B (ل ع ب),ل.ع.ب,,,,,6,multiword_no_single_root|phrase_has_single_root_claim
591,مِنْ قُبَيْلِ المَصْلَحَةِ التِّجَارِيَّةِ البَحْتَةِ,for purely commercial interest,Ṣ-L-Ḥ-T-J-R (ص ل ح ت ج ر),ص.ل.ح.ت.ج.ر,,,,,5,multiword_no_single_root|phrase_has_single_root_claim
592,مِنَ الصَّعْبِ تَجَاوُزُهُ,hard to get past / difficult to overcome / unbeatable,J-W-Z (ج و ز),ج.و.ز,,,,,3,duplicate_front|multiword_no_single_root|phrase_has_single_root_claim
593,عَلَى نِطَاقٍ حُدُودِيٍّ بَحْرِيٍّ,on a maritime border scale,Ḥ-D-D-B-Ḥ-R (ح د د ب ح ر),ح.د.د.ب.ح.ر,,,,,4,multiword_no_single_root|phrase_has_single_root_claim
594,فِي هَذِهِ الحَالَةِ القُصْوَى مِنَ النُّمُوِّ,in this extreme state of growth,N-M-W-Q-Ṣ-Y (ن م و ق ص ي),ن.م.و.ق.ص.ي,,,,,6,multiword_no_single_root|phrase_has_single_root_claim
595,بِدُونِ سَابِقِ اِشْعَارٍ قَانُونِيٍّ مُلْزِمٍ,without prior binding legal notice,SH-ʿ-R-Q-N-N (ش ع ر ق ن ن),ش.ع.ر.ق.ن.ن,,,,,5,multiword_no_single_root|phrase_has_single_root_claim
596,مِنْ نَاحِيَةٍ تَقْنِيَّةٍ اِفْتِرَاضِيَّةٍ,from a virtual / hypothetical technical perspective,T-Q-N-F-R-Ḍ (ت ق ن ف ر ض),ت.ق.ن.ف.ر.ض,,,,,4,multiword_no_single_root|phrase_has_single_root_claim
597,فِي المَدَى المَنْظُورِ القَرِيبِ المَلْمُوسِ تَمَامًا,in the completely near and tangible foreseeable future,N-Ẓ-R-L-M-S (ن ظ ر ل م س),ن.ظ.ر.ل.م.س,,,,,6,duplicate_front|multiword_no_single_root|phrase_has_single_root_claim
598,بِغَضِّ النَّظَرِ عَنِ الاِعْتِبَارَاتِ المَالِيَّةِ الضَّخْمَةِ,regardless of the huge financial considerations / costs,M-W-L-Ḍ-KH-M (م و ل ض خ م),م.و.ل.ض.خ.م,,,,,6,multiword_no_single_root|phrase_has_single_root_claim
599,عَلَى وَشْكِ النَّجَاحِ البَاهِرِ,on the verge of brilliant success,N-J-Ḥ-B-H-R (ن ج ح ب ہ ر),ن.ج.ح.ب.ر,,,,,4,multiword_no_single_root|phrase_has_single_root_claim
600,بِمَحْضِ تَقْدِيرِكَ المَنْطِقِيِّ الصِّرْفِ,at your own absolute purely logical discretion,N-Ṭ-Q-Q-D-R (ن ط ق ق د ر),ن.ط.ق.ق.د.ر,,,,,4,multiword_no_single_root|phrase_has_single_root_claim
601,فِي حَالِ طَلَبِ التَّوْضِيحِ الإِضَافِيِّ,in case additional clarification is requested,W-Ḍ-Ḥ-Ḍ-Y-F (و ض ح ض ی ف),و.ض.ح.ض.ف,,,,,5,multiword_no_single_root|phrase_has_single_root_claim
602,عَلَى مَدَى الجِيالِ المُنْتَصِرَةِ,over victorious / triumphant generations,N-Ṣ-R (ن ص ر),ن.ص.ر,,,,,4,multiword_no_single_root|phrase_has_single_root_claim
603,بِغَرَضِ التَّرْمِيمِ,for the purpose of restoration / for renovation,R-M-M (ر م م),ر.م.م,,,,,2,multiword_no_single_root|phrase_has_single_root_claim
604,فِي المَقَامِ السَّابِعِ وَالعِشْرِينَ,in the twenty-seventh place / twenty-seventhly,Q-W-M (ق و م),ق.و.م,,,,,4,multiword_no_single_root|phrase_has_single_root_claim
605,بِمَا لَا يَدَعُ مَجَالاً لِلانْفِجَارِ السُّكَّانِيِّ,preventing population explosion / leaving no room for overpopulation,F-J-R (ف ج ر),ف.ج.ر,,,,,6,multiword_no_single_root|phrase_has_single_root_claim
606,مِنْ قُبَيْلِ المَصْلَحَةِ السِّيَاسِيَّةِ العَابِرَةِ,for the sake of fleeting / temporary political interest,Ṣ-L-Ḥ-ʿ-B-R (ص ل ح ع ب ر),ص.ل.ح.ع.ب.ر,,,,,5,multiword_no_single_root|phrase_has_single_root_claim
607,مِنَ الصَّعْبِ تَخَيُّلُهُ بَعْدَ الآنَ,hard to imagine anymore / inconceivable now,KH-Y-L (خ ی ل),خ.ل,,,,,5,multiword_no_single_root|phrase_has_single_root_claim
608,عَلَى نِطَاقٍ لُغَوِيٍّ مُتَخَصِّصٍ,on a specialized linguistic scale,L-GH-W-KH-Ṣ-Ṣ (ل غ و خ ص ص),ل.غ.و.خ.ص.ص,,,,,4,multiword_no_single_root|phrase_has_single_root_claim
609,فِي هَذِهِ المَرْحَلَةِ المِفْصَلِيَّةِ النَّادِرَةِ,at this rare and pivotal stage,F-Ṣ-L-N-D-R (ف ص ل ن د ر),ف.ص.ل.ن.د.ر,,,,,5,multiword_no_single_root|phrase_has_single_root_claim
610,بِدُونِ سَابِقِ تَنْسِيقٍ أَمْنِيٍّ,without prior security coordination,N-S-Q-ʾ-M-N (ن س ق أ م ن),ن.س.ق.أ.م.ن,,,,,4,multiword_no_single_root|phrase_has_single_root_claim
611,مِنْ نَاحِيَةٍ اِفْتِصَادِيَّةٍ كُلِّيَّةٍ,from a macroeconomic perspective,Q-Ṣ-D (ق ص د),ق.ص.د,,,,,4,multiword_no_single_root|phrase_has_single_root_claim
612,فِي المَدَى المَنْظُورِ القَرِيبِ المَلْمُوسِ فَوْرًا,in the near foreseeable future tangible immediately,N-Ẓ-R-L-M-S-F-W-R (ن ظ ر ل م س ف و ر),ن.ظ.ر.ل.م.س.ف.و.ر,,,,,6,multiword_no_single_root|phrase_has_single_root_claim
613,بِغَضِّ النَّظَرِ عَنِ الاِعْتِبَارَاتِ العَاطِفِيَّةِ الشَّخْصِيَّةِ,regardless of personal emotional considerations,ʿ-Ṭ-F-SH-KH-Ṣ (ع ط ف ش خ ص),ع.ط.ف.ش.خ.ص,,,,,6,multiword_no_single_root|phrase_has_single_root_claim
614,عَلَى وَشْكِ التَّلاشِي,on the verge of fading away / vanishing,L-SH-Y (ل ش ي),ل.ش.ي,,,,,3,multiword_no_single_root|phrase_has_single_root_claim
615,بِمَحْضِ تَقْدِيرِكَ المِهَنِيِّ الصِّرْفِ,at your own absolute purely professional discretion,M-H-N-Q-D-R (م ہ ن ق د ر),م.ن.ق.د.ر,,,,,4,multiword_no_single_root|phrase_has_single_root_claim
616,فِي حَالِ طَلَبِ التَّوْضِيحِ الإِحْصَائِيِّ,in case statistical clarification is requested,Ḥ-Ṣ-Y-W-Ḍ-Ḥ (ح ص ی و ض ح),ح.ص.و.ض.ح,,,,,5,duplicate_front|multiword_no_single_root|phrase_has_single_root_claim
617,عَلَى مَدَى الجِيالِ المُنْهَزِمَةِ لِلأَسَفِ,over unfortunately defeated generations,H-Z-M (ه ز م),ه.ز.م,,,,,5,multiword_no_single_root|phrase_has_single_root_claim
618,بِغَرَضِ التَّوْثِيقِ,for the purpose of documentation / to record,W-TH-Q (و ث ق),و.ث.ق,,,,,2,duplicate_front|multiword_no_single_root|phrase_has_single_root_claim
619,فِي المَقَامِ الثَّامِنِ وَالعِشْرِينَ,in the twenty-eighth place / twenty-eighthly,Q-W-M (ق و م),ق.و.م,,,,,4,multiword_no_single_root|phrase_has_single_root_claim
620,بِمَا لَا يَدَعُ مَجَالاً لِلانْحِيَازِ العِرْقِيِّ,unbiased / objective / leaving no room for racial bias,Ḥ-Y-Z (ح ی ز),ح.ز,,,,,6,multiword_no_single_root|phrase_has_single_root_claim
621,مِنْ قُبَيْلِ المَصْلَحَةِ الاِقْتِصَادِيَّةِ البَعِيدَةِ المَدَى,for the sake of long-term economic interest,Ṣ-L-Ḥ-Q-Ṣ-D (ص ل ح ق ص د),ص.ل.ح.ق.ص.د,,,,,6,multiword_no_single_root|phrase_has_single_root_claim
622,مِنَ الصَّعْبِ تَطْبِيقُهُ عَمَلِيًّا,hard to apply in practice / difficult to implement,Ṭ-B-Q (ط ب ق),ط.ب.ق,,,,,4,multiword_no_single_root|phrase_has_single_root_claim
623,عَلَى نِطَاقٍ ثَقَافِيٍّ مَوْسُوعِيٍّ,on an encyclopedic cultural scale,TH-Q-F-W-S-ʿ (ث ق ف و س ع),ث.ق.ف.و.س.ع,,,,,4,multiword_no_single_root|phrase_has_single_root_claim
624,فِي هَذِهِ المَرْحَلَةِ المِفْصَلِيَّةِ المَأْسَاوِيَّةِ,at this tragic and pivotal stage,F-Ṣ-L-ʾ-S-W (ف ص ل أ س و),ف.ص.ل.أ.س.و,,,,,5,multiword_no_single_root|phrase_has_single_root_claim
625,بِدُونِ سَابِقِ اِنْذَارٍ دِبْلُومَاسِيٍّ,without prior diplomatic warning,N-DH-R-D-B-L (ن ذ ر د ب ل),ن.ذ.ر.د.ب.ل,,,,,4,multiword_no_single_root|phrase_has_single_root_claim
626,مِنْ نَاحِيَةٍ تَنْظِيمِيَّةٍ دَاخِلِيَّةٍ,from an internal organizational perspective,N-Ẓ-M (ن ظ م),ن.ظ.م,,,,,4,multiword_no_single_root|phrase_has_single_root_claim
627,فِي المَدَى المَنْظُورِ القَرِيبِ المَلْمُوسِ حَتْمًا,in the near foreseeable future inevitably tangible,N-Ẓ-R-L-M-S-Ḥ-T-M (ن ظ ر ل م س ح ت م),ن.ظ.ر.ل.م.س.ح.ت.م,,,,,6,multiword_no_single_root|phrase_has_single_root_claim
628,بِغَضِّ النَّظَرِ عَنِ الاِعْتِبَارَاتِ الجُمَالِيَّةِ المَحْضَةِ,regardless of purely aesthetic considerations,J-M-L (ج م ل),ج.م.ل,,,,,6,multiword_no_single_root|phrase_has_single_root_claim
629,عَلَى وَشْكِ الاِنْهِيَارِ التَّامِّ,on the verge of total collapse,H-Y-R (ہ ی ر),ر,,,,,4,duplicate_front|multiword_no_single_root|phrase_has_single_root_claim
630,بِمَحْضِ تَقْدِيرِكَ المَنْطِقِيِّ العِلْمِيِّ,at your own logical and scientific discretion,N-Ṭ-Q-ʿ-L-M (ن ط ق ع ل م),ن.ط.ق.ع.ل.م,,,,,4,multiword_no_single_root|phrase_has_single_root_claim
631,فِي حَالِ طَلَبِ التَّوْضِيحِ الجُورَافِيِّ,in case geographical clarification is requested,J-GH-R-F-W-Ḍ-Ḥ (ج غ ر ف و ض ح),ج.غ.ر.ف.و.ض.ح,,,,,5,multiword_no_single_root|phrase_has_single_root_claim
632,عَلَى مَدَى الجِيالِ المُنْطَفِئَةِ لِلأَسَفِ,over unfortunately extinguished / faded generations,Ṭ-F-ʾ (ط ف أ),ط.ف.أ,,,,,5,multiword_no_single_root|phrase_has_single_root_claim
633,بِغَرَضِ التَّحْصِينِ,for the purpose of immunization / for fortification,Ḥ-Ṣ-N (ح ص ن),ح.ص.ن,,,,,2,multiword_no_single_root|phrase_has_single_root_claim
634,فِي المَقَامِ التَّاسِعِ وَالعِشْرِينَ,in the twenty-ninth place / twenty-ninthly,Q-W-M (ق و م),ق.و.م,,,,,4,multiword_no_single_root|phrase_has_single_root_claim
635,بِمَا لَا يَدَعُ مَجَالاً لِلانْحِرَافِ السُّلُوكِىِّ,virtuous / correct / leaving no room for behavioral deviation,Ḥ-R-F (ح ر ف),ح.ر.ف,,,,,6,multiword_no_single_root|phrase_has_single_root_claim
636,مِنْ قُبَيْلِ المَصْلَحَةِ الاِنْتِخَابِيَّةِ الضَّيِّقَةِ,for narrow electoral interest,Ṣ-L-Ḥ-KH-B (ص ل ح خ ب),ص.ل.ح.خ.ب,,,,,5,multiword_no_single_root|phrase_has_single_root_claim
637,مِنَ الصَّعْبِ تَبْرِيرُهُ أَخْلَاقِيًّا,hard to justify ethically / morally indefensible,B-R-R (ب ر ر),ب.ر.ر,,,,,4,multiword_no_single_root|phrase_has_single_root_claim
638,عَلَى نِطَاقٍ مَعْلُومَاتِيٍّ ضَخْمٍ,on a massive informational / data scale,ʿ-L-M-M-ʿ-L (ع ل م م ع ل),ع.ل.م.م.ع.ل,,,,,4,multiword_no_single_root|phrase_has_single_root_claim
639,فِي هَذِهِ المَرْحَلَةِ المِفْصَلِيَّةِ الوَاعِدَةِ,at this promising and pivotal stage,F-Ṣ-L-W-ʿ-D (ف ص ل و ع د),ف.ص.ل.و.ع.د,,,,,5,multiword_no_single_root|phrase_has_single_root_claim
640,بِدُونِ سَابِقِ تَنْسِيقٍ إِعْلَامِيٍّ,without prior media coordination,N-S-Q-ʿ-L-M (ن س ق ع ل م),ن.س.ق.ع.ل.م,,,,,4,multiword_no_single_root|phrase_has_single_root_claim
641,مِنْ نَاحِيَةٍ اِحْصَائِيَّةٍ بَحْتَةٍ,from a purely statistical perspective,Ḥ-Ṣ-Y (ح ص ی),ح.ص,,,,,4,multiword_no_single_root|phrase_has_single_root_claim
642,فِي المَدَى المَنْظُورِ القَرِيبِ المَلْمُوسِ جِدًّا,in the very near and tangible foreseeable future,N-Ẓ-R-L-M-S (ن ظ ر ل م س),ن.ظ.ر.ل.م.س,,,,,6,duplicate_front|multiword_no_single_root|phrase_has_single_root_claim
643,بِغَضِّ النَّظَرِ عَنِ الاِعْتِبَارَاتِ البِيئِيَّةِ المُعَقَّدَةِ,regardless of complex environmental considerations,B-Y-ʾ (ب ی ء),ب.ء,,,,,6,multiword_no_single_root|phrase_has_single_root_claim
644,عَلَى وَشْكِ الاِنْفِجَارِ,on the verge of exploding / bursting,F-J-R (ف ج ر),ف.ج.ر,,,,,3,duplicate_front|multiword_no_single_root|phrase_has_single_root_claim
645,بِمَحْضِ تَقْدِيرِكَ العَقْلِيِّ السَّلِيمِ,at your own sound rational discretion,ʿ-Q-L-S-L-M (ع ق ل س ل م),ع.ق.ل.س.ل.م,,,,,4,multiword_no_single_root|phrase_has_single_root_claim
646,فِي حَالِ طَلَبِ التَّوْضِيحِ المَالِيِّ,in case financial clarification is requested,M-W-L-W-Ḍ-Ḥ (م و ل و ض ح),م.و.ل.و.ض.ح,,,,,5,multiword_no_single_root|phrase_has_single_root_claim
647,عَلَى مَدَى الجِيالِ المُنْكَسِرَةِ تَمَامًا,over completely broken generations,K-S-R (ك س ر),ك.س.ر,,,,,5,multiword_no_single_root|phrase_has_single_root_claim
648,بِغَرَضِ التَّجْنِيدِ,for the purpose of recruitment / for conscription,J-N-D (ج ن د),ج.ن.د,,,,,2,multiword_no_single_root|phrase_has_single_root_claim
649,فِي المَقَامِ الثَّلَاثِينَ,in the thirtieth place / thirtiethly,Q-W-M (ق و م),ق.و.م,,,,,3,multiword_no_single_root|phrase_has_single_root_claim
650,بِمَا لَا يَدَعُ مَجَالاً لِلتَّدَهْوُرِ المَنَاخِيِّ,environmentally stable / leaving no room for climate deterioration,D-H-R-J-M-N-KH (د ہ ر ج م ن خ),د.ر.ج.م.ن.خ,,,,,6,multiword_no_single_root|phrase_has_single_root_claim
651,مِنْ قُبَيْلِ المَصْلَحَةِ الاِسْتِثْمَارِيَّةِ الوَاعِدَةِ,for the sake of promising investment interest,Ṣ-L-Ḥ-TH-M-R (ص ل ح ث م ر),ص.ل.ح.ث.م.ر,,,,,5,multiword_no_single_root|phrase_has_single_root_claim
652,مِنَ الصَّعْبِ تَحَمُّلُ غِيَابِهِ,hard to bear his/its absence / deeply missed,Ḥ-M-L (ح م ل),ح.م.ل,,,,,4,multiword_no_single_root|phrase_has_single_root_claim
653,عَلَى نِطَاقٍ تَوْعَوِيٍّ اِجْتِمَاعِيٍّ,on a social awareness scale,W-ʿ-Y-J-M-ʿ (و ع ی ج م ع),و.ع.ج.م.ع,,,,,4,multiword_no_single_root|phrase_has_single_root_claim
654,فِي هَذِهِ المَرْحَلَةِ المِفْصَلِيَّةِ الغَامِضَةِ,at this mysterious and pivotal stage,F-Ṣ-L-GH-M-Ḍ (ف ص ل غ م ض),ف.ص.ل.غ.م.ض,,,,,5,multiword_no_single_root|phrase_has_single_root_claim
655,بِدُونِ سَابِقِ اِتِّفَاقٍ سِيَاسِيٍّ مُسْبَقٍ,without any prior political agreement,W-F-Q-S-Y-S (و ف ق س ی س),و.ف.ق.س.س,,,,,5,multiword_no_single_root|phrase_has_single_root_claim
656,مِنْ نَاحِيَةٍ مَنْهَجِيَّةٍ نَظَرِيَّةٍ,from a theoretical methodological perspective,N-H-J-N-Ẓ-R (ن ہ ج ن ظ ر),ن.ج.ن.ظ.ر,,,,,4,multiword_no_single_root|phrase_has_single_root_claim
657,فِي المَدَى المَنْظُورِ القَرِيبِ المَلْمُوسِ قَطْعًا,in the near foreseeable future definitively tangible,N-Ẓ-R-L-M-S-Q-Ṭ-ʿ (ن ظ ر ل م س ق ط ع),ن.ظ.ر.ل.م.س.ق.ط.ع,,,,,6,multiword_no_single_root|phrase_has_single_root_claim
658,بِغَضِّ النَّظَرِ عَنِ الاِعْتِبَارَاتِ الدِّبْلُومَاسِيَّةِ الحَسَّاسَةِ,regardless of sensitive diplomatic considerations,D-B-L-Ḥ-S-S (د ب ل ح س س),د.ب.ل.ح.س.س,,,,,6,multiword_no_single_root|phrase_has_single_root_claim
659,عَلَى وَشْكِ الاِنْفِرَاجِ,on the verge of a breakthrough / easing of tension,F-R-J (ف ر ج),ف.ر.ج,,,,,3,multiword_no_single_root|phrase_has_single_root_claim
660,بِمَحْضِ تَقْدِيرِكَ العَقْلِيِّ البَحْتِ,at your own purely rational discretion,ʿ-Q-L-B-Ḥ-T (ع ق ل ب ح ت),ع.ق.ل.ب.ح.ت,,,,,4,multiword_no_single_root|phrase_has_single_root_claim
661,فِي حَالِ طَلَبِ التَّوْضِيحِ المِهَنِيِّ,in case professional clarification is requested,M-H-N-W-Ḍ-Ḥ (م ہ ن و ض ح),م.ن.و.ض.ح,,,,,5,multiword_no_single_root|phrase_has_single_root_claim
662,عَلَى مَدَى الجِيالِ المُنْبَعِثَةِ مِنْ بَيْنِ الرُّكَامِ,over generations rising / emitting from the rubble,B-ʿ-TH (ب ع ث),ب.ع.ث,,,,,7,multiword_no_single_root|phrase_has_single_root_claim
663,بِغَرَضِ التَّصْفِيَةِ,for the purpose of liquidation / for filtering / for elimination,Ṣ-F-W (ص ف و),ص.ف.و,,,,,2,multiword_no_single_root|phrase_has_single_root_claim
664,فِي المَقَامِ الحَادِي وَالثَّلَاثِينَ,in the thirty-first place / thirty-firstly,Q-W-M (ق و م),ق.و.م,,,,,4,multiword_no_single_root|phrase_has_single_root_claim
665,بِمَا لَا يَدَعُ مَجَالاً لِلانْقِسَامِ المُجْتَمَعِيِّ,socially unified / leaving no room for societal division,Q-S-M (ق س م),ق.س.م,,,,,6,multiword_no_single_root|phrase_has_single_root_claim
666,مِنْ قُبَيْلِ المَصْلَحَةِ الاِسْتِخْبَارَاتِيَّةِ العَالِيَةِ,for the sake of high intelligence interest,KH-B-R (خ ب ر),خ.ب.ر,,,,,5,multiword_no_single_root|phrase_has_single_root_claim
667,مِنَ الصَّعْبِ تَجَاوُزُ هَذِهِ العَقَبَةِ,hard to overcome this obstacle / difficult hurdle,ʿ-Q-B-J-W-Z (ع ق ب ج و ز),ع.ق.ب.ج.و.ز,,,,,5,multiword_no_single_root|phrase_has_single_root_claim
668,عَلَى نِطَاقٍ تَنْمَوِيٍّ مُسْتَدَامٍ,on a sustainable developmental scale,N-M-W-D-W-M (ن م و د و م),ن.م.و.د.و.م,,,,,4,multiword_no_single_root|phrase_has_single_root_claim
669,فِي هَذِهِ المَرْحَلَةِ المِفْصَلِيَّةِ المُتَسَارِعَةِ,at this accelerating and pivotal stage,F-Ṣ-L-S-R-ʿ (ف ص ل س ر ع),ف.ص.ل.س.ر.ع,,,,,5,multiword_no_single_root|phrase_has_single_root_claim
670,بِدُونِ سَابِقِ تَهْيِئَةٍ نَفْسِيَّةٍ,without prior psychological preparation,H-Y-ʾ-N-F-S (ہ ی ء ن ف س),ء.ن.ف.س,,,,,4,multiword_no_single_root|phrase_has_single_root_claim
671,مِنْ نَاحِيَةٍ تَنْفِيذِيَّةٍ بَحْتَةٍ لِلْغَايَةِ,from an extremely purely operational perspective,N-F-DH (ن ف ذ),ن.ف.ذ,,,,,5,multiword_no_single_root|phrase_has_single_root_claim
672,فِي المَدَى المَنْظُورِ القَرِيبِ المَلْمُوسِ قَرِيبًا جِدًّا,in the near foreseeable future tangible very soon,N-Ẓ-R-L-M-S-Q-R-B (ن ظ ر ل م س ق ر ب),ن.ظ.ر.ل.م.س.ق.ر.ب,,,,,7,multiword_no_single_root|phrase_has_single_root_claim
673,بِغَضِّ النَّظَرِ عَنِ الاِعْتِبَارَاتِ العَقَائِدِيَّةِ الصَّارِمَةِ,regardless of strict ideological / dogmatic considerations,ʿ-Q-D (ع ق د),ع.ق.د,,,,,6,multiword_no_single_root|phrase_has_single_root_claim
674,عَلَى وَشْكِ الانْصِهَارِ,on the verge of melting down / fusion,Ṣ-H-R (ص ہ ر),ص.ر,,,,,3,multiword_no_single_root|phrase_has_single_root_claim
675,بِمَحْضِ تَقْدِيرِكَ المَنْطِقِيِّ الوَاقِعِيِّ,at your own realistic logical discretion,N-Ṭ-Q-W-Q-ʿ (ن ط ق و ق ع),ن.ط.ق.و.ق.ع,,,,,4,multiword_no_single_root|phrase_has_single_root_claim
676,فِي حَالِ طَلَبِ التَّوْضِيحِ الإِجْرَائِيِّ,in case procedural clarification is requested,J-R-W-W-Ḍ-Ḥ (ج ر و و ض ح),ج.ر.و.و.ض.ح,,,,,5,multiword_no_single_root|phrase_has_single_root_claim
677,عَلَى مَدَى الجِيالِ المُنْطَفِئَةِ لِلأَسَفِ الشَّدِيدِ,over very unfortunately extinguished generations,Ṭ-F-ʾ (ط ف أ),ط.ف.أ,,,,,6,multiword_no_single_root|phrase_has_single_root_claim
678,بِغَرَضِ الاِسْتِلَامِ,for the purpose of receiving / for taking delivery,S-L-M (س ل م),س.ل.م,,,,,2,multiword_no_single_root|phrase_has_single_root_claim
679,فِي المَقَامِ الثَّانِي وَالثَّلَاثِينَ,in the thirty-second place / thirty-secondly,Q-W-M (ق و م),ق.و.م,,,,,4,multiword_no_single_root|phrase_has_single_root_claim
680,بِمَا لَا يَدَعُ مَجَالاً لِلتَّأْوِيلِ الخَاطِئِ,clear / unambiguous / leaving no room for misinterpretation,ʾ-W-L (أ و ل),أ.و.ل,,,,,6,duplicate_front|multiword_no_single_root|phrase_has_single_root_claim
681,مِنْ قُبَيْلِ المَصْلَحَةِ المِهَنِيَّةِ النَّقِيَّةِ,for the sake of pure professional interest,Ṣ-L-Ḥ-M-H-N (ص ل ح م ہ ن),ص.ل.ح.م.ن,,,,,5,multiword_no_single_root|phrase_has_single_root_claim
682,مِنَ الصَّعْبِ تَفَادِي الآثَارِ الجَانِبِيَّةِ,hard to avoid side effects / inevitable consequences,F-D-Y-ʾ-TH-R (ف د ی أ ث ر),ف.د.أ.ث.ر,,,,,5,multiword_no_single_root|phrase_has_single_root_claim
683,عَلَى نِطَاقٍ تِجَارِيٍّ عَالَمِيٍّ مُنَافِسٍ,on a competitive global commercial scale,T-J-R-N-F-S (ت ج ر ن ف س),ت.ج.ر.ن.ف.س,,,,,5,multiword_no_single_root|phrase_has_single_root_claim
684,فِي هَذِهِ المَرْحَلَةِ المِفْصَلِيَّةِ القَاسِيَةِ,at this harsh and pivotal stage,F-Ṣ-L-Q-S-W (ف ص ل ق س و),ف.ص.ل.ق.س.و,,,,,5,multiword_no_single_root|phrase_has_single_root_claim
685,بِدُونِ سَابِقِ تَعَهُّدٍ مَالِيٍّ مُوَثَّقٍ,without any prior documented financial commitment,ʿ-H-D-M-W-L (ع ہ د م و ل),ع.د.م.و.ل,,,,,5,multiword_no_single_root|phrase_has_single_root_claim
686,مِنْ نَاحِيَةٍ فَنِّيَّةٍ تَقْنِيَّةٍ دَقِيقَةٍ,from a precise technical and technological perspective,F-N-N-T-Q-N (ف ن ن ت ق ن),ف.ن.ن.ت.ق.ن,,,,,5,multiword_no_single_root|phrase_has_single_root_claim
687,فِي المَدَى المَنْظُورِ القَرِيبِ المَلْمُوسِ حَالاً,in the near foreseeable future tangible right now,N-Ẓ-R-L-M-S-Ḥ-W-L (ن ظ ر ل م س ح و ل),ن.ظ.ر.ل.م.س.ح.و.ل,,,,,6,multiword_no_single_root|phrase_has_single_root_claim
688,بِغَضِّ النَّظَرِ عَنِ الاِعْتِبَارَاتِ النَّفْسِيَّةِ العَابِرَةِ,regardless of fleeting psychological considerations,N-F-S-ʿ-B-R (ن ف س ع ب ر),ن.ف.س.ع.ب.ر,,,,,6,multiword_no_single_root|phrase_has_single_root_claim
689,عَلَى وَشْكِ التَّحَوُّلِ الجِذْرِيِّ,on the verge of radical / fundamental transformation,Ḥ-W-L-J-DH-R (ح و ل ج ذ ر),ح.و.ل.ج.ذ.ر,,,,,4,multiword_no_single_root|phrase_has_single_root_claim
690,بِمَحْضِ تَقْدِيرِكَ العِلْمِيِّ الصِّرْفِ,at your own purely scientific discretion,ʿ-L-M (ع ل م),ع.ل.م,,,,,4,multiword_no_single_root|phrase_has_single_root_claim
691,فِي حَالِ طَلَبِ التَّوْضِيحِ القَانُونِيِّ,in case legal clarification is requested,Q-N-N-W-Ḍ-Ḥ (ق ن ن و ض ح),ق.ن.ن.و.ض.ح,,,,,5,duplicate_front|multiword_no_single_root|phrase_has_single_root_claim
692,عَلَى مَدَى الجِيالِ المُنْبَعِثَةِ مِنْ بَيْنِ الرُّكَامِ لِلأَسَفِ,over generations rising from the rubble unfortunately,B-ʿ-TH (ب ع ث),ب.ع.ث,,,,,8,multiword_no_single_root|phrase_has_single_root_claim
693,بِغَرَضِ الاِسْتِمَالَةِ,for the purpose of winning over / for attraction,M-Y-L (م ی ل),م.ل,,,,,2,multiword_no_single_root|phrase_has_single_root_claim
694,فِي المَقَامِ الثَّالِثِ وَالثَّلَاثِينَ,in the thirty-third place / thirty-thirdly,Q-W-M (ق و م),ق.و.م,,,,,4,multiword_no_single_root|phrase_has_single_root_claim
695,بِمَا لَا يَدَعُ مَجَالاً لِلتَّبَاينِ الطَّبَقِيِّ,egalitarian / leaving no room for class disparity,B-Y-N (ب ی ن),ب.ن,,,,,6,multiword_no_single_root|phrase_has_single_root_claim
696,مِنْ قُبَيْلِ المَصْلَحَةِ الاِسْتِرَاتِيجِيَّةِ الوُجُودِيَّةِ,for the sake of existential strategic interest,Ṣ-L-Ḥ-W-J-D (ص ل ح و ج د),ص.ل.ح.و.ج.د,,,,,5,multiword_no_single_root|phrase_has_single_root_claim
697,مِنَ الصَّعْبِ تَفَادِي الوُقُوعِ فِي الفَخِّ,hard to avoid falling into the trap,F-KH-KH (ف خ خ),ف.خ.خ,,,,,6,multiword_no_single_root|phrase_has_single_root_claim
698,عَلَى نِطَاقٍ تَرْبَوِيٍّ أَخْلَاقِيٍّ شَامِلٍ,on a comprehensive educational and moral scale,R-B-W-KH-L-Q (ر ب و خ ل ق),ر.ب.و.خ.ل.ق,,,,,5,duplicate_front|multiword_no_single_root|phrase_has_single_root_claim
699,فِي هَذِهِ المَرْحَلَةِ المِفْصَلِيَّةِ المُرْتَبِكَةِ,at this confused and pivotal stage,F-Ṣ-L-R-B-K (ف ص ل ر ب ک),ف.ص.ل.ر.ب,,,,,5,multiword_no_single_root|phrase_has_single_root_claim
700,بِدُونِ سَابِقِ تَعَهُّدٍ سِيَاسِيٍّ مُلْزِمٍ,without any prior binding political commitment,ʿ-H-D-L-Z-M (ع ہ د ل ز م),ع.د.ل.ز.م,,,,,5,duplicate_front|multiword_no_single_root|phrase_has_single_root_claim
701,مِنْ نَاحِيَةٍ تَنْظِيمِيَّةٍ إِدَارِيَّةٍ صِرْفَةٍ,from a purely organizational and administrative perspective,N-Ẓ-M-D-W-R (ن ظ م د و ر),ن.ظ.م.د.و.ر,,,,,5,multiword_no_single_root|phrase_has_single_root_claim
702,فِي المَدَى المَنْظُورِ القَرِيبِ المَلْمُوسِ تَمَامًا,in the near foreseeable future completely tangible,N-Ẓ-R-L-M-S-T-M-M (ن ظ ر ل م س ت م م),ن.ظ.ر.ل.م.س.ت.م.م,,,,,6,duplicate_front|multiword_no_single_root|phrase_has_single_root_claim
703,بِغَضِّ النَّظَرِ عَنِ الاِعْتِبَارَاتِ العِرْقِيَّةِ الضَّيِّقَةِ,regardless of narrow racial considerations,ʿ-R-Q (ع ر ق),ع.ر.ق,,,,,6,multiword_no_single_root|phrase_has_single_root_claim
704,عَلَى وَشْكِ التَّحَطُّمِ,on the verge of crashing / shattering / breaking,Ḥ-Ṭ-M (ح ط م),ح.ط.م,,,,,3,multiword_no_single_root|phrase_has_single_root_claim
705,بِمَحْضِ تَقْدِيرِكَ العِلْمِيِّ الدَّقِيقِ,at your own precise scientific discretion,ʿ-L-M-D-Q-Q (ع ل م د ق ق),ع.ل.م.د.ق.ق,,,,,4,multiword_no_single_root|phrase_has_single_root_claim
706,فِي حَالِ طَلَبِ التَّوْضِيحِ الإِصْحَاحِيِّ,in case sanitation clarification is requested,Ṣ-Ḥ-Ḥ-W-Ḍ-Ḥ (ص ح ح و ض ح),ص.ح.ح.و.ض.ح,,,,,5,multiword_no_single_root|phrase_has_single_root_claim
707,عَلَى مَدَى الجِيالِ المُنْبَعِثَةِ مِنْ بَيْنِ الرُّكَامِ لِلأَسَفِ الشَّدِيدِ,over generations rising from the rubble very unfortunately,B-ʿ-TH (ب ع ث),ب.ع.ث,,,,,9,multiword_no_single_root|phrase_has_single_root_claim
708,بِغَرَضِ الاِسْتِمَالَةِ الفِكْرِيَّةِ,for the purpose of intellectual winning over / conversion,M-Y-L (م ی ل),م.ل,,,,,3,multiword_no_single_root|phrase_has_single_root_claim
709,فِي المَقَامِ الرَّابِعِ وَالثَّلَاثِينَ,in the thirty-fourth place / thirty-fourthly,Q-W-M (ق و م),ق.و.م,,,,,4,multiword_no_single_root|phrase_has_single_root_claim
710,بِمَا لَا يَدَعُ مَجَالاً لِلتَّبَايُنِ المَعْرِفِيِّ,intellectually unified / leaving no room for knowledge disparity,B-Y-N (ب ی ن),ب.ن,,,,,6,multiword_no_single_root|phrase_has_single_root_claim
711,مِنْ قُبَيْلِ المَصْلَحَةِ الاِسْتِرَاتِيجِيَّةِ الشَّامِلَةِ,for the sake of comprehensive strategic interest,Ṣ-L-Ḥ-S-T-R-J (ص ل ح س ت ر ج),ص.ل.ح.س.ت.ر.ج,,,,,5,multiword_no_single_root|phrase_has_single_root_claim
712,مِنَ الصَّعْبِ تَفَادِي الوُقُوعِ فِي هَذَا المَنْزَلِ,hard to avoid falling into this house / trap (metaphor),N-Z-L (ن ز ل),ن.ز.ل,,,,,7,multiword_no_single_root|phrase_has_single_root_claim
713,عَلَى نِطَاقٍ تَرْبَوِيٍّ رِيَاضِيٍّ مُتَخَصِّصٍ,on a specialized educational and athletic scale,R-B-W-R-Y-Ḍ (ر ب و ر ی ض),ر.ب.و.ر.ض,,,,,5,multiword_no_single_root|phrase_has_single_root_claim
714,فِي هَذِهِ المَرْحَلَةِ المِفْصَلِيَّةِ النِّهَائِيَّةِ,at this final and pivotal stage,F-Ṣ-L-N-H-Y (ف ص ل ن ہ ی),ف.ص.ل.ن,,,,,5,multiword_no_single_root|phrase_has_single_root_claim
715,بِدُونِ سَابِقِ تَعَهُّدٍ سِيَاسِيٍّ رَسْمِيٍّ,without any prior official political commitment,ʿ-H-D-S-Y-S (ع ہ د س ی س),ع.د.س.س,,,,,5,multiword_no_single_root|phrase_has_single_root_claim
716,مِنْ نَاحِيَةٍ تَنْظِيمِيَّةٍ دُسْتُورِيَّةٍ صِرْفَةٍ,from a purely organizational and constitutional perspective,N-Ẓ-M-D-S-T-R (ن ظ م د س ت ر),ن.ظ.م.د.س.ت.ر,,,,,5,multiword_no_single_root|phrase_has_single_root_claim
717,فِي المَدَى المَنْظُورِ القَرِيبِ المَلْمُوسِ حَالاً جِدًّا,in the near foreseeable future tangible right now very soon,N-Ẓ-R-L-M-S-Ḥ-L (ن ظ ر ل م س ح ل),ن.ظ.ر.ل.م.س.ح.ل,,,,,7,multiword_no_single_root|phrase_has_single_root_claim
718,بِغَضِّ النَّظَرِ عَنِ الاِعْتِبَارَاتِ النَّفْسِيَّةِ العَمِيقَةِ,regardless of deep psychological considerations,N-F-S (ن ف س),ن.ف.س,,,,,6,multiword_no_single_root|phrase_has_single_root_claim
719,عَلَى وَشْكِ التَّلاشِي الكُلِّيِّ,on the verge of total disappearance / vanishing,L-SH-Y (ل ش ي),ل.ش.ي,,,,,4,multiword_no_single_root|phrase_has_single_root_claim
720,بِمَحْضِ تَقْدِيرِكَ العِلْمِيِّ الفَنِّيِّ,at your own scientific and technical discretion,ʿ-L-M-F-N-N (ع ل م ف ن ن),ع.ل.م.ف.ن.ن,,,,,4,multiword_no_single_root|phrase_has_single_root_claim
721,فِي حَالِ طَلَبِ التَّوْضِيحِ الإِيكُولُوجِيِّ,in case ecological clarification is requested,ʾ-Y-K-W-L-W-J (أ ی ک و ل و ج),أ.و.ل.و.ج,,,,,5,duplicate_front|multiword_no_single_root|phrase_has_single_root_claim
722,عَلَى مَدَى الجِيالِ المُنْبَعِثَةِ مِنْ بَيْنِ الرُّكَامِ بَعْدَ اليَأْسِ,over generations rising from the rubble after despair,B-ʿ-TH (ب ع ث),ب.ع.ث,,,,,9,multiword_no_single_root|phrase_has_single_root_claim
723,بِغَرَضِ الاِسْتِمَالَةِ العَاطِفِيَّةِ,for the purpose of emotional winning over / manipulation,M-Y-L (م ی ل),م.ل,,,,,3,multiword_no_single_root|phrase_has_single_root_claim
724,فِي المَقَامِ الخَامِسِ وَالثَّلَاثِينَ,in the thirty-fifth place / thirty-fifthly,Q-W-M (ق و م),ق.و.م,,,,,4,multiword_no_single_root|phrase_has_single_root_claim
725,بِمَا لَا يَدَعُ مَجَالاً لِلتَّبَاينِ اللُّغَوِيِّ,linguistically unified / leaving no room for language disparity,B-Y-N (ب ی ن),ب.ن,,,,,6,multiword_no_single_root|phrase_has_single_root_claim
726,مِنْ قُبَيْلِ المَصْلَحَةِ الاِسْتِرَاتِيجِيَّةِ البَعِيدَةِ,for the sake of distant / long-term strategic interest,Ṣ-L-Ḥ-S-T-R-J (ص ل ح س ت ر ج),ص.ل.ح.س.ت.ر.ج,,,,,5,multiword_no_single_root|phrase_has_single_root_claim
727,مِنَ الصَّعْبِ تَفَادِي الوُقُوعِ فِي هَذَا المَطَبِّ,hard to avoid falling into this pitfall / bump (metaphor),Ṭ-B-B (ط ب ب),ط.ب.ب,,,,,7,duplicate_front|multiword_no_single_root|phrase_has_single_root_claim
728,عَلَى نِطَاقٍ تَرْبَوِيٍّ تِكْنُولُوجِيٍّ شَامِلٍ,on a comprehensive educational and technological scale,R-B-W-T-K-N-L (ر ب و ت ک ن ل),ر.ب.و.ت.ن.ل,,,,,5,duplicate_front|multiword_no_single_root|phrase_has_single_root_claim
729,فِي هَذِهِ المَرْحَلَةِ المِفْصَلِيَّةِ الوُجُودِيَّةِ,at this existential and pivotal stage,F-Ṣ-L-W-J-D (ف ص ل و ج د),ف.ص.ل.و.ج.د,,,,,5,multiword_no_single_root|phrase_has_single_root_claim
730,بِدُونِ سَابِقِ تَعَهُّدٍ سِيَاسِيٍّ صَرِيحٍ,without any prior explicit political commitment,ʿ-H-D-S-Y-S (ع ہ د س ی س),ع.د.س.س,,,,,5,multiword_no_single_root|phrase_has_single_root_claim
731,مِنْ نَاحِيَةٍ تَنْظِيمِيَّةٍ اِجْتِمَاعِيَّةٍ صِرْفَةٍ,from a purely organizational and social perspective,N-Ẓ-M-J-M-ʿ (ن ظ م ج م ع),ن.ظ.م.ج.م.ع,,,,,5,multiword_no_single_root|phrase_has_single_root_claim
732,فِي المَدَى المَنْظُورِ القَرِيبِ المَلْمُوسِ فَوْرًا جِدًّا,in the near foreseeable future tangible right now very much,N-Ẓ-R-L-M-S-Ḥ-F-R (ن ظ ر ل م س ح ف ر),ن.ظ.ر.ل.م.س.ح.ف.ر,,,,,7,multiword_no_single_root|phrase_has_single_root_claim
733,بِغَضِّ النَّظَرِ عَنِ الاِعْتِبَارَاتِ النَّفْسِيَّةِ العَابِرَةِ لِلأَسَفِ,regardless of unfortunately fleeting psychological considerations,N-F-S-ʿ-B-R (ن ف س ع ب ر),ن.ف.س.ع.ب.ر,,,,,7,multiword_no_single_root|phrase_has_single_root_claim
734,عَلَى وَشْكِ التَّلاشِي النِّهَائِيِّ,on the verge of final disappearance / vanishing,L-SH-Y (ل ش ي),ل.ش.ي,,,,,4,multiword_no_single_root|phrase_has_single_root_claim
735,بِمَحْضِ تَقْدِيرِكَ العِلْمِيِّ المَوْضُوعِيِّ,at your own objective scientific discretion,ʿ-L-M-W-Ḍ-ʿ (ع ل م و ض ع),ع.ل.م.و.ض.ع,,,,,4,multiword_no_single_root|phrase_has_single_root_claim
736,فِي حَالِ طَلَبِ التَّوْضِيحِ الهَيْدْرُولُوجِيِّ,in case hydrological clarification is requested,H-Y-D-R-L-W-J (ہ ی د ر ل و ج),د.ر.ل.و.ج,,,,,5,multiword_no_single_root|phrase_has_single_root_claim
737,عَلَى مَدَى الجِيالِ المُنْبَعِثَةِ مِنْ بَيْنِ الرُّكَامِ بَعْدَ اليَأْسِ القَاتِلِ,over generations rising from the rubble after deadly despair,B-ʿ-TH-Q-T-L (ب ع ث ق ت ل),ب.ع.ث.ق.ت.ل,,,,,10,multiword_no_single_root|phrase_has_single_root_claim
738,بِغَرَضِ الاِسْتِمَالَةِ المِهَنِيَّةِ,for the purpose of professional winning over / networking,M-Y-L (م ی ل),م.ل,,,,,3,multiword_no_single_root|phrase_has_single_root_claim
739,فِي المَقَامِ السَّادِسِ وَالثَّلَاثِينَ,in the thirty-sixth place / thirty-sixthly,Q-W-M (ق و م),ق.و.م,,,,,4,multiword_no_single_root|phrase_has_single_root_claim
740,بِمَا لَا يَدَعُ مَجَالاً لِلتَّبَاينِ الإِثْنِيِّ,ethnically unified / leaving no room for ethnic disparity,B-Y-N-ʾ-TH-N (ب ی ن أ ث ن),ب.ن.أ.ث.ن,,,,,6,multiword_no_single_root|phrase_has_single_root_claim
741,مِنْ قُبَيْلِ المَصْلَحَةِ الاِسْتِرَاتِيجِيَّةِ المَحَلِّيَّةِ,for the sake of local strategic interest,Ṣ-L-Ḥ-M-Ḥ-L (ص ل ح م ح ل),ص.ل.ح.م.ح.ل,,,,,5,multiword_no_single_root|phrase_has_single_root_claim
742,مِنَ الصَّعْبِ تَفَادِي الوُقُوعِ فِي هَذَا الشَّرَكِ,hard to avoid falling into this snare / net / trap,SH-R-K (ش ر ک),ش.ر,,,,,7,duplicate_front|multiword_no_single_root|phrase_has_single_root_claim
743,عَلَى نِطَاقٍ تَرْبَوِيٍّ فَلْسَفِيٍّ عَمِيقٍ,on a deep educational and philosophical scale,R-B-W-F-L-S-F (ر ب و ف ل س ف),ر.ب.و.ف.ل.س.ف,,,,,5,multiword_no_single_root|phrase_has_single_root_claim
744,فِي هَذِهِ المَرْحَلَةِ المِفْصَلِيَّةِ الحَسَّاسَةِ لِلْغَايَةِ,at this extremely sensitive and pivotal stage,F-Ṣ-L-Ḥ-S-S (ف ص ل ح س س),ف.ص.ل.ح.س.س,,,,,6,multiword_no_single_root|phrase_has_single_root_claim
745,بِدُونِ سَابِقِ تَعَهُّدٍ سِيَاسِيٍّ مُطْلَقٍ,without any prior absolute political commitment,ʿ-H-D-S-Y-S (ع ہ د س ی س),ع.د.س.س,,,,,5,multiword_no_single_root|phrase_has_single_root_claim
746,مِنْ نَاحِيَةٍ تَنْظِيمِيَّةٍ اِقْتِصَادِيَّةٍ صِرْفَةٍ,from a purely organizational and economic perspective,N-Ẓ-M-Q-Ṣ-D (ن ظ م ق ص د),ن.ظ.م.ق.ص.د,,,,,5,multiword_no_single_root|phrase_has_single_root_claim
747,فِي المَدَى المَنْظُورِ القَرِيبِ المَلْمُوسِ فَوْرًا جِدًّا تَمَامًا,in the near foreseeable future tangible right now very much completely,N-Ẓ-R-L-M-S-Ḥ-F-T (ن ظ ر ل م س ح ف ت),ن.ظ.ر.ل.م.س.ح.ف.ت,,,,,8,multiword_no_single_root|phrase_has_single_root_claim
748,بِغَضِّ النَّظَرِ عَنِ الاِعْتِبَارَاتِ النَّفْسِيَّةِ العَابِرَةِ لِلأَسَفِ الشَّدِيدِ,regardless of very unfortunately fleeting psychological considerations,N-F-S-ʿ-B-R (ن ف س ع ب ر),ن.ف.س.ع.ب.ر,,,,,8,multiword_no_single_root|phrase_has_single_root_claim
749,عَلَى وَشْكِ التَّلاشِي المَعْنَوِيِّ,on the verge of moral / spiritual disappearance,L-SH-Y-M-ʿ-N-W (ل ش ي م ع ن و),ل.ش.ي.م.ع.ن.و,,,,,4,duplicate_front|multiword_no_single_root|phrase_has_single_root_claim
750,بِمَحْضِ تَقْدِيرِكَ العِلْمِيِّ الشُّمُولِيِّ,at your own comprehensive scientific discretion,ʿ-L-M-SH-M-L (ع ل م ش م ل),ع.ل.م.ش.م.ل,,,,,4,multiword_no_single_root|phrase_has_single_root_claim
751,فِي حَالِ طَلَبِ التَّوْضِيحِ الإِسْتِبْيَانِيِّ,in case survey / questionnaire clarification is requested,B-Y-N-W-Ḍ-Ḥ (ب ی ن و ض ح),ب.ن.و.ض.ح,,,,,5,multiword_no_single_root|phrase_has_single_root_claim
752,عَلَى مَدَى الجِيالِ المُنْبَعِثَةِ مِنْ بَيْنِ الرُّكَامِ بَعْدَ الصَّبْرِ,over generations rising from the rubble after patience,B-ʿ-TH-Ṣ-B-R (ب ع ث ص ب ر),ب.ع.ث.ص.ب.ر,,,,,9,multiword_no_single_root|phrase_has_single_root_claim
753,بِغَرَضِ الاِسْتِمَالَةِ الفَنِّيَّةِ,for the purpose of artistic winning over / aesthetic appeal,M-Y-L (م ی ل),م.ل,,,,,3,multiword_no_single_root|phrase_has_single_root_claim
754,فِي المَقَامِ السَّابِعِ وَالثَّلَاثِينَ,in the thirty-seventh place / thirty-seventhly,Q-W-M (ق و م),ق.و.م,,,,,4,multiword_no_single_root|phrase_has_single_root_claim
755,بِمَا لَا يَدَعُ مَجَالاً لِلتَّبَاينِ الطَّائِفِيِّ,non-sectarian / leaving no room for sectarian disparity,B-Y-N-Ṭ-ʾ-F (ب ی ن ط أ ف),ب.ن.ط.أ.ف,,,,,6,multiword_no_single_root|phrase_has_single_root_claim
756,مِنْ قُبَيْلِ المَصْلَحَةِ الاِسْتِرَاتِيجِيَّةِ الشَّخْصِيَّةِ,for the sake of personal strategic interest,Ṣ-L-Ḥ-SH-KH-Ṣ (ص ل ح ش خ ص),ص.ل.ح.ش.خ.ص,,,,,5,multiword_no_single_root|phrase_has_single_root_claim
757,مِنَ الصَّعْبِ تَفَادِي الوُقُوعِ فِي هَذِهِ الحُفْرَةِ,hard to avoid falling into this pit / hole (metaphor),Ḥ-F-R (ح ف ر),ح.ف.ر,,,,,7,duplicate_front|multiword_no_single_root|phrase_has_single_root_claim
758,عَلَى نِطَاقٍ تَرْبَوِيٍّ لاهُوتِيٍّ مُتَعَمِّقٍ,on a deep educational and theological scale,R-B-W-L-H-T (ر ب و ل ہ ت),ر.ب.و.ل.ت,,,,,5,multiword_no_single_root|phrase_has_single_root_claim
759,فِي هَذِهِ المَرْحَلَةِ المِفْصَلِيَّةِ المُرْعِبَةِ لِلْغَايَةِ,at this extremely terrifying and pivotal stage,F-Ṣ-L-R-ʿ-B (ف ص ل ر ع ب),ف.ص.ل.ر.ع.ب,,,,,6,multiword_no_single_root|phrase_has_single_root_claim
760,بِدُونِ سَابِقِ تَعَهُّدٍ سِيَاسِيٍّ مَوْثُوقٍ,without any prior reliable political commitment,ʿ-H-D-W-TH-Q (ع ہ د و ث ق),ع.د.و.ث.ق,,,,,5,multiword_no_single_root|phrase_has_single_root_claim
761,مِنْ نَاحِيَةٍ تَنْظِيمِيَّةٍ جِيُوبُولِيتِيكِيَّةٍ صِرْفَةٍ,from a purely organizational and geopolitical perspective,N-Ẓ-M-J-Y-W (ن ظ م ج ی و),ن.ظ.م.ج.و,,,,,5,duplicate_front|multiword_no_single_root|phrase_has_single_root_claim
762,فِي المَدَى المَنْظُورِ القَرِيبِ المَلْمُوسِ فَوْرًا جِدًّا كُلِّيًّا,in the near foreseeable future tangible right now very much totally,N-Ẓ-R-L-M-S-Ḥ-F-K (ن ظ ر ل م س ح ف ک),ن.ظ.ر.ل.م.س.ح.ف,,,,,8,multiword_no_single_root|phrase_has_single_root_claim
763,بِغَضِّ النَّظَرِ عَنِ الاِعْتِبَارَاتِ النَّفْسِيَّةِ العَابِرَةِ لِلأَسَفِ البَالِغِ,regardless of extremely unfortunately fleeting psychological considerations,N-F-S-ʿ-B-R (ن ف س ع ب ر),ن.ف.س.ع.ب.ر,,,,,8,multiword_no_single_root|phrase_has_single_root_claim
764,عَلَى وَشْكِ التَّلاشِي اللُّغَوِيِّ,on the verge of linguistic disappearance / extinction,L-SH-Y-L-GH-W (ل ش ي ل غ و),ل.ش.ي.ل.غ.و,,,,,4,multiword_no_single_root|phrase_has_single_root_claim
765,بِمَحْضِ تَقْدِيرِكَ العِلْمِيِّ الفَلْسَفِيِّ,at your own scientific and philosophical discretion,ʿ-L-M-F-L-S (ع ل م ف ل س),ع.ل.م.ف.ل.س,,,,,4,multiword_no_single_root|phrase_has_single_root_claim
766,فِي حَالِ طَلَبِ التَّوْضِيحِ الإِحْصَائِيِّ,in case statistical clarification is requested,Ḥ-Ṣ-Y-W-Ḍ-Ḥ (ح ص ی و ض ح),ح.ص.و.ض.ح,,,,,5,duplicate_front|multiword_no_single_root|phrase_has_single_root_claim
767,عَلَى مَدَى الجِيالِ المُنْبَعِثَةِ مِنْ بَيْنِ الرُّكَامِ بَعْدَ الصَّبْرِ الجَمِيلِ,over generations rising from the rubble after beautiful patience,B-ʿ-TH-Ṣ-B-R-J-M-L (ب ع ث ص ب ر ج م ل),ب.ع.ث.ص.ب.ر.ج.م.ل,,,,,10,multiword_no_single_root|phrase_has_single_root_claim
768,بِغَرَضِ الاِسْتِمَالَةِ الدِّبْلُومَاسِيَّةِ,for the purpose of diplomatic winning over / lobbying,M-Y-L (م ی ل),م.ل,,,,,3,multiword_no_single_root|phrase_has_single_root_claim
769,فِي المَقَامِ الثَّامِنِ وَالثَّلَاثِينَ,in the thirty-eighth place / thirty-eighthly,Q-W-M (ق و م),ق.و.م,,,,,4,multiword_no_single_root|phrase_has_single_root_claim
770,بِمَا لَا يَدَعُ مَجَالاً لِلتَّبَاينِ الأَيْدِيُولُوجِيِّ,ideologically unified / leaving no room for ideological disparity,B-Y-N-ʾ-Y-D (ب ی ن أ ی د),ب.ن.أ.د,,,,,6,multiword_no_single_root|phrase_has_single_root_claim
771,مِنْ قُبَيْلِ المَصْلَحَةِ الاِسْتِرَاتِيجِيَّةِ التِّكْنُولُوجِيَّةِ,for the sake of technological strategic interest,Ṣ-L-Ḥ-T-K-N (ص ل ح ت ک ن),ص.ل.ح.ت.ن,,,,,5,duplicate_front|multiword_no_single_root|phrase_has_single_root_claim
772,مِنَ الصَّعْبِ تَفَادِي الوُقُوعِ فِي هَذِهِ المَتَاهَةِ,hard to avoid falling into this maze / labyrinth (metaphor),T-Y-H (ت ی ہ),ت,,,,,7,duplicate_front|multiword_no_single_root|phrase_has_single_root_claim
773,عَلَى نِطَاقٍ تَرْبَوِيٍّ فِيزْيَائِيٍّ مُتَقَدِّمٍ,on an advanced educational and physical / physics scale,R-B-W-F-Y-Z (ر ب و ف ی ز),ر.ب.و.ف.ز,,,,,5,multiword_no_single_root|phrase_has_single_root_claim
774,فِي هَذِهِ المَرْحَلَةِ المِفْصَلِيَّةِ القَاتِمَةِ لِلْغَايَةِ,at this extremely dark and pivotal stage,F-Ṣ-L-Q-T-M (ف ص ل ق ط م),ف.ص.ل.ق.ط.م,,,,,6,multiword_no_single_root|phrase_has_single_root_claim
775,بِدُونِ سَابِقِ تَعَهُّدٍ سِيَاسِيٍّ مُؤَكَّدٍ,without any prior confirmed political commitment,ʿ-H-D-ʾ-K-D (ع ہ د أ ک د),ع.د.أ.د,,,,,5,multiword_no_single_root|phrase_has_single_root_claim
776,مِنْ نَاحِيَةٍ تَنْظِيمِيَّةٍ دِيِمُوغْرَافِيَّةٍ صِرْفَةٍ,from a purely organizational and demographic perspective,N-Ẓ-M-D-M-G (ن ظ م د م گ),ن.ظ.م.د.م,,,,,5,multiword_no_single_root|phrase_has_single_root_claim
777,فِي المَدَى المَنْظُورِ القَرِيبِ المَلْمُوسِ فَوْرًا جِدًّا نِهَائِيًّا,in the near foreseeable future tangible right now very much finally,N-Ẓ-R-L-M-S-Ḥ-F-N (ن ظ ر ل م س ح ف ن),ن.ظ.ر.ل.م.س.ح.ف.ن,,,,,8,multiword_no_single_root|phrase_has_single_root_claim
778,بِغَضِّ النَّظَرِ عَنِ الاِعْتِبَارَاتِ النَّفْسِيَّةِ العَابِرَةِ لِلأَسَفِ المُرِّ,regardless of bitter unfortunately fleeting psychological considerations,N-F-S-ʿ-B-R-M-R (ن ف س ع ب ر م ر),ن.ف.س.ع.ب.ر.م.ر,,,,,8,multiword_no_single_root|phrase_has_single_root_claim
779,عَلَى وَشْكِ التَّلاشِي الفِكْرِيِّ,on the verge of intellectual disappearance / obsolescence,L-SH-Y-F-K-R (ل ش ي ف ک ر),ل.ش.ي.ف.ر,,,,,4,multiword_no_single_root|phrase_has_single_root_claim
780,بِمَحْضِ تَقْدِيرِكَ العِلْمِيِّ التَّارِيخيِّ,at your own scientific and historical discretion,ʿ-L-M-ʾ-R-KH (ع ل م أ ر خ),ع.ل.م.أ.ر.خ,,,,,4,multiword_no_single_root|phrase_has_single_root_claim
781,فِي حَالِ طَلَبِ التَّوْضِيحِ الإِبِيسْتِيمُولُوجِيِّ,in case epistemological clarification is requested,ʾ-B-S-T-M-L-W-J (أ ب س ت م ل و ج),أ.ب.س.ت.م.ل.و.ج,,,,,5,multiword_no_single_root|phrase_has_single_root_claim
782,عَلَى مَدَى الجِيالِ المُنْبَعِثَةِ مِنْ بَيْنِ الرُّكَامِ بَعْدَ الصَّبْرِ الجَمِيلِ جِدًّا,over generations rising from the rubble after very beautiful patience,B-ʿ-TH-Ṣ-B-R-J-M-L (ب ع ث ص ب ر ج م ل),ب.ع.ث.ص.ب.ر.ج.م.ل,,,,,11,multiword_no_single_root|phrase_has_single_root_claim
783,بِغَرَضِ الاِسْتِمَالَةِ المَنْطِقِيَّةِ,for the purpose of logical winning over / persuasion,M-Y-L-N-Ṭ-Q (م ی ل ن ط ق),م.ل.ن.ط.ق,,,,,3,multiword_no_single_root|phrase_has_single_root_claim
784,فِي المَقَامِ التَّاسِعِ وَالثَّلَاثِينَ,in the thirty-ninth place / thirty-ninthly,Q-W-M (ق و م),ق.و.م,,,,,4,multiword_no_single_root|phrase_has_single_root_claim
785,بِمَا لَا يَدَعُ مَجَالاً لِلتَّبَاينِ المَنْهَجِيِّ,methodologically unified / leaving no room for methodological disparity,B-Y-N-N-H-J (ب ی ن ن ہ ج),ب.ن.ن.ج,,,,,6,multiword_no_single_root|phrase_has_single_root_claim
786,مِنْ قُبَيْلِ المَصْلَحَةِ الاِسْتِرَاتِيجِيَّةِ البِيئِيَّةِ,for the sake of environmental strategic interest,Ṣ-L-Ḥ-B-Y-ʾ (ص ل ح ب ی ء),ص.ل.ح.ب.ء,,,,,5,duplicate_front|multiword_no_single_root|phrase_has_single_root_claim
787,مِنَ الصَّعْبِ تَفَادِي الوُقُوعِ فِي هَذِهِ الشَّبَكَةِ,hard to avoid falling into this web / network (metaphor),SH-B-K (ش ب ک),ش.ب,,,,,7,multiword_no_single_root|phrase_has_single_root_claim
788,عَلَى نِطَاقٍ تَرْبَوِيٍّ رُوحِيٍّ عَمِيقٍ,on a deep educational and spiritual scale,R-B-W-R-W-Ḥ (ر ب و ر و ح),ر.ب.و.ر.و.ح,,,,,5,multiword_no_single_root|phrase_has_single_root_claim
789,فِي هَذِهِ المَرْحَلَةِ المِفْصَلِيَّةِ المَجْهُولَةِ لِلْغَايَةِ,at this extremely unknown and pivotal stage,F-Ṣ-L-J-H-L (ف ص ل ج ہ ل),ف.ص.ل.ج.ل,,,,,6,multiword_no_single_root|phrase_has_single_root_claim
790,بِدُونِ سَابِقِ تَعَهُّدٍ سِيَاسِيٍّ مُسْتَمِرٍّ,without any prior ongoing political commitment,ʿ-H-D-S-M-R (ع ہ د س م ر),ع.د.س.م.ر,,,,,5,multiword_no_single_root|phrase_has_single_root_claim
791,مِنْ نَاحِيَةٍ تَنْظِيمِيَّةٍ دِينِيَّةٍ صِرْفَةٍ,from a purely organizational and religious perspective,N-Ẓ-M-D-Y-N (ن ظ م د ی ن),ن.ظ.م.د.ن,,,,,5,multiword_no_single_root|phrase_has_single_root_claim
792,فِي المَدَى المَنْظُورِ القَرِيبِ المَلْمُوسِ فَوْرًا جِدًّا حَالاً تَمَامًا,in the near foreseeable future tangible right now very much immediately completely,N-Ẓ-R-L-M-S-Ḥ-F-Ḥ-T (ن ظ ر ل م س ح ف ح ت),ن.ظ.ر.ل.م.س.ح.ف.ح.ت,,,,,9,multiword_no_single_root|phrase_has_single_root_claim
793,بِغَضِّ النَّظَرِ عَنِ الاِعْتِبَارَاتِ النَّفْسِيَّةِ العَابِرَةِ لِلأَسَفِ المُرِّ الشَّدِيدِ,regardless of very bitter unfortunately fleeting psychological considerations,N-F-S-ʿ-B-R-M-R-SH (ن ف س ع ب ر م ر ش),ن.ف.س.ع.ب.ر.م.ر.ش,,,,,9,multiword_no_single_root|phrase_has_single_root_claim
794,عَلَى وَشْكِ التَّلاشِي المَادِّيِّ,on the verge of physical disappearance / erosion,L-SH-Y-M-D-D (ل ش ي م د د),ل.ش.ي.م.د.د,,,,,4,multiword_no_single_root|phrase_has_single_root_claim
795,بِمَحْضِ تَقْدِيرِكَ العِلْمِيِّ الفِيزْيَائِيِّ,at your own scientific and physical discretion,ʿ-L-M-F-Y-Z (ع ل م ف ی ز),ع.ل.م.ف.ز,,,,,4,multiword_no_single_root|phrase_has_single_root_claim
796,فِي حَالِ طَلَبِ التَّوْضِيحِ السِّيكُولُوجِيِّ,in case psychological clarification is requested,S-Y-K-L-W-J (س ی ک ل و ج),س.ل.و.ج,,,,,5,multiword_no_single_root|phrase_has_single_root_claim
797,عَلَى مَدَى الجِيالِ المُنْبَعِثَةِ مِنْ بَيْنِ الرُّكَامِ بَعْدَ الصَّبْرِ الجَمِيلِ جِدًّا تَمَامًا,over generations rising from the rubble after very beautiful patience completely,B-ʿ-TH-Ṣ-B-R-J-M-L (ب ع ث ص ب ر ج م ل),ب.ع.ث.ص.ب.ر.ج.م.ل,,,,,12,multiword_no_single_root|phrase_has_single_root_claim
798,بِغَرَضِ الاِسْتِمَالَةِ الكِلاسِيكِيَّةِ,for the purpose of classical winning over / traditional appeal,M-Y-L (م ی ل),م.ل,,,,,3,multiword_no_single_root|phrase_has_single_root_claim
799,فِي المَقَامِ الأَرْبَعِينَ,in the fortieth place / fortiethly,Q-W-M (ق و م),ق.و.م,,,,,3,multiword_no_single_root|phrase_has_single_root_claim
800,بِمَا لَا يَدَعُ مَجَالاً لِلتَّبَاينِ المَعْلُومَاتِيِّ,informationally unified / leaving no room for informational disparity,B-Y-N-ʿ-L-M (ب ی ن ع ل م),ب.ن.ع.ل.م,,,,,6,multiword_no_single_root|phrase_has_single_root_claim
801,مِنْ قُبَيْلِ المَصْلَحَةِ الاِسْتِرَاتِيجِيَّةِ الفَضَائِيَّةِ,for the sake of space-related strategic interest,Ṣ-L-Ḥ-F-Ḍ-W (ص ل ح ف ض و),ص.ل.ح.ف.ض.و,,,,,5,duplicate_front|multiword_no_single_root|phrase_has_single_root_claim
802,مِنَ الصَّعْبِ تَفَادِي الوُقُوعِ فِي هَذَا الفَخِّ,hard to avoid falling into this trap / booby-trap (physical),F-KH-KH (ف خ خ),ف.خ.خ,,,,,7,duplicate_front|multiword_no_single_root|phrase_has_single_root_claim
803,عَلَى نِطَاقٍ تَرْبَوِيٍّ رِيَاضِيٍّ صَارِمٍ,on a strict educational and mathematical scale,R-B-W-R-Y-Ḍ (ر ب و ر ی ض),ر.ب.و.ر.ض,,,,,5,multiword_no_single_root|phrase_has_single_root_claim
804,فِي هَذِهِ المَرْحَلَةِ المِفْصَلِيَّةِ النِّهَائِيَّةِ لِلْغَايَةِ,at this extremely final and pivotal stage,F-Ṣ-L-N-H-Y (ف ص ل ن ہ ی),ف.ص.ل.ن,,,,,6,multiword_no_single_root|phrase_has_single_root_claim
805,بِدُونِ سَابِقِ تَعَهُّدٍ سِيَاسِيٍّ مَكْتُوبٍ,without any prior written political commitment,ʿ-H-D-K-T-B (ع ہ د ک ت ب),ع.د.ت.ب,,,,,5,multiword_no_single_root|phrase_has_single_root_claim
806,مِنْ نَاحِيَةٍ تَنْظِيمِيَّةٍ جُرْمِيَّةٍ صِرْفَةٍ,from a purely organizational and criminal perspective,N-Ẓ-M-J-R-M (ن ظ م ج ر م),ن.ظ.م.ج.ر.م,,,,,5,multiword_no_single_root|phrase_has_single_root_claim
807,فِي المَدَى المَنْظُورِ القَرِيبِ المَلْمُوسِ fawran jiddan haalan mutlaqan,in the near foreseeable future tangible right now very much immediately absolutely,N-Ẓ-R-L-M-S-Ḥ-F-Ḥ-M (ن ظ ر ل م س ح ف ح م),ن.ظ.ر.ل.م.س.ح.ف.ح.م,,,,,9,multiword_no_single_root|phrase_has_single_root_claim
808,بِغَضِّ النَّظَرِ عَنِ الاِعْتِبَارَاتِ النَّفْسِيَّةِ العَابِرَةِ لِلأَسَفِ القَاتِلِ,regardless of deadly unfortunately fleeting psychological considerations,N-F-S-ʿ-B-R-Q-T-L (ن ف س ع ب ر ق ت ل),ن.ف.س.ع.ب.ر.ق.ت.ل,,,,,8,multiword_no_single_root|phrase_has_single_root_claim
809,عَلَى وَشْكِ التَّلاشِي الجَمَالِيِّ,on the verge of aesthetic disappearance / uglification,L-SH-Y-J-M-L (ل ش ي ج م ل),ل.ش.ي.ج.م.ل,,,,,4,multiword_no_single_root|phrase_has_single_root_claim
810,بِمَحْضِ تَقْدِيرِكَ العِلْمِيِّ الكِيمْيَائِيِّ,at your own scientific and chemical discretion,ʿ-L-M-K-Y-M (ع ل م ک ی م),ع.ل.م.م,,,,,4,multiword_no_single_root|phrase_has_single_root_claim
811,فِي حَالِ طَلَبِ التَّوْضِيحِ المِيتَافِيزِيقِيِّ,in case metaphysical clarification is requested,M-Y-T-F-Y-Z (م ی ت ف ی ز),م.ت.ف.ز,,,,,5,multiword_no_single_root|phrase_has_single_root_claim
812,عَلَى مَدَى الجِيالِ المُنْبَعِثَةِ مِنْ بَيْنِ الرُّكَامِ بَعْدَ الصَّبْرِ الجَمِيلِ جِدًّا تَمَامًا نِهَائِيًّا,over generations rising from the rubble after very beautiful patience completely finally,B-ʿ-TH-Ṣ-B-R-J-M-L (ب ع ث ص ب ر ج م ل),ب.ع.ث.ص.ب.ر.ج.م.ل,,,,,13,multiword_no_single_root|phrase_has_single_root_claim
813,بِغَرَضِ الاِسْتِمَالَةِ العَبْقَرِيَّةِ,for the purpose of genius winning over / brilliant appeal,M-Y-L (م ی ل),م.ل,,,,,3,multiword_no_single_root|phrase_has_single_root_claim
814,فِي المَقَامِ الحَادِي وَالأَرْبَعِينَ,in the forty-first place / forty-firstly,Q-W-M (ق و م),ق.و.م,,,,,4,multiword_no_single_root|phrase_has_single_root_claim
815,بِمَا لَا يَدَعُ مَجَالاً لِلتَّبَاينِ التِّقَنِيِّ,technically unified / leaving no room for technical disparity,B-Y-N-T-Q-N (ب ی ن ت ق ن),ب.ن.ت.ق.ن,,,,,6,multiword_no_single_root|phrase_has_single_root_claim
816,مِنْ قُبَيْلِ المَصْلَحَةِ الاِسْتِرَاتِيجِيَّةِ الفِكْرِيَّةِ,for the sake of intellectual strategic interest,Ṣ-L-Ḥ-F-K-R (ص ل ح ف ک ر),ص.ل.ح.ف.ر,,,,,5,multiword_no_single_root|phrase_has_single_root_claim
817,مِنَ الصَّعْبِ تَفَادِي الوُقُوعِ فِي هَذِهِ الحَلَقَةِ,hard to avoid falling into this loop / circle (metaphor),Ḥ-L-Q (ح ل ق),ح.ل.ق,,,,,7,multiword_no_single_root|phrase_has_single_root_claim
818,عَلَى نِطَاقٍ تَرْبَوِيٍّ فَلَكِيٍّ شَامِلٍ,on a comprehensive educational and astronomical scale,R-B-W-F-L-K (ر ب و ف ل ک),ر.ب.و.ف.ل,,,,,5,duplicate_front|multiword_no_single_root|phrase_has_single_root_claim
819,فِي هَذِهِ المَرْحَلَةِ المِفْصَلِيَّةِ العَالَمِيَّةِ لِلْغَايَةِ,at this extremely global and pivotal stage,F-Ṣ-L-ʿ-L-M (ف ص ل ع ل م),ف.ص.ل.ع.ل.م,,,,,6,duplicate_front|multiword_no_single_root|phrase_has_single_root_claim
820,بِدُونِ سَابِقِ تَعَهُّدٍ سِيَاسِيٍّ مُنْتَظِمٍ,without any prior organized political commitment,ʿ-H-D-N-Ẓ-M (ع ہ د ن ظ م),ع.د.ن.ظ.م,,,,,5,multiword_no_single_root|phrase_has_single_root_claim
821,مِنْ نَاحِيَةٍ تَنْظِيمِيَّةٍ جِيُولُوجِيَّةٍ صِرْفَةٍ,from a purely organizational and geological perspective,N-Ẓ-M-J-Y-W (ن ظ م ج ی و),ن.ظ.م.ج.و,,,,,5,duplicate_front|multiword_no_single_root|phrase_has_single_root_claim
822,فِي المَدَى المَنْظُورِ القَرِيبِ المَلْمُوسِ fawran jiddan haalan tamaman mutlaqan,in the near foreseeable future tangible right now very much immediately completely absolutely,N-Ẓ-R-L-M-S-Ḥ-F-Ḥ-T-M (ن ظ ر ل م س ح ف ح ت م),ن.ظ.ر.ل.م.س.ح.ف.ح.ت.م,,,,,10,multiword_no_single_root|phrase_has_single_root_claim
823,بِغَضِّ النَّظَرِ عَنِ الاِعْتِبَارَاتِ النَّفْسِيَّةِ العَابِرَةِ لِلأَسَفِ المُرِّ القَاتِلِ,regardless of bitter deadly unfortunately fleeting psychological considerations,N-F-S-ʿ-B-R-M-R-Q-T (ن ف س ع ب ر م ر ق ت),ن.ف.س.ع.ب.ر.م.ر.ق.ت,,,,,9,multiword_no_single_root|phrase_has_single_root_claim
824,عَلَى وَشْكِ التَّلاشِي المَنْطِقِيِّ,on the verge of logical disappearance / absurdity,L-SH-Y-M-N-Ṭ (ل ش ي م ن ط),ل.ش.ي.م.ن.ط,,,,,4,multiword_no_single_root|phrase_has_single_root_claim
825,بِمَحْضِ تَقْدِيرِكَ العِلْمِيِّ الفَلَكِيِّ,at your own scientific and astronomical discretion,ʿ-L-M-F-L-K (ع ل م ف ل ک),ع.ل.م.ف.ل,,,,,4,multiword_no_single_root|phrase_has_single_root_claim
826,فِي حَالِ طَلَبِ التَّوْضِيحِ الهِيدْرُوكِيمْيَائِيِّ,in case hydro-chemical clarification is requested,H-Y-D-R-W-K-Y-M (ہ ی د ر و ک ی م),د.ر.و.م,,,,,5,multiword_no_single_root|phrase_has_single_root_claim
827,عَلَى مَدَى الجِيالِ المُنْبَعِثَةِ مِنْ بَيْنِ الرُّكَامِ بَعْدَ الصَّبْرِ الجَمِيلِ جِدًّا تَمَامًا نِهَائِيًّا مُطْلَقًا,over generations rising from the rubble after very beautiful patience completely finally absolutely,B-ʿ-TH-Ṣ-B-R-J-M-L (ب ع ث ص ب ر ج م ل),ب.ع.ث.ص.ب.ر.ج.م.ل,,,,,14,multiword_no_single_root|phrase_has_single_root_claim
828,بِغَرَضِ الاِسْتِمَالَةِ المَلَحِمِيَّةِ,for the purpose of epic winning over / heroic appeal,M-Y-L (م ی ل),م.ل,,,,,3,multiword_no_single_root|phrase_has_single_root_claim
829,فِي المَقَامِ الثَّانِي وَالأَرْبَعِينَ,in the forty-second place / forty-secondly,Q-W-M (ق و م),ق.و.م,,,,,4,multiword_no_single_root|phrase_has_single_root_claim
830,بِمَا لَا يَدَعُ مَجَالاً لِلتَّبَاينِ المَنْطِقِيِّ,logically unified / leaving no room for logical disparity,B-Y-N-N-Ṭ-Q (ب ی ن ن ط ق),ب.ن.ن.ط.ق,,,,,6,multiword_no_single_root|phrase_has_single_root_claim
831,مِنْ قُبَيْلِ المَصْلَحَةِ الاِسْتِرَاتِيجِيَّةِ البَحْرِيَّةِ,for the sake of maritime strategic interest,Ṣ-L-Ḥ-B-Ḥ-R (ص ل ح ب ح ر),ص.ل.ح.ب.ح.ر,,,,,5,multiword_no_single_root|phrase_has_single_root_claim
832,مِنَ الصَّعْبِ تَفَادِي الوُقُوعِ فِي هَذِهِ المِصْيَدَةِ,hard to avoid falling into this trap / mousetrap (metaphor),Ṣ-Y-D (ص ی د),ص.د,,,,,7,duplicate_front|multiword_no_single_root|phrase_has_single_root_claim
833,عَلَى نِطَاقٍ تَرْبَوِيٍّ كِيمْيَائِيٍّ مُكَثَّفٍ,on an intensive educational and chemical scale,R-B-W-K-Y-M (ر ب و ک ی م),ر.ب.و.م,,,,,5,multiword_no_single_root|phrase_has_single_root_claim
834,فِي هَذِهِ المَرْحَلَةِ المِفْصَلِيَّةِ القَدَرِيَّةِ لِلْغَايَةِ,at this extremely fateful and pivotal stage,F-Ṣ-L-Q-D-R (ف ص ل ق د ر),ف.ص.ل.ق.د.ر,,,,,6,multiword_no_single_root|phrase_has_single_root_claim
835,بِدُونِ سَابِقِ تَعَهُّدٍ سِيَاسِيٍّ مُلْزِمٍ,without any prior binding political commitment,ʿ-H-D-L-Z-M (ع ہ د ل ز م),ع.د.ل.ز.م,,,,,5,duplicate_front|multiword_no_single_root|phrase_has_single_root_claim
836,مِنْ نَاحِيَةٍ تَنْظِيمِيَّةٍ اِسْتِخْبَارَاتِيَّةٍ صِرْفَةٍ,from a purely organizational and intelligence perspective,N-Ẓ-M-KH-B-R (ن ظ م خ ب ر),ن.ظ.م.خ.ب.ر,,,,,5,multiword_no_single_root|phrase_has_single_root_claim
837,فِي المَدَى المَنْظُورِ القَرِيبِ المَلْمُوسِ fawran jiddan haalan tamaman mutlaqan nihaiyyan,in the near foreseeable future tangible right now very much immediately completely absolutely finally,N-Ẓ-R-L-M-S-Ḥ-F-Ḥ-T-M-N (ن ظ ر ل م س ح ف ح ت م ن),ن.ظ.ر.ل.م.س.ح.ف.ح.ت.م.ن,,,,,11,multiword_no_single_root|phrase_has_single_root_claim
838,بِغَضِّ النَّظَرِ عَنِ الاِعْتِبَارَاتِ النَّفْسِيَّةِ العَابِرَةِ لِلأَسَفِ المُرِّ القَاتِلِ الشَّدِيدِ,regardless of very bitter deadly unfortunately fleeting psychological considerations,N-F-S-ʿ-B-R-M-R-Q-T-SH (ن ف س ع ب ر م ر ق ت ش),ن.ف.س.ع.ب.ر.م.ر.ق.ت.ش,,,,,10,multiword_no_single_root|phrase_has_single_root_claim
839,عَلَى وَشْكِ التَّلاشِي المَعْلُومَاتِيِّ,on the verge of informational disappearance / digital rot,L-SH-Y-ʿ-L-M (ل ش ي ع ل م),ل.ش.ي.ع.ل.م,,,,,4,multiword_no_single_root|phrase_has_single_root_claim
840,بِمَحْضِ تَقْدِيرِكَ العِلْمِيِّ الطِّبِّيِّ,at your own scientific and medical discretion,ʿ-L-M-Ṭ-B-B (ع ل م ط ب ب),ع.ل.م.ط.ب.ب,,,,,4,multiword_no_single_root|phrase_has_single_root_claim
841,فِي حَالِ طَلَبِ التَّوْضِيحِ الجِيُوبُولِيتِيكِيِّ,in case geo-political clarification is requested,J-Y-W-B-W-L (ج ی و ب و ل),ج.و.ب.و.ل,,,,,5,multiword_no_single_root|phrase_has_single_root_claim
842,عَلَى مَدَى الجِيالِ المُنْبَعِثَةِ مِنْ بَيْنِ الرُّكَامِ بَعْدَ الصَّبْرِ الجَمِيلِ جِدًّا تَمَامًا نِهَائِيًّا مُطْلَقًا كُلِّيًّا,over generations rising from the rubble after very beautiful patience completely finally absolutely totally,B-ʿ-TH-Ṣ-B-R-J-M-L (ب ع ث ص ب ر ج م ل),ب.ع.ث.ص.ب.ر.ج.م.ل,,,,,15,multiword_no_single_root|phrase_has_single_root_claim
843,بِغَرَضِ الاِسْتِمَالَةِ السِّينِمَائِيَّةِ,for the purpose of cinematic winning over / visual storytelling,S-Y-N-M (س ی ن م),س.ن.م,,,,,3,multiword_no_single_root|phrase_has_single_root_claim
844,فِي المَقَامِ الثَّالِثِ وَالأَرْبَعِينَ,in the forty-third place / forty-thirdly,Q-W-M (ق و م),ق.و.م,,,,,4,multiword_no_single_root|phrase_has_single_root_claim
845,بِمَا لَا يَدَعُ مَجَالاً لِلتَّبَاينِ الإِحْصَائِيِّ,statistically unified / leaving no room for statistical disparity,B-Y-N-Ḥ-Ṣ-Y (ب ی ن ح ص ی),ب.ن.ح.ص,,,,,6,duplicate_front|multiword_no_single_root|phrase_has_single_root_claim
846,مِنْ قُبَيْلِ المَصْلَحَةِ الاِسْتِرَاتِيجِيَّةِ الدِّبْلُومَاسِيَّةِ,for the sake of diplomatic strategic interest,Ṣ-L-Ḥ-D-B-L (ص ل ح د ب ل),ص.ل.ح.د.ب.ل,,,,,5,multiword_no_single_root|phrase_has_single_root_claim
847,مِنَ الصَّعْبِ تَفَادِي الوُقُوعِ فِي هَذَا الشَّبَكِ,hard to avoid falling into this net / mesh (physical),SH-B-K (ش ب ک),ش.ب,,,,,7,multiword_no_single_root|phrase_has_single_root_claim
848,عَلَى نِطَاقٍ تَرْبَوِيٍّ بِيُولُوجِيٍّ عَمِيقٍ,on a deep educational and biological scale,R-B-W-B-Y-W (ر ب و ب ی و),ر.ب.و.ب.و,,,,,5,multiword_no_single_root|phrase_has_single_root_claim
849,فِي هَذِهِ المَرْحَلَةِ المِفْصَلِيَّةِ التَّارِيخيَّةِ لِلْغَايَةِ,at this extremely historical and pivotal stage,F-Ṣ-L-ʾ-R-KH (ف ص ل أ ر خ),ف.ص.ل.أ.ر.خ,,,,,6,multiword_no_single_root|phrase_has_single_root_claim
850,بِدُونِ سَابِقِ تَعَهُّدٍ سِيَاسِيٍّ جَمَاعِيٍّ,without any prior collective political commitment,ʿ-H-D-J-M-ʿ (ع ہ د ج م ع),ع.د.ج.م.ع,,,,,5,multiword_no_single_root|phrase_has_single_root_claim
851,مِنْ نَاحِيَةٍ تَنْظِيمِيَّةٍ قَانُونِيَّةٍ صِرْفَةٍ,from a purely organizational and legal perspective,N-Ẓ-M-Q-N-N (ن ظ م ق ن ن),ن.ظ.م.ق.ن.ن,,,,,5,multiword_no_single_root|phrase_has_single_root_claim
852,فِي المَدَى المَنْظُورِ القَرِيبِ المَلْمُوسِ fawran jiddan haalan tamaman mutlaqan nihaiyyan kulliyan,in the near foreseeable future tangible right now very much immediately completely absolutely finally totally,N-Ẓ-R-L-M-S-Ḥ-F-Ḥ-T-M-N-K (ن ظ ر ل م س ح ف ح ت م ن ک),ن.ظ.ر.ل.م.س.ح.ف.ح.ت.م.ن,,,,,12,multiword_no_single_root|phrase_has_single_root_claim
853,بِغَضِّ النَّظَرِ عَنِ الاِعْتِبَارَاتِ النَّفْسِيَّةِ العَابِرَةِ لِلأَسَفِ المُرِّ القَاتِلِ الشَّدِيدِ تَمَامًا,regardless of completely very bitter deadly unfortunately fleeting psychological considerations,N-F-S-ʿ-B-R-M-R-Q-T-SH-T (ن ف س ع ب ر م ر ق ت ش ت),ن.ف.س.ع.ب.ر.م.ر.ق.ت.ش.ت,,,,,11,multiword_no_single_root|phrase_has_single_root_claim
854,عَلَى وَشْكِ التَّلاشِي السِّيَاسِيِّ,on the verge of political disappearance / oblivion,L-SH-Y-S-Y-S (ل ش ي س ي س),ل.ش.ي.س.ي.س,,,,,4,multiword_no_single_root|phrase_has_single_root_claim
855,بِمَحْضِ تَقْدِيرِكَ العِلْمِيِّ الفِيزْيُولوجِيِّ,at your own scientific and physiological discretion,ʿ-L-M-F-Z-Y (ع ل م ف ز ی),ع.ل.م.ف.ز,,,,,4,multiword_no_single_root|phrase_has_single_root_claim
856,فِي حَالِ طَلَبِ التَّوْضِيحِ السُّوسِيُولُوجِيِّ,in case sociological clarification is requested,S-W-S-Y-W (س و س ی و),س.و.س.و,,,,,5,multiword_no_single_root|phrase_has_single_root_claim
857,عَلَى مَدَى الجِيالِ المُنْبَعِثَةِ مِنْ بَيْنِ الرُّكَامِ بَعْدَ الصَّبْرِ الجَمِيلِ جِدًّا تَمَامًا نِهَائِيًّا مُطْلَقًا كُلِّيًّا جَذْرِيًّا,over generations rising from the rubble after very beautiful patience completely finally absolutely totally radically,B-ʿ-TH-Ṣ-B-R-J-M-L-J-DH-R (ب ع ث ص ب ر ج م ل ج ذ ر),ب.ع.ث.ص.ب.ر.ج.م.ل.ج.ذ.ر,,,,,16,multiword_no_single_root|phrase_has_single_root_claim
858,بِغَرَضِ الاِسْتِمَالَةِ المِعْمَارِيَّةِ,for the purpose of architectural winning over / structural appeal,ʿ-M-R (ع م ر),ع.م.ر,,,,,3,multiword_no_single_root|phrase_has_single_root_claim
859,فِي المَقَامِ الرَّابِعِ وَالأَرْبَعِينَ,in the forty-fourth place / forty-fourthly,Q-W-M (ق و م),ق.و.م,,,,,4,multiword_no_single_root|phrase_has_single_root_claim
860,بِمَا لَا يَدَعُ مَجَالاً لِلتَّبَاينِ الفِيزْيَائِيِّ,physically unified / leaving no room for physical disparity,B-Y-N-F-Z-Y (ب ی ن ف ز ی),ب.ن.ف.ز,,,,,6,duplicate_front|multiword_no_single_root|phrase_has_single_root_claim
861,مِنْ قُبَيْلِ المَصْلَحَةِ الاِسْتِرَاتِيجِيَّةِ التِّكْنُولُوجِيَّةِ,for the sake of technological strategic interest,Ṣ-L-Ḥ-T-K-N (ص ل ح ت ک ن),ص.ل.ح.ت.ن,,,,,5,duplicate_front|multiword_no_single_root|phrase_has_single_root_claim
862,مِنَ الصَّعْبِ تَفَادِي الوُقُوعِ فِي هَذِهِ الحُفْرَةِ,hard to avoid falling into this pit / hole (physical),Ḥ-F-R (ح ف ر),ح.ف.ر,,,,,7,duplicate_front|multiword_no_single_root|phrase_has_single_root_claim
863,عَلَى نِطَاقٍ تَرْبَوِيٍّ جِيفِيزْيَائِيٍّ شَامِلٍ,on a comprehensive educational and geo-physical scale,R-B-W-J-Y-W-F-Z (ر ب و ج ی و ف ز),ر.ب.و.ج.و.ف.ز,,,,,5,multiword_no_single_root|phrase_has_single_root_claim
864,فِي هَذِهِ المَرْحَلَةِ المِفْصَلِيَّةِ المَصِيرِيَّةِ لِلْغَايَةِ,at this extremely fateful and pivotal stage (of destiny),F-Ṣ-L-Ṣ-Y-R (ف ص ل ص ی ر),ف.ص.ل.ص.ر,,,,,6,multiword_no_single_root|phrase_has_single_root_claim
865,بِدُونِ سَابِقِ تَعَهُّدٍ سِيَاسِيٍّ إِقْلِيمِيٍّ,without any prior regional political commitment,ʿ-H-D-Q-L-M (ع ہ د ق ل م),ع.د.ق.ل.م,,,,,5,multiword_no_single_root|phrase_has_single_root_claim
866,مِنْ نَاحِيَةٍ تَنْظِيمِيَّةٍ جِرَاحِيَّةٍ صِرْفَةٍ,from a purely organizational and surgical perspective,N-Ẓ-M-J-R-Ḥ (ن ظ م ج ر ح),ن.ظ.م.ج.ر.ح,,,,,5,multiword_no_single_root|phrase_has_single_root_claim
867,فِي المَدَى المَنْظُورِ القَرِيبِ المَلْمُوسِ fawran jiddan haalan tamaman mutlaqan nihaiyyan kulliyan jadriyyan,in the near foreseeable future tangible right now very much immediately completely absolutely finally totally radically,N-Ẓ-R-L-M-S-Ḥ-F-Ḥ-T-M-N-K-J (ن ظ ر ل م س ح ف ح ت م ن ک ج),ن.ظ.ر.ل.م.س.ح.ف.ح.ت.م.ن.ج,,,,,13,multiword_no_single_root|phrase_has_single_root_claim
868,بِغَضِّ النَّظَرِ عَنِ الاِعْتِبَارَاتِ النَّفْسِيَّةِ العَابِرَةِ لِلأَسَفِ المُرِّ القَاتِلِ الشَّدِيدِ تَمَامًا جِدًّا,regardless of completely very much bitter deadly unfortunately fleeting psychological considerations,N-F-S-ʿ-B-R-M-R-Q-T-SH-T-J (ن ف س ع ب ر م ر ق ت ش ت ج),ن.ف.س.ع.ب.ر.م.ر.ق.ت.ش.ت.ج,,,,,12,multiword_no_single_root|phrase_has_single_root_claim
869,عَلَى وَشْكِ التَّلاشِي المَكَانِيِّ,on the verge of spatial disappearance / void,L-SH-Y-M-K-N (ل ش ي م ک ن),ل.ش.ي.م.ن,,,,,4,multiword_no_single_root|phrase_has_single_root_claim
870,بِمَحْضِ تَقْدِيرِكَ العِلْمِيِّ الجِينِيِّ,at your own scientific and genetic discretion,ʿ-L-M-J-Y-N (ع ل م ج ی ن),ع.ل.م.ج.ن,,,,,4,multiword_no_single_root|phrase_has_single_root_claim
871,فِي حَالِ طَلَبِ التَّوْضِيحِ المَنَاخِيِّ,in case climatic clarification is requested,M-N-KH (م ن خ),م.ن.خ,,,,,5,multiword_no_single_root|phrase_has_single_root_claim
872,عَلَى مَدَى الجِيالِ المُنْبَعِثَةِ مِنْ بَيْنِ الرُّكَامِ بَعْدَ الصَّبْرِ الجَمِيلِ جِدًّا تَمَامًا نِهَائِيًّا مُطْلَقًا كُلِّيًّا جَذْرِيًّا كَوْنِيًّا,over generations rising from the rubble after very beautiful patience completely finally absolutely totally radically universally,B-ʿ-TH-Ṣ-B-R-J-M-L-J-DH-R-K-W-N (ب ع ث ص ب ر ج م ل ج ذ ر ک و ن),ب.ع.ث.ص.ب.ر.ج.م.ل.ج.ذ.ر.و.ن,,,,,17,multiword_no_single_root|phrase_has_single_root_claim
873,بِغَرَضِ الاِسْتِمَالَةِ الفَلْسَفِيَّةِ,for the purpose of philosophical winning over / intellectual appeal,F-L-S-F (ف ل س ف),ف.ل.س.ف,,,,,3,duplicate_front|multiword_no_single_root|phrase_has_single_root_claim
874,فِي المَقَامِ الخَامِسِ وَالأَرْبَعِينَ,in the forty-fifth place / forty-fifthly,Q-W-M (ق و م),ق.و.م,,,,,4,multiword_no_single_root|phrase_has_single_root_claim
875,بِمَا لَا يَدَعُ مَجَالاً لِلتَّبَاينِ الكِيمْيَائِيِّ,chemically unified / leaving no room for chemical disparity,B-Y-N-K-Y-M (ب ی ن ک ی م),ب.ن.م,,,,,6,multiword_no_single_root|phrase_has_single_root_claim
876,مِنْ قُبَيْلِ المَصْلَحَةِ الاِسْتِرَاتِيجِيَّةِ المَعْلُومَاتِيَّةِ,for the sake of informational strategic interest,Ṣ-L-Ḥ-ʿ-L-M (ص ل ح ع ل م),ص.ل.ح.ع.ل.م,,,,,5,multiword_no_single_root|phrase_has_single_root_claim
877,مِنَ الصَّعْبِ تَفَادِي الوُقُوعِ فِي هَذِهِ المَتَاهَةِ,hard to avoid falling into this labyrinth / maze (metaphor),T-Y-H (ت ی ہ),ت,,,,,7,duplicate_front|multiword_no_single_root|phrase_has_single_root_claim
878,عَلَى نِطَاقٍ تَرْبَوِيٍّ بِيئِيٍّ شَامِلٍ,on a comprehensive educational and environmental scale,R-B-W-B-Y-ʾ (ر ب و ب ی ء),ر.ب.و.ب.ء,,,,,5,multiword_no_single_root|phrase_has_single_root_claim
879,فِي هَذِهِ المَرْحَلَةِ المِفْصَلِيَّةِ النَّوَوِيَّةِ لِلْغَايَةِ,at this extremely nuclear and pivotal stage,F-Ṣ-L-N-W-Y (ف ص ل ن و ی),ف.ص.ل.ن.و,,,,,6,multiword_no_single_root|phrase_has_single_root_claim
880,بِدُونِ سَابِقِ تَعَهُّدٍ سِيَاسِيٍّ دِيْمُقْرَاطِيٍّ,without any prior democratic political commitment,ʿ-H-D-D-M-Q (ع ہ د د م ق),ع.د.د.م.ق,,,,,5,multiword_no_single_root|phrase_has_single_root_claim
881,مِنْ نَاحِيَةٍ تَنْظِيمِيَّةٍ دِفَاعِيَّةٍ صِرْفَةٍ,from a purely organizational and defensive perspective,N-Ẓ-M-D-F-ʿ (ن ظ م د ف ع),ن.ظ.م.د.ف.ع,,,,,5,multiword_no_single_root|phrase_has_single_root_claim
882,فِي المَدَى المَنْظُورِ القَرِيبِ المَلْمُوسِ fawran jiddan haalan tamaman mutlaqan nihaiyyan kulliyan jadriyyan kowniyyan,in the near foreseeable future tangible right now very much immediately completely absolutely finally totally radically universally,N-Ẓ-R-L-M-S-Ḥ-F-Ḥ-T-M-N-K-J-K (ن ظ ر ل م س ح ف ح ت م ن ک ج ک),ن.ظ.ر.ل.م.س.ح.ف.ح.ت.م.ن.ج,,,,,14,multiword_no_single_root|phrase_has_single_root_claim
883,بِغَضِّ النَّظَرِ عَنِ الاِعْتِبَارَاتِ النَّفْسِيَّةِ العَابِرَةِ لِلأَسَفِ المُرِّ القَاتِلِ الشَّدِيدِ تَمَامًا جِدًّا مُطْلَقًا,regardless of absolutely completely very much bitter deadly unfortunately fleeting psychological considerations,N-F-S-ʿ-B-R-M-R-Q-T-SH-T-J-M (ن ف س ع ب ر م ر ق ت ش ت ج م),ن.ف.س.ع.ب.ر.م.ر.ق.ت.ش.ت.ج.م,,,,,13,multiword_no_single_root|phrase_has_single_root_claim
884,عَلَى وَشْكِ التَّلاشِي المَعْنَوِيِّ,on the verge of spiritual disappearance / moral rot,L-SH-Y-ʿ-N-W (ل ش ي ع ن و),ل.ش.ي.ع.ن.و,,,,,4,duplicate_front|multiword_no_single_root|phrase_has_single_root_claim
885,بِمَحْضِ تَقْدِيرِكَ العِلْمِيِّ المِيكَانِيكِيِّ,at your own scientific and mechanical discretion,ʿ-L-M-M-Y-K (ع ل م م ی ک),ع.ل.م.م,,,,,4,multiword_no_single_root|phrase_has_single_root_claim
886,فِي حَالِ طَلَبِ التَّوْضِيحِ الإِيكُولُوجِيِّ,in case ecological clarification is requested,ʾ-Y-K-W-L-W (أ ی ک و ل و),أ.و.ل.و,,,,,5,duplicate_front|multiword_no_single_root|phrase_has_single_root_claim
887,عَلَى مَدَى الجِيالِ المُنْبَعِثَةِ مِنْ بَيْنِ الرُّكَامِ بَعْدَ الصَّبْرِ الجَمِيلِ جِدًّا تَمَامًا نِهَائِيًّا مُطْلَقًا كُلِّيًّا جَذْرِيًّا كَوْنِيًّا سَرْمَدِيًّا,over generations rising from the rubble after very beautiful patience completely finally absolutely totally radically universally eternally,B-ʿ-TH-Ṣ-B-R-J-M-L-J-DH-R-K-W-N-S-R-M (ب ع ث ص ب ر ج م ل ج ذ ر ک و ن س ر م),ب.ع.ث.ص.ب.ر.ج.م.ل.ج.ذ.ر.و.ن.س.ر.م,,,,,18,multiword_no_single_root|phrase_has_single_root_claim
888,بِغَرَضِ الاِسْتِمَالَةِ الفِيزْيَائِيَّةِ,for the purpose of physical winning over / material appeal,F-Z-Y (ف ز ی),ف.ز,,,,,3,duplicate_front|multiword_no_single_root|phrase_has_single_root_claim
889,فِي المَقَامِ السَّادِسِ وَالأَرْبَعِينَ,in the forty-sixth place / forty-sixthly,Q-W-M (ق و م),ق.و.م,,,,,4,multiword_no_single_root|phrase_has_single_root_claim
890,بِمَا لَا يَدَعُ مَجَالاً لِلتَّبَاينِ الفَلْسَفِيِّ,philosophically unified / leaving no room for philosophical disparity,B-Y-N-F-L-S (ب ی ن ف ل س),ب.ن.ف.ل.س,,,,,6,duplicate_front|multiword_no_single_root|phrase_has_single_root_claim
891,مِنْ قُبَيْلِ المَصْلَحَةِ الاِسْتِرَاتِيجِيَّةِ الاِسْتِخْبَارَاتِيَّةِ,for the sake of intelligence-related strategic interest,Ṣ-L-Ḥ-KH-B-R (ص ل ح خ ب ر),ص.ل.ح.خ.ب.ر,,,,,5,multiword_no_single_root|phrase_has_single_root_claim
892,مِنَ الصَّعْبِ تَفَادِي الوُقُوعِ فِي هَذَا الشَّرَكِ,hard to avoid falling into this snare / web of deceit (metaphor),SH-R-K (ش ر ک),ش.ر,,,,,7,duplicate_front|multiword_no_single_root|phrase_has_single_root_claim
893,عَلَى نِطَاقٍ تَرْبَوِيٍّ مِيكَانِيكِيٍّ شَامِلٍ,on a comprehensive educational and mechanical scale,R-B-W-M-Y-K (ر ب و م ی ک),ر.ب.و.م,,,,,5,multiword_no_single_root|phrase_has_single_root_claim
894,فِي هَذِهِ المَرْحَلَةِ المِفْصَلِيَّةِ العَقَدِيَّةِ لِلْغَايَةِ,at this extremely dogmatic and pivotal stage (of belief),F-Ṣ-L-ʿ-Q-D (ف ص ل ع ق د),ف.ص.ل.ع.ق.د,,,,,6,multiword_no_single_root|phrase_has_single_root_claim
895,بِدُونِ سَابِقِ تَعَهُّدٍ سِيَاسِيٍّ اِقْتِصَادِيٍّ,without any prior economic political commitment,ʿ-H-D-Q-Ṣ-D (ع ہ د ق ص د),ع.د.ق.ص.د,,,,,5,multiword_no_single_root|phrase_has_single_root_claim
896,مِنْ نَاحِيَةٍ تَنْظِيمِيَّةٍ جِينِيَّةٍ صِرْفَةٍ,from a purely organizational and genetic perspective,N-Ẓ-M-J-Y-N (ن ظ م ج ی ن),ن.ظ.م.ج.ن,,,,,5,multiword_no_single_root|phrase_has_single_root_claim
897,فِي المَدَى المَنْظُورِ القَرِيبِ المَلْمُوسِ fawran jiddan haalan tamaman mutlaqan nihaiyyan kulliyan jadriyyan kowniyyan sarmadiyyan,in the near foreseeable future tangible right now very much immediately completely absolutely finally totally radically universally eternally,N-Ẓ-R-L-M-S-Ḥ-F-Ḥ-T-M-N-K-J-K-S (ن ظ ر ل م س ح ف ح ت م ن ک ج ک س),ن.ظ.ر.ل.م.س.ح.ف.ح.ت.م.ن.ج.س,,,,,15,multiword_no_single_root|phrase_has_single_root_claim
898,بِغَضِّ النَّظَرِ عَنِ الاِعْتِبَارَاتِ النَّفْسِيَّةِ العَابِرَةِ لِلأَسَفِ المُرِّ القَاتِلِ الشَّدِيدِ تَمَامًا جِدًّا مُطْلَقًا نِهَائِيًّا,regardless of finally absolutely completely very much bitter deadly unfortunately fleeting psychological considerations,N-F-S-ʿ-B-R-M-R-Q-T-SH-T-J-M-N (ن ف س ع ب ر م ر ق ت ش ت ج م ن),ن.ف.س.ع.ب.ر.م.ر.ق.ت.ش.ت.ج.م.ن,,,,,14,multiword_no_single_root|phrase_has_single_root_claim
899,عَلَى وَشْكِ التَّلاشِي المَادِّيِّ الكَامِلِ,on the verge of total physical disappearance / non-existence,L-SH-Y-M-D-D (ل ش ي م د د),ل.ش.ي.م.د.د,,,,,5,multiword_no_single_root|phrase_has_single_root_claim
900,بِمَحْضِ تَقْدِيرِكَ العِلْمِيِّ البِيُولُوجِيِّ,at your own scientific and biological discretion,ʿ-L-M-B-Y-W (ع ل م ب ی و),ع.ل.م.ب.و,,,,,4,multiword_no_single_root|phrase_has_single_root_claim
901,فِي حَالِ طَلَبِ التَّوْضِيحِ الإِحْصَائِيِّ,in case statistical clarification is requested,Ḥ-Ṣ-Y (ح ص ی),ح.ص,,,,,5,duplicate_front|multiword_no_single_root|phrase_has_single_root_claim
902,عَلَى مَدَى الجِيالِ المُنْبَعِثَةِ مِنْ بَيْنِ الرُّكَامِ بَعْدَ الصَّبْرِ الجَمِيلِ جِدًّا تَمَامًا نِهَائِيًّا مُطْلَقًا كُلِّيًّا جَذْرِيًّا كَوْنِيًّا سَرْمَدِيًّا خَالِدِيًّا,over generations rising from the rubble after very beautiful patience completely finally absolutely totally radically universally eternally immortally,B-ʿ-TH-Ṣ-B-R-J-M-L-J-DH-R-K-W-N-S-R-M-KH-L (ب ع ث ص ب ر ج م ل ج ذ ر ک و ن س ر م خ ل),ب.ع.ث.ص.ب.ر.ج.م.ل.ج.ذ.ر.و.ن.س.ر.م.خ.ل,,,,,19,multiword_no_single_root|phrase_has_single_root_claim
903,بِغَرَضِ الاِسْتِمَالَةِ الكِيمْيَائِيَّةِ,for the purpose of chemical winning over / hormonal appeal,K-Y-M (ک ی م),م,,,,,3,multiword_no_single_root|phrase_has_single_root_claim
904,فِي المَقَامِ السَّابِعِ وَالأَرْبَعِينَ,in the forty-seventh place / forty-seventhly,Q-W-M (ق و م),ق.و.م,,,,,4,multiword_no_single_root|phrase_has_single_root_claim
905,بِمَا لَا يَدَعُ مَجَالاً لِلتَّبَاينِ الفَلَكِيِّ,astronomically unified / leaving no room for astronomical disparity,B-Y-N-F-L-K (ب ی ن ف ل ک),ب.ن.ف.ل,,,,,6,multiword_no_single_root|phrase_has_single_root_claim
906,مِنْ قُبَيْلِ المَصْلَحَةِ الاِسْتِرَاتِيجِيَّةِ الجِيُوبُولِيتِيكِيَّةِ,for the sake of geo-political strategic interest,Ṣ-L-Ḥ-J-Y-W (ص ل ح ج ی و),ص.ل.ح.ج.و,,,,,5,multiword_no_single_root|phrase_has_single_root_claim
907,مِنَ الصَّعْبِ تَفَادِي الوُقُوعِ فِي هَذَا المَأْزِقِ,hard to avoid falling into this predicament / dead-end (metaphor),ʾ-Z-Q (أ ز ق),أ.ز.ق,,,,,7,multiword_no_single_root|phrase_has_single_root_claim
908,عَلَى نِطَاقٍ تَرْبَوِيٍّ طِبِّيٍّ شَامِلٍ,on a comprehensive educational and medical scale,R-B-W-Ṭ-B-B (ر ب و ط ب ب),ر.ب.و.ط.ب.ب,,,,,5,multiword_no_single_root|phrase_has_single_root_claim
909,فِي هَذِهِ المَرْحَلَةِ المِفْصَلِيَّةِ الغَيْبِيَّةِ لِلْغَايَةِ,at this extremely unseen (metaphysical) and pivotal stage,F-Ṣ-L-GH-Y-B (ف ص ل غ ی ب),ف.ص.ل.غ.ب,,,,,6,multiword_no_single_root|phrase_has_single_root_claim
910,بِدُونِ سَابِقِ تَعَهُّدٍ سِيَاسِيٍّ اِسْتِرَاتِيجِيٍّ,without any prior strategic political commitment,ʿ-H-D-S-T-R (ع ہ د س ت ر),ع.د.س.ت.ر,,,,,5,multiword_no_single_root|phrase_has_single_root_claim
911,مِنْ نَاحِيَةٍ تَنْظِيمِيَّةٍ مِيكَانِيكِيَّةٍ صِرْفَةٍ,from a purely organizational and mechanical perspective,N-Ẓ-M-M-Y-K (ن ظ م م ی ک),ن.ظ.م.م,,,,,5,multiword_no_single_root|phrase_has_single_root_claim
912,فِي المَدَى المَنْظُورِ القَرِيبِ المَلْمُوسِ fawran jiddan haalan tamaman mutlaqan nihaiyyan kulliyan jadriyyan kowniyyan sarmadiyyan khalidiyyan,in the near foreseeable future tangible right now very much immediately completely absolutely finally totally radically universally eternally immortally,N-Ẓ-R-L-M-S-Ḥ-F-Ḥ-T-M-N-K-J-K-S-KH (ن ظ ر ل م س ح ف ح ت م ن ک ج ک س خ),ن.ظ.ر.ل.م.س.ح.ف.ح.ت.م.ن.ج.س.خ,,,,,16,multiword_no_single_root|phrase_has_single_root_claim
913,بِغَضِّ النَّظَرِ عَنِ الاِعْتِبَارَاتِ النَّفْسِيَّةِ العَابِرَةِ لِلأَسَفِ المُرِّ القَاتِلِ الشَّدِيدِ تَمَامًا جِدًّا مُطْلَقًا نِهَائِيًّا كُلِّيًّا,regardless of totally finally absolutely completely very much bitter deadly unfortunately fleeting psychological considerations,N-F-S-ʿ-B-R-M-R-Q-T-SH-T-J-M-N-K (ن ف س ع ب ر م ر ق ت ش ت ج م ن ک),ن.ف.س.ع.ب.ر.م.ر.ق.ت.ش.ت.ج.م.ن,,,,,15,multiword_no_single_root|phrase_has_single_root_claim
914,عَلَى وَشْكِ التَّلاشِي الزَّمَانِيِّ,on the verge of temporal disappearance / timelessness,L-SH-Y-Z-M-N (ل ش ي ز م ن),ل.ش.ي.ز.م.ن,,,,,4,multiword_no_single_root|phrase_has_single_root_claim
915,بِمَحْضِ تَقْدِيرِكَ العِلْمِيِّ الكِيْمْيَائِيِّ الحَيَوِيِّ,at your own scientific and bio-chemical discretion,ʿ-L-M-K-Y-M-Ḥ (ع ل م ک ی م ح),ع.ل.م.م.ح,,,,,5,multiword_no_single_root|phrase_has_single_root_claim
916,فِي حَالِ طَلَبِ التَّوْضِيحِ الإِثْنُولُوجِيِّ,in case ethnological clarification is requested,ʾ-TH-N-W-L-W (أ ث ن و ل و),أ.ث.ن.و.ل.و,,,,,5,multiword_no_single_root|phrase_has_single_root_claim
917,عَلَى مَدَى الجِيالِ المُنْبَعِثَةِ مِنْ بَيْنِ الرُّكَامِ بَعْدَ الصَّبْرِ الجَمِيلِ جِدًّا تَمَامًا نِهَائِيًّا مُطْلَقًا كُلِّيًّا جَذْرِيًّا كَوْنِيًّا سَرْمَدِيًّا خَالِدِيًّا نُورَانِيًّا,over generations rising from the rubble after very beautiful patience completely finally absolutely totally radically universally eternally immortally luminously,B-ʿ-TH-Ṣ-B-R-J-M-L-J-DH-R-K-W-N-S-R-M-KH-L-N-W-R (ب ع ث ص ب ر ج م ل ج ذ ر ک و ن س ر م خ ل ن و ر),ب.ع.ث.ص.ب.ر.ج.م.ل.ج.ذ.ر.و.ن.س.ر.م.خ.ل.ن.و.ر,,,,,20,multiword_no_single_root|phrase_has_single_root_claim
918,بِغَرَضِ الاِسْتِمَالَةِ الجِيُولوجِيَّةِ,for the purpose of geological winning over / territorial appeal,J-Y-W (ج ی و),ج.و,,,,,3,multiword_no_single_root|phrase_has_single_root_claim
919,فِي المَقَامِ الثَّامِنِ وَالأَرْبَعِينَ,in the forty-eighth place / forty-eighthly,Q-W-M (ق و م),ق.و.م,,,,,4,multiword_no_single_root|phrase_has_single_root_claim
920,بِمَا لَا يَدَعُ مَجَالاً لِلتَّبَاينِ النَّوَوِيِّ,nuclearly unified / leaving no room for nuclear disparity,B-Y-N-N-W-Y (ب ی ن ن و ی),ب.ن.ن.و,,,,,6,multiword_no_single_root|phrase_has_single_root_claim
921,مِنْ قُبَيْلِ المَصْلَحَةِ الاِسْتِرَاتِيجِيَّةِ المَالِيَّةِ,for the sake of financial strategic interest,Ṣ-L-Ḥ-M-W-L (ص ل ح م و ل),ص.ل.ح.م.و.ل,,,,,5,multiword_no_single_root|phrase_has_single_root_claim
922,مِنَ الصَّعْبِ تَفَادِي الوُقُوعِ فِي هَذَا الفَخِّ,hard to avoid falling into this trap / snare (physical or social),F-KH-KH (ف خ خ),ف.خ.خ,,,,,7,duplicate_front|multiword_no_single_root|phrase_has_single_root_claim
923,عَلَى نِطَاقٍ تَرْبَوِيٍّ قَانُونِيٍّ شَامِلٍ,on a comprehensive educational and legal scale,R-B-W-Q-N-N (ر ب و ق ن ن),ر.ب.و.ق.ن.ن,,,,,5,multiword_no_single_root|phrase_has_single_root_claim
924,فِي هَذِهِ المَرْحَلَةِ المِفْصَلِيَّةِ الجِيُوبُولِيتِيكِيَّةِ لِلْغَايَةِ,at this extremely geo-political and pivotal stage,F-Ṣ-L-J-Y-W (ف ص ل ج ی و),ف.ص.ل.ج.و,,,,,6,duplicate_front|multiword_no_single_root|phrase_has_single_root_claim
925,بِدُونِ سَابِقِ تَعَهُّدٍ سِيَاسِيٍّ عَسْكَرِيٍّ,without any prior military political commitment,ʿ-H-D-ʿ-S-K (ع ہ د ع س ک),ع.د.ع.س,,,,,5,multiword_no_single_root|phrase_has_single_root_claim
926,مِنْ نَاحِيَةٍ تَنْظِيمِيَّةٍ كِيمْيَائِيَّةٍ صِرْفَةٍ,from a purely organizational and chemical perspective,N-Ẓ-M-K-Y-M (ن ظ م ک ی م),ن.ظ.م.م,,,,,5,multiword_no_single_root|phrase_has_single_root_claim
927,فِي المَدَى المَنْظُورِ القَرِيبِ المَلْمُوسِ fawran jiddan haalan tamaman mutlaqan nihaiyyan kulliyan jadriyyan kowniyyan sarmadiyyan khalidiyyan nuraniyyan,in the near foreseeable future tangible right now very much immediately completely absolutely finally totally radically universally eternally immortally luminously,N-Ẓ-R-L-M-S-Ḥ-F-Ḥ-T-M-N-K-J-K-S-KH-N (ن ظ ر ل م س ح ف ح ت م ن ک ج ک س خ ن),ن.ظ.ر.ل.م.س.ح.ف.ح.ت.م.ن.ج.س.خ.ن,,,,,17,multiword_no_single_root|phrase_has_single_root_claim
928,بِغَضِّ النَّظَرِ عَنِ الاِعْتِبَارَاتِ النَّفْسِيَّةِ العَابِرَةِ لِلأَسَفِ المُرِّ القَاتِلِ الشَّدِيدِ تَمَامًا جِدًّا مُطْلَقًا نِهَائِيًّا كُلِّيًّا جَذْرِيًّا,regardless of radically totally finally absolutely completely very much bitter deadly unfortunately fleeting psychological considerations,N-F-S-ʿ-B-R-M-R-Q-T-SH-T-J-M-N-K-J (ن ف س ع ب ر م ر ق ت ش ت ج م ن ک ج),ن.ف.س.ع.ب.ر.م.ر.ق.ت.ش.ت.ج.م.ن.ج,,,,,16,multiword_no_single_root|phrase_has_single_root_claim
929,عَلَى وَشْكِ التَّلاشِي اللُّغَوِيِّ العَمِيقِ,on the verge of deep linguistic disappearance / silence,L-SH-Y-L-GH-W (ل ش ي ل غ و),ل.ش.ي.ل.غ.و,,,,,5,multiword_no_single_root|phrase_has_single_root_claim
930,بِمَحْضِ تَقْدِيرِكَ العِلْمِيِّ الفَلَكِيِّ المَجَرِّيِّ,"at your own scientific, astronomical and galactic discretion",ʿ-L-M-F-L-K-J-R (ع ل م ف ل ک ج ر),ع.ل.م.ف.ل.ج.ر,,,,,5,multiword_no_single_root|phrase_has_single_root_claim
931,فِي حَالِ طَلَبِ التَّوْضِيحِ الدِّيْمُقْرَاطِيِّ,in case democratic clarification is requested,D-M-Q (د م ق),د.م.ق,,,,,5,multiword_no_single_root|phrase_has_single_root_claim
932,عَلَى مَدَى الجِيالِ المُنْبَعِثَةِ مِنْ بَيْنِ الرُّكَامِ بَعْدَ الصَّبْرِ الجَمِيلِ جِدًّا تَمَامًا نِهَائِيًّا مُطْلَقًا كُلِّيًّا جَذْرِيًّا كَوْنِيًّا سَرْمَدِيًّا خَالِدِيًّا نُورَانِيًّا مَلَكُوتِيًّا,over generations rising from the rubble after very beautiful patience completely finally absolutely totally radically universally eternally immortally luminously celestially,B-ʿ-TH-Ṣ-B-R-J-M-L-J-DH-R-K-W-N-S-R-M-KH-L-N-W-R-M-L-K (ب ع ث ص ب ر ج م ل ج ذ ر ک و ن س ر م خ ل ن و ر م ل ک),ب.ع.ث.ص.ب.ر.ج.م.ل.ج.ذ.ر.و.ن.س.ر.م.خ.ل.ن.و.ر.م.ل,,,,,21,multiword_no_single_root|phrase_has_single_root_claim
933,بِغَرَضِ الاِسْتِمَالَةِ الفَلَكِيَّةِ,for the purpose of astronomical winning over / cosmic appeal,F-L-K (ف ل ک),ف.ل,,,,,3,multiword_no_single_root|phrase_has_single_root_claim
934,فِي المَقَامِ التَّاسِعِ وَالأَرْبَعِينَ,in the forty-ninth place / forty-ninthly,Q-W-M (ق و م),ق.و.م,,,,,4,multiword_no_single_root|phrase_has_single_root_claim
935,بِمَا لَا يَدَعُ مَجَالاً لِلتَّبَاينِ الجِينِيِّ,genetically unified / leaving no room for genetic disparity,B-Y-N-J-Y-N (ب ی ن ج ی ن),ب.ن.ج.ن,,,,,6,multiword_no_single_root|phrase_has_single_root_claim
936,مِنْ قُبَيْلِ المَصْلَحَةِ الاِسْتِرَاتِيجِيَّةِ الزِّرَاعِيَّةِ,for the sake of agricultural strategic interest,Ṣ-L-Ḥ-Z-R-ʿ (ص ل ح ز ر ع),ص.ل.ح.ز.ر.ع,,,,,5,multiword_no_single_root|phrase_has_single_root_claim
937,مِنَ الصَّعْبِ تَفَادِي الوُقُوعِ فِي هَذَا المَنْزَلِقِ,hard to avoid falling into this slippery slope / trap (metaphor),Z-L-Q (ز ل ق),ز.ل.ق,,,,,7,multiword_no_single_root|phrase_has_single_root_claim
938,عَلَى نِطَاقٍ تَرْبَوِيٍّ فَلَسَفِيٍّ شَامِلٍ,on a comprehensive educational and philosophical scale,R-B-W-F-L-S-F (ر ب و ف ل س ف),ر.ب.و.ف.ل.س.ف,,,,,5,duplicate_front|multiword_no_single_root|phrase_has_single_root_claim
939,فِي هَذِهِ المَرْحَلَةِ المِفْصَلِيَّةِ الأَبَدِيَّةِ لِلْغَايَةِ,at this extremely eternal and pivotal stage,F-Ṣ-L-ʾ-B-D (ف ص ل أ ب د),ف.ص.ل.أ.ب.د,,,,,6,multiword_no_single_root|phrase_has_single_root_claim
940,بِدُونِ سَابِقِ تَعَهُّدٍ سِيَاسِيٍّ اِسْتِخْبَارَاتِيٍّ,without any prior intelligence-related political commitment,ʿ-H-D-KH-B-R (ع ہ د خ ب ر),ع.د.خ.ب.ر,,,,,5,multiword_no_single_root|phrase_has_single_root_claim
941,مِنْ نَاحِيَةٍ تَنْظِيمِيَّةٍ فَلَكِيَّةٍ صِرْفَةٍ,from a purely organizational and astronomical perspective,N-Ẓ-M-F-L-K (ن ظ م ف ل ک),ن.ظ.م.ف.ل,,,,,5,multiword_no_single_root|phrase_has_single_root_claim
942,فِي المَدَى المَنْظُورِ القَرِيبِ المَلْمُوسِ fawran jiddan haalan tamaman mutlaqan nihaiyyan kulliyan jadriyyan kowniyyan sarmadiyyan khalidiyyan nuraniyyan malakutiyyan,in the near foreseeable future tangible right now very much immediately completely absolutely finally totally radically universally eternally immortally luminously celestially,N-Ẓ-R-L-M-S-Ḥ-F-Ḥ-T-M-N-K-J-K-S-KH-N-M (ن ظ ر ل م س ح ف ح ت م ن ک ج ک س خ ن م),ن.ظ.ر.ل.م.س.ح.ف.ح.ت.م.ن.ج.س.خ.ن.م,,,,,18,multiword_no_single_root|phrase_has_single_root_claim
943,بِغَضِّ النَّظَرِ عَنِ الاِعْتِبَارَاتِ النَّفْسِيَّةِ العَابِرَةِ لِلأَسَفِ المُرِّ القَاتِلِ الشَّدِيدِ تَمَامًا جِدًّا مُطْلَقًا نِهَائِيًّا كُلِّيًّا جَذْرِيًّا كَوْنِيًّا,regardless of universally radically totally finally absolutely completely very much bitter deadly unfortunately fleeting psychological considerations,N-F-S-ʿ-B-R-M-R-Q-T-SH-T-J-M-N-K-J-K (ن ف س ع ب ر م ر ق ت ش ت ج م ن ک ج ک),ن.ف.س.ع.ب.ر.م.ر.ق.ت.ش.ت.ج.م.ن.ج,,,,,17,multiword_no_single_root|phrase_has_single_root_claim
944,عَلَى وَشْكِ التَّلاشِي الفَلْسَفِيِّ المَحْضِ,on the verge of pure philosophical disappearance / void,L-SH-Y-F-L-S (ل ش ي ف ل س),ل.ش.ي.ف.ل.س,,,,,5,multiword_no_single_root|phrase_has_single_root_claim
945,بِمَحْضِ تَقْدِيرِكَ العِلْمِيِّ الفِيزْيَائِيِّ الكَوْنِيِّ,"at your own scientific, physical and cosmic discretion",ʿ-L-M-F-Z-Y-K-W-N (ع ل م ف ز ی ک و ن),ع.ل.م.ف.ز.و.ن,,,,,5,multiword_no_single_root|phrase_has_single_root_claim
946,فِي حَالِ طَلَبِ التَّوْضِيحِ الإِسْتِخْبَارَاتِيِّ,in case intelligence-related clarification is requested,KH-B-R (خ ب ر),خ.ب.ر,,,,,5,multiword_no_single_root|phrase_has_single_root_claim
947,عَلَى مَدَى الجِيالِ المُنْبَعِثَةِ مِنْ بَيْنِ الرُّكَامِ بَعْدَ الصَّبْرِ الجَمِيلِ جِدًّا تَمَامًا نِهَائِيًّا مُطْلَقًا كُلِّيًّا جَذْرِيًّا كَوْنِيًّا سَرْمَدِيًّا خَالِدِيًّا نُورَانِيًّا مَلَكُوتِيًّا رُوحَانِيًّا,over generations rising from the rubble after very beautiful patience completely finally absolutely totally radically universally eternally immortally luminously celestially spiritually,B-ʿ-TH-Ṣ-B-R-J-M-L-J-DH-R-K-W-N-S-R-M-KH-L-N-W-R-M-L-K-R-W-Ḥ (ب ع ث ص ب ر ج م ل ج ذ ر ک و ن س ر م خ ل ن و ر م ل ک ر و ح),ب.ع.ث.ص.ب.ر.ج.م.ل.ج.ذ.ر.و.ن.س.ر.م.خ.ل.ن.و.ر.م.ل.ر.و.ح,,,,,22,multiword_no_single_root|phrase_has_single_root_claim
948,بِغَرَضِ الاِسْتِمَالَةِ الجِينِيَّةِ,for the purpose of genetic winning over / hereditary appeal,J-Y-N (ج ی ن),ج.ن,,,,,3,multiword_no_single_root|phrase_has_single_root_claim
949,فِي المَقَامِ الخَمْسِينَ,in the fiftieth place / fiftiethly,Q-W-M (ق و م),ق.و.م,,,,,3,multiword_no_single_root|phrase_has_single_root_claim
950,بِمَا لَا يَدَعُ مَجَالاً لِلتَّبَاينِ المَنَاخِيِّ,climatically unified / leaving no room for climatic disparity,B-Y-N-M-N-KH (ب ی ن م ن خ),ب.ن.م.ن.خ,,,,,6,multiword_no_single_root|phrase_has_single_root_claim
951,مِنْ قُبَيْلِ المَصْلَحَةِ الاِسْتِرَاتِيجِيَّةِ البِيئِيَّةِ,for the sake of environmental strategic interest,Ṣ-L-Ḥ-B-Y-ʾ (ص ل ح ب ی ء),ص.ل.ح.ب.ء,,,,,5,duplicate_front|multiword_no_single_root|phrase_has_single_root_claim
952,مِنَ الصَّعْبِ تَفَادِي الوُقُوعِ فِي هَذِهِ المِصْيَدَةِ,hard to avoid falling into this trap / snare (general),Ṣ-Y-D (ص ی د),ص.د,,,,,7,duplicate_front|multiword_no_single_root|phrase_has_single_root_claim
953,عَلَى نِطَاقٍ تَرْبَوِيٍّ رِيَاضِيٍّ شَامِلٍ,on a comprehensive educational and mathematical scale,R-B-W-R-Y-Ḍ (ر ب و ر ی ض),ر.ب.و.ر.ض,,,,,5,duplicate_front|multiword_no_single_root|phrase_has_single_root_claim
954,فِي هَذِهِ المَرْحَلَةِ المِفْصَلِيَّةِ النُّورَانِيَّةِ لِلْغَايَةِ,at this extremely luminous and pivotal stage,F-Ṣ-L-N-W-R (ف ص ل ن و ر),ف.ص.ل.ن.و.ر,,,,,6,multiword_no_single_root|phrase_has_single_root_claim
955,بِدُونِ سَابِقِ تَعَهُّدٍ سِيَاسِيٍّ جِيُوبُولِيتِيكِيٍّ,without any prior geo-political political commitment,ʿ-H-D-J-Y-W (ع ہ د ج ی و),ع.د.ج.و,,,,,5,duplicate_front|multiword_no_single_root|phrase_has_single_root_claim
956,مِنْ نَاحِيَةٍ تَنْظِيمِيَّةٍ فَلْسَفِيَّةٍ صِرْفَةٍ,from a purely organizational and philosophical perspective,N-Ẓ-M-F-L-S (ن ظ م ف ل س),ن.ظ.م.ف.ل.س,,,,,5,duplicate_front|multiword_no_single_root|phrase_has_single_root_claim
957,فِي المَدَى المَنْظُورِ القَرِيبِ المَلْمُوسِ fawran jiddan haalan tamaman mutlaqan nihaiyyan kulliyan jadriyyan kowniyyan sarmadiyyan khalidiyyan nuraniyyan malakutiyyan ruhaniyyan,in the near foreseeable future tangible right now very much immediately completely absolutely finally totally radically universally eternally immortally luminously celestially spiritually,N-Ẓ-R-L-M-S-Ḥ-F-Ḥ-T-M-N-K-J-K-S-KH-N-M-R (ن ظ ر ل م س ح ف ح ت م ن ک ج ک س خ ن م ر),ن.ظ.ر.ل.م.س.ح.ف.ح.ت.م.ن.ج.س.خ.ن.م.ر,,,,,19,multiword_no_single_root|phrase_has_single_root_claim
958,بِغَضِّ النَّظَرِ عَنِ الاِعْتِبَارَاتِ النَّفْسِيَّةِ العَابِرَةِ لِلأَسَفِ المُرِّ القَاتِلِ الشَّدِيدِ تَمَامًا جِدًّا مُطْلَقًا نِهَائِيًّا كُلِّيًّا جَذْرِيًّا كَوْنِيًّا سَرْمَدِيًّا,regardless of eternally universally radically totally finally absolutely completely very much bitter deadly unfortunately fleeting psychological considerations,N-F-S-ʿ-B-R-M-R-Q-T-SH-T-J-M-N-K-J-K-S (ن ف س ع ب ر م ر ق ت ش ت ج م ن ک ج ک س),ن.ف.س.ع.ب.ر.م.ر.ق.ت.ش.ت.ج.م.ن.ج.س,,,,,18,multiword_no_single_root|phrase_has_single_root_claim
959,عَلَى وَشْكِ التَّلاشِي الرُّوحَانِيِّ المَحْضِ,on the verge of pure spiritual disappearance / soullessness,L-SH-Y-R-W-Ḥ (ل ش ي ر و ح),ل.ش.ي.ر.و.ح,,,,,5,multiword_no_single_root|phrase_has_single_root_claim
960,بِمَحْضِ تَقْدِيرِكَ العِلْمِيِّ النَّوَوِيِّ الذَّرِّيِّ,"at your own scientific, nuclear and atomic discretion",ʿ-L-M-N-W-Y-DH-R (ع ل م ن و ی ذ ر),ع.ل.م.ن.و.ذ.ر,,,,,5,multiword_no_single_root|phrase_has_single_root_claim
961,فِي حَالِ طَلَبِ التَّوْضِيحِ الإِيكُولُوجِيِّ العَمِيقِ,in case deep ecological clarification is requested,ʾ-Y-K-W-L-W (أ ی ک و ل و),أ.و.ل.و,,,,,6,duplicate_front|multiword_no_single_root|phrase_has_single_root_claim
962,عَلَى مَدَى الجِيالِ المُنْبَعِثَةِ مِنْ بَيْنِ الرُّكَامِ بَعْدَ الصَّبْرِ الجَمِيلِ جِدًّا تَمَامًا نِهَائِيًّا مُطْلَقًا كُلِّيًّا جَذْرِيًّا كَوْنِيًّا سَرْمَدِيًّا خَالِدِيًّا نُورَانِيًّا مَلَكُوتِيًّا رُوحَانِيًّا عَرْشِيًّا,over generations rising from the rubble after very beautiful patience completely finally absolutely totally radically universally eternally immortally luminously celestially spiritually thronely (divinely),B-ʿ-TH-Ṣ-B-R-J-M-L-J-DH-R-K-W-N-S-R-M-KH-L-N-W-R-M-L-K-R-W-Ḥ-ʿ-R-SH (ب ع ث ص ب ر ج م ل ج ذ ر ک و ن س ر م خ ل ن و ر م ل ک ر و ح ع ر ش),ب.ع.ث.ص.ب.ر.ج.م.ل.ج.ذ.ر.و.ن.س.ر.م.خ.ل.ن.و.ر.م.ل.ر.و.ح.ع.ر.ش,,,,,23,multiword_no_single_root|phrase_has_single_root_claim
963,بِغَرَضِ الاِسْتِمَالَةِ السُّوسِيُولُوجِيَّةِ,for the purpose of sociological winning over / social appeal,S-W-S-Y-W (س و س ی و),س.و.س.و,,,,,3,duplicate_front|multiword_no_single_root|phrase_has_single_root_claim
964,فِي المَقَامِ الحَادِي وَالخَمْسِينَ,in the fifty-first place / fifty-firstly,Q-W-M (ق و م),ق.و.م,,,,,4,multiword_no_single_root|phrase_has_single_root_claim
965,بِمَا لَا يَدَعُ مَجَالاً لِلتَّبَاينِ الإِيكُولُوجِيِّ,ecologically unified / leaving no room for ecological disparity,B-Y-N-ʾ-Y-K (ب ی ن أ ی ک),ب.ن.أ,,,,,6,duplicate_front|multiword_no_single_root|phrase_has_single_root_claim
966,مِنْ قُبَيْلِ المَصْلَحَةِ الاِسْتِرَاتِيجِيَّةِ الطِّبِّيَّةِ,for the sake of medical strategic interest,Ṣ-L-Ḥ-Ṭ-B-B (ص ل ح ط ب ب),ص.ل.ح.ط.ب.ب,,,,,5,multiword_no_single_root|phrase_has_single_root_claim
967,مِنَ الصَّعْبِ تَفَادِي الوُقُوعِ فِي هَذَا الشِّرَاكِ,hard to avoid falling into this web / net of snares (plural/extreme),SH-R-K (ش ر ک),ش.ر,,,,,7,multiword_no_single_root|phrase_has_single_root_claim
968,عَلَى نِطَاقٍ تَرْبَوِيٍّ فَلَكِيٍّ شَامِلٍ,on a comprehensive educational and astronomical scale,R-B-W-F-L-K (ر ب و ف ل ک),ر.ب.و.ف.ل,,,,,5,duplicate_front|multiword_no_single_root|phrase_has_single_root_claim
969,فِي هَذِهِ المَرْحَلَةِ المِفْصَلِيَّةِ المَلَكُوتِيَّةِ لِلْغَايَةِ,at this extremely celestial (angelic) and pivotal stage,F-Ṣ-L-M-L-K (ف ص ل م ل ک),ف.ص.ل.م.ل,,,,,6,multiword_no_single_root|phrase_has_single_root_claim
970,بِدُونِ سَابِقِ تَعَهُّدٍ سِيَاسِيٍّ دِيْنِيٍّ,without any prior religious political commitment,ʿ-H-D-D-Y-N (ع ہ د د ی ن),ع.د.د.ن,,,,,5,multiword_no_single_root|phrase_has_single_root_claim
971,مِنْ نَاحِيَةٍ تَنْظِيمِيَّةٍ فَلَكِيَّةٍ كَوْنِيَّةٍ صِرْفَةٍ,"from a purely organizational, astronomical and cosmic perspective",N-Ẓ-M-F-L-K-K-W-N (ن ظ م ف ل ک ک و ن),ن.ظ.م.ف.ل.و.ن,,,,,6,multiword_no_single_root|phrase_has_single_root_claim
972,فِي المَدَى المَنْظُورِ القَرِيبِ المَلْمُوسِ fawran jiddan haalan tamaman mutlaqan nihaiyyan kulliyan jadriyyan kowniyyan sarmadiyyan khalidiyyan nuraniyyan malakutiyyan ruhaniyyan arshiyyan,in the near foreseeable future tangible right now very much immediately completely absolutely finally totally radically universally eternally immortally luminously celestially spiritually thronely,N-Ẓ-R-L-M-S-Ḥ-F-Ḥ-T-M-N-K-J-K-S-KH-N-M-R-ʿ (ن ظ ر ل م س ح ف ح ت م ن ک ج ک س خ ن م ر ع),ن.ظ.ر.ل.م.س.ح.ف.ح.ت.م.ن.ج.س.خ.ن.م.ر.ع,,,,,20,multiword_no_single_root|phrase_has_single_root_claim
973,بِغَضِّ النَّظَرِ عَنِ الاِعْتِبَارَاتِ النَّفْسِيَّةِ العَابِرَةِ لِلأَسَفِ المُرِّ القَاتِلِ الشَّدِيدِ تَمَامًا جِدًّا مُطْلَقًا نِهَائِيًّا كُلِّيًّا جَذْرِيًّا كَوْنِيًّا سَرْمَدِيًّا خَالِدِيًّا,regardless of immortally eternally universally radically totally finally absolutely completely very much bitter deadly unfortunately fleeting psychological considerations,N-F-S-ʿ-B-R-M-R-Q-T-SH-T-J-M-N-K-J-K-S-KH (ن ف س ع ب ر م ر ق ت ش ت ج م ن ک ج ک س خ),ن.ف.س.ع.ب.ر.م.ر.ق.ت.ش.ت.ج.م.ن.ج.س.خ,,,,,19,multiword_no_single_root|phrase_has_single_root_claim
974,عَلَى وَشْكِ التَّلاشِي العَرْشِيِّ التَّامِّ,on the verge of total thronely (divine) disappearance / non-existence,L-SH-Y-ʿ-R-SH (ل ش ي ع ر ش),ل.ش.ي.ع.ر.ش,,,,,5,multiword_no_single_root|phrase_has_single_root_claim
975,بِمَحْضِ تَقْدِيرِكَ العِلْمِيِّ الفَلَسَفِيِّ المَنْطِقِيِّ,"at your own scientific, philosophical and logical discretion",ʿ-L-M-F-L-S-N-Ṭ-Q (ع ل م ف ل س ن ط ق),ع.ل.م.ف.ل.س.ن.ط.ق,,,,,5,multiword_no_single_root|phrase_has_single_root_claim
976,فِي حَالِ طَلَبِ التَّوْضِيحِ الإِسْتِرَاتِيجِيِّ العَالَمِيِّ,in case global strategic clarification is requested,S-T-R-ʿ-L-M (س ت ر ع ل م),س.ت.ر.ع.ل.م,,,,,6,multiword_no_single_root|phrase_has_single_root_claim
977,عَلَى مَدَى الجِيالِ المُنْبَعِثَةِ مِنْ بَيْنِ الرُّكَامِ بَعْدَ الصَّبْرِ الجَمِيلِ جِدًّا تَمَامًا نِهَائِيًّا مُطْلَقًا كُلِّيًّا جَذْرِيًّا كَوْنِيًّا سَرْمَدِيًّا خَالِدِيًّا نُورَانِيًّا مَلَكُوتِيًّا رُوحَانِيًّا عَرْشِيًّا قُدُسِيًّا,over generations rising from the rubble after very beautiful patience completely finally absolutely totally radically universally eternally immortally luminously celestially spiritually thronely holily (sacredly),B-ʿ-TH-Ṣ-B-R-J-M-L-J-DH-R-K-W-N-S-R-M-KH-L-N-W-R-M-L-K-R-W-Ḥ-ʿ-R-SH-Q-D-S (ب ع ث ص ب ر ج م ل ج ذ ر ک و ن س ر م خ ل ن و ر م ل ک ر و ح ع ر ش ق د س),ب.ع.ث.ص.ب.ر.ج.م.ل.ج.ذ.ر.و.ن.س.ر.م.خ.ل.ن.و.ر.م.ل.ر.و.ح.ع.ر.ش.ق.د.س,,,,,24,multiword_no_single_root|phrase_has_single_root_claim
978,بِغَرَضِ الاِسْتِمَالَةِ الفِيزْيَائِيَّةِ,for the purpose of physical winning over / material appeal,F-Z-Y (ف ز ی),ف.ز,,,,,3,duplicate_front|multiword_no_single_root|phrase_has_single_root_claim
979,فِي المَقَامِ الثَّانِي وَالخَمْسِينَ,in the fifty-second place / fifty-secondly,Q-W-M (ق و م),ق.و.م,,,,,4,multiword_no_single_root|phrase_has_single_root_claim
980,بِمَا لَا يَدَعُ مَجَالاً لِلتَّبَاينِ الطِّبِّيِّ,medically unified / leaving no room for medical disparity,B-Y-N-Ṭ-B-B (ب ی ن ط ب ب),ب.ن.ط.ب.ب,,,,,6,multiword_no_single_root|phrase_has_single_root_claim
981,مِنْ قُبَيْلِ المَصْلَحَةِ الاِسْتِرَاتِيجِيَّةِ الفَضَائِيَّةِ,for the sake of space-related strategic interest,Ṣ-L-Ḥ-F-Ḍ-W (ص ل ح ف ض و),ص.ل.ح.ف.ض.و,,,,,5,duplicate_front|multiword_no_single_root|phrase_has_single_root_claim
982,مِنَ الصَّعْبِ تَفَادِي الوُقُوعِ فِي هَذَا المَطَبِّ,hard to avoid falling into this pitfall / bump / hump (metaphor),Ṭ-B-B (ط ب ب),ط.ب.ب,,,,,7,duplicate_front|multiword_no_single_root|phrase_has_single_root_claim
983,عَلَى نِطَاقٍ تَرْبَوِيٍّ جُغْرَافِيٍّ شَامِلٍ,on a comprehensive educational and geographical scale,R-B-W-J-GH-R (ر ب و ج غ ر),ر.ب.و.ج.غ.ر,,,,,5,multiword_no_single_root|phrase_has_single_root_claim
984,فِي هَذِهِ المَرْحَلَةِ المِفْصَلِيَّةِ الرُّوحَانِيَّةِ لِلْغَايَةِ,at this extremely spiritual and pivotal stage,F-Ṣ-L-R-W-Ḥ (ف ص ل ر و ح),ف.ص.ل.ر.و.ح,,,,,6,multiword_no_single_root|phrase_has_single_root_claim
985,بِدُونِ سَابِقِ تَعَهُّدٍ سِيَاسِيٍّ بِيئِيٍّ,without any prior environmental political commitment,ʿ-H-D-B-Y-ʾ (ع ہ د ب ی ء),ع.د.ب.ء,,,,,5,multiword_no_single_root|phrase_has_single_root_claim
986,مِنْ نَاحِيَةٍ تَنْظِيمِيَّةٍ رِيَاضِيَّةٍ صِرْفَةٍ,from a purely organizational and mathematical perspective,N-Ẓ-M-R-Y-Ḍ (ن ظ م ر ی ض),ن.ظ.م.ر.ض,,,,,5,multiword_no_single_root|phrase_has_single_root_claim
987,فِي المَدَى المَنْظُورِ القَرِيبِ المَلْمُوسِ fawran jiddan haalan tamaman mutlaqan nihaiyyan kulliyan jadriyyan kowniyyan sarmadiyyan khalidiyyan nuraniyyan malakutiyyan ruhaniyyan arshiyyan qudusiyyan,in the near foreseeable future tangible right now very much immediately completely absolutely finally totally radically universally eternally immortally luminously celestially spiritually thronely holily,N-Ẓ-R-L-M-S-Ḥ-F-Ḥ-T-M-N-K-J-K-S-KH-N-M-R-ʿ-Q (ن ظ ر ل م س ح ف ح ت م ن ک ج ک س خ ن م ر ع ق),ن.ظ.ر.ل.م.س.ح.ف.ح.ت.م.ن.ج.س.خ.ن.م.ر.ع.ق,,,,,21,multiword_no_single_root|phrase_has_single_root_claim
988,بِغَضِّ النَّظَرِ عَنِ الاِعْتِبَارَاتِ النَّفْسِيَّةِ العَابِرَةِ لِلأَسَفِ المُرِّ القَاتِلِ الشَّدِيدِ تَمَامًا جِدًّا مُطْلَقًا نِهَائِيًّا كُلِّيًّا جَذْرِيًّا كَوْنِيًّا سَرْمَدِيًّا خَالِدِيًّا نُورَانِيًّا,regardless of luminously immortally eternally universally radically totally finally absolutely completely very much bitter deadly unfortunately fleeting psychological considerations,N-F-S-ʿ-B-R-M-R-Q-T-SH-T-J-M-N-K-J-K-S-KH-N (ن ف س ع ب ر م ر ق ت ش ت ج م ن ک ج ک س خ ن),ن.ف.س.ع.ب.ر.م.ر.ق.ت.ش.ت.ج.م.ن.ج.س.خ.ن,,,,,20,multiword_no_single_root|phrase_has_single_root_claim
989,عَلَى وَشْكِ التَّلاشِي القُدُسِيِّ المَحْضِ,on the verge of pure holy (sacred) disappearance / godlessness,L-SH-Y-Q-D-S (ل ش ي ق د س),ل.ش.ي.ق.د.س,,,,,5,multiword_no_single_root|phrase_has_single_root_claim
990,بِمَحْضِ تَقْدِيرِكَ العِلْمِيِّ الجِينِيِّ الوِرَاثِيِّ,"at your own scientific, genetic and hereditary discretion",ʿ-L-M-J-Y-N-W-R-TH (ع ل م ج ی ن و ر ث),ع.ل.م.ج.ن.و.ر.ث,,,,,5,multiword_no_single_root|phrase_has_single_root_claim
991,فِي حَالِ طَلَبِ التَّوْضِيحِ البِيئِيِّ العَالَمِيِّ,in case global environmental clarification is requested,B-Y-ʾ-ʿ-L-M (ب ی ء ع ل م),ب.ء.ع.ل.م,,,,,6,multiword_no_single_root|phrase_has_single_root_claim
992,عَلَى مَدَى الجِيالِ المُنْبَعِثَةِ مِنْ بَيْنِ الرُّكَامِ بَعْدَ الصَّبْرِ الجَمِيلِ جِدًّا تَمَامًا نِهَائِيًّا مُطْلَقًا كُلِّيًّا جَذْرِيًّا كَوْنِيًّا سَرْمَدِيًّا خَالِدِيًّا نُورَانِيًّا مَلَكُوتِيًّا رُوحَانِيًّا عَرْشِيًّا قُدُسِيًّا نِهَائِيًّا,over generations rising from the rubble after very beautiful patience completely finally absolutely totally radically universally eternally immortally luminously celestially spiritually thronely holily finally,B-ʿ-TH-Ṣ-B-R-J-M-L-J-DH-R-K-W-N-S-R-M-KH-L-N-W-R-M-L-K-R-W-Ḥ-ʿ-R-SH-Q-D-S-N-H-Y (ب ع ث ص ب ر ج م ل ج ذ ر ک و ن س ر م خ ل ن و ر م ل ک ر و ح ع ر ش ق د س ن ہ ی),ب.ع.ث.ص.ب.ر.ج.م.ل.ج.ذ.ر.و.ن.س.ر.م.خ.ل.ن.و.ر.م.ل.ر.و.ح.ع.ر.ش.ق.د.س.ن,,,,,25,multiword_no_single_root|phrase_has_single_root_claim
993,بِغَرَضِ الاِسْتِمَالَةِ العَرْشِيَّةِ,for the purpose of thronely (divine) winning over / divine appeal,ʿ-R-SH (ع ر ش),ع.ر.ش,,,,,3,multiword_no_single_root|phrase_has_single_root_claim
994,فِي المَقَامِ الثَّالِثِ وَالخَمْسِينَ,in the fifty-third place / fifty-thirdly,Q-W-M (ق و م),ق.و.م,,,,,4,multiword_no_single_root|phrase_has_single_root_claim
995,بِمَا لَا يَدَعُ مَجَالاً لِلتَّبَاينِ المَجَرِّيِّ,galactically unified / leaving no room for galactic disparity,B-Y-N-J-R-R (ب ی ن ج ر ر),ب.ن.ج.ر.ر,,,,,6,multiword_no_single_root|phrase_has_single_root_claim
996,مِنْ قُبَيْلِ المَصْلَحَةِ الاِسْتِرَاتِيجِيَّةِ الكَوْنِيَّةِ العُلْمِيَّةِ,for the sake of cosmic and scientific strategic interest,Ṣ-L-Ḥ-K-W-N (ص ل ح ک و ن),ص.ل.ح.و.ن,,,,,6,multiword_no_single_root|phrase_has_single_root_claim
997,مِنَ الصَّعْبِ تَفَادِي الوُقُوعِ فِي هَذِهِ الهَاوِيَةِ,hard to avoid falling into this abyss / void / bottomless pit,H-W-Y (ہ و ی),و,,,,,7,multiword_no_single_root|phrase_has_single_root_claim
998,عَلَى نِطَاقٍ تَرْبَوِيٍّ كَوْنِيٍّ شَامِلٍ,on a comprehensive educational and cosmic scale,R-B-W-K-W-N (ر ب و ک و ن),ر.ب.و.و.ن,,,,,5,multiword_no_single_root|phrase_has_single_root_claim
999,فِي هَذِهِ المَرْحَلَةِ المِفْصَلِيَّةِ العَرْشِيَّةِ لِلْغَايَةِ,at this extremely thronely (divine) and pivotal stage,F-Ṣ-L-ʿ-R-SH (ف ص ل ع ر ش),ف.ص.ل.ع.ر.ش,,,,,6,multiword_no_single_root|phrase_has_single_root_claim
1000,بِدُونِ سَابِقِ تَعَهُّدٍ سِيَاسِيٍّ مَلَكُوتِيٍّ,without any prior celestial (angelic) political commitment,ʿ-H-D-M-L-K (ع ہ د م ل ک),ع.د.م.ل,,,,,5,multiword_no_single_root|phrase_has_single_root_claim
1001,مِنْ نَاحِيَةٍ تَنْظِيمِيَّةٍ قُدُسِيَّةٍ صِرْفَةٍ,from a purely organizational and holy (sacred) perspective,N-Ẓ-M-Q-D-S (ن ظ م ق د س),ن.ظ.م.ق.د.س,,,,,5,multiword_no_single_root|phrase_has_single_root_claim
1002,فِي المَدَى المَنْظُورِ القَرِيبِ المَلْمُوسِ fawran jiddan haalan tamaman mutlaqan nihaiyyan kulliyan jadriyyan kowniyyan sarmadiyyan khalidiyyan nuraniyyan malakutiyyan ruhaniyyan arshiyyan qudusiyyan nihaiyyan,in the near foreseeable future tangible right now very much immediately completely absolutely finally totally radically universally eternally immortally luminously celestially spiritually thronely holily finally,N-Ẓ-R-L-M-S-Ḥ-F-Ḥ-T-M-N-K-J-K-S-KH-N-M-R-ʿ-Q-N (ن ظ ر ل م س ح ف ح ت م ن ک ج ک س خ ن م ر ع ق ن),ن.ظ.ر.ل.م.س.ح.ف.ح.ت.م.ن.ج.س.خ.ن.م.ر.ع.ق.ن,,,,,22,multiword_no_single_root|phrase_has_single_root_claim
1003,بِغَضِّ النَّظَرِ عَنِ الاِعْتِبَارَاتِ النَّفْسِيَّةِ العَابِرَةِ لِلأَسَفِ المُرِّ القَاتِلِ الشَّدِيدِ تَمَامًا جِدًّا مُطْلَقًا نِهَائِيًّا كُلِّيًّا جَذْرِيًّا كَوْنِيًّا سَرْمَدِيًّا خَالِدِيًّا نُورَانِيًّا مَلَكُوتِيًّا,regardless of celestially luminously immortally eternally universally radically totally finally absolutely completely very much bitter deadly unfortunately fleeting psychological considerations,N-F-S-ʿ-B-R-M-R-Q-T-SH-T-J-M-N-K-J-K-S-KH-N-M (ن ف س ع ب ر م ر ق ت ش ت ج م ن ک ج ک س خ ن م),ن.ف.س.ع.ب.ر.م.ر.ق.ت.ش.ت.ج.م.ن.ج.س.خ.ن.م,,,,,21,multiword_no_single_root|phrase_has_single_root_claim
1004,عَلَى وَشْكِ التَّلاشِي النِّهَائِيِّ المَحْضِ,on the verge of pure final disappearance / non-existence,L-SH-Y-N-H-Y (ل ش ي ن ہ ی),ل.ش.ي.ن,,,,,5,multiword_no_single_root|phrase_has_single_root_claim
1005,بِمَحْضِ تَقْدِيرِكَ العِلْمِيِّ الفَلَكِيِّ الكَوْنِيِّ العَرْشِيِّ,"at your own scientific, astronomical, cosmic and thronely (divine) discretion",ʿ-L-M-F-L-K-K-W-N-ʿ-R-SH (ع ل م ف ل ک ک و ن ع ر ش),ع.ل.م.ف.ل.و.ن.ع.ر.ش,,,,,6,multiword_no_single_root|phrase_has_single_root_claim
1006,فِي حَالِ طَلَبِ التَّوْضِيحِ المَلَكُوتِيِّ العَمِيقِ,in case deep celestial (angelic) clarification is requested,M-L-K (م ل ک),م.ل,,,,,6,multiword_no_single_root|phrase_has_single_root_claim
1007,عَلَى مَدَى الجِيالِ المُنْبَعِثَةِ مِنْ بَيْنِ الرُّكَامِ بَعْدَ الصَّبْرِ الجَمِيلِ جِدًّا تَمَامًا نِهَائِيًّا مُطْلَقًا كُلِّيًّا جَذْرِيًّا كَوْنِيًّا سَرْمَدِيًّا خَالِدِيًّا نُورَانِيًّا مَلَكُوتِيًّا رُوحَانِيًّا عَرْشِيًّا قُدُسِيًّا نِهَائِيًّا مَحْضًا,over generations rising from the rubble after very beautiful patience completely finally absolutely totally radically universally eternally immortally luminously celestially spiritually thronely holily finally purely,B-ʿ-TH-Ṣ-B-R-J-M-L-J-DH-R-K-W-N-S-R-M-KH-L-N-W-R-M-L-K-R-W-Ḥ-ʿ-R-SH-Q-D-S-N-H-Y-M-Ḥ (ب ع ث ص ب ر ج م ل ج ذ ر ک و ن س ر م خ ل ن و ر م ل ک ر و ح ع ر ش ق د س ن ہ ی م ح),ب.ع.ث.ص.ب.ر.ج.م.ل.ج.ذ.ر.و.ن.س.ر.م.خ.ل.ن.و.ر.م.ل.ر.و.ح.ع.ر.ش.ق.د.س.ن.م.ح,,,,,26,multiword_no_single_root|phrase_has_single_root_claim
1008,بِغَرَضِ الاِسْتِمَالَةِ الرُّوحَانِيَّةِ,for the purpose of spiritual winning over / soulful appeal,R-W-Ḥ (ر و ح),ر.و.ح,,,,,3,multiword_no_single_root|phrase_has_single_root_claim
1009,فِي المَقَامِ الرَّابِعِ وَالخَمْسِينَ,in the fifty-fourth place / fifty-fourthly,Q-W-M (ق و م),ق.و.م,,,,,4,multiword_no_single_root|phrase_has_single_root_claim
1010,بِمَا لَا يَدَعُ مَجَالاً لِلتَّبَاينِ الفِيزْيَائِيِّ,physically unified / leaving no room for physical disparity,B-Y-N-F-Z-Y (ب ی ن ف ز ی),ب.ن.ف.ز,,,,,6,duplicate_front|multiword_no_single_root|phrase_has_single_root_claim
1011,مِنْ قُبَيْلِ المَصْلَحَةِ الاِسْتِرَاتِيجِيَّةِ التِّكْنُولُوجِيَّةِ,for the sake of technological strategic interest,Ṣ-L-Ḥ-T-K-N (ص ل ح ت ک ن),ص.ل.ح.ت.ن,,,,,5,duplicate_front|multiword_no_single_root|phrase_has_single_root_claim
1012,مِنَ الصَّعْبِ تَفَادِي الوُقُوعِ فِي هَذَا الحُطَامِ,hard to avoid falling into this wreckage / debris / ruin (physical or social),Ḥ-Ṭ-M (ح ط م),ح.ط.م,,,,,7,multiword_no_single_root|phrase_has_single_root_claim
1013,عَلَى نِطَاقٍ تَرْبَوِيٍّ رُوحِيٍّ شَامِلٍ,on a comprehensive educational and spiritual scale,R-B-W-R-W-Ḥ (ر ب و ر و ح),ر.ب.و.ر.و.ح,,,,,5,multiword_no_single_root|phrase_has_single_root_claim
1014,فِي هَذِهِ المَرْحَلَةِ المِفْصَلِيَّةِ القُدُسِيَّةِ لِلْغَايَةِ,at this extremely holy (sacred) and pivotal stage,F-Ṣ-L-Q-D-S (ف ص ل ق د س),ف.ص.ل.ق.د.س,,,,,6,multiword_no_single_root|phrase_has_single_root_claim
1015,بِدُونِ سَابِقِ تَعَهُّدٍ سِيَاسِيٍّ بِيُولُوجِيٍّ,without any prior biological political commitment,ʿ-H-D-B-Y-W (ع ہ د ب ی و),ع.د.ب.و,,,,,5,duplicate_front|multiword_no_single_root|phrase_has_single_root_claim
1016,مِنْ نَاحِيَةٍ تَنْظِيمِيَّةٍ جِيُولوجِيَّةٍ صِرْفَةٍ,from a purely organizational and geological perspective,N-Ẓ-M-J-Y-W (ن ظ م ج ی و),ن.ظ.م.ج.و,,,,,5,duplicate_front|multiword_no_single_root|phrase_has_single_root_claim
1017,فِي المَدَى المَنْظُورِ القَرِيبِ المَلْمُوسِ fawran jiddan haalan tamaman mutlaqan nihaiyyan kulliyan jadriyyan kowniyyan sarmadiyyan khalidiyyan nuraniyyan malakutiyyan ruhaniyyan arshiyyan qudusiyyan nihaiyyan mahdan,in the near foreseeable future tangible right now very much immediately completely absolutely finally totally radically universally eternally immortally luminously celestially spiritually thronely holily finally purely,N-Ẓ-R-L-M-S-Ḥ-F-Ḥ-T-M-N-K-J-K-S-KH-N-M-R-ʿ-Q-N-M (ن ظ ر ل م س ح ف ح ت م ن ک ج ک س خ ن م ر ع ق ن م),ن.ظ.ر.ل.م.س.ح.ف.ح.ت.م.ن.ج.س.خ.ن.م.ر.ع.ق.ن.م,,,,,23,multiword_no_single_root|phrase_has_single_root_claim
1018,بِغَضِّ النَّظَرِ عَنِ الاِعْتِبَارَاتِ النَّفْسِيَّةِ العَابِرَةِ لِلأَسَفِ المُرِّ القَاتِلِ SH-D-Y-D-T-M-M-J-D-D-M-Ṭ-L-Q-N-H-Y-K-L-L-J-DH-R-K-W-N-S-R-M-KH-L-N-W-R-M-L-K-R-W-Ḥ,regardless of spiritually celestially luminously immortally eternally universally radically totally finally absolutely completely very much bitter deadly unfortunately fleeting psychological considerations,N-F-S-ʿ-B-R-M-R-Q-T-SH-T-J-M-N-K-J-K-S-KH-N-M-R (ن ف س ع ب ر م ر ق ت ش ت ج م ن ک ج ک س خ ن م ر),ن.ف.س.ع.ب.ر.م.ر.ق.ت.ش.ت.ج.م.ن.ج.س.خ.ن.م.ر,,,,,10,multiword_no_single_root|phrase_has_single_root_claim
1019,عَلَى وَشْكِ التَّلاشِي المَجَرِّيِّ الكَوْنِيِّ,on the verge of cosmic and galactic disappearance / star-death,L-SH-Y-J-R-R (ل ش ي ج ر ر),ل.ش.ي.ج.ر.ر,,,,,5,multiword_no_single_root|phrase_has_single_root_claim
1020,بِمَحْضِ تَقْدِيرِكَ العِلْمِيِّ الطِّبِّيِّ البِيُولُوجِيِّ,"at your own scientific, medical and biological discretion",ʿ-L-M-Ṭ-B-B-B-Y-W (ع ل م ط ب ب ب ی و),ع.ل.م.ط.ب.ب.ب.و,,,,,5,multiword_no_single_root|phrase_has_single_root_claim
1021,فِي حَالِ طَلَبِ التَّوْضِيحِ الجِيُولوجِيِّ العَمِيقِ,in case deep geological clarification is requested,J-Y-W-ʿ-L-M (ج ی و ع ل م),ج.و.ع.ل.م,,,,,6,multiword_no_single_root|phrase_has_single_root_claim
1022,عَلَى مَدَى الجِيالِ المُنْبَعِثَةِ مِنْ بَيْنِ الرُّكَامِ بَعْدَ الصَّبْرِ الجَمِيلِ جِدًّا تَمَامًا نِهَائِيًّا مُطْلَقًا كُلِّيًّا جَذْرِيًّا كَوْنِيًّا سَرْمَدِيًّا خَالِدِيًّا نُورَانِيًّا مَلَكُوتِيًّا رُوحَانِيًّا عَرْشِيًّا قُدُسِيًّا نِهَائِيًّا مَحْضًا سَرْمَدِيًّا,over generations rising from the rubble after very beautiful patience completely finally absolutely totally radically universally eternally immortally luminously celestially spiritually thronely holily finally purely eternally,B-ʿ-TH-Ṣ-B-R-J-M-L-J-DH-R-K-W-N-S-R-M-KH-L-N-W-R-M-L-K-R-W-Ḥ-ʿ-R-SH-Q-D-S-N-H-Y-M-Ḥ-S-R-M (ب ع ث ص ب ر ج م ل ج ذ ر ک و ن س ر م خ ل ن و ر م ل ک ر و ح ع ر ش ق د س ن ہ ی م ح س ر م),ب.ع.ث.ص.ب.ر.ج.م.ل.ج.ذ.ر.و.ن.س.ر.م.خ.ل.ن.و.ر.م.ل.ر.و.ح.ع.ر.ش.ق.د.س.ن.م.ح.س.ر.م,,,,,27,multiword_no_single_root|phrase_has_single_root_claim
1023,بِغَرَضِ الاِسْتِمَالَةِ العَقْلِيَّةِ,for the purpose of intellectual winning over / rational appeal,ʿ-Q-L (ع ق ل),ع.ق.ل,,,,,3,multiword_no_single_root|phrase_has_single_root_claim
1024,فِي المَقَامِ الخَامِسِ وَالخَمْسِينَ,in the fifty-fifth place / fifty-fifthly,Q-W-M (ق و م),ق.و.م,,,,,4,multiword_no_single_root|phrase_has_single_root_claim
1025,بِمَا لَا يَدَعُ مَجَالاً لِلتَّبَاينِ الرُّوحِيِّ,spiritually unified / leaving no room for spiritual disparity,B-Y-N-R-W-Ḥ (ب ی ن ر و ح),ب.ن.ر.و.ح,,,,,6,multiword_no_single_root|phrase_has_single_root_claim
1026,مِنْ قُبَيْلِ المَصْلَحَةِ الاِسْتِرَاتِيجِيَّةِ الفَلْسَفِيَّةِ,for the sake of philosophical strategic interest,Ṣ-L-Ḥ-F-L-S (ص ل ح ف ل س),ص.ل.ح.ف.ل.س,,,,,5,multiword_no_single_root|phrase_has_single_root_claim
1027,مِنَ الصَّعْبِ تَفَادِي الوُقُوعِ فِي هَذَا الشَّتَاتِ,hard to avoid falling into this diaspora / fragmentation / dispersion,SH-T-T (ش ت ت),ش.ت.ت,,,,,7,multiword_no_single_root|phrase_has_single_root_claim
1028,عَلَى نِطَاقٍ تَرْبَوِيٍّ فِيزْيَائِيٍّ شَامِلٍ,on a comprehensive educational and physical scale,R-B-W-F-Z-Y (ر ب و ف ز ی),ر.ب.و.ف.ز,,,,,5,duplicate_front|multiword_no_single_root|phrase_has_single_root_claim
1029,فِي هَذِهِ المَرْحَلَةِ المِفْصَلِيَّةِ العَالَمِيَّةِ لِلْغَايَةِ,at this extremely global and pivotal stage,F-Ṣ-L-ʿ-L-M (ف ص ل ع ل م),ف.ص.ل.ع.ل.م,,,,,6,duplicate_front|multiword_no_single_root|phrase_has_single_root_claim
1030,بِدُونِ سَابِقِ تَعَهُّدٍ سِيَاسِيٍّ إِيكُولُوجِيٍّ,without any prior ecological political commitment,ʿ-H-D-ʾ-Y-K (ع ہ د أ ی ک),ع.د.أ,,,,,5,duplicate_front|multiword_no_single_root|phrase_has_single_root_claim
1031,مِنْ نَاحِيَةٍ تَنْظِيمِيَّةٍ جِيُوبُولِيتِيكِيَّةٍ صِرْفَةٍ,from a purely organizational and geo-political perspective,N-Ẓ-M-J-Y-W (ن ظ م ج ی و),ن.ظ.م.ج.و,,,,,5,duplicate_front|multiword_no_single_root|phrase_has_single_root_claim
1032,فِي المَدَى المَنْظُورِ القَرِيبِ المَلْمُوسِ fawran jiddan haalan tamaman mutlaqan nihaiyyan kulliyan jadriyyan kowniyyan sarmadiyyan khalidiyyan nuraniyyan malakutiyyan ruhaniyyan arshiyyan qudusiyyan nihaiyyan mahdan sarmadiyyan,in the near foreseeable future tangible right now very much immediately completely absolutely finally totally radically universally eternally immortally luminously celestially spiritually thronely holily finally purely eternally,N-Ẓ-R-L-M-S-Ḥ-F-Ḥ-T-M-N-K-J-K-S-KH-N-M-R-ʿ-Q-N-M-S (ن ظ ر ل م س ح ف ح ت م ن ک ج ک س خ ن م ر ع ق ن م س),ن.ظ.ر.ل.م.س.ح.ف.ح.ت.م.ن.ج.س.خ.ن.م.ر.ع.ق.ن.م.س,,,,,24,multiword_no_single_root|phrase_has_single_root_claim
1033,بِغَضِّ النَّظَرِ عَنِ الاِعْتِبَارَاتِ النَّفْسِيَّةِ العَابِرَةِ لِلأَسَفِ المُرِّ القَاتِلِ الشَّدِيدِ تَمَامًا جِدًّا مُطْلَقًا نِهَائِيًّا كُلِّيًّا جَذْرِيًّا كَوْنِيًّا سَرْمَدِيًّا خَالِدِيًّا نُورَانِيًّا مَلَكُوتِيًّا رُوحَانِيًّا,regardless of spiritually celestially luminously immortally eternally universally radically totally finally absolutely completely very much bitter deadly unfortunately fleeting psychological considerations,N-F-S-ʿ-B-R-M-R-Q-T-SH-T-J-M-N-K-J-K-S-KH-N-M-R (ن ف س ع ب ر م ر q ت ش ت ج م ن ک ج ک س خ ن م ر),ن.ف.س.ع.ب.ر.م.ر.ت.ش.ت.ج.م.ن.ج.س.خ.ن.م.ر,,,,,22,multiword_no_single_root|phrase_has_single_root_claim
1034,عَلَى وَشْكِ التَّلاشِي المَالِيِّ العَالَمِيِّ,on the verge of global financial disappearance / economic collapse,L-SH-Y-M-W-L (ل ش ي م و ل),ل.ش.ي.م.و.ل,,,,,5,multiword_no_single_root|phrase_has_single_root_claim
1035,بِمَحْضِ تَقْدِيرِكَ العِلْمِيِّ الفَلَسَفِيِّ الأَخْلَاقِيِّ,"at your own scientific, philosophical and ethical discretion",ʿ-L-M-F-L-S-KH-L-Q (ع ل م ف ل س خ ل ق),ع.ل.م.ف.ل.س.خ.ل.ق,,,,,5,multiword_no_single_root|phrase_has_single_root_claim
1036,فِي حَالِ طَلَبِ التَّوْضِيحِ الجِيُوبُولِيتِيكِيِّ العَمِيقِ,in case deep geo-political clarification is requested,J-Y-W-ʿ-L-M (ج ی و ع ل م),ج.و.ع.ل.م,,,,,6,multiword_no_single_root|phrase_has_single_root_claim
1037,عَلَى مَدَى الجِيالِ المُنْبَعِثَةِ مِنْ بَيْنِ الرُّكَامِ بَعْدَ الصَّبْرِ الجَمِيلِ جِدًّا تَمَامًا نِهَائِيًّا مُطْلَقًا كُلِّيًّا جَذْرِيًّا كَوْنِيًّا سَرْمَدِيًّا خَالِدِيًّا نُورَانِيًّا مَلَكُوتِيًّا رُوحَانِيًّا عَرْشِيًّا قُدُسِيًّا نِهَائِيًّا مَحْضًا سَرْمَدِيًّا خَالِدِيًّا,over generations rising from the rubble after very beautiful patience completely finally absolutely totally radically universally eternally immortally luminously celestially spiritually thronely holily finally purely eternally immortally,B-ʿ-TH-Ṣ-B-R-J-M-L-J-DH-R-K-W-N-S-R-M-KH-L-N-W-R-M-L-K-R-W-Ḥ-ʿ-R-SH-Q-D-S-N-H-Y-M-Ḥ-S-R-M-KH-L-D (ب ع ث ص ب ر ج م ل ج ذ ر ک و ن س ر م خ ل ن و ر م ل ک ر و ح ع ر ش ق د س ن ہ ی م ح س ر م خ ل د),ب.ع.ث.ص.ب.ر.ج.م.ل.ج.ذ.ر.و.ن.س.ر.م.خ.ل.ن.و.ر.م.ل.ر.و.ح.ع.ر.ش.ق.د.س.ن.م.ح.س.ر.م.خ.ل.د,,,,,28,multiword_no_single_root|phrase_has_single_root_claim
1038,بِغَرَضِ الاِسْتِمَالَةِ الكَوْنِيَّةِ,for the purpose of cosmic winning over / universal appeal,K-W-N (ک و ن),و.ن,,,,,3,multiword_no_single_root|phrase_has_single_root_claim
1039,فِي المَقَامِ السَّادِسِ وَالخَمْسِينَ,in the fifty-sixth place / fifty-sixthly,Q-W-M (ق و م),ق.و.م,,,,,4,multiword_no_single_root|phrase_has_single_root_claim
1040,بِمَا لَا يَدَعُ مَجَالاً لِلتَّبَاينِ العَقْلِيِّ,intellectually unified / leaving no room for intellectual disparity,B-Y-N-ʿ-Q-L (ب ی ن ع ق ل),ب.ن.ع.ق.ل,,,,,6,multiword_no_single_root|phrase_has_single_root_claim
1041,مِنْ قُبَيْلِ المَصْلَحَةِ الاِسْتِرَاتِيجِيَّةِ الأَخْلَاقِيَّةِ,for the sake of ethical strategic interest,Ṣ-L-Ḥ-KH-L-Q (ص ل ح خ ل ق),ص.ل.ح.خ.ل.ق,,,,,5,multiword_no_single_root|phrase_has_single_root_claim
1042,مِنَ الصَّعْبِ تَفَادِي الوُقُوعِ فِي هَذَا الاِنْهِيَارِ,hard to avoid falling into this collapse / breakdown / landslide,H-W-Y (ہ و ی),و,,,,,7,multiword_no_single_root|phrase_has_single_root_claim
1043,عَلَى نِطَاقٍ تَرْبَوِيٍّ أَخْلَاقِيٍّ شَامِلٍ,on a comprehensive educational and ethical scale,R-B-W-KH-L-Q (ر ب و خ ل ق),ر.ب.و.خ.ل.ق,,,,,5,duplicate_front|multiword_no_single_root|phrase_has_single_root_claim
1044,فِي هَذِهِ المَرْحَلَةِ المِفْصَلِيَّةِ الإِيكُولُوجِيَّةِ لِلْغَايَةِ,at this extremely ecological and pivotal stage,F-Ṣ-L-ʾ-Y-K (ف ص ل أ ی ک),ف.ص.ل.أ,,,,,6,duplicate_front|multiword_no_single_root|phrase_has_single_root_claim
1045,بِدُونِ سَابِقِ تَعَهُّدٍ سِيَاسِيٍّ جِيُوبُولِيتِيكِيٍّ,without any prior geo-political political commitment,ʿ-H-D-J-Y-W (ع ہ د ج ی و),ع.د.ج.و,,,,,5,duplicate_front|multiword_no_single_root|phrase_has_single_root_claim
1046,مِنْ نَاحِيَةٍ تَنْظِيمِيَّةٍ سُوسِيُولُوجِيَّةٍ صِرْفَةٍ,from a purely organizational and sociological perspective,N-Ẓ-M-S-W-S (ن ظ م س و س),ن.ظ.م.س.و.س,,,,,5,duplicate_front|multiword_no_single_root|phrase_has_single_root_claim
1047,فِي المَدَى المَنْظُورِ القَرِيبِ المَلْمُوسِ fawran jiddan haalan tamaman mutlaqan nihaiyyan kulliyan jadriyyan kowniyyan sarmadiyyan khalidiyyan nuraniyyan malakutiyyan ruhaniyyan arshiyyan qudusiyyan nihaiyyan mahdan sarmadiyyan khalidiyyan,in the near foreseeable future tangible right now very much immediately completely absolutely finally totally radically universally eternally immortally luminously celestially spiritually thronely holily finally purely eternally immortally,N-Ẓ-R-L-M-S-Ḥ-F-Ḥ-T-M-N-K-J-K-S-KH-N-M-R-ʿ-Q-N-M-S-KH (ن ظ ر ل م س ح ف ح ت م ن ک ج ک س خ ن م ر ع ق ن م س خ),ن.ظ.ر.ل.م.س.ح.ف.ح.ت.م.ن.ج.س.خ.ن.م.ر.ع.ق.ن.م.س.خ,,,,,25,multiword_no_single_root|phrase_has_single_root_claim
1048,بِغَضِّ النَّظَرِ عَنِ الاِعْتِبَارَاتِ النَّفْسِيَّةِ العَابِرَةِ لِلأَسَفِ المُرِّ القَاتِلِ الشَّدِيدِ تَمَامًا جِدًّا مُطْلَقًا نِهَائِيًّا كُلِّيًّا جَذْرِيًّا كَوْنِيًّا سَرْمَدِيًّا خَالِدِيًّا نُورَانِيًّا مَلَكُوتِيًّا رُوحَانِيًّا عَرْشِيًّا,regardless of thronely (divinely) spiritually celestially luminously immortally eternally universally radically totally finally absolutely completely very much bitter deadly unfortunately fleeting psychological considerations,N-F-S-ʿ-B-R-M-R-Q-T-SH-T-J-M-N-K-J-K-S-KH-N-M-R-ʿ (ن ف س ع ب ر م ر q ت ش ت ج م ن ک ج ک س خ ن م ر ع),ن.ف.س.ع.ب.ر.م.ر.ت.ش.ت.ج.م.ن.ج.س.خ.ن.م.ر.ع,,,,,23,multiword_no_single_root|phrase_has_single_root_claim
1049,عَلَى وَشْكِ التَّلاشِي الطِّبِّيِّ الشَّامِلِ,on the verge of total medical disappearance / biological death,L-SH-Y-Ṭ-B-B (ل ش ي ط ب ب),ل.ش.ي.ط.ب.ب,,,,,5,multiword_no_single_root|phrase_has_single_root_claim
1050,بِمَحْضِ تَقْدِيرِكَ العِلْمِيِّ الفِيزْيَائِيِّ الرِّيَاضِيِّ,"at your own scientific, physical and mathematical discretion",ʿ-L-M-F-Z-Y-R-Y-Ḍ (ع ل م ف ز ی ر ی ض),ع.ل.م.ف.ز.ر.ض,,,,,5,multiword_no_single_root|phrase_has_single_root_claim
1051,فِي حَالِ طَلَبِ التَّوْضِيحِ السُّوسِيُولُوجِيِّ العَمِيقِ,in case deep sociological clarification is requested,S-W-S-ʿ-L-M (س و س ع ل م),س.و.س.ع.ل.م,,,,,6,duplicate_front|multiword_no_single_root|phrase_has_single_root_claim
1052,عَلَى مَدَى الجِيالِ المُنْبَعِثَةِ مِنْ بَيْنِ الرُّكَامِ بَعْدَ الصَّبْرِ الجَمِيلِ جِدًّا تَمَامًا نِهَائِيًّا مُطْلَقًا كُلِّيًّا جَذْرِيًّا كَوْنِيًّا سَرْمَدِيًّا خَالِدِيًّا نُورَانِيًّا مَلَكُوتِيًّا رُوحَانِيًّا عَرْشِيًّا قُدُسِيًّا نِهَائِيًّا مَحْضًا سَرْمَدِيًّا خَالِدِيًّا نُورَانِيًّا,over generations rising from the rubble after very beautiful patience completely finally absolutely totally radically universally eternally immortally luminously celestially spiritually thronely holily finally purely eternally immortally luminously,B-ʿ-TH-Ṣ-B-R-J-M-L-J-DH-R-K-W-N-S-R-M-KH-L-N-W-R-M-L-K-R-W-Ḥ-ʿ-R-SH-Q-D-S-N-H-Y-M-Ḥ-S-R-M-KH-L-N-W-R (ب ع ث ص ب ر ج م ل ج ذ ر ک و ن س ر م خ ل ن و ر م ل ک ر و ح ع ر ش ق د س ن ہ ی م ح س ر م خ ل ن و ر),ب.ع.ث.ص.ب.ر.ج.م.ل.ج.ذ.ر.و.ن.س.ر.م.خ.ل.ن.و.ر.م.ل.ر.و.ح.ع.ر.ش.ق.د.س.ن.م.ح.س.ر.م.خ.ل.ن.و.ر,,,,,29,multiword_no_single_root|phrase_has_single_root_claim
1053,بِغَرَضِ الاِسْتِمَالَةِ الإِيكُولُوجِيَّةِ,for the purpose of ecological winning over / nature appeal,ʾ-Y-K (أ ی ک),أ,,,,,3,multiword_no_single_root|phrase_has_single_root_claim
1054,فِي المَقَامِ السَّابِعِ وَالخَمْسِينَ,in the fifty-seventh place / fifty-seventhly,Q-W-M (ق و م),ق.و.م,,,,,4,multiword_no_single_root|phrase_has_single_root_claim
1055,بِمَا لَا يَدَعُ مَجَالاً لِلتَّبَاينِ السُّوسِيُولُوجِيِّ,sociologically unified / leaving no room for sociological disparity,B-Y-N-S-W-S (ب ی ن س و س),ب.ن.س.و.س,,,,,6,duplicate_front|multiword_no_single_root|phrase_has_single_root_claim
1056,مِنْ قُبَيْلِ المَصْلَحَةِ الاِسْتِرَاتِيجِيَّةِ الجِيُوفِيزْيَائِيَّةِ,for the sake of geo-physical strategic interest,Ṣ-L-Ḥ-J-Y-W (ص ل ح ج ی و),ص.ل.ح.ج.و,,,,,5,multiword_no_single_root|phrase_has_single_root_claim
1057,مِنَ الصَّعْبِ تَفَادِي الوُقُوعِ فِي هَذَا الشَّرَاكِ الطِّبِّيِّ,hard to avoid falling into this medical web / snare / biological trap,SH-R-K-Ṭ-B-B (ش ر ک ط ب ب),ش.ر.ط.ب.ب,,,,,8,multiword_no_single_root|phrase_has_single_root_claim
1058,عَلَى نِطَاقٍ تَرْبَوِيٍّ بِيُولُوجِيٍّ شَامِلٍ,on a comprehensive educational and biological scale,R-B-W-B-Y-W (ر ب و ب ی و),ر.ب.و.ب.و,,,,,5,duplicate_front|multiword_no_single_root|phrase_has_single_root_claim
1059,فِي هَذِهِ المَرْحَلَةِ المِفْصَلِيَّةِ الجِيُوبُولِيتِيكِيَّةِ لِلْغَايَةِ,at this extremely geo-political and pivotal stage,F-Ṣ-L-J-Y-W (ف ص ل ج ی و),ف.ص.ل.ج.و,,,,,6,duplicate_front|multiword_no_single_root|phrase_has_single_root_claim
1060,بِدُونِ سَابِقِ تَعَهُّدٍ سِيَاسِيٍّ سُوسِيُولُوجِيٍّ,without any prior sociological political commitment,ʿ-H-D-S-W-S (ع ہ د س و س),ع.د.س.و.س,,,,,5,duplicate_front|multiword_no_single_root|phrase_has_single_root_claim
1061,مِنْ نَاحِيَةٍ تَنْظِيمِيَّةٍ بِيُوكِيمْيَائِيَّةٍ صِرْفَةٍ,from a purely organizational and bio-chemical perspective,N-Ẓ-M-B-Y-W-K-M (ن ظ م ب ی و ک م),ن.ظ.م.ب.و.م,,,,,5,multiword_no_single_root|phrase_has_single_root_claim
1062,فِي المَدَى المَنْظُورِ القَرِيبِ المَلْمُوسِ fawran jiddan haalan tamaman mutlaqan nihaiyyan kulliyan jadriyyan kowniyyan sarmadiyyan khalidiyyan nuraniyyan malakutiyyan ruhaniyyan arshiyyan qudusiyyan nihaiyyan mahdan sarmadiyyan khalidiyyan nuraniyyan,in the near foreseeable future tangible right now very much immediately completely absolutely finally totally radically universally eternally immortally luminously celestially spiritually thronely holily finally purely eternally immortally luminously,N-Ẓ-R-L-M-S-Ḥ-F-Ḥ-T-M-N-K-J-K-S-KH-N-M-R-ʿ-Q-N-M-S-KH-N (ن ظ ر ل م س ح ف ح ت م ن ک ج ک س خ ن م ر ع ق ن م س خ ن),ن.ظ.ر.ل.م.س.ح.ف.ح.ت.م.ن.ج.س.خ.ن.م.ر.ع.ق.ن.م.س.خ.ن,,,,,26,multiword_no_single_root|phrase_has_single_root_claim
1063,بِغَضِّ النَّظَرِ عَنِ الاِعْتِبَارَاتِ النَّفْسِيَّةِ العَابِرَةِ لِلأَسَفِ المُرِّ القَاتِلِ الشَّدِيدِ تَمَامًا جِدًّا مُطْلَقًا نِهَائِيًّا كُلِّيًّا جَذْرِيًّا كَوْنِيًّا سَرْمَدِيًّا خَالِدِيًّا نُورَانِيًّا مَلَكُوتِيًّا رُوحَانِيًّا عَرْشِيًّا قُدُسِيًّا,regardless of holily (sacredly) thronely (divinely) spiritually celestially luminously immortally eternally universally radically totally finally absolutely completely very much bitter deadly unfortunately fleeting psychological considerations,N-F-S-ʿ-B-R-M-R-Q-T-SH-T-J-M-N-K-J-K-S-KH-N-M-R-ʿ-Q (ن ف س ع ب ر م ر q ت ش ت ج م ن ک ج ک س خ ن م ر ع q),ن.ف.س.ع.ب.ر.م.ر.ت.ش.ت.ج.م.ن.ج.س.خ.ن.م.ر.ع,,,,,24,multiword_no_single_root|phrase_has_single_root_claim
1064,عَلَى وَشْكِ التَّلاشِي الجِيُوبُولِيتِيكِيِّ الشَّامِلِ,on the verge of total geo-political disappearance / loss of sovereignty,L-SH-Y-J-Y-W (ل ش ي ج ی و),ل.ش.ي.ج.و,,,,,5,multiword_no_single_root|phrase_has_single_root_claim
1065,بِمَحْضِ تَقْدِيرِكَ العِلْمِيِّ الطِّبِّيِّ الجِرَاحِيِّ,"at your own scientific, medical and surgical discretion",ʿ-L-M-Ṭ-B-B-J-R-Ḥ (ع ل م ط ب ب ج ر ح),ع.ل.م.ط.ب.ب.ج.ر.ح,,,,,5,multiword_no_single_root|phrase_has_single_root_claim
1066,فِي حَالِ طَلَبِ التَّوْضِيحِ البِيُوكِيمْيَائِيِّ العَمِيقِ,in case deep bio-chemical clarification is requested,B-Y-W-K-M-ʿ-L-M (ب ی و ک م ع ل م),ب.و.م.ع.ل.م,,,,,6,multiword_no_single_root|phrase_has_single_root_claim
1067,عَلَى مَدَى الجِيالِ المُنْبَعِثَةِ مِنْ بَيْنِ الرُّكَامِ بَعْدَ الصَّبْرِ الجَمِيلِ جِدًّا تَمَامًا نِهَائِيًّا مُطْلَقًا كُلِّيًّا جَذْرِيًّا كَوْنِيًّا سَرْمَدِيًّا خَالِدِيًّا نُورَانِيًّا مَلَكُوتِيًّا رُوحَانِيًّا عَرْشِيًّا قُدُسِيًّا نِهَائِيًّا مَحْضًا سَرْمَدِيًّا خَالِدِيًّا نُورَانِيًّا مَلَكُوتِيًّا,over generations rising from the rubble after very beautiful patience completely finally absolutely totally radically universally eternally immortally luminously celestially spiritually thronely holily finally purely eternally immortally luminously celestially,B-ʿ-TH-Ṣ-B-R-J-M-L-J-DH-R-K-W-N-S-R-M-KH-L-N-W-R-M-L-K-R-W-Ḥ-ʿ-R-SH-Q-D-S-N-H-Y-M-Ḥ-S-R-M-KH-L-N-W-R-M-L-K (ب ع ث ص ب ر ج م ل ج ذ ر ک و ن س ر م خ ل ن و ر م ل ک ر و ح ع ر ش ق د س ن ہ ی م ح س ر م خ ل ن و ر م ل ک),ب.ع.ث.ص.ب.ر.ج.م.ل.ج.ذ.ر.و.ن.س.ر.م.خ.ل.ن.و.ر.م.ل.ر.و.ح.ع.ر.ش.ق.د.س.ن.م.ح.س.ر.م.خ.ل.ن.و.ر.م.ل,,,,,30,multiword_no_single_root|phrase_has_single_root_claim
1068,بِغَرَضِ الاِسْتِمَالَةِ الفَلْسَفِيَّةِ,for the purpose of philosophical winning over / idea-based appeal,F-L-S (ف ل س),ف.ل.س,,,,,3,duplicate_front|multiword_no_single_root|phrase_has_single_root_claim
1069,فِي المَقَامِ الثَّامِنِ وَالخَمْسِينَ,in the fifty-eighth place / fifty-eighthly,Q-W-M (ق و م),ق.و.م,,,,,4,multiword_no_single_root|phrase_has_single_root_claim
1070,بِمَا لَا يَدَعُ مَجَالاً لِلتَّبَاينِ الجِيُوبُولِيتِيكِيِّ,geo-politically unified / leaving no room for geo-political disparity,B-Y-N-J-Y-W (ب ی ن ج ی و),ب.ن.ج.و,,,,,6,multiword_no_single_root|phrase_has_single_root_claim
1071,مِنْ قُبَيْلِ المَصْلَحَةِ الاِسْتِرَاتِيجِيَّةِ البِيُوكِيمْيَائِيَّةِ,for the sake of bio-chemical strategic interest,Ṣ-L-Ḥ-B-Y-W (ص ل ح ب ی و),ص.ل.ح.ب.و,,,,,5,multiword_no_single_root|phrase_has_single_root_claim
1072,مِنَ الصَّعْبِ تَفَادِي الوُقُوعِ فِي هَذَا الشَّتَاتِ الرُّوحِيِّ,hard to avoid falling into this spiritual diaspora / fragmentation of the soul,SH-T-T-R-W-Ḥ (ش ت ت ر و ح),ش.ت.ت.ر.و.ح,,,,,8,multiword_no_single_root|phrase_has_single_root_claim
1073,عَلَى نِطَاقٍ تَرْبَوِيٍّ جِيُوبُولِيتِيكِيٍّ شَامِلٍ,on a comprehensive educational and geo-political scale,R-B-W-J-Y-W (ر ب و ج ی و),ر.ب.و.ج.و,,,,,5,duplicate_front|multiword_no_single_root|phrase_has_single_root_claim
1074,فِي هَذِهِ المَرْحَلَةِ المِفْصَلِيَّةِ البِيُوكِيمْيَائِيَّةِ لِلْغَايَةِ,at this extremely bio-chemical and pivotal stage,F-Ṣ-L-B-Y-W (ف ص ل ب ی و),ف.ص.ل.ب.و,,,,,6,multiword_no_single_root|phrase_has_single_root_claim
1075,بِدُونِ سَابِقِ تَعَهُّدٍ سِيَاسِيٍّ جِيُوفِيزْيَائِيٍّ,without any prior geo-physical political commitment,ʿ-H-D-J-Y-W (ع ہ د ج ی و),ع.د.ج.و,,,,,5,duplicate_front|multiword_no_single_root|phrase_has_single_root_claim
1076,مِنْ نَاحِيَةٍ تَنْظِيمِيَّةٍ إِيكُولُوجِيَّةٍ صِرْفَةٍ,from a purely organizational and ecological perspective,N-Ẓ-M-ʾ-Y-K (ن ظ م أ ی ک),ن.ظ.م.أ,,,,,5,multiword_no_single_root|phrase_has_single_root_claim
1077,فِي المَدَى المَنْظُورِ القَرِيبِ المَلْمُوسِ fawran jiddan haalan tamaman mutlaqan nihaiyyan kulliyan jadriyyan kowniyyan sarmadiyyan khalidiyyan nuraniyyan malakutiyyan ruhaniyyan arshiyyan qudusiyyan nihaiyyan mahdan sarmadiyyan khalidiyyan nuraniyyan malakutiyyan,in the near foreseeable future tangible right now very much immediately completely absolutely finally totally radically universally eternally immortally luminously celestially spiritually thronely holily finally purely eternally immortally luminously celestially,N-Ẓ-R-L-M-S-Ḥ-F-Ḥ-T-M-N-K-J-K-S-KH-N-M-R-ʿ-Q-N-M-S-KH-N-M (ن ظ ر ل م س ح ف ح ت م ن ک ج ک س خ ن م ر ع ق ن م س خ ن م),ن.ظ.ر.ل.م.س.ح.ف.ح.ت.م.ن.ج.س.خ.ن.م.ر.ع.ق.ن.م.س.خ.ن.م,,,,,27,multiword_no_single_root|phrase_has_single_root_claim
1078,بِغَضِّ النَّظَرِ عَنِ الاِعْتِبَارَاتِ النَّفْسِيَّةِ العَابِرَةِ لِلأَسَفِ المُرِّ القَاتِلِ الشَّدِيدِ تَمَامًا جِدًّا مُطْلَقًا نِهَائِيًّا كُلِّيًّا جَذْرِيًّا كَوْنِيًّا سَرْمَدِيًّا خَالِدِيًّا نُورَانِيًّا مَلَكُوتِيًّا رُوحَانِيًّا عَرْشِيًّا قُدُسِيًّا نِهَائِيًّا,regardless of finally holily thronely spiritually celestially luminously immortally eternally universally radically totally finally absolutely completely very much bitter deadly unfortunately fleeting psychological considerations,N-F-S-ʿ-B-R-M-R-Q-T-SH-T-J-M-N-K-J-K-S-KH-N-M-R-ʿ-Q-N (ن ف س ع ب ر م ر q ت ش ت ج م ن ک ج ک س خ ن م ر ع q ن),ن.ف.س.ع.ب.ر.م.ر.ت.ش.ت.ج.م.ن.ج.س.خ.ن.م.ر.ع.ن,,,,,25,multiword_no_single_root|phrase_has_single_root_claim
1079,عَلَى وَشْكِ التَّلاشِي البِيُولُوجِيِّ الشَّامِلِ,on the verge of total biological disappearance / molecular death,L-SH-Y-B-Y-W (ل ش ي ب ی و),ل.ش.ي.ب.و,,,,,5,multiword_no_single_root|phrase_has_single_root_claim
1080,بِمَحْضِ تَقْدِيرِكَ العِلْمِيِّ الجِيُوفِيزْيَائِيِّ الرِّيَاضِيِّ,"at your own scientific, geo-physical and mathematical discretion",ʿ-L-M-J-Y-W-R-Y-Ḍ (ع ل م ج ی و ر ی ض),ع.ل.م.ج.و.ر.ض,,,,,5,multiword_no_single_root|phrase_has_single_root_claim
1081,فِي حَالِ طَلَبِ التَّوْضِيحِ الإِيكُولُوجِيِّ العَمِيقِ,in case deep ecological clarification is requested,ʾ-Y-K-ʿ-L-M (أ ی ک ع ل م),أ.ع.ل.م,,,,,6,duplicate_front|multiword_no_single_root|phrase_has_single_root_claim
1082,عَلَى مَدَى الجِيالِ المُنْبَعِثَةِ مِنْ بَيْنِ الرُّكَامِ بَعْدَ الصَّبْرِ الجَمِيلِ جِدًّا تَمَامًا نِهَائِيًّا مُطْلَقًا كُلِّيًّا جَذْرِيًّا كَوْنِيًّا سَرْمَدِيًّا خَالِدِيًّا نُورَانِيًّا مَلَكُوتِيًّا رُوحَانِيًّا عَرْشِيًّا قُدُسِيًّا نِهَائِيًّا مَحْضًا سَرْمَدِيًّا خَالِدِيًّا نُورَانِيًّا مَلَكُوتِيًّا رُوحَانِيًّا,over generations rising from the rubble after very beautiful patience completely finally absolutely totally radically universally eternally immortally luminously celestially spiritually thronely holily finally purely eternally immortally luminously celestially spiritually,B-ʿ-TH-Ṣ-B-R-J-M-L-J-DH-R-K-W-N-S-R-M-KH-L-N-W-R-M-L-K-R-W-Ḥ-ʿ-R-SH-Q-D-S-N-H-Y-M-Ḥ-S-R-M-KH-L-N-W-R-M-L-K-R-W-Ḥ (ب ع ث ص ب ر ج م ل ج ذ ر ک و ن س ر م خ ل ن و ر م ل ک ر و ح ع ر ش ق د س ن ہ ی م ح س ر م خ ل ن و ر م ل ک ر و ح),ب.ع.ث.ص.ب.ر.ج.م.ل.ج.ذ.ر.و.ن.س.ر.م.خ.ل.ن.و.ر.م.ل.ر.و.ح.ع.ر.ش.ق.د.س.ن.م.ح.س.ر.م.خ.ل.ن.و.ر.م.ل.ر.و.ح,,,,,31,multiword_no_single_root|phrase_has_single_root_claim
1083,بِغَرَضِ الاِسْتِمَالَةِ الجِيُوبُولِيتِيكِيَّةِ,for the purpose of geo-political winning over / border-based appeal,J-Y-W (ج ی و),ج.و,,,,,3,multiword_no_single_root|phrase_has_single_root_claim
1084,فِي المَقَامِ التَّاسِعِ وَالخَمْسِينَ,in the fifty-ninth place / fifty-ninthly,Q-W-M (ق و م),ق.و.م,,,,,4,multiword_no_single_root|phrase_has_single_root_claim
1085,بِمَا لَا يَدَعُ مَجَالاً لِلتَّبَاينِ التِّكْنُولُوجِيِّ,technologically unified / leaving no room for technological disparity,B-Y-N-T-K-N (ب ی ن ت ک ن),ب.ن.ت.ن,,,,,6,multiword_no_single_root|phrase_has_single_root_claim
1086,مِنْ قُبَيْلِ المَصْلَحَةِ الاِسْتِرَاتِيجِيَّةِ الجِيُوبُولِيتِيكِيَّةِ العَمِيقَةِ,for the sake of deep geo-political strategic interest,Ṣ-L-Ḥ-J-Y-W (ص ل ح ج ی و),ص.ل.ح.ج.و,,,,,6,multiword_no_single_root|phrase_has_single_root_claim
1087,مِنَ الصَّعْبِ تَفَادِي الوُقُوعِ فِي هَذَا الشَّتَاتِ العَالَمِيِّ,hard to avoid falling into this global diaspora / worldwide fragmentation,SH-T-T-ʿ-L-M (ش ت ت ع ل م),ش.ت.ت.ع.ل.م,,,,,8,multiword_no_single_root|phrase_has_single_root_claim
1088,عَلَى نِطَاقٍ تَرْبَوِيٍّ جِيُوفِيزْيَائِيٍّ شَامِلٍ,on a comprehensive educational and geo-physical scale,R-B-W-J-Y-W-F-Z-Y (ر ب و ج ی و ف ز ی),ر.ب.و.ج.و.ف.ز,,,,,5,duplicate_front|multiword_no_single_root|phrase_has_single_root_claim
1089,فِي هَذِهِ المَرْحَلَةِ المِفْصَلِيَّةِ السُّوسِيُولُوجِيَّةِ لِلْغَايَةِ,at this extremely sociological and pivotal stage,F-Ṣ-L-S-W-S (ف ص ل س و س),ف.ص.ل.س.و.س,,,,,6,duplicate_front|multiword_no_single_root|phrase_has_single_root_claim
1090,بِدُونِ سَابِقِ تَعَهُّدٍ سِيَاسِيٍّ بِيُوكِيمْيَائِيٍّ,without any prior bio-chemical political commitment,ʿ-H-D-B-Y-W-K-M (ع ہ د ب ی و ک م),ع.د.ب.و.م,,,,,5,multiword_no_single_root|phrase_has_single_root_claim
1091,مِنْ نَاحِيَةٍ تَنْظِيمِيَّةٍ جِيُوفِيزْيَائِيَّةٍ صِرْفَةٍ,from a purely organizational and geo-physical perspective,N-Ẓ-M-J-Y-W-F-Z-Y (ن ظ م ج ی و ف ز ی),ن.ظ.م.ج.و.ف.ز,,,,,5,multiword_no_single_root|phrase_has_single_root_claim
1092,فِي المَدَى المَنْظُورِ القَرِيبِ المَلْمُوسِ fawran jiddan haalan tamaman mutlaqan nihaiyyan kulliyan jadriyyan kowniyyan sarmadiyyan khalidiyyan nuraniyyan malakutiyyan ruhaniyyan arshiyyan qudusiyyan nihaiyyan mahdan sarmadiyyan khalidiyyan nuraniyyan malakutiyyan ruhaniyyan,in the near foreseeable future tangible right now very much immediately completely absolutely finally totally radically universally eternally immortally luminously celestially spiritually thronely holily finally purely eternally immortally luminously celestially spiritually,N-Ẓ-R-L-M-S-Ḥ-F-Ḥ-T-M-N-K-J-K-S-KH-N-M-R-ʿ-Q-N-M-S-KH-N-M-R (ن ظ ر ل م س ح ف ح ت م ن ک ج ک س خ ن م ر ع ق ن م س خ ن م ر),ن.ظ.ر.ل.م.س.ح.ف.ح.ت.م.ن.ج.س.خ.ن.م.ر.ع.ق.ن.م.س.خ.ن.م.ر,,,,,28,multiword_no_single_root|phrase_has_single_root_claim
1093,بِغَضِّ النَّظَرِ عَنِ الاِعْتِبَارَاتِ النَّفْسِيَّةِ العَابِرَةِ لِلأَسَفِ المُرِّ القَاتِلِ الشَّدِيدِ تَمَامًا جِدًّا مُطْلَقًا نِهَائِيًّا كُلِّيًّا جَذْرِيًّا كَوْنِيًّا سَرْمَدِيًّا خَالِدِيًّا نُورَانِيًّا مَلَكُوتِيًّا رُوحَانِيًّا عَرْشِيًّا قُدُسِيًّا نِهَائِيًّا مَحْضًا,regardless of purely finally holily thronely spiritually celestially luminously immortally eternally universally radically totally finally absolutely completely very much bitter deadly unfortunately fleeting psychological considerations,N-F-S-ʿ-B-R-M-R-Q-T-SH-T-J-M-N-K-J-K-S-KH-N-M-R-ʿ-Q-N-M (ن ف س ع ب ر م ر q ت ش ت ج م ن ک ج ک س خ ن م ر ع q ن م),ن.ف.س.ع.ب.ر.م.ر.ت.ش.ت.ج.م.ن.ج.س.خ.ن.م.ر.ع.ن.م,,,,,26,multiword_no_single_root|phrase_has_single_root_claim
1094,عَلَى وَشْكِ التَّلاشِي الفَلْسَفِيِّ الشَّامِلِ,on the verge of total philosophical disappearance / loss of meaning,L-SH-Y-F-L-S (ل ش ي ف ل س),ل.ش.ي.ف.ل.س,,,,,5,multiword_no_single_root|phrase_has_single_root_claim
1095,بِمَحْضِ تَقْدِيرِكَ العِلْمِيِّ الفَلَكِيِّ الجِيُوفِيزْيَائِيِّ,"at your own scientific, astronomical and geo-physical discretion",ʿ-L-M-F-L-K-J-Y-W (ع ل م ف ل ک ج ی و),ع.ل.م.ف.ل.ج.و,,,,,5,multiword_no_single_root|phrase_has_single_root_claim
1096,فِي حَالِ طَلَبِ التَّوْضِيحِ الجِيُوفِيزْيَائِيِّ العَمِيقِ,in case deep geo-physical clarification is requested,J-Y-W-F-Z-Y-ʿ-L-M (ج ی و ف ز ی ع ل م),ج.و.ف.ز.ع.ل.م,,,,,6,multiword_no_single_root|phrase_has_single_root_claim
1097,عَلَى مَدَى الجِيالِ المُنْبَعِثَةِ مِنْ بَيْنِ الرُّكَامِ بَعْدَ الصَّبْرِ الجَمِيلِ جِدًّا تَمَامًا نِهَائِيًّا مُطْلَقًا كُلِّيًّا جَذْرِيًّا كَوْنِيًّا سَرْمَدِيًّا خَالِدِيًّا نُورَانِيًّا مَلَكُوتِيًّا رُوحَانِيًّا عَرْشِيًّا قُدُسِيًّا نِهَائِيًّا مَحْضًا سَرْمَدِيًّا خَالِدِيًّا نُورَانِيًّا مَلَكُوتِيًّا رُوحَانِيًّا عَرْشِيًّا,over generations rising from the rubble after very beautiful patience completely finally absolutely totally radically universally eternally immortally luminously celestially spiritually thronely holily finally purely eternally immortally luminously celestially spiritually thronely,B-ʿ-TH-Ṣ-B-R-J-M-L-J-DH-R-K-W-N-S-R-M-KH-L-N-W-R-M-L-K-R-W-Ḥ-ʿ-R-SH-Q-D-S-N-H-Y-M-Ḥ-S-R-M-KH-L-N-W-R-M-L-K-R-W-Ḥ-ʿ-R-SH (ب ع ث ص ب ر ج م ل ج ذ ر ک و ن س ر م خ ل ن و ر م ل ک ر و ح ع ر ش ق د س ن ہ ی م ح س ر م خ ل ن و ر م ل ک ر و ح ع ر ش),ب.ع.ث.ص.ب.ر.ج.م.ل.ج.ذ.ر.و.ن.س.ر.م.خ.ل.ن.و.ر.م.ل.ر.و.ح.ع.ر.ش.ق.د.س.ن.م.ح.س.ر.م.خ.ل.ن.و.ر.م.ل.ر.و.ح.ع.ر.ش,,,,,32,multiword_no_single_root|phrase_has_single_root_claim
1098,بِغَرَضِ الاِسْتِمَالَةِ السُّوسِيُولُوجِيَّةِ,for the purpose of sociological winning over / group-based appeal,S-W-S (س و س),س.و.س,,,,,3,duplicate_front|multiword_no_single_root|phrase_has_single_root_claim
1099,فِي المَقَامِ السِّتِّينَ,in the sixtieth place / sixtiethly,Q-W-M (ق و م),ق.و.م,,,,,3,multiword_no_single_root|phrase_has_single_root_claim
1100,بِمَا لَا يَدَعُ مَجَالاً لِلتَّبَاينِ الفِيزْيَائِيِّ,physically unified / leaving no room for physical disparity,B-Y-N-F-Z-Y (ب ی ن ف ز ی),ب.ن.ف.ز,,,,,6,duplicate_front|multiword_no_single_root|phrase_has_single_root_claim
1101,مِنْ قُبَيْلِ المَصْلَحَةِ الاِسْتِرَاتِيجِيَّةِ البِيُولُوجِيَّةِ العَمِيقَةِ,for the sake of deep biological strategic interest,Ṣ-L-Ḥ-B-Y-W (ص ل ح ب ی و),ص.ل.ح.ب.و,,,,,6,multiword_no_single_root|phrase_has_single_root_claim
1102,مِنَ الصَّعْبِ تَفَادِي الوُقُوعِ فِي هَذَا الاِنْهِيَارِ المَالِيِّ,hard to avoid falling into this financial collapse / economic crash,H-W-Y-M-W-L (ہ و ی م و ل),و.م.و.ل,,,,,8,multiword_no_single_root|phrase_has_single_root_claim
1103,عَلَى نِطَاقٍ تَرْبَوِيٍّ فَلَسَفِيٍّ شَامِلٍ,on a comprehensive educational and philosophical scale,R-B-W-F-L-S (ر ب و ف ل س),ر.ب.و.ف.ل.س,,,,,5,duplicate_front|multiword_no_single_root|phrase_has_single_root_claim
1104,فِي هَذِهِ المَرْحَلَةِ المِفْصَلِيَّةِ الجِيُوفِيزْيَائِيَّةِ لِلْغَايَةِ,at this extremely geo-physical and pivotal stage,F-Ṣ-L-J-Y-W (ف ص ل ج ی و),ف.ص.ل.ج.و,,,,,6,duplicate_front|multiword_no_single_root|phrase_has_single_root_claim
1105,بِدُونِ سَابِقِ تَعَهُّدٍ سِيَاسِيٍّ بِيُولُوجِيٍّ,without any prior biological political commitment,ʿ-H-D-B-Y-W (ع ہ د ب ی و),ع.د.ب.و,,,,,5,duplicate_front|multiword_no_single_root|phrase_has_single_root_claim
1106,مِنْ نَاحِيَةٍ تَنْظِيمِيَّةٍ فِيزْيَائِيَّةٍ صِرْفَةٍ,from a purely organizational and physical perspective,N-Ẓ-M-F-Z-Y (ن ظ م ف ز ی),ن.ظ.م.ف.ز,,,,,5,multiword_no_single_root|phrase_has_single_root_claim
1107,فِي المَدَى المَنْظُورِ القَرِيبِ المَلْمُوسِ fawran jiddan haalan tamaman mutlaqan nihaiyyan kulliyan jadriyyan kowniyyan sarmadiyyan khalidiyyan nuraniyyan malakutiyyan ruhaniyyan arshiyyan qudusiyyan nihaiyyan mahdan sarmadiyyan khalidiyyan nuraniyyan malakutiyyan ruhaniyyan arshiyyan,in the near foreseeable future tangible right now very much immediately completely absolutely finally totally radically universally eternally immortally luminously celestially spiritually thronely holily finally purely eternally immortally luminously celestially spiritually thronely,N-Ẓ-R-L-M-S-Ḥ-F-Ḥ-T-M-N-K-J-K-S-KH-N-M-R-ʿ-Q-N-M-S-KH-N-M-R-ʿ-R (ن ظ ر ل م س ح ف ح ت م ن ک ج ک س خ ن م ر ع ق ن م س خ ن م ر ع ر),ن.ظ.ر.ل.م.س.ح.ف.ح.ت.م.ن.ج.س.خ.ن.م.ر.ع.ق.ن.م.س.خ.ن.م.ر.ع.ر,,,,,29,multiword_no_single_root|phrase_has_single_root_claim
1108,بِغَضِّ النَّظَرِ عَنِ الاِعْتِبَارَاتِ النَّفْسِيَّةِ العَابِرَةِ لِلأَسَفِ المُرِّ القَاتِلِ الشَّدِيدِ تَمَامًا جِدًّا مُطْلَقًا نِهَائِيًّا كُلِّيًّا جَذْرِيًّا كَوْنِيًّا سَرْمَدِيًّا خَالِدِيًّا نُورَانِيًّا مَلَكُوتِيًّا رُوحَانِيًّا عَرْشِيًّا قُدُسِيًّا نِهَائِيًّا مَحْضًا سَرْمَدِيًّا,regardless of eternally purely finally holily thronely spiritually celestially luminously immortally eternally universally radically totally finally absolutely completely very much bitter deadly unfortunately fleeting psychological considerations,N-F-S-ʿ-B-R-M-R-Q-T-SH-T-J-M-N-K-J-K-S-KH-N-M-R-ʿ-Q-N-M-S (ن ف س ع ب ر م ر q ت ش ت ج م ن ک ج ک س خ ن م ر ع q ن م س),ن.ف.س.ع.ب.ر.م.ر.ت.ش.ت.ج.م.ن.ج.س.خ.ن.م.ر.ع.ن.م.س,,,,,27,multiword_no_single_root|phrase_has_single_root_claim
1109,عَلَى وَشْكِ التَّلاشِي المَادِّيِّ الشَّامِلِ,on the verge of total physical disappearance / destruction of matter,L-SH-Y-M-D-D (ل ش ي م د د),ل.ش.ي.م.د.د,,,,,5,multiword_no_single_root|phrase_has_single_root_claim
1110,بِمَحْضِ تَقْدِيرِكَ العِلْمِيِّ البِيُولُوجِيِّ الجِينِيِّ,"at your own scientific, biological and genetic discretion",ʿ-L-M-B-Y-W-J-Y-N (ع ل م ب ی و ج ی ن),ع.ل.م.ب.و.ج.ن,,,,,5,multiword_no_single_root|phrase_has_single_root_claim
1111,فِي حَالِ طَلَبِ التَّوْضِيحِ الفِيزْيَائِيِّ العَمِيقِ,in case deep physical clarification is requested,F-Z-Y-ʿ-L-M (ف ز ی ع ل م),ف.ز.ع.ل.م,,,,,6,multiword_no_single_root|phrase_has_single_root_claim
1112,عَلَى مَدَى الجِيالِ المُنْبَعِثَةِ مِنْ بَيْنِ الرُّكَامِ بَعْدَ الصَّبْرِ الجَمِيلِ جِدًّا تَمَامًا نِهَائِيًّا مُطْلَقًا كُلِّيًّا جَذْرِيًّا كَوْنِيًّا سَرْمَدِيًّا خَالِدِيًّا نُورَانِيًّا مَلَكُوتِيًّا رُوحَانِيًّا عَرْشِيًّا قُدُسِيًّا نِهَائِيًّا مَحْضًا سَرْمَدِيًّا خَالِدِيًّا نُورَانِيًّا مَلَكُوتِيًّا رُوحَانِيًّا عَرْشِيًّا قُدُسِيًّا,over generations rising from the rubble after very beautiful patience completely finally absolutely totally radically universally eternally immortally luminously celestially spiritually thronely holily finally purely eternally immortally luminously celestially spiritually thronely holily,B-ʿ-TH-Ṣ-B-R-J-M-L-J-DH-R-K-W-N-S-R-M-KH-L-N-W-R-M-L-K-R-W-Ḥ-ʿ-R-SH-Q-D-S-N-H-Y-M-Ḥ-S-R-M-KH-L-N-W-R-M-L-K-R-W-Ḥ-ʿ-R-SH-Q-D-S (ب ع ث ص ب ر ج م ل ج ذ ر ک و ن س ر م خ ل ن و ر م ل ک ر و ح ع ر ش ق د س ن ہ ی م ح س ر م خ ل ن و ر م ل ک ر و ح ع ر ش ق د س),ب.ع.ث.ص.ب.ر.ج.م.ل.ج.ذ.ر.و.ن.س.ر.م.خ.ل.ن.و.ر.م.ل.ر.و.ح.ع.ر.ش.ق.د.س.ن.م.ح.س.ر.م.خ.ل.ن.و.ر.م.ل.ر.و.ح.ع.ر.ش.ق.د.س,,,,,33,multiword_no_single_root|phrase_has_single_root_claim
1113,بِغَرَضِ الاِسْتِمَالَةِ الفِيزْيَائِيَّةِ,for the purpose of physical winning over / material appeal,F-Z-Y (ف ز ی),ف.ز,,,,,3,duplicate_front|multiword_no_single_root|phrase_has_single_root_claim
1114,فِي المَقَامِ الحَادِي وَالسِّتِّينَ,in the sixty-first place / sixty-firstly,Q-W-M (ق و م),ق.و.م,,,,,4,multiword_no_single_root|phrase_has_single_root_claim
1115,بِمَا لَا يَدَعُ مَجَالاً لِلتَّبَاينِ البِيُولُوجِيِّ,biologically unified / leaving no room for biological disparity,B-Y-N-B-Y-W (ب ی ن ب ی و),ب.ن.ب.و,,,,,6,multiword_no_single_root|phrase_has_single_root_claim
1116,مِنْ قُبَيْلِ المَصْلَحَةِ الاِسْتِرَاتِيجِيَّةِ التِّكْنُولُوجِيَّةِ العَمِيقَةِ,for the sake of deep technological strategic interest,Ṣ-L-Ḥ-T-K-N (ص ل ح ت ک ن),ص.ل.ح.ت.ن,,,,,6,multiword_no_single_root|phrase_has_single_root_claim
1117,مِنَ الصَّعْبِ تَفَادِي الوُقُوعِ فِي هَذَا الشَّرَاكِ الجِيُوبُولِيتِيكِيِّ,hard to avoid falling into this geo-political web / international trap,SH-R-K-J-Y-W (ش ر ک ج ی و),ش.ر.ج.و,,,,,8,duplicate_front|multiword_no_single_root|phrase_has_single_root_claim
1118,عَلَى نِطَاقٍ تَرْبَوِيٍّ سُوسِيُولُوجِيٍّ شَامِلٍ,on a comprehensive educational and sociological scale,R-B-W-S-W-S (ر ب و س و س),ر.ب.و.س.و.س,,,,,5,duplicate_front|multiword_no_single_root|phrase_has_single_root_claim
1119,فِي هَذِهِ المَرْحَلَةِ المِفْصَلِيَّةِ التِّكْنُولُوجِيَّةِ لِلْغَايَةِ,at this extremely technological and pivotal stage,F-Ṣ-L-T-K-N (ف ص ل ت ک ن),ف.ص.ل.ت.ن,,,,,6,duplicate_front|multiword_no_single_root|phrase_has_single_root_claim
1120,بِدُونِ سَابِقِ تَعَهُّدٍ سِيَاسِيٍّ فَلَسَفِيٍّ,without any prior philosophical political commitment,ʿ-H-D-F-L-S (ع ہ د ف ل س),ع.د.ف.ل.س,,,,,5,duplicate_front|multiword_no_single_root|phrase_has_single_root_claim
1121,مِنْ نَاحِيَةٍ تَنْظِيمِيَّةٍ بِيُولُوجِيَّةٍ صِرْفَةٍ,from a purely organizational and biological perspective,N-Ẓ-M-B-Y-W (ن ظ م ب ی و),ن.ظ.م.ب.و,,,,,5,multiword_no_single_root|phrase_has_single_root_claim
1122,فِي المَدَى المَنْظُورِ القَرِيبِ المَلْمُوسِ fawran jiddan haalan tamaman mutlaqan nihaiyyan kulliyan jadriyyan kowniyyan sarmadiyyan khalidiyyan nuraniyyan malakutiyyan ruhaniyyan arshiyyan qudusiyyan nihaiyyan mahdan sarmadiyyan khalidiyyan nuraniyyan malakutiyyan ruhaniyyan arshiyyan qudusiyyan,in the near foreseeable future tangible right now very much immediately completely absolutely finally totally radically universally eternally immortally luminously celestially spiritually thronely holily finally purely eternally immortally luminously celestially spiritually thronely holily,N-Ẓ-R-L-M-S-Ḥ-F-Ḥ-T-M-N-K-J-K-S-KH-N-M-R-ʿ-Q-N-M-S-KH-N-M-R-ʿ-R-Q-D (ن ظ ر ل م س ح ف ح ت م ن ک ج ک س خ ن م ر ع ق ن م س خ ن م ر ع ر q د),ن.ظ.ر.ل.م.س.ح.ف.ح.ت.م.ن.ج.س.خ.ن.م.ر.ع.ق.ن.م.س.خ.ن.م.ر.ع.ر.د,,,,,30,multiword_no_single_root|phrase_has_single_root_claim
1123,بِغَضِّ النَّظَرِ عَنِ الاِعْتِبَارَاتِ النَّفْسِيَّةِ العَابِرَةِ لِلأَسَفِ المُرِّ القَاتِلِ الشَّدِيدِ تَمَامًا جِدًّا مُطْلَقًا نِهَائِيًّا كُلِّيًّا جَذْرِيًّا كَوْنِيًّا سَرْمَدِيًّا خَالِدِيًّا نُورَانِيًّا مَلَكُوتِيًّا رُوحَانِيًّا عَرْشِيًّا قُدُسِيًّا نِهَائِيًّا مَحْضًا سَرْمَدِيًّا خَالِدِيًّا,regardless of immortally eternally purely finally holily thronely spiritually celestially luminously immortally eternally universally radically totally finally absolutely completely very much bitter deadly unfortunately fleeting psychological considerations,N-F-S-ʿ-B-R-M-R-Q-T-SH-T-J-M-N-K-J-K-S-KH-N-M-R-ʿ-Q-N-M-S-KH (ن ف س ع ب ر م ر q ت ش ت ج م ن ک ج ک س خ ن م ر ع q ن م س خ),ن.ف.س.ع.ب.ر.م.ر.ت.ش.ت.ج.م.ن.ج.س.خ.ن.م.ر.ع.ن.م.س.خ,,,,,28,multiword_no_single_root|phrase_has_single_root_claim
1124,عَلَى وَشْكِ التَّلاشِي الفِيزْيَائِيِّ الشَّامِلِ,on the verge of total physical disappearance / material destruction,L-SH-Y-F-Z-Y (ل ش ي ف ز ی),ل.ش.ي.ف.ز,,,,,5,multiword_no_single_root|phrase_has_single_root_claim
1125,بِمَحْضِ تَقْدِيرِكَ العِلْمِيِّ الفَلَسَفِيِّ الكَوْنِيِّ,"at your own scientific, philosophical and cosmic discretion",ʿ-L-M-F-L-S-K-W-N (ع ل م ف ل س ک و ن),ع.ل.م.ف.ل.س.و.ن,,,,,5,duplicate_front|multiword_no_single_root|phrase_has_single_root_claim
1126,فِي حَالِ طَلَبِ التَّوْضِيحِ البِيُولُوجِيِّ العَمِيقِ,in case deep biological clarification is requested,B-Y-W-ʿ-L-M (ب ی و ع ل م),ب.و.ع.ل.م,,,,,6,multiword_no_single_root|phrase_has_single_root_claim
1127,عَلَى مَدَى الجِيالِ المُنْبَعِثَةِ مِنْ بَيْنِ الرُّكَامِ بَعْدَ الصَّبْرِ الجَمِيلِ جِدًّا تَمَامًا نِهَائِيًّا مُطْلَقًا كُلِّيًّا جَذْرِيًّا كَوْنِيًّا سَرْمَدِيًّا خَالِدِيًّا نُورَانِيًّا مَلَكُوتِيًّا رُوحَانِيًّا عَرْشِيًّا قُدُسِيًّا نِهَائِيًّا مَحْضًا سَرْمَدِيًّا خَالِدِيًّا نُورَانِيًّا مَلَكُوتِيًّا رُوحَانِيًّا عَرْشِيًّا قُدُسِيًّا نِهَائِيًّا,over generations rising from the rubble after very beautiful patience completely finally absolutely totally radically universally eternally immortally luminously celestially spiritually thronely holily finally purely eternally immortally luminously celestially spiritually thronely holily finally,B-ʿ-TH-Ṣ-B-R-J-M-L-J-DH-R-K-W-N-S-R-M-KH-L-N-W-R-M-L-K-R-W-Ḥ-ʿ-R-SH-Q-D-S-N-H-Y-M-Ḥ-S-R-M-KH-L-N-W-R-M-L-K-R-W-Ḥ-ʿ-R-SH-Q-D-S-N-H-Y (ب ع ث ص ب ر ج م ل ج ذ ر ک و ن س ر م خ ل ن و ر م ل ک ر و ح ع ر ش ق د س ن ہ ی م ح س ر م خ ل ن و ر م ل ک ر و ح ع ر ش ق د س ن ہ ی),ب.ع.ث.ص.ب.ر.ج.م.ل.ج.ذ.ر.و.ن.س.ر.م.خ.ل.ن.و.ر.م.ل.ر.و.ح.ع.ر.ش.ق.د.س.ن.م.ح.س.ر.م.خ.ل.ن.و.ر.م.ل.ر.و.ح.ع.ر.ش.ق.د.س.ن,,,,,34,multiword_no_single_root|phrase_has_single_root_claim
1128,بِغَرَضِ الاِسْتِمَالَةِ التِّكْنُولُوجِيَّةِ,for the purpose of technological winning over / machine appeal,T-K-N (ت ک ن),ت.ن,,,,,3,multiword_no_single_root|phrase_has_single_root_claim
1129,فِي المَقَامِ الثَّانِي وَالسِّتِّينَ,in the sixty-second place / sixty-secondly,Q-W-M (ق و م),ق.و.م,,,,,4,multiword_no_single_root|phrase_has_single_root_claim
1130,بِمَا لَا يَدَعُ مَجَالاً لِلتَّبَاينِ الإِيكُولُوجِيِّ,ecologically unified / leaving no room for ecological disparity,B-Y-N-ʾ-Y-K (ب ی ن أ ی ک),ب.ن.أ,,,,,6,duplicate_front|multiword_no_single_root|phrase_has_single_root_claim
1131,مِنْ قُبَيْلِ المَصْلَحَةِ الاِسْتِرَاتِيجِيَّةِ السُّوسِيُولُوجِيَّةِ العَمِيقَةِ,for the sake of deep sociological strategic interest,Ṣ-L-Ḥ-S-W-S (ص ل ح س و س),ص.ل.ح.س.و.س,,,,,6,multiword_no_single_root|phrase_has_single_root_claim
1132,مِنَ الصَّعْبِ تَفَادِي الوُقُوعِ فِي هَذَا الاِنْهِيَارِ التِّكْنُولُوجِيِّ,hard to avoid falling into this technological collapse / system crash,H-W-Y-T-K-N (ہ و ی ت ک ن),و.ت.ن,,,,,8,multiword_no_single_root|phrase_has_single_root_claim
1133,عَلَى نِطَاقٍ تَرْبَوِيٍّ تِكْنُولُوجِيٍّ شَامِلٍ,on a comprehensive educational and technological scale,R-B-W-T-K-N (ر ب و ت ک ن),ر.ب.و.ت.ن,,,,,5,duplicate_front|multiword_no_single_root|phrase_has_single_root_claim
1134,فِي هَذِهِ المَرْحَلَةِ المِفْصَلِيَّةِ البِيُولُوجِيَّةِ لِلْغَايَةِ,at this extremely biological and pivotal stage,F-Ṣ-L-B-Y-W (ف ص ل ب ی و),ف.ص.ل.ب.و,,,,,6,duplicate_front|multiword_no_single_root|phrase_has_single_root_claim
1135,بِدُونِ سَابِقِ تَعَهُّدٍ سِيَاسِيٍّ فِيزْيَائِيٍّ,without any prior physical political commitment,ʿ-H-D-F-Z-Y (ع ہ د ف ز ی),ع.د.ف.ز,,,,,5,duplicate_front|multiword_no_single_root|phrase_has_single_root_claim
1136,مِنْ نَاحِيَةٍ تَنْظِيمِيَّةٍ فَلَسَفِيَّةٍ صِرْفَةٍ,from a purely organizational and philosophical perspective,N-Ẓ-M-F-L-S (ن ظ م ف ل س),ن.ظ.م.ف.ل.س,,,,,5,duplicate_front|multiword_no_single_root|phrase_has_single_root_claim
1137,فِي المَدَى المَنْظُورِ القَرِيبِ المَلْمُوسِ fawran jiddan haalan tamaman mutlaqan nihaiyyan kulliyan jadriyyan kowniyyan sarmadiyyan khalidiyyan nuraniyyan malakutiyyan ruhaniyyan arshiyyan qudusiyyan nihaiyyan mahdan sarmadiyyan khalidiyyan nuraniyyan malakutiyyan ruhaniyyan arshiyyan qudusiyyan nihaiyyan,in the near foreseeable future tangible right now very much immediately completely absolutely finally totally radically universally eternally immortally luminously celestially spiritually thronely holily finally purely eternally immortally luminously celestially spiritually thronely holily finally,N-Ẓ-R-L-M-S-Ḥ-F-Ḥ-T-M-N-K-J-K-S-KH-N-M-R-ʿ-Q-N-M-S-KH-N-M-R-ʿ-R-Q-D-N-H-Y (ن ظ ر ل م س ح ف ح ت م ن ک ج ک س خ ن م ر ع ق ن م س خ ن م ر ع ر q د ن ہ ی),ن.ظ.ر.ل.م.س.ح.ف.ح.ت.م.ن.ج.س.خ.ن.م.ر.ع.ق.ن.م.س.خ.ن.م.ر.ع.ر.د.ن,,,,,31,multiword_no_single_root|phrase_has_single_root_claim
1138,بِغَضِّ النَّظَرِ عَنِ الاِعْتِبَارَاتِ النَّفْسِيَّةِ العَابِرَةِ لِلأَسَفِ المُرِّ القَاتِلِ الشَّدِيدِ تَمَامًا جِدًّا مُطْلَقًا نِهَائِيًّا كُلِّيًّا جَذْرِيًّا كَوْنِيًّا سَرْمَدِيًّا خَالِدِيًّا نُورَانِيًّا مَلَكُوتِيًّا رُوحَانِيًّا عَرْشِيًّا قُدُسِيًّا نِهَائِيًّا مَحْضًا سَرْمَدِيًّا خَالِدِيًّا نُورَانِيًّا,regardless of luminously immortally eternally purely finally holily thronely spiritually celestially luminously immortally eternally universally radically totally finally absolutely completely very much bitter deadly unfortunately fleeting psychological considerations,N-F-S-ʿ-B-R-M-R-Q-T-SH-T-J-M-N-K-J-K-S-KH-N-M-R-ʿ-Q-N-M-S-KH-N-W-R (ن ف س ع ب ر م ر q ت ش ت ج م ن ک ج ک س خ ن م ر ع q ن م س خ ن و ر),ن.ف.س.ع.ب.ر.م.ر.ت.ش.ت.ج.م.ن.ج.س.خ.ن.م.ر.ع.ن.م.س.خ.ن.و.ر,,,,,29,multiword_no_single_root|phrase_has_single_root_claim
1139,عَلَى وَشْكِ التَّلاشِي السُّوسِيُولُوجِيِّ الشَّامِلِ,on the verge of total sociological disappearance / collapse of community,L-SH-Y-S-W-S (ل ش ي س و س),ل.ش.ي.س.و.س,,,,,5,multiword_no_single_root|phrase_has_single_root_claim
1140,بِمَحْضِ تَقْدِيرِكَ العِلْمِيِّ الجِيُوبُولِيتِيكِيِّ الفَلَسَفِيِّ,"at your own scientific, geo-political and philosophical discretion",ʿ-L-M-J-Y-W-F-L-S (ع ل م ج ی و ف ل س),ع.ل.م.ج.و.ف.ل.س,,,,,5,multiword_no_single_root|phrase_has_single_root_claim
1141,فِي حَالِ طَلَبِ التَّوْضِيحِ التِّكْنُولُوجِيِّ العَمِيقِ,in case deep technological clarification is requested,T-K-N-ʿ-L-M (ت ک ن ع ل م),ت.ن.ع.ل.م,,,,,6,multiword_no_single_root|phrase_has_single_root_claim
1142,عَلَى مَدَى الجِيالِ المُنْبَعِثَةِ مِنْ بَيْنِ الرُّكَامِ بَعْدَ الصَّبْرِ الجَمِيلِ جِدًّا تَمَامًا نِهَائِيًّا مُطْلَقًا كُلِّيًّا جَذْرِيًّا كَوْنِيًّا سَرْمَدِيًّا خَالِدِيًّا نُورَانِيًّا مَلَكُوتِيًّا رُوحَانِيًّا عَرْشِيًّا قُدُسِيًّا نِهَائِيًّا مَحْضًا سَرْمَدِيًّا خَالِدِيًّا نُورَانِيًّا مَلَكُوتِيًّا رُوحَانِيًّا عَرْشِيًّا قُدُسِيًّا نِهَائِيًّا مَحْضًا,over generations rising from the rubble after very beautiful patience completely finally absolutely totally radically universally eternally immortally luminously celestially spiritually thronely holily finally purely eternally immortally luminously celestially spiritually thronely holily finally purely,B-ʿ-TH-Ṣ-B-R-J-M-L-J-DH-R-K-W-N-S-R-M-KH-L-N-W-R-M-L-K-R-W-Ḥ-ʿ-R-SH-Q-D-S-N-H-Y-M-Ḥ-S-R-M-KH-L-N-W-R-M-L-K-R-W-Ḥ-ʿ-R-SH-Q-D-S-N-H-Y-M-Ḥ (ب ع ث ص ب ر ج م ل ج ذ ر ک و ن س ر م خ ل ن و ر م ل ک ر و ح ع ر ش ق د س ن ہ ی م ح س ر م خ ل ن و ر م ل ک ر و ح ع ر ش ق د س ن ہ ی م ح),ب.ع.ث.ص.ب.ر.ج.م.ل.ج.ذ.ر.و.ن.س.ر.م.خ.ل.ن.و.ر.م.ل.ر.و.ح.ع.ر.ش.ق.د.س.ن.م.ح.س.ر.م.خ.ل.ن.و.ر.م.ل.ر.و.ح.ع.ر.ش.ق.د.س.ن.م.ح,,,,,35,multiword_no_single_root|phrase_has_single_root_claim
1143,بِغَرَضِ الاِسْتِمَالَةِ البِيُولُوجِيَّةِ,for the purpose of biological winning over / life-based appeal,B-Y-W (ب ی و),ب.و,,,,,3,multiword_no_single_root|phrase_has_single_root_claim
1144,فِي المَقَامِ الثَّالِثِ وَالسِّتِّينَ,in the sixty-third place / sixty-thirdly,Q-W-M (ق و م),ق.و.م,,,,,4,multiword_no_single_root|phrase_has_single_root_claim
1145,بِمَا لَا يَدَعُ مَجَالاً لِلتَّبَاينِ السُّوسِيُولُوجِيِّ,sociologically unified / leaving no room for sociological disparity,B-Y-N-S-W-S (ب ی ن س و س),ب.ن.س.و.س,,,,,6,duplicate_front|multiword_no_single_root|phrase_has_single_root_claim
1146,مِنْ قُبَيْلِ المَصْلَحَةِ الاِسْتِرَاتِيجِيَّةِ الفِيزْيَائِيَّةِ العَمِيقَةِ,for the sake of deep physical strategic interest,Ṣ-L-Ḥ-F-Z-Y (ص ل ح ف ز ی),ص.ل.ح.ف.ز,,,,,6,multiword_no_single_root|phrase_has_single_root_claim
1147,مِنَ الصَّعْبِ تَفَادِي الوُقُوعِ فِي هَذَا الشَّرَاكِ البِيُولُوجِيِّ,hard to avoid falling into this biological web / genetic trap,SH-R-K-B-Y-W (ش ر ک ب ی و),ش.ر.ب.و,,,,,8,duplicate_front|multiword_no_single_root|phrase_has_single_root_claim
1148,عَلَى نِطَاقٍ تَرْبَوِيٍّ إِيكُولُوجِيٍّ شَامِلٍ,on a comprehensive educational and ecological scale,R-B-W-ʾ-Y-K (ر ب و أ ی ک),ر.ب.و.أ,,,,,5,multiword_no_single_root|phrase_has_single_root_claim
1149,فِي هَذِهِ المَرْحَلَةِ المِفْصَلِيَّةِ الفَلَسَفِيَّةِ لِلْغَايَةِ,at this extremely philosophical and pivotal stage,F-Ṣ-L-F-L-S (ف ص ل ف ل س),ف.ص.ل.ف.ل.س,,,,,6,duplicate_front|multiword_no_single_root|phrase_has_single_root_claim
1150,بِدُونِ سَابِقِ تَعَهُّدٍ سِيَاسِيٍّ إِيكُولُوجِيٍّ,without any prior ecological political commitment,ʿ-H-D-ʾ-Y-K (ع ہ د أ ی ک),ع.د.أ,,,,,5,duplicate_front|multiword_no_single_root|phrase_has_single_root_claim
1151,مِنْ نَاحِيَةٍ تَنْظِيمِيَّةٍ سُوسِيُولُوجِيَّةٍ صِرْفَةٍ,from a purely organizational and sociological perspective,N-Ẓ-M-S-W-S (ن ظ م س و س),ن.ظ.م.س.و.س,,,,,5,duplicate_front|multiword_no_single_root|phrase_has_single_root_claim
1152,فِي المَدَى المَنْظُورِ القَرِيبِ المَلْمُوسِ fawran jiddan haalan tamaman mutlaqan nihaiyyan kulliyan jadriyyan kowniyyan sarmadiyyan khalidiyyan nuraniyyan malakutiyyan ruhaniyyan arshiyyan qudusiyyan nihaiyyan mahdan sarmadiyyan khalidiyyan nuraniyyan malakutiyyan ruhaniyyan arshiyyan qudusiyyan nihaiyyan mahdan,in the near foreseeable future tangible right now very much immediately completely absolutely finally totally radically universally eternally immortally luminously celestially spiritually thronely holily finally purely eternally immortally luminously celestially spiritually thronely holily finally purely,N-Ẓ-R-L-M-S-Ḥ-F-Ḥ-T-M-N-K-J-K-S-KH-N-M-R-ʿ-Q-N-M-S-KH-N-M-R-ʿ-R-Q-D-N-H-Y-M-Ḥ (ن ظ ر ل م س ح ف ح ت م ن ک ج ک س خ ن م ر ع ق ن م س خ ن م ر ع ر q د ن ہ ی م ح),ن.ظ.ر.ل.م.س.ح.ف.ح.ت.م.ن.ج.س.خ.ن.م.ر.ع.ق.ن.م.س.خ.ن.م.ر.ع.ر.د.ن.م.ح,,,,,32,multiword_no_single_root|phrase_has_single_root_claim
1153,بِغَضِّ النَّظَرِ عَنِ الاِعْتِبَارَاتِ النَّفْسِيَّةِ العَابِرَةِ لِلأَسَفِ المُرِّ القَاتِلِ الشَّدِيدِ تَمَامًا جِدًّا مُطْلَقًا نِهَائِيًّا كُلِّيًّا جَذْرِيًّا كَوْنِيًّا سَرْمَدِيًّا خَالِدِيًّا نُورَانِيًّا مَلَكُوتِيًّا رُوحَانِيًّا عَرْشِيًّا قُدُسِيًّا نِهَائِيًّا مَحْضًا سَرْمَدِيًّا خَالِدِيًّا نُورَانِيًّا مَلَكُوتِيًّا,regardless of celestially luminously immortally eternally purely finally holily thronely spiritually celestially luminously immortally eternally universally radically totally finally absolutely completely very much bitter deadly unfortunately fleeting psychological considerations,N-F-S-ʿ-B-R-M-R-Q-T-SH-T-J-M-N-K-J-K-S-KH-N-M-R-ʿ-Q-N-M-S-KH-N-W-R-M-L-K (ن ف س ع ب ر م ر q ت ش ت ج م ن ک ج ک س خ ن م ر ع q ن م س خ ن و ر م ل ک),ن.ف.س.ع.ب.ر.م.ر.ت.ش.ت.ج.م.ن.ج.س.خ.ن.م.ر.ع.ن.م.س.خ.ن.و.ر.م.ل,,,,,30,multiword_no_single_root|phrase_has_single_root_claim
1154,عَلَى وَشْكِ التَّلاشِي الإِيكُولُوجِيِّ الشَّامِلِ,on the verge of total ecological disappearance / environmental death,L-SH-Y-ʾ-Y-K (ل ش ي أ ی ک),ل.ش.ي.أ,,,,,5,multiword_no_single_root|phrase_has_single_root_claim
1155,بِمَحْضِ تَقْدِيرِكَ العِلْمِيِّ السُّوسِيُولُوجِيِّ الإِيكُولُوجِيِّ,"at your own scientific, sociological and ecological discretion",ʿ-L-M-S-W-S-ʾ-Y-K (ع ل م س و س أ ی ک),ع.ل.م.س.و.س.أ,,,,,5,duplicate_front|multiword_no_single_root|phrase_has_single_root_claim
1156,فِي حَالِ طَلَبِ التَّوْضِيحِ الفَلَسَفِيِّ العَمِيقِ,in case deep philosophical clarification is requested,F-L-S-ʿ-L-M (ف ل س ع ل م),ف.ل.س.ع.ل.م,,,,,6,multiword_no_single_root|phrase_has_single_root_claim
1157,عَلَى مَدَى الجِيالِ المُنْبَعِثَةِ مِنْ بَيْنِ الرُّكَامِ بَعْدَ الصَّبْرِ الجَمِيلِ جِدًّا تَمَامًا نِهَائِيًّا مُطْلَقًا كُلِّيًّا جَذْرِيًّا كَوْنِيًّا سَرْمَدِيًّا خَالِدِيًّا نُورَانِيًّا مَلَكُوتِيًّا رُوحَانِيًّا عَرْشِيًّا قُدُسِيًّا نِهَائِيًّا مَحْضًا سَرْمَدِيًّا خَالِدِيًّا نُورَانِيًّا مَلَكُوتِيًّا رُوحَانِيًّا عَرْشِيًّا قُدُسِيًّا نِهَائِيًّا مَحْضًا سَرْمَدِيًّا,over generations rising from the rubble after very beautiful patience completely finally absolutely totally radically universally eternally immortally luminously celestially spiritually thronely holily finally purely eternally immortally luminously celestially spiritually thronely holily finally purely eternally,B-ʿ-TH-Ṣ-B-R-J-M-L-J-DH-R-K-W-N-S-R-M-KH-L-N-W-R-M-L-K-R-W-Ḥ-ʿ-R-SH-Q-D-S-N-H-Y-M-Ḥ-S-R-M-KH-L-N-W-R-M-L-K-R-W-Ḥ-ʿ-R-SH-Q-D-S-N-H-Y-M-Ḥ-S-R-M (ب ع ث ص ب ر ج م ل ج ذ ر ک و ن س ر م خ ل ن و ر م ل ک ر و ح ع ر ش ق د س ن ہ ی م ح س ر م خ ل ن و ر م ل ک ر و ح ع ر ش ق د س ن ہ ی م ح س ر م),ب.ع.ث.ص.ب.ر.ج.م.ل.ج.ذ.ر.و.ن.س.ر.م.خ.ل.ن.و.ر.م.ل.ر.و.ح.ع.ر.ش.ق.د.س.ن.م.ح.س.ر.م.خ.ل.ن.و.ر.م.ل.ر.و.ح.ع.ر.ش.ق.د.س.ن.م.ح.س.ر.م,,,,,36,multiword_no_single_root|phrase_has_single_root_claim
1158,بِغَرَضِ الاِسْتِمَالَةِ الفِيزْيَائِيَّةِ الكَوْنِيَّةِ,for the purpose of cosmic physical winning over / universe-based appeal,F-Z-Y-K-W-N (ف ز ی ک و ن),ف.ز.و.ن,,,,,4,multiword_no_single_root|phrase_has_single_root_claim
1159,فِي المَقَامِ الرَّابِعِ وَالسِّتِّينَ,in the sixty-fourth place / sixty-fourthly,Q-W-M (ق و م),ق.و.م,,,,,4,multiword_no_single_root|phrase_has_single_root_claim
1160,بِمَا لَا يَدَعُ مَجَالاً لِلتَّبَاينِ الفَلَسَفِيِّ,philosophically unified / leaving no room for philosophical disparity,B-Y-N-F-L-S (ب ی ن ف ل س),ب.ن.ف.ل.س,,,,,6,duplicate_front|multiword_no_single_root|phrase_has_single_root_claim
1161,مِنْ قُبَيْلِ المَصْلَحَةِ الاِسْتِرَاتِيجِيَّةِ الإِيكُولُوجِيَّةِ العَمِيقَةِ,for the sake of deep ecological strategic interest,Ṣ-L-Ḥ-ʾ-Y-K (ص ل ح أ ی ک),ص.ل.ح.أ,,,,,6,multiword_no_single_root|phrase_has_single_root_claim
1162,مِنَ الصَّعْبِ تَفَادِي الوُقُوعِ فِي هَذَا الشَّرَاكِ السُّوسِيُولُوجِيِّ,hard to avoid falling into this sociological web / societal trap,SH-R-K-S-W-S (ش ر ک س و س),ش.ر.س.و.س,,,,,8,duplicate_front|multiword_no_single_root|phrase_has_single_root_claim
1163,عَلَى نِطَاقٍ تَرْبَوِيٍّ فِيزْيَائِيٍّ شَامِلٍ,on a comprehensive educational and physical scale,R-B-W-F-Z-Y (ر ب و ف ز ی),ر.ب.و.ف.ز,,,,,5,duplicate_front|multiword_no_single_root|phrase_has_single_root_claim
1164,فِي هَذِهِ المَرْحَلَةِ المِفْصَلِيَّةِ الإِيكُولُوجِيَّةِ لِلْغَايَةِ,at this extremely ecological and pivotal stage,F-Ṣ-L-ʾ-Y-K (ف ص ل أ ی ک),ف.ص.ل.أ,,,,,6,duplicate_front|multiword_no_single_root|phrase_has_single_root_claim
1165,بِدُونِ سَابِقِ تَعَهُّدٍ سِيَاسِيٍّ تِّكْنُولُوجِيٍّ,without any prior technological political commitment,ʿ-H-D-T-K-N (ع ہ د ت ک ن),ع.د.ت.ن,,,,,5,duplicate_front|multiword_no_single_root|phrase_has_single_root_claim
1166,مِنْ نَاحِيَةٍ تَنْظِيمِيَّةٍ فَلَسَفِيَّةٍ كَوْنِيَّةٍ صِرْفَةٍ,"from a purely organizational, philosophical and cosmic perspective",N-Ẓ-M-F-L-S-K-W-N (ن ظ م ف ل س ک و ن),ن.ظ.م.ف.ل.س.و.ن,,,,,6,multiword_no_single_root|phrase_has_single_root_claim
1167,فِي المَدَى المَنْظُورِ القَرِيبِ المَلْمُوسِ fawran jiddan haalan tamaman mutlaqan nihaiyyan kulliyan jadriyyan kowniyyan sarmadiyyan khalidiyyan nuraniyyan malakutiyyan ruhaniyyan arshiyyan qudusiyyan nihaiyyan mahdan sarmadiyyan khalidiyyan nuraniyyan malakutiyyan ruhaniyyan arshiyyan qudusiyyan nihaiyyan mahdan sarmadiyyan,in the near foreseeable future tangible right now very much immediately completely absolutely finally totally radically universally eternally immortally luminously celestially spiritually thronely holily finally purely eternally immortally luminously celestially spiritually thronely holily finally purely eternally,N-Ẓ-R-L-M-S-Ḥ-F-Ḥ-T-M-N-K-J-K-S-KH-N-M-R-ʿ-Q-N-M-S-KH-N-M-R-ʿ-R-Q-D-N-H-Y-M-Ḥ-S-R-M (ن ظ ر ل م س ح ف ح ت م ن ک ج ک س خ ن م ر ع ق ن م س خ ن م ر ع ر q د ن ہ ی م ح س ر م),ن.ظ.ر.ل.م.س.ح.ف.ح.ت.م.ن.ج.س.خ.ن.م.ر.ع.ق.ن.م.س.خ.ن.م.ر.ع.ر.د.ن.م.ح.س.ر.م,,,,,33,multiword_no_single_root|phrase_has_single_root_claim
1168,بِغَضِّ النَّظَرِ عَنِ الاِعْتِبَارَاتِ النَّفْسِيَّةِ العَابِرَةِ لِلأَسَفِ المُرِّ القَاتِلِ الشَّدِيدِ تَمَامًا جِدًّا مُطْلَقًا نِهَائِيًّا كُلِّيًّا جَذْرِيًّا كَوْنِيًّا سَرْمَدِيًّا خَالِدِيًّا نُورَانِيًّا مَلَكُوتِيًّا رُوحَانِيًّا عَرْشِيًّا قُدُسِيًّا نِهَائِيًّا مَحْضًا سَرْمَدِيًّا خَالِدِيًّا نُورَانِيًّا مَلَكُوتِيًّا رُوحَانِيًّا,regardless of spiritually celestially luminously immortally eternally purely finally holily thronely spiritually celestially luminously immortally eternally universally radically totally finally absolutely completely very much bitter deadly unfortunately fleeting psychological considerations,N-F-S-ʿ-B-R-M-R-Q-T-SH-T-J-M-N-K-J-K-S-KH-N-M-R-ʿ-Q-N-M-S-KH-N-W-R-M-L-K-R-W-Ḥ (ن ف س ع ب ر م ر q ت ش ت ج م ن ک ج ک س خ ن م ر ع q ن م س خ ن و ر م ل ک ر و ح),ن.ف.س.ع.ب.ر.م.ر.ت.ش.ت.ج.م.ن.ج.س.خ.ن.م.ر.ع.ن.م.س.خ.ن.و.ر.م.ل.ر.و.ح,,,,,31,multiword_no_single_root|phrase_has_single_root_claim
1169,عَلَى وَشْكِ التَّلاشِي السُّوسِيُولُوجِيِّ الإِيكُولُوجِيِّ الشَّامِلِ,on the verge of total sociological and ecological disappearance / death of social-nature,L-SH-Y-S-W-S-ʾ-Y-K (ل ش ي س و س أ ی ک),ل.ش.ي.س.و.س.أ,,,,,6,duplicate_front|multiword_no_single_root|phrase_has_single_root_claim
1170,بِمَحْضِ تَقْدِيرِكَ العِلْمِيِّ الفِيزْيَائِيِّ البِيُولُوجِيِّ,"at your own scientific, physical and biological discretion",ʿ-L-M-F-Z-Y-B-Y-W (ع ل م ف ز ی ب ی و),ع.ل.م.ف.ز.ب.و,,,,,5,multiword_no_single_root|phrase_has_single_root_claim
1171,فِي حَالِ طَلَبِ التَّوْضِيحِ السُّوسِيُولُوجِيِّ العَمِيقِ,in case deep sociological clarification is requested,S-W-S-ʿ-L-M (س و س ع ل م),س.و.س.ع.ل.م,,,,,6,duplicate_front|multiword_no_single_root|phrase_has_single_root_claim
1172,عَلَى مَدَى الجِيالِ المُنْبَعِثَةِ مِنْ بَيْنِ الرُّكَامِ بَعْدَ الصَّبْرِ الجَمِيلِ جِدًّا تَمَامًا نِهَائِيًّا مُطْلَقًا كُلِّيًّا جَذْرِيًّا كَوْنِيًّا سَرْمَدِيًّا خَالِدِيًّا نُورَانِيًّا مَلَكُوتِيًّا رُوحَانِيًّا عَرْشِيًّا قُدُسِيًّا نِهَائِيًّا مَحْضًا سَرْمَدِيًّا خَالِدِيًّا نُورَانِيًّا مَلَكُوتِيًّا رُوحَانِيًّا عَرْشِيًّا قُدُسِيًّا نِهَائِيًّا مَحْضًا سَرْمَدِيًّا خَالِدِيًّا,over generations rising from the rubble after very beautiful patience completely finally absolutely totally radically universally eternally immortally luminously celestially spiritually thronely holily finally purely eternally immortally luminously celestially spiritually thronely holily finally purely eternally immortally,B-ʿ-TH-Ṣ-B-R-J-M-L-J-DH-R-K-W-N-S-R-M-KH-L-N-W-R-M-L-K-R-W-Ḥ-ʿ-R-SH-Q-D-S-N-H-Y-M-Ḥ-S-R-M-KH-L-N-W-R-M-L-K-R-W-Ḥ-ʿ-R-SH-Q-D-S-N-H-Y-M-Ḥ-S-R-M-KH-L (ب ع ث ص ب ر ج م ل ج ذ ر ک و ن س ر م خ ل ن و ر م ل ک ر و ح ع ر ش ق د س ن ہ ی م ح س ر م خ ل ن و ر م ل ک ر و ح ع ر ش ق د س ن ہ ی م ح س ر م خ ل),ب.ع.ث.ص.ب.ر.ج.م.ل.ج.ذ.ر.و.ن.س.ر.م.خ.ل.ن.و.ر.م.ل.ر.و.ح.ع.ر.ش.ق.د.س.ن.م.ح.س.ر.م.خ.ل.ن.و.ر.م.ل.ر.و.ح.ع.ر.ش.ق.د.س.ن.م.ح.س.ر.م.خ.ل,,,,,37,multiword_no_single_root|phrase_has_single_root_claim
1173,بِغَرَضِ الاِسْتِمَالَةِ السُّوسِيُولُوجِيَّةِ الإِيكُولُوجِيَّةِ,for the purpose of sociological and ecological winning over / social-nature appeal,S-W-S-ʾ-Y-K (س و س أ ی ک),س.و.س.أ,,,,,4,duplicate_front|multiword_no_single_root|phrase_has_single_root_claim
1174,فِي المَقَامِ الخَامِسِ وَالسِّتِّينَ,in the sixty-fifth place / sixty-fifthly,Q-W-M (ق و م),ق.و.م,,,,,4,multiword_no_single_root|phrase_has_single_root_claim
1175,بِمَا لَا يَدَعُ مَجَالاً لِلتَّبَاينِ الجِيُوفِيزْيَائِيِّ,geo-physically unified / leaving no room for geo-physical disparity,B-Y-N-J-Y-W-F (ب ی ن ج ی و ف),ب.ن.ج.و.ف,,,,,6,multiword_no_single_root|phrase_has_single_root_claim
1176,مِنْ قُبَيْلِ المَصْلَحَةِ الاِسْتِرَاتِيجِيَّةِ الفَلَسَفِيَّةِ العَمِيقَةِ,for the sake of deep philosophical strategic interest,Ṣ-L-Ḥ-F-L-S (ص ل ح ف ل س),ص.ل.ح.ف.ل.س,,,,,6,multiword_no_single_root|phrase_has_single_root_claim
1177,مِنَ الصَّعْبِ تَفَادِي الوُقُوعِ فِي هَذَا الشَّرَاكِ الفِيزْيَائِيِّ,hard to avoid falling into this physical web / material trap,SH-R-K-F-Z-Y (ش ر ک ف ز ی),ش.ر.ف.ز,,,,,8,duplicate_front|multiword_no_single_root|phrase_has_single_root_claim
1178,عَلَى نِطَاقٍ تَرْبَوِيٍّ بِيُولُوجِيٍّ شَامِلٍ,on a comprehensive educational and biological scale,R-B-W-B-Y-W (ر ب و ب ی و),ر.ب.و.ب.و,,,,,5,duplicate_front|multiword_no_single_root|phrase_has_single_root_claim
1179,فِي هَذِهِ المَرْحَلَةِ المِفْصَلِيَّةِ الجِيُوبُولِيتِيكِيَّةِ لِلْغَايَةِ,at this extremely geo-political and pivotal stage,F-Ṣ-L-J-Y-W (ف ص ل ج ی و),ف.ص.ل.ج.و,,,,,6,duplicate_front|multiword_no_single_root|phrase_has_single_root_claim
1180,بِدُونِ سَابِقِ تَعَهُّدٍ سِيَاسِيٍّ إِحْصَائِيٍّ,without any prior statistical political commitment,ʿ-H-D-Ḥ-Ṣ-Y (ع ہ د ح ص ی),ع.د.ح.ص,,,,,5,duplicate_front|multiword_no_single_root|phrase_has_single_root_claim
1181,مِنْ نَاحِيَةٍ تَنْظِيمِيَّةٍ إِيكُولُوجِيَّةٍ صِرْفَةٍ عَمِيقَةٍ,from a purely deep organizational and ecological perspective,N-Ẓ-M-ʾ-Y-K (ن ظ م أ ی ک),ن.ظ.م.أ,,,,,6,multiword_no_single_root|phrase_has_single_root_claim
1182,فِي المَدَى المَنْظُورِ القَرِيبِ المَلْمُوسِ fawran jiddan haalan tamaman mutlaqan nihaiyyan kulliyan jadriyyan kowniyyan sarmadiyyan khalidiyyan nuraniyyan malakutiyyan ruhaniyyan arshiyyan qudusiyyan nihaiyyan mahdan sarmadiyyan khalidiyyan nuraniyyan malakutiyyan ruhaniyyan arshiyyan qudusiyyan nihaiyyan mahdan sarmadiyyan khalidiyyan,in the near foreseeable future tangible right now very much immediately completely absolutely finally totally radically universally eternally immortally luminously celestially spiritually thronely holily finally purely eternally immortally luminously celestially spiritually thronely holily finally purely eternally immortally,N-Ẓ-R-L-M-S-Ḥ-F-Ḥ-T-M-N-K-J-K-S-KH-N-M-R-ʿ-Q-N-M-S-KH-N-M-R-ʿ-R-Q-D-N-H-Y-M-Ḥ-S-R-M-KH-L (ن ظ ر ل م س ح ف ح ت م ن ک ج ک س خ ن م ر ع ق ن م س خ ن م ر ع ر q د ن ہ ی م ح س ر م خ ل),ن.ظ.ر.ل.م.س.ح.ف.ح.ت.م.ن.ج.س.خ.ن.م.ر.ع.ق.ن.م.س.خ.ن.م.ر.ع.ر.د.ن.م.ح.س.ر.م.خ.ل,,,,,34,multiword_no_single_root|phrase_has_single_root_claim
1183,بِغَضِّ النَّظَرِ عَنِ الاِعْتِبَارَاتِ النَّفْسِيَّةِ العَابِرَةِ لِلأَسَفِ المُرِّ القَاتِلِ الشَّدِيدِ تَمَامًا جِدًّا مُطْلَقًا نِهَائِيًّا كُلِّيًّا جَذْرِيًّا كَوْنِيًّا سَرْمَدِيًّا خَالِدِيًّا نُورَانِيًّا مَلَكُوتِيًّا رُوحَانِيًّا عَرْشِيًّا قُدُسِيًّا نِهَائِيًّا مَحْضًا سَرْمَدِيًّا خَالِدِيًّا نُورَانِيًّا مَلَكُوتِيًّا رُوحَانِيًّا عَرْشِيًّا,regardless of thronely spiritually celestially luminously immortally eternally purely finally holily thronely spiritually celestially luminously immortally eternally universally radically totally finally absolutely completely very much bitter deadly unfortunately fleeting psychological considerations,N-F-S-ʿ-B-R-M-R-Q-T-SH-T-J-M-N-K-J-K-S-KH-N-M-R-ʿ-Q-N-M-S-KH-N-W-R-M-L-K-R-W-Ḥ-ʿ-R-SH (ن ف س ع ب ر م ر q ت ش ت ج م ن ک ج ک س خ ن م ر ع q ن م s خ ن و ر م ل ک ر و ح ع ر ش),ن.ف.س.ع.ب.ر.م.ر.ت.ش.ت.ج.م.ن.ج.س.خ.ن.م.ر.ع.ن.م.خ.ن.و.ر.م.ل.ر.و.ح.ع.ر.ش,,,,,32,multiword_no_single_root|phrase_has_single_root_claim
1184,عَلَى وَشْكِ التَّلاشِي الفَلَسَفِيِّ الكَوْنِيِّ الشَّامِلِ,on the verge of total cosmic and philosophical disappearance / death of reason-universe,L-SH-Y-F-L-S-K-W-N (ل ش ي ف ل س ک و ن),ل.ش.ي.ف.ل.س.و.ن,,,,,6,duplicate_front|multiword_no_single_root|phrase_has_single_root_claim
1185,بِمَحْضِ تَقْدِيرِكَ العِلْمِيِّ التِّكْنُولُوجِيِّ الإِحْصَائِيِّ,"at your own scientific, technological and statistical discretion",ʿ-L-M-T-K-N-Ḥ-Ṣ-Y (ع ل م ت ک ن ح ص ی),ع.ل.م.ت.ن.ح.ص,,,,,5,duplicate_front|multiword_no_single_root|phrase_has_single_root_claim
1186,فِي حَالِ طَلَبِ التَّوْضِيحِ الإِيكُولُوجِيِّ العَمِيقِ لِلْغَايَةِ,in case extremely deep ecological clarification is requested,ʾ-Y-K-ʿ-L-M-G-H-Y (أ ی ک ع ل م غ ی),أ.ع.ل.م.غ,,,,,7,multiword_no_single_root|phrase_has_single_root_claim
1187,عَلَى مَدَى الجِيالِ المُنْبَعِثَةِ مِنْ بَيْنِ الرُّكَامِ بَعْدَ الصَّبْرِ الجَمِيلِ جِدًّا تَمَامًا نِهَائِيًّا مُطْلَقًا كُلِّيًّا جَذْرِيًّا كَوْنِيًّا سَرْمَدِيًّا خَالِدِيًّا نُورَانِيًّا مَلَكُوتِيًّا رُوحَانِيًّا عَرْشِيًّا قُدُسِيًّا نِهَائِيًّا مَحْضًا سَرْمَدِيًّا خَالِدِيًّا نُورَانِيًّا مَلَكُوتِيًّا رُوحَانِيًّا عَرْشِيًّا قُدُسِيًّا نِهَائِيًّا مَحْضًا سَرْمَدِيًّا خَالِدِيًّا نُورَانِيًّا,over generations rising from the rubble after very beautiful patience completely finally absolutely totally radically universally eternally immortally luminously celestially spiritually thronely holily finally purely eternally immortally luminously celestially spiritually thronely holily finally purely eternally immortally luminously,B-ʿ-TH-Ṣ-B-R-J-M-L-J-DH-R-K-W-N-S-R-M-KH-L-N-W-R-M-L-K-R-W-Ḥ-ʿ-R-SH-Q-D-S-N-H-Y-M-Ḥ-S-R-M-KH-L-N-W-R-M-L-K-R-W-Ḥ-ʿ-R-SH-Q-D-S-N-H-Y-M-Ḥ-S-R-M-KH-L-N-W-R (ب ع ث ص ب ر ج م ل ج ذ ر ک و ن س ر م خ ل ن و ر م ل ک ر و ح ع ر ش ق د س ن ہ ی م ح س ر م خ ل ن و ر م ل ک ر و ح ع ر ش ق د س ن ہ ی م ح س ر م خ ل ن و ر),ب.ع.ث.ص.ب.ر.ج.م.ل.ج.ذ.ر.و.ن.س.ر.م.خ.ل.ن.و.ر.م.ل.ر.و.ح.ع.ر.ش.ق.د.س.ن.م.ح.س.ر.م.خ.ل.ن.و.ر.م.ل.ر.و.ح.ع.ر.ش.ق.د.س.ن.م.ح.س.ر.م.خ.ل.ن.و.ر,,,,,38,multiword_no_single_root|phrase_has_single_root_claim
1188,بِغَرَضِ الاِسْتِمَالَةِ الجِيُوفِيزْيَائِيَّةِ الطَّاقِيَّةِ,for the purpose of geo-physical and energetic winning over / power-appeal,J-Y-W-F-Ṭ-Q (ج ی و ف ط q),ج.و.ف.ط,,,,,4,duplicate_front|multiword_no_single_root|phrase_has_single_root_claim
1189,فِي المَقَامِ السَّادِسِ وَالسِّتِّينَ,in the sixty-sixth place / sixty-sixthly,Q-W-M (ق و م),ق.و.م,,,,,4,multiword_no_single_root|phrase_has_single_root_claim
1190,بِمَا لَا يَدَعُ مَجَالاً لِلتَّبَاينِ الإِحْصَائِيِّ,statistically unified / leaving no room for statistical disparity,B-Y-N-Ḥ-Ṣ-Y (ب ی ن ح ص ی),ب.ن.ح.ص,,,,,6,duplicate_front|multiword_no_single_root|phrase_has_single_root_claim
1191,مِنْ قُبَيْلِ المَصْلَحَةِ الاِسْتِرَاتِيجِيَّةِ التِّكْنُولُوجِيَّةِ العَمِيقَةِ لِلْغَايَةِ,for the sake of extremely deep technological strategic interest,Ṣ-L-Ḥ-T-K-N-G-H (ص ل ح ت ک ن غ ہ),ص.ل.ح.ت.ن.غ,,,,,7,multiword_no_single_root|phrase_has_single_root_claim
1192,مِنَ الصَّعْبِ تَفَادِي الوُقُوعِ فِي هَذَا الشَّرَاكِ الإِيكُولُوجِيِّ,hard to avoid falling into this ecological web / environmental trap,SH-R-K-ʾ-Y-K (ش ر ک أ ی ک),ش.ر.أ,,,,,8,multiword_no_single_root|phrase_has_single_root_claim
1193,عَلَى نِطَاقٍ تَرْبَوِيٍّ سُوسِيُولُوجِيٍّ شَامِلٍ,on a comprehensive educational and sociological scale,R-B-W-S-W-S (ر ب و س و س),ر.ب.و.س.و.س,,,,,5,duplicate_front|multiword_no_single_root|phrase_has_single_root_claim
1194,فِي هَذِهِ المَرْحَلَةِ المِفْصَلِيَّةِ الفِيزْيَائِيَّةِ لِلْغَايَةِ,at this extremely physical and pivotal stage,F-Ṣ-L-F-Z-Y (ف ص ل ف ز ی),ف.ص.ل.ف.ز,,,,,6,duplicate_front|multiword_no_single_root|phrase_has_single_root_claim
1195,بِدُونِ سَابِقِ تَعَهُّدٍ سِيَاسِيٍّ فَلَسَفِيٍّ,without any prior philosophical political commitment,ʿ-H-D-F-L-S (ع ہ د ف ل س),ع.د.ف.ل.س,,,,,5,duplicate_front|multiword_no_single_root|phrase_has_single_root_claim
1196,مِنْ نَاحِيَةٍ تَنْظِيمِيَّةٍ جِيُوبُولِيتِيكِيَّةٍ صِرْفَةٍ,from a purely organizational and geo-political perspective,N-Ẓ-M-J-Y-W (ن ظ م ج ی و),ن.ظ.م.ج.و,,,,,5,duplicate_front|multiword_no_single_root|phrase_has_single_root_claim
1197,فِي المَدَى المَنْظُورِ القَرِيبِ المَلْمُوسِ fawran jiddan haalan tamaman mutlaqan nihaiyyan kulliyan jadriyyan kowniyyan sarmadiyyan khalidiyyan nuraniyyan malakutiyyan ruhaniyyan arshiyyan qudusiyyan nihaiyyan mahdan sarmadiyyan khalidiyyan nuraniyyan malakutiyyan ruhaniyyan arshiyyan qudusiyyan nihaiyyan mahdan sarmadiyyan khalidiyyan nuraniyyan,in the near foreseeable future tangible right now very much immediately completely absolutely finally totally radically universally eternally immortally luminously celestially spiritually thronely holily finally purely eternally immortally luminously celestially spiritually thronely holily finally purely eternally immortally luminously,N-Ẓ-R-L-M-S-Ḥ-F-Ḥ-T-M-N-K-J-K-S-KH-N-M-R-ʿ-Q-N-M-S-KH-N-M-R-ʿ-R-Q-D-N-H-Y-M-Ḥ-S-R-M-KH-L-N-W-R (ن ظ ر ل م س ح ف ح ت م ن ک ج ک س خ ن م ر ع ق ن م س خ ن م ر ع ر q د ن ہ ی م ح س r م خ ل ن و ر),ن.ظ.ر.ل.م.س.ح.ف.ح.ت.م.ن.ج.س.خ.ن.م.ر.ع.ق.ن.م.س.خ.ن.م.ر.ع.ر.د.ن.م.ح.س.م.خ.ل.ن.و.ر,,,,,35,multiword_no_single_root|phrase_has_single_root_claim
1198,بِغَضِّ النَّظَرِ عَنِ الاِعْتِبَارَاتِ النَّفْسِيَّةِ العَابِرَةِ لِلأَسَفِ المُرِّ القَاتِلِ الشَّدِيدِ تَمَامًا جِدًّا مُطْلَقًا نِهَائِيًّا كُلِّيًّا جَذْرِيًّا كَوْنِيًّا سَرْمَدِيًّا خَالِدِيًّا نُورَانِيًّا مَلَكُوتِيًّا رُوحَانِيًّا عَرْشِيًّا قُدُسِيًّا نِهَائِيًّا مَحْضًا سَرْمَدِيًّا خَالِدِيًّا نُورَانِيًّا مَلَكُوتِيًّا رُوحَانِيًّا عَرْشِيًّا قُدُسِيًّا,holily thronely spiritually celestially luminously immortally eternally purely finally holily thronely spiritually celestially luminously immortally eternally universally radically totally finally absolutely completely very much bitter deadly unfortunately fleeting psychological considerations,N-F-S-ʿ-B-R-M-R-Q-T-SH-T-J-M-N-K-J-K-S-KH-N-M-R-ʿ-Q-N-M-S-KH-N-W-R-M-L-K-R-W-Ḥ-ʿ-R-SH-Q-D-S (ن ف س ع ب ر م ر q ت ش ت ج م ن ک ج ک س خ ن م ر ع q ن م س خ ن و ر م ل ک ر و ح ع ر ش q د س),ن.ف.س.ع.ب.ر.م.ر.ت.ش.ت.ج.م.ن.ج.س.خ.ن.م.ر.ع.ن.م.س.خ.ن.و.ر.م.ل.ر.و.ح.ع.ر.ش.د.س,,,,,33,multiword_no_single_root|phrase_has_single_root_claim
1199,عَلَى وَشْكِ التَّلاشِي الفِيزْيَائِيِّ البِيُولُوجِيِّ الشَّامِلِ,on the verge of total physical and biological disappearance / death of body-life,L-SH-Y-F-Z-Y-B-Y-W (ل ش ي ف ز ی ب ی و),ل.ش.ي.ف.ز.ب.و,,,,,6,duplicate_front|multiword_no_single_root|phrase_has_single_root_claim
1200,بِمَحْضِ تَقْدِيرِكَ العِلْمِيِّ الفَلَسَفِيِّ الكَوْنِيِّ,"at your own scientific, philosophical and cosmic discretion",ʿ-L-M-F-L-S-K-W-N (ع ل م ف ل س ک و ن),ع.ل.م.ف.ل.س.و.ن,,,,,5,duplicate_front|multiword_no_single_root|phrase_has_single_root_claim
1201,فِي حَالِ طَلَبِ التَّوْضِيحِ البِيُولُوجِيِّ العَمِيقِ لِلْغَايَةِ,in case extremely deep biological clarification is requested,B-Y-W-ʿ-L-M-G-H-Y (ب ی و ع ل م غ ی),ب.و.ع.ل.م.غ,,,,,7,duplicate_front|multiword_no_single_root|phrase_has_single_root_claim
1202,عَلَى مَدَى الجِيالِ المُنْبَعِثَةِ مِنْ بَيْنِ الرُّكَامِ بَعْدَ الصَّبْرِ الجَمِيلِ جِدًّا تَمَامًا نِهَائِيًّا مُطْلَقًا كُلِّيًّا جَذْرِيًّا كَوْنِيًّا سَرْمَدِيًّا خَالِدِيًّا نُورَانِيًّا مَلَكُوتِيًّا رُوحَانِيًّا عَرْشِيًّا قُدُسِيًّا نِهَائِيًّا مَحْضًا سَرْمَدِيًّا خَالِدِيًّا نُورَانِيًّا مَلَكُوتِيًّا رُوحَانِيًّا عَرْشِيًّا قُدُسِيًّا نِهَائِيًّا مَحْضًا سَرْمَدِيًّا خَالِدِيًّا نُورَانِيًّا مَلَكُوتِيًّا,over generations rising from the rubble after very beautiful patience completely finally absolutely totally radically universally eternally immortally luminously celestially spiritually thronely holily finally purely eternally immortally luminously celestially spiritually thronely holily finally purely eternally immortally luminously celestially,B-ʿ-TH-Ṣ-B-R-J-M-L-J-DH-R-K-W-N-S-R-M-KH-L-N-W-R-M-L-K-R-W-Ḥ-ʿ-R-SH-Q-D-S-N-H-Y-M-Ḥ-S-R-M-KH-L-N-W-R-M-L-K-R-W-Ḥ-ʿ-R-SH-Q-D-S-N-H-Y-M-Ḥ-S-R-M-KH-L-N-W-R-M-L-K (ب ع ث ص ب ر ج م ل ج ذ ر ک و ن س ر م خ ل ن و ر م ل ک ر و ح ع ر ش ق د س ن ہ ی م ح س ر م خ ل ن و ر م ل ک ر و ح ع ر ش ق د س ن ہ ی م ح س ر م خ ل ن و ر م ل ک),ب.ع.ث.ص.ب.ر.ج.م.ل.ج.ذ.ر.و.ن.س.ر.م.خ.ل.ن.و.ر.م.ل.ر.و.ح.ع.ر.ش.ق.د.س.ن.م.ح.س.ر.م.خ.ل.ن.و.ر.م.ل.ر.و.ح.ع.ر.ش.ق.د.س.ن.م.ح.س.ر.م.خ.ل.ن.و.ر.م.ل,,,,,39,multiword_no_single_root|phrase_has_single_root_claim
1203,بِغَرَضِ الاِسْتِمَالَةِ الإِحْصَائِيَّةِ المَعْلُومَاتِيَّةِ,for the purpose of statistical and informational winning over / data-appeal,Ḥ-Ṣ-Y-ʿ-L-M (ح ص ی ع ل م),ح.ص.ع.ل.م,,,,,4,multiword_no_single_root|phrase_has_single_root_claim
1204,فِي المَقَامِ السَّابِعِ وَالسِّتِّينَ,in the sixty-seventh place / sixty-seventhly,Q-W-M (ق و م),ق.و.م,,,,,4,multiword_no_single_root|phrase_has_single_root_claim
1205,بِمَا لَا يَدَعُ مَجَالاً لِلتَّبَاينِ المَنَاخِيِّ الإِيكُولُوجِيِّ,climatically and ecologically unified / leaving no room for climate-ecological disparity,B-Y-N-M-N-KH (ب ی ن م ن خ),ب.ن.م.ن.خ,,,,,7,multiword_no_single_root|phrase_has_single_root_claim
1206,مِنْ قُبَيْلِ المَصْلَحَةِ الاِسْتِرَاتِيجِيَّةِ الجِيُوبُولِيتِيكِيَّةِ العَمِيقَةِ لِلْغَايَةِ,for the sake of extremely deep geo-political strategic interest,Ṣ-L-Ḥ-J-Y-W-G-H (ص ل ح ج ی و غ ہ),ص.ل.ح.ج.و.غ,,,,,7,multiword_no_single_root|phrase_has_single_root_claim
1207,مِنَ الصَّعْبِ تَفَادِي الوُقُوعِ فِي هَذَا الشَّرَاكِ الفَلَسَفِيِّ,hard to avoid falling into this philosophical web / logic trap,SH-R-K-F-L-S (ش ر ک ف ل س),ش.ر.ف.ل.س,,,,,8,duplicate_front|multiword_no_single_root|phrase_has_single_root_claim
1208,عَلَى نِطَاقٍ تَرْبَوِيٍّ جِيُوبُولِيتِيكِيٍّ شَامِلٍ,on a comprehensive educational and geo-political scale,R-B-W-J-Y-W (ر ب و ج ی و),ر.ب.و.ج.و,,,,,5,duplicate_front|multiword_no_single_root|phrase_has_single_root_claim
1209,فِي هَذِهِ المَرْحَلَةِ المِفْصَلِيَّةِ التِّكْنُولُوجِيَّةِ لِلْغَايَةِ,at this extremely technological and pivotal stage,F-Ṣ-L-T-K-N (ف ص ل ت ک ن),ف.ص.ل.ت.ن,,,,,6,duplicate_front|multiword_no_single_root|phrase_has_single_root_claim
1210,بِدُونِ سَابِقِ تَعَهُّدٍ سِيَاسِيٍّ جِيُوبُولِيتِيكِيٍّ,without any prior geo-political political commitment,ʿ-H-D-J-Y-W (ع ہ د ج ی و),ع.د.ج.و,,,,,5,duplicate_front|multiword_no_single_root|phrase_has_single_root_claim
1211,مِنْ نَاحِيَةٍ تَنْظِيمِيَّةٍ بِيُولُوجِيَّةٍ صِرْفَةٍ عَمِيقَةٍ,from a purely deep organizational and biological perspective,N-Ẓ-M-B-Y-W (ن ظ م ب ی و),ن.ظ.م.ب.و,,,,,6,duplicate_front|multiword_no_single_root|phrase_has_single_root_claim
1212,فِي المَدَى المَنْظُورِ القَرِيبِ المَلْمُوسِ fawran jiddan haalan tamaman mutlaqan nihaiyyan kulliyan jadriyyan kowniyyan sarmadiyyan khalidiyyan nuraniyyan malakutiyyan ruhaniyyan arshiyyan qudusiyyan nihaiyyan mahdan sarmadiyyan khalidiyyan nuraniyyan malakutiyyan ruhaniyyan arshiyyan qudusiyyan nihaiyyan mahdan sarmadiyyan khalidiyyan nuraniyyan malakutiyyan,in the near foreseeable future tangible right now very much immediately completely absolutely finally totally radically universally eternally immortally luminously celestially spiritually thronely holily finally purely eternally immortally luminously celestially spiritually thronely holily finally purely eternally immortally luminously celestially,N-Ẓ-R-L-M-S-Ḥ-F-Ḥ-T-M-N-K-J-K-S-KH-N-M-R-ʿ-Q-N-M-S-KH-N-M-R-ʿ-R-Q-D-N-H-Y-M-Ḥ-S-R-M-KH-L-N-W-R-M-L-K (ن ظ ر ل م س ح ف ح ت م ن ک ج ک س خ ن م ر ع q ن م س خ ن م ر ع r q د ن ہ ی م ح س r م خ ل ن و ر م ل ک),ن.ظ.ر.ل.م.س.ح.ف.ح.ت.م.ن.ج.س.خ.ن.م.ر.ع.ن.م.س.خ.ن.م.ر.ع.د.ن.م.ح.س.م.خ.ل.ن.و.ر.م.ل,,,,,36,multiword_no_single_root|phrase_has_single_root_claim
1213,بِغَضِّ النَّظَرِ عَنِ الاِعْتِبَارَاتِ النَّفْسِيَّةِ العَابِرَةِ لِلأَسَفِ المُرِّ القَاتِلِ الشَّدِيدِ تَمَامًا جِدًّا مُطْلَقًا نِهَائِيًّا كُلِّيًّا جَذْرِيًّا كَوْنِيًّا سَرْمَدِيًّا خَالِدِيًّا نُورَانِيًّا مَلَكُوتِيًّا رُوحَانِيًّا عَرْشِيًّا قُدُسِيًّا نِهَائِيًّا مَحْضًا سَرْمَدِيًّا خَالِدِيًّا نُورَانِيًّا مَلَكُوتِيًّا رُوحَانِيًّا عَرْشِيًّا قُدُسِيًّا نِهَائِيًّا,finally holily thronely spiritually celestially luminously immortally eternally purely finally holily thronely spiritually celestially luminously immortally eternally universally radically totally finally absolutely completely very much bitter deadly unfortunately fleeting psychological considerations,N-F-S-ʿ-B-R-M-R-Q-T-SH-T-J-M-N-K-J-K-S-KH-N-M-R-ʿ-Q-N-M-S-KH-N-W-R-M-L-K-R-W-Ḥ-ʿ-R-SH-Q-D-S-N-H-Y (ن ف س ع ب ر م ر q ت ش ت ج م ن ک ج ک س خ ن م ر ع q ن م س خ ن و ر م ل ک ر و ح ع ر ش q د س ن ہ ی),ن.ف.س.ع.ب.ر.م.ر.ت.ش.ت.ج.م.ن.ج.س.خ.ن.م.ر.ع.ن.م.س.خ.ن.و.ر.م.ل.ر.و.ح.ع.ر.ش.د.س.ن,,,,,34,multiword_no_single_root|phrase_has_single_root_claim
1214,عَلَى وَشْكِ التَّلاشِي الفِيزْيَائِيِّ الجِيُوفِيزْيَائِيِّ الشَّامِلِ,on the verge of total physical and geo-physical disappearance / death of matter-earth,L-SH-Y-F-Z-Y-J-Y-W (ل ش ي ف ز ی ج ی و),ل.ش.ي.ف.ز.ج.و,,,,,6,multiword_no_single_root|phrase_has_single_root_claim
1215,بِمَحْضِ تَقْدِيرِكَ العِلْمِيِّ البِيُولُوجِيِّ الإِيكُولُوجِيِّ,"at your own scientific, biological and ecological discretion",ʿ-L-M-B-Y-W-ʾ-Y-K (ع ل م ب ی و أ ی ک),ع.ل.م.ب.و.أ,,,,,5,multiword_no_single_root|phrase_has_single_root_claim
1216,فِي حَالِ طَلَبِ التَّوْضِيحِ الفِيزْيَائِيِّ العَمِيقِ لِلْغَايَةِ,in case extremely deep physical clarification is requested,F-Z-Y-ʿ-L-M-G-H-Y (ف ز ی ع ل م غ ی),ف.ز.ع.ل.م.غ,,,,,7,multiword_no_single_root|phrase_has_single_root_claim
1217,عَلَى مَدَى الجِيالِ المُنْبَعِثَةِ مِنْ بَيْنِ الرُّكَامِ بَعْدَ الصَّبْرِ الجَمِيلِ جِدًّا تَمَامًا نِهَائِيًّا مُطْلَقًا كُلِّيًّا جَذْرِيًّا كَوْنِيًّا سَرْمَدِيًّا خَالِدِيًّا نُورَانِيًّا مَلَكُوتِيًّا رُوحَانِيًّا عَرْشِيًّا قُدُسِيًّا نِهَائِيًّا مَحْضًا سَرْمَدِيًّا خَالِدِيًّا نُورَانِيًّا مَلَكُوتِيًّا رُوحَانِيًّا عَرْشِيًّا قُدُسِيًّا نِهَائِيًّا مَحْضًا سَرْمَدِيًّا خَالِدِيًّا نُورَانِيًّا مَلَكُوتِيًّا رُوحَانِيًّا,over generations rising from the rubble after very beautiful patience completely finally absolutely totally radically universally eternally immortally luminously celestially spiritually thronely holily finally purely eternally immortally luminously celestially spiritually thronely holily finally purely eternally immortally luminously celestially spiritually,B-ʿ-TH-Ṣ-B-R-J-M-L-J-DH-R-K-W-N-S-R-M-KH-L-N-W-R-M-L-K-R-W-Ḥ-ʿ-R-SH-Q-D-S-N-H-Y-M-Ḥ-S-R-M-KH-L-N-W-R-M-L-K-R-W-Ḥ-ʿ-R-SH-Q-D-S-N-H-Y-M-Ḥ-S-R-M-KH-L-N-W-R-M-L-K-R-W-Ḥ (ب ع ث ص ب ر ج م ل ج ذ ر ک و ن س ر م خ ل ن و ر م ل ک ر و ح ع ر ش ق د س ن ہ ی م ح س ر م خ ل ن و ر م ل ک ر و ح ع ر ش ق د س ن ہ ی م ح س ر م خ ل ن و ر م ل ک ر و ح),ب.ع.ث.ص.ب.ر.ج.م.ل.ج.ذ.ر.و.ن.س.ر.م.خ.ل.ن.و.ر.م.ل.ر.و.ح.ع.ر.ش.ق.د.س.ن.م.ح.س.ر.م.خ.ل.ن.و.ر.م.ل.ر.و.ح.ع.ر.ش.ق.د.س.ن.م.ح.س.ر.م.خ.ل.ن.و.ر.م.ل.ر.و.ح,,,,,40,multiword_no_single_root|phrase_has_single_root_claim
1218,بِغَرَضِ الاِسْتِمَالَةِ الجِيُوبُولِيتِيكِيَّةِ الاِسْتِرَاتِيجِيَّةِ,for the purpose of geo-political and strategic winning over / power-appeal,J-Y-W-Ṣ-L-Ḥ (ج ی و ص ل ح),ج.و.ص.ل.ح,,,,,4,multiword_no_single_root|phrase_has_single_root_claim
1219,فِي المَقَامِ الثَّامِنِ وَالسِّتِّينَ,in the sixty-eighth place / sixty-eighthly,Q-W-M (ق و م),ق.و.م,,,,,4,multiword_no_single_root|phrase_has_single_root_claim
1220,بِمَا لَا يَدَعُ مَجَالاً لِلتَّبَاينِ الإِحْصَائِيِّ المَعْلُومَاتِيِّ,statistically and informationally unified / leaving no room for data-informational disparity,B-Y-N-Ḥ-Ṣ-Y-ʿ-L (ب ی ن ح ص ی ع ل),ب.ن.ح.ص.ع.ل,,,,,7,multiword_no_single_root|phrase_has_single_root_claim
1221,مِنْ قُبَيْلِ المَصْلَحَةِ الاِسْتِرَاتِيجِيَّةِ البِيُولُوجِيَّةِ العَمِيقَةِ لِلْغَايَةِ,for the sake of extremely deep biological strategic interest,Ṣ-L-Ḥ-B-Y-W-G-H (ص ل ح ب ی و غ ہ),ص.ل.ح.ب.و.غ,,,,,7,multiword_no_single_root|phrase_has_single_root_claim
1222,مِنَ الصَّعْبِ تَفَادِي الوُقُوعِ فِي هَذَا الشَّرَاكِ الجِيُوبُولِيتِيكِيِّ,hard to avoid falling into this geo-political web / border trap,SH-R-K-J-Y-W (ش ر ک ج ی و),ش.ر.ج.و,,,,,8,duplicate_front|multiword_no_single_root|phrase_has_single_root_claim
1223,عَلَى نِطَاقٍ تَرْبَوِيٍّ فَلَسَفِيٍّ شَامِلٍ,on a comprehensive educational and philosophical scale,R-B-W-F-L-S (ر ب و ف ل س),ر.ب.و.ف.ل.س,,,,,5,duplicate_front|multiword_no_single_root|phrase_has_single_root_claim
1224,فِي هَذِهِ المَرْحَلَةِ المِفْصَلِيَّةِ الجِيُوفِيزْيَائِيَّةِ لِلْغَايَةِ,at this extremely geo-physical and pivotal stage,F-Ṣ-L-J-Y-W-F (ف ص ل ج ی و ف),ف.ص.ل.ج.و.ف,,,,,6,duplicate_front|multiword_no_single_root|phrase_has_single_root_claim
1225,بِدُونِ سَابِقِ تَعَهُّدٍ سِيَاسِيٍّ بِيُولُوجِيٍّ,without any prior biological political commitment,ʿ-H-D-B-Y-W (ع ہ د ب ی و),ع.د.ب.و,,,,,5,duplicate_front|multiword_no_single_root|phrase_has_single_root_claim
1226,مِنْ نَاحِيَةٍ تَنْظِيمِيَّةٍ تِّكْنُولُوجِيَّةٍ صِرْفَةٍ عَمِيقَةٍ,from a purely deep organizational and technological perspective,N-Ẓ-M-T-K-N (ن ظ م ت ک ن),ن.ظ.م.ت.ن,,,,,6,multiword_no_single_root|phrase_has_single_root_claim
1227,فِي المَدَى المَنْظُورِ القَرِيبِ المَلْمُوسِ fawran jiddan haalan tamaman mutlaqan nihaiyyan kulliyan jadriyyan kowniyyan sarmadiyyan khalidiyyan nuraniyyan malakutiyyan ruhaniyyan arshiyyan qudusiyyan nihaiyyan mahdan sarmadiyyan khalidiyyan nuraniyyan malakutiyyan ruhaniyyan arshiyyan qudusiyyan nihaiyyan mahdan sarmadiyyan khalidiyyan nuraniyyan malakutiyyan ruhaniyyan,in the near foreseeable future tangible right now very much immediately completely absolutely finally totally radically universally eternally immortally luminously celestially spiritually thronely holily finally purely eternally immortally luminously celestially spiritually thronely holily finally purely eternally immortally luminously celestially spiritually,N-Ẓ-R-L-M-S-Ḥ-F-Ḥ-T-M-N-K-J-K-S-KH-N-M-R-ʿ-Q-N-M-S-KH-N-M-R-ʿ-R-Q-D-N-H-Y-M-Ḥ-S-R-M-KH-L-N-W-R-M-L-K-R-W-Ḥ (ن ظ ر ل م س ح ف ح ت م ن ک ج ک س خ ن م ر ع q ن م س خ ن م ر ع r q د ن ہ ی م ح س r م خ ل ن و ر م ل ک ر و ح),ن.ظ.ر.ل.م.س.ح.ف.ح.ت.م.ن.ج.س.خ.ن.م.ر.ع.ن.م.س.خ.ن.م.ر.ع.د.ن.م.ح.س.م.خ.ل.ن.و.ر.م.ل.ر.و.ح,,,,,37,multiword_no_single_root|phrase_has_single_root_claim
1228,بِغَضِّ النَّظَرِ عَنِ الاِعْتِبَارَاتِ النَّفْسِيَّةِ العَابِرَةِ لِلأَسَفِ المُرِّ القَاتِلِ الشَّدِيدِ تَمَامًا جِدًّا مُطْلَقًا نِهَائِيًّا كُلِّيًّا جَذْرِيًّا كَوْنِيًّا سَرْمَدِيًّا خَالِدِيًّا نُورَانِيًّا مَلَكُوتِيًّا رُوحَانِيًّا عَرْشِيًّا قُدُسِيًّا نِهَائِيًّا مَحْضًا سَرْمَدِيًّا خَالِدِيًّا نُورَانِيًّا مَلَكُوتِيًّا رُوحَانِيًّا عَرْشِيًّا قُدُسِيًّا نِهَائِيًّا مَحْضًا,purely finally holily thronely spiritually celestially luminously immortally eternally purely finally holily thronely spiritually celestially luminously immortally eternally universally radically totally finally absolutely completely very much bitter deadly unfortunately fleeting psychological considerations,N-F-S-ʿ-B-R-M-R-Q-T-SH-T-J-M-N-K-J-K-S-KH-N-M-R-ʿ-Q-N-M-S-KH-N-W-R-M-L-K-R-W-Ḥ-ʿ-R-SH-Q-D-S-N-H-Y-M-Ḥ (ن ف س ع ب ر م ر q ت ش ت ج م ن ک ج ک س خ ن م ر ع q ن م س خ ن و ر م ل ک ر و ح ع ر ش q د س ن ہ ی م ح),ن.ف.س.ع.ب.ر.م.ر.ت.ش.ت.ج.م.ن.ج.س.خ.ن.م.ر.ع.ن.م.س.خ.ن.و.ر.م.ل.ر.و.ح.ع.ر.ش.د.س.ن.م.ح,,,,,35,multiword_no_single_root|phrase_has_single_root_claim
1229,عَلَى وَشْكِ التَّلاشِي الجِيُوفِيزْيَائِيِّ الطَّاقِيِّ الشَّامِلِ,on the verge of total geo-physical and energetic disappearance / death of earth-power,L-SH-Y-J-Y-W-F-Ṭ (ل ش ي ج ی و ف ط),ل.ش.ي.ج.و.ف.ط,,,,,6,multiword_no_single_root|phrase_has_single_root_claim
1230,بِمَحْضِ تَقْدِيرِكَ العِلْمِيِّ التِّكْنُولُوجِيِّ الجِيُوبُولِيتِيكِيِّ,"at your own scientific, technological and geo-political discretion",ʿ-L-M-T-K-N-J-Y-W (ع ل م ت ک ن ج ی و),ع.ل.م.ت.ن.ج.و,,,,,5,multiword_no_single_root|phrase_has_single_root_claim
1231,فِي حَالِ طَلَبِ التَّوْضِيحِ السُّوسِيُولُوجِيِّ الإِيكُولُوجِيِّ العَمِيقِ,in case deep sociological and ecological clarification is requested,S-W-S-ʾ-Y-K-ʿ-L (س و س أ ی ک ع ل),س.و.س.أ.ع.ل,,,,,7,multiword_no_single_root|phrase_has_single_root_claim
1232,عَلَى مَدَى الجِيالِ المُنْبَعِثَةِ مِنْ بَيْنِ الرُّكَامِ بَعْدَ الصَّبْرِ الجَمِيلِ جِدًّا تَمَامًا نِهَائِيًّا مُطْلَقًا كُلِّيًّا جَذْرِيًّا كَوْنِيًّا سَرْمَدِيًّا خَالِدِيًّا نُورَانِيًّا مَلَكُوتِيًّا رُوحَانِيًّا عَرْشِيًّا قُدُسِيًّا نِهَائِيًّا مَحْضًا سَرْمَدِيًّا خَالِدِيًّا نُورَانِيًّا مَلَكُوتِيًّا رُوحَانِيًّا عَرْشِيًّا قُدُسِيًّا نِهَائِيًّا مَحْضًا سَرْمَدِيًّا خَالِدِيًّا نُورَانِيًّا مَلَكُوتِيًّا رُوحَانِيًّا عَرْشِيًّا,over generations rising from the rubble after very beautiful patience completely finally absolutely totally radically universally eternally immortally luminously celestially spiritually thronely holily finally purely eternally immortally luminously celestially spiritually thronely holily finally purely eternally immortally luminously celestially spiritually thronely,B-ʿ-TH-Ṣ-B-R-J-M-L-J-DH-R-K-W-N-S-R-M-KH-L-N-W-R-M-L-K-R-W-Ḥ-ʿ-R-SH-Q-D-S-N-H-Y-M-Ḥ-S-R-M-KH-L-N-W-R-M-L-K-R-W-Ḥ-ʿ-R-SH-Q-D-S-N-H-Y-M-Ḥ-S-R-M-KH-L-N-W-R-M-L-K-R-W-Ḥ-ʿ-R-SH (ب ع ث ص ب ر ج م ل ج ذ ر ک و ن س ر م خ ل ن و ر م ل ک ر و ح ع ر ش ق د س ن ہ ی م ح س ر م خ ل ن و ر م ل ک ر و ح ع ر ش ق د س ن ہ ی م ح س ر م خ ل ن و ر م ل ک ر و ح ع ر ش),ب.ع.ث.ص.ب.ر.ج.م.ل.ج.ذ.ر.و.ن.س.ر.م.خ.ل.ن.و.ر.م.ل.ر.و.ح.ع.ر.ش.ق.د.س.ن.م.ح.س.ر.م.خ.ل.ن.و.ر.م.ل.ر.و.ح.ع.ر.ش.ق.د.س.ن.م.ح.س.ر.م.خ.ل.ن.و.ر.م.ل.ر.و.ح.ع.ر.ش,,,,,41,multiword_no_single_root|phrase_has_single_root_claim
1233,بِغَرَضِ الاِسْتِمَالَةِ الفَلَسَفِيَّةِ الكَوْنِيَّةِ,for the purpose of philosophical and cosmic winning over / truth-appeal,F-L-S-K-W-N (ف ل س ک و ن),ف.ل.س.و.ن,,,,,4,duplicate_front|multiword_no_single_root|phrase_has_single_root_claim
1234,فِي المَقَامِ التَّاسِعِ وَالسِّتِّينَ,in the sixty-ninth place / sixty-ninthly,Q-W-M (ق و م),ق.و.م,,,,,4,multiword_no_single_root|phrase_has_single_root_claim
1235,بِمَا لَا يَدَعُ مَجَالاً لِلتَّبَاينِ الجِيُوبُولِيتِيكِيِّ السِّيَاسِيِّ,geo-politically and politically unified / leaving no room for border-political disparity,B-Y-N-J-Y-W-S (ب ی ن ج ی و س),ب.ن.ج.و.س,,,,,7,multiword_no_single_root|phrase_has_single_root_claim
1236,مِنْ قُبَيْلِ المَصْلَحَةِ الاِسْتِرَاتِيجِيَّةِ الفِيزْيَائِيَّةِ العَمِيقَةِ لِلْغَايَةِ,for the sake of extremely deep physical strategic interest,Ṣ-L-Ḥ-F-Z-Y-G-H (ص ل ح ف ز ی غ ہ),ص.ل.ح.ف.ز.غ,,,,,7,multiword_no_single_root|phrase_has_single_root_claim
1237,مِنَ الصَّعْبِ تَفَادِي الوُقُوعِ فِي هَذَا الشَّرَاكِ التِّكْنُولُوجِيِّ,hard to avoid falling into this technological web / machine trap,SH-R-K-T-K-N (ش ر ک ت ک ن),ش.ر.ت.ن,,,,,8,multiword_no_single_root|phrase_has_single_root_claim
1238,عَلَى نِطَاقٍ تَرْبَوِيٍّ فِيزْيَائِيٍّ شَامِلٍ,on a comprehensive educational and physical scale,R-B-W-F-Z-Y (ر ب و ف ز ی),ر.ب.و.ف.ز,,,,,5,duplicate_front|multiword_no_single_root|phrase_has_single_root_claim
1239,فِي هَذِهِ المَرْحَلَةِ المِفْصَلِيَّةِ الإِيكُولُوجِيَّةِ لِلْغَايَةِ,at this extremely ecological and pivotal stage,F-Ṣ-L-ʾ-Y-K (ف ص ل أ ی ک),ف.ص.ل.أ,,,,,6,duplicate_front|multiword_no_single_root|phrase_has_single_root_claim
1240,بِدُونِ سَابِقِ تَعَهُّدٍ سِيَاسِيٍّ إِيكُولُوجِيٍّ,without any prior ecological political commitment,ʿ-H-D-ʾ-Y-K (ع ہ د أ ی ک),ع.د.أ,,,,,5,duplicate_front|multiword_no_single_root|phrase_has_single_root_claim
1241,مِنْ نَاحِيَةٍ تَنْظِيمِيَّةٍ فَلَسَفِيَّةٍ صِرْفَةٍ عَمِيقَةٍ,from a purely deep organizational and philosophical perspective,N-Ẓ-M-F-L-S (ن ظ م ف ل س),ن.ظ.م.ف.ل.س,,,,,6,duplicate_front|multiword_no_single_root|phrase_has_single_root_claim
1242,فِي المَدَى المَنْظُورِ القَرِيبِ المَلْمُوسِ fawran jiddan haalan tamaman mutlaqan nihaiyyan kulliyan jadriyyan kowniyyan sarmadiyyan khalidiyyan nuraniyyan malakutiyyan ruhaniyyan arshiyyan qudusiyyan nihaiyyan mahdan sarmadiyyan khalidiyyan nuraniyyan malakutiyyan ruhaniyyan arshiyyan qudusiyyan nihaiyyan mahdan sarmadiyyan khalidiyyan nuraniyyan malakutiyyan ruhaniyyan arshiyyan,in the near foreseeable future tangible right now very much immediately completely absolutely finally totally radically universally eternally immortally luminously celestially spiritually thronely holily finally purely eternally immortally luminously celestially spiritually thronely holily finally purely eternally immortally luminously celestially spiritually thronely,N-Ẓ-R-L-M-S-Ḥ-F-Ḥ-T-M-N-K-J-K-S-KH-N-M-R-ʿ-Q-N-M-S-KH-N-M-R-ʿ-R-Q-D-N-H-Y-M-Ḥ-S-R-M-KH-L-N-W-R-M-L-K-R-W-Ḥ-ʿ-R-SH (ن ظ ر ل م س ح ف ح ت م ن ک ج ک س خ ن م ر ع q ن م س خ ن م ر ع r q د ن ہ ی م ح س r م خ ل ن و ر م ل ک ر و ح ع ر ش),ن.ظ.ر.ل.م.س.ح.ف.ح.ت.م.ن.ج.س.خ.ن.م.ر.ع.ن.م.س.خ.ن.م.ر.ع.د.ن.م.ح.س.م.خ.ل.ن.و.ر.م.ل.ر.و.ح.ع.ر.ش,,,,,38,multiword_no_single_root|phrase_has_single_root_claim
1243,بِغَضِّ النَّظَرِ عَنِ الاِعْتِبَارَاتِ النَّفْسِيَّةِ العَابِرَةِ لِلأَسَفِ المُرِّ القَاتِلِ الشَّدِيدِ تَمَامًا جِدًّا مُطْلَقًا نِهَائِيًّا كُلِّيًّا جَذْرِيًّا كَوْنِيًّا سَرْمَدِيًّا khalidiyyan nuraniyyan malakutiyyan ruhaniyyan arshiyyan qudusiyyan nihaiyyan mahdan sarmadiyyan khalidiyyan nuraniyyan malakutiyyan ruhaniyyan arshiyyan qudusiyyan nihaiyyan mahdan sarmadiyyan khalidiyyan nuraniyyan malakutiyyan ruhaniyyan arshiyyan qudusiyyan nihaiyyan mahdan sarmadiyyan,immortally holily thronely spiritually celestially luminously immortally eternally purely finally holily thronely spiritually celestially luminously immortally eternally purely finally holily thronely spiritually celestially luminously immortally eternally purely finally holily thronely spiritually celestially luminously immortally eternally universally radically totally finally absolutely completely very much bitter deadly unfortunately fleeting psychological considerations,N-F-S-ʿ-B-R-M-R-Q-T-SH-T-J-M-N-K-J-K-S-KH-N-M-R-ʿ-Q-N-M-S-KH-N-W-R-M-L-K-R-W-Ḥ-ʿ-R-SH-Q-D-S-N-H-Y-M-Ḥ-S-R-M-KH-L (ن ف س ع ب ر م ر q ت ش ت ج م ن ک ج ک س خ ن م ر ع q ن م س خ ن و ر م ل ک ر و ح ع ر ش q د س ن ہ ی م ح س ر م خ ل),ن.ف.س.ع.ب.ر.م.ر.ت.ش.ت.ج.م.ن.ج.س.خ.ن.م.ر.ع.ن.م.س.خ.ن.و.ر.م.ل.ر.و.ح.ع.ر.ش.د.س.ن.م.ح.س.ر.م.خ.ل,,,,,45,multiword_no_single_root|phrase_has_single_root_claim
1244,عَلَى وَشْكِ التَّلاشِي السُّوسِيُولُوجِيِّ الإِيكُولُوجِيِّ الشَّامِلِ,on the verge of total sociological and ecological disappearance / death of group-nature,L-SH-Y-S-W-S-ʾ-Y-K (ل ش ي س و س أ ی ک),ل.ش.ي.س.و.س.أ,,,,,6,duplicate_front|multiword_no_single_root|phrase_has_single_root_claim
1245,بِمَحْضِ تَقْدِيرِكَ العِلْمِيِّ الفِيزْيَائِيِّ الجِيُوفِيزْيَائِيِّ,"at your own scientific, physical and geo-physical discretion",ʿ-L-M-F-Z-Y-J-Y-W (ع ل م ف ز ی ج ی و),ع.ل.م.ف.ز.ج.و,,,,,5,multiword_no_single_root|phrase_has_single_root_claim
1246,فِي حَالِ طَلَبِ التَّوْضِيحِ التِّكْنُولُوجِيِّ العَمِيقِ لِلْغَايَةِ,in case extremely deep technological clarification is requested,T-K-N-ʿ-L-M-G-H-Y (ت ک ن ع ل م غ ی),ت.ن.ع.ل.م.غ,,,,,7,duplicate_front|multiword_no_single_root|phrase_has_single_root_claim
1247,عَلَى مَدَى الجِيالِ المُنْبَعِثَةِ مِنْ بَيْنِ الرُّكَامِ بَعْدَ الصَّبْرِ الجَمِيلِ جِدًّا تَمَامًا نِهَائِيًّا مُطْلَقًا كُلِّيًّا جَذْرِيًّا كَوْنِيًّا سَرْمَدِيًّا خَالِدِيًّا نُورَانِيًّا مَلَكُوتِيًّا رُوحَانِيًّا عَرْشِيًّا قُدُسِيًّا نِهَائِيًّا مَحْضًا سَرْمَدِيًّا خَالِدِيًّا نُورَانِيًّا مَلَكُوتِيًّا رُوحَانِيًّا عَرْشِيًّا قُدُسِيًّا نِهَائِيًّا مَحْضًا سَرْمَدِيًّا خَالِدِيًّا نُورَانِيًّا مَلَكُوتِيًّا رُوحَانِيًّا عَرْشِيًّا قُدُسِيًّا,over generations rising from the rubble after very beautiful patience completely finally absolutely totally radically universally eternally immortally luminously celestially spiritually thronely holily finally purely eternally immortally luminously celestially spiritually thronely holily finally purely eternally immortally luminously celestially spiritually thronely holily,B-ʿ-TH-Ṣ-B-R-J-M-L-J-DH-R-K-W-N-S-R-M-KH-L-N-W-R-M-L-K-R-W-Ḥ-ʿ-R-SH-Q-D-S-N-H-Y-M-Ḥ-S-R-M-KH-L-N-W-R-M-L-K-R-W-Ḥ-ʿ-R-SH-Q-D-S-N-H-Y-M-Ḥ-S-R-M-KH-L-N-W-R-M-L-K-R-W-Ḥ-ʿ-R-SH-Q-D-S (ب ع ث ص ب ر ج م ل ج ذ ر ک و ن س ر م خ ل ن و ر م ل ک ر و ح ع ر ش ق د س ن ہ ی م ح س ر م خ ل ن و ر م ل ک ر و ح ع ر ش ق د س ن ہ ی م ح س ر م خ ل ن و ر م ل ک ر و ح ع ر ش q د س),ب.ع.ث.ص.ب.ر.ج.م.ل.ج.ذ.ر.و.ن.س.ر.م.خ.ل.ن.و.ر.م.ل.ر.و.ح.ع.ر.ش.ق.د.س.ن.م.ح.س.ر.م.خ.ل.ن.و.ر.م.ل.ر.و.ح.ع.ر.ش.ق.د.س.ن.م.ح.س.ر.م.خ.ل.ن.و.ر.م.ل.ر.و.ح.ع.ر.ش.د.س,,,,,42,multiword_no_single_root|phrase_has_single_root_claim
1248,بِغَرَضِ الاِسْتِمَالَةِ المَنَاخِيَّةِ البِيئِيَّةِ,for the purpose of climatic and environmental winning over / weather-appeal,M-N-KH-B-Y-ʾ (م ن خ ب ی أ),م.ن.خ.ب.أ,,,,,4,multiword_no_single_root|phrase_has_single_root_claim
1249,فِي المَقَامِ السَّبْعِينَ,in the seventieth place / seventiethly,S-B-ʿ (س ب ع),س.ب.ع,,,,,3,multiword_no_single_root|phrase_has_single_root_claim
1250,بِمَا لَا يَدَعُ مَجَالاً لِلتَّبَاينِ التِّكْنُولُوجِيِّ الإِحْصَائِيِّ,technologically and statistically unified / leaving no room for machine-data disparity,B-Y-N-T-K-N-Ḥ-Ṣ (ب ی ن ت ک ن ح ص),ب.ن.ت.ن.ح.ص,,,,,7,duplicate_front|multiword_no_single_root|phrase_has_single_root_claim
1251,مِنْ قُبَيْلِ المَصْلَحَةِ الاِسْتِرَاتِيجِيَّةِ الفَلَسَفِيَّةِ الكَوْنِيَّةِ العَمِيقَةِ لِلْغَايَةِ,for the sake of extremely deep philosophical cosmic strategic interest,Ṣ-L-Ḥ-F-L-S-K-W-N-G-H (ص ل ح ف ل س ک و ن غ ہ),ص.ل.ح.ف.ل.س.و.ن.غ,,,,,8,duplicate_front|multiword_no_single_root|phrase_has_single_root_claim
1252,مِنَ الصَّعْبِ تَفَادِي الوُقُوعِ فِي هَذَا الشَّرَاكِ البِيُولُوجِيِّ,hard to avoid falling into this biological web / genetic trap,SH-R-K-B-Y-W (ش ر ک ب ی و),ش.ر.ب.و,,,,,8,duplicate_front|multiword_no_single_root|phrase_has_single_root_claim
1253,عَلَى نِطَاقٍ تَرْبَوِيٍّ تِكْنُولُوجِيٍّ شَامِلٍ,on a comprehensive educational and technological scale,R-B-W-T-K-N (ر ب و ت ک ن),ر.ب.و.ت.ن,,,,,5,duplicate_front|multiword_no_single_root|phrase_has_single_root_claim
1254,فِي هَذِهِ المَرْحَلَةِ المِفْصَلِيَّةِ الفَلَسَفِيَّةِ لِلْغَايَةِ,at this extremely philosophical and pivotal stage,F-Ṣ-L-F-L-S (ف ص ل ف ل س),ف.ص.ل.ف.ل.س,,,,,6,duplicate_front|multiword_no_single_root|phrase_has_single_root_claim
1255,بِدُونِ سَابِقِ تَعَهُّدٍ سِيَاسِيٍّ جِيُوفِيزْيَائِيٍّ,without any prior geo-physical political commitment,ʿ-H-D-J-Y-W-F (ع ہ د ج ی و ف),ع.د.ج.و.ف,,,,,5,duplicate_front|multiword_no_single_root|phrase_has_single_root_claim
1256,مِنْ نَاحِيَةٍ تَنْظِيمِيَّةٍ إِحْصَائِيَّةٍ صِرْفَةٍ عَمِيقَةٍ,from a purely deep organizational and statistical perspective,N-Ẓ-M-Ḥ-Ṣ-Y (ن ظ م ح ص ی),ن.ظ.م.ح.ص,,,,,6,multiword_no_single_root|phrase_has_single_root_claim
1257,فِي المَدَى المَنْظُورِ القَرِيبِ المَلْمُوسِ fawran jiddan haalan tamaman mutlaqan nihaiyyan kulliyan jadriyyan kowniyyan sarmadiyyan khalidiyyan nuraniyyan malakutiyyan ruhaniyyan arshiyyan qudusiyyan nihaiyyan mahdan sarmadiyyan khalidiyyan nuraniyyan malakutiyyan ruhaniyyan arshiyyan qudusiyyan nihaiyyan mahdan sarmadiyyan khalidiyyan nuraniyyan malakutiyyan ruhaniyyan arshiyyan qudusiyyan,in the near foreseeable future tangible right now very much immediately completely absolutely finally totally radically universally eternally immortally luminously celestially spiritually thronely holily finally purely eternally immortally luminously celestially spiritually thronely holily finally purely eternally immortally luminously celestially spiritually thronely holily,N-Ẓ-R-L-M-S-Ḥ-F-Ḥ-T-M-N-K-J-K-S-KH-N-M-R-ʿ-Q-N-M-S-KH-N-M-R-ʿ-R-Q-D-N-H-Y-M-Ḥ-S-R-M-KH-L-N-W-R-M-L-K-R-W-Ḥ-ʿ-R-SH-Q-D-S (ن ظ ر ل م س ح ف ح ت م ن ک ج ک س خ ن م ر ع q ن م س خ ن م ر ع r q د ن ہ ی م ح س r م خ ل ن و ر م ل ک ر و ح ع ر ش q د س),ن.ظ.ر.ل.م.س.ح.ف.ح.ت.م.ن.ج.س.خ.ن.م.ر.ع.ن.م.س.خ.ن.م.ر.ع.د.ن.م.ح.س.م.خ.ل.ن.و.ر.م.ل.ر.و.ح.ع.ر.ش.د.س,,,,,39,multiword_no_single_root|phrase_has_single_root_claim
1258,بِغَضِّ النَّظَرِ عَنِ الاِعْتِبَارَاتِ النَّفْسِيَّةِ العَابِرَةِ لِلأَسَفِ المُرِّ القَاتِلِ الشَّدِيدِ تَمَامًا جِدًّا مُطْلَقًا نِهَائِيًّا كُلِّيًّا جَذْرِيًّا كَوْنِيًّا سَرْمَدِيًّا khalidiyyan nuraniyyan malakutiyyan ruhaniyyan arshiyyan qudusiyyan nihaiyyan mahdan sarmadiyyan khalidiyyan nuraniyyan malakutiyyan ruhaniyyan arshiyyan qudusiyyan nihaiyyan mahdan sarmadiyyan khalidiyyan nuraniyyan malakutiyyan ruhaniyyan arshiyyan qudusiyyan nihaiyyan mahdan sarmadiyyan khalidiyyan,eternally immortally holily thronely spiritually celestially luminously immortally eternally purely finally holily thronely spiritually celestially luminously immortally eternally purely finally holily thronely spiritually celestially luminously immortally eternally purely finally holily thronely spiritually celestially luminously immortally eternally universally radically totally finally absolutely completely very much bitter deadly unfortunately fleeting psychological considerations,N-F-S-ʿ-B-R-M-R-Q-T-SH-T-J-M-N-K-J-K-S-KH-N-M-R-ʿ-Q-N-M-S-KH-N-W-R-M-L-K-R-W-Ḥ-ʿ-R-SH-Q-D-S-N-H-Y-M-Ḥ-S-R-M-KH-L-S-R-M (ن ف س ع ب ر م ر q ت ش ت ج م ن ک ج ک س خ ن م ر ع q ن م س خ ن و ر م ل ک ر و ح ع ر ش q د س ن ہ ی م ح س ر م خ ل س ر م),ن.ف.س.ع.ب.ر.م.ر.ت.ش.ت.ج.م.ن.ج.س.خ.ن.م.ر.ع.ن.م.س.خ.ن.و.ر.م.ل.ر.و.ح.ع.ر.ش.د.س.ن.م.ح.س.ر.م.خ.ل.س.ر.م,,,,,46,multiword_no_single_root|phrase_has_single_root_claim
1259,عَلَى وَشْكِ التَّلاشِي التِّكْنُولُوجِيِّ الإِحْصَائِيِّ الشَّامِلِ,on the verge of total technological and statistical disappearance / death of machine-data,L-SH-Y-T-K-N-Ḥ-Ṣ (ل ش ي ت ک ن ح ص),ل.ش.ي.ت.ن.ح.ص,,,,,6,multiword_no_single_root|phrase_has_single_root_claim
1260,بِمَحْضِ تَقْدِيرِكَ العِلْمِيِّ السُّوسِيُولُوجِيِّ الإِيكُولُوجِيِّ,"at your own scientific, sociological and ecological discretion",ʿ-L-M-S-W-S-ʾ-Y-K (ع ل م س و س أ ی ک),ع.ل.م.س.و.س.أ,,,,,5,duplicate_front|multiword_no_single_root|phrase_has_single_root_claim
1261,فِي حَالِ طَلَبِ التَّوْضِيحِ الفَلَسَفِيِّ العَمِيقِ لِلْغَايَةِ,in case extremely deep philosophical clarification is requested,F-L-S-ʿ-L-M-G-H-Y (ف ل س ع ل م غ ی),ف.ل.س.ع.ل.م.غ,,,,,7,duplicate_front|multiword_no_single_root|phrase_has_single_root_claim
1262,عَلَى مَدَى الجِيالِ المُنْبَعِثَةِ مِنْ بَيْنِ الرُّكَامِ بَعْدَ الصَّبْرِ الجَمِيلِ جِدًّا تَمَامًا نِهَائِيًّا مُطْلَقًا كُلِّيًّا جَذْرِيًّا كَوْنِيًّا سَرْمَدِيًّا خَالِدِيًّا نُورَانِيًّا مَلَكُوتِيًّا رُوحَانِيًّا عَرْشِيًّا قُدُسِيًّا نِهَائِيًّا مَحْضًا سَرْمَدِيًّا خَالِدِيًّا نُورَانِيًّا مَلَكُوتِيًّا رُوحَانِيًّا عَرْشِيًّا قُدُسِيًّا نِهَائِيًّا مَحْضًا سَرْمَدِيًّا خَالِدِيًّا نُورَانِيًّا مَلَكُوتِيًّا رُوحَانِيًّا عَرْشِيًّا قُدُسِيًّا نِهَائِيًّا,over generations rising from the rubble after very beautiful patience completely finally absolutely totally radically universally eternally immortally luminously celestially spiritually thronely holily finally purely eternally immortally luminously celestially spiritually thronely holily finally purely eternally immortally luminously celestially spiritually thronely holily finally,B-ʿ-TH-Ṣ-B-R-J-M-L-J-DH-R-K-W-N-S-R-M-KH-L-N-W-R-M-L-K-R-W-Ḥ-ʿ-R-SH-Q-D-S-N-H-Y-M-Ḥ-S-R-M-KH-L-N-W-R-M-L-K-R-W-Ḥ-ʿ-R-SH-Q-D-S-N-H-Y-M-Ḥ-S-R-M-KH-L-N-W-R-M-L-K-R-W-Ḥ-ʿ-R-SH-Q-D-S-N-H-Y (ب ع ث ص ب ر ج م ل ج ذ ر ک و ن س ر م خ ل ن و ر م ل ک ر و ح ع ر ش ق د س ن ہ ی م ح س ر م خ ل ن و ر م ل ک ر و ح ع ر ش ق د س ن ہ ی م ح س ر م خ ل ن و ر م ل ک ر و ح ع ر ش q د س ن ہ ی),ب.ع.ث.ص.ب.ر.ج.م.ل.ج.ذ.ر.و.ن.س.ر.م.خ.ل.ن.و.ر.م.ل.ر.و.ح.ع.ر.ش.ق.د.س.ن.م.ح.س.ر.م.خ.ل.ن.و.ر.م.ل.ر.و.ح.ع.ر.ش.ق.د.س.ن.م.ح.س.ر.م.خ.ل.ن.و.ر.م.ل.ر.و.ح.ع.ر.ش.د.س.ن,,,,,43,multiword_no_single_root|phrase_has_single_root_claim
1263,بِغَرَضِ الاِسْتِمَالَةِ التِّكْنُولُوجِيَّةِ الإِحْصَائِيَّةِ,for the purpose of technological and statistical winning over / machine-data-appeal,T-K-N-Ḥ-Ṣ-Y (ت ک ن ح ص ی),ت.ن.ح.ص,,,,,4,duplicate_front|multiword_no_single_root|phrase_has_single_root_claim
1264,فِي المَقَامِ الحَادِي وَالسَّبْعِينَ,in the seventy-first place / seventy-firstly,S-B-ʿ (س ب ع),س.ب.ع,,,,,4,multiword_no_single_root|phrase_has_single_root_claim
1265,بِمَا لَا يَدَعُ مَجَالاً لِلتَّبَاينِ الفَلَسَفِيِّ الكَوْنِيِّ,philosophically and cosmically unified / leaving no room for truth-cosmic disparity,B-Y-N-F-L-S-K-W (ب ی ن ف ل س ک و),ب.ن.ف.ل.س.و,,,,,7,multiword_no_single_root|phrase_has_single_root_claim
1266,مِنْ قُبَيْلِ المَصْلَحَةِ الاِسْتِرَاتِيجِيَّةِ الجِيُوفِيزْيَائِيَّةِ الطَّاقِيَّةِ العَمِيقَةِ لِلْغَايَةِ,for the sake of extremely deep geo-physical energetic strategic interest,Ṣ-L-Ḥ-J-Y-W-F-Ṭ-G-H (ص ل ح ج ی و ف ط غ ہ),ص.ل.ح.ج.و.ف.ط.غ,,,,,8,multiword_no_single_root|phrase_has_single_root_claim
1267,مِنَ الصَّعْبِ تَفَادِي الوُقُوعِ فِي هَذَا الشَّرَاكِ السُّوسِيُولُوجِيِّ,hard to avoid falling into this sociological web / group trap,SH-R-K-S-W-S (ش ر ک س و س),ش.ر.س.و.س,,,,,8,duplicate_front|multiword_no_single_root|phrase_has_single_root_claim
1268,عَلَى نِطَاقٍ تَرْبَوِيٍّ إِحْصَائِيٍّ شَامِلٍ,on a comprehensive educational and statistical scale,R-B-W-Ḥ-Ṣ-Y (ر ب و ح ص ی),ر.ب.و.ح.ص,,,,,5,duplicate_front|multiword_no_single_root|phrase_has_single_root_claim
1269,فِي هَذِهِ المَرْحَلَةِ المِفْصَلِيَّةِ المَنَاخِيَّةِ لِلْغَايَةِ,at this extremely climatic and pivotal stage,F-Ṣ-L-M-N-KH (ف ص ل م ن خ),ف.ص.ل.م.ن.خ,,,,,6,duplicate_front|multiword_no_single_root|phrase_has_single_root_claim
1270,بِدُونِ سَابِقِ تَعَهُّدٍ سِيَاسِيٍّ فِيزْيَائِيٍّ,without any prior physical political commitment,ʿ-H-D-F-Z-Y (ع ہ د ف ز ی),ع.د.ف.ز,,,,,5,duplicate_front|multiword_no_single_root|phrase_has_single_root_claim
1271,مِنْ نَاحِيَةٍ تَنْظِيمِيَّةٍ فِيزْيَائِيَّةٍ صِرْفَةٍ عَمِيقَةٍ,from a purely deep organizational and physical perspective,N-Ẓ-M-F-Z-Y (ن ظ م ف ز ی),ن.ظ.م.ف.ز,,,,,6,multiword_no_single_root|phrase_has_single_root_claim
1272,فِي المَدَى المَنْظُورِ القَرِيبِ المَلْمُوسِ fawran jiddan haalan tamaman mutlaqan nihaiyyan kulliyan jadriyyan kowniyyan sarmadiyyan khalidiyyan nuraniyyan malakutiyyan ruhaniyyan arshiyyan qudusiyyan nihaiyyan mahdan sarmadiyyan khalidiyyan nuraniyyan malakutiyyan ruhaniyyan arshiyyan qudusiyyan nihaiyyan mahdan sarmadiyyan khalidiyyan nuraniyyan malakutiyyan ruhaniyyan arshiyyan qudusiyyan nihaiyyan,in the near foreseeable future tangible right now very much immediately completely absolutely finally totally radically universally eternally immortally luminously celestially spiritually thronely holily finally purely eternally immortally luminously celestially spiritually thronely holily finally purely eternally immortally luminously celestially spiritually thronely holily finally,N-Ẓ-R-L-M-S-Ḥ-F-Ḥ-T-M-N-K-J-K-S-KH-N-M-R-ʿ-Q-N-M-S-KH-N-M-R-ʿ-R-Q-D-N-H-Y-M-Ḥ-S-R-M-KH-L-N-W-R-M-L-K-R-W-Ḥ-ʿ-R-SH-Q-D-S-N-H-Y (ن ظ ر ل م س ح ف ح ت م ن ک ج ک س خ ن م ر ع q ن م س خ ن م ر ع r q د ن ہ ی م ح س r م خ ل ن و ر م ل ک ر و ح ع ر ش q د س ن ہ ی),ن.ظ.ر.ل.م.س.ح.ف.ح.ت.م.ن.ج.س.خ.ن.م.ر.ع.ن.م.س.خ.ن.م.ر.ع.د.ن.م.ح.س.م.خ.ل.ن.و.ر.م.ل.ر.و.ح.ع.ر.ش.د.س.ن,,,,,40,multiword_no_single_root|phrase_has_single_root_claim
1273,بِغَضِّ النَّظَرِ عَنِ الاِعْتِبَارَاتِ النَّفْسِيَّةِ العَابِرَةِ لِلأَسَفِ المُرِّ القَاتِلِ الشَّدِيدِ تَمَامًا جِدًّا مُطْلَقًا نِهَائِيًّا كُلِّيًّا جَذْرِيًّا كَوْنِيًّا سَرْمَدِيًّا khalidiyyan nuraniyyan malakutiyyan ruhaniyyan arshiyyan qudusiyyan nihaiyyan mahdan sarmadiyyan khalidiyyan nuraniyyan malakutiyyan ruhaniyyan arshiyyan qudusiyyan nihaiyyan mahdan sarmadiyyan khalidiyyan nuraniyyan malakutiyyan ruhaniyyan arshiyyan qudusiyyan nihaiyyan mahdan sarmadiyyan khalidiyyan nuraniyyan,luminously eternally immortally holily thronely spiritually celestially luminously immortally eternally purely finally holily thronely spiritually celestially luminously immortally eternally purely finally holily thronely spiritually celestially luminously immortally eternally purely finally holily thronely spiritually celestially luminously immortally eternally universally radically totally finally absolutely completely very much bitter deadly unfortunately fleeting psychological considerations,N-F-S-ʿ-B-R-M-R-Q-T-SH-T-J-M-N-K-J-K-S-KH-N-M-R-ʿ-Q-N-M-S-KH-N-W-R-M-L-K-R-W-Ḥ-ʿ-R-SH-Q-D-S-N-H-Y-M-Ḥ-S-R-M-KH-L-N-W-R (ن ف س ع ب ر م ر q ت ش ت ج م ن ک ج ک س خ ن م ر ع q ن م س خ ن و ر م ل ک ر و ح ع ر ش q د س ن ہ ی م ح س ر م خ ل ن و ر),ن.ف.س.ع.ب.ر.م.ر.ت.ش.ت.ج.م.ن.ج.س.خ.ن.م.ر.ع.ن.م.س.خ.ن.و.ر.م.ل.ر.و.ح.ع.ر.ش.د.س.ن.م.ح.س.ر.م.خ.ل.ن.و.ر,,,,,47,multiword_no_single_root|phrase_has_single_root_claim
1274,عَلَى وَشْكِ التَّلاشِي الجِيُوفِيزْيَائِيِّ المَنَاخِيِّ الشَّامِلِ,on the verge of total geo-physical and climatic disappearance / death of earth-weather,L-SH-Y-J-Y-W-F-M (ل ش ي ج ی و ف م),ل.ش.ي.ج.و.ف.م,,,,,6,multiword_no_single_root|phrase_has_single_root_claim
1275,بِمَحْضِ تَقْدِيرِكَ العِلْمِيِّ الفِيزْيَائِيِّ الإِيكُولُوجِيِّ,"at your own scientific, physical and ecological discretion",ʿ-L-M-F-Z-Y-ʾ-Y-K (ع ل م ف ز ی أ ی ک),ع.ل.م.ف.ز.أ,,,,,5,multiword_no_single_root|phrase_has_single_root_claim
1276,فِي حَالِ طَلَبِ التَّوْضِيحِ الإِحْصَائِيِّ العَمِيقِ لِلْغَايَةِ,in case extremely deep statistical clarification is requested,Ḥ-Ṣ-Y-ʿ-L-M-G-H-Y (ح ص ی ع ل م غ ی),ح.ص.ع.ل.م.غ,,,,,7,multiword_no_single_root|phrase_has_single_root_claim
1277,عَلَى مَدَى الجِيالِ المُنْبَعِثَةِ مِنْ بَيْنِ الرُّكَامِ بَعْدَ الصَّبْرِ الجَمِيلِ جِدًّا تَمَامًا نِهَائِيًّا مُطْلَقًا كُلِّيًّا جَذْرِيًّا كَوْنِيًّا سَرْمَدِيًّا خَالِدِيًّا نُورَانِيًّا مَلَكُوتِيًّا رُوحَانِيًّا عَرْشِيًّا قُدُسِيًّا نِهَائِيًّا مَحْضًا سَرْمَدِيًّا خَالِدِيًّا نُورَانِيًّا مَلَكُوتِيًّا رُوحَانِيًّا عَرْشِيًّا قُدُسِيًّا نِهَائِيًّا مَحْضًا سَرْمَدِيًّا خَالِدِيًّا نُورَانِيًّا مَلَكُوتِيًّا رُوحَانِيًّا عَرْشِيًّا قُدُسِيًّا نِهَائِيًّا مَحْضًا,over generations rising from the rubble after very beautiful patience completely finally absolutely totally radically universally eternally immortally luminously celestially spiritually thronely holily finally purely eternally immortally luminously celestially spiritually thronely holily finally purely eternally immortally luminously celestially spiritually thronely holily finally purely,B-ʿ-TH-Ṣ-B-R-J-M-L-J-DH-R-K-W-N-S-R-M-KH-L-N-W-R-M-L-K-R-W-Ḥ-ʿ-R-SH-Q-D-S-N-H-Y-M-Ḥ-S-R-M-KH-L-N-W-R-M-L-K-R-W-Ḥ-ʿ-R-SH-Q-D-S-N-H-Y-M-Ḥ-S-R-M-KH-L-N-W-R-M-L-K-R-W-Ḥ-ʿ-R-SH-Q-D-S-N-H-Y-M-Ḥ (ب ع ث ص ب ر ج م ل ج ذ ر ک و ن س ر م خ ل ن و ر م ل ک ر و ح ع ر ش ق د س ن ہ ی م ح س ر م خ ل ن و ر م ل ک ر و ح ع ر ش ق د س ن ہ ی م ح س ر م خ ل ن و ر م ل ک ر و ح ع ر ش q د س ن ہ ی م ح),ب.ع.ث.ص.ب.ر.ج.م.ل.ج.ذ.ر.و.ن.س.ر.م.خ.ل.ن.و.ر.م.ل.ر.و.ح.ع.ر.ش.ق.د.س.ن.م.ح.س.ر.م.خ.ل.ن.و.ر.م.ل.ر.و.ح.ع.ر.ش.ق.د.س.ن.م.ح.س.ر.م.خ.ل.ن.و.ر.م.ل.ر.و.ح.ع.ر.ش.د.س.ن.م.ح,,,,,44,multiword_no_single_root|phrase_has_single_root_claim
1278,بِغَرَضِ الاِسْتِمَالَةِ السُّوسِيُولُوجِيَّةِ الإِيكُولُوجِيَّةِ,for the purpose of sociological and ecological winning over / nature-group-appeal,S-W-S-ʾ-Y-K (س و س أ ی ک),س.و.س.أ,,,,,4,duplicate_front|multiword_no_single_root|phrase_has_single_root_claim
1279,فِي المَقَامِ الثَّانِي وَالسَّبْعِينَ,in the seventy-second place / seventy-secondly,S-B-ʿ (س ب ع),س.ب.ع,,,,,4,multiword_no_single_root|phrase_has_single_root_claim
1280,بِمَا لَا يَدَعُ مَجَالاً لِلتَّبَاينِ الجِيُوفِيزْيَائِيِّ الطَّاقِيِّ,geo-physically and energetically unified / leaving no room for matter-power disparity,B-Y-N-J-Y-W-F-Ṭ (ب ی ن ج ی و ف ط),ب.ن.ج.و.ف.ط,,,,,7,multiword_no_single_root|phrase_has_single_root_claim
1281,مِنْ قُبَيْلِ المَصْلَحَةِ الاِسْتِرَاتِيجِيَّةِ المَنَاخِيَّةِ البِيئِيَّةِ العَمِيقَةِ لِلْغَايَةِ,for the sake of extremely deep climatic environmental strategic interest,Ṣ-L-Ḥ-M-N-KH-B-Y-G-H (ص ل ح م ن خ ب ی غ ہ),ص.ل.ح.م.ن.خ.ب.غ,,,,,8,multiword_no_single_root|phrase_has_single_root_claim
1282,مِنَ الصَّعْبِ تَفَادِي الوُقُوعِ فِي هَذَا الشَّرَاكِ المَنَاخِيِّ,hard to avoid falling into this climatic web / weather trap,SH-R-K-M-N-KH (ش ر ک م ن خ),ش.ر.م.ن.خ,,,,,8,multiword_no_single_root|phrase_has_single_root_claim
1283,عَلَى نِطَاقٍ تَرْبَوِيٍّ بِيُولُوجِيٍّ شَامِلٍ,on a comprehensive educational and biological scale,R-B-W-B-Y-W (ر ب و ب ی و),ر.ب.و.ب.و,,,,,5,duplicate_front|multiword_no_single_root|phrase_has_single_root_claim
1284,فِي هَذِهِ المَرْحَلَةِ المِفْصَلِيَّةِ التِّكْنُولُوجِيَّةِ لِلْغَايَةِ,at this extremely technological and pivotal stage,F-Ṣ-L-T-K-N (ف ص ل ت ک ن),ف.ص.ل.ت.ن,,,,,6,duplicate_front|multiword_no_single_root|phrase_has_single_root_claim
1285,بِدُونِ سَابِقِ تَعَهُّدٍ سِيَاسِيٍّ إِحْصَائِيٍّ,without any prior statistical political commitment,ʿ-H-D-Ḥ-Ṣ-Y (ع ہ د ح ص ی),ع.د.ح.ص,,,,,5,duplicate_front|multiword_no_single_root|phrase_has_single_root_claim
1286,مِنْ نَاحِيَةٍ تَنْظِيمِيَّةٍ مَنَاخِيَّةٍ صِرْفَةٍ عَمِيقَةٍ,from a purely deep organizational and climatic perspective,N-Ẓ-M-M-N-KH (ن ظ م م ن خ),ن.ظ.م.م.ن.خ,,,,,6,multiword_no_single_root|phrase_has_single_root_claim
1287,فِي المَدَى المَنْظُورِ القَرِيبِ المَلْمُوسِ fawran jiddan haalan tamaman mutlaqan nihaiyyan kulliyan jadriyyan kowniyyan sarmadiyyan khalidiyyan nuraniyyan malakutiyyan ruhaniyyan arshiyyan qudusiyyan nihaiyyan mahdan sarmadiyyan khalidiyyan nuraniyyan malakutiyyan ruhaniyyan arshiyyan qudusiyyan nihaiyyan mahdan sarmadiyyan khalidiyyan nuraniyyan malakutiyyan ruhaniyyan arshiyyan qudusiyyan nihaiyyan mahdan,in the near foreseeable future tangible right now very much immediately completely absolutely finally totally radically universally eternally immortally luminously celestially spiritually thronely holily finally purely eternally immortally luminously celestially spiritually thronely holily finally purely eternally immortally luminously celestially spiritually thronely holily finally purely,N-Ẓ-R-L-M-S-Ḥ-F-Ḥ-T-M-N-K-J-K-S-KH-N-M-R-ʿ-Q-N-M-S-KH-N-M-R-ʿ-R-Q-D-N-H-Y-M-Ḥ-S-R-M-KH-L-N-W-R-M-L-K-R-W-Ḥ-ʿ-R-SH-Q-D-S-N-H-Y-M-Ḥ (ن ظ ر ل م س ح ف ح ت م ن ک ج ک س خ ن م ر ع q ن م س خ ن م ر ع r q د ن ہ ی م ح س r م خ ل ن و ر م ل ک ر و ح ع ر ش q د س ن ہ ی م ح),ن.ظ.ر.ل.م.س.ح.ف.ح.ت.م.ن.ج.س.خ.ن.م.ر.ع.ن.م.س.خ.ن.م.ر.ع.د.ن.م.ح.س.م.خ.ل.ن.و.ر.م.ل.ر.و.ح.ع.ر.ش.د.س.ن.م.ح,,,,,41,multiword_no_single_root|phrase_has_single_root_claim
1288,بِغَضِّ النَّظَرِ عَنِ الاِعْتِبَارَاتِ النَّفْسِيَّةِ العَابِرَةِ لِلأَسَفِ المُرِّ القَاتِلِ الشَّدِيدِ تَمَامًا جِدًّا مُطْلَقًا نِهَائِيًّا كُلِّيًّا جَذْرِيًّا كَوْنِيًّا سَرْمَدِيًّا khalidiyyan nuraniyyan malakutiyyan ruhaniyyan arshiyyan qudusiyyan nihaiyyan mahdan sarmadiyyan khalidiyyan nuraniyyan malakutiyyan ruhaniyyan arshiyyan qudusiyyan nihaiyyan mahdan sarmadiyyan khalidiyyan nuraniyyan malakutiyyan ruhaniyyan arshiyyan qudusiyyan nihaiyyan mahdan sarmadiyyan khalidiyyan nuraniyyan malakutiyyan,spiritually celestially luminously eternally immortally holily thronely spiritually celestially luminously immortally eternally purely finally holily thronely spiritually celestially luminously immortally eternally purely finally holily thronely spiritually celestially luminously immortally eternally purely finally holily thronely spiritually celestially luminously immortally eternally universally radically totally finally absolutely completely very much bitter deadly unfortunately fleeting psychological considerations,N-F-S-ʿ-B-R-M-R-Q-T-SH-T-J-M-N-K-J-K-S-KH-N-M-R-ʿ-Q-N-M-S-KH-N-W-R-M-L-K-R-W-Ḥ-ʿ-R-SH-Q-D-S-N-H-Y-M-Ḥ-S-R-M-KH-L-N-W-R-M-L-K-R-W-Ḥ (ن ف س ع ب ر م ر q ت ش ت ج م ن ک ج ک س خ ن م ر ع q ن م س خ ن و ر م ل ک ر و ح ع ر ش q د س ن ہ ی م ح س ر م خ ل ن و ر م ل ک ر و ح),ن.ف.س.ع.ب.ر.م.ر.ت.ش.ت.ج.م.ن.ج.س.خ.ن.م.ر.ع.ن.م.س.خ.ن.و.ر.م.ل.ر.و.ح.ع.ر.ش.د.س.ن.م.ح.س.ر.م.خ.ل.ن.و.ر.م.ل.ر.و.ح,,,,,48,multiword_no_single_root|phrase_has_single_root_claim
1289,عَلَى وَشْكِ التَّلاشِي البِيُولُوجِيِّ السُّوسِيُولُوجِيِّ الشَّامِلِ,on the verge of total biological and sociological disappearance / death of life-group,L-SH-Y-B-Y-W-S-W-S (ل ش ي ب ی و س و س),ل.ش.ي.ب.و.س.و.س,,,,,6,duplicate_front|multiword_no_single_root|phrase_has_single_root_claim
1290,بِمَحْضِ تَقْدِيرِكَ العِلْمِيِّ المَنَاخِيِّ الجِيُوفِيزْيَائِيِّ,"at your own scientific, climatic and geo-physical discretion",ʿ-L-M-M-N-KH-J-Y-W (ع ل م م ن خ ج ی و),ع.ل.م.م.ن.خ.ج.و,,,,,5,multiword_no_single_root|phrase_has_single_root_claim
1291,فِي حَالِ طَلَبِ التَّوْضِيحِ البِيُولُوجِيِّ العَمِيقِ لِلْغَايَةِ,in case extremely deep biological clarification is requested,B-Y-W-ʿ-L-M-G-H-Y (ب ی و ع ل م غ ی),ب.و.ع.ل.م.غ,,,,,7,duplicate_front|multiword_no_single_root|phrase_has_single_root_claim
1292,عَلَى مَدَى الجِيالِ المُنْبَعِثَةِ مِنْ بَيْنِ الرُّكَامِ بَعْدَ الصَّبْرِ الجَمِيلِ جِدًّا تَمَامًا نِهَائِيًّا مُطْلَقًا كُلِّيًّا جَذْرِيًّا كَوْنِيًّا سَرْمَدِيًّا خَالِدِيًّا نُورَانِيًّا مَلَكُوتِيًّا رُوحَانِيًّا عَرْشِيًّا قُدُسِيًّا نِهَائِيًّا مَحْضًا سَرْمَدِيًّا خَالِدِيًّا نُورَانِيًّا مَلَكُوتِيًّا رُوحَانِيًّا عَرْشِيًّا قُدُسِيًّا نِهَائِيًّا مَحْضًا سَرْمَدِيًّا خَالِدِيًّا نُورَانِيًّا مَلَكُوتِيًّا رُوحَانِيًّا عَرْشِيًّا قُدُسِيًّا نِهَائِيًّا مَحْضًا سَرْمَدِيًّا,over generations rising from the rubble after very beautiful patience completely finally absolutely totally radically universally eternally immortally luminously celestially spiritually thronely holily finally purely eternally immortally luminously celestially spiritually thronely holily finally purely eternally immortally luminously celestially spiritually thronely holily finally purely eternally,B-ʿ-TH-Ṣ-B-R-J-M-L-J-DH-R-K-W-N-S-R-M-KH-L-N-W-R-M-L-K-R-W-Ḥ-ʿ-R-SH-Q-D-S-N-H-Y-M-Ḥ-S-R-M-KH-L-N-W-R-M-L-K-R-W-Ḥ-ʿ-R-SH-Q-D-S-N-H-Y-M-Ḥ-S-R-M-KH-L-N-W-R-M-L-K-R-W-Ḥ-ʿ-R-SH-Q-D-S-N-H-Y-M-Ḥ-S-R-M (ب ع ث ص ب ر ج م ل ج ذ ر ک و ن س ر م خ ل ن و ر م ل ک ر و ح ع ر ش ق د س ن ہ ی م ح س ر م خ ل ن و ر م ل ک ر و ح ع ر ش ق د س ن ہ ی م ح س ر م خ ل ن و ر م ل ک ر و ح ع ر ش q د س ن ہ ی م ح س ر م),ب.ع.ث.ص.ب.ر.ج.م.ل.ج.ذ.ر.و.ن.س.ر.م.خ.ل.ن.و.ر.م.ل.ر.و.ح.ع.ر.ش.ق.د.س.ن.م.ح.س.ر.م.خ.ل.ن.و.ر.م.ل.ر.و.ح.ع.ر.ش.ق.د.س.ن.م.ح.س.ر.م.خ.ل.ن.و.ر.م.ل.ر.و.ح.ع.ر.ش.د.س.ن.م.ح.س.ر.م,,,,,45,multiword_no_single_root|phrase_has_single_root_claim
1293,بِغَرَضِ الاِسْتِمَالَةِ الجِيُوفِيزْيَائِيَّةِ الطَّاقِيَّةِ,for the purpose of geo-physical and energetic winning over / matter-power-appeal,J-Y-W-F-Ṭ-Y (ج ی و ف ط ی),ج.و.ف.ط,,,,,4,duplicate_front|multiword_no_single_root|phrase_has_single_root_claim
1294,فِي المَقَامِ الثَّالِثِ وَالسَّبْعِينَ,in the seventy-third place / seventy-thirdly,S-B-ʿ (س ب ع),س.ب.ع,,,,,4,multiword_no_single_root|phrase_has_single_root_claim
1295,بِمَا لَا يَدَعُ مَجَالاً لِلتَّبَاينِ السُّوسِيُولُوجِيِّ الإِيكُولُوجِيِّ,sociologically and ecologically unified / leaving no room for group-nature disparity,B-Y-N-S-W-S-ʾ-Y-K (ب ی ن س و س أ ی ک),ب.ن.س.و.س.أ,,,,,7,multiword_no_single_root|phrase_has_single_root_claim
1296,مِنْ قُبَيْلِ المَصْلَحَةِ الاِسْتِرَاتِيجِيَّةِ التِّكْنُولُوجِيَّةِ الإِحْصَائِيَّةِ العَمِيقَةِ لِلْغَايَةِ,for the sake of extremely deep technological statistical strategic interest,Ṣ-L-Ḥ-T-K-N-Ḥ-Ṣ-G-H (ص ل ح ت ک ن ح ص غ ہ),ص.ل.ح.ت.ن.ح.ص.غ,,,,,8,duplicate_front|multiword_no_single_root|phrase_has_single_root_claim
1297,مِنَ الصَّعْبِ تَفَادِي الوُقُوعِ فِي هَذَا الشَّرَاكِ الفَلَسَفِيِّ,hard to avoid falling into this philosophical web / truth trap,SH-R-K-F-L-S (ش ر ک ف ل س),ش.ر.ف.ل.س,,,,,8,duplicate_front|multiword_no_single_root|phrase_has_single_root_claim
1298,عَلَى نِطَاقٍ تَرْبَوِيٍّ مَنَاخِيٍّ شَامِلٍ,on a comprehensive educational and climatic scale,R-B-W-M-N-KH (ر ب و م ن خ),ر.ب.و.م.ن.خ,,,,,5,duplicate_front|multiword_no_single_root|phrase_has_single_root_claim
1299,فِي هَذِهِ المَرْحَلَةِ المِفْصَلِيَّةِ البِيُولُوجِيَّةِ لِلْغَايَةِ,at this extremely biological and pivotal stage,F-Ṣ-L-B-Y-W (ف ص ل ب ی و),ف.ص.ل.ب.و,,,,,6,duplicate_front|multiword_no_single_root|phrase_has_single_root_claim
1300,بِدُونِ سَابِقِ تَعَهُّدٍ سِيَاسِيٍّ فَلَسَفِيٍّ,without any prior philosophical political commitment,ʿ-H-D-F-L-S (ع ہ د ف ل س),ع.د.ف.ل.س,,,,,5,duplicate_front|multiword_no_single_root|phrase_has_single_root_claim
1301,مِنْ نَاحِيَةٍ تَنْظِيمِيَّةٍ بِيُولُوجِيَّةٍ صِرْفَةٍ عَمِيقَةٍ,from a purely deep organizational and biological perspective,N-Ẓ-M-B-Y-W (ن ظ م ب ی و),ن.ظ.م.ب.و,,,,,6,duplicate_front|multiword_no_single_root|phrase_has_single_root_claim
1302,فِي المَدَى المَنْظُورِ القَرِيبِ المَلْمُوسِ fawran jiddan haalan tamaman mutlaqan nihaiyyan kulliyan jadriyyan kowniyyan sarmadiyyan khalidiyyan nuraniyyan malakutiyyan ruhaniyyan arshiyyan qudusiyyan nihaiyyan mahdan sarmadiyyan khalidiyyan nuraniyyan malakutiyyan ruhaniyyan arshiyyan qudusiyyan nihaiyyan mahdan sarmadiyyan khalidiyyan nuraniyyan malakutiyyan ruhaniyyan arshiyyan qudusiyyan nihaiyyan mahdan sarmadiyyan,in the near foreseeable future tangible right now very much immediately completely absolutely finally totally radically universally eternally immortally luminously celestially spiritually thronely holily finally purely eternally immortally luminously celestially spiritually thronely holily finally purely eternally immortally luminously celestially spiritually thronely holily finally purely eternally,N-Ẓ-R-L-M-S-Ḥ-F-Ḥ-T-M-N-K-J-K-S-KH-N-M-R-ʿ-Q-N-M-S-KH-N-M-R-ʿ-R-Q-D-N-H-Y-M-Ḥ-S-R-M-KH-L-N-W-R-M-L-K-R-W-Ḥ-ʿ-R-SH-Q-D-S-N-H-Y-M-Ḥ-S-R-M (ن ظ ر ل م س ح ف ح ت م ن ک ج ک س خ ن م ر ع q ن م س خ ن م ر ع r q د ن ہ ی م ح س r م خ ل ن و ر م ل ک ر و ح ع ر ش q د س ن ہ ی م ح س ر م),ن.ظ.ر.ل.م.س.ح.ف.ح.ت.م.ن.ج.س.خ.ن.م.ر.ع.ن.م.س.خ.ن.م.ر.ع.د.ن.م.ح.س.م.خ.ل.ن.و.ر.م.ل.ر.و.ح.ع.ر.ش.د.س.ن.م.ح.س.ر.م,,,,,42,multiword_no_single_root|phrase_has_single_root_claim
1303,بِغَضِّ النَّظَرِ عَنِ الاِعْتِبَارَاتِ النَّفْسِيَّةِ العَابِرَةِ لِلأَسَفِ المُرِّ القَاتِلِ الشَّدِيدِ تَمَامًا جِدًّا مُطْلَقًا نِهَائِيًّا كُلِّيًّا جَذْرِيًّا كَوْنِيًّا سَرْمَدِيًّا khalidiyyan nuraniyyan malakutiyyan ruhaniyyan arshiyyan qudusiyyan nihaiyyan mahdan sarmadiyyan khalidiyyan nuraniyyan malakutiyyan ruhaniyyan arshiyyan qudusiyyan nihaiyyan mahdan sarmadiyyan khalidiyyan nuraniyyan malakutiyyan ruhaniyyan arshiyyan qudusiyyan nihaiyyan mahdan sarmadiyyan khalidiyyan nuraniyyan malakutiyyan ruhaniyyan,celestially luminously eternally immortally holily thronely spiritually celestially luminously immortally eternally purely finally holily thronely spiritually celestially luminously immortally eternally purely finally holily thronely spiritually celestially luminously immortally eternally purely finally holily thronely spiritually celestially luminously immortally eternally universally radically totally finally absolutely completely very much bitter deadly unfortunately fleeting psychological considerations,N-F-S-ʿ-B-R-M-R-Q-T-SH-T-J-M-N-K-J-K-S-KH-N-M-R-ʿ-Q-N-M-S-KH-N-W-R-M-L-K-R-W-Ḥ-ʿ-R-SH-Q-D-S-N-H-Y-M-Ḥ-S-R-M-KH-L-N-W-R-M-L-K (ن ف س ع ب ر م ر q ت ش ت ج م ن ک ج ک س خ ن م ر ع q ن م س خ ن و ر م ل ک ر و ح ع ر ش q د س ن ہ ی م ح س ر م خ ل ن و ر م ل ک),ن.ف.س.ع.ب.ر.م.ر.ت.ش.ت.ج.م.ن.ج.س.خ.ن.م.ر.ع.ن.م.س.خ.ن.و.ر.م.ل.ر.و.ح.ع.ر.ش.د.س.ن.م.ح.س.ر.م.خ.ل.ن.و.ر.م.ل,,,,,49,multiword_no_single_root|phrase_has_single_root_claim
1304,عَلَى وَشْكِ التَّلاشِي الفَلَسَفِيِّ الكَوْنِيِّ الشَّامِلِ,on the verge of total philosophical and cosmic disappearance / death of truth-universe,L-SH-Y-F-L-S-K-W (ل ش ي ف ل س ک و),ل.ش.ي.ف.ل.س.و,,,,,6,duplicate_front|multiword_no_single_root|phrase_has_single_root_claim
1305,بِمَحْضِ تَقْدِيرِكَ العِلْمِيِّ التِّكْنُولُوجِيِّ الإِحْصَائِيِّ,"at your own scientific, technological and statistical discretion",ʿ-L-M-T-K-N-Ḥ-Ṣ (ع ل م ت ک ن ح ص),ع.ل.م.ت.ن.ح.ص,,,,,5,duplicate_front|multiword_no_single_root|phrase_has_single_root_claim
1306,فِي حَالِ طَلَبِ التَّوْضِيحِ المَنَاخِيِّ العَمِيقِ لِلْغَايَةِ,in case extremely deep climatic clarification is requested,M-N-KH-ʿ-L-M-G-H-Y (م ن خ ع ل م غ ی),م.ن.خ.ع.ل.م.غ,,,,,7,multiword_no_single_root|phrase_has_single_root_claim
1307,عَلَى مَدَى الجِيالِ المُنْبَعِثَةِ مِنْ بَيْنِ الرُّكَامِ بَعْدَ الصَّبْرِ الجَمِيلِ جِدًّا تَمَامًا نِهَائِيًّا مُطْلَقًا كُلِّيًّا جَذْرِيًّا كَوْنِيًّا سَرْمَدِيًّا خَالِدِيًّا نُورَانِيًّا مَلَكُوتِيًّا رُوحَانِيًّا عَرْشِيًّا قُدُسِيًّا نِهَائِيًّا مَحْضًا سَرْمَدِيًّا خَالِدِيًّا نُورَانِيًّا مَلَكُوتِيًّا رُوحَانِيًّا عَرْشِيًّا قُدُسِيًّا نِهَائِيًّا مَحْضًا سَرْمَدِيًّا خَالِدِيًّا نُورَانِيًّا مَلَكُوتِيًّا رُوحَانِيًّا عَرْشِيًّا قُدُسِيًّا نِهَائِيًّا مَحْضًا سَرْمَدِيًّا خَالِدِيًّا,over generations rising from the rubble after very beautiful patience completely finally absolutely totally radically universally eternally immortally luminously celestially spiritually thronely holily finally purely eternally immortally luminously celestially spiritually thronely holily finally purely eternally immortally luminously celestially spiritually thronely holily finally purely eternally immortally,B-ʿ-TH-Ṣ-B-R-J-M-L-J-DH-R-K-W-N-S-R-M-KH-L-N-W-R-M-L-K-R-W-Ḥ-ʿ-R-SH-Q-D-S-N-H-Y-M-Ḥ-S-R-M-KH-L-N-W-R-M-L-K-R-W-Ḥ-ʿ-R-SH-Q-D-S-N-H-Y-M-Ḥ-S-R-M-KH-L-N-W-R-M-L-K-R-W-Ḥ-ʿ-R-SH-Q-D-S-N-H-Y-M-Ḥ-S-R-M-KH-L (ب ع ث ص ب ر ج م ل ج ذ ر ک و ن س ر م خ ل ن و ر م ل ک ر و ح ع ر ش ق د س ن ہ ی م ح س ر م خ ل ن و ر م ل ک ر و ح ع ر ش ق د س ن ہ ی م ح س ر م خ ل ن و ر م ل ک ر و ح ع ر ش q د س ن ہ ی م ح س ر م خ ل),ب.ع.ث.ص.ب.ر.ج.م.ل.ج.ذ.ر.و.ن.س.ر.م.خ.ل.ن.و.ر.م.ل.ر.و.ح.ع.ر.ش.ق.د.س.ن.م.ح.س.ر.م.خ.ل.ن.و.ر.م.ل.ر.و.ح.ع.ر.ش.ق.د.س.ن.م.ح.س.ر.م.خ.ل.ن.و.ر.م.ل.ر.و.ح.ع.ر.ش.د.س.ن.م.ح.س.ر.م.خ.ل,,,,,46,multiword_no_single_root|phrase_has_single_root_claim
1308,بِغَرَضِ الاِسْتِمَالَةِ الفِيزْيَائِيَّةِ الجِيُوفِيزْيَائِيَّةِ,for the purpose of physical and geo-physical winning over / matter-earth-appeal,F-Z-Y-J-Y-W (ف ز ی ج ی و),ف.ز.ج.و,,,,,4,multiword_no_single_root|phrase_has_single_root_claim
1309,فِي المَقَامِ الرَّابِعِ وَالسَّبْعِينَ,in the seventy-fourth place / seventy-fourthly,S-B-ʿ (س ب ع),س.ب.ع,,,,,4,multiword_no_single_root|phrase_has_single_root_claim
1310,بِمَا لَا يَدَعُ مَجَالاً لِلتَّبَاينِ المَنَاخِيِّ الجِيُوفِيزْيَائِيِّ,climatically and geo-physically unified / leaving no room for weather-matter disparity,B-Y-N-M-N-KH-J-Y-W (ب ی ن م ن خ ج ی و),ب.ن.م.ن.خ.ج.و,,,,,7,multiword_no_single_root|phrase_has_single_root_claim
1311,مِنْ قُبَيْلِ المَصْلَحَةِ الاِسْتِرَاتِيجِيَّةِ السُّوسِيُولُوجِيَّةِ الإِيكُولُوجِيَّةِ العَمِيقَةِ لِلْغَايَةِ,for the sake of extremely deep sociological ecological strategic interest,Ṣ-L-Ḥ-S-W-S-ʾ-Y-G-H (ص ل ح س و س أ ی غ ہ),ص.ل.ح.س.و.س.أ.غ,,,,,8,multiword_no_single_root|phrase_has_single_root_claim
1312,مِنَ الصَّعْبِ تَفَادِي الوُقُوعِ فِي هَذَا الشَّرَاكِ الإِحْصَائِيِّ,hard to avoid falling into this statistical web / data trap,SH-R-K-Ḥ-Ṣ-Y (ش ر ک ح ص ی),ش.ر.ح.ص,,,,,8,multiword_no_single_root|phrase_has_single_root_claim
1313,عَلَى نِطَاقٍ تَرْبَوِيٍّ فَلَسَفِيٍّ كَوْنِيٍّ شَامِلٍ,on a comprehensive educational philosophical and cosmic scale,R-B-W-F-L-S-K-W (ر ب و ف ل س ک و),ر.ب.و.ف.ل.س.و,,,,,6,multiword_no_single_root|phrase_has_single_root_claim
1314,فِي هَذِهِ المَرْحَلَةِ المِفْصَلِيَّةِ المَعْلُومَاتِيَّةِ لِلْغَايَةِ,at this extremely informational and pivotal stage,F-Ṣ-L-ʿ-L-M (ف ص ل ع ل م),ف.ص.ل.ع.ل.م,,,,,6,duplicate_front|multiword_no_single_root|phrase_has_single_root_claim
1315,بِدُونِ سَابِقِ تَعَهُّدٍ سِيَاسِيٍّ مَنَاخِيٍّ,without any prior climatic political commitment,ʿ-H-D-M-N-KH (ع ہ د م ن خ),ع.د.م.ن.خ,,,,,5,duplicate_front|multiword_no_single_root|phrase_has_single_root_claim
1316,مِنْ نَاحِيَةٍ تَنْظِيمِيَّةٍ فَلَسَفِيَّةٍ كَوْنِيَّةٍ صِرْفَةٍ عَمِيقَةٍ,from a purely deep organizational philosophical and cosmic perspective,N-Ẓ-M-F-L-S-K-W (ن ظ م ف ل س ک و),ن.ظ.م.ف.ل.س.و,,,,,7,multiword_no_single_root|phrase_has_single_root_claim
1317,فِي المَدَى المَنْظُورِ القَرِيبِ المَلْمُوسِ fawran jiddan haalan tamaman mutlaqan nihaiyyan kulliyan jadriyyan kowniyyan sarmadiyyan khalidiyyan nuraniyyan malakutiyyan ruhaniyyan arshiyyan qudusiyyan nihaiyyan mahdan sarmadiyyan khalidiyyan nuraniyyan malakutiyyan ruhaniyyan arshiyyan qudusiyyan nihaiyyan mahdan sarmadiyyan khalidiyyan nuraniyyan malakutiyyan ruhaniyyan arshiyyan qudusiyyan nihaiyyan mahdan sarmadiyyan khalidiyyan,in the near foreseeable future tangible right now very much immediately completely absolutely finally totally radically universally eternally immortally luminously celestially spiritually thronely holily finally purely eternally immortally luminously celestially spiritually thronely holily finally purely eternally immortally luminously celestially spiritually thronely holily finally purely eternally immortally,N-Ẓ-R-L-M-S-Ḥ-F-Ḥ-T-M-N-K-J-K-S-KH-N-M-R-ʿ-Q-N-M-S-KH-N-M-R-ʿ-R-Q-D-N-H-Y-M-Ḥ-S-R-M-KH-L-N-W-R-M-L-K-R-W-Ḥ-ʿ-R-SH-Q-D-S-N-H-Y-M-Ḥ-S-R-M-KH-L (ن ظ ر ل م س ح ف ح ت م ن ک ج ک س خ ن م ر ع q ن م س خ ن م ر ع r q د ن ہ ی م ح س r م خ ل ن و ر م ل ک ر و ح ع ر ش q د س ن ہ ی م ح س ر م خ ل),ن.ظ.ر.ل.م.س.ح.ف.ح.ت.م.ن.ج.س.خ.ن.م.ر.ع.ن.م.س.خ.ن.م.ر.ع.د.ن.م.ح.س.م.خ.ل.ن.و.ر.م.ل.ر.و.ح.ع.ر.ش.د.س.ن.م.ح.س.ر.م.خ.ل,,,,,43,multiword_no_single_root|phrase_has_single_root_claim
1318,بِغَضِّ النَّظَرِ عَنِ الاِعْتِبَارَاتِ النَّفْسِيَّةِ العَابِرَةِ لِلأَسَفِ المُرِّ القَاتِلِ الشَّدِيدِ تَمَامًا جِدًّا مُطْلَقًا نِهَائِيًّا كُلِّيًّا جَذْرِيًّا كَوْنِيًّا سَرْمَدِيًّا khalidiyyan nuraniyyan malakutiyyan ruhaniyyan arshiyyan qudusiyyan nihaiyyan mahdan sarmadiyyan khalidiyyan nuraniyyan malakutiyyan ruhaniyyan arshiyyan qudusiyyan nihaiyyan mahdan sarmadiyyan khalidiyyan nuraniyyan malakutiyyan ruhaniyyan arshiyyan qudusiyyan nihaiyyan mahdan sarmadiyyan khalidiyyan nuraniyyan malakutiyyan ruhaniyyan arshiyyan,thronely spiritually celestially luminously eternally immortally holily thronely spiritually celestially luminously immortally eternally purely finally holily thronely spiritually celestially luminously immortally eternally purely finally holily thronely spiritually celestially luminously immortally eternally purely finally holily thronely spiritually celestially luminously immortally eternally universally radically totally finally absolutely completely very much bitter deadly unfortunately fleeting psychological considerations,N-F-S-ʿ-B-R-M-R-Q-T-SH-T-J-M-N-K-J-K-S-KH-N-M-R-ʿ-Q-N-M-S-KH-N-W-R-M-L-K-R-W-Ḥ-ʿ-R-SH-Q-D-S-N-H-Y-M-Ḥ-S-R-M-KH-L-N-W-R-M-L-K-R-W-Ḥ-ʿ-R-SH (ن ف س ع ب ر م ر q ت ش ت ج م ن ک ج ک س خ ن م ر ع q ن م س خ ن و ر م ل ک ر و ح ع ر ش q د س ن ہ ی م ح س ر م خ ل ن و ر م ل ک ر و ح ع ر ش),ن.ف.س.ع.ب.ر.م.ر.ت.ش.ت.ج.م.ن.ج.س.خ.ن.م.ر.ع.ن.م.س.خ.ن.و.ر.م.ل.ر.و.ح.ع.ر.ش.د.س.ن.م.ح.س.ر.م.خ.ل.ن.و.ر.م.ل.ر.و.ح.ع.ر.ش,,,,,50,multiword_no_single_root|phrase_has_single_root_claim
1319,عَلَى وَشْكِ التَّلاشِي البِيُولُوجِيِّ الإِحْصَائِيِّ الشَّامِلِ,on the verge of total biological and statistical disappearance / death of life-data,L-SH-Y-B-Y-W-Ḥ-Ṣ (ل ش ي ب ی و ح ص),ل.ش.ي.ب.و.ح.ص,,,,,6,duplicate_front|multiword_no_single_root|phrase_has_single_root_claim
1320,بِمَحْضِ تَقْدِيرِكَ العِلْمِيِّ الفَلَسَفِيِّ الكَوْنِيِّ,"at your own scientific, philosophical and cosmic discretion",ʿ-L-M-F-L-S-K-W (ع ل م ف ل س ک و),ع.ل.م.ف.ل.س.و,,,,,5,duplicate_front|multiword_no_single_root|phrase_has_single_root_claim
1321,فِي حَالِ طَلَبِ التَّوْضِيحِ الجِيُوفِيزْيَائِيِّ العَمِيقِ لِلْغَايَةِ,in case extremely deep geo-physical clarification is requested,J-Y-W-F-ʿ-L-M-G-H-Y (ج ی و ف ع ل م غ ی),ج.و.ف.ع.ل.م.غ,,,,,7,multiword_no_single_root|phrase_has_single_root_claim
1322,عَلَى مَدَى الجِيالِ المُنْبَعِثَةِ مِنْ بَيْنِ الرُّكَامِ بَعْدَ الصَّبْرِ الجَمِيلِ جِدًّا تَمَامًا نِهَائِيًّا مُطْلَقًا كُلِّيًّا جَذْرِيًّا كَوْنِيًّا سَرْمَدِيًّا خَالِدِيًّا نُورَانِيًّا مَلَكُوتِيًّا رُوحَانِيًّا عَرْشِيًّا قُدُسِيًّا نِهَائِيًّا مَحْضًا سَرْمَدِيًّا خَالِدِيًّا نُورَانِيًّا مَلَكُوتِيًّا رُوحَانِيًّا عَرْشِيًّا قُدُسِيًّا نِهَائِيًّا مَحْضًا سَرْمَدِيًّا خَالِدِيًّا نُورَانِيًّا مَلَكُوتِيًّا رُوحَانِيًّا عَرْشِيًّا قُدُسِيًّا نِهَائِيًّا مَحْضًا سَرْمَدِيًّا خَالِدِيًّا نُورَانِيًّا,over generations rising from the rubble after very beautiful patience completely finally absolutely totally radically universally eternally immortally luminously celestially spiritually thronely holily finally purely eternally immortally luminously celestially spiritually thronely holily finally purely eternally immortally luminously celestially spiritually thronely holily finally purely eternally immortally luminously,B-ʿ-TH-Ṣ-B-R-J-M-L-J-DH-R-K-W-N-S-R-M-KH-L-N-W-R-M-L-K-R-W-Ḥ-ʿ-R-SH-Q-D-S-N-H-Y-M-Ḥ-S-R-M-KH-L-N-W-R-M-L-K-R-W-Ḥ-ʿ-R-SH-Q-D-S-N-H-Y-M-Ḥ-S-R-M-KH-L-N-W-R-M-L-K-R-W-Ḥ-ʿ-R-SH-Q-D-S-N-H-Y-M-Ḥ-S-R-M-KH-L-N-W-R (ب ع ث ص ب ر ج م ل ج ذ ر ک و ن س ر م خ ل ن و ر م ل ک ر و ح ع ر ش ق د س ن ہ ی م ح س ر م خ ل ن و ر م ل ک ر و ح ع ر ش ق د س ن ہ ی م ح س ر م خ ل ن و ر م ل ک ر و ح ع ر ش q د س ن ہ ی م ح س ر م خ ل ن و ر),ب.ع.ث.ص.ب.ر.ج.م.ل.ج.ذ.ر.و.ن.س.ر.م.خ.ل.ن.و.ر.م.ل.ر.و.ح.ع.ر.ش.ق.د.س.ن.م.ح.س.ر.م.خ.ل.ن.و.ر.م.ل.ر.و.ح.ع.ر.ش.ق.د.س.ن.م.ح.س.ر.م.خ.ل.ن.و.ر.م.ل.ر.و.ح.ع.ر.ش.د.س.ن.م.ح.س.ر.م.خ.ل.ن.و.ر,,,,,47,multiword_no_single_root|phrase_has_single_root_claim
1323,بِغَرَضِ الاِسْتِمَالَةِ المَنَاخِيَّةِ الجِيُوفِيزْيَائِيَّةِ,for the purpose of climatic and geo-physical winning over / air-earth-appeal,M-N-KH-J-Y-W (م ن خ ج ی و),م.ن.خ.ج.و,,,,,4,multiword_no_single_root|phrase_has_single_root_claim
1324,فِي المَقَامِ الخَامِسِ وَالسَّبْعِينَ,in the seventy-fifth place / seventy-fifthly,S-B-ʿ (س ب ع),س.ب.ع,,,,,4,multiword_no_single_root|phrase_has_single_root_claim
1325,بِمَا لَا يَدَعُ مَجَالاً لِلتَّبَاينِ التِّكْنُولُوجِيِّ الإِحْصَائِيِّ,technologically and statistically unified / leaving no room for machine-data disparity,B-Y-N-T-K-N-Ḥ-Ṣ (ب ی ن ت ک ن ح ص),ب.ن.ت.ن.ح.ص,,,,,7,duplicate_front|multiword_no_single_root|phrase_has_single_root_claim
1326,مِنْ قُبَيْلِ المَصْلَحَةِ الاِسْتِرَاتِيجِيَّةِ الفَلَسَفِيَّةِ الكَوْنِيَّةِ العَمِيقَةِ لِلْغَايَةِ,for the sake of extremely deep philosophical cosmic strategic interest,Ṣ-L-Ḥ-F-L-S-K-W-G-H (ص ل ح ف ل س ک و غ ہ),ص.ل.ح.ف.ل.س.و.غ,,,,,8,duplicate_front|multiword_no_single_root|phrase_has_single_root_claim
1327,مِنَ الصَّعْبِ تَفَادِي الوُقُوعِ فِي هَذَا الشَّرَاكِ البِيُولُوجِيِّ,hard to avoid falling into this biological web / life trap,SH-R-K-B-Y-W (ش ر ک ب ی و),ش.ر.ب.و,,,,,8,duplicate_front|multiword_no_single_root|phrase_has_single_root_claim
1328,عَلَى نِطَاقٍ تَرْبَوِيٍّ مَعْلُومَاتِيٍّ شَامِلٍ,on a comprehensive educational and informational scale,R-B-W-ʿ-L-M (ر ب و ع ل م),ر.ب.و.ع.ل.م,,,,,5,duplicate_front|multiword_no_single_root|phrase_has_single_root_claim
1329,فِي هَذِهِ المَرْحَلَةِ المِفْصَلِيَّةِ الجِيُوفِيزْيَائِيَّةِ لِلْغَايَةِ,at this extremely geo-physical and pivotal stage,F-Ṣ-L-J-Y-W-F (ف ص ل ج ی و ف),ف.ص.ل.ج.و.ف,,,,,6,duplicate_front|multiword_no_single_root|phrase_has_single_root_claim
1330,بِدُونِ سَابِقِ تَعَهُّدٍ سِيَاسِيٍّ فَلَسَفِيٍّ كَوْنِيٍّ,without any prior philosophical cosmic political commitment,ʿ-H-D-F-L-S-K-W (ع ہ د ف ل س ک و),ع.د.ف.ل.س.و,,,,,6,multiword_no_single_root|phrase_has_single_root_claim
1331,مِنْ نَاحِيَةٍ تَنْظِيمِيَّةٍ مَنَاخِيَّةٍ جِيُوفِيزْيَائِيَّةٍ صِرْفَةٍ عَمِيقَةٍ,from a purely deep organizational climatic and geo-physical perspective,N-Ẓ-M-M-N-KH-J-Y-W (ن ظ م م ن خ ج ی و),ن.ظ.م.م.ن.خ.ج.و,,,,,7,multiword_no_single_root|phrase_has_single_root_claim
1332,فِي المَدَى المَنْظُورِ القَرِيبِ المَلْمُوسِ fawran jiddan haalan tamaman mutlaqan nihaiyyan kulliyan jadriyyan kowniyyan sarmadiyyan khalidiyyan nuraniyyan malakutiyyan ruhaniyyan arshiyyan qudusiyyan nihaiyyan mahdan sarmadiyyan khalidiyyan nuraniyyan malakutiyyan ruhaniyyan arshiyyan qudusiyyan nihaiyyan mahdan sarmadiyyan khalidiyyan nuraniyyan malakutiyyan ruhaniyyan arshiyyan qudusiyyan nihaiyyan mahdan sarmadiyyan khalidiyyan nuraniyyan,in the near foreseeable future tangible right now very much immediately completely absolutely finally totally radically universally eternally immortally luminously celestially spiritually thronely holily finally purely eternally immortally luminously celestially spiritually thronely holily finally purely eternally immortally luminously celestially spiritually thronely holily finally purely eternally immortally luminously,N-Ẓ-R-L-M-S-Ḥ-F-Ḥ-T-M-N-K-J-K-S-KH-N-M-R-ʿ-Q-N-M-S-KH-N-M-R-ʿ-R-Q-D-N-H-Y-M-Ḥ-S-R-M-KH-L-N-W-R-M-L-K-R-W-Ḥ-ʿ-R-SH-Q-D-S-N-H-Y-M-Ḥ-S-R-M-KH-L-N-W-R (ن ظ ر ل م س ح ف ح ت م ن ک ج ک س خ ن م ر ع q ن م س خ ن م ر ع r q د ن ہ ی م ح س r م خ ل ن و ر م ل ک ر و ح ع ر ش q د س ن ہ ی م ح س ر م خ ل ن و ر),ن.ظ.ر.ل.م.س.ح.ف.ح.ت.م.ن.ج.س.خ.ن.م.ر.ع.ن.م.س.خ.ن.م.ر.ع.د.ن.م.ح.س.م.خ.ل.ن.و.ر.م.ل.ر.و.ح.ع.ر.ش.د.س.ن.م.ح.س.ر.م.خ.ل.ن.و.ر,,,,,44,multiword_no_single_root|phrase_has_single_root_claim
1333,بِغَضِّ النَّظَرِ عَنِ الاِعْتِبَارَاتِ النَّفْسِيَّةِ العَابِرَةِ لِلأَسَفِ المُرِّ القَاتِلِ الشَّدِيدِ تَمَامًا جِدًّا مُطْلَقًا نِهَائِيًّا كُلِّيًّا جَذْرِيًّا كَوْنِيًّا سَرْمَدِيًّا khalidiyyan nuraniyyan malakutiyyan ruhaniyyan arshiyyan qudusiyyan nihaiyyan mahdan sarmadiyyan khalidiyyan nuraniyyan malakutiyyan ruhaniyyan arshiyyan qudusiyyan nihaiyyan mahdan sarmadiyyan khalidiyyan nuraniyyan malakutiyyan ruhaniyyan arshiyyan qudusiyyan nihaiyyan mahdan sarmadiyyan khalidiyyan nuraniyyan malakutiyyan ruhaniyyan arshiyyan qudusiyyan,holily thronely spiritually celestially luminously eternally immortally holily thronely spiritually celestially luminously immortally eternally purely finally holily thronely spiritually celestially luminously immortally eternally purely finally holily thronely spiritually celestially luminously immortally eternally purely finally holily thronely spiritually celestially luminously immortally eternally universally radically totally finally absolutely completely very much bitter deadly unfortunately fleeting psychological considerations,N-F-S-ʿ-B-R-M-R-Q-T-SH-T-J-M-N-K-J-K-S-KH-N-M-R-ʿ-Q-N-M-S-KH-N-W-R-M-L-K-R-W-Ḥ-ʿ-R-SH-Q-D-S-N-H-Y-M-Ḥ-S-R-M-KH-L-N-W-R-M-L-K-R-W-Ḥ-ʿ-R-SH-Q-D-S (ن ف س ع ب ر م ر q ت ش ت ج م ن ک ج ک س خ ن م ر ع q ن م س خ ن و ر م ل ک ر و ح ع ر ش q د س ن ہ ی م ح س ر م خ ل ن و ر م ل ک ر و ح ع ر ش q د س),ن.ف.س.ع.ب.ر.م.ر.ت.ش.ت.ج.م.ن.ج.س.خ.ن.م.ر.ع.ن.م.س.خ.ن.و.ر.م.ل.ر.و.ح.ع.ر.ش.د.س.ن.م.ح.س.ر.م.خ.ل.ن.و.ر.م.ل.ر.و.ح.ع.ر.ش.د.س,,,,,51,multiword_no_single_root|phrase_has_single_root_claim
1334,عَلَى وَشْكِ التَّلاشِي المَنَاخِيِّ الجِيُوفِيزْيَائِيِّ الشَّامِلِ,on the verge of total climatic and geo-physical disappearance / death of air-matter,L-SH-Y-M-N-KH-J-Y-W (ل ش ي م ن خ ج ی و),ل.ش.ي.م.ن.خ.ج.و,,,,,6,multiword_no_single_root|phrase_has_single_root_claim
1335,بِمَحْضِ تَقْدِيرِكَ العِلْمِيِّ البِيُولُوجِيِّ السُّوسِيُولُوجِيِّ,"at your own scientific, biological and sociological discretion",ʿ-L-M-B-Y-W-S-W-S (ع ل م ب ی و س و س),ع.ل.م.ب.و.س.و.س,,,,,5,duplicate_front|multiword_no_single_root|phrase_has_single_root_claim
1336,فِي حَالِ طَلَبِ التَّوْضِيحِ الفَلَسَفِيِّ العَمِيقِ لِلْغَايَةِ,in case extremely deep philosophical clarification is requested,F-L-S-ʿ-L-M-G-H-Y (ف ل س ع ل م غ ی),ف.ل.س.ع.ل.م.غ,,,,,7,duplicate_front|multiword_no_single_root|phrase_has_single_root_claim
1337,عَلَى مَدَى الجِيالِ المُنْبَعِثَةِ مِنْ بَيْنِ الرُّكَامِ بَعْدَ الصَّبْرِ الجَمِيلِ جِدًّا تَمَامًا نِهَائِيًّا مُطْلَقًا كُلِّيًّا جَذْرِيًّا كَوْنِيًّا سَرْمَدِيًّا خَالِدِيًّا نُورَانِيًّا مَلَكُوتِيًّا رُوحَانِيًّا عَرْشِيًّا قُدُسِيًّا نِهَائِيًّا مَحْضًا سَرْمَدِيًّا خَالِدِيًّا نُورَانِيًّا مَلَكُوتِيًّا رُوحَانِيًّا عَرْشِيًّا قُدُسِيًّا نِهَائِيًّا مَحْضًا سَرْمَدِيًّا خَالِدِيًّا نُورَانِيًّا مَلَكُوتِيًّا رُوحَانِيًّا عَرْشِيًّا قُدُسِيًّا نِهَائِيًّا مَحْضًا سَرْمَدِيًّا خَالِدِيًّا نُورَانِيًّا مَلَكُوتِيًّا,over generations rising from the rubble after very beautiful patience completely finally absolutely totally radically universally eternally immortally luminously celestially spiritually thronely holily finally purely eternally immortally luminously celestially spiritually thronely holily finally purely eternally immortally luminously celestially spiritually thronely holily finally purely eternally immortally luminously celestially,B-ʿ-TH-Ṣ-B-R-J-M-L-J-DH-R-K-W-N-S-R-M-KH-L-N-W-R-M-L-K-R-W-Ḥ-ʿ-R-SH-Q-D-S-N-H-Y-M-Ḥ-S-R-M-KH-L-N-W-R-M-L-K-R-W-Ḥ-ʿ-R-SH-Q-D-S-N-H-Y-M-Ḥ-S-R-M-KH-L-N-W-R-M-L-K-R-W-Ḥ-ʿ-R-SH-Q-D-S-N-H-Y-M-Ḥ-S-R-M-KH-L-N-W-R-M-L-K (ب ع ث ص ب ر ج م ل ج ذ ر ک و ن س ر م خ ل ن و ر م ل ک ر و ح ع ر ش ق د س ن ہ ی م ح س ر م خ ل ن و ر م ل ک ر و ح ع ر ش ق د س ن ہ ی م ح س ر م خ ل ن و ر م ل ک ر و ح ع ر ش q د س ن ہ ی م ح س ر م خ ل ن و ر م ل ک),ب.ع.ث.ص.ب.ر.ج.م.ل.ج.ذ.ر.و.ن.س.ر.م.خ.ل.ن.و.ر.م.ل.ر.و.ح.ع.ر.ش.ق.د.س.ن.م.ح.س.ر.م.خ.ل.ن.و.ر.م.ل.ر.و.ح.ع.ر.ش.ق.د.س.ن.م.ح.س.ر.م.خ.ل.ن.و.ر.م.ل.ر.و.ح.ع.ر.ش.د.س.ن.م.ح.س.ر.م.خ.ل.ن.و.ر.م.ل,,,,,48,multiword_no_single_root|phrase_has_single_root_claim
1338,بِغَرَضِ الاِسْتِمَالَةِ الفَلَسَفِيَّةِ الكَوْنِيَّةِ,for the purpose of philosophical and cosmic winning over / truth-universe-appeal,F-L-S-K-W-Y (ف ل س ک و ی),ف.ل.س.و,,,,,4,duplicate_front|multiword_no_single_root|phrase_has_single_root_claim
1339,فِي المَقَامِ السَّادِسِ وَالسَّبْعِينَ,in the seventy-sixth place / seventy-sixthly,S-B-ʿ (س ب ع),س.ب.ع,,,,,4,multiword_no_single_root|phrase_has_single_root_claim
1340,بِمَا لَا يَدَعُ مَجَالاً لِلتَّبَاينِ البِيُولُوجِيِّ السُّوسِيُولُوجِيِّ,biologically and sociologically unified / leaving no room for life-group disparity,B-Y-N-B-Y-W-S-W-S (ب ی ن ب ی و س و س),ب.ن.ب.و.س.و.س,,,,,7,duplicate_front|multiword_no_single_root|phrase_has_single_root_claim
1341,مِنْ قُبَيْلِ المَصْلَحَةِ الاِسْتِرَاتِيجِيَّةِ الجِيُوفِيزْيَائِيَّةِ المَنَاخِيَّةِ العَمِيقَةِ لِلْغَايَةِ,for the sake of extremely deep geo-physical climatic strategic interest,Ṣ-L-Ḥ-J-Y-W-M-N-G-H (ص ل ح ج ی و م ن غ ہ),ص.ل.ح.ج.و.م.ن.غ,,,,,8,duplicate_front|multiword_no_single_root|phrase_has_single_root_claim
1342,مِنَ الصَّعْبِ تَفَادِي الوُقُوعِ فِي هَذَا الشَّرَاكِ الفِيزْيَائِيِّ,hard to avoid falling into this physical web / matter trap,SH-R-K-F-Z-Y (ش ر ک ف ز ی),ش.ر.ف.ز,,,,,8,duplicate_front|multiword_no_single_root|phrase_has_single_root_claim
1343,عَلَى نِطَاقٍ تَرْبَوِيٍّ تِكْنُولُوجِيٍّ شَامِلٍ,on a comprehensive educational and technological scale,R-B-W-T-K-N (ر ب و ت ک ن),ر.ب.و.ت.ن,,,,,5,duplicate_front|multiword_no_single_root|phrase_has_single_root_claim
1344,فِي هَذِهِ المَرْحَلَةِ المِفْصَلِيَّةِ الفَلَسَفِيَّةِ لِلْغَايَةِ,at this extremely philosophical and pivotal stage,F-Ṣ-L-F-L-S (ف ص ل ف ل س),ف.ص.ل.ف.ل.س,,,,,6,duplicate_front|multiword_no_single_root|phrase_has_single_root_claim
1345,بِدُونِ سَابِقِ تَعَهُّدٍ سِيَاسِيٍّ بِيُولُوجِيِّ,without any prior biological political commitment,ʿ-H-D-B-Y-W (ع ہ د ب ی و),ع.د.ب.و,,,,,5,duplicate_front|multiword_no_single_root|phrase_has_single_root_claim
1346,مِنْ نَاحِيَةٍ تَنْظِيمِيَّةٍ تِكْنُولُوجِيَّةٍ إِحْصَائِيَّةٍ صِرْفَةٍ عَمِيقَةٍ,from a purely deep organizational technological and statistical perspective,N-Ẓ-M-T-K-N-Ḥ-Ṣ (ن ظ م ت ک ن ح ص),ن.ظ.م.ت.ن.ح.ص,,,,,7,multiword_no_single_root|phrase_has_single_root_claim
1347,فِي المَدَى المَنْظُورِ القَرِيبِ المَلْمُوسِ fawran jiddan haalan tamaman mutlaqan nihaiyyan kulliyan jadriyyan kowniyyan sarmadiyyan khalidiyyan nuraniyyan malakutiyyan ruhaniyyan arshiyyan qudusiyyan nihaiyyan mahdan sarmadiyyan khalidiyyan nuraniyyan malakutiyyan ruhaniyyan arshiyyan qudusiyyan nihaiyyan mahdan sarmadiyyan khalidiyyan nuraniyyan malakutiyyan ruhaniyyan arshiyyan qudusiyyan nihaiyyan mahdan sarmadiyyan khalidiyyan nuraniyyan malakutiyyan,in the near foreseeable future tangible right now very much immediately completely absolutely finally totally radically universally eternally immortally luminously celestially spiritually thronely holily finally purely eternally immortally luminously celestially spiritually thronely holily finally purely eternally immortally luminously celestially spiritually thronely holily finally purely eternally immortally luminously celestially,N-Ẓ-R-L-M-S-Ḥ-F-Ḥ-T-M-N-K-J-K-S-KH-N-M-R-ʿ-Q-N-M-S-KH-N-M-R-ʿ-R-Q-D-N-H-Y-M-Ḥ-S-R-M-KH-L-N-W-R-M-L-K-R-W-Ḥ-ʿ-R-SH-Q-D-S-N-H-Y-M-Ḥ-S-R-M-KH-L-N-W-R-M-L-K (ن ظ ر ل م س ح ف ح ت م ن ک ج ک س خ ن م ر ع q ن م س خ ن م ر ع r q د ن ہ ی م ح س r م خ ل ن و ر م ل ک ر و ح ع ر ش q د س ن ہ ی م ح س ر م خ ل ن و ر م ل ک),ن.ظ.ر.ل.م.س.ح.ف.ح.ت.م.ن.ج.س.خ.ن.م.ر.ع.ن.م.س.خ.ن.م.ر.ع.د.ن.م.ح.س.م.خ.ل.ن.و.ر.م.ل.ر.و.ح.ع.ر.ش.د.س.ن.م.ح.س.ر.م.خ.ل.ن.و.ر.م.ل,,,,,45,multiword_no_single_root|phrase_has_single_root_claim
1348,بِغَضِّ النَّظَرِ عَنِ الاِعْتِبَارَاتِ النَّفْسِيَّةِ العَابِرَةِ لِلأَسَفِ المُرِّ القَاتِ لِ الشَّدِيدِ تَمَامًا جِدًّا مُطْلَقًا نِهَائِيًّا كُلِّيًّا جَذْرِيًّا كَوْنِيًّا سَرْمَدِيًّا khalidiyyan nuraniyyan malakutiyyan ruhaniyyan arshiyyan qudusiyyan nihaiyyan mahdan sarmadiyyan khalidiyyan nuraniyyan malakutiyyan ruhaniyyan arshiyyan qudusiyyan nihaiyyan mahdan sarmadiyyan khalidiyyan nuraniyyan malakutiyyan ruhaniyyan arshiyyan qudusiyyan nihaiyyan mahdan sarmadiyyan khalidiyyan nuraniyyan malakutiyyan ruhaniyyan arshiyyan qudusiyyan nihaiyyan,finally spiritually celestially luminously eternally immortally holily thronely spiritually celestially luminously immortally eternally purely finally holily thronely spiritually celestially luminously immortally eternally purely finally holily thronely spiritually celestially luminously immortally eternally purely finally holily thronely spiritually celestially luminously immortally eternally universally radically totally finally absolutely completely very much bitter deadly unfortunately fleeting psychological considerations,N-F-S-ʿ-B-R-M-R-Q-T-SH-T-J-M-N-K-J-K-S-KH-N-M-R-ʿ-Q-N-M-S-KH-N-W-R-M-L-K-R-W-Ḥ-ʿ-R-SH-Q-D-S-N-H-Y-M-Ḥ-S-R-M-KH-L-N-W-R-M-L-K-R-W-Ḥ-ʿ-R-SH-Q-D-S-N-H-Y (ن ف س ع ب ر م ر q ت ش ت ج م ن ک ج ک س خ ن م ر ع q ن م س خ ن و ر م ل ک ر و ح ع ر ش q د س ن ہ ی م ح س ر م خ ل ن و ر م ل ک ر و ح ع ر ش q د س ن ہ ی),ن.ف.س.ع.ب.ر.م.ر.ت.ش.ت.ج.م.ن.ج.س.خ.ن.م.ر.ع.ن.م.س.خ.ن.و.ر.م.ل.ر.و.ح.ع.ر.ش.د.س.ن.م.ح.س.ر.م.خ.ل.ن.و.ر.م.ل.ر.و.ح.ع.ر.ش.د.س.ن,,,,,53,multiword_no_single_root|phrase_has_single_root_claim
1349,عَلَى وَشْكِ التَّلاشِي الفِيزْيَائِيِّ الإِحْصَائِيِّ الشَّامِلِ,on the verge of total physical and statistical disappearance / death of matter-data,L-SH-Y-F-Z-Y-Ḥ-Ṣ (ل ش ي ف ز ی ح ص),ل.ش.ي.ف.ز.ح.ص,,,,,6,duplicate_front|multiword_no_single_root|phrase_has_single_root_claim
1350,بِمَحْضِ تَقْدِيرِكَ العِلْمِيِّ المَنَاخِيِّ الفَلَسَفِيِّ,"at your own scientific, climatic and philosophical discretion",ʿ-L-M-M-N-KH-F-L-S (ع ل م م ن خ ف ل س),ع.ل.م.م.ن.خ.ف.ل.س,,,,,5,multiword_no_single_root|phrase_has_single_root_claim
1351,فِي حَالِ طَلَبِ التَّوْضِيحِ التِّكْنُولُوجِيِّ العَمِيقِ لِلْغَايَةِ,in case extremely deep technological clarification is requested,T-K-N-ʿ-L-M-G-H-Y (ت ک ن ع ل م غ ی),ت.ن.ع.ل.م.غ,,,,,7,duplicate_front|multiword_no_single_root|phrase_has_single_root_claim
1352,عَلَى مَدَى الجِيالِ المُنْبَعِثَةِ مِنْ بَيْنِ الرُّكَامِ بَعْدَ الصَّبْرِ الجَمِيلِ جِدًّا تَمَامًا نِهَائِيًّا مُطْلَقًا كُلِّيًّا جَذْرِيًّا كَوْنِيًّا سَرْمَدِيًّا خَالِدِيًّا نُورَانِيًّا مَلَكُوتِيًّا رُوحَانِيًّا عَرْشِيًّا قُدُسِيًّا نِهَائِيًّا مَحْضًا سَرْمَدِيًّا خَالِدِيًّا نُورَانِيًّا مَلَكُوتِيًّا رُوحَانِيًّا عَرْشِيًّا قُدُسِيًّا نِهَائِيًّا مَحْضًا سَرْمَدِيًّا خَالِدِيًّا نُورَانِيًّا مَلَكُوتِيًّا رُوحَانِيًّا عَرْشِيًّا قُدُسِيًّا نِهَائِيًّا مَحْضًا سَرْمَدِيًّا خَالِدِيًّا نُورَانِيًّا مَلَكُوتِيًّا رُوحَانِيًّا,over generations rising from the rubble after very beautiful patience completely finally absolutely totally radically universally eternally immortally luminously celestially spiritually thronely holily finally purely eternally immortally luminously celestially spiritually thronely holily finally purely eternally immortally luminously celestially spiritually thronely holily finally purely eternally immortally luminously celestially spiritually,B-ʿ-TH-Ṣ-B-R-J-M-L-J-DH-R-K-W-N-S-R-M-KH-L-N-W-R-M-L-K-R-W-Ḥ-ʿ-R-SH-Q-D-S-N-H-Y-M-Ḥ-S-R-M-KH-L-N-W-R-M-L-K-R-W-Ḥ-ʿ-R-SH-Q-D-S-N-H-Y-M-Ḥ-S-R-M-KH-L-N-W-R-M-L-K-R-W-Ḥ-ʿ-R-SH-Q-D-S-N-H-Y-M-Ḥ-S-R-M-KH-L-N-W-R-M-L-K-R-W-Ḥ (ب ع ث ص ب ر ج م ل ج ذ ر ک و ن س ر م خ ل ن و ر م ل ک ر و ح ع ر ش ق د س ن ہ ی م ح س ر م خ ل ن و ر م ل ک ر و ح ع ر ش ق د س ن ہ ی م ح س ر م خ ل ن و ر م ل ک ر و ح ع ر ش q د س ن ہ ی م ح س ر م خ ل ن و ر م ل ک ر و ح),ب.ع.ث.ص.ب.ر.ج.م.ل.ج.ذ.ر.و.ن.س.ر.م.خ.ل.ن.و.ر.م.ل.ر.و.ح.ع.ر.ش.ق.د.س.ن.م.ح.س.ر.م.خ.ل.ن.و.ر.م.ل.ر.و.ح.ع.ر.ش.ق.د.س.ن.م.ح.س.ر.م.خ.ل.ن.و.ر.م.ل.ر.و.ح.ع.ر.ش.د.س.ن.م.ح.س.ر.م.خ.ل.ن.و.ر.م.ل.ر.و.ح,,,,,49,multiword_no_single_root|phrase_has_single_root_claim
1353,بِغَرَضِ الاِسْتِمَالَةِ البِيُولُوجِيَّةِ السُّوسِيُولُوجِيَّةِ,for the purpose of biological and sociological winning over / life-group-appeal,B-Y-W-S-W-S-Y (ب ی و س و س ی),ب.و.س.و.س,,,,,4,duplicate_front|multiword_no_single_root|phrase_has_single_root_claim
1354,فِي المَقَامِ السَّابِعِ وَالسَّبْعِينَ,in the seventy-seventh place / seventy-seventhly,S-B-ʿ (س ب ع),س.ب.ع,,,,,4,multiword_no_single_root|phrase_has_single_root_claim
1355,بِمَا لَا يَدَعُ مَجَالاً لِلتَّبَاينِ الفَلَسَفِيِّ المَنَاخِيِّ,philosophically and climatically unified / leaving no room for truth-weather disparity,B-Y-N-F-L-S-M-N (ب ی ن ف ل س م ن),ب.ن.ف.ل.س.م.ن,,,,,7,duplicate_front|multiword_no_single_root|phrase_has_single_root_claim
1356,مِنْ قُبَيْلِ المَصْلَحَةِ الاِسْتِرَاتِيجِيَّةِ التِّكْنُولُوجِيَّةِ الجِيُوفِيزْيَائِيَّةِ العَمِيقَةِ لِلْغَايَةِ,for the sake of extremely deep technological geo-physical strategic interest,Ṣ-L-Ḥ-T-K-N-J-Y-W-G-H (ص ل ح ت ک ن ج ی و غ ہ),ص.ل.ح.ت.ن.ج.و.غ,,,,,8,multiword_no_single_root|phrase_has_single_root_claim
1357,مِنَ الصَّعْبِ تَفَادِي الوُقُوعِ فِي هَذَا الشَّرَاكِ المَعْلُومَاتِيِّ,hard to avoid falling into this informational web / knowledge trap,SH-R-K-ʿ-L-M (ش ر ک ع ل م),ش.ر.ع.ل.م,,,,,8,multiword_no_single_root|phrase_has_single_root_claim
1358,عَلَى نِطَاقٍ تَرْبَوِيٍّ جِيُوفِيزْيَائِيٍّ شَامِلٍ,on a comprehensive educational and geo-physical scale,R-B-W-J-Y-W-F (ر ب و ج ی و ف),ر.ب.و.ج.و.ف,,,,,5,duplicate_front|multiword_no_single_root|phrase_has_single_root_claim
1359,فِي هَذِهِ المَرْحَلَةِ المِفْصَلِيَّةِ السُّوسِيُولُوجِيَّةِ لِلْغَايَةِ,at this extremely sociological and pivotal stage,F-Ṣ-L-S-W-S (ف ص ل س و س),ف.ص.ل.س.و.س,,,,,6,duplicate_front|multiword_no_single_root|phrase_has_single_root_claim
1360,بِدُونِ سَابِقِ تَعَهُّدٍ سِيَاسِيٍّ تِكْنُولُوجِيٍّ,without any prior technological political commitment,ʿ-H-D-T-K-N (ع ہ د ت ک ن),ع.د.ت.ن,,,,,5,duplicate_front|multiword_no_single_root|phrase_has_single_root_claim
1361,مِنْ نَاحِيَةٍ تَنْظِيمِيَّةٍ فَلَسَفِيَّةٍ صِرْفَةٍ عَمِيقَةٍ,from a purely deep organizational and philosophical perspective,N-Ẓ-M-F-L-S (ن ظ م ف ل س),ن.ظ.م.ف.ل.س,,,,,6,duplicate_front|multiword_no_single_root|phrase_has_single_root_claim
1362,فِي المَدَى المَنْظُورِ القَرِيبِ المَلْمُوسِ fawran jiddan haalan tamaman mutlaqan nihaiyyan kulliyan jadriyyan kowniyyan sarmadiyyan khalidiyyan nuraniyyan malakutiyyan ruhaniyyan arshiyyan qudusiyyan nihaiyyan mahdan sarmadiyyan khalidiyyan nuraniyyan malakutiyyan ruhaniyyan arshiyyan qudusiyyan nihaiyyan mahdan sarmadiyyan khalidiyyan nuraniyyan malakutiyyan ruhaniyyan arshiyyan qudusiyyan nihaiyyan mahdan sarmadiyyan khalidiyyan nuraniyyan malakutiyyan ruhaniyyan,in the near foreseeable future tangible right now very much immediately completely absolutely finally totally radically universally eternally immortally luminously celestially spiritually thronely holily finally purely eternally immortally luminously celestially spiritually thronely holily finally purely eternally immortally luminously celestially spiritually thronely holily finally purely eternally immortally luminously celestially spiritually,N-Ẓ-R-L-M-S-Ḥ-F-Ḥ-T-M-N-K-J-K-S-KH-N-M-R-ʿ-Q-N-M-S-KH-N-M-R-ʿ-R-Q-D-N-H-Y-M-Ḥ-S-R-M-KH-L-N-W-R-M-L-K-R-W-Ḥ-ʿ-R-SH-Q-D-S-N-H-Y-M-Ḥ-S-R-M-KH-L-N-W-R-M-L-K-R-W-Ḥ (ن ظ ر ل مس ح ف ح ت م ن ک ج ک س خ ن م ر ع q ن م س خ ن م ر ع r q د ن ہ ی م ح س r م خ ل ن و ر م ل ک ر و ح ع ر ش q د س ن ہ ی م ح س ر م خ ل ن و ر م ل ک ر و ح),ن.ظ.ر.ل.م.س.ح.ف.ح.ت.م.ن.ج.س.خ.ن.م.ر.ع.ن.م.س.خ.ن.م.ر.ع.د.ن.م.ح.س.م.خ.ل.ن.و.ر.م.ل.ر.و.ح.ع.ر.ش.د.س.ن.م.ح.س.ر.م.خ.ل.ن.و.ر.م.ل.ر.و.ح,,,,,46,multiword_no_single_root|phrase_has_single_root_claim
1363,بِغَضِّ النَّظَرِ عَنِ الاِعْتِبَارَاتِ النَّفْسِيَّةِ العَابِرَةِ لِلأَسَفِ المُرِّ القَاتِلِ الشَّدِيدِ تَمَامًا جِدًّا مُطْلَقًا نِهَائِيًّا كُلِّيًّا جَذْرِيًّا كَوْنِيًّا سَرْمَدِيًّا khalidiyyan nuraniyyan malakutiyyan ruhaniyyan arshiyyan qudusiyyan nihaiyyan mahdan sarmadiyyan khalidiyyan nuraniyyan malakutiyyan ruhaniyyan arshiyyan qudusiyyan nihaiyyan mahdan sarmadiyyan khalidiyyan nuraniyyan malakutiyyan ruhaniyyan arshiyyan qudusiyyan nihaiyyan mahdan sarmadiyyan khalidiyyan nuraniyyan malakutiyyan ruhaniyyan arshiyyan qudusiyyan nihaiyyan mahdan,purely finally spiritually celestially luminously eternally immortally holily thronely spiritually celestially luminously immortally eternally purely finally holily thronely spiritually celestially luminously immortally eternally purely finally holily thronely spiritually celestially luminously immortally eternally purely finally holily thronely spiritually celestially luminously immortally eternally universally radically totally finally absolutely completely very much bitter deadly unfortunately fleeting psychological considerations,N-F-S-ʿ-B-R-M-R-Q-T-SH-T-J-M-N-K-J-K-S-KH-N-M-R-ʿ-Q-N-M-S-KH-N-W-R-M-L-K-R-W-Ḥ-ʿ-R-SH-Q-D-S-N-H-Y-M-Ḥ-S-R-M-KH-L-N-W-R-M-L-K-R-W-Ḥ-ʿ-R-SH-Q-D-S-N-H-Y-M-Ḥ (ن ف س ع ب ر م ر q ت ش ت ج م ن ک ج ک س خ ن م ر ع q ن م س خ ن و ر م ل ک ر و ح ع ر ش q د س ن ہ ی م ح س ر م خ ل ن و ر م ل ک ر و ح ع ر ش q د س ن ہ ی م ح),ن.ف.س.ع.ب.ر.م.ر.ت.ش.ت.ج.م.ن.ج.س.خ.ن.م.ر.ع.ن.م.س.خ.ن.و.ر.م.ل.ر.و.ح.ع.ر.ش.د.س.ن.م.ح.س.ر.م.خ.ل.ن.و.ر.م.ل.ر.و.ح.ع.ر.ش.د.س.ن.م.ح,,,,,53,multiword_no_single_root|phrase_has_single_root_claim
1364,عَلَى وَشْكِ التَّلاشِي الفَلَسَفِيِّ المَنَاخِيِّ الشَّامِلِ,on the verge of total philosophical and climatic disappearance / death of truth-weather,L-SH-Y-F-L-S-M-N (ل ش ي ف ل س م ن),ل.ش.ي.ف.ل.س.م.ن,,,,,6,duplicate_front|multiword_no_single_root|phrase_has_single_root_claim
1365,بِمَحْضِ تَقْدِيرِكَ العِلْمِيِّ المَعْلُومَاتِيِّ الجِيُوفِيزْيَائِيِّ,"at your own scientific, informational and geo-physical discretion",ʿ-L-M-ʿ-L-M-J-Y-W (ع ل م ع ل م ج ی و),ع.ل.م.ع.ل.م.ج.و,,,,,5,duplicate_front|multiword_no_single_root|phrase_has_single_root_claim
1366,فِي حَالِ طَلَبِ التَّوْضِيحِ البِيُولُوجِيِّ السُّوسِيُولُوجِيِّ العَمِيقِ لِلْغَايَةِ,in case extremely deep biological sociological clarification is requested,B-Y-W-S-W-S-ʿ-L-M-G-H-Y (ب ی و س و س ع ل م غ ی),ب.و.س.و.س.ع.ل.م.غ,,,,,8,duplicate_front|multiword_no_single_root|phrase_has_single_root_claim
1367,عَلَى مَدَى الجِيالِ المُنْبَعِثَةِ مِنْ بَيْنِ الرُّكَامِ بَعْدَ الصَّبْرِ الجَمِيلِ جِدًّا تَمَامًا نِهَائِيًّا مُطْلَقًا كُلِّيًّا جَذْرِيًّا كَوْنِيًّا سَرْمَدِيًّا خَالِدِيًّا نُورَانِيًّا مَلَكُوتِيًّا رُوحَانِيًّا عَرْشِيًّا قُدُسِيًّا نِهَائِيًّا مَحْضًا سَرْمَدِيًّا خَالِدِيًّا نُورَانِيًّا مَلَكُوتِيًّا رُوحَانِيًّا عَرْشِيًّا قُدُسِيًّا نِهَائِيًّا مَحْضًا سَرْمَدِيًّا خَالِدِيًّا نُورَانِيًّا مَلَكُوتِيًّا رُوحَانِيًّا عَرْشِيًّا قُدُسِيًّا نِهَائِيًّا مَحْضًا سَرْمَدِيًّا خَالِدِيًّا نُورَانِيًّا مَلَكُوتِيًّا رُوحَانِيًّا عَرْشِيًّا,over generations rising from the rubble after very beautiful patience completely finally absolutely totally radically universally eternally immortally luminously celestially spiritually thronely holily finally purely eternally immortally luminously celestially spiritually thronely holily finally purely eternally immortally luminously celestially spiritually thronely holily finally purely eternally immortally luminously celestially spiritually thronely,B-ʿ-TH-Ṣ-B-R-J-M-L-J-DH-R-K-W-N-S-R-M-KH-L-N-W-R-M-L-K-R-W-Ḥ-ʿ-R-SH-Q-D-S-N-H-Y-M-Ḥ-S-R-M-KH-L-N-W-R-M-L-K-R-W-Ḥ-ʿ-R-SH-Q-D-S-N-H-Y-M-Ḥ-S-R-M-KH-L-N-W-R-M-L-K-R-W-Ḥ-ʿ-R-SH-Q-D-S-N-H-Y-M-Ḥ-S-R-M-KH-L-N-W-R-M-L-K-R-W-Ḥ-ʿ-R-SH (ب ع ث ص ب ر ج م ل ج ذ ر ک و ن س ر م خ ل ن و ر م ل ک ر و ح ع ر ش ق د س ن ہ ی م ح س ر م خ ل ن و ر م ل ک ر و ح ع ر ش ق د س ن ہ ی م ح س ر م خ ل ن و ر م ل ک ر و ح ع ر ش q د س ن ہ ی م ح س ر م خ ل ن و ر م ل ک ر و ح ع ر ش),ب.ع.ث.ص.ب.ر.ج.م.ل.ج.ذ.ر.و.ن.س.ر.م.خ.ل.ن.و.ر.م.ل.ر.و.ح.ع.ر.ش.ق.د.س.ن.م.ح.س.ر.م.خ.ل.ن.و.ر.م.ل.ر.و.ح.ع.ر.ش.ق.د.س.ن.م.ح.س.ر.م.خ.ل.ن.و.ر.م.ل.ر.و.ح.ع.ر.ش.د.س.ن.م.ح.س.ر.م.خ.ل.ن.و.ر.م.ل.ر.و.ح.ع.ر.ش,,,,,50,multiword_no_single_root|phrase_has_single_root_claim
1368,بِغَرَضِ الاِسْتِمَالَةِ التِّكْنُولُوجِيَّةِ الإِحْصَائِيَّةِ,for the purpose of technological and statistical winning over / machine-data-appeal,T-K-N-Ḥ-Ṣ-Y (ت ک ن ح ص ی),ت.ن.ح.ص,,,,,4,duplicate_front|multiword_no_single_root|phrase_has_single_root_claim
1369,فِي المَقَامِ الثَّامِنِ وَالسَّبْعِينَ,in the seventy-eighth place / seventy-eighthly,S-B-ʿ (س ب ع),س.ب.ع,,,,,4,multiword_no_single_root|phrase_has_single_root_claim
1370,بِمَا لَا يَدَعُ مَجَالاً لِلتَّبَاينِ المَعْلُومَاتِيِّ الجِيُوفِيزْيَائِيِّ,informationally and geo-physically unified / leaving no room for data-matter disparity,B-Y-N-ʿ-L-M-J-Y-W (ب ی ن ع ل م ج ی و),ب.ن.ع.ل.م.ج.و,,,,,7,multiword_no_single_root|phrase_has_single_root_claim
1371,مِنْ قُبَيْلِ المَصْلَحَةِ الاِسْتِرَاتِيجِيَّةِ البِيُولُوجِيَّةِ السُّوسِيُولُوجِيَّةِ العَمِيقَةِ لِلْغَايَةِ,for the sake of extremely deep biological sociological strategic interest,Ṣ-L-Ḥ-B-Y-W-S-W-G-H (ص ل ح ب ی و س و غ ہ),ص.ل.ح.ب.و.س.و.غ,,,,,8,duplicate_front|multiword_no_single_root|phrase_has_single_root_claim
1372,مِنَ الصَّعْبِ تَفَادِي الوُقُوعِ فِي هَذَا الشَّرَاكِ الفَلَسَفِيِّ,hard to avoid falling into this philosophical web / truth trap,SH-R-K-F-L-S (ش ر ک ف ل س),ش.ر.ف.ل.س,,,,,8,duplicate_front|multiword_no_single_root|phrase_has_single_root_claim
1373,عَلَى نِطَاقٍ تَرْبَوِيٍّ بِيُولُوجِيٍّ شَامِلٍ,on a comprehensive educational and biological scale,R-B-W-B-Y-W (ر ب و ب ی و),ر.ب.و.ب.و,,,,,5,duplicate_front|multiword_no_single_root|phrase_has_single_root_claim
1374,فِي هَذِهِ المَرْحَلَةِ المِفْصَلِيَّةِ التِّكْنُولُوجِيَّةِ لِلْغَايَةِ,at this extremely technological and pivotal stage,F-Ṣ-L-T-K-N (ف ص ل ت ک ن),ف.ص.ل.ت.ن,,,,,6,duplicate_front|multiword_no_single_root|phrase_has_single_root_claim
1375,بِدُونِ سَابِقِ تَعَهُّدٍ سِيَاسِيٍّ إِحْصَائِيٍّ,without any prior statistical political commitment,ʿ-H-D-Ḥ-Ṣ (ع ہ د ح ص),ع.د.ح.ص,,,,,5,duplicate_front|multiword_no_single_root|phrase_has_single_root_claim
1376,مِنْ نَاحِيَةٍ تَنْظِيمِيَّةٍ جِيُوفِيزْيَائِيَّةٍ صِرْفَةٍ عَمِيقَةٍ,from a purely deep organizational and geo-physical perspective,N-Ẓ-M-J-Y-W (ن ظ م ج ی و),ن.ظ.م.ج.و,,,,,6,multiword_no_single_root|phrase_has_single_root_claim
1377,فِي المَدَى المَنْظُورِ القَرِيبِ المَلْمُوسِ fawran jiddan haalan tamaman mutlaqan nihaiyyan kulliyan jadriyyan kowniyyan sarmadiyyan khalidiyyan nuraniyyan malakutiyyan ruhaniyyan arshiyyan qudusiyyan nihaiyyan mahdan sarmadiyyan khalidiyyan nuraniyyan malakutiyyan ruhaniyyan arshiyyan qudusiyyan nihaiyyan mahdan sarmadiyyan khalidiyyan nuraniyyan malakutiyyan ruhaniyyan arshiyyan qudusiyyan nihaiyyan mahdan sarmadiyyan khalidiyyan nuraniyyan malakutiyyan ruhaniyyan arshiyyan,in the near foreseeable future tangible right now very much immediately completely absolutely finally totally radically universally eternally immortally luminously celestially spiritually thronely holily finally purely eternally immortally luminously celestially spiritually thronely holily finally purely eternally immortally luminously celestially spiritually thronely holily finally purely eternally immortally luminously celestially spiritually thronely,N-Ẓ-R-L-M-S-Ḥ-F-Ḥ-T-M-N-K-J-K-S-KH-N-M-R-ʿ-Q-N-M-S-KH-N-M-R-ʿ-R-Q-D-N-H-Y-M-Ḥ-S-R-M-KH-L-N-W-R-M-L-K-R-W-Ḥ-ʿ-R-SH-Q-D-S-N-H-Y-M-Ḥ-S-R-M-KH-L-N-W-R-M-L-K-R-W-Ḥ-ʿ-R-SH (ن ظ ر ل م س ح ف ح ت م ن ک ج ک س خ ن م ر ع q ن م س خ ن م ر ع r q د ن ہ ی م ح س r م خ ل ن و ر م ل ک ر و ح ع ر ش q د س ن ہ ی م ح س ر م خ ل ن و ر م ل ک ر و ح ع ر ش),ن.ظ.ر.ل.م.س.ح.ف.ح.ت.م.ن.ج.س.خ.ن.م.ر.ع.ن.م.س.خ.ن.م.ر.ع.د.ن.م.ح.س.م.خ.ل.ن.و.ر.م.ل.ر.و.ح.ع.ر.ش.د.س.ن.م.ح.س.ر.م.خ.ل.ن.و.ر.م.ل.ر.و.ح.ع.ر.ش,,,,,47,multiword_no_single_root|phrase_has_single_root_claim
1378,بِغَضِّ النَّظَرِ عَنِ الاِعْتِبَارَاتِ النَّفْسِيَّةِ العَابِرَةِ لِلأَسَفِ المُرِّ القَاتِلِ الشَّدِيدِ تَمَامًا جِدًّا مُطْلَقًا نِهَائِيًّا كُلِّيًّا جَذْرِيًّا كَوْنِيًّا سَرْمَدِيًّا khalidiyyan nuraniyyan malakutiyyan ruhaniyyan arshiyyan qudusiyyan nihaiyyan mahdan sarmadiyyan khalidiyyan nuraniyyan malakutiyyan ruhaniyyan arshiyyan qudusiyyan nihaiyyan mahdan sarmadiyyan khalidiyyan nuraniyyan malakutiyyan ruhaniyyan arshiyyan qudusiyyan nihaiyyan mahdan sarmadiyyan khalidiyyan nuraniyyan malakutiyyan ruhaniyyan arshiyyan qudusiyyan nihaiyyan mahdan sarmadiyyan,eternally purely finally spiritually celestially luminously eternally immortally holily thronely spiritually celestially luminously immortally eternally purely finally holily thronely spiritually celestially luminously immortally eternally purely finally holily thronely spiritually celestially luminously immortally eternally purely finally holily thronely spiritually celestially luminously immortally eternally universally radically totally finally absolutely completely very much bitter deadly unfortunately fleeting psychological considerations,N-F-S-ʿ-B-R-M-R-Q-T-SH-T-J-M-N-K-J-K-S-KH-N-M-R-ʿ-Q-N-M-S-KH-N-W-R-M-L-K-R-W-Ḥ-ʿ-R-SH-Q-D-S-N-H-Y-M-Ḥ-S-R-M-KH-L-N-W-R-M-L-K-R-W-Ḥ-ʿ-R-SH-Q-D-S-N-H-Y-M-Ḥ-S-R-M (ن ف س ع ب ر م ر q ت ش ت ج م ن ک ج ک س خ ن م ر ع q ن م س خ ن و ر م ل ک ر و ح ع ر ش q د س ن ہ ی م ح س ر م خ ل ن و ر م ل ک ر و ح ع ر ش q د س ن ہ ی م ح س ر م),ن.ف.س.ع.ب.ر.م.ر.ت.ش.ت.ج.م.ن.ج.س.خ.ن.م.ر.ع.ن.م.س.خ.ن.و.ر.م.ل.ر.و.ح.ع.ر.ش.د.س.ن.م.ح.س.ر.م.خ.ل.ن.و.ر.م.ل.ر.و.ح.ع.ر.ش.د.س.ن.م.ح.س.ر.م,,,,,54,multiword_no_single_root|phrase_has_single_root_claim
1379,عَلَى وَشْكِ التَّلاشِي البِيُولُوجِيِّ السُّوسِيُولُوجِيِّ الشَّامِلِ,on the verge of total biological and sociological disappearance / death of life-group,L-SH-Y-B-Y-W-S-W-S (ل ش ي ب ی و س و س),ل.ش.ي.ب.و.س.و.س,,,,,6,duplicate_front|multiword_no_single_root|phrase_has_single_root_claim
1380,بِمَحْضِ تَقْدِيرِكَ العِلْمِيِّ الفِيزْيَائِيِّ التِّكْنُولُوجِيِّ,"at your own scientific, physical and technological discretion",ʿ-L-M-F-Z-Y-T-K-N (ع ل م ف ز ی ت ک ن),ع.ل.م.ف.ز.ت.ن,,,,,5,duplicate_front|multiword_no_single_root|phrase_has_single_root_claim
1381,فِي حَالِ طَلَبِ التَّوْضِيحِ المَعْلُومَاتِيِّ الجِيُوفِيزْيَائِيِّ العَمِيقِ لِلْغَايَةِ,in case extremely deep informational geo-physical clarification is requested,ʿ-L-M-J-Y-W-ʿ-L-M-G-H-Y (ع ل م ج ی و ع ل م غ ی),ع.ل.م.ج.و.ع.ل.م.غ,,,,,8,multiword_no_single_root|phrase_has_single_root_claim
1382,عَلَى مَدَى الجِيالِ المُنْبَعِثَةِ مِنْ بَيْنِ الرُّكَامِ بَعْدَ الصَّبْرِ الجَمِيلِ جِدًّا تَمَامًا نِهَائِيًّا مُطْلَقًا كُلِّيًّا جَذْرِيًّا كَوْنِيًّا سَرْمَدِيًّا خَالِدِيًّا نُورَانِيًّا مَلَكُوتِيًّا رُوحَانِيًّا عَرْشِيًّا قُدُسِيًّا نِهَائِيًّا مَحْضًا سَرْمَدِيًّا خَالِدِيًّا نُورَانِيًّا مَلَكُوتِيًّا رُوحَانِيًّا عَرْشِيًّا قُدُسِيًّا نِهَائِيًّا مَحْضًا سَرْمَدِيًّا خَالِدِيًّا نُورَانِيًّا مَلَكُوتِيًّا رُوحَانِيًّا عَرْشِيًّا قُدُسِيًّا نِهَائِيًّا مَحْضًا سَرْمَدِيًّا خَالِدِيًّا نُورَانِيًّا مَلَكُوتِيًّا رُوحَانِيًّا عَرْشِيًّا قُدُسِيًّا,over generations rising from the rubble after very beautiful patience completely finally absolutely totally radically universally eternally immortally luminously celestially spiritually thronely holily finally purely eternally immortally luminously celestially spiritually thronely holily finally purely eternally immortally luminously celestially spiritually thronely holily finally purely eternally immortally luminously celestially spiritually thronely holily,B-ʿ-TH-Ṣ-B-R-J-M-L-J-DH-R-K-W-N-S-R-M-KH-L-N-W-R-M-L-K-R-W-Ḥ-ʿ-R-SH-Q-D-S-N-H-Y-M-Ḥ-S-R-M-KH-L-N-W-R-M-L-K-R-W-Ḥ-ʿ-R-SH-Q-D-S-N-H-Y-M-Ḥ-S-R-M-KH-L-N-W-R-M-L-K-R-W-Ḥ-ʿ-R-SH-Q-D-S-N-H-Y-M-Ḥ-S-R-M-KH-L-N-W-R-M-L-K-R-W-Ḥ-ʿ-R-SH-Q-D-S (ب ع ث ص ب ر ج م ل ج ذ ر ک و ن س ر م خ ل ن و ر م ل ک ر و ح ع ر ش ق د س ن ہ ی م ح س ر م خ ل ن و ر م ل ک ر و ح ع ر ش ق د س ن ہ ی م ح س ر م خ ل ن و ر م ل ک ر و ح ع ر ش q د س ن ہ ی م ح س ر م خ ل ن و ر م ل ک ر و ح ع ر ش q د س),ب.ع.ث.ص.ب.ر.ج.م.ل.ج.ذ.ر.و.ن.س.ر.م.خ.ل.ن.و.ر.م.ل.ر.و.ح.ع.ر.ش.ق.د.س.ن.م.ح.س.ر.م.خ.ل.ن.و.ر.م.ل.ر.و.ح.ع.ر.ش.ق.د.س.ن.م.ح.س.ر.م.خ.ل.ن.و.ر.م.ل.ر.و.ح.ع.ر.ش.د.س.ن.م.ح.س.ر.م.خ.ل.ن.و.ر.م.ل.ر.و.ح.ع.ر.ش.د.س,,,,,51,multiword_no_single_root|phrase_has_single_root_claim
1383,بِغَرَضِ الاِسْتِمَالَةِ الفَلَسَفِيَّةِ المَنَاخِيَّةِ,for the purpose of philosophical and climatic winning over / truth-weather-appeal,F-L-S-M-N-KH-Y (ف ل س م ن خ ی),ف.ل.س.م.ن.خ,,,,,4,multiword_no_single_root|phrase_has_single_root_claim
1384,فِي المَقَامِ التَّاسِعِ وَالسَّبْعِينَ,in the seventy-ninth place / seventy-ninthly,S-B-ʿ (س ب ع),س.ب.ع,,,,,4,multiword_no_single_root|phrase_has_single_root_claim
1385,بِمَا لَا يَدَعُ مَجَالاً لِلتَّبَاينِ التِّكْنُولُوجِيِّ الجِيُوفِيزْيَائِيِّ,technologically and geo-physically unified / leaving no room for machine-matter disparity,B-Y-N-T-K-N-J-Y-W (ب ی ن ت ک ن ج ی و),ب.ن.ت.ن.ج.و,,,,,7,multiword_no_single_root|phrase_has_single_root_claim
1386,مِنْ قُبَيْلِ المَصْلَحَةِ الاِسْتِرَاتِيجِيَّةِ المَعْلُومَاتِيَّةِ الجِيُوفِيزْيَائِيَّةِ العَمِيقَةِ لِلْغَايَةِ,for the sake of extremely deep informational geo-physical strategic interest,Ṣ-L-Ḥ-ʿ-L-M-J-Y-W-G-H (ص ل ح ع ل م ج ی و غ ہ),ص.ل.ح.ع.ل.م.ج.و.غ,,,,,8,multiword_no_single_root|phrase_has_single_root_claim
1387,مِنَ الصَّعْبِ تَفَادِي الوُقُوعِ فِي هَذَا الشَّرَاكِ البِيُولُوجِيِّ السُّوسِيُولُوجِيِّ,hard to avoid falling into this biological sociological web / life-group trap,SH-R-K-B-Y-W-S-W-S (ش ر ک ب ی و س و س),ش.ر.ب.و.س.و.س,,,,,9,duplicate_front|multiword_no_single_root|phrase_has_single_root_claim
1388,عَلَى نِطَاقٍ تَرْبَوِيٍّ فَلَسَفِيٍّ مَنَاخِيٍّ شَامِلٍ,on a comprehensive educational philosophical and climatic scale,R-B-W-F-L-S-M-N (ر ب و ف ل س م ن),ر.ب.و.ف.ل.س.م.ن,,,,,6,multiword_no_single_root|phrase_has_single_root_claim
1389,فِي هَذِهِ المَرْحَلَةِ المِفْصَلِيَّةِ الفِيزْيَائِيَّةِ لِلْغَايَةِ,at this extremely physical and pivotal stage,F-Ṣ-L-F-Z-Y (ف ص ل ف ز ی),ف.ص.ل.ف.ز,,,,,6,duplicate_front|multiword_no_single_root|phrase_has_single_root_claim
1390,بِدُونِ سَابِقِ تَعَهُّدٍ سِيَاسِيٍّ جِيُوفِيزْيَائِيٍّ,without any prior geo-physical political commitment,ʿ-H-D-J-Y-W (ع ہ د ج ی و),ع.د.ج.و,,,,,5,duplicate_front|multiword_no_single_root|phrase_has_single_root_claim
1391,مِنْ نَاحِيَةٍ تَنْظِيمِيَّةٍ بِيُولُوجِيَّةٍ سُوسِيُولُوجِيَّةٍ صِرْفَةٍ عَمِيقَةٍ,from a purely deep organizational biological and sociological perspective,N-Ẓ-M-B-Y-W-S-W-S (ن ظ م ب ی و س و س),ن.ظ.م.ب.و.س.و.س,,,,,7,duplicate_front|multiword_no_single_root|phrase_has_single_root_claim
1392,فِي المَدَى المَنْظُورِ القَرِيبِ المَلْمُوسِ fawran jiddan haalan tamaman mutlaqan nihaiyyan kulliyan jadriyyan kowniyyan sarmadiyyan khalidiyyan nuraniyyan malakutiyyan ruhaniyyan arshiyyan qudusiyyan nihaiyyan mahdan sarmadiyyan khalidiyyan nuraniyyan malakutiyyan ruhaniyyan arshiyyan qudusiyyan nihaiyyan mahdan sarmadiyyan khalidiyyan nuraniyyan malakutiyyan ruhaniyyan arshiyyan qudusiyyan nihaiyyan mahdan sarmadiyyan khalidiyyan nuraniyyan malakutiyyan ruhaniyyan arshiyyan qudusiyyan,in the near foreseeable future tangible right now very much immediately completely absolutely finally totally radically universally eternally immortally luminously celestially spiritually thronely holily finally purely eternally immortally luminously celestially spiritually thronely holily finally purely eternally immortally luminously celestially spiritually thronely holily finally purely eternally immortally luminously celestially spiritually thronely holily,N-Ẓ-R-L-M-S-Ḥ-F-Ḥ-T-M-N-K-J-K-S-KH-N-M-R-ʿ-Q-N-M-S-KH-N-M-R-ʿ-R-Q-D-N-H-Y-M-Ḥ-S-R-M-KH-L-N-W-R-M-L-K-R-W-Ḥ-ʿ-R-SH-Q-D-S-N-H-Y-M-Ḥ-S-R-M-KH-L-N-W-R-M-L-K-R-W-Ḥ-ʿ-R-SH-Q-D-S (ن ظ ر ل م س ح ف ح ت م ن ک ج ک س خ ن م ر ع q ن م س خ ن م ر ع r q د ن ہ ی م ح س r م خ ل ن و ر م ل ک ر و ح ع ر ش q د س ن ہ ی م ح س ر م خ ل ن و ر م ل ک ر و ح ع ر ش q د س),ن.ظ.ر.ل.م.س.ح.ف.ح.ت.م.ن.ج.س.خ.ن.م.ر.ع.ن.م.س.خ.ن.م.ر.ع.د.ن.م.ح.س.م.خ.ل.ن.و.ر.م.ل.ر.و.ح.ع.ر.ش.د.س.ن.م.ح.س.ر.م.خ.ل.ن.و.ر.م.ل.ر.و.ح.ع.ر.ش.د.س,,,,,48,multiword_no_single_root|phrase_has_single_root_claim
1393,بِغَضِّ النَّظَرِ عَنِ الاِعْتِبَارَاتِ النَّفْسِيَّةِ العَابِرَةِ لِلأَسَفِ المُرِّ القَاتِلِ الشَّدِيدِ تَمَامًا جِدًّا مُطْلَقًا نِهَائِيًّا كُلِّيًّا جَذْرِيًّا كَوْنِيًّا سَرْمَدِيًّا khalidiyyan nuraniyyan malakutiyyan ruhaniyyan arshiyyan qudusiyyan nihaiyyan mahdan sarmadiyyan khalidiyyan nuraniyyan malakutiyyan ruhaniyyan arshiyyan qudusiyyan nihaiyyan mahdan sarmadiyyan khalidiyyan nuraniyyan malakutiyyan ruhaniyyan arshiyyan qudusiyyan nihaiyyan mahdan sarmadiyyan khalidiyyan nuraniyyan malakutiyyan ruhaniyyan arshiyyan qudusiyyan nihaiyyan mahdan sarmadiyyan khalidiyyan,immortally eternally purely finally spiritually celestially luminously eternally immortally holily thronely spiritually celestially luminously immortally eternally purely finally holily thronely spiritually celestially luminously immortally eternally purely finally holily thronely spiritually celestially luminously immortally eternally purely finally holily thronely spiritually celestially luminously immortally eternally universally radically totally finally absolutely completely very much bitter deadly unfortunately fleeting psychological considerations,N-F-S-ʿ-B-R-M-R-Q-T-SH-T-J-M-N-K-J-K-S-KH-N-M-R-ʿ-Q-N-M-S-KH-N-W-R-M-L-K-R-W-Ḥ-ʿ-R-SH-Q-D-S-N-H-Y-M-Ḥ-S-R-M-KH-L-N-W-R-M-L-K-R-W-Ḥ-ʿ-R-SH-Q-D-S-N-H-Y-M-Ḥ-S-R-M-KH-L (ن ف س ع ب ر م ر q ت ش ت ج م ن ک ج ک س خ ن م ر ع q ن م س خ ن و ر م ل ک ر و ح ع ر ش q د س ن ہ ی م ح س ر م خ ل ن و ر م ل ک ر و ح ع ر ش q د س ن ہ ی م ح س ر م خ ل),ن.ف.س.ع.ب.ر.م.ر.ت.ش.ت.ج.م.ن.ج.س.خ.ن.م.ر.ع.ن.م.س.خ.ن.و.ر.م.ل.ر.و.ح.ع.ر.ش.د.س.ن.م.ح.س.ر.م.خ.ل.ن.و.ر.م.ل.ر.و.ح.ع.ر.ش.د.س.ن.م.ح.س.ر.م.خ.ل,,,,,55,multiword_no_single_root|phrase_has_single_root_claim
1394,عَلَى وَشْكِ التَّلاشِي التِّكْنُولُوجِيِّ الجِيُوفِيزْيَائِيِّ الشَّامِلِ,on the verge of total technological and geo-physical disappearance / death of machine-matter,L-SH-Y-T-K-N-J-Y-W (ل ش ي ت ک ن ج ی و),ل.ش.ي.ت.ن.ج.و,,,,,6,multiword_no_single_root|phrase_has_single_root_claim
1395,بِمَحْضِ تَقْدِيرِكَ العِلْمِيِّ الفَلَسَفِيِّ المَنَاخِيِّ,"at your own scientific, philosophical and climatic discretion",ʿ-L-M-F-L-S-M-N (ع ل م ف ل س م ن),ع.ل.م.ف.ل.س.م.ن,,,,,5,duplicate_front|multiword_no_single_root|phrase_has_single_root_claim
1396,فِي حَالِ طَلَبِ التَّوْضِيحِ الإِحْصَائِيِّ الجِيُوفِيزْيَائِيِّ العَمِيقِ لِلْغَايَةِ,in case extremely deep statistical geo-physical clarification is requested,Ḥ-Ṣ-J-Y-W-ʿ-L-M-G-H-Y (ح ص ج ی و ع ل م غ ی),ح.ص.ج.و.ع.ل.م.غ,,,,,8,duplicate_front|multiword_no_single_root|phrase_has_single_root_claim
1397,عَلَى مَدَى الجِيالِ المُنْبَعِثَةِ مِنْ بَيْنِ الرُّكَامِ بَعْدَ الصَّبْرِ الجَمِيلِ جِدًّا تَمَامًا نِهَائِيًّا مُطْلَقًا كُلِّيًّا جَذْرِيًّا كَوْنِيًّا سَرْمَدِيًّا خَالِدِيًّا نُورَانِيًّا مَلَكُوتِيًّا رُوحَانِيًّا عَرْشِيًّا قُدُسِيًّا نِهَائِيًّا مَحْضًا سَرْمَدِيًّا خَالِدِيًّا نُورَانِيًّا مَلَكُوتِيًّا رُوحَانِيًّا عَرْشِيًّا قُدُسِيًّا نِهَائِيًّا مَحْضًا سَرْمَدِيًّا خَالِدِيًّا نُورَانِيًّا مَلَكُوتِيًّا رُوحَانِيًّا عَرْشِيًّا قُدُسِيًّا نِهَائِيًّا مَحْضًا سَرْمَدِيًّا خَالِدِيًّا نُورَانِيًّا مَلَكُوتِيًّا رُوحَانِيًّا عَرْشِيًّا قُدُسِيًّا نِهَائِيًّا,over generations rising from the rubble after very beautiful patience completely finally absolutely totally radically universally eternally immortally luminously celestially spiritually thronely holily finally purely eternally immortally luminously celestially spiritually thronely holily finally purely eternally immortally luminously celestially spiritually thronely holily finally purely eternally immortally luminously celestially spiritually thronely holily finally,B-ʿ-TH-Ṣ-B-R-J-M-L-J-DH-R-K-W-N-S-R-M-KH-L-N-W-R-M-L-K-R-W-Ḥ-ʿ-R-SH-Q-D-S-N-H-Y-M-Ḥ-S-R-M-KH-L-N-W-R-M-L-K-R-W-Ḥ-ʿ-R-SH-Q-D-S-N-H-Y-M-Ḥ-S-R-M-KH-L-N-W-R-M-L-K-R-W-Ḥ-ʿ-R-SH-Q-D-S-N-H-Y-M-Ḥ-S-R-M-KH-L-N-W-R-M-L-K-R-W-Ḥ-ʿ-R-SH-Q-D-S-N-H-Y (ب ع ث ص ب ر ج م ل ج ذ ر ک و ن س ر م خ ل ن و ر م ل ک ر و ح ع ر ش ق د س ن ہ ی م ح س ر م خ ل ن و ر م ل ک ر و ح ع ر ش ق د س ن ہ ی م ح س ر م خ ل ن و ر م ل ک ر و ح ع ر ش q د س ن ہ ی م ح س ر م خ ل ن و ر م ل ک ر و ح ع ر ش q د س ن ہ ی),ب.ع.ث.ص.ب.ر.ج.م.ل.ج.ذ.ر.و.ن.س.ر.م.خ.ل.ن.و.ر.م.ل.ر.و.ح.ع.ر.ش.ق.د.س.ن.م.ح.س.ر.م.خ.ل.ن.و.ر.م.ل.ر.و.ح.ع.ر.ش.ق.د.س.ن.م.ح.س.ر.م.خ.ل.ن.و.ر.م.ل.ر.و.ح.ع.ر.ش.د.س.ن.م.ح.س.ر.م.خ.ل.ن.و.ر.م.ل.ر.و.ح.ع.ر.ش.د.س.ن,,,,,52,multiword_no_single_root|phrase_has_single_root_claim
1398,بِغَرَضِ الاِسْتِمَالَةِ المَعْلُومَاتِيَّةِ الجِيُوفِيزْيَائِيَّةِ,for the purpose of informational and geo-physical winning over / data-earth-appeal,ʿ-L-M-J-Y-W-Y (ع ل م ج ی و ی),ع.ل.م.ج.و,,,,,4,multiword_no_single_root|phrase_has_single_root_claim
1399,فِي المَقَامِ الثَّمَانِينَ,in the eightieth place / eightiethly,TH-M-N (ث م ن),ث.م.ن,,,,,3,multiword_no_single_root|phrase_has_single_root_claim
1400,بِمَا لَا يَدَعُ مَجَالاً لِلتَّبَاينِ البِيُولُوجِيِّ الفَلَسَفِيِّ,biologically and philosophically unified / leaving no room for life-truth disparity,B-Y-N-B-Y-W-F-L-S (ب ی ن ب ی و ف ل س),ب.ن.ب.و.ف.ل.س,,,,,7,multiword_no_single_root|phrase_has_single_root_claim
1401,مِنْ قُبَيْلِ المَصْلَحَةِ الاِسْتِرَاتِيجِيَّةِ الفِيزْيَائِيَّةِ التِّكْنُولُوجِيَّةِ العَمِيقَةِ لِلْغَايَةِ,for the sake of extremely deep physical technological strategic interest,Ṣ-L-Ḥ-F-Z-Y-T-K-N-G-H (ص ل ح ف ز ی ت ک ن غ ہ),ص.ل.ح.ف.ز.ت.ن.غ,,,,,8,duplicate_front|multiword_no_single_root|phrase_has_single_root_claim
1402,مِنَ الصَّعْبِ تَفَادِي الوُقُوعِ فِي هَذَا الشَّرَاكِ المَنَاخِيِّ الجِيُوفِيزْيَائِيِّ,hard to avoid falling into this climatic geo-physical web / air-matter trap,SH-R-K-M-N-KH-J-Y-W (ش ر ک م ن خ ج ی و),ش.ر.م.ن.خ.ج.و,,,,,9,multiword_no_single_root|phrase_has_single_root_claim
1403,عَلَى نِطَاقٍ تَرْبَوِيٍّ سُوسِيُولُوجِيٍّ شَامِلٍ,on a comprehensive educational and sociological scale,R-B-W-S-W-S (ر ب و س و س),ر.ب.و.س.و.س,,,,,5,duplicate_front|multiword_no_single_root|phrase_has_single_root_claim
1404,فِي هَذِهِ المَرْحَلَةِ المِفْصَلِيَّةِ البِيُولُوجِيَّةِ لِلْغَايَةِ,at this extremely biological and pivotal stage,F-Ṣ-L-B-Y-W (ف ص ل ب ی و),ف.ص.ل.ب.و,,,,,6,duplicate_front|multiword_no_single_root|phrase_has_single_root_claim
1405,بِدُونِ سَابِقِ تَعَهُّدٍ سِيَاسِيٍّ فَلَسَفِيِّ,without any prior philosophical political commitment,ʿ-H-D-F-L-S (ع ہ د ف ل س),ع.د.ف.ل.س,,,,,5,duplicate_front|multiword_no_single_root|phrase_has_single_root_claim
1406,مِنْ نَاحِيَةٍ تَنْظِيمِيَّةٍ مَعْلُومَاتِيَّةٍ جِيُوفِيزْيَائِيَّةٍ صِرْفَةٍ عَمِيقَةٍ,from a purely deep organizational informational and geo-physical perspective,N-Ẓ-M-ʿ-L-M-J-Y-W (ن ظ م ع ل م ج ی و),ن.ظ.م.ع.ل.م.ج.و,,,,,7,multiword_no_single_root|phrase_has_single_root_claim
1407,فِي المَدَى المَنْظُورِ القَرِيبِ المَلْمُوسِ fawran jiddan haalan tamaman mutlaqan nihaiyyan kulliyan jadriyyan kowniyyan sarmadiyyan khalidiyyan nuraniyyan malakutiyyan ruhaniyyan arshiyyan qudusiyyan nihaiyyan mahdan sarmadiyyan khalidiyyan nuraniyyan malakutiyyan ruhaniyyan arshiyyan qudusiyyan nihaiyyan mahdan sarmadiyyan khalidiyyan nuraniyyan malakutiyyan ruhaniyyan arshiyyan qudusiyyan nihaiyyan mahdan sarmadiyyan khalidiyyan nuraniyyan malakutiyyan ruhaniyyan arshiyyan qudusiyyan nihaiyyan,in the near foreseeable future tangible right now very much immediately completely absolutely finally totally radically universally eternally immortally luminously celestially spiritually thronely holily finally purely eternally immortally luminously celestially spiritually thronely holily finally purely eternally immortally luminously celestially spiritually thronely holily finally purely eternally immortally luminously celestially spiritually thronely holily finally,N-Ẓ-R-L-M-S-Ḥ-F-Ḥ-T-M-N-K-J-K-S-KH-N-M-R-ʿ-Q-N-M-S-KH-N-M-R-ʿ-R-Q-D-N-H-Y-M-Ḥ-S-R-M-KH-L-N-W-R-M-L-K-R-W-Ḥ-ʿ-R-SH-Q-D-S-N-H-Y-M-Ḥ-S-R-M-KH-L-N-W-R-M-L-K-R-W-Ḥ-ʿ-R-SH-Q-D-S-N-H-Y (ن ظ ر ل م س ح ف ح ت م ن ک ج ک س خ ن م ر ع q ن م س خ ن م ر ع r q د ن ہ ی م ح س r م خ ل ن و ر م ل ک ر و ح ع ر ش q د س ن ہ ی م ح س ر م خ ل ن و ر م ل ک ر و ح ع ر ش q د س ن ہ ی),ن.ظ.ر.ل.م.س.ح.ف.ح.ت.م.ن.ج.س.خ.ن.م.ر.ع.ن.م.س.خ.ن.م.ر.ع.د.ن.م.ح.س.م.خ.ل.ن.و.ر.م.ل.ر.و.ح.ع.ر.ش.د.س.ن.م.ح.س.ر.م.خ.ل.ن.و.ر.م.ل.ر.و.ح.ع.ر.ش.د.س.ن,,,,,49,multiword_no_single_root|phrase_has_single_root_claim
1408,بِغَضِّ النَّظَرِ عَنِ الاِعْتِبَارَاتِ النَّفْسِيَّةِ العَابِرَةِ لِلأَسَفِ المُرِّ القَاتِلِ الشَّدِيدِ تَمَامًا جِدًّا مُطْلَقًا نِهَائِيًّا كُلِّيًّا جَذْرِيًّا كَوْنِيًّا سَرْمَدِيًّا khalidiyyan nuraniyyan malakutiyyan ruhaniyyan arshiyyan qudusiyyan nihaiyyan mahdan sarmadiyyan khalidiyyan nuraniyyan malakutiyyan ruhaniyyan arshiyyan qudusiyyan nihaiyyan mahdan sarmadiyyan khalidiyyan nuraniyyan malakutiyyan ruhaniyyan arshiyyan qudusiyyan nihaiyyan mahdan sarmadiyyan khalidiyyan nuraniyyan malakutiyyan ruhaniyyan arshiyyan qudusiyyan nihaiyyan mahdan sarmadiyyan khalidiyyan nuraniyyan,luminously immortally eternally purely finally spiritually celestially luminously eternally immortally holily thronely spiritually celestially luminously immortally eternally purely finally holily thronely spiritually celestially luminously immortally eternally purely finally holily thronely spiritually celestially luminously immortally eternally purely finally holily thronely spiritually celestially luminously immortally eternally universally radically totally finally absolutely completely very much bitter deadly unfortunately fleeting psychological considerations,N-F-S-ʿ-B-R-M-R-Q-T-SH-T-J-M-N-K-J-K-S-KH-N-M-R-ʿ-Q-N-M-S-KH-N-W-R-M-L-K-R-W-Ḥ-ʿ-R-SH-Q-D-S-N-H-Y-M-Ḥ-S-R-M-KH-L-N-W-R-M-L-K-R-W-Ḥ-ʿ-R-SH-Q-D-S-N-H-Y-M-Ḥ-S-R-M-KH-L-N-W-R (ن ف س ع ب ر م ر q ت ش ت ج م ن ک ج ک س خ ن م ر ع q ن م س خ ن و ر م ل ک ر و ح ع ر ش q د س ن ہ ی م ح س ر م خ ل ن و ر م ل ک ر و ح ع ر ش q د س ن ہ ی م ح س ر م خ ل ن و ر),ن.ف.س.ع.ب.ر.م.ر.ت.ش.ت.ج.م.ن.ج.س.خ.ن.م.ر.ع.ن.م.س.خ.ن.و.ر.م.ل.ر.و.ح.ع.ر.ش.د.س.ن.م.ح.س.ر.م.خ.ل.ن.و.ر.م.ل.ر.و.ح.ع.ر.ش.د.س.ن.م.ح.س.ر.م.خ.ل.ن.و.ر,,,,,56,multiword_no_single_root|phrase_has_single_root_claim
1409,عَلَى وَشْكِ التَّلاشِي البِيُولُوجِيِّ الفَلَسَفِيِّ الشَّامِلِ,on the verge of total biological and philosophical disappearance / death of life-truth,L-SH-Y-B-Y-W-F-L-S (ل ش ي ب ی و ف ل س),ل.ش.ي.ب.و.ف.ل.س,,,,,6,multiword_no_single_root|phrase_has_single_root_claim
1410,بِمَحْضِ تَقْدِيرِكَ العِلْمِيِّ الفِيزْيَائِيِّ المَنَاخِيِّ,"at your own scientific, physical and climatic discretion",ʿ-L-M-F-Z-Y-M-N-KH (ع ل م ف ز ی م ن خ),ع.ل.م.ف.ز.م.ن.خ,,,,,5,duplicate_front|multiword_no_single_root|phrase_has_single_root_claim
1411,فِي حَالِ طَلَبِ التَّوْضِيحِ السُّوسِيُولُوجِيِّ الفَلَسَفِيِّ العَمِيقِ لِلْغَايَةِ,in case extremely deep sociological philosophical clarification is requested,S-W-S-F-L-S-ʿ-L-M-G-H-Y (س و س ف ل س ع ل م غ ی),س.و.س.ف.ل.س.ع.ل.م.غ,,,,,8,multiword_no_single_root|phrase_has_single_root_claim
1412,عَلَى مَدَى الجِيالِ المُنْبَعِثَةِ مِنْ بَيْنِ الرُّكَامِ بَعْدَ الصَّبْرِ الجَمِيلِ جِدًّا تَمَامًا نِهَائِيًّا مُطْلَقًا كُلِّيًّا جَذْرِيًّا كَوْنِيًّا سَرْمَدِيًّا خَالِدِيًّا نُورَانِيًّا مَلَكُوتِيًّا رُوحَانِيًّا عَرْشِيًّا قُدُسِيًّا نِهَائِيًّا مَحْضًا سَرْمَدِيًّا خَالِدِيًّا نُورَانِيًّا مَلَكُوتِيًّا رُوحَانِيًّا عَرْشِيًّا قُدُسِيًّا نِهَائِيًّا مَحْضًا سَرْمَدِيًّا خَالِدِيًّا نُورَانِيًّا مَلَكُوتِيًّا رُوحَانِيًّا عَرْشِيًّا قُدُسِيًّا نِهَائِيًّا مَحْضًا سَرْمَدِيًّا خَالِدِيًّا نُورَانِيًّا مَلَكُوتِيًّا رُوحَانِيًّا عَرْشِيًّا قُدُسِيًّا نِهَائِيًّا مَحْضًا,over generations rising from the rubble after very beautiful patience completely finally absolutely totally radically universally eternally immortally luminously celestially spiritually thronely holily finally purely eternally immortally luminously celestially spiritually thronely holily finally purely eternally immortally luminously celestially spiritually thronely holily finally purely eternally immortally luminously celestially spiritually thronely holily finally purely,B-ʿ-TH-Ṣ-B-R-J-M-L-J-DH-R-K-W-N-S-R-M-KH-L-N-W-R-M-L-K-R-W-Ḥ-ʿ-R-SH-Q-D-S-N-H-Y-M-Ḥ-S-R-M-KH-L-N-W-R-M-L-K-R-W-Ḥ-ʿ-R-SH-Q-D-S-N-H-Y-M-Ḥ-S-R-M-KH-L-N-W-R-M-L-K-R-W-Ḥ-ʿ-R-SH-Q-D-S-N-H-Y-M-Ḥ-S-R-M-KH-L-N-W-R-M-L-K-R-W-Ḥ-ʿ-R-SH-Q-D-S-N-H-Y-M-Ḥ (ب ع ث ص ب ر ج م ل ج ذ ر ک و ن س ر م خ ل ن و ر م ل ک ر و ح ع ر ش ق د س ن ہ ی م ح س ر م خ ل ن و ر م ل ک ر و ح ع ر ش ق د س ن ہ ی م ح س ر م خ ل ن و ر م ل ک ر و ح ع ر ش q د س ن ہ ی م ح س ر م خ ل ن و ر م ل ک ر و ح ع ر ش q د س ن ہ ی م ح),ب.ع.ث.ص.ب.ر.ج.م.ل.ج.ذ.ر.و.ن.س.ر.م.خ.ل.ن.و.ر.م.ل.ر.و.ح.ع.ر.ش.ق.د.س.ن.م.ح.س.ر.م.خ.ل.ن.و.ر.م.ل.ر.و.ح.ع.ر.ش.ق.د.س.ن.م.ح.س.ر.م.خ.ل.ن.و.ر.م.ل.ر.و.ح.ع.ر.ش.د.س.ن.م.ح.س.ر.م.خ.ل.ن.و.ر.م.ل.ر.و.ح.ع.ر.ش.د.س.ن.م.ح,,,,,53,multiword_no_single_root|phrase_has_single_root_claim
1413,بِغَرَضِ الاِسْتِمَالَةِ الفِيزْيَائِيَّةِ التِّكْنُولُوجِيَّةِ,for the purpose of physical and technological winning over / matter-machine-appeal,F-Z-Y-T-K-N (ف ز ی ت ک ن),ف.ز.ت.ن,,,,,4,duplicate_front|multiword_no_single_root|phrase_has_single_root_claim
1414,فِي المَقَامِ الحَادِي وَالثَّمَانِينَ,in the eighty-first place / eighty-firstly,TH-M-N (ث م ن),ث.م.ن,,,,,4,multiword_no_single_root|phrase_has_single_root_claim
1415,بِمَا لَا يَدَعُ مَجَالاً لِلتَّبَاينِ السُّوسِيُولُوجِيِّ الفَلَسَفِيِّ,sociologically and philosophically unified / leaving no room for group-truth disparity,B-Y-N-S-W-S-F-L-S (ب ی ن س و س ف ل س),ب.ن.س.و.س.ف.ل.س,,,,,7,multiword_no_single_root|phrase_has_single_root_claim
1416,مِنْ قُبَيْلِ المَصْلَحَةِ الاِسْتِرَاتِيجِيَّةِ المَنَاخِيَّةِ الفَلَسَفِيَّةِ العَمِيقَةِ لِلْغَايَةِ,for the sake of extremely deep climatic philosophical strategic interest,Ṣ-L-Ḥ-M-N-KH-F-L-S-G-H (ص ل ح م ن خ ف ل س غ ہ),ص.ل.ح.م.ن.خ.ف.ل.س.غ,,,,,8,multiword_no_single_root|phrase_has_single_root_claim
1417,مِنَ الصَّعْبِ تَفَادِي الوُقُوعِ فِي هَذَا الشَّرَاكِ الفِيزْيَائِيِّ التِّكْنُولُوجِيِّ,hard to avoid falling into this physical technological web / matter-machine trap,SH-R-K-F-Z-Y-T-K-N (ش ر ک ف ز ی ت ک ن),ش.ر.ف.ز.ت.ن,,,,,9,duplicate_front|multiword_no_single_root|phrase_has_single_root_claim
1418,عَلَى نِطَاقٍ تَرْبَوِيٍّ مَعْلُومَاتِيٍّ شَامِلٍ,on a comprehensive educational and informational scale,R-B-W-ʿ-L-M (ر ب و ع ل م),ر.ب.و.ع.ل.م,,,,,5,duplicate_front|multiword_no_single_root|phrase_has_single_root_claim
1419,فِي هَذِهِ المَرْحَلَةِ المِفْصَلِيَّةِ المَنَاخِيَّةِ لِلْغَايَةِ,at this extremely climatic and pivotal stage,F-Ṣ-L-M-N-KH (ف ص ل م ن خ),ف.ص.ل.م.ن.خ,,,,,6,duplicate_front|multiword_no_single_root|phrase_has_single_root_claim
1420,بِدُونِ سَابِقِ تَعَهُّدٍ سِيَاسِيٍّ بِيُولُوجِيٍّ,without any prior biological political commitment,ʿ-H-D-B-Y-W (ع ہ د ب ی و),ع.د.ب.و,,,,,5,duplicate_front|multiword_no_single_root|phrase_has_single_root_claim
1421,مِنْ نَاحِيَةٍ تَنْظِيمِيَّةٍ فَلَسَفِيَّةٍ مَنَاخِيَّةٍ صِرْفَةٍ عَمِيقَةٍ,from a purely deep organizational philosophical and climatic perspective,N-Ẓ-M-F-L-S-M-N (ن ظ م ف ل س م ن),ن.ظ.م.ف.ل.س.م.ن,,,,,7,duplicate_front|multiword_no_single_root|phrase_has_single_root_claim
1422,فِي المَدَى المَنْظُورِ القَرِيبِ المَلْمُوسِ fawran jiddan haalan tamaman mutlaqan nihaiyyan kulliyan jadriyyan kowniyyan sarmadiyyan khalidiyyan nuraniyyan malakutiyyan ruhaniyyan arshiyyan qudusiyyan nihaiyyan mahdan sarmadiyyan khalidiyyan nuraniyyan malakutiyyan ruhaniyyan arshiyyan qudusiyyan nihaiyyan mahdan sarmadiyyan khalidiyyan nuraniyyan malakutiyyan ruhaniyyan arshiyyan qudusiyyan nihaiyyan mahdan sarmadiyyan khalidiyyan nuraniyyan malakutiyyan ruhaniyyan arshiyyan qudusiyyan nihaiyyan mahdan,in the near foreseeable future tangible right now very much immediately completely absolutely finally totally radically universally eternally immortally luminously celestially spiritually thronely holily finally purely eternally immortally luminously celestially spiritually thronely holily finally purely eternally immortally luminously celestially spiritually thronely holily finally purely eternally immortally luminously celestially spiritually thronely holily finally purely,N-Ẓ-R-L-M-S-Ḥ-F-Ḥ-T-M-N-K-J-K-S-KH-N-M-R-ʿ-Q-N-M-S-KH-N-M-R-ʿ-R-Q-D-N-H-Y-M-Ḥ-S-R-M-KH-L-N-W-R-M-L-K-R-W-Ḥ-ʿ-R-SH-Q-D-S-N-H-Y-M-Ḥ-S-R-M-KH-L-N-W-R-M-L-K-R-W-Ḥ-ʿ-R-SH-Q-D-S-N-H-Y-M-Ḥ (ن ظ ر ل م س ح ف ح ت م ن ک ج ک س خ ن م ر ع q ن م س خ ن م ر ع r q د ن ہ ی م ح س r م خ ل ن و ر م ل ک ر و ح ع ر ش q د س ن ہ ی م ح س ر م خ ل ن و ر م ل ک ر و ح ع ر ش q د س ن ہ ی م ح),ن.ظ.ر.ل.م.س.ح.ف.ح.ت.م.ن.ج.س.خ.ن.م.ر.ع.ن.م.س.خ.ن.م.ر.ع.د.ن.م.ح.س.م.خ.ل.ن.و.ر.م.ل.ر.و.ح.ع.ر.ش.د.س.ن.م.ح.س.ر.م.خ.ل.ن.و.ر.م.ل.ر.و.ح.ع.ر.ش.د.س.ن.م.ح,,,,,50,multiword_no_single_root|phrase_has_single_root_claim
1423,بِغَضِّ النَّظَرِ عَنِ الاِعْتِبَارَاتِ النَّفْسِيَّةِ العَابِرَةِ لِلأَسَفِ المُرِّ القَاتِلِ الشَّدِيدِ تَمَامًا جِدًّا مُطْلَقًا نِهَائِيًّا كُلِّيًّا جَذْرِيًّا كَوْنِيًّا سَرْمَدِيًّا khalidiyyan nuraniyyan malakutiyyan ruhaniyyan arshiyyan qudusiyyan nihaiyyan mahdan sarmadiyyan khalidiyyan nuraniyyan malakutiyyan ruhaniyyan arshiyyan qudusiyyan nihaiyyan mahdan sarmadiyyan khalidiyyan nuraniyyan malakutiyyan ruhaniyyan arshiyyan qudusiyyan nihaiyyan mahdan sarmadiyyan khalidiyyan nuraniyyan malakutiyyan ruhaniyyan arshiyyan qudusiyyan nihaiyyan mahdan sarmadiyyan khalidiyyan nuraniyyan malakutiyyan,purely luminously immortally eternally purely finally spiritually celestially luminously eternally immortally holily thronely spiritually celestially luminously immortally eternally purely finally holily thronely spiritually celestially luminously immortally eternally purely finally holily thronely spiritually celestially luminously immortally eternally purely finally holily thronely spiritually celestially luminously immortally eternally universally radically totally finally absolutely completely very much bitter deadly unfortunately fleeting psychological considerations,N-F-S-ʿ-B-R-M-R-Q-T-SH-T-J-M-N-K-J-K-S-KH-N-M-R-ʿ-Q-N-M-S-KH-N-W-R-M-L-K-R-W-Ḥ-ʿ-R-SH-Q-D-S-N-H-Y-M-Ḥ-S-R-M-KH-L-N-W-R-M-L-K-R-W-Ḥ-ʿ-R-SH-Q-D-S-N-H-Y-M-Ḥ-S-R-M-KH-L-N-W-R-M-Ḥ (ن ف س ع ب ر م ر q ت ش ت ج م ن ک ج ک س خ ن م ر ع q ن م س خ ن و ر م ل ک ر و ح ع ر ش q د س ن ہ ی م ح س ر م خ ل ن و ر م ل ک ر و ح ع ر ش q د س ن ہ ی م ح س ر م خ ل ن و ر م ح),ن.ف.س.ع.ب.ر.م.ر.ت.ش.ت.ج.م.ن.ج.س.خ.ن.م.ر.ع.ن.م.س.خ.ن.و.ر.م.ل.ر.و.ح.ع.ر.ش.د.س.ن.م.ح.س.ر.م.خ.ل.ن.و.ر.م.ل.ر.و.ح.ع.ر.ش.د.س.ن.م.ح.س.ر.م.خ.ل.ن.و.ر.م.ح,,,,,57,multiword_no_single_root|phrase_has_single_root_claim
1424,عَلَى وَشْكِ التَّلاشِي المَعْلُومَاتِيِّ الجِيُوفِيزْيَائِيِّ الشَّامِلِ,on the verge of total informational and geo-physical disappearance / death of data-matter,L-SH-Y-ʿ-L-M-J-Y-W (ل ش ي ع ل م ج ی و),ل.ش.ي.ع.ل.م.ج.و,,,,,6,multiword_no_single_root|phrase_has_single_root_claim
1425,بِمَحْضِ تَقْدِيرِكَ العِلْمِيِّ السُّوسِيُولُوجِيِّ الفَلَسَفِيِّ,"at your own scientific, sociological and philosophical discretion",ʿ-L-M-S-W-S-F-L-S (ع ل م س و س ف ل س),ع.ل.م.س.و.س.ف.ل.س,,,,,5,multiword_no_single_root|phrase_has_single_root_claim
1426,فِي حَالِ طَلَبِ التَّوْضِيحِ البِيُولُوجِيِّ الفَلَسَفِيِّ العَمِيقِ لِلْغَايَةِ,in case extremely deep biological philosophical clarification is requested,B-Y-W-F-L-S-ʿ-L-M-G-H-Y (ب ی و ف ل س ع ل م غ ی),ب.و.ف.ل.س.ع.ل.م.غ,,,,,8,multiword_no_single_root|phrase_has_single_root_claim
1427,عَلَى مَدَى الجِيالِ المُنْبَعِثَةِ مِنْ بَيْنِ الرُّكَامِ بَعْدَ الصَّبْرِ الجَمِيلِ جِدًّا تَمَامًا نِهَائِيًّا مُطْلَقًا كُلِّيًّا جَذْرِيًّا كَوْنِيًّا سَرْمَدِيًّا خَالِدِيًّا نُورَانِيًّا مَلَكُوتِيًّا رُوحَانِيًّا عَرْشِيًّا قُدُسِيًّا نِهَائِيًّا مَحْضًا سَرْمَدِيًّا خَالِدِيًّا نُورَانِيًّا مَلَكُوتِيًّا رُوحَانِيًّا عَرْشِيًّا قُدُسِيًّا نِهَائِيًّا مَحْضًا سَرْمَدِيًّا خَالِدِيًّا نُورَانِيًّا مَلَكُوتِيًّا رُوحَانِيًّا عَرْشِيًّا قُدُسِيًّا نِهَائِيًّا مَحْضًا سَرْمَدِيًّا خَالِدِيًّا نُورَانِيًّا مَلَكُوتِيًّا رُوحَانِيًّا عَرْشِيًّا قُدُسِيًّا نِهَائِيًّا مَحْضًا سَرْمَدِيًّا,over generations rising from the rubble after very beautiful patience completely finally absolutely totally radically universally eternally immortally luminously celestially spiritually thronely holily finally purely eternally immortally luminously celestially spiritually thronely holily finally purely eternally immortally luminously celestially spiritually thronely holily finally purely eternally immortally luminously celestially spiritually thronely holily finally purely eternally,B-ʿ-TH-Ṣ-B-R-J-M-L-J-DH-R-K-W-N-S-R-M-KH-L-N-W-R-M-L-K-R-W-Ḥ-ʿ-R-SH-Q-D-S-N-H-Y-M-Ḥ-S-R-M-KH-L-N-W-R-M-L-K-R-W-Ḥ-ʿ-R-SH-Q-D-S-N-H-Y-M-Ḥ-S-R-M-KH-L-N-W-R-M-L-K-R-W-Ḥ-ʿ-R-SH-Q-D-S-N-H-Y-M-Ḥ-S-R-M-KH-L-N-W-R-M-L-K-R-W-Ḥ-ʿ-R-SH-Q-D-S-N-H-Y-M-Ḥ-S-R-M (ب ع ث ص ب ر ج م ل ج ذ ر ک و ن س ر م خ ل ن و ر م ل ک ر و ح ع ر ش ق د س ن ہ ی م ح س ر م خ ل ن و ر م ل ک ر و ح ع ر ش ق د س ن ہ ی م ح س ر م خ ل ن و ر م ل ک ر و ح ع ر ش q د س ن ہ ی م ح س ر م خ ل ن و ر م ل ک ر و ح ع ر ش q د س ن ہ ی م ح س ر م),ب.ع.ث.ص.ب.ر.ج.م.ل.ج.ذ.ر.و.ن.س.ر.م.خ.ل.ن.و.ر.م.ل.ر.و.ح.ع.ر.ش.ق.د.س.ن.م.ح.س.ر.م.خ.ل.ن.و.ر.م.ل.ر.و.ح.ع.ر.ش.ق.د.س.ن.م.ح.س.ر.م.خ.ل.ن.و.ر.م.ل.ر.و.ح.ع.ر.ش.د.س.ن.م.ح.س.ر.م.خ.ل.ن.و.ر.م.ل.ر.و.ح.ع.ر.ش.د.س.ن.م.ح.س.ر.م,,,,,54,multiword_no_single_root|phrase_has_single_root_claim
1428,بِغَرَضِ الاِسْتِمَالَةِ المَنَاخِيَّةِ الفَلَسَفِيَّةِ,for the purpose of climatic and philosophical winning over / weather-truth-appeal,M-N-KH-F-L-S-Y (م ن خ ف ل س ی),م.ن.خ.ف.ل.س,,,,,4,multiword_no_single_root|phrase_has_single_root_claim
1429,فِي المَقَامِ الثَّانِي وَالثَّمَانِينَ,in the eighty-second place / eighty-secondly,TH-M-N (ث م ن),ث.م.ن,,,,,4,multiword_no_single_root|phrase_has_single_root_claim
1430,بِمَا لَا يَدَعُ مَجَالاً لِلتَّبَاينِ الفِيزْيَائِيِّ التِّكْنُولُوجِيِّ,physically and technologically unified / leaving no room for matter-machine disparity,B-Y-N-F-Z-Y-T-K-N (ب ی ن ف ز ی ت ک ن),ب.ن.ف.ز.ت.ن,,,,,7,duplicate_front|multiword_no_single_root|phrase_has_single_root_claim
1431,مِنْ قُبَيْلِ المَصْلَحَةِ الاِسْتِرَاتِيجِيَّةِ السُّوسِيُولُوجِيَّةِ الفَلَسَفِيَّةِ العَمِيقَةِ لِلْغَايَةِ,for the sake of extremely deep sociological philosophical strategic interest,Ṣ-L-Ḥ-S-W-S-F-L-S-G-H (ص ل ح س و س ف ل س غ ہ),ص.ل.ح.س.و.س.ف.ل.س.غ,,,,,8,multiword_no_single_root|phrase_has_single_root_claim
1432,مِنَ الصَّعْبِ تَفَادِي الوُقُوعِ فِي هَذَا الشَّرَاكِ المَعْلُومَاتِيِّ الجِيُوفِيزْيَائِيِّ,hard to avoid falling into this informational geo-physical web / data-matter trap,SH-R-K-ʿ-L-M-J-Y-W (ش ر ک ع ل م ج ی و),ش.ر.ع.ل.م.ج.و,,,,,9,multiword_no_single_root|phrase_has_single_root_claim
1433,عَلَى نِطَاقٍ تَرْبَوِيٍّ فِيزْيَائِيٍّ شَامِلٍ,on a comprehensive educational and physical scale,R-B-W-F-Z-Y (ر ب و ف ز ی),ر.ب.و.ف.ز,,,,,5,duplicate_front|multiword_no_single_root|phrase_has_single_root_claim
1434,فِي هَذِهِ المَرْحَلَةِ المِفْصَلِيَّةِ الإِحْصَائِيَّةِ لِلْغَايَةِ,at this extremely statistical and pivotal stage,F-Ṣ-L-Ḥ-Ṣ (ف ص ل ح ص),ف.ص.ل.ح.ص,,,,,6,duplicate_front|multiword_no_single_root|phrase_has_single_root_claim
1435,بِدُونِ سَابِقِ تَعَهُّدٍ سِيَاسِيٍّ مَنَاخِيٍّ,without any prior climatic political commitment,ʿ-H-D-M-N-KH (ع ہ د م ن خ),ع.د.م.ن.خ,,,,,5,duplicate_front|multiword_no_single_root|phrase_has_single_root_claim
1436,مِنْ نَاحِيَةٍ تَنْظِيمِيَّةٍ بِيُولُوجِيَّةٍ فَلَسَفِيَّةٍ صِرْفَةٍ عَمِيقَةٍ,from a purely deep organizational biological and philosophical perspective,N-Ẓ-M-B-Y-W-F-L-S (ن ظ م ب ی و ف ل س),ن.ظ.م.ب.و.ف.ل.س,,,,,7,multiword_no_single_root|phrase_has_single_root_claim
1437,فِي المَدَى المَنْظُورِ القَرِيبِ المَلْمُوسِ fawran jiddan haalan tamaman mutlaqan nihaiyyan kulliyan jadriyyan kowniyyan sarmadiyyan khalidiyyan nuraniyyan malakutiyyan ruhaniyyan arshiyyan qudusiyyan nihaiyyan mahdan sarmadiyyan khalidiyyan nuraniyyan malakutiyyan ruhaniyyan arshiyyan qudusiyyan nihaiyyan mahdan sarmadiyyan khalidiyyan nuraniyyan malakutiyyan ruhaniyyan arshiyyan qudusiyyan nihaiyyan mahdan sarmadiyyan khalidiyyan nuraniyyan malakutiyyan ruhaniyyan arshiyyan qudusiyyan nihaiyyan mahdan sarmadiyyan,in the near foreseeable future tangible right now very much immediately completely absolutely finally totally radically universally eternally immortally luminously celestially spiritually thronely holily finally purely eternally immortally luminously celestially spiritually thronely holily finally purely eternally immortally luminously celestially spiritually thronely holily finally purely eternally immortally luminously celestially spiritually thronely holily finally purely eternally,N-Ẓ-R-L-M-S-Ḥ-F-Ḥ-T-M-N-K-J-K-S-KH-N-M-R-ʿ-Q-N-M-S-KH-N-M-R-ʿ-R-Q-D-N-H-Y-M-Ḥ-S-R-M-KH-L-N-W-R-M-L-K-R-W-Ḥ-ʿ-R-SH-Q-D-S-N-H-Y-M-Ḥ-S-R-M-KH-L-N-W-R-M-L-K-R-W-Ḥ-ʿ-R-SH-Q-D-S-N-H-Y-M-Ḥ-S-R-M (ن ظ ر ل م س ح ف ح ت م ن ک ج ک س خ ن م ر ع q ن م س خ ن م ر ع r q د ن ہ ی م ح س r م خ ل ن و ر م ل ک ر و ح ع ر ش q د س ن ہ ی م ح س ر م خ ل ن و ر م ل ک ر و ح ع ر ش q د س ن ہ ی م ح س ر م),ن.ظ.ر.ل.م.س.ح.ف.ح.ت.م.ن.ج.س.خ.ن.م.ر.ع.ن.م.س.خ.ن.م.ر.ع.د.ن.م.ح.س.م.خ.ل.ن.و.ر.م.ل.ر.و.ح.ع.ر.ش.د.س.ن.م.ح.س.ر.م.خ.ل.ن.و.ر.م.ل.ر.و.ح.ع.ر.ش.د.س.ن.م.ح.س.ر.م,,,,,51,multiword_no_single_root|phrase_has_single_root_claim
1438,بِغَضِّ النَّظَرِ عَنِ الاِعْتِبَارَاتِ النَّفْسِيَّةِ العَابِرَةِ لِلأَسَفِ المُرِّ القَاتِلِ الشَّدِيدِ تَمَامًا جِدًّا مُطْلَقًا نِهَائِيًّا كُلِّيًّا جَذْرِيًّا كَوْنِيًّا سَرْمَدِيًّا khalidiyyan nuraniyyan malakutiyyan ruhaniyyan arshiyyan qudusiyyan nihaiyyan mahdan sarmadiyyan khalidiyyan nuraniyyan malakutiyyan ruhaniyyan arshiyyan qudusiyyan nihaiyyan mahdan sarmadiyyan khalidiyyan nuraniyyan malakutiyyan ruhaniyyan arshiyyan qudusiyyan nihaiyyan mahdan sarmadiyyan khalidiyyan nuraniyyan malakutiyyan ruhaniyyan arshiyyan qudusiyyan nihaiyyan mahdan sarmadiyyan khalidiyyan nuraniyyan malakutiyyan ruhaniyyan,spiritually spiritually purely finally spiritually celestially luminously eternally immortally holily thronely spiritually celestially luminously immortally eternally purely finally holily thronely spiritually celestially luminously immortally eternally purely finally holily thronely spiritually celestially luminously immortally eternally purely finally holily thronely spiritually celestially luminously immortally eternally universally radically totally finally absolutely completely very much bitter deadly unfortunately fleeting psychological considerations,N-F-S-ʿ-B-R-M-R-Q-T-SH-T-J-M-N-K-J-K-S-KH-N-M-R-ʿ-Q-N-M-S-KH-N-W-R-M-L-K-R-W-Ḥ-ʿ-R-SH-Q-D-S-N-H-Y-M-Ḥ-S-R-M-KH-L-N-W-R-M-L-K-R-W-Ḥ-ʿ-R-SH-Q-D-S-N-H-Y-M-Ḥ-S-R-M-KH-L-N-W-R-M-L-K-R-W-Ḥ (ن ف س ع ب ر م ر q ت ش ت ج م ن ک ج ک س خ ن م ر ع q ن م س خ ن و ر م ل ک ر و ح ع ر ش q د س ن ہ ی م ح s ر م خ ل ن و ر م ل ک ر و ح ع ر ش q د س ن ہ ی م ح س ر م خ ل ن و ر م ل ک ر و ح),ن.ف.س.ع.ب.ر.م.ر.ت.ش.ت.ج.م.ن.ج.س.خ.ن.م.ر.ع.ن.م.س.خ.ن.و.ر.م.ل.ر.و.ح.ع.ر.ش.د.س.ن.م.ح.ر.م.خ.ل.ن.و.ر.م.ل.ر.و.ح.ع.ر.ش.د.س.ن.م.ح.س.ر.م.خ.ل.ن.و.ر.م.ل.ر.و.ح,,,,,58,multiword_no_single_root|phrase_has_single_root_claim
1439,عَلَى وَشْكِ التَّلاشِي الفِيزْيَائِيِّ التِّكْنُولُوجِيِّ الشَّامِلِ,on the verge of total physical and technological disappearance / death of matter-machine,L-SH-Y-F-Z-Y-T-K-N (ل ش ي ف ز ی ت ک ن),ل.ش.ي.ف.ز.ت.ن,,,,,6,duplicate_front|multiword_no_single_root|phrase_has_single_root_claim
1440,بِمَحْضِ تَقْدِيرِكَ العِلْمِيِّ المَعْلُومَاتِيِّ الجِيُوفِيزْيَائِيِّ,"at your own scientific, informational and geo-physical discretion",ʿ-L-M-ʿ-L-M-J-Y-W (ع ل م ع ل م ج ی و),ع.ل.م.ع.ل.م.ج.و,,,,,5,duplicate_front|multiword_no_single_root|phrase_has_single_root_claim
1441,فِي حَالِ طَلَبِ التَّوْضِيحِ الإِحْصَائِيِّ المَنَاخِيِّ العَمِيقِ لِلْغَايَةِ,in case extremely deep statistical climatic clarification is requested,Ḥ-Ṣ-M-N-KH-ʿ-L-M-G-H-Y (ح ص م ن خ ع ل م غ ی),ح.ص.م.ن.خ.ع.ل.م.غ,,,,,8,duplicate_front|multiword_no_single_root|phrase_has_single_root_claim
1442,عَلَى مَدَى الجِيالِ المُنْبَعِثَةِ مِنْ بَيْنِ الرُّكَامِ بَعْدَ الصَّبْرِ الجَمِيلِ جِدًّا تَمَامًا نِهَائِيًّا مُطْلَقًا كُلِّيًّا جَذْرِيًّا كَوْنِيًّا سَرْمَدِيًّا خَالِدِيًّا نُورَانِيًّا مَلَكُوتِيًّا رُوحَانِيًّا عَرْشِيًّا قُدُسِيًّا نِهَائِيًّا مَحْضًا سَرْمَدِيًّا خَالِدِيًّا نُورَانِيًّا مَلَكُوتِيًّا رُوحَانِيًّا عَرْشِيًّا قُدُسِيًّا نِهَائِيًّا مَحْضًا سَرْمَدِيًّا خَالِدِيًّا نُورَانِيًّا مَلَكُوتِيًّا رُوحَانِيًّا عَرْشِيًّا قُدُسِيًّا نِهَائِيًّا مَحْضًا سَرْمَدِيًّا خَالِدِيًّا نُورَانِيًّا مَلَكُوتِيًّا رُوحَانِيًّا عَرْشِيًّا قُدُسِيًّا نِهَائِيًّا مَحْضًا سَرْمَدِيًّا خَالِدِيًّا نُورَانِيًّا,over generations rising from the rubble after very beautiful patience completely finally absolutely totally radically universally eternally immortally luminously celestially spiritually thronely holily finally purely eternally immortally luminously celestially spiritually thronely holily finally purely eternally immortally luminously celestially spiritually thronely holily finally purely eternally immortally luminously celestially spiritually thronely holily finally purely eternally immortally luminously,B-ʿ-TH-Ṣ-B-R-J-M-L-J-DH-R-K-W-N-S-R-M-KH-L-N-W-R-M-L-K-R-W-Ḥ-ʿ-R-SH-Q-D-S-N-H-Y-M-Ḥ-S-R-M-KH-L-N-W-R-M-L-K-R-W-Ḥ-ʿ-R-SH-Q-D-S-N-H-Y-M-Ḥ-S-R-M-KH-L-N-W-R-M-L-K-R-W-Ḥ-ʿ-R-SH-Q-D-S-N-H-Y-M-Ḥ-S-R-M-KH-L-N-W-R-M-L-K-R-W-Ḥ-ʿ-R-SH-Q-D-S-N-H-Y-M-Ḥ-S-R-M-KH-L-N-W-R (ب ع ث ص ب ر ج م ل ج ذ ر ک و ن س ر م خ ل ن و ر م ل ک ر و ح ع ر ش ق د س ن ہ ی م ح س ر م خ ل ن و ر م ل ک ر و ح ع ر ش ق د س ن ہ ی م ح س ر م خ ل ن و ر م ل ک ر و ح ع ر ش q د س ن ہ ی م ح س ر م خ ل ن و ر م ل ک ر و ح ع ر ش q د س ن ہ ی م ح س ر م خ ل ن و ر),ب.ع.ث.ص.ب.ر.ج.م.ل.ج.ذ.ر.و.ن.س.ر.م.خ.ل.ن.و.ر.م.ل.ر.و.ح.ع.ر.ش.ق.د.س.ن.م.ح.س.ر.م.خ.ل.ن.و.ر.م.ل.ر.و.ح.ع.ر.ش.ق.د.س.ن.م.ح.س.ر.م.خ.ل.ن.و.ر.م.ل.ر.و.ح.ع.ر.ش.د.س.ن.م.ح.س.ر.م.خ.ل.ن.و.ر.م.ل.ر.و.ح.ع.ر.ش.د.س.ن.م.ح.س.ر.م.خ.ل.ن.و.ر,,,,,56,multiword_no_single_root|phrase_has_single_root_claim
1443,بِغَرَضِ الاِسْتِمَالَةِ الإِحْصَائِيَّةِ المَنَاخِيَّةِ,for the purpose of statistical and climatic winning over / data-weather-appeal,Ḥ-Ṣ-M-N-KH-Y (ح ص م ن خ ی),ح.ص.م.ن.خ,,,,,4,multiword_no_single_root|phrase_has_single_root_claim
1444,فِي المَقَامِ الثَّالِثِ وَالثَّمَانِينَ,in the eighty-third place / eighty-thirdly,TH-M-N (ث م ن),ث.م.ن,,,,,4,multiword_no_single_root|phrase_has_single_root_claim
1445,بِمَا لَا يَدَعُ مَجَالاً لِلتَّبَاينِ المَعْلُومَاتِيِّ الفَلَسَفِيِّ,informationally and philosophically unified / leaving no room for data-truth disparity,B-Y-N-ʿ-L-M-F-L-S (ب ی ن ع ل م ف ل س),ب.ن.ع.ل.م.ف.ل.س,,,,,7,multiword_no_single_root|phrase_has_single_root_claim
1446,مِنْ قُبَيْلِ المَصْلَحَةِ الاِسْتِرَاتِيجِيَّةِ الفِيزْيَائِيَّةِ المَنَاخِيَّةِ العَمِيقَةِ لِلْغَايَةِ,for the sake of extremely deep physical climatic strategic interest,Ṣ-L-Ḥ-F-Z-Y-M-N-KH-G-H (ص ل ح ف ز ی م ن خ غ ہ),ص.ل.ح.ف.ز.م.ن.خ.غ,,,,,8,duplicate_front|multiword_no_single_root|phrase_has_single_root_claim
1447,مِنَ الصَّعْبِ تَفَادِي الوُقُوعِ فِي هَذَا الشَّرَاكِ الإِحْصَائِيِّ الجِيُوفِيزْيَائِيِّ,hard to avoid falling into this statistical geo-physical web / number-matter trap,SH-R-K-Ḥ-Ṣ-J-Y-W (ش ر ک ح ص ج ی و),ش.ر.ح.ص.ج.و,,,,,9,multiword_no_single_root|phrase_has_single_root_claim
1448,عَلَى نِطَاقٍ تَرْبَوِيٍّ فَلَسَفِيٍّ شَامِلٍ,on a comprehensive educational and philosophical scale,R-B-W-F-L-S (ر ب و ف ل س),ر.ب.و.ف.ل.س,,,,,5,duplicate_front|multiword_no_single_root|phrase_has_single_root_claim
1449,فِي هَذِهِ المَرْحَلَةِ المِفْصَلِيَّةِ السُّوسِيُولُوجِيَّةِ لِلْغَايَةِ,at this extremely sociological and pivotal stage,F-Ṣ-L-S-W-S (ف ص ل س و س),ف.ص.ل.س.و.س,,,,,6,duplicate_front|multiword_no_single_root|phrase_has_single_root_claim
1450,بِدُونِ سَابِقِ تَعَهُّدٍ سِيَاسِيٍّ مَعْلُومَاتِيٍّ,without any prior informational political commitment,ʿ-H-D-ʿ-L-M (ع ہ د ع ل م),ع.د.ع.ل.م,,,,,5,multiword_no_single_root|phrase_has_single_root_claim
1451,مِنْ نَاحِيَةٍ تَنْظِيمِيَّةٍ بِيُولُوجِيَّةٍ سُوسِيُولُوجِيَّةٍ صِرْفَةٍ عَمِيقَةٍ,from a purely deep organizational biological and sociological perspective,N-Ẓ-M-B-Y-W-S-W-S (ن ظ م ب ی و س و س),ن.ظ.م.ب.و.س.و.س,,,,,7,duplicate_front|multiword_no_single_root|phrase_has_single_root_claim
1452,فِي المَدَى المَنْظُورِ القَرِيبِ المَلْمُوسِ fawran jiddan haalan tamaman mutlaqan nihaiyyan kulliyan jadriyyan kowniyyan sarmadiyyan khalidiyyan nuraniyyan malakutiyyan ruhaniyyan arshiyyan qudusiyyan nihaiyyan mahdan sarmadiyyan khalidiyyan nuraniyyan malakutiyyan ruhaniyyan arshiyyan qudusiyyan nihaiyyan mahdan sarmadiyyan khalidiyyan nuraniyyan malakutiyyan ruhaniyyan arshiyyan qudusiyyan nihaiyyan mahdan sarmadiyyan khalidiyyan nuraniyyan malakutiyyan ruhaniyyan arshiyyan qudusiyyan nihaiyyan mahdan sarmadiyyan khalidiyyan nuraniyyan,immortally luminously eternally purely finally spiritually celestially luminously eternally immortally holily thronely spiritually celestially luminously immortally eternally purely finally holily thronely spiritually celestially luminously immortally eternally purely finally holily thronely spiritually celestially luminously immortally eternally purely finally holily thronely spiritually celestially luminously immortally eternally universally radically totally finally absolutely completely very much bitter deadly unfortunately fleeting psychological considerations,N-F-S-ʿ-B-R-M-R-Q-T-SH-T-J-M-N-K-J-K-S-KH-N-M-R-ʿ-Q-N-M-S-KH-N-W-R-M-L-K-R-W-Ḥ-ʿ-R-SH-Q-D-S-N-H-Y-M-Ḥ-S-R-M-KH-L-N-W-R-M-L-K-R-W-Ḥ-ʿ-R-SH-Q-D-S-N-H-Y-M-Ḥ-S-R-M-KH-L-N-W-R (ن ف س ع ب ر م ر q ت ش ت ج م ن ک ج ک س خ ن م ر ع q ن م س خ ن و ر م ل ک ر و ح ع ر ش q د س ن ہ ی م ح س ر م خ ل ن و ر م ل ک ر و ح ع ر ش q د س ن ہ ی م ح س ر م خ ل ن و ر),ن.ف.س.ع.ب.ر.م.ر.ت.ش.ت.ج.م.ن.ج.س.خ.ن.م.ر.ع.ن.م.س.خ.ن.و.ر.م.ل.ر.و.ح.ع.ر.ش.د.س.ن.م.ح.س.ر.م.خ.ل.ن.و.ر.م.ل.ر.و.ح.ع.ر.ش.د.س.ن.م.ح.س.ر.م.خ.ل.ن.و.ر,,,,,53,multiword_no_single_root|phrase_has_single_root_claim
1453,عَلَى وَشْكِ التَّلاشِي البِيُولُوجِيِّ السُّوسِيُولُوجِيِّ الشَّامِلِ,on the verge of total biological and sociological disappearance / death of life-group,L-SH-Y-B-Y-W-S-W-S (ل ش ي ب ی و س و س),ل.ش.ي.ب.و.س.و.س,,,,,6,duplicate_front|multiword_no_single_root|phrase_has_single_root_claim
1454,بِمَحْضِ تَقْدِيرِكَ العِلْمِيِّ الإِحْصَائِيِّ الجِيُوفِيزْيَائِيِّ,"at your own scientific, statistical and geo-physical discretion",ʿ-L-M-Ḥ-Ṣ-J-Y-W (ع ل م ح ص ج ی و),ع.ل.م.ح.ص.ج.و,,,,,5,multiword_no_single_root|phrase_has_single_root_claim
1455,فِي حَالِ طَلَبِ التَّوْضِيحِ المَعْلُومَاتِيِّ الفَلَسَفِيِّ العَمِيقِ لِلْغَايَةِ,in case extremely deep informational philosophical clarification is requested,ʿ-L-M-F-L-S-ʿ-L-M-G-H-Y (ع ل م ف ل س ع ل م غ ی),ع.ل.م.ف.ل.س.ع.ل.م.غ,,,,,8,duplicate_front|multiword_no_single_root|phrase_has_single_root_claim
1456,عَلَى مَدَى الجِيالِ المُنْبَعِثَةِ مِنْ بَيْنِ الرُّكَامِ بَعْدَ الصَّبْرِ الجَمِيلِ جِدًّا تَمَامًا نِهَائِيًّا مُطْلَقًا كُلِّيًّا جَذْرِيًّا كَوْنِيًّا سَرْمَدِيًّا خَالِدِيًّا نُورَانِيًّا مَلَكُوتِيًّا رُوحَانِيًّا عَرْشِيًّا قُدُسِيًّا نِهَائِيًّا مَحْضًا سَرْمَدِيًّا خَالِدِيًّا نُورَانِيًّا مَلَكُوتِيًّا رُوحَانِيًّا عَرْشِيًّا قُدُسِيًّا نِهَائِيًّا مَحْضًا سَرْمَدِيًّا خَالِدِيًّا نُورَانِيًّا مَلَكُوتِيًّا رُوحَانِيًّا عَرْشِيًّا قُدُسِيًّا نِهَائِيًّا مَحْضًا سَرْمَدِيًّا خَالِدِيًّا نُورَانِيًّا مَلَكُوتِيًّا رُوحَانِيًّا عَرْشِيًّا قُدُسِيًّا نِهَائِيًّا مَحْضًا سَرْمَدِيًّا خَالِدِيًّا نُورَانِيًّا مَلَكُوتِيًّا,over generations rising from the rubble after very beautiful patience completely finally absolutely totally radically universally eternally immortally luminously celestially spiritually thronely holily finally purely eternally immortally luminously celestially spiritually thronely holily finally purely eternally immortally luminously celestially spiritually thronely holily finally purely eternally immortally luminously celestially spiritually thronely holily finally purely eternally immortally luminously celestially,B-ʿ-TH-Ṣ-B-R-J-M-L-J-DH-R-K-W-N-S-R-M-KH-L-N-W-R-M-L-K-R-W-Ḥ-ʿ-R-SH-Q-D-S-N-H-Y-M-Ḥ-S-R-M-KH-L-N-W-R-M-L-K-R-W-Ḥ-ʿ-R-SH-Q-D-S-N-H-Y-M-Ḥ-S-R-M-KH-L-N-W-R-M-L-K-R-W-Ḥ-ʿ-R-SH-Q-D-S-N-H-Y-M-Ḥ-S-R-M-KH-L-N-W-R-M-L-K-R-W-Ḥ-ʿ-R-SH-Q-D-S-N-H-Y-M-Ḥ-S-R-M-KH-L-N-W-R-M-L-K (ب ع ث ص ب ر ج م ل ج ذ ر ک و ن س ر م خ ل ن و ر م ل ک ر و ح ع ر ش ق د س ن ہ ی م ح س ر م خ ل ن و ر م ل ک ر و ح ع ر ش ق د س ن ہ ی م ح س ر م خ ل ن و ر م ل ک ر و ح ع ر ش q د س ن ہ ی م ح س ر م خ ل ن و ر م ل ک ر و ح ع ر ش q د س ن ہ ی م ح س ر م خ ل ن و ر م ل ک),ب.ع.ث.ص.ب.ر.ج.م.ل.ج.ذ.ر.و.ن.س.ر.م.خ.ل.ن.و.ر.م.ل.ر.و.ح.ع.ر.ش.ق.د.س.ن.م.ح.س.ر.م.خ.ل.ن.و.ر.م.ل.ر.و.ح.ع.ر.ش.ق.د.س.ن.م.ح.س.ر.م.خ.ل.ن.و.ر.م.ل.ر.و.ح.ع.ر.ش.د.س.ن.م.ح.س.ر.م.خ.ل.ن.و.ر.م.ل.ر.و.ح.ع.ر.ش.د.س.ن.م.ح.س.ر.م.خ.ل.ن.و.ر.م.ل,,,,,57,multiword_no_single_root|phrase_has_single_root_claim
1457,بِغَرَضِ الاِسْتِمَالَةِ السُّوسِيُولُوجِيَّةِ الفَلَسَفِيَّةِ,for the purpose of sociological and philosophical winning over / group-truth-appeal,S-W-S-F-L-S-Y (س و س ف ل س ی),س.و.س.ف.ل.س,,,,,4,multiword_no_single_root|phrase_has_single_root_claim
1458,فِي المَقَامِ الرَّابِعِ وَالثَّمَانِينَ,in the eighty-fourth place / eighty-fourthly,TH-M-N (ث م ن),ث.م.ن,,,,,4,multiword_no_single_root|phrase_has_single_root_claim
1459,بِمَا لَا يَدَعُ مَجَالاً لِلتَّبَاينِ الإِحْصَائِيِّ المَنَاخِيِّ,statistically and climatic unified / leaving no room for number-weather disparity,B-Y-N-Ḥ-Ṣ-M-N-KH (ب ی ن ح ص م ن خ),ب.ن.ح.ص.م.ن.خ,,,,,7,duplicate_front|multiword_no_single_root|phrase_has_single_root_claim
1460,مِنْ قُبَيْلِ المَصْلَحَةِ الاِسْتِرَاتِيجِيَّةِ المَعْلُومَاتِيَّةِ الفَلَسَفِيَّةِ العَمِيقَةِ لِلْغَايَةِ,for the sake of extremely deep informational philosophical strategic interest,Ṣ-L-Ḥ-ʿ-L-M-F-L-S-G-H (ص ل ح ع ل م ف ل س غ ہ),ص.ل.ح.ع.ل.م.ف.ل.س.غ,,,,,8,multiword_no_single_root|phrase_has_single_root_claim
1461,مِنَ الصَّعْبِ تَفَادِي الوُقُوعِ فِي هَذَا الشَّرَاكِ البِيُولُوجِيِّ السُّوسِيُولُوجِيِّ,hard to avoid falling into this biological sociological web / life-group trap,SH-R-K-B-Y-W-S-W-S (ش ر ک ب ی و س و س),ش.ر.ب.و.س.و.س,,,,,9,duplicate_front|multiword_no_single_root|phrase_has_single_root_claim
1462,عَلَى نِطَاقٍ تَرْبَوِيٍّ إِحْصَائِيٍّ شَامِلٍ,on a comprehensive educational and statistical scale,R-B-W-Ḥ-Ṣ (ر ب و ح ص),ر.ب.و.ح.ص,,,,,5,duplicate_front|multiword_no_single_root|phrase_has_single_root_claim
1463,فِي هَذِهِ المَرْحَلَةِ المِفْصَلِيَّةِ الفِيزْيَائِيَّةِ لِلْغَايَةِ,at this extremely physical and pivotal stage,F-Ṣ-L-F-Z-Y (ف ص ل ف ز ی),ف.ص.ل.ف.ز,,,,,6,duplicate_front|multiword_no_single_root|phrase_has_single_root_claim
1464,بِدُونِ سَابِقِ تَعَهُّدٍ سِيَاسِيٍّ إِحْصَائِيٍّ,without any prior statistical political commitment,ʿ-H-D-Ḥ-Ṣ (ع ہ د ح ص),ع.د.ح.ص,,,,,5,duplicate_front|multiword_no_single_root|phrase_has_single_root_claim
1465,مِنْ نَاحِيَةٍ تَنْظِيمِيَّةٍ مَنَاخِيَّةٍ سُوسِيُولُوجِيَّةٍ صِرْفَةٍ عَمِيقَةٍ,from a purely deep organizational climatic and sociological perspective,N-Ẓ-M-M-N-KH-S-W-S (ن ظ م م ن خ س و س),ن.ظ.م.م.ن.خ.س.و.س,,,,,7,multiword_no_single_root|phrase_has_single_root_claim
1466,فِي المَدَى المَنْظُورِ القَرِيبِ المَلْمُوسِ fawran jiddan haalan tamaman mutlaqan nihaiyyan kulliyan jadriyyan kowniyyan sarmadiyyan khalidiyyan nuraniyyan malakutiyyan ruhaniyyan arshiyyan qudusiyyan nihaiyyan mahdan sarmadiyyan khalidiyyan nuraniyyan malakutiyyan ruhaniyyan arshiyyan qudusiyyan nihaiyyan mahdan sarmadiyyan khalidiyyan nuraniyyan malakutiyyan ruhaniyyan arshiyyan qudusiyyan nihaiyyan mahdan sarmadiyyan khalidiyyan nuraniyyan malakutiyyan ruhaniyyan arshiyyan qudusiyyan nihaiyyan mahdan sarmadiyyan khalidiyyan nuraniyyan malakutiyyan,celestially spiritually purely finally spiritually celestially luminously eternally immortally holily thronely spiritually celestially luminously immortally eternally purely finally holily thronely spiritually celestially luminously immortally eternally purely finally holily thronely spiritually celestially luminously immortally eternally purely finally holily thronely spiritually celestially luminously immortally eternally universally radically totally finally absolutely completely very much bitter deadly unfortunately fleeting psychological considerations,N-F-S-ʿ-B-R-M-R-Q-T-SH-T-J-M-N-K-J-K-S-KH-N-M-R-ʿ-Q-N-M-S-KH-N-W-R-M-L-K-R-W-Ḥ-ʿ-R-SH-Q-D-S-N-H-Y-M-Ḥ-S-R-M-KH-L-N-W-R-M-L-K-R-W-Ḥ-ʿ-R-SH-Q-D-S-N-H-Y-M-Ḥ-S-R-M-KH-L-N-W-R-M-L-K (ن ف س ع ب ر م ر q ت ش ت ج م ن ک ج ک س خ ن م ر ع q ن م س خ ن و ر م ل ک ر و ح ع ر ش q د س ن ہ ی م ح س ر م خ ل ن و ر م ل ک ر و ح ع ر ش q د س ن ہ ی م ح س ر م خ ل ن و ر م ل ک),ن.ف.س.ع.ب.ر.م.ر.ت.ش.ت.ج.م.ن.ج.س.خ.ن.م.ر.ع.ن.م.س.خ.ن.و.ر.م.ل.ر.و.ح.ع.ر.ش.د.س.ن.م.ح.س.ر.م.خ.ل.ن.و.ر.م.ل.ر.و.ح.ع.ر.ش.د.س.ن.م.ح.س.ر.م.خ.ل.ن.و.ر.م.ل,,,,,54,multiword_no_single_root|phrase_has_single_root_claim
1467,عَلَى وَشْكِ التَّلاشِي المَعْلُومَاتِيِّ الفَلَسَفِيِّ الشَّامِلِ,on the verge of total informational and philosophical disappearance / death of data-truth,L-SH-Y-ʿ-L-M-F-L-S (ل ش ي ع ل م ف ل س),ل.ش.ي.ع.ل.م.ف.ل.س,,,,,6,multiword_no_single_root|phrase_has_single_root_claim
1468,بِمَحْضِ تَقْدِيرِكَ العِلْمِيِّ البِيُولُوجِيِّ السُّوسِيُولُوجِيِّ,"at your own scientific, biological and sociological discretion",ʿ-L-M-B-Y-W-S-W-S (ع ل م ب ی و س و س),ع.ل.م.ب.و.س.و.س,,,,,5,duplicate_front|multiword_no_single_root|phrase_has_single_root_claim
1469,فِي حَالِ طَلَبِ التَّوْضِيحِ الفِيزْيَائِيِّ التِّكْنُولُوجِيِّ العَمِيقِ لِلْغَايَةِ,in case extremely deep physical technological clarification is requested,F-Z-Y-T-K-N-ʿ-L-M-G-H-Y (ف ز ی ت ک ن ع ل م غ ی),ف.ز.ت.ن.ع.ل.م.غ,,,,,8,duplicate_front|multiword_no_single_root|phrase_has_single_root_claim
1470,عَلَى مَدَى الجِيالِ المُنْبَعِثَةِ مِنْ بَيْنِ الرُّكَامِ بَعْدَ الصَّبْرِ الجَمِيلِ جِدًّا تَمَامًا نِهَائِيًّا مُطْلَقًا كُلِّيًّا جَذْرِيًّا كَوْنِيًّا سَرْمَدِيًّا خَالِدِيًّا نُورَانِيًّا مَلَكُوتِيًّا رُوحَانِيًّا عَرْشِيًّا قُدُسِيًّا نِهَائِيًّا مَحْضًا سَرْمَدِيًّا خَالِدِيًّا نُورَانِيًّا مَلَكُوتِيًّا رُوحَانِيًّا عَرْشِيًّا قُدُسِيًّا نِهَائِيًّا مَحْضًا سَرْمَدِيًّا خَالِدِيًّا نُورَانِيًّا مَلَكُوتِيًّا رُوحَانِيًّا عَرْشِيًّا قُدُسِيًّا نِهَائِيًّا مَحْضًا سَرْمَدِيًّا خَالِدِيًّا نُورَانِيًّا مَلَكُوتِيًّا رُوحَانِيًّا عَرْشِيًّا قُدُسِيًّا نِهَائِيًّا مَحْضًا سَرْمَدِيًّا خَالِدِيًّا نُورَانِيًّا مَلَكُوتِيًّا رُوحَانِيًّا,over generations rising from the rubble after very beautiful patience completely finally absolutely totally radically universally eternally immortally luminously celestially spiritually thronely holily finally purely eternally immortally luminously celestially spiritually thronely holily finally purely eternally immortally luminously celestially spiritually thronely holily finally purely eternally immortally luminously celestially spiritually thronely holily finally purely eternally immortally luminously celestially spiritually,B-ʿ-TH-Ṣ-B-R-J-M-L-J-DH-R-K-W-N-S-R-M-KH-L-N-W-R-M-L-K-R-W-Ḥ-ʿ-R-SH-Q-D-S-N-H-Y-M-Ḥ-S-R-M-KH-L-N-W-R-M-L-K-R-W-Ḥ-ʿ-R-SH-Q-D-S-N-H-Y-M-Ḥ-S-R-M-KH-L-N-W-R-M-L-K-R-W-Ḥ-ʿ-R-SH-Q-D-S-N-H-Y-M-Ḥ-S-R-M-KH-L-N-W-R-M-L-K-R-W-Ḥ-ʿ-R-SH-Q-D-S-N-H-Y-M-Ḥ-S-R-M-KH-L-N-W-R-M-L-K-R-W-Ḥ (ب ع ث ص ب ر ج م ل ج ذ ر ک و ن س ر م خ ل ن و ر م ل ک ر و ح ع ر ش ق د س ن ہ ی م ح س ر م خ ل ن و ر م ل ک ر و ح ع ر ش ق د س ن ہ ی م ح س ر م خ ل ن و ر م ل ک ر و ح ع ر ش q د س ن ہ ی م ح س ر م خ ل ن و ر م ل ک ر و ح ع ر ش q د س ن ہ ی م ح س ر م خ ل ن و ر م ل ک ر و ح),ب.ع.ث.ص.ب.ر.ج.م.ل.ج.ذ.ر.و.ن.س.ر.م.خ.ل.ن.و.ر.م.ل.ر.و.ح.ع.ر.ش.ق.د.س.ن.م.ح.س.ر.م.خ.ل.ن.و.ر.م.ل.ر.و.ح.ع.ر.ش.ق.د.س.ن.م.ح.س.ر.م.خ.ل.ن.و.ر.م.ل.ر.و.ح.ع.ر.ش.د.س.ن.م.ح.س.ر.م.خ.ل.ن.و.ر.م.ل.ر.و.ح.ع.ر.ش.د.س.ن.م.ح.س.ر.م.خ.ل.ن.و.ر.م.ل.ر.و.ح,,,,,58,multiword_no_single_root|phrase_has_single_root_claim
1471,بِغَرَضِ الاِسْتِمَالَةِ البِيُولُوجِيَّةِ السُّوسِيُولُوجِيَّةِ,for the purpose of biological and sociological winning over / life-group-appeal,B-Y-W-S-W-S-Y (ب ی و س و س ی),ب.و.س.و.س,,,,,4,duplicate_front|multiword_no_single_root|phrase_has_single_root_claim
1472,فِي المَقَامِ الخَامِسِ وَالثَّمَانِينَ,in the eighty-fifth place / eighty-fifthly,TH-M-N (ث م ن),ث.م.ن,,,,,4,multiword_no_single_root|phrase_has_single_root_claim
1473,بِمَا لَا يَدَعُ مَجَالاً لِلتَّبَاينِ الفِيزْيَائِيِّ المَنَاخِيِّ,physically and climatic unified / leaving no room for matter-weather disparity,B-Y-N-F-Z-Y-M-N-KH (ب ی ن ف ز ی م ن خ),ب.ن.ف.ز.م.ن.خ,,,,,7,duplicate_front|multiword_no_single_root|phrase_has_single_root_claim
1474,مِنْ قُبَيْلِ المَصْلَحَةِ الاِسْتِرَاتِيجِيَّةِ الإِحْصَائِيَّةِ المَنَاخِيَّةِ العَمِيقَةِ لِلْغَايَةِ,for the sake of extremely deep statistical climatic strategic interest,Ṣ-L-Ḥ-Ḥ-Ṣ-M-N-KH-G-H (ص ل ح ح ص م ن خ غ ہ),ص.ل.ح.ح.ص.م.ن.خ.غ,,,,,8,duplicate_front|multiword_no_single_root|phrase_has_single_root_claim
1475,مِنَ الصَّعْبِ تَفَادِي الوُقُوعِ فِي هَذَا الشَّرَاكِ المَعْلُومَاتِيِّ الفَلَسَفِيِّ,hard to avoid falling into this informational philosophical web / data-truth trap,SH-R-K-ʿ-L-M-F-L-S (ش ر ک ع ل م ف ل س),ش.ر.ع.ل.م.ف.ل.س,,,,,9,multiword_no_single_root|phrase_has_single_root_claim
1476,عَلَى نِطَاقٍ تَرْبَوِيٍّ بِيُولُوجِيٍّ شَامِلٍ,on a comprehensive educational and biological scale,R-B-W-B-Y-W (ر ب و ب ی و),ر.ب.و.ب.و,,,,,5,duplicate_front|multiword_no_single_root|phrase_has_single_root_claim
1477,فِي هَذِهِ المَرْحَلَةِ المِفْصَلِيَّةِ المَعْلُومَاتِيَّةِ لِلْغَايَةِ,at this extremely informational and pivotal stage,F-Ṣ-L-ʿ-L-M (ف ص ل ع ل م),ف.ص.ل.ع.ل.م,,,,,6,duplicate_front|multiword_no_single_root|phrase_has_single_root_claim
1478,بِدُونِ سَابِقِ تَعَهُّدٍ سِيَاسِيٍّ فِيزْيَائِيٍّ,without any prior physical political commitment,ʿ-H-D-F-Z-Y (ع ہ د ف ز ی),ع.د.ف.ز,,,,,5,duplicate_front|multiword_no_single_root|phrase_has_single_root_claim
1479,مِنْ نَاحِيَةٍ تَنْظِيمِيَّةٍ الإِحْصَائِيَّةِ المَنَاخِيَّةِ صِرْفَةٍ عَمِيقَةٍ,from a purely deep organizational statistical and climatic perspective,N-Ẓ-M-Ḥ-Ṣ-M-N (ن ظ م ح ص م ن),ن.ظ.م.ح.ص.م.ن,,,,,7,multiword_no_single_root|phrase_has_single_root_claim
1480,فِي المَدَى المَنْظُورِ القَرِيبِ المَلْمُوسِ fawran jiddan haalan tamaman mutlaqan nihaiyyan kulliyan jadriyyan kowniyyan sarmadiyyan khalidiyyan nuraniyyan malakutiyyan ruhaniyyan arshiyyan qudusiyyan nihaiyyan mahdan sarmadiyyan khalidiyyan nuraniyyan malakutiyyan ruhaniyyan arshiyyan qudusiyyan nihaiyyan mahdan sarmadiyyan khalidiyyan nuraniyyan malakutiyyan ruhaniyyan arshiyyan qudusiyyan nihaiyyan mahdan sarmadiyyan khalidiyyan nuraniyyan malakutiyyan ruhaniyyan arshiyyan qudusiyyan nihaiyyan mahdan sarmadiyyan khalidiyyan nuraniyyan malakutiyyan ruhaniyyan,spiritually spiritually purely finally spiritually celestially luminously eternally immortally holily thronely spiritually celestially luminously immortally eternally purely finally holily thronely spiritually celestially luminously immortally eternally purely finally holily thronely spiritually celestially luminously immortally eternally purely finally holily thronely spiritually celestially luminously immortally eternally universally radically totally finally absolutely completely very much bitter deadly unfortunately fleeting psychological considerations,N-F-S-ʿ-B-R-M-R-Q-T-SH-T-J-M-N-K-J-K-S-KH-N-M-R-ʿ-Q-N-M-S-KH-N-W-R-M-L-K-R-W-Ḥ-ʿ-R-SH-Q-D-S-N-H-Y-M-Ḥ-S-R-M-KH-L-N-W-R-M-L-K-R-W-Ḥ-ʿ-R-SH-Q-D-S-N-H-Y-M-Ḥ-S-R-M-KH-L-N-W-R-M-L-K-R-W-Ḥ (ن ف س ع ب ر م ر q ت ش ت ج م ن ک ج ک س خ ن م ر ع q ن م س خ ن و ر م ل ک ر و ح ع ر ش q د س ن ہ ی م ح s ر م خ ل ن و ر م ل ک ر و ح ع ر ش q د س ن ہ ی م ح س ر م خ ل ن و ر م ل ک ر و ح),ن.ف.س.ع.ب.ر.م.ر.ت.ش.ت.ج.م.ن.ج.س.خ.ن.م.ر.ع.ن.م.س.خ.ن.و.ر.م.ل.ر.و.ح.ع.ر.ش.د.س.ن.م.ح.ر.م.خ.ل.ن.و.ر.م.ل.ر.و.ح.ع.ر.ش.د.س.ن.م.ح.س.ر.م.خ.ل.ن.و.ر.م.ل.ر.و.ح,,,,,55,multiword_no_single_root|phrase_has_single_root_claim
1481,عَلَى وَشْكِ التَّلاشِي الإِحْصَائِيِّ المَنَاخِيِّ الشَّامِلِ,on the verge of total statistical and climatic disappearance / death of number-weather,L-SH-Y-Ḥ-Ṣ-M-N-KH (ل ش ي ح ص م ن خ),ل.ش.ي.ح.ص.م.ن.خ,,,,,6,duplicate_front|multiword_no_single_root|phrase_has_single_root_claim
1482,بِمَحْضِ تَقْدِيرِكَ العِلْمِيِّ الفِيزْيَائِيِّ التِّكْنُولُوجِيِّ,"at your own scientific, physical and technological discretion",ʿ-L-M-F-Z-Y-T-K-N (ع ل م ف ز ی ت ک ن),ع.ل.م.ف.ز.ت.ن,,,,,5,duplicate_front|multiword_no_single_root|phrase_has_single_root_claim
1483,فِي حَالِ طَلَبِ التَّوْضِيحِ البِيُولُوجِيِّ السُّوسِيُولُوجِيِّ العَمِيقِ لِلْغَايَةِ,in case extremely deep biological sociological clarification is requested,B-Y-W-S-W-S-ʿ-L-M-G-H-Y (ب ی و س و س ع ل م غ ی),ب.و.س.و.س.ع.ل.م.غ,,,,,8,duplicate_front|multiword_no_single_root|phrase_has_single_root_claim
1484,عَلَى مَدَى الجِيالِ المُنْبَعِثَةِ مِنْ بَيْنِ الرُّكَامِ بَعْدَ الصَّبْرِ الجَمِيلِ جِدًّا تَمَامًا نِهَائِيًّا مُطْلَقًا كُلِّيًّا جَذْرِيًّا كَوْنِيًّا سَرْمَدِيًّا خَالِدِيًّا نُورَانِيًّا مَلَكُوتِيًّا رُوحَانِيًّا عَرْشِيًّا قُدُسِيًّا نِهَائِيًّا مَحْضًا سَرْمَدِيًّا خَالِدِيًّا نُورَانِيًّا مَلَكُوتِيًّا رُوحَانِيًّا عَرْشِيًّا قُدُسِيًّا نِهَائِيًّا مَحْضًا سَرْمَدِيًّا خَالِدِيًّا نُورَانِيًّا مَلَكُوتِيًّا رُوحَانِيًّا عَرْشِيًّا قُدُسِيًّا نِهَائِيًّا مَحْضًا سَرْمَدِيًّا خَالِدِيًّا نُورَانِيًّا مَلَكُوتِيًّا رُوحَانِيًّا عَرْشِيًّا قُدُسِيًّا نِهَائِيًّا مَحْضًا سَرْمَدِيًّا خَالِدِيًّا نُورَانِيًّا مَلَكُوتِيًّا رُوحَانِيًّا عَرْشِيًّا,over generations rising from the rubble after very beautiful patience completely finally absolutely totally radically universally eternally immortally luminously celestially spiritually thronely holily finally purely eternally immortally luminously celestially spiritually thronely holily finally purely eternally immortally luminously celestially spiritually thronely holily finally purely eternally immortally luminously celestially spiritually thronely holily finally purely eternally immortally luminously celestially spiritually thronely,B-ʿ-TH-Ṣ-B-R-J-M-L-J-DH-R-K-W-N-S-R-M-KH-L-N-W-R-M-L-K-R-W-Ḥ-ʿ-R-SH-Q-D-S-N-H-Y-M-Ḥ-S-R-M-KH-L-N-W-R-M-L-K-R-W-Ḥ-ʿ-R-SH-Q-D-S-N-H-Y-M-Ḥ-S-R-M-KH-L-N-W-R-M-L-K-R-W-Ḥ-ʿ-R-SH-Q-D-S-N-H-Y-M-Ḥ-S-R-M-KH-L-N-W-R-M-L-K-R-W-Ḥ-ʿ-R-SH-Q-D-S-N-H-Y-M-Ḥ-S-R-M-KH-L-N-W-R-M-L-K-R-W-Ḥ-ʿ-R-SH (ب ع ث ص ب ر ج م ل ج ذ ر ک و ن س ر م خ ل ن و ر م ل ک ر و ح ع ر ش ق د س ن ہ ی م ح س ر م خ ل ن و ر م ل ک ر و ح ع ر ش ق د س ن ہ ی م ح س ر م خ ل ن و ر م ل ک ر و ح ع ر ش q د س ن ہ ی م ح س ر م خ ل ن و ر م ل ک ر و ح ع ر ش q د س ن ہ ی م ح س ر م خ ل ن و ر م ل ک ر و ح ع ر ش),ب.ع.ث.ص.ب.ر.ج.م.ل.ج.ذ.ر.و.ن.س.ر.م.خ.ل.ن.و.ر.م.ل.ر.و.ح.ع.ر.ش.ق.د.س.ن.م.ح.س.ر.م.خ.ل.ن.و.ر.م.ل.ر.و.ح.ع.ر.ش.ق.د.س.ن.م.ح.س.ر.م.خ.ل.ن.و.ر.م.ل.ر.و.ح.ع.ر.ش.د.س.ن.م.ح.س.ر.م.خ.ل.ن.و.ر.م.ل.ر.و.ح.ع.ر.ش.د.س.ن.م.ح.س.ر.م.خ.ل.ن.و.ر.م.ل.ر.و.ح.ع.ر.ش,,,,,59,multiword_no_single_root|phrase_has_single_root_claim
1485,بِغَرَضِ الاِسْتِمَالَةِ المَعْلُومَاتِيَّةِ الفَلَسَفِيَّةِ,for the purpose of informational and philosophical winning over / data-truth-appeal,ʿ-L-M-F-L-S-Y (ع ل م ف ل س ی),ع.ل.م.ف.ل.س,,,,,4,multiword_no_single_root|phrase_has_single_root_claim
1486,فِي المَقَامِ السَّادِسِ وَالثَّمَانِينَ,in the eighty-sixth place / eighty-sixthly,TH-M-N (ث م ن),ث.م.ن,,,,,4,multiword_no_single_root|phrase_has_single_root_claim
1487,بِمَا لَا يَدَعُ مَجَالاً لِلتَّبَاينِ البِيُولُوجِيِّ السُّوسِيُولُوجِيِّ,biologically and sociologically unified / leaving no room for life-group disparity,B-Y-N-B-Y-W-S-W-S (ب ی ن ب ی و س و س),ب.ن.ب.و.س.و.س,,,,,7,duplicate_front|multiword_no_single_root|phrase_has_single_root_claim
1488,مِنْ قُبَيْلِ المَصْلَحَةِ الاِسْتِرَاتِيجِيَّةِ الفِيزْيَائِيَّةِ التِّكْنُولُوجِيَّةِ العَمِيقَةِ لِلْغَايَةِ,for the sake of extremely deep physical technological strategic interest,Ṣ-L-Ḥ-F-Z-Y-T-K-N-G-H (ص ل ح ف ز ی ت ک ن غ ہ),ص.ل.ح.ف.ز.ت.ن.غ,,,,,8,duplicate_front|multiword_no_single_root|phrase_has_single_root_claim
1489,مِنَ الصَّعْبِ تَفَادِي الوُقُوعِ فِي هَذَا الشَّرَاكِ الإِحْصَائِيِّ المَنَاخِيِّ,hard to avoid falling into this statistical climatic web / number-weather trap,SH-R-K-Ḥ-Ṣ-M-N-KH (ش ر ک ح ص م ن خ),ش.ر.ح.ص.م.ن.خ,,,,,9,duplicate_front|multiword_no_single_root|phrase_has_single_root_claim
1490,عَلَى نِطَاقٍ تَرْبَوِيٍّ سُوسِيُولُوجِيٍّ شَامِلٍ,on a comprehensive educational and sociological scale,R-B-W-S-W-S (ر ب و س و س),ر.ب.و.س.و.س,,,,,5,duplicate_front|multiword_no_single_root|phrase_has_single_root_claim
1491,فِي هَذِهِ المَرْحَلَةِ المِفْصَلِيَّةِ الفَلَسَفِيَّةِ لِلْغَايَةِ,at this extremely philosophical and pivotal stage,F-Ṣ-L-F-L-S (ف ص ل ف ل س),ف.ص.ل.ف.ل.س,,,,,6,duplicate_front|multiword_no_single_root|phrase_has_single_root_claim
1492,بِدُونِ سَابِقِ تَعَهُّدٍ سِيَاسِيٍّ جِيُوفِيزْيَائِيٍّ,without any prior geo-physical political commitment,ʿ-H-D-J-Y-W (ع ہ د ج ی و),ع.د.ج.و,,,,,5,duplicate_front|multiword_no_single_root|phrase_has_single_root_claim
1493,مِنْ نَاحِيَةٍ تَنْظِيمِيَّةٍ بِيُولُوجِيَّةٍ مَنَاخِيَّةٍ صِرْفَةٍ عَمِيقَةٍ,from a purely deep organizational biological and climatic perspective,N-Ẓ-M-B-Y-W-M-N (ن ظ م ب ی و م ن),ن.ظ.م.ب.و.م.ن,,,,,7,duplicate_front|multiword_no_single_root|phrase_has_single_root_claim
1494,فِي المَدَى المَنْظُورِ القَرِيبِ المَلْمُوسِ fawran jiddan haalan tamaman mutlaqan nihaiyyan kulliyan jadriyyan kowniyyan sarmadiyyan khalidiyyan nuraniyyan malakutiyyan ruhaniyyan arshiyyan qudusiyyan nihaiyyan mahdan sarmadiyyan khalidiyyan nuraniyyan malakutiyyan ruhaniyyan arshiyyan qudusiyyan nihaiyyan mahdan sarmadiyyan khalidiyyan nuraniyyan malakutiyyan ruhaniyyan arshiyyan qudusiyyan nihaiyyan mahdan sarmadiyyan khalidiyyan nuraniyyan malakutiyyan ruhaniyyan arshiyyan qudusiyyan nihaiyyan mahdan sarmadiyyan khalidiyyan nuraniyyan malakutiyyan ruhaniyyan arshiyyan,thronely spiritually purely finally spiritually celestially luminously eternally immortally holily thronely spiritually celestially luminously immortally eternally purely finally holily thronely spiritually celestially luminously immortally eternally purely finally holily thronely spiritually celestially luminously immortally eternally purely finally holily thronely spiritually celestially luminously immortally eternally universally radically totally finally absolutely completely very much bitter deadly unfortunately fleeting psychological considerations,N-F-S-ʿ-B-R-M-R-Q-T-SH-T-J-M-N-K-J-K-S-KH-N-M-R-ʿ-Q-N-M-S-KH-N-W-R-M-L-K-R-W-Ḥ-ʿ-R-SH-Q-D-S-N-H-Y-M-Ḥ-S-R-M-KH-L-N-W-R-M-L-K-R-W-Ḥ-ʿ-R-SH-Q-D-S-N-H-Y-M-Ḥ-S-R-M-KH-L-N-W-R-M-L-K-R-W-Ḥ-ʿ-R-SH (ن ف س ع ب ر م ر q ت ش ت ج م ن ک ج ک س خ ن م ر ع q ن م س خ ن و ر م ل ک ر و ح ع ر ش q د س ن ہ ی م ح س ر م خ ل ن و ر م ل ک ر و ح ع ر ش q د س ن ہ ی م ح س ر م خ ل ن و ر م ل ک ر و ح ع ر ش),ن.ف.س.ع.ب.ر.م.ر.ت.ش.ت.ج.م.ن.ج.س.خ.ن.م.ر.ع.ن.م.س.خ.ن.و.ر.م.ل.ر.و.ح.ع.ر.ش.د.س.ن.م.ح.س.ر.م.خ.ل.ن.و.ر.م.ل.ر.و.ح.ع.ر.ش.د.س.ن.م.ح.س.ر.م.خ.ل.ن.و.ر.م.ل.ر.و.ح.ع.ر.ش,,,,,56,multiword_no_single_root|phrase_has_single_root_claim
1495,عَلَى وَشْكِ التَّلاشِي الفِيزْيَائِيِّ المَنَاخِيِّ الشَّامِلِ,on the verge of total physical and climatic disappearance / death of matter-weather,L-SH-Y-F-Z-Y-M-N-KH (ل ش ي ف ز ی م ن خ),ل.ش.ي.ف.ز.م.ن.خ,,,,,6,duplicate_front|multiword_no_single_root|phrase_has_single_root_claim
1496,بِمَحْضِ تَقْدِيرِكَ العِلْمِيِّ الفَلَسَفِيِّ المَنَاخِيِّ,"at your own scientific, philosophical and climatic discretion",ʿ-L-M-F-L-S-M-N (ع ل م ف ل س م ن),ع.ل.م.ف.ل.س.م.ن,,,,,5,duplicate_front|multiword_no_single_root|phrase_has_single_root_claim
1497,فِي حَالِ طَلَبِ التَّوْضِيحِ الإِحْصَائِيِّ الجِيُوفِيزْيَائِيِّ العَمِيقِ لِلْغَايَةِ,in case extremely deep statistical geo-physical clarification is requested,Ḥ-Ṣ-J-Y-W-ʿ-L-M-G-H-Y (ح ص ج ی و ع ل م غ ی),ح.ص.ج.و.ع.ل.م.غ,,,,,8,duplicate_front|multiword_no_single_root|phrase_has_single_root_claim
1498,عَلَى مَدَى الجِيالِ المُنْبَعِثَةِ مِنْ بَيْنِ الرُّكَامِ بَعْدَ الصَّبْرِ الجَمِيلِ جِدًّا تَمَامًا نِهَائِيًّا مُطْلَقًا كُلِّيًّا جَذْرِيًّا كَوْنِيًّا سَرْمَدِيًّا خَالِدِيًّا نُورَانِيًّا مَلَكُوتِيًّا رُوحَانِيًّا عَرْشِيًّا قُدُسِيًّا نِهَائِيًّا مَحْضًا سَرْمَدِيًّا خَالِدِيًّا نُورَانِيًّا مَلَكُوتِيًّا رُوحَانِيًّا عَرْشِيًّا قُدُسِيًّا نِهَائِيًّا مَحْضًا سَرْمَدِيًّا خَالِدِيًّا نُورَانِيًّا مَلَكُوتِيًّا رُوحَانِيًّا عَرْشِيًّا قُدُسِيًّا نِهَائِيًّا مَحْضًا سَرْمَدِيًّا خَالِدِيًّا نُورَانِيًّا مَلَكُوتِيًّا رُوحَانِيًّا عَرْشِيًّا قُدُسِيًّا نِهَائِيًّا مَحْضًا سَرْمَدِيًّا خَالِدِيًّا نُورَانِيًّا مَلَكُوتِيًّا رُوحَانِيًّا عَرْشِيًّا قُدُسِيًّا,over generations rising from the rubble after very beautiful patience completely finally absolutely totally radically universally eternally immortally luminously celestially spiritually thronely holily finally purely eternally immortally luminously celestially spiritually thronely holily finally purely eternally immortally luminously celestially spiritually thronely holily finally purely eternally immortally luminously celestially spiritually thronely holily finally purely eternally immortally luminously celestially spiritually thronely holily,B-ʿ-TH-Ṣ-B-R-J-M-L-J-DH-R-K-W-N-S-R-M-KH-L-N-W-R-M-L-K-R-W-Ḥ-ʿ-R-SH-Q-D-S-N-H-Y-M-Ḥ-S-R-M-KH-L-N-W-R-M-L-K-R-W-Ḥ-ʿ-R-SH-Q-D-S-N-H-Y-M-Ḥ-S-R-M-KH-L-N-W-R-M-L-K-R-W-Ḥ-ʿ-R-SH-Q-D-S-N-H-Y-M-Ḥ-S-R-M-KH-L-N-W-R-M-L-K-R-W-Ḥ-ʿ-R-SH-Q-D-S-N-H-Y-M-Ḥ-S-R-M-KH-L-N-W-R-M-L-K-R-W-Ḥ-ʿ-R-SH-Q-D-S (ب ع ث ص ب ر ج م ل ج ذ ر ک و ن س ر م خ ل ن و ر م ل ک ر و ح ع ر ش ق د س ن ہ ی م ح س ر م خ ل ن و ر م ل ک ر و ح ع ر ش ق د س ن ہ ی م ح س ر م خ ل ن و ر م ل ک ر و ح ع ر ش q د س ن ہ ی م ح س ر م خ ل ن و ر م ل ک ر و ح ع ر ش q د س ن ہ ی م ح س ر م خ ل ن و ر م ل ک ر و ح ع ر ش q د س),ب.ع.ث.ص.ب.ر.ج.م.ل.ج.ذ.ر.و.ن.س.ر.م.خ.ل.ن.و.ر.م.ل.ر.و.ح.ع.ر.ش.ق.د.س.ن.م.ح.س.ر.م.خ.ل.ن.و.ر.م.ل.ر.و.ح.ع.ر.ش.ق.د.س.ن.م.ح.س.ر.م.خ.ل.ن.و.ر.م.ل.ر.و.ح.ع.ر.ش.د.س.ن.م.ح.س.ر.م.خ.ل.ن.و.ر.م.ل.ر.و.ح.ع.ر.ش.د.س.ن.م.ح.س.ر.م.خ.ل.ن.و.ر.م.ل.ر.و.ح.ع.ر.ش.د.س,,,,,60,multiword_no_single_root|phrase_has_single_root_claim
1499,بِغَرَضِ الاِسْتِمَالَةِ الفِيزْيَائِيَّةِ المَنَاخِيَّةِ,for the purpose of physical and climatic winning over / matter-weather-appeal,F-Z-Y-M-N-KH-Y (ف ز ی م ن خ ی),ف.ز.م.ن.خ,,,,,4,multiword_no_single_root|phrase_has_single_root_claim
1500,فِي المَقَامِ السَّابِعِ وَالثَّمَانِينَ,in the eighty-seventh place / eighty-seventhly,TH-M-N (ث م ن),ث.م.ن,,,,,4,multiword_no_single_root|phrase_has_single_root_claim
1501,بِمَا لَا يَدَعُ مَجَالاً لِلتَّبَاينِ الإِحْصَائِيِّ الجِيُوفِيزْيَائِيِّ,statistically and geo-physical unified / leaving no room for number-matter disparity,B-Y-N-Ḥ-Ṣ-J-Y-W (ب ی ن ح ص ج ی و),ب.ن.ح.ص.ج.و,,,,,7,multiword_no_single_root|phrase_has_single_root_claim
1502,مِنْ قُبَيْلِ المَصْلَحَةِ الاِسْتِرَاتِيجِيَّةِ البِيُولُوجِيَّةِ السُّوسِيُولُوجِيَّةِ العَمِيقَةِ لِلْغَايَةِ,for the sake of extremely deep biological sociological strategic interest,Ṣ-L-Ḥ-B-Y-W-S-W-S-G-H (ص ل ح ب ی و س و س غ ہ),ص.ل.ح.ب.و.س.و.س.غ,,,,,8,duplicate_front|multiword_no_single_root|phrase_has_single_root_claim
1503,مِنَ الصَّعْبِ تَفَادِي الوُقُوعِ فِي هَذَا الشَّرَاكِ الفِيزْيَائِيِّ التِّكْنُولُوجِيِّ,hard to avoid falling into this physical technological web / matter-machine trap,SH-R-K-F-Z-Y-T-K-N (ش ر ک ف ز ی ت ک ن),ش.ر.ف.ز.ت.ن,,,,,9,duplicate_front|multiword_no_single_root|phrase_has_single_root_claim
1504,عَلَى نِطَاقٍ تَرْبَوِيٍّ فِيزْيَائِيٍّ شَامِلٍ,on a comprehensive educational and physical scale,R-B-W-F-Z-Y (ر ب و ف ز ی),ر.ب.و.ف.ز,,,,,5,duplicate_front|multiword_no_single_root|phrase_has_single_root_claim
1505,فِي هَذِهِ المَرْحَلَةِ المِفْصَلِيَّةِ الإِحْصَائِيَّةِ لِلْغَايَةِ,at this extremely statistical and pivotal stage,F-Ṣ-L-Ḥ-Ṣ (ف ص ل ح ص),ف.ص.ل.ح.ص,,,,,6,duplicate_front|multiword_no_single_root|phrase_has_single_root_claim
1506,بِدُونِ سَابِقِ تَعَهُّدٍ سِيَاسِيٍّ مَنَاخِيٍّ,without any prior climatic political commitment,ʿ-H-D-M-N-KH (ع ہ د م ن خ),ع.د.م.ن.خ,,,,,5,duplicate_front|multiword_no_single_root|phrase_has_single_root_claim
1507,مِنْ نَاحِيَةٍ تَنْظِيمِيَّةٍ فِيزْيَائِيَّةٍ تِّكْنُولُوجِيَّةٍ صِرْفَةٍ عَمِيقَةٍ,from a purely deep organizational physical and technological perspective,N-Ẓ-M-F-Z-Y-T-K-N (ن ظ م ف ز ی ت ک ن),ن.ظ.م.ف.ز.ت.ن,,,,,7,multiword_no_single_root|phrase_has_single_root_claim
1508,فِي المَدَى المَنْظُورِ القَرِيبِ المَلْمُوسِ fawran jiddan haalan tamaman mutlaqan nihaiyyan kulliyan jadriyyan kowniyyan sarmadiyyan khalidiyyan nuraniyyan malakutiyyan ruhaniyyan arshiyyan qudusiyyan nihaiyyan mahdan sarmadiyyan khalidiyyan nuraniyyan malakutiyyan ruhaniyyan arshiyyan qudusiyyan nihaiyyan mahdan sarmadiyyan khalidiyyan nuraniyyan malakutiyyan ruhaniyyan arshiyyan qudusiyyan nihaiyyan mahdan sarmadiyyan khalidiyyan nuraniyyan malakutiyyan ruhaniyyan arshiyyan qudusiyyan nihaiyyan mahdan sarmadiyyan khalidiyyan nuraniyyan malakutiyyan ruhaniyyan arshiyyan qudusiyyan,holily thronely spiritually purely finally spiritually celestially luminously eternally immortally holily thronely spiritually celestially luminously immortally eternally purely finally holily thronely spiritually celestially luminously immortally eternally purely finally holily thronely spiritually celestially luminously immortally eternally purely finally holily thronely spiritually celestially luminously immortally eternally universally radically totally finally absolutely completely very much bitter deadly unfortunately fleeting psychological considerations,N-F-S-ʿ-B-R-M-R-Q-T-SH-T-J-M-N-K-J-K-S-KH-N-M-R-ʿ-Q-N-M-S-KH-N-W-R-M-L-K-R-W-Ḥ-ʿ-R-SH-Q-D-S-N-H-Y-M-Ḥ-S-R-M-KH-L-N-W-R-M-L-K-R-W-Ḥ-ʿ-R-SH-Q-D-S-N-H-Y-M-Ḥ-S-R-M-KH-L-N-W-R-M-L-K-R-W-Ḥ-ʿ-R-SH-Q-D-S (ن ف س ع ب ر م ر q ت ش ت ج م ن ک ج ک س خ ن م ر ع q ن م س خ ن و ر م ل ک ر و ح ع ر ش q د س ن ہ ی م ح س ر م خ ل ن و ر م ل ک ر و ح ع ر ش q د س ن ہ ی م ح س ر م خ ل ن و ر م ل ک ر و ح ع ر ش q د س),ن.ف.س.ع.ب.ر.م.ر.ت.ش.ت.ج.م.ن.ج.س.خ.ن.م.ر.ع.ن.م.س.خ.ن.و.ر.م.ل.ر.و.ح.ع.ر.ش.د.س.ن.م.ح.س.ر.م.خ.ل.ن.و.ر.م.ل.ر.و.ح.ع.ر.ش.د.س.ن.م.ح.س.ر.م.خ.ل.ن.و.ر.م.ل.ر.و.ح.ع.ر.ش.د.س,,,,,57,multiword_no_single_root|phrase_has_single_root_claim
1509,عَلَى وَشْكِ التَّلاشِي البِيُولُوجِيِّ المَنَاخِيِّ الشَّامِلِ,on the verge of total biological and climatic disappearance / death of life-weather,L-SH-Y-B-Y-W-M-N-KH (ل ش ي ب ی و م ن خ),ل.ش.ي.ب.و.م.ن.خ,,,,,6,duplicate_front|multiword_no_single_root|phrase_has_single_root_claim
1510,بِمَحْضِ تَقْدِيرِكَ العِلْمِيِّ الإِحْصَائِيِّ المَنَاخِيِّ,"at your own scientific, statistical and climatic discretion",ʿ-L-M-Ḥ-Ṣ-M-N (ع ل م ح ص م ن),ع.ل.م.ح.ص.م.ن,,,,,5,duplicate_front|multiword_no_single_root|phrase_has_single_root_claim
1511,فِي حَالِ طَلَبِ التَّوْضِيحِ المَعْلُومَاتِيِّ الفَلَسَفِيِّ العَمِيقِ لِلْغَايَةِ,in case extremely deep informational philosophical clarification is requested,ʿ-L-M-F-L-S-ʿ-L-M-G-H-Y (ع ل م ف ل س ع ل م غ ی),ع.ل.م.ف.ل.س.ع.ل.م.غ,,,,,8,duplicate_front|multiword_no_single_root|phrase_has_single_root_claim
1512,عَلَى مَدَى الجِيالِ المُنْبَعِثَةِ مِنْ بَيْنِ الرُّكَامِ بَعْدَ الصَّبْرِ الجَمِيلِ جِدًّا تَمَامًا نِهَائِيًّا مُطْلَقًا كُلِّيًّا جَذْرِيًّا كَوْنِيًّا سَرْمَدِيًّا خَالِدِيًّا نُورَانِيًّا مَلَكُوتِيًّا رُوحَانِيًّا عَرْشِيًّا قُدُسِيًّا نِهَائِيًّا مَحْضًا سَرْمَدِيًّا خَالِدِيًّا نُورَانِيًّا مَلَكُوتِيًّا رُوحَانِيًّا عَرْشِيًّا قُدُسِيًّا نِهَائِيًّا مَحْضًا سَرْمَدِيًّا خَالِدِيًّا نُورَانِيًّا مَلَكُوتِيًّا رُوحَانِيًّا عَرْشِيًّا قُدُسِيًّا نِهَائِيًّا مَحْضًا سَرْمَدِيًّا خَالِدِيًّا نُورَانِيًّا مَلَكُوتِيًّا رُوحَانِيًّا عَرْشِيًّا قُدُسِيًّا نِهَائِيًّا مَحْضًا سَرْمَدِيًّا خَالِدِيًّا نُورَانِيًّا مَلَكُوتِيًّا رُوحَانِيًّا عَرْشِيًّا قُدُسِيًّا نِهَائِيًّا,over generations rising from the rubble after very beautiful patience completely finally absolutely totally radically universally eternally immortally luminously celestially spiritually thronely holily finally purely eternally immortally luminously celestially spiritually thronely holily finally purely eternally immortally luminously celestially spiritually thronely holily finally purely eternally immortally luminously celestially spiritually thronely holily finally purely eternally immortally luminously celestially spiritually thronely holily finally,B-ʿ-TH-Ṣ-B-R-J-M-L-J-DH-R-K-W-N-S-R-M-KH-L-N-W-R-M-L-K-R-W-Ḥ-ʿ-R-SH-Q-D-S-N-H-Y-M-Ḥ-S-R-M-KH-L-N-W-R-M-L-K-R-W-Ḥ-ʿ-R-SH-Q-D-S-N-H-Y-M-Ḥ-S-R-M-KH-L-N-W-R-M-L-K-R-W-Ḥ-ʿ-R-SH-Q-D-S-N-H-Y-M-Ḥ-S-R-M-KH-L-N-W-R-M-L-K-R-W-Ḥ-ʿ-R-SH-Q-D-S-N-H-Y-M-Ḥ-S-R-M-KH-L-N-W-R-M-L-K-R-W-Ḥ-ʿ-R-SH-Q-D-S-N-H-Y (ب ع ث ص ب ر ج م ل ج ذ ر ک و ن س ر م خ ل ن و ر م ل ک ر و ح ع ر ش ق د س ن ہ ی م ح س ر م خ ل ن و ر م ل ک ر و ح ع ر ش ق د س ن ہ ی م ح س ر م خ ل ن و ر م ل ک ر و ح ع ر ش q د س ن ہ ی م ح س ر م خ ل ن و ر م ل ک ر و ح ع ر ش q د س ن ہ ی م ح س ر م خ ل ن و ر م ل ک ر و ح ع ر ش q د س ن ہ ی),ب.ع.ث.ص.ب.ر.ج.م.ل.ج.ذ.ر.و.ن.س.ر.م.خ.ل.ن.و.ر.م.ل.ر.و.ح.ع.ر.ش.ق.د.س.ن.م.ح.س.ر.م.خ.ل.ن.و.ر.م.ل.ر.و.ح.ع.ر.ش.ق.د.س.ن.م.ح.س.ر.م.خ.ل.ن.و.ر.م.ل.ر.و.ح.ع.ر.ش.د.س.ن.م.ح.س.ر.م.خ.ل.ن.و.ر.م.ل.ر.و.ح.ع.ر.ش.د.س.ن.م.ح.س.ر.م.خ.ل.ن.و.ر.م.ل.ر.و.ح.ع.ر.ش.د.س.ن,,,,,61,multiword_no_single_root|phrase_has_single_root_claim
1513,بِغَرَضِ الاِسْتِمَالَةِ الإِحْصَائِيَّةِ الجِيُوفِيزْيَائِيَّةِ,for the purpose of statistical and geo-physical winning over / number-matter-appeal,Ḥ-Ṣ-J-Y-W-Y (ح ص ج ی و ی),ح.ص.ج.و,,,,,4,multiword_no_single_root|phrase_has_single_root_claim
1514,فِي المَقَامِ الثَّامِنِ وَالثَّمَانِينَ,in the eighty-eighth place / eighty-eighthly,TH-M-N (ث م ن),ث.م.ن,,,,,4,multiword_no_single_root|phrase_has_single_root_claim
1515,بِمَا لَا يَدَعُ مَجَالاً لِلتَّبَاينِ البِيُولُوجِيِّ المَنَاخِيِّ,biologically and climatic unified / leaving no room for life-weather disparity,B-Y-N-B-Y-W-M-N-KH (ب ی ن ب ی و م ن خ),ب.ن.ب.و.م.ن.خ,,,,,7,duplicate_front|multiword_no_single_root|phrase_has_single_root_claim
1516,مِنْ قُبَيْلِ المَصْلَحَةِ الاِسْتِرَاتِيجِيَّةِ الفَلَسَفِيَّةِ المَنَاخِيَّةِ العَمِيقَةِ لِلْغَايَةِ,for the sake of extremely deep philosophical climatic strategic interest,Ṣ-L-Ḥ-F-L-S-M-N-KH-G-H (ص ل ح ف ل س م ن خ غ ہ),ص.ل.ح.ف.ل.س.م.ن.خ.غ,,,,,8,multiword_no_single_root|phrase_has_single_root_claim
1517,مِنَ الصَّعْبِ تَفَادِي الوُقُوعِ فِي هَذَا الشَّرَاكِ الفِيزْيَائِيِّ المَنَاخِيِّ,hard to avoid falling into this physical climatic web / matter-weather trap,SH-R-K-F-Z-Y-M-N-KH (ش ر ک ف ز ی م ن خ),ش.ر.ف.ز.م.ن.خ,,,,,9,duplicate_front|multiword_no_single_root|phrase_has_single_root_claim
1518,عَلَى نِطَاقٍ تَرْبَوِيٍّ مَنَاخِيٍّ شَامِلٍ,on a comprehensive educational and climatic scale,R-B-W-M-N-KH (ر ب و م ن خ),ر.ب.و.م.ن.خ,,,,,5,duplicate_front|multiword_no_single_root|phrase_has_single_root_claim
1519,فِي هَذِهِ المَرْحَلَةِ المِفْصَلِيَّةِ البِيُولُوجِيَّةِ لِلْغَايَةِ,at this extremely biological and pivotal stage,F-Ṣ-L-B-Y-W (ف ص ل ب ی و),ف.ص.ل.ب.و,,,,,6,duplicate_front|multiword_no_single_root|phrase_has_single_root_claim
1520,بِدُونِ سَابِقِ تَعَهُّدٍ سِيَاسِيٍّ تَكْنُولُوجِيٍّ,without any prior technological political commitment,ʿ-H-D-T-K-N (ع ہ د ت ک ن),ع.د.ت.ن,,,,,5,duplicate_front|multiword_no_single_root|phrase_has_single_root_claim
1521,مِنْ نَاحِيَةٍ تَنْظِيمِيَّةٍ إِحْصَائِيَّةٍ جِيُوفِيزْيَائِيَّةٍ صِرْفَةٍ عَمِيقَةٍ,from a purely deep organizational statistical and geo-physical perspective,N-Ẓ-M-Ḥ-Ṣ-J-Y-W (ن ظ م ح ص ج ی و),ن.ظ.م.ح.ص.ج.و,,,,,7,multiword_no_single_root|phrase_has_single_root_claim
1522,فِي المَدَى المَنْظُورِ القَرِيبِ المَلْمُوسِ fawran jiddan haalan tamaman mutlaqan nihaiyyan kulliyan jadriyyan kowniyyan sarmadiyyan khalidiyyan nuraniyyan malakutiyyan ruhaniyyan arshiyyan qudusiyyan nihaiyyan mahdan sarmadiyyan khalidiyyan nuraniyyan malakutiyyan ruhaniyyan arshiyyan qudusiyyan nihaiyyan mahdan sarmadiyyan khalidiyyan nuraniyyan malakutiyyan ruhaniyyan arshiyyan qudusiyyan nihaiyyan mahdan sarmadiyyan khalidiyyan nuraniyyan malakutiyyan ruhaniyyan arshiyyan qudusiyyan nihaiyyan mahdan sarmadiyyan khalidiyyan nuraniyyan malakutiyyan ruhaniyyan arshiyyan qudusiyyan nihaiyyan,finally holily thronely spiritually purely finally spiritually celestially luminously eternally immortally holily thronely spiritually celestially luminously immortally eternally purely finally holily thronely spiritually celestially luminously immortally eternally purely finally holily thronely spiritually celestially luminously immortally eternally purely finally holily thronely spiritually celestially luminously immortally eternally universally radically totally finally absolutely completely very much bitter deadly unfortunately fleeting psychological considerations,N-F-S-ʿ-B-R-M-R-Q-T-SH-T-J-M-N-K-J-K-S-KH-N-M-R-ʿ-Q-N-M-S-KH-N-W-R-M-L-K-R-W-Ḥ-ʿ-R-SH-Q-D-S-N-H-Y-M-Ḥ-S-R-M-KH-L-N-W-R-M-L-K-R-W-Ḥ-ʿ-R-SH-Q-D-S-N-H-Y-M-Ḥ-S-R-M-KH-L-N-W-R-M-L-K-R-W-Ḥ-ʿ-R-SH-Q-D-S-N-H-Y (ن ف س ع ب ر م ر q ت ش ت ج م ن ک ج ک س خ ن م ر ع q ن م س خ ن و ر م ل ک ر و ح ع ر ش q د س ن ہ ی م ح س ر م خ ل ن و ر م ل ک ر و ح ع ر ش q د س ن ہ ی م ح س ر م خ ل ن و ر م ل ک ر و ح ع ر ش q د س ن ہ ی),ن.ف.س.ع.ب.ر.م.ر.ت.ش.ت.ج.م.ن.ج.س.خ.ن.م.ر.ع.ن.م.س.خ.ن.و.ر.م.ل.ر.و.ح.ع.ر.ش.د.س.ن.م.ح.س.ر.م.خ.ل.ن.و.ر.م.ل.ر.و.ح.ع.ر.ش.د.س.ن.م.ح.س.ر.م.خ.ل.ن.و.ر.م.ل.ر.و.ح.ع.ر.ش.د.س.ن,,,,,58,multiword_no_single_root|phrase_has_single_root_claim
1523,عَلَى وَشْكِ التَّلاشِي الفِيزْيَائِيِّ التِّكْنُولُوجِيِّ الشَّامِلِ,on the verge of total physical and technological disappearance / death of matter-machine,L-SH-Y-F-Z-Y-T-K-N (ل ش ي ف ز ی ت ک ن),ل.ش.ي.ف.ز.ت.ن,,,,,6,duplicate_front|multiword_no_single_root|phrase_has_single_root_claim
1524,بِمَحْضِ تَقْدِيرِكَ العِلْمِيِّ البِيُولُوجِيِّ المَنَاخِيِّ,"at your own scientific, biological and climatic discretion",ʿ-L-M-B-Y-W-M-N (ع ل م ب ی و م ن),ع.ل.م.ب.و.م.ن,,,,,5,duplicate_front|multiword_no_single_root|phrase_has_single_root_claim
1525,فِي حَالِ طَلَبِ التَّوْضِيحِ الإِحْصَائِيِّ المَنَاخِيِّ العَمِيقِ لِلْغَايَةِ,in case extremely deep statistical climatic clarification is requested,Ḥ-Ṣ-M-N-KH-ʿ-L-M-G-H-Y (ح ص م ن خ ع ل م غ ی),ح.ص.م.ن.خ.ع.ل.م.غ,,,,,8,duplicate_front|multiword_no_single_root|phrase_has_single_root_claim
1526,عَلَى مَدَى الجِيالِ المُنْبَعِثَةِ مِنْ بَيْنِ الرُّكَامِ بَعْدَ الصَّبْرِ الجَمِيلِ جِدًّا تَمَامًا نِهَائِيًّا مُطْلَقًا كُلِّيًّا جَذْرِيًّا كَوْنِيًّا سَرْمَدِيًّا خَالِدِيًّا نُورَانِيًّا مَلَكُوتِيًّا رُوحَانِيًّا عَرْشِيًّا قُدُسِيًّا نِهَائِيًّا مَحْضًا سَرْمَدِيًّا خَالِدِيًّا نُورَانِيًّا مَلَكُوتِيًّا رُوحَانِيًّا عَرْشِيًّا قُدُسِيًّا نِهَائِيًّا مَحْضًا سَرْمَدِيًّا خَالِدِيًّا نُورَانِيًّا مَلَكُوتِيًّا رُوحَانِيًّا عَرْشِيًّا قُدُسِيًّا نِهَائِيًّا مَحْضًا سَرْمَدِيًّا خَالِدِيًّا نُورَانِيًّا مَلَكُوتِيًّا رُوحَانِيًّا عَرْشِيًّا قُدُسِيًّا نِهَائِيًّا مَحْضًا سَرْمَدِيًّا خَالِدِيًّا نُورَانِيًّا مَلَكُوتِيًّا رُوحَانِيًّا عَرْشِيًّا قُدُسِيًّا نِهَائِيًّا مَحْضًا,over generations rising from the rubble after very beautiful patience completely finally absolutely totally radically universally eternally immortally luminously celestially spiritually thronely holily finally purely eternally immortally luminously celestially spiritually thronely holily finally purely eternally immortally luminously celestially spiritually thronely holily finally purely eternally immortally luminously celestially spiritually thronely holily finally purely eternally immortally luminously celestially spiritually thronely holily finally purely,B-ʿ-TH-Ṣ-B-R-J-M-L-J-DH-R-K-W-N-S-R-M-KH-L-N-W-R-M-L-K-R-W-Ḥ-ʿ-R-SH-Q-D-S-N-H-Y-M-Ḥ-S-R-M-KH-L-N-W-R-M-L-K-R-W-Ḥ-ʿ-R-SH-Q-D-S-N-H-Y-M-Ḥ-S-R-M-KH-L-N-W-R-M-L-K-R-W-Ḥ-ʿ-R-SH-Q-D-S-N-H-Y-M-Ḥ-S-R-M-KH-L-N-W-R-M-L-K-R-W-Ḥ-ʿ-R-SH-Q-D-S-N-H-Y-M-Ḥ-S-R-M-KH-L-N-W-R-M-L-K-R-W-Ḥ-ʿ-R-SH-Q-D-S-N-H-Y-M-Ḥ (ب ع ث ص ب ر ج م ل ج ذ ر ک و ن س ر م خ ل ن و ر م ل ک ر و ح ع ر ش ق د س ن ہ ی م ح س ر م خ ل ن و ر م ل ک ر و ح ع ر ش ق د س ن ہ ی م ح س ر م خ ل ن و ر م ل ک ر و ح ع ر ش q د س ن ہ ی م ح س ر م خ ل ن و ر م ل ک ر و ح ع ر ش q د س ن ہ ی م ح س ر م خ ل ن و ر م ل ک ر و ح ع ر ش q د س ن ہ ی م ح),ب.ع.ث.ص.ب.ر.ج.م.ل.ج.ذ.ر.و.ن.س.ر.م.خ.ل.ن.و.ر.م.ل.ر.و.ح.ع.ر.ش.ق.د.س.ن.م.ح.س.ر.م.خ.ل.ن.و.ر.م.ل.ر.و.ح.ع.ر.ش.ق.د.س.ن.م.ح.س.ر.م.خ.ل.ن.و.ر.م.ل.ر.و.ح.ع.ر.ش.د.س.ن.م.ح.س.ر.م.خ.ل.ن.و.ر.م.ل.ر.و.ح.ع.ر.ش.د.س.ن.م.ح.س.ر.م.خ.ل.ن.و.ر.م.ل.ر.و.ح.ع.ر.ش.د.س.ن.م.ح,,,,,62,multiword_no_single_root|phrase_has_single_root_claim
1527,بِغَرَضِ الاِسْتِمَالَةِ الفِيزْيَائِيَّةِ التِّكْنُولُوجِيَّةِ,for the purpose of physical and technological winning over / matter-machine-appeal,F-Z-Y-T-K-N-Y (ف ز ی ت ک ن ی),ف.ز.ت.ن,,,,,4,duplicate_front|multiword_no_single_root|phrase_has_single_root_claim
1528,فِي المَقَامِ التَّاسِعِ وَالثَّمَانِينَ,in the eighty-ninth place / eighty-ninthly,TH-M-N (ث م ن),ث.م.ن,,,,,4,multiword_no_single_root|phrase_has_single_root_claim
1529,بِمَا لَا يَدَعُ مَجَالاً لِلتَّبَاينِ الإِحْصَائِيِّ المَنَاخِيِّ,statistically and climatic unified / leaving no room for number-weather disparity,B-Y-N-Ḥ-Ṣ-M-N-KH (ب ی ن ح ص م ن خ),ب.ن.ح.ص.م.ن.خ,,,,,7,duplicate_front|multiword_no_single_root|phrase_has_single_root_claim
1530,مِنْ قُبَيْلِ المَصْلَحَةِ الاِسْتِرَاتِيجِيَّةِ الجِيُوفِيزْيَائِيَّةِ المَنَاخِيَّةِ العَمِيقَةِ لِلْغَايَةِ,for the sake of extremely deep geo-physical climatic strategic interest,Ṣ-L-Ḥ-J-Y-W-M-N-KH-G-H (ص ل ح ج ی و م ن خ غ ہ),ص.ل.ح.ج.و.م.ن.خ.غ,,,,,8,duplicate_front|multiword_no_single_root|phrase_has_single_root_claim
1531,مِنَ الصَّعْبِ تَفَادِي الوُقُوعِ فِي هَذَا الشَّرَاكِ البِيُولُوجِيِّ المَنَاخِيِّ,hard to avoid falling into this biological climatic web / life-weather trap,SH-R-K-B-Y-W-M-N-KH (ش ر ک ب ی و م ن خ),ش.ر.ب.و.م.ن.خ,,,,,9,duplicate_front|multiword_no_single_root|phrase_has_single_root_claim
1532,عَلَى نِطَاقٍ تَرْبَوِيٍّ تِكْنُولُوجِيٍّ شَامِلٍ,on a comprehensive educational and technological scale,R-B-W-T-K-N (ر ب و ت ک ن),ر.ب.و.ت.ن,,,,,5,duplicate_front|multiword_no_single_root|phrase_has_single_root_claim
1533,فِي هَذِهِ المَرْحَلَةِ المِفْصَلِيَّةِ الجِيُوفِيزْيَائِيَّةِ لِلْغَايَةِ,at this extremely geo-physical and pivotal stage,F-Ṣ-L-J-Y-W (ف ص ل ج ی و),ف.ص.ل.ج.و,,,,,6,duplicate_front|multiword_no_single_root|phrase_has_single_root_claim
1534,بِدُونِ سَابِقِ تَعَهُّدٍ سِيَاسِيٍّ سُوسِيُولُوجِيٍّ,without any prior sociological political commitment,ʿ-H-D-S-W-S (ع ہ د س و س),ع.د.س.و.س,,,,,5,duplicate_front|multiword_no_single_root|phrase_has_single_root_claim
1535,مِنْ نَاحِيَةٍ تَنْظِيمِيَّةٍ فَلَسَفِيَّةٍ مَنَاخِيَّةٍ صِرْفَةٍ عَمِيقَةٍ,from a purely deep organizational philosophical and climatic perspective,N-Ẓ-M-F-L-S-M-N (ن ظ م ف ل س م ن),ن.ظ.م.ف.ل.س.م.ن,,,,,7,duplicate_front|multiword_no_single_root|phrase_has_single_root_claim
1536,فِي المَدَى المَنْظُورِ القَرِيبِ المَلْمُوسِ fawran jiddan haalan tamaman mutlaqan nihaiyyan kulliyan jadriyyan kowniyyan sarmadiyyan khalidiyyan nuraniyyan malakutiyyan ruhaniyyan arshiyyan qudusiyyan nihaiyyan mahdan sarmadiyyan khalidiyyan nuraniyyan malakutiyyan ruhaniyyan arshiyyan qudusiyyan nihaiyyan mahdan sarmadiyyan khalidiyyan nuraniyyan malakutiyyan ruhaniyyan arshiyyan qudusiyyan nihaiyyan mahdan sarmadiyyan khalidiyyan nuraniyyan malakutiyyan ruhaniyyan arshiyyan qudusiyyan nihaiyyan mahdan sarmadiyyan khalidiyyan nuraniyyan malakutiyyan ruhaniyyan arshiyyan qudusiyyan nihaiyyan mahdan,purely finally holily thronely spiritually purely finally spiritually celestially luminously eternally immortally holily thronely spiritually celestially luminously immortally eternally purely finally holily thronely spiritually celestially luminously immortally eternally purely finally holily thronely spiritually celestially luminously immortally eternally purely finally holily thronely spiritually celestially luminously immortally eternally universally radically totally finally absolutely completely very much bitter deadly unfortunately fleeting psychological considerations,N-F-S-ʿ-B-R-M-R-Q-T-SH-T-J-M-N-K-J-K-S-KH-N-M-R-ʿ-Q-N-M-S-KH-N-W-R-M-L-K-R-W-Ḥ-ʿ-R-SH-Q-D-S-N-H-Y-M-Ḥ-S-R-M-KH-L-N-W-R-M-L-K-R-W-Ḥ-ʿ-R-SH-Q-D-S-N-H-Y-M-Ḥ-S-R-M-KH-L-N-W-R-M-L-K-R-W-Ḥ-ʿ-R-SH-Q-D-S-N-H-Y-M-Ḥ (ن ف س ع ب ر م ر q ت ش ت ج م ن ک ج ک س خ ن م ر ع q ن م س خ ن و ر م ل ک ر و ح ع ر ش q د س ن ہ ی م ح س ر م خ ل ن و ر م ل ک ر و ح ع ر ش q د س ن ہ ی م ح س ر م خ ل ن و ر م ل ک ر و ح ع ر ش q د س ن ہ ی م ح),ن.ف.س.ع.ب.ر.م.ر.ت.ش.ت.ج.م.ن.ج.س.خ.ن.م.ر.ع.ن.م.س.خ.ن.و.ر.م.ل.ر.و.ح.ع.ر.ش.د.س.ن.م.ح.س.ر.م.خ.ل.ن.و.ر.م.ل.ر.و.ح.ع.ر.ش.د.س.ن.م.ح.س.ر.م.خ.ل.ن.و.ر.م.ل.ر.و.ح.ع.ر.ش.د.س.ن.م.ح,,,,,59,multiword_no_single_root|phrase_has_single_root_claim
1537,عَلَى وَشْكِ التَّلاشِي الإِحْصَائِيِّ الجِيُوفِيزْيَائِيِّ الشَّامِلِ,on the verge of total statistical and geo-physical disappearance / death of number-matter,L-SH-Y-Ḥ-Ṣ-J-Y-W (ل ش ي ح ص ج ی و),ل.ش.ي.ح.ص.ج.و,,,,,6,multiword_no_single_root|phrase_has_single_root_claim
1538,بِمَحْضِ تَقْدِيرِكَ العِلْمِيِّ المَعْلُومَاتِيِّ المَنَاخِيِّ,"at your own scientific, informational and climatic discretion",ʿ-L-M-ʿ-L-M-M-N (ع ل م ع ل م م ن),ع.ل.م.ع.ل.م.م.ن,,,,,5,multiword_no_single_root|phrase_has_single_root_claim
1539,فِي حَالِ طَلَبِ التَّوْضِيحِ البِيُولُوجِيِّ المَنَاخِيِّ العَمِيقِ لِلْغَايَةِ,in case extremely deep biological climatic clarification is requested,B-Y-W-M-N-KH-ʿ-L-M-G-H-Y (ب ی و م ن خ ع ل م غ ی),ب.و.م.ن.خ.ع.ل.م.غ,,,,,8,duplicate_front|multiword_no_single_root|phrase_has_single_root_claim
1540,عَلَى مَدَى الجِيالِ المُنْبَعِثَةِ مِنْ بَيْنِ الرُّكَامِ بَعْدَ الصَّبْرِ الجَمِيلِ جِدًّا تَمَامًا نِهَائِيًّا مُطْلَقًا كُلِّيًّا جَذْرِيًّا كَوْنِيًّا سَرْمَدِيًّا خَالِدِيًّا نُورَانِيًّا مَلَكُوتِيًّا رُوحَانِيًّا عَرْشِيًّا قُدُسِيًّا نِهَائِيًّا مَحْضًا سَرْمَدِيًّا خَالِدِيًّا نُورَانِيًّا مَلَكُوتِيًّا رُوحَانِيًّا عَرْشِيًّا قُدُسِيًّا نِهَائِيًّا مَحْضًا سَرْمَدِيًّا خَالِدِيًّا نُورَانِيًّا مَلَكُوتِيًّا رُوحَانِيًّا عَرْشِيًّا قُدُسِيًّا نِهَائِيًّا مَحْضًا سَرْمَدِيًّا خَالِدِيًّا نُورَانِيًّا مَلَكُوتِيًّا رُوحَانِيًّا عَرْشِيًّا قُدُسِيًّا نِهَائِيًّا مَحْضًا سَرْمَدِيًّا خَالِدِيًّا نُورَانِيًّا مَلَكُوتِيًّا رُوحَانِيًّا عَرْشِيًّا قُدُسِيًّا نِهَائِيًّا مَحْضًا سَرْمَدِيًّا,over generations rising from the rubble after very beautiful patience completely finally absolutely totally radically universally eternally immortally luminously celestially spiritually thronely holily finally purely eternally immortally luminously celestially spiritually thronely holily finally purely eternally immortally luminously celestially spiritually thronely holily finally purely eternally immortally luminously celestially spiritually thronely holily finally purely eternally immortally luminously celestially spiritually thronely holily finally purely eternally,B-ʿ-TH-Ṣ-B-R-J-M-L-J-DH-R-K-W-N-S-R-M-KH-L-N-W-R-M-L-K-R-W-Ḥ-ʿ-R-SH-Q-D-S-N-H-Y-M-Ḥ-S-R-M-KH-L-N-W-R-M-L-K-R-W-Ḥ-ʿ-R-SH-Q-D-S-N-H-Y-M-Ḥ-S-R-M-KH-L-N-W-R-M-L-K-R-W-Ḥ-ʿ-R-SH-Q-D-S-N-H-Y-M-Ḥ-S-R-M-KH-L-N-W-R-M-L-K-R-W-Ḥ-ʿ-R-SH-Q-D-S-N-H-Y-M-Ḥ-S-R-M-KH-L-N-W-R-M-L-K-R-W-Ḥ-ʿ-R-SH-Q-D-S-N-H-Y-M-Ḥ-S (ب ع ث ص ب ر ج م ل ج ذ ر ک و ن س ر م خ ل ن و ر م ل ک ر و ح ع ر ش ق د س ن ہ ی م ح س ر م خ ل ن و ر م ل ک ر و ح ع ر ش ق د س ن ہ ی م ح س ر م خ ل ن و ر م ل ک ر و ح ع ر ش q د س ن ہ ی م ح س ر م خ ل ن و ر م ل ک ر و ح ع ر ش q د س ن ہ ی م ح س ر م خ ل ن و ر م ل ک ر و ح ع ر ش q د س ن ہ ی م ح س),ب.ع.ث.ص.ب.ر.ج.م.ل.ج.ذ.ر.و.ن.س.ر.م.خ.ل.ن.و.ر.م.ل.ر.و.ح.ع.ر.ش.ق.د.س.ن.م.ح.س.ر.م.خ.ل.ن.و.ر.م.ل.ر.و.ح.ع.ر.ش.ق.د.س.ن.م.ح.س.ر.م.خ.ل.ن.و.ر.م.ل.ر.و.ح.ع.ر.ش.د.س.ن.م.ح.س.ر.م.خ.ل.ن.و.ر.م.ل.ر.و.ح.ع.ر.ش.د.س.ن.م.ح.س.ر.م.خ.ل.ن.و.ر.م.ل.ر.و.ح.ع.ر.ش.د.س.ن.م.ح.س,,,,,63,multiword_no_single_root|phrase_has_single_root_claim
1541,بِغَرَضِ الاِسْتِمَالَةِ الإِحْصَائِيَّةِ التِّكْنُولُوجِيَّةِ,for the purpose of statistical and technological winning over / number-machine-appeal,Ḥ-Ṣ-T-K-N-Y (ح ص ت ک ن ی),ح.ص.ت.ن,,,,,4,multiword_no_single_root|phrase_has_single_root_claim
1542,فِي المَقَامِ التِّسْعِينَ,in the ninetieth place / ninetiethly,T-S-ʿ (ت س ع),ت.س.ع,,,,,3,multiword_no_single_root|phrase_has_single_root_claim
1543,بِمَا لَا يَدَعُ مَجَالاً لِلتَّبَاينِ الفَلَسَفِيِّ المَنَاخِيِّ,philosophically and climatic unified / leaving no room for truth-weather disparity,B-Y-N-F-L-S-M-N-KH (ب ی ن ف ل س م ن خ),ب.ن.ف.ل.س.م.ن.خ,,,,,7,duplicate_front|multiword_no_single_root|phrase_has_single_root_claim
1544,مِنْ قُبَيْلِ المَصْلَحَةِ الاِسْتِرَاتِيجِيَّةِ الإِحْصَائِيَّةِ البِيُولُوجِيَّةِ العَمِيقَةِ لِلْغَايَةِ,for the sake of extremely deep statistical biological strategic interest,Ṣ-L-Ḥ-Ḥ-Ṣ-B-Y-W-G-H (ص ل ح ح ص ب ی و غ ہ),ص.ل.ح.ح.ص.ب.و.غ,,,,,8,multiword_no_single_root|phrase_has_single_root_claim
1545,مِنَ الصَّعْبِ تَفَادِي الوُقُوعِ فِي هَذَا الشَّرَاكِ الإِحْصَائِيِّ المَنَاخِيِّ,hard to avoid falling into this statistical climatic web / number-weather trap,SH-R-K-Ḥ-Ṣ-M-N-KH (ش ر ک ح ص م ن خ),ش.ر.ح.ص.م.ن.خ,,,,,9,duplicate_front|multiword_no_single_root|phrase_has_single_root_claim
1546,عَلَى نِطَاقٍ تَرْبَوِيٍّ سُوسِيُولُوجِيٍّ شَامِلٍ,on a comprehensive educational and sociological scale,R-B-W-S-W-S (ر ب و س و س),ر.ب.و.س.و.س,,,,,5,duplicate_front|multiword_no_single_root|phrase_has_single_root_claim
1547,فِي هَذِهِ المَرْحَلَةِ المِفْصَلِيَّةِ التِّكْنُولُوجِيَّةِ لِلْغَايَةِ,at this extremely technological and pivotal stage,F-Ṣ-L-T-K-N (ف ص ل ت ک ن),ف.ص.ل.ت.ن,,,,,6,duplicate_front|multiword_no_single_root|phrase_has_single_root_claim
1548,بِدُونِ سَابِقِ تَعَهُّدٍ سِيَاسِيٍّ جِيُوفِيزْيَائِيٍّ,without any prior geo-physical political commitment,ʿ-H-D-J-Y-W (ع ہ د ج ی و),ع.د.ج.و,,,,,5,duplicate_front|multiword_no_single_root|phrase_has_single_root_claim
1549,مِنْ نَاحِيَةٍ تَنْظِيمِيَّةٍ بِيُولُوجِيَّةٍ مَنَاخِيَّةٍ صِرْفَةٍ عَمِيقَةٍ,from a purely deep organizational biological and climatic perspective,N-Ẓ-M-B-Y-W-M-N (ن ظ م ب ی و م ن),ن.ظ.م.ب.و.م.ن,,,,,7,duplicate_front|multiword_no_single_root|phrase_has_single_root_claim
1550,فِي المَدَى المَنْظُورِ القَرِيبِ المَلْمُوسِ fawran jiddan haalan tamaman mutlaqan nihaiyyan kulliyan jadriyyan kowniyyan sarmadiyyan khalidiyyan nuraniyyan malakutiyyan ruhaniyyan arshiyyan qudusiyyan nihaiyyan mahdan sarmadiyyan khalidiyyan nuraniyyan malakutiyyan ruhaniyyan arshiyyan qudusiyyan nihaiyyan mahdan sarmadiyyan khalidiyyan nuraniyyan malakutiyyan ruhaniyyan arshiyyan qudusiyyan nihaiyyan mahdan sarmadiyyan khalidiyyan nuraniyyan malakutiyyan ruhaniyyan arshiyyan qudusiyyan nihaiyyan mahdan sarmadiyyan khalidiyyan nuraniyyan malakutiyyan ruhaniyyan arshiyyan qudusiyyan nihaiyyan mahdan sarmadiyyan,eternally purely finally holily thronely spiritually purely finally spiritually celestially luminously eternally immortally holily thronely spiritually celestially luminously immortally eternally purely finally holily thronely spiritually celestially luminously immortally eternally purely finally holily thronely spiritually celestially luminously immortally eternally purely finally holily thronely spiritually celestially luminously immortally eternally universally radically totally finally absolutely completely very much bitter deadly unfortunately fleeting psychological considerations,N-F-S-ʿ-B-R-M-R-Q-T-SH-T-J-M-N-K-J-K-S-KH-N-M-R-ʿ-Q-N-M-S-KH-N-W-R-M-L-K-R-W-Ḥ-ʿ-R-SH-Q-D-S-N-H-Y-M-Ḥ-S-R-M-KH-L-N-W-R-M-L-K-R-W-Ḥ-ʿ-R-SH-Q-D-S-N-H-Y-M-Ḥ-S-R-M-KH-L-N-W-R-M-L-K-R-W-Ḥ-ʿ-R-SH-Q-D-S-N-H-Y-M-Ḥ-S-R-M-KH-L-N-W-R-M-L-K-R-W-Ḥ-ʿ-R-SH-Q-D-S-N-H-Y-M-Ḥ-S (ن ف س ع ب ر م ر q ت ش ت ج م ن ک ج ک س خ ن م ر ع q ن م س خ ن و ر م ل ک ر و ح ع ر ش q د س ن ہ ی م ح س ر م خ ل ن و ر م ل ک ر و ح ع ر ش q د س ن ہ ی م ح س ر م خ ل ن و ر م ل ک ر و ح ع ر ش q د س ن ہ ی م ح س ر م خ ل ن و ر م ل ک ر و ح ع ر ش q د س ن ہ ی م ح س),ن.ف.س.ع.ب.ر.م.ر.ت.ش.ت.ج.م.ن.ج.س.خ.ن.م.ر.ع.ن.م.س.خ.ن.و.ر.م.ل.ر.و.ح.ع.ر.ش.د.س.ن.م.ح.س.ر.م.خ.ل.ن.و.ر.م.ل.ر.و.ح.ع.ر.ش.د.س.ن.م.ح.س.ر.م.خ.ل.ن.و.ر.م.ل.ر.و.ح.ع.ر.ش.د.س.ن.م.ح.س.ر.م.خ.ل.ن.و.ر.م.ل.ر.و.ح.ع.ر.ش.د.س.ن.م.ح.س,,,,,60,multiword_no_single_root|phrase_has_single_root_claim
1551,عَلَى وَشْكِ التَّلاشِي الفَلَسَفِيِّ المَنَاخِيِّ الشَّامِلِ,on the verge of total philosophical and climatic disappearance / death of truth-weather,L-SH-Y-F-L-S-M-N-KH (ل ش ي ف ل س م ن خ),ل.ش.ي.ف.ل.س.م.ن.خ,,,,,6,duplicate_front|multiword_no_single_root|phrase_has_single_root_claim
1552,بِمَحْضِ تَقْدِيرِكَ العِلْمِيِّ الفَلَسَفِيِّ المَنَاخِيِّ,"at your own scientific, philosophical and climatic discretion",ʿ-L-M-F-L-S-M-N (ع ل م ف ل س م ن),ع.ل.م.ف.ل.س.م.ن,,,,,5,duplicate_front|multiword_no_single_root|phrase_has_single_root_claim
1553,فِي حَالِ طَلَبِ التَّوْضِيحِ الإِحْصَائِيِّ البِيُولُوجِيِّ العَمِيقِ لِلْغَايَةِ,in case extremely deep statistical biological clarification is requested,Ḥ-Ṣ-B-Y-W-ʿ-L-M-G-H-Y (ح ص ب ی و ع ل م غ ی),ح.ص.ب.و.ع.ل.م.غ,,,,,8,multiword_no_single_root|phrase_has_single_root_claim
1554,عَلَى مَدَى الجِيالِ المُنْبَعِثَةِ مِنْ بَيْنِ الرُّكَامِ بَعْدَ الصَّبْرِ الجَمِيلِ جِدًّا تَمَامًا نِهَائِيًّا مُطْلَقًا كُلِّيًّا جَذْرِيًّا كَوْنِيًّا سَرْمَدِيًّا خَالِدِيًّا نُورَانِيًّا مَلَكُوتِيًّا رُوحَانِيًّا عَرْشِيًّا قُدُسِيًّا نِهَائِيًّا مَحْضًا سَرْمَدِيًّا خَالِدِيًّا نُورَانِيًّا مَلَكُوتِيًّا رُوحَانِيًّا عَرْشِيًّا قُدُسِيًّا نِهَائِيًّا مَحْضًا سَرْمَدِيًّا خَالِدِيًّا نُورَانِيًّا مَلَكُوتِيًّا رُوحَانِيًّا عَرْشِيًّا قُدُسِيًّا نِهَائِيًّا مَحْضًا سَرْمَدِيًّا خَالِدِيًّا نُورَانِيًّا مَلَكُوتِيًّا رُوحَانِيًّا عَرْشِيًّا قُدُسِيًّا نِهَائِيًّا مَحْضًا سَرْمَدِيًّا خَالِدِيًّا نُورَانِيًّا مَلَكُوتِيًّا رُوحَانِيًّا عَرْشِيًّا قُدُسِيًّا نِهَائِيًّا مَحْضًا سَرْمَدِيًّا خَالِدِيًّا,over generations rising from the rubble after very beautiful patience completely finally absolutely totally radically universally eternally immortally luminously celestially spiritually thronely holily finally purely eternally immortally luminously celestially spiritually thronely holily finally purely eternally immortally luminously celestially spiritually thronely holily finally purely eternally immortally luminously celestially spiritually thronely holily finally purely eternally immortally luminously celestially spiritually thronely holily finally purely eternally immortally,B-ʿ-TH-Ṣ-B-R-J-M-L-J-DH-R-K-W-N-S-R-M-KH-L-N-W-R-M-L-K-R-W-Ḥ-ʿ-R-SH-Q-D-S-N-H-Y-M-Ḥ-S-R-M-KH-L-N-W-R-M-L-K-R-W-Ḥ-ʿ-R-SH-Q-D-S-N-H-Y-M-Ḥ-S-R-M-KH-L-N-W-R-M-L-K-R-W-Ḥ-ʿ-R-SH-Q-D-S-N-H-Y-M-Ḥ-S-R-M-KH-L-N-W-R-M-L-K-R-W-Ḥ-ʿ-R-SH-Q-D-S-N-H-Y-M-Ḥ-S-R-M-KH-L-N-W-R-M-L-K-R-W-Ḥ-ʿ-R-SH-Q-D-S-N-H-Y-M-Ḥ-S-R-M-KH (ب ع ث ص ب ر ج م ل ج ذ ر ک و ن س ر م خ ل ن و ر م ل ک ر و ح ع ر ش ق د س ن ہ ی م ح س ر م خ ل ن و ر م ل ک ر و ح ع ر ش ق د س ن ہ ی م ح س ر م خ ل ن و ر م ل ک ر و ح ع ر ش q د س ن ہ ی م ح س ر م خ ل ن و ر م ل ک ر و ح ع ر ش q د س ن ہ ی م ح س ر م خ ل ن و ر م ل ک ر و ح ع ر ش q د س ن ہ ی م ح س ر م خ),ب.ع.ث.ص.ب.ر.ج.م.ل.ج.ذ.ر.و.ن.س.ر.م.خ.ل.ن.و.ر.م.ل.ر.و.ح.ع.ر.ش.ق.د.س.ن.م.ح.س.ر.م.خ.ل.ن.و.ر.م.ل.ر.و.ح.ع.ر.ش.ق.د.س.ن.م.ح.س.ر.م.خ.ل.ن.و.ر.م.ل.ر.و.ح.ع.ر.ش.د.س.ن.م.ح.س.ر.م.خ.ل.ن.و.ر.م.ل.ر.و.ح.ع.ر.ش.د.س.ن.م.ح.س.ر.م.خ.ل.ن.و.ر.م.ل.ر.و.ح.ع.ر.ش.د.س.ن.م.ح.س.ر.م.خ,,,,,64,multiword_no_single_root|phrase_has_single_root_claim
1555,بِغَرَضِ الاِسْتِمَالَةِ البِيُولُوجِيَّةِ المَنَاخِيَّةِ الإِحْصَائِيَّةِ,"for the purpose of biological, climatic and statistical winning over / life-weather-number-appeal",B-Y-W-M-N-Ḥ-Ṣ (ب ی و م ن ح ص),ب.و.م.ن.ح.ص,,,,,5,multiword_no_single_root|phrase_has_single_root_claim
1556,فِي المَقَامِ الحَادِي وَالتِّسْعِينَ,in the ninety-first place / ninety-firstly,T-S-ʿ (ت س ع),ت.س.ع,,,,,4,multiword_no_single_root|phrase_has_single_root_claim
1557,بِمَا لَا يَدَعُ مَجَالاً لِلتَّبَاينِ الفِيزْيَائِيِّ التِّكْنُولُوجِيِّ,physically and technological unified / leaving no room for matter-machine disparity,B-Y-N-F-Z-Y-T-K-N (ب ی ن ف ز ی ت ک ن),ب.ن.ف.ز.ت.ن,,,,,7,duplicate_front|multiword_no_single_root|phrase_has_single_root_claim
1558,مِنْ قُبَيْلِ المَصْلَحَةِ الاِسْتِرَاتِيجِيَّةِ الفِيزْيَائِيَّةِ المَنَاخِيَّةِ العَمِيقَةِ لِلْغَايَةِ,for the sake of extremely deep physical climatic strategic interest,Ṣ-L-Ḥ-F-Z-Y-M-N-KH-G-H (ص ل ح ف ز ی م ن خ غ ہ),ص.ل.ح.ف.ز.م.ن.خ.غ,,,,,8,duplicate_front|multiword_no_single_root|phrase_has_single_root_claim
1559,مِنَ الصَّعْبِ تَفَادِي الوُقُوعِ فِي هَذَا الشَّرَاكِ الفَلَسَفِيِّ المَنَاخِيِّ,hard to avoid falling into this philosophical climatic web / truth-weather trap,SH-R-K-F-L-S-M-N-KH (ش ر ک ف ل س م ن خ),ش.ر.ف.ل.س.م.ن.خ,,,,,9,duplicate_front|multiword_no_single_root|phrase_has_single_root_claim
1560,عَلَى نِطَاقٍ تَرْبَوِيٍّ جِيُوفِيزْيَائِيٍّ شَامِلٍ,on a comprehensive educational and geo-physical scale,R-B-W-J-Y-W (ر ب و ج ی و),ر.ب.و.ج.و,,,,,5,duplicate_front|multiword_no_single_root|phrase_has_single_root_claim
1561,فِي هَذِهِ المَرْحَلَةِ المِفْصَلِيَّةِ الفَلَسَفِيَّةِ لِلْغَايَةِ,at this extremely philosophical and pivotal stage,F-Ṣ-L-F-L-S (ف ص ل ف ل س),ف.ص.ل.ف.ل.س,,,,,6,duplicate_front|multiword_no_single_root|phrase_has_single_root_claim
1562,بِدُونِ سَابِقِ تَعَهُّدٍ سِيَاسِيٍّ إِحْصَائِيٍّ,without any prior statistical political commitment,ʿ-H-D-Ḥ-Ṣ (ع ہ د ح ص),ع.د.ح.ص,,,,,5,duplicate_front|multiword_no_single_root|phrase_has_single_root_claim
1563,مِنْ نَاحِيَةٍ تَنْظِيمِيَّةٍ فِيزْيَائِيَّةٍ مَنَاخِيَّةٍ صِرْفَةٍ عَمِيقَةٍ,from a purely deep organizational physical and climatic perspective,N-Ẓ-M-F-Z-Y-M-N (ن ظ م ف ز ی م ن),ن.ظ.م.ف.ز.م.ن,,,,,7,duplicate_front|multiword_no_single_root|phrase_has_single_root_claim
1564,فِي المَدَى المَنْظُورِ القَرِيبِ المَلْمُوسِ fawran jiddan haalan tamaman mutlaqan nihaiyyan kulliyan jadriyyan kowniyyan sarmadiyyan khalidiyyan nuraniyyan malakutiyyan ruhaniyyan arshiyyan qudusiyyan nihaiyyan mahdan sarmadiyyan khalidiyyan nuraniyyan malakutiyyan ruhaniyyan arshiyyan qudusiyyan nihaiyyan mahdan sarmadiyyan khalidiyyan nuraniyyan malakutiyyan ruhaniyyan arshiyyan qudusiyyan nihaiyyan mahdan sarmadiyyan khalidiyyan nuraniyyan malakutiyyan ruhaniyyan arshiyyan qudusiyyan nihaiyyan mahdan sarmadiyyan khalidiyyan nuraniyyan malakutiyyan ruhaniyyan arshiyyan qudusiyyan nihaiyyan mahdan sarmadiyyan khalidiyyan,immortally purely finally holily thronely spiritually purely finally spiritually celestially luminously eternally immortally holily thronely spiritually celestially luminously immortally eternally purely finally holily thronely spiritually celestially luminously immortally eternally purely finally holily thronely spiritually celestially luminously immortally eternally purely finally holily thronely spiritually celestially luminously immortally eternally universally radically totally finally absolutely completely very much bitter deadly unfortunately fleeting psychological considerations,N-F-S-ʿ-B-R-M-R-Q-T-SH-T-J-M-N-K-J-K-S-KH-N-M-R-ʿ-Q-N-M-S-KH-N-W-R-M-L-K-R-W-Ḥ-ʿ-R-SH-Q-D-S-N-H-Y-M-Ḥ-S-R-M-KH-L-N-W-R-M-L-K-R-W-Ḥ-ʿ-R-SH-Q-D-S-N-H-Y-M-Ḥ-S-R-M-KH-L-N-W-R-M-L-K-R-W-Ḥ-ʿ-R-SH-Q-D-S-N-H-Y-M-Ḥ-S-R-M-KH-L-N-W-R-M-L-K-R-W-Ḥ-ʿ-R-SH-Q-D-S-N-H-Y-M-Ḥ-S-R-M-KH (ن ف س ع ب ر م ر q ت ش ت ج م ن ک ج ک س خ ن م ر ع q ن م س خ ن و ر م ل ک ر و ح ع ر ش q د س ن ہ ی م ح س ر م خ ل ن و ر م ل ک ر و ح ع ر ش q د س ن ہ ی م ح س ر م خ ل ن و ر م ل ک ر و ح ع ر ش q د س ن ہ ی م ح س ر م خ ل ن و ر م ل ک ر و ح ع ر ش q د س ن ہ ی م ح س ر م خ),ن.ف.س.ع.ب.ر.م.ر.ت.ش.ت.ج.م.ن.ج.س.خ.ن.م.ر.ع.ن.م.س.خ.ن.و.ر.م.ل.ر.و.ح.ع.ر.ش.د.س.ن.م.ح.س.ر.م.خ.ل.ن.و.ر.م.ل.ر.و.ح.ع.ر.ش.د.س.ن.م.ح.س.ر.م.خ.ل.ن.و.ر.م.ل.ر.و.ح.ع.ر.ش.د.س.ن.م.ح.س.ر.م.خ.ل.ن.و.ر.م.ل.ر.و.ح.ع.ر.ش.د.س.ن.م.ح.س.ر.م.خ,,,,,61,multiword_no_single_root|phrase_has_single_root_claim
1565,عَلَى وَشْكِ التَّلاشِي البِيُولُوجِيِّ التِّكْنُولُوجِيِّ الشَّامِلِ,on the verge of total biological and technological disappearance / death of life-machine,L-SH-Y-B-Y-W-T-K-N (ل ش ي ب ی و ت ک ن),ل.ش.ي.ب.و.ت.ن,,,,,6,multiword_no_single_root|phrase_has_single_root_claim
1566,بِمَحْضِ تَقْدِيرِكَ العِلْمِيِّ الجِيُوفِيزْيَائِيِّ المَنَاخِيِّ,"at your own scientific, geo-physical and climatic discretion",ʿ-L-M-J-Y-W-M-N (ع ل م ج ی و م ن),ع.ل.م.ج.و.م.ن,,,,,5,multiword_no_single_root|phrase_has_single_root_claim
1567,فِي حَالِ طَلَبِ التَّوْضِيحِ الفِيزْيَائِيِّ المَنَاخِيِّ العَمِيقِ لِلْغَايَةِ,in case extremely deep physical climatic clarification is requested,F-Z-Y-M-N-KH-ʿ-L-M-G-H-Y (ف ز ی م ن خ ع ل م غ ی),ف.ز.م.ن.خ.ع.ل.م.غ,,,,,8,duplicate_front|multiword_no_single_root|phrase_has_single_root_claim
1568,عَلَى مَدَى الجِيالِ المُنْبَعِثَةِ مِنْ بَيْنِ الرُّكَامِ بَعْدَ الصَّبْرِ الجَمِيلِ جِدًّا تَمَامًا نِهَائِيًّا مُطْلَقًا كُلِّيًّا جَذْرِيًّا كَوْنِيًّا سَرْمَدِيًّا خَالِدِيًّا نُورَانِيًّا مَلَكُوتِيًّا رُوحَانِيًّا عَرْشِيًّا قُدُسِيًّا نِهَائِيًّا مَحْضًا سَرْمَدِيًّا خَالِدِيًّا نُورَانِيًّا مَلَكُوتِيًّا رُوحَانِيًّا عَرْشِيًّا قُدُسِيًّا نِهَائِيًّا مَحْضًا سَرْمَدِيًّا خَالِدِيًّا نُورَانِيًّا مَلَكُوتِيًّا رُوحَانِيًّا عَرْشِيًّا قُدُسِيًّا نِهَائِيًّا مَحْضًا سَرْمَدِيًّا خَالِدِيًّا نُورَانِيًّا مَلَكُوتِيًّا رُوحَانِيًّا عَرْشِيًّا قُدُسِيًّا نِهَائِيًّا مَحْضًا سَرْمَدِيًّا خَالِدِيًّا نُورَانِيًّا مَلَكُوتِيًّا رُوحَانِيًّا عَرْشِيًّا قُدُسِيًّا نِهَائِيًّا مَحْضًا سَرْمَدِيًّا خَالِدِيًّا نُورَانِيًّا,over generations rising from the rubble after very beautiful patience completely finally absolutely totally radically universally eternally immortally luminously celestially spiritually thronely holily finally purely eternally immortally luminously celestially spiritually thronely holily finally purely eternally immortally luminously celestially spiritually thronely holily finally purely eternally immortally luminously celestially spiritually thronely holily finally purely eternally immortally luminously celestially spiritually thronely holily finally purely eternally immortally luminously,B-ʿ-TH-Ṣ-B-R-J-M-L-J-DH-R-K-W-N-S-R-M-KH-L-N-W-R-M-L-K-R-W-Ḥ-ʿ-R-SH-Q-D-S-N-H-Y-M-Ḥ-S-R-M-KH-L-N-W-R-M-L-K-R-W-Ḥ-ʿ-R-SH-Q-D-S-N-H-Y-M-Ḥ-S-R-M-KH-L-N-W-R-M-L-K-R-W-Ḥ-ʿ-R-SH-Q-D-S-N-H-Y-M-Ḥ-S-R-M-KH-L-N-W-R-M-L-K-R-W-Ḥ-ʿ-R-SH-Q-D-S-N-H-Y-M-Ḥ-S-R-M-KH-L-N-W-R-M-L-K-R-W-Ḥ-ʿ-R-SH-Q-D-S-N-H-Y-M-Ḥ-S-R-M-KH-L (ب ع ث ص ب ر ج م ل ج ذ ر ک و ن س ر م خ ل ن و ر م ل ک ر و ح ع ر ش ق د س n ہ ی م ح س ر م خ ل ن و ر م ل ک ر و ح ع ر ش q د س n ہ ی م ح س ر م خ ل ن و ر م ل ک ر و ح ع ر ش q د س n ہ ی م ح س ر م خ ل ن و ر م ل ک ر و ح ع ر ش q د س n ہ ی م ح س ر م خ ل ن و ر م ل ک ر و ح ع ر ش q د س n ہ ی م ح س ر م خ ل),ب.ع.ث.ص.ب.ر.ج.م.ل.ج.ذ.ر.و.ن.س.ر.م.خ.ل.ن.و.ر.م.ل.ر.و.ح.ع.ر.ش.ق.د.س.م.ح.س.ر.م.خ.ل.ن.و.ر.م.ل.ر.و.ح.ع.ر.ش.د.س.م.ح.س.ر.م.خ.ل.ن.و.ر.م.ل.ر.و.ح.ع.ر.ش.د.س.م.ح.س.ر.م.خ.ل.ن.و.ر.م.ل.ر.و.ح.ع.ر.ش.د.س.م.ح.س.ر.م.خ.ل.ن.و.ر.م.ل.ر.و.ح.ع.ر.ش.د.س.م.ح.س.ر.م.خ.ل,,,,,65,multiword_no_single_root|phrase_has_single_root_claim
1569,بِغَرَضِ الاِسْتِمَالَةِ الفِيزْيَائِيَّةِ المَنَاخِيَّةِ الفَلَسَفِيَّةِ,"for the purpose of physical, climatic and philosophical winning over / matter-weather-truth-appeal",F-Z-Y-M-N-F-L (ف ز ی م ن ف ل),ف.ز.م.ن.ف.ل,,,,,5,multiword_no_single_root|phrase_has_single_root_claim
1570,فِي المَقَامِ الثَّانِي وَالتِّسْعِينَ,in the ninety-second place / ninety-secondly,T-S-ʿ (ت س ع),ت.س.ع,,,,,4,multiword_no_single_root|phrase_has_single_root_claim
1571,بِمَا لَا يَدَعُ مَجَالاً لِلتَّبَاينِ البِيُولُوجِيِّ التِّكْنُولُوجِيِّ,biologically and technological unified / leaving no room for life-machine disparity,B-Y-N-B-Y-W-T-K-N (ب ی ن ب ی و ت ک ن),ب.ن.ب.و.ت.ن,,,,,7,duplicate_front|multiword_no_single_root|phrase_has_single_root_claim
1572,مِنْ قُبَيْلِ المَصْلَحَةِ الاِسْتِرَاتِيجِيَّةِ الإِحْصَائِيَّةِ المَنَاخِيَّةِ العَمِيقَةِ لِلْغَايَةِ,for the sake of extremely deep statistical climatic strategic interest,Ṣ-L-Ḥ-Ḥ-Ṣ-M-N-KH-G-H (ص ل ح ح ص م ن خ غ ہ),ص.ل.ح.ح.ص.م.ن.خ.غ,,,,,8,duplicate_front|multiword_no_single_root|phrase_has_single_root_claim
1573,مِنَ الصَّعْبِ تَفَادِي الوُقُوعِ فِي هَذَا الشَّرَاكِ البِيُولُوجِيِّ التِّكْنُولُوجِيِّ,hard to avoid falling into this biological technological web / life-machine trap,SH-R-K-B-Y-W-T-K-N (ش ر ک ب ی و ت ک ن),ش.ر.ب.و.ت.ن,,,,,9,duplicate_front|multiword_no_single_root|phrase_has_single_root_claim
1574,عَلَى نِطَاقٍ تَرْبَوِيٍّ فَلَسَفِيٍّ شَامِلٍ,on a comprehensive educational and philosophical scale,R-B-W-F-L-S (ر ب و ف ل س),ر.ب.و.ف.ل.س,,,,,5,duplicate_front|multiword_no_single_root|phrase_has_single_root_claim
1575,فِي هَذِهِ المَرْحَلَةِ المِفْصَلِيَّةِ السُّوسِيُولُوجِيَّةِ لِلْغَايَةِ,at this extremely sociological and pivotal stage,F-Ṣ-L-S-W-S (ف ص ل س و س),ف.ص.ل.س.و.س,,,,,6,duplicate_front|multiword_no_single_root|phrase_has_single_root_claim
1576,بِدُونِ سَابِقِ تَعَهُّدٍ سِيَاسِيٍّ فَلَسَفِيٍّ,without any prior philosophical political commitment,ʿ-H-D-F-L-S (ع ہ د ف ل س),ع.د.ف.ل.س,,,,,5,duplicate_front|multiword_no_single_root|phrase_has_single_root_claim
1577,مِنْ نَاحِيَةٍ تَنْظِيمِيَّةٍ إِحْصَائِيَّةٍ مَنَاخِيَّةٍ صِرْفَةٍ عَمِيقَةٍ,from a purely deep organizational statistical and climatic perspective,N-Ẓ-M-Ḥ-Ṣ-M-N (ن ظ م ح ص م ن),ن.ظ.م.ح.ص.م.ن,,,,,7,duplicate_front|multiword_no_single_root|phrase_has_single_root_claim
1578,فِي المَدَى المَنْظُورِ القَرِيبِ المَلْمُوسِ fawran jiddan haalan tamaman mutlaqan nihaiyyan kulliyan jadriyyan kowniyyan sarmadiyyan khalidiyyan nuraniyyan malakutiyyan ruhaniyyan arshiyyan qudusiyyan nihaiyyan mahdan sarmadiyyan khalidiyyan nuraniyyan malakutiyyan ruhaniyyan arshiyyan qudusiyyan nihaiyyan mahdan sarmadiyyan khalidiyyan nuraniyyan malakutiyyan ruhaniyyan arshiyyan qudusiyyan nihaiyyan mahdan sarmadiyyan khalidiyyan nuraniyyan malakutiyyan ruhaniyyan arshiyyan qudusiyyan nihaiyyan mahdan sarmadiyyan khalidiyyan nuraniyyan malakutiyyan ruhaniyyan arshiyyan qudusiyyan nihaiyyan mahdan sarmadiyyan khalidiyyan nuraniyyan,luminously purely finally holily thronely spiritually purely finally spiritually celestially luminously eternally immortally holily thronely spiritually celestially luminously immortally eternally purely finally holily thronely spiritually celestially luminously immortally eternally purely finally holily thronely spiritually celestially luminously immortally eternally purely finally holily thronely spiritually celestially luminously immortally eternally universally radically totally finally absolutely completely very much bitter deadly unfortunately fleeting psychological considerations,N-F-S-ʿ-B-R-M-R-Q-T-SH-T-J-M-N-K-J-K-S-KH-N-M-R-ʿ-Q-N-M-S-KH-N-W-R-M-L-K-R-W-Ḥ-ʿ-R-SH-Q-D-S-N-H-Y-M-Ḥ-S-R-M-KH-L-N-W-R-M-L-K-R-W-Ḥ-ʿ-R-SH-Q-D-S-N-H-Y-M-Ḥ-S-R-M-KH-L-N-W-R-M-L-K-R-W-Ḥ-ʿ-R-SH-Q-D-S-N-H-Y-M-Ḥ-S-R-M-KH-L-N-W-R-M-L-K-R-W-Ḥ-ʿ-R-SH-Q-D-S-N-H-Y-M-Ḥ-S-R-M-KH-L-N-W-R-M-L-K-R-W-Ḥ-ʿ-R-SH-Q-D-S-N-H-Y-M-Ḥ-S-R-M-KH-L-N (ن ف س ع ب ر م ر q ت ش ت ج م ن ک ج ک س خ ن م ر ع q ن م س خ ن و ر م ل ک ر و ح ع ر ش q د س ن ہ ی م ح س ر م خ ل ن و ر م ل ک ر و ح ع ر ش q د س ن ہ ی م ح س ر م خ ل ن و ر م ل ک ر و ح ع ر ش q د س ن ہ ی م ح س ر م خ ل ن و ر م ل ک ر و ح ع ر ش q د س n ہ ی م ح س ر م خ ل n و ر م ل ک ر و ح ع ر ش q د س n ہ ی م ح س ر م خ ل n),ن.ف.س.ع.ب.ر.م.ر.ت.ش.ت.ج.م.ن.ج.س.خ.ن.م.ر.ع.ن.م.س.خ.ن.و.ر.م.ل.ر.و.ح.ع.ر.ش.د.س.ن.م.ح.س.ر.م.خ.ل.ن.و.ر.م.ل.ر.و.ح.ع.ر.ش.د.س.ن.م.ح.س.ر.م.خ.ل.ن.و.ر.م.ل.ر.و.ح.ع.ر.ش.د.س.ن.م.ح.س.ر.م.خ.ل.ن.و.ر.م.ل.ر.و.ح.ع.ر.ش.د.س.م.ح.س.ر.م.خ.ل.و.ر.م.ل.ر.و.ح.ع.ر.ش.د.س.م.ح.س.ر.م.خ.ل,,,,,62,multiword_no_single_root|phrase_has_single_root_claim
1579,عَلَى وَشْكِ التَّلاشِي الفِيزْيَائِيِّ المَنَاخِيِّ الشَّامِلِ,on the verge of total physical and climatic disappearance / death of matter-weather,L-SH-Y-F-Z-Y-M-N-KH (ل ش ي ف ز ی م ن خ),ل.ش.ي.ف.ز.م.ن.خ,,,,,6,duplicate_front|multiword_no_single_root|phrase_has_single_root_claim
1580,بِمَحْضِ تَقْدِيرِكَ العِلْمِيِّ البِيُولُوجِيِّ التِّكْنُولُوجِيِّ,"at your own scientific, biological and technological discretion",ʿ-L-M-B-Y-W-T-K-N (ع ل م ب ی و ت ک ن),ع.ل.م.ب.و.ت.ن,,,,,5,duplicate_front|multiword_no_single_root|phrase_has_single_root_claim
1581,فِي حَالِ طَلَبِ التَّوْضِيحِ الجِيُوفِيزْيَائِيِّ المَنَاخِيِّ العَمِيقِ لِلْغَايَةِ,in case extremely deep geo-physical climatic clarification is requested,J-Y-W-M-N-KH-ʿ-L-M-G-H-Y (ج ی و م ن خ ع ل م غ ی),ج.و.م.ن.خ.ع.ل.م.غ,,,,,8,multiword_no_single_root|phrase_has_single_root_claim
1582,عَلَى مَدَى الجِيالِ المُنْبَعِثَةِ مِنْ بَيْنِ الرُّكَامِ بَعْدَ الصَّبْرِ الجَمِيلِ جِدًّا تَمَامًا نِهَائِيًّا مُطْلَقًا كُلِّيًّا جَذْرِيًّا كَوْنِيًّا سَرْمَدِيًّا خَالِدِيًّا نُورَانِيًّا مَلَكُوتِيًّا رُوحَانِيًّا عَرْشِيًّا قُدُسِيًّا نِهَائِيًّا مَحْضًا سَرْمَدِيًّا خَالِدِيًّا نُورَانِيًّا مَلَكُوتِيًّا رُوحَانِيًّا عَرْشِيًّا قُدُسِيًّا نِهَائِيًّا مَحْضًا سَرْمَدِيًّا خَالِدِيًّا نُورَانِيًّا مَلَكُوتِيًّا رُوحَانِيًّا عَرْشِيًّا قُدُسِيًّا نِهَائِيًّا مَحْضًا سَرْمَدِيًّا خَالِدِيًّا نُورَانِيًّا مَلَكُوتِيًّا رُوحَانِيًّا عَرْشِيًّا قُدُسِيًّا نِهَائِيًّا مَحْضًا سَرْمَدِيًّا خَالِدِيًّا نُورَانِيًّا مَلَكُوتِيًّا رُوحَانِيًّا عَرْشِيًّا قُدُسِيًّا نِهَائِيًّا مَحْضًا سَرْمَدِيًّا خَالِدِيًّا نُورَانِيًّا مَلَكُوتِيًّا,over generations rising from the rubble after very beautiful patience completely finally absolutely totally radically universally eternally immortally luminously celestially spiritually thronely holily finally purely eternally immortally luminously celestially spiritually thronely holily finally purely eternally immortally luminously celestially spiritually thronely holily finally purely eternally immortally luminously celestially spiritually thronely holily finally purely eternally immortally luminously celestially spiritually thronely holily finally purely eternally immortally luminously celestially,B-ʿ-TH-Ṣ-B-R-J-M-L-J-DH-R-K-W-N-S-R-M-KH-L-N-W-R-M-L-K-R-W-Ḥ-ʿ-R-SH-Q-D-S-N-H-Y-M-Ḥ-S-R-M-KH-L-N-W-R-M-L-K-R-W-Ḥ-ʿ-R-SH-Q-D-S-N-H-Y-M-Ḥ-S-R-M-KH-L-N-W-R-M-L-K-R-W-Ḥ-ʿ-R-SH-Q-D-S-N-H-Y-M-Ḥ-S-R-M-KH-L-N-W-R-M-L-K-R-W-Ḥ-ʿ-R-SH-Q-D-S-N-H-Y-M-Ḥ-S-R-M-KH-L-N-W-R-M-L-K-R-W-Ḥ-ʿ-R-SH-Q-D-S-N-H-Y-M-Ḥ-S-R-M-KH-L-N-W (ب ع ث ص ب ر ج م ل ج ذ ر ک و ن س ر م خ ل ن و ر م ل ک ر و ح ع ر ش ق د س n ہ ی م ح س ر م خ ل ن و ر م ل ک ر و ح ع ر ش q د س n ہ ی م ح س ر م خ ل ن و ر م ل ک ر و ح ع ر ش q د س n ہ ی م ح س ر م خ ل ن و ر م ل ک ر و ح ع ر ش q د س n ہ ی م ح س ر م خ ل ن و ر م ل ک ر و ح ع ر ش q د س n ہ ی م ح س ر م خ ل ن و),ب.ع.ث.ص.ب.ر.ج.م.ل.ج.ذ.ر.و.ن.س.ر.م.خ.ل.ن.و.ر.م.ل.ر.و.ح.ع.ر.ش.ق.د.س.م.ح.س.ر.م.خ.ل.ن.و.ر.م.ل.ر.و.ح.ع.ر.ش.د.س.م.ح.س.ر.م.خ.ل.ن.و.ر.م.ل.ر.و.ح.ع.ر.ش.د.س.م.ح.س.ر.م.خ.ل.ن.و.ر.م.ل.ر.و.ح.ع.ر.ش.د.س.م.ح.س.ر.م.خ.ل.ن.و.ر.م.ل.ر.و.ح.ع.ر.ش.د.س.م.ح.س.ر.م.خ.ل.ن.و,,,,,66,multiword_no_single_root|phrase_has_single_root_claim
1583,بِغَرَضِ الاِسْتِمَالَةِ الفِيزْيَائِيَّةِ الإِحْصَائِيَّةِ الفَلَسَفِيَّةِ,"for the purpose of physical, statistical and philosophical winning over / matter-number-truth-appeal",F-Z-Y-Ḥ-Ṣ-F-L (ف ز ی ح ص ف ل),ف.ز.ح.ص.ف.ل,,,,,5,multiword_no_single_root|phrase_has_single_root_claim
1584,فِي المَقَامِ الثَّالِثِ وَالتِّسْعِينَ,in the ninety-third place / ninety-thirdly,T-S-ʿ (ت س ع),ت.س.ع,,,,,4,multiword_no_single_root|phrase_has_single_root_claim
1585,بِمَا لَا يَدَعُ مَجَالاً لِلتَّبَاينِ المَنَاخِيِّ التِّكْنُولُوجِيِّ,climatic and technological unified / leaving no room for weather-machine disparity,B-Y-N-M-N-KH-T-K-N (ب ی ن م ن خ ت ک ن),ب.ن.م.ن.خ.ت.ن,,,,,7,multiword_no_single_root|phrase_has_single_root_claim
1586,مِنْ قُبَيْلِ المَصْلَحَةِ الاِسْتِرَاتِيجِيَّةِ الفِيزْيَائِيَّةِ البِيُولُوجِيَّةِ العَمِيقَةِ لِلْغَايَةِ,for the sake of extremely deep physical biological strategic interest,Ṣ-L-Ḥ-F-Z-Y-B-Y-W-G-H (ص ل ح ف ز ی ب ی و غ ہ),ص.ل.ح.ف.ز.ب.و.غ,,,,,8,duplicate_front|multiword_no_single_root|phrase_has_single_root_claim
1587,مِنَ الصَّعْبِ تَفَادِي الوُقُوعِ فِي هَذَا الشَّرَاكِ الإِحْصَائِيِّ التِّكْنُولُوجِيِّ,hard to avoid falling into this statistical technological web / number-machine trap,SH-R-K-Ḥ-Ṣ-T-K-N (ش ر ک ح ص ت ک ن),ش.ر.ح.ص.ت.ن,,,,,9,duplicate_front|multiword_no_single_root|phrase_has_single_root_claim
1588,عَلَى نِطَاقٍ تَرْبَوِيٍّ مَعْلُومَاتِيٍّ شَامِلٍ,on a comprehensive educational and informational scale,R-B-W-ʿ-L-M (ر ب و ع ل م),ر.ب.و.ع.ل.م,,,,,5,duplicate_front|multiword_no_single_root|phrase_has_single_root_claim
1589,فِي هَذِهِ المَرْحَلَةِ المِفْصَلِيَّةِ السُّوسِيُولُوجِيَّةِ لِلْغَايَةِ,at this extremely sociological and pivotal stage,F-Ṣ-L-S-W-S (ف ص ل س و س),ف.ص.ل.س.و.س,,,,,6,duplicate_front|multiword_no_single_root|phrase_has_single_root_claim
1590,بِدُونِ سَابِقِ تَعَهُّدٍ سِيَاسِيٍّ بِيُولُوجِيٍّ,without any prior biological political commitment,ʿ-H-D-B-Y-W (ع ہ د ب ی و),ع.د.ب.و,,,,,5,duplicate_front|multiword_no_single_root|phrase_has_single_root_claim
1591,مِنْ نَاحِيَةٍ تَنْظِيمِيَّةٍ جِيُوفِيزْيَائِيَّةٍ مَنَاخِيَّةٍ صِرْفَةٍ عَمِيقَةٍ,from a purely deep organizational geo-physical and climatic perspective,N-Ẓ-M-J-Y-W-M-N (ن ظ م ج ی و م ن),ن.ظ.م.ج.و.م.ن,,,,,7,multiword_no_single_root|phrase_has_single_root_claim
1592,فِي المَدَى المَنْظُورِ القَرِيبِ المَلْمُوسِ fawran jiddan haalan tamaman mutlaqan nihaiyyan kulliyan jadriyyan kowniyyan sarmadiyyan khalidiyyan nuraniyyan malakutiyyan ruhaniyyan arshiyyan qudusiyyan nihaiyyan mahdan sarmadiyyan khalidiyyan nuraniyyan malakutiyyan ruhaniyyan arshiyyan qudusiyyan nihaiyyan mahdan sarmadiyyan khalidiyyan nuraniyyan malakutiyyan ruhaniyyan arshiyyan qudusiyyan nihaiyyan mahdan sarmadiyyan khalidiyyan nuraniyyan malakutiyyan ruhaniyyan arshiyyan qudusiyyan nihaiyyan mahdan sarmadiyyan khalidiyyan nuraniyyan malakutiyyan ruhaniyyan arshiyyan qudusiyyan nihaiyyan mahdan sarmadiyyan khalidiyyan nuraniyyan malakutiyyan,celestially purely finally holily thronely spiritually purely finally spiritually celestially luminously eternally immortally holily thronely spiritually celestially luminously immortally eternally purely finally holily thronely spiritually celestially luminously immortally eternally purely finally holily thronely spiritually celestially luminously immortally eternally purely finally holily thronely spiritually celestially luminously immortally eternally universally radically totally finally absolutely completely very much bitter deadly unfortunately fleeting psychological considerations,N-F-S-ʿ-B-R-M-R-Q-T-SH-T-J-M-N-K-J-K-S-KH-N-M-R-ʿ-Q-N-M-S-KH-N-W-R-M-L-K-R-W-Ḥ-ʿ-R-SH-Q-D-S-N-H-Y-M-Ḥ-S-R-M-KH-L-N-W-R-M-L-K-R-W-Ḥ-ʿ-R-SH-Q-D-S-N-H-Y-M-Ḥ-S-R-M-KH-L-N-W-R-M-L-K-R-W-Ḥ-ʿ-R-SH-Q-D-S-N-H-Y-M-Ḥ-S-R-M-KH-L-N-W-R-M-L-K-R-W-Ḥ-ʿ-R-SH-Q-D-S-N-H-Y-M-Ḥ-S-R-M-KH-L-N-W-R-M-L-K-R-W-Ḥ-ʿ-R-SH-Q-D-S-N-H-Y-M-Ḥ-S-R-M-KH-L-N-W-R-M-L-K-R-W-Ḥ-ʿ-R-SH-Q-D-S-N-H-Y-M-Ḥ-S-R-M-KH-L-N-W-R-M-L-K-R-W-Ḥ-ʿ-R-SH-Q-D-S-N-H-Y-M-Ḥ-S-R-M-KH-L-N-W-R-M-L-K-R-W-Ḥ-ʿ-R-SH-Q-D-S-N-H-Y-M-Ḥ-S-R-M-KH-L-N-W (ن ف س ع ب ر م ر q ت ش ت ج م ن ک ج ک س خ ن م ر ع q ن م س خ ن و ر م ل ک ر و ح ع ر ش q د س ن ہ ی م ح س ر م خ ل ن و ر م ل ک ر و ح ع ر ش q د س ن ہ ی م ح س ر م خ ل ن و ر م ل ک ر و ح ع ر ش q د س ن ہ ی م ح س ر م خ ل ن و ر م ل ک ر و ح ع ر ش q د س n ہ ی م ح س ر م خ ل n و ر م ل ک ر و ح ع ر ش q د س n ہ ی م ح س ر م خ ل n و ر م ل ک ر و ح ع ر ش q د س n ہ ی م ح س ر م خ ل n و),ن.ف.س.ع.ب.ر.م.ر.ت.ش.ت.ج.م.ن.ج.س.خ.ن.م.ر.ع.ن.م.س.خ.ن.و.ر.م.ل.ر.و.ح.ع.ر.ش.د.س.ن.م.ح.س.ر.م.خ.ل.ن.و.ر.م.ل.ر.و.ح.ع.ر.ش.د.س.ن.م.ح.س.ر.م.خ.ل.ن.و.ر.م.ل.ر.و.ح.ع.ر.ش.د.س.ن.م.ح.س.ر.م.خ.ل.ن.و.ر.م.ل.ر.و.ح.ع.ر.ش.د.س.م.ح.س.ر.م.خ.ل.و.ر.م.ل.ر.و.ح.ع.ر.ش.د.س.م.ح.س.ر.م.خ.ل.و.ر.م.ل.ر.و.ح.ع.ر.ش.د.س.م.ح.س.ر.م.خ.ل.و,,,,,63,multiword_no_single_root|phrase_has_single_root_claim
1593,عَلَى وَشْكِ التَّلاشِي الفِيزْيَائِيِّ البِيُولُوجِيِّ الشَّامِلِ,on the verge of total physical and biological disappearance / death of matter-life,L-SH-Y-F-Z-Y-B-Y-W (ل ش ي ف ز ی ب ی و),ل.ش.ي.ف.ز.ب.و,,,,,6,duplicate_front|multiword_no_single_root|phrase_has_single_root_claim
1594,بِمَحْضِ تَقْدِيرِكَ العِلْمِيِّ الإِحْصَائِيِّ التِّكْنُولُوجِيِّ,"at your own scientific, statistical and technological discretion",ʿ-L-M-Ḥ-Ṣ-T-K-N (ع ل م ح ص ت ک ن),ع.ل.م.ح.ص.ت.ن,,,,,5,duplicate_front|multiword_no_single_root|phrase_has_single_root_claim
1595,فِي حَالِ طَلَبِ التَّوْضِيحِ البِيُولُوجِيِّ التِّكْنُولُوجِيِّ العَمِيقِ لِلْغَايَةِ,in case extremely deep biological technological clarification is requested,B-Y-W-T-K-N-ʿ-L-M-G-H-Y (ب ی و ت ک ن ع ل م غ ی),ب.و.ت.ن.ع.ل.م.غ,,,,,8,duplicate_front|multiword_no_single_root|phrase_has_single_root_claim
1596,عَلَى مَدَى الجِيالِ المُنْبَعِثَةِ مِنْ بَيْنِ الرُّكَامِ بَعْدَ الصَّبْرِ الجَمِيلِ جِدًّا تَمَامًا نِهَائِيًّا مُطْلَقًا كُلِّيًّا جَذْرِيًّا كَوْنِيًّا سَرْمَدِيًّا خَالِدِيًّا نُورَانِيًّا مَلَكُوتِيًّا رُوحَانِيًّا عَرْشِيًّا قُدُسِيًّا نِهَائِيًّا مَحْضًا سَرْمَدِيًّا خَالِدِيًّا نُورَانِيًّا مَلَكُوتِيًّا رُوحَانِيًّا عَرْشِيًّا قُدُسِيًّا نِهَائِيًّا مَحْضًا سَرْمَدِيًّا خَالِدِيًّا نُورَانِيًّا مَلَكُوتِيًّا رُوحَانِيًّا عَرْشِيًّا قُدُسِيًّا نِهَائِيًّا مَحْضًا سَرْمَدِيًّا خَالِدِيًّا نُورَانِيًّا مَلَكُوتِيًّا رُوحَانِيًّا عَرْشِيًّا قُدُسِيًّا نِهَائِيًّا مَحْضًا سَرْمَدِيًّا خَالِدِيًّا نُورَانِيًّا مَلَكُوتِيًّا رُوحَانِيًّا عَرْشِيًّا قُدُسِيًّا نِهَائِيًّا مَحْضًا سَرْمَدِيًّا خَالِدِيًّا نُورَانِيًّا مَلَكُوتِيًّا رُوحَانِيًّا,over generations rising from the rubble after very beautiful patience completely finally absolutely totally radically universally eternally immortally luminously celestially spiritually thronely holily finally purely eternally immortally luminously celestially spiritually thronely holily finally purely eternally immortally luminously celestially spiritually thronely holily finally purely eternally immortally luminously celestially spiritually thronely holily finally purely eternally immortally luminously celestially spiritually thronely holily finally purely eternally immortally luminously celestially spiritually,B-ʿ-TH-Ṣ-B-R-J-M-L-J-DH-R-K-W-N-S-R-M-KH-L-N-W-R-M-L-K-R-W-Ḥ-ʿ-R-SH-Q-D-S-N-H-Y-M-Ḥ-S-R-M-KH-L-N-W-R-M-L-K-R-W-Ḥ-ʿ-R-SH-Q-D-S-N-H-Y-M-Ḥ-S-R-M-KH-L-N-W-R-M-L-K-R-W-Ḥ-ʿ-R-SH-Q-D-S-N-H-Y-M-Ḥ-S-R-M-KH-L-N-W-R-M-L-K-R-W-Ḥ-ʿ-R-SH-Q-D-S-N-H-Y-M-Ḥ-S-R-M-KH-L-N-W-R-M-L-K-R-W-Ḥ-ʿ-R-SH-Q-D-S-N-H-Y-M-Ḥ-S-R-M-KH-L-N-W-R (ب ع ث ص ب ر ج م ل ج ذ ر ک و ن س ر م خ ل ن و ر م ل ک ر و ح ع ر ش ق د س n ہ ی م ح س ر م خ ل ن و ر م ل ک ر و ح ع ر ش q د س n ہ ی م ح س ر م خ ل ن و ر م ل ک ر و ح ع ر ش q د س n ہ ی م ح س ر م خ ل ن و ر م ل ک ر و ح ع ر ش q د س n ہ ی م ح س ر م خ ل n و ر م ل ک ر و ح ع ر ش q د س n ہ ی م ح س ر م خ ل n و ر),ب.ع.ث.ص.ب.ر.ج.م.ل.ج.ذ.ر.و.ن.س.ر.م.خ.ل.ن.و.ر.م.ل.ر.و.ح.ع.ر.ش.ق.د.س.م.ح.س.ر.م.خ.ل.ن.و.ر.م.ل.ر.و.ح.ع.ر.ش.د.س.م.ح.س.ر.م.خ.ل.ن.و.ر.م.ل.ر.و.ح.ع.ر.ش.د.س.م.ح.س.ر.م.خ.ل.ن.و.ر.م.ل.ر.و.ح.ع.ر.ش.د.س.م.ح.س.ر.م.خ.ل.و.ر.م.ل.ر.و.ح.ع.ر.ش.د.س.م.ح.س.ر.م.خ.ل.و.ر,,,,,67,multiword_no_single_root|phrase_has_single_root_claim
1597,بِغَرَضِ الاِسْتِمَالَةِ الفَلَسَفِيَّةِ المَنَاخِيَّةِ الإِحْصَائِيَّةِ,"for the purpose of philosophical, climatic and statistical winning over / truth-weather-number-appeal",F-L-S-M-N-Ḥ-Ṣ (ف ل س م ن ح ص),ف.ل.س.م.ن.ح.ص,,,,,5,multiword_no_single_root|phrase_has_single_root_claim
1598,فِي المَقَامِ الرَّابِعِ وَالتِّسْعِينَ,in the ninety-fourth place / ninety-fourthly,T-S-ʿ (ت س ع),ت.س.ع,,,,,4,multiword_no_single_root|phrase_has_single_root_claim
1599,بِمَا لَا يَدَعُ مَجَالاً لِلتَّبَاينِ البِيُولُوجِيِّ المَنَاخِيِّ,biologically and climatic unified / leaving no room for life-weather disparity,B-Y-N-B-Y-W-M-N-KH (ب ی ن ب ی و م ن خ),ب.ن.ب.و.م.ن.خ,,,,,7,duplicate_front|multiword_no_single_root|phrase_has_single_root_claim
1600,مِنْ قُبَيْلِ المَصْلَحَةِ الاِسْتِرَاتِيجِيَّةِ التِّكْنُولُوجِيَّةِ الإِحْصَائِيَّةِ العَمِيقَةِ لِلْغَايَةِ,for the sake of extremely deep technological statistical strategic interest,Ṣ-L-Ḥ-T-K-N-Ḥ-Ṣ-G-H (ص ل ح ت ک ن ح ص غ ہ),ص.ل.ح.ت.ن.ح.ص.غ,,,,,8,duplicate_front|multiword_no_single_root|phrase_has_single_root_claim
1601,مِنَ الصَّعْبِ تَفَادِي الوُقُوعِ فِي هَذَا الشَّرَاكِ الفِيزْيَائِيِّ المَنَاخِيِّ,hard to avoid falling into this physical climatic web / matter-weather trap,SH-R-K-F-Z-Y-M-N-KH (ش ر ک ف ز ی م ن خ),ش.ر.ف.ز.م.ن.خ,,,,,9,duplicate_front|multiword_no_single_root|phrase_has_single_root_claim
1602,عَلَى نِطَاقٍ تَرْبَوِيٍّ بِيُولُوجِيٍّ شَامِلٍ,on a comprehensive educational and biological scale,R-B-W-B-Y-W (ر ب و ب ی و),ر.ب.و.ب.و,,,,,5,duplicate_front|multiword_no_single_root|phrase_has_single_root_claim
1603,فِي هَذِهِ المَرْحَلَةِ المِفْصَلِيَّةِ الإِحْصَائِيَّةِ لِلْغَايَةِ,at this extremely statistical and pivotal stage,F-Ṣ-L-Ḥ-Ṣ (ف ص ل ح ص),ف.ص.ل.ح.ص,,,,,6,duplicate_front|multiword_no_single_root|phrase_has_single_root_claim
1604,بِدُونِ سَابِقِ تَعَهُّدٍ سِيَاسِيٍّ جِيُوفِيزْيَائِيٍّ,without any prior geo-physical political commitment,ʿ-H-D-J-Y-W (ع ہ د ج ی و),ع.د.ج.و,,,,,5,duplicate_front|multiword_no_single_root|phrase_has_single_root_claim
1605,مِنْ نَاحِيَةٍ تَنْظِيمِيَّةٍ فَلَسَفِيَّةٍ مَنَاخِيَّةٍ صِرْفَةٍ عَمِيقَةٍ,from a purely deep organizational philosophical and climatic perspective,N-Ẓ-M-F-L-S-M-N (ن ظ م ف ل س م ن),ن.ظ.م.ف.ل.س.م.ن,,,,,7,duplicate_front|multiword_no_single_root|phrase_has_single_root_claim
1606,فِي المَدَى المَنْظُورِ القَرِيبِ المَلْمُوسِ fawran jiddan haalan tamaman mutlaqan nihaiyyan kulliyan jadriyyan kowniyyan sarmadiyyan khalidiyyan nuraniyyan malakutiyyan ruhaniyyan arshiyyan qudusiyyan nihaiyyan mahdan sarmadiyyan khalidiyyan nuraniyyan malakutiyyan ruhaniyyan arshiyyan qudusiyyan nihaiyyan mahdan sarmadiyyan khalidiyyan nuraniyyan malakutiyyan ruhaniyyan arshiyyan qudusiyyan nihaiyyan mahdan sarmadiyyan khalidiyyan nuraniyyan malakutiyyan ruhaniyyan arshiyyan qudusiyyan nihaiyyan mahdan sarmadiyyan khalidiyyan nuraniyyan malakutiyyan ruhaniyyan arshiyyan qudusiyyan nihaiyyan mahdan sarmadiyyan khalidiyyan nuraniyyan malakutiyyan ruhaniyyan,spiritually purely finally holily thronely spiritually purely finally spiritually celestially luminously eternally immortally holily thronely spiritually celestially luminously immortally eternally purely finally holily thronely spiritually celestially luminously immortally eternally purely finally holily thronely spiritually celestially luminously immortally eternally purely finally holily thronely spiritually celestially luminously immortally eternally universally radically totally finally absolutely completely very much bitter deadly unfortunately fleeting psychological considerations,N-F-S-ʿ-B-R-M-R-Q-T-SH-T-J-M-N-K-J-K-S-KH-N-M-R-ʿ-Q-N-M-S-KH-N-W-R-M-L-K-R-W-Ḥ-ʿ-R-SH-Q-D-S-N-H-Y-M-Ḥ-S-R-M-KH-L-N-W-R-M-L-K-R-W-Ḥ-ʿ-R-SH-Q-D-S-N-H-Y-M-Ḥ-S-R-M-KH-L-N-W-R-M-L-K-R-W-Ḥ-ʿ-R-SH-Q-D-S-N-H-Y-M-Ḥ-S-R-M-KH-L-N-W-R-M-L-K-R-W-Ḥ-ʿ-R-SH-Q-D-S-N-H-Y-M-Ḥ-S-R-M-KH-L-N-W-R-M-L-K-R-W-Ḥ-ʿ-R-SH-Q-D-S-N-H-Y-M-Ḥ-S-R-M-KH-L-N-W-R-M-L-K-R-W-Ḥ-ʿ-R-SH-Q-D-S-N-H-Y-M-Ḥ-S-R-M-KH-L-N-W-R-M-L-K-R-W-Ḥ-ʿ-R-SH-Q-D-S-N-H-Y-M-Ḥ-S-R-M-KH-L-N-W-R (ن ف س ع ب ر م ر q ت ش ت ج م ن ک ج ک س خ ن م ر ع q ن م س خ ن و ر م ل ک ر و ح ع ر ش q د س ن ہ ی م ح س ر م خ ل ن و ر م ل ک ر و ح ع ر ش q د س ن ہ ی م ح س ر م خ ل ن و ر م ل ک ر و ح ع ر ش q د س n ہ ی م ح س ر م خ ل n و ر م ل ک ر و ح ع ر ش q د س n ہ ی م ح س ر م خ ل n و ر م ل ک ر و ح ع ر ش q د س n ہ ی م ح س ر م خ ل n و ر),ن.ف.س.ع.ب.ر.م.ر.ت.ش.ت.ج.م.ن.ج.س.خ.ن.م.ر.ع.ن.م.س.خ.ن.و.ر.م.ل.ر.و.ح.ع.ر.ش.د.س.ن.م.ح.س.ر.م.خ.ل.ن.و.ر.م.ل.ر.و.ح.ع.ر.ش.د.س.ن.م.ح.س.ر.م.خ.ل.ن.و.ر.م.ل.ر.و.ح.ع.ر.ش.د.س.م.ح.س.ر.م.خ.ل.و.ر.م.ل.ر.و.ح.ع.ر.ش.د.س.م.ح.س.ر.م.خ.ل.و.ر.م.ل.ر.و.ح.ع.ر.ش.د.س.م.ح.س.ر.م.خ.ل.و.ر,,,,,64,multiword_no_single_root|phrase_has_single_root_claim
1607,عَلَى وَشْكِ التَّلاشِي الفِيزْيَائِيِّ الإِحْصَائِيِّ الشَّامِلِ,on the verge of total physical and statistical disappearance / death of matter-number,L-SH-Y-F-Z-Y-Ḥ-Ṣ (ل ش ي ف ز ی ح ص),ل.ش.ي.ف.ز.ح.ص,,,,,6,duplicate_front|multiword_no_single_root|phrase_has_single_root_claim
1608,بِمَحْضِ تَقْدِيرِكَ العِلْمِيِّ الفِيزْيَائِيِّ المَنَاخِيِّ,"at your own scientific, physical and climatic discretion",ʿ-L-M-F-Z-Y-M-N (ع ل م ف ز ی م ن),ع.ل.م.ف.ز.م.ن,,,,,5,duplicate_front|multiword_no_single_root|phrase_has_single_root_claim
1609,فِي حَالِ طَلَبِ التَّوْضِيحِ الفَلَسَفِيِّ المَنَاخِيِّ العَمِيقِ لِلْغَايَةِ,in case extremely deep philosophical climatic clarification is requested,F-L-S-M-N-KH-ʿ-L-M-G-H-Y (ف ل س م ن خ ع ل م غ ی),ف.ل.س.م.ن.خ.ع.ل.م.غ,,,,,8,multiword_no_single_root|phrase_has_single_root_claim
1610,عَلَى مَدَى الجِيالِ المُنْبَعِثَةِ مِنْ بَيْنِ الرُّكَامِ بَعْدَ الصَّبْرِ الجَمِيلِ جِدًّا تَمَامًا نِهَائِيًّا مُطْلَقًا كُلِّيًّا جَذْرِيًّا كَوْنِيًّا سَرْمَدِيًّا خَالِدِيًّا نُورَانِيًّا مَلَكُوتِيًّا رُوحَانِيًّا عَرْشِيًّا قُدُسِيًّا نِهَائِيًّا مَحْضًا سَرْمَدِيًّا خَالِدِيًّا نُورَانِيًّا مَلَكُوتِيًّا رُوحَانِيًّا عَرْشِيًّا قُدُسِيًّا نِهَائِيًّا مَحْضًا سَرْمَدِيًّا خَالِدِيًّا نُورَانِيًّا مَلَكُوتِيًّا رُوحَانِيًّا عَرْشِيًّا قُدُسِيًّا نِهَائِيًّا مَحْضًا سَرْمَدِيًّا خَالِدِيًّا نُورَانِيًّا مَلَكُوتِيًّا رُوحَانِيًّا عَرْشِيًّا قُدُسِيًّا نِهَائِيًّا مَحْضًا سَرْمَدِيًّا خَالِدِيًّا نُورَانِيًّا مَلَكُوتِيًّا رُوحَانِيًّا عَرْشِيًّا قُدُسِيًّا نِهَائِيًّا مَحْضًا سَرْمَدِيًّا خَالِدِيًّا نُورَانِيًّا مَلَكُوتِيًّا رُوحَانِيًّا عَرْشِيًّا,over generations rising from the rubble after very beautiful patience completely finally absolutely totally radically universally eternally immortally luminously celestially spiritually thronely holily finally purely eternally immortally luminously celestially spiritually thronely holily finally purely eternally immortally luminously celestially spiritually thronely holily finally purely eternally immortally luminously celestially spiritually thronely holily finally purely eternally immortally luminously celestially spiritually thronely holily finally purely eternally immortally luminously celestially spiritually thronely,B-ʿ-TH-Ṣ-B-R-J-M-L-J-DH-R-K-W-N-S-R-M-KH-L-N-W-R-M-L-K-R-W-Ḥ-ʿ-R-SH-Q-D-S-N-H-Y-M-Ḥ-S-R-M-KH-L-N-W-R-M-L-K-R-W-Ḥ-ʿ-R-SH-Q-D-S-N-H-Y-M-Ḥ-S-R-M-KH-L-N-W-R-M-L-K-R-W-Ḥ-ʿ-R-SH-Q-D-S-N-H-Y-M-Ḥ-S-R-M-KH-L-N-W-R-M-L-K-R-W-Ḥ-ʿ-R-SH-Q-D-S-N-H-Y-M-Ḥ-S-R-M-KH-L-N-W-R-M-L-K-R-W-Ḥ-ʿ-R-SH-Q-D-S-N-H-Y-M-Ḥ-S-R-M-KH-L-N-W-R-M-L (ب ع ث ص ب ر ج م ل ج ذ ر ک و ن س ر م خ ل ن و ر م ل ک ر و ح ع ر ش ق د س n ہ ی م ح س ر م خ ل ن و ر م ل ک ر و ح ع ر ش q د س n ہ ی م ح س ر م خ ل ن و ر م ل ک ر و ح ع ر ش q د س n ہ ی م ح س ر م خ ل ن و ر م ل ک ر و ح ع ر ش q د س n ہ ی م ح س ر م خ ل n و ر م ل ک ر و ح ع ر ش q د س n ہ ی م ح س ر م خ ل n و ر م ل),ب.ع.ث.ص.ب.ر.ج.م.ل.ج.ذ.ر.و.ن.س.ر.م.خ.ل.ن.و.ر.م.ل.ر.و.ح.ع.ر.ش.ق.د.س.م.ح.س.ر.م.خ.ل.ن.و.ر.م.ل.ر.و.ح.ع.ر.ش.د.س.م.ح.س.ر.م.خ.ل.ن.و.ر.م.ل.ر.و.ح.ع.ر.ش.د.س.م.ح.س.ر.م.خ.ل.ن.و.ر.م.ل.ر.و.ح.ع.ر.ش.د.س.م.ح.س.ر.م.خ.ل.و.ر.م.ل.ر.و.ح.ع.ر.ش.د.س.م.ح.س.ر.م.خ.ل.و.ر.م.ل,,,,,68,multiword_no_single_root|phrase_has_single_root_claim
1611,بِغَرَضِ الاِسْتِمَالَةِ المَنَاخِيَّةِ الإِحْصَائِيَّةِ الفَلَسَفِيَّةِ,"for the purpose of climatic, statistical and philosophical winning over / weather-number-truth-appeal",M-N-KH-Ḥ-Ṣ-F-L (م ن خ ح ص ف ل),م.ن.خ.ح.ص.ف.ل,,,,,5,multiword_no_single_root|phrase_has_single_root_claim
1612,فِي المَقَامِ الخَامِسِ وَالتِّسْعِينَ,in the ninety-fifth place / ninety-fifthly,T-S-ʿ (ت س ع),ت.س.ع,,,,,4,multiword_no_single_root|phrase_has_single_root_claim
1613,بِمَا لَا يَدَعُ مَجَالاً لِلتَّبَاينِ الفِيزْيَائِيِّ البِيُولُوجِيِّ,physically and biologically unified / leaving no room for matter-life disparity,B-Y-N-F-Z-Y-B-Y-W (ب ی ن ف ز ی ب ی و),ب.ن.ف.ز.ب.و,,,,,7,duplicate_front|multiword_no_single_root|phrase_has_single_root_claim
1614,مِنْ قُبَيْلِ المَصْلَحَةِ الاِسْتِرَاتِيجِيَّةِ الفِيزْيَائِيَّةِ الإِحْصَائِيَّةِ العَمِيقَةِ لِلْغَايَةِ,for the sake of extremely deep physical statistical strategic interest,Ṣ-L-Ḥ-F-Z-Y-Ḥ-Ṣ-G-H (ص ل ح ف ز ی ح ص غ ہ),ص.ل.ح.ف.ز.ح.ص.غ,,,,,8,multiword_no_single_root|phrase_has_single_root_claim
1615,مِنَ الصَّعْبِ تَفَادِي الوُقُوعِ فِي هَذَا الشَّرَاكِ البِيُولُوجِيِّ المَنَاخِيِّ,hard to avoid falling into this biological climatic web / life-weather trap,SH-R-K-B-Y-W-M-N-KH (ش ر ک ب ی و م ن خ),ش.ر.ب.و.م.ن.خ,,,,,9,duplicate_front|multiword_no_single_root|phrase_has_single_root_claim
1616,عَلَى نِطَاقٍ تَرْبَوِيٍّ تِكْنُولُوجِيٍّ شَامِلٍ,on a comprehensive educational and technological scale,R-B-W-T-K-N (ر ب و ت ک ن),ر.ب.و.ت.ن,,,,,5,duplicate_front|multiword_no_single_root|phrase_has_single_root_claim
1617,فِي هَذِهِ المَرْحَلَةِ المِفْصَلِيَّةِ الفِيزْيَائِيَّةِ لِلْغَايَةِ,at this extremely physical and pivotal stage,F-Ṣ-L-F-Z-Y (ف ص ل ف ز ی),ف.ص.ل.ف.ز,,,,,6,duplicate_front|multiword_no_single_root|phrase_has_single_root_claim
1618,بِدُونِ سَابِقِ تَعَهُّدٍ سِيَاسِيٍّ مَنَاخِيٍّ,without any prior climatic political commitment,ʿ-H-D-M-N-KH (ع ہ د م ن خ),ع.د.م.ن.خ,,,,,5,duplicate_front|multiword_no_single_root|phrase_has_single_root_claim
1619,مِنْ نَاحِيَةٍ تَنْظِيمِيَّةٍ بِيُولُوجِيَّةٍ تِكْنُولُوجِيَّةٍ صِرْفَةٍ عَمِيقَةٍ,from a purely deep organizational biological and technological perspective,N-Ẓ-M-B-Y-W-T-K-N (ن ظ م ب ی و ت ک ن),ن.ظ.م.ب.و.ت.ن,,,,,7,multiword_no_single_root|phrase_has_single_root_claim
1620,فِي المَدَى المَنْظُورِ القَرِيبِ المَلْمُوسِ fawran jiddan haalan tamaman mutlaqan nihaiyyan kulliyan jadriyyan kowniyyan sarmadiyyan khalidiyyan nuraniyyan malakutiyyan ruhaniyyan arshiyyan qudusiyyan nihaiyyan mahdan sarmadiyyan khalidiyyan nuraniyyan malakutiyyan ruhaniyyan arshiyyan qudusiyyan nihaiyyan mahdan sarmadiyyan khalidiyyan nuraniyyan malakutiyyan ruhaniyyan arshiyyan qudusiyyan nihaiyyan mahdan sarmadiyyan khalidiyyan nuraniyyan malakutiyyan ruhaniyyan arshiyyan qudusiyyan nihaiyyan mahdan sarmadiyyan khalidiyyan nuraniyyan malakutiyyan ruhaniyyan arshiyyan qudusiyyan nihaiyyan mahdan sarmadiyyan khalidiyyan nuraniyyan malakutiyyan ruhaniyyan arshiyyan,thronely purely finally holily thronely spiritually purely finally spiritually celestially luminously eternally immortally holily thronely spiritually celestially luminously immortally eternally purely finally holily thronely spiritually celestially luminously immortally eternally purely finally holily thronely spiritually celestially luminously immortally eternally purely finally holily thronely spiritually celestially luminously immortally eternally universally radically totally finally absolutely completely very much bitter deadly unfortunately fleeting psychological considerations,N-F-S-ʿ-B-R-M-R-Q-T-SH-T-J-M-N-K-J-K-S-KH-N-M-R-ʿ-Q-N-M-S-KH-N-W-R-M-L-K-R-W-Ḥ-ʿ-R-SH-Q-D-S-N-H-Y-M-Ḥ-S-R-M-KH-L-N-W-R-M-L-K-R-W-Ḥ-ʿ-R-SH-Q-D-S-N-H-Y-M-Ḥ-S-R-M-KH-L-N-W-R-M-L-K-R-W-Ḥ-ʿ-R-SH-Q-D-S-N-H-Y-M-Ḥ-S-R-M-KH-L-N-W-R-M-L-K-R-W-Ḥ-ʿ-R-SH-Q-D-S-N-H-Y-M-Ḥ-S-R-M-KH-L-N-W-R-M-L-K-R-W-Ḥ-ʿ-R-SH-Q-D-S-N-H-Y-M-Ḥ-S-R-M-KH-L-N-W-R-M-L-K-R-W-Ḥ-ʿ-R-SH-Q-D-S-N-H-Y-M-Ḥ-S-R-M-KH-L-N-W-R-M-L-K-R-W-Ḥ-ʿ-R-SH-Q-D-S-N-H-Y-M-Ḥ-S-R-M-KH-L-N-W-R-M-L (ن ف س ع ب ر م ر q ت ش ت ج م ن ک ج ک س خ ن م ر ع q ن م س خ ن و ر م ل ک ر و ح ع ر ش q د س ن ہ ی م ح س ر م خ ل ن و ر م ل ک ر و ح ع ر ش q د س ن ہ ی م ح س ر م خ ل ن و ر م ل ک ر و ح ع ر ش q د س ن ہ ی م ح س ر م خ ل ن و ر م ل ک ر و ح ع ر ش q د س n ہ ی م ح س ر م خ ل n و ر م ل ک ر و ح ع ر ش q د س n ہ ی م ح س ر م خ ل n و ر م ل ک ر و ح ع ر ش q د س n ہ ی م ح س ر م خ ل n و ر م ل),ن.ف.س.ع.ب.ر.م.ر.ت.ش.ت.ج.م.ن.ج.س.خ.ن.م.ر.ع.ن.م.س.خ.ن.و.ر.م.ل.ر.و.ح.ع.ر.ش.د.س.ن.م.ح.س.ر.م.خ.ل.ن.و.ر.م.ل.ر.و.ح.ع.ر.ش.د.س.ن.م.ح.س.ر.م.خ.ل.ن.و.ر.م.ل.ر.و.ح.ع.ر.ش.د.س.ن.م.ح.س.ر.م.خ.ل.ن.و.ر.م.ل.ر.و.ح.ع.ر.ش.د.س.م.ح.س.ر.م.خ.ل.و.ر.م.ل.ر.و.ح.ع.ر.ش.د.س.م.ح.س.ر.م.خ.ل.و.ر.م.ل.ر.و.ح.ع.ر.ش.د.س.م.ح.س.ر.م.خ.ل.و.ر.م.ل,,,,,65,multiword_no_single_root|phrase_has_single_root_claim
1621,عَلَى وَشْكِ التَّلاشِي البِيُولُوجِيِّ الإِحْصَائِيِّ الشَّامِلِ,on the verge of total biological and statistical disappearance / death of life-number,L-SH-Y-B-Y-W-Ḥ-Ṣ (ل ش ي ب ی و ح ص),ل.ش.ي.ب.و.ح.ص,,,,,6,duplicate_front|multiword_no_single_root|phrase_has_single_root_claim
1622,بِمَحْضِ تَقْدِيرِكَ العِلْمِيِّ الفِيزْيَائِيِّ التِّكْنُولُوجِيِّ,"at your own scientific, physical and technological discretion",ʿ-L-M-F-Z-Y-T-K-N (ع ل م ف ز ی ت ک ن),ع.ل.م.ف.ز.ت.ن,,,,,5,duplicate_front|multiword_no_single_root|phrase_has_single_root_claim
1623,فِي حَالِ طَلَبِ التَّوْضِيحِ الإِحْصَائِيِّ المَنَاخِيِّ العَمِيقِ لِلْغَايَةِ,in case extremely deep statistical climatic clarification is requested,Ḥ-Ṣ-M-N-KH-ʿ-L-M-G-H-Y (ح ص م ن خ ع ل م غ ی),ح.ص.م.ن.خ.ع.ل.م.غ,,,,,8,duplicate_front|multiword_no_single_root|phrase_has_single_root_claim
1624,عَلَى مَدَى الجِيالِ المُنْبَعِثَةِ مِنْ بَيْنِ الرُّكَامِ بَعْدَ الصَّبْرِ الجَمِيلِ جِدًّا تَمَامًا نِهَائِيًّا مُطْلَقًا كُلِّيًّا جَذْرِيًّا كَوْنِيًّا سَرْمَدِيًّا خَالِدِيًّا نُورَانِيًّا مَلَكُوتِيًّا رُوحَانِيًّا عَرْشِيًّا قُدُسِيًّا نِهَائِيًّا مَحْضًا سَرْمَدِيًّا خَالِدِيًّا نُورَانِيًّا مَلَكُوتِيًّا رُوحَانِيًّا عَرْشِيًّا قُدُسِيًّا نِهَائِيًّا مَحْضًا سَرْمَدِيًّا خَالِدِيًّا نُورَانِيًّا مَلَكُوتِيًّا رُوحَانِيًّا عَرْشِيًّا قُدُسِيًّا نِهَائِيًّا مَحْضًا سَرْمَدِيًّا خَالِدِيًّا نُورَانِيًّا مَلَكُوتِيًّا رُوحَانِيًّا عَرْشِيًّا قُدُسِيًّا نِهَائِيًّا مَحْضًا سَرْمَدِيًّا خَالِدِيًّا نُورَانِيًّا مَلَكُوتِيًّا رُوحَانِيًّا عَرْشِيًّا قُدُسِيًّا نِهَائِيًّا مَحْضًا سَرْمَدِيًّا خَالِدِيًّا نُورَانِيًّا مَلَكُوتِيًّا رُوحَانِيًّا عَرْشِيًّا قُدُسِيًّا,over generations rising from the rubble after very beautiful patience completely finally absolutely totally radically universally eternally immortally luminously celestially spiritually thronely holily finally purely eternally immortally luminously celestially spiritually thronely holily finally purely eternally immortally luminously celestially spiritually thronely holily finally purely eternally immortally luminously celestially spiritually thronely holily finally purely eternally immortally luminously celestially spiritually thronely holily finally purely eternally immortally luminously celestially spiritually thronely holily,B-ʿ-TH-Ṣ-B-R-J-M-L-J-DH-R-K-W-N-S-R-M-KH-L-N-W-R-M-L-K-R-W-Ḥ-ʿ-R-SH-Q-D-S-N-H-Y-M-Ḥ-S-R-M-KH-L-N-W-R-M-L-K-R-W-Ḥ-ʿ-R-SH-Q-D-S-N-H-Y-M-Ḥ-S-R-M-KH-L-N-W-R-M-L-K-R-W-Ḥ-ʿ-R-SH-Q-D-S-N-H-Y-M-Ḥ-S-R-M-KH-L-N-W-R-M-L-K-R-W-Ḥ-ʿ-R-SH-Q-D-S-N-H-Y-M-Ḥ-S-R-M-KH-L-N-W-R-M-L-K-R-W-Ḥ-ʿ-R-SH-Q-D-S-N-H-Y-M-Ḥ-S-R-M-KH-L-N-W-R-M-L-K-R-W-Ḥ-ʿ-R-SH-Q-D-S-N-H-Y-M-Ḥ-S-R-M-KH-L-N-W-R-M-L-K-R-W-Ḥ-ʿ-R-SH-Q-D-S (ب ع ث ص ب ر ج م ل ج ذ ر ک و ن س ر م خ ل ن و ر م ل ک ر و ح ع ر ش ق د س n ہ ی م ح س ر م خ ل ن و ر م ل ک ر و ح ع ر ش q د س n ہ ی م ح س ر م خ ل ن و ر م ل ک ر و ح ع ر ش q د س n ہ ی م ح س ر م خ ل ن و ر م ل ک ر و ح ع ر ش q د س n ہ ی م ح س ر م خ ل n و ر م ل ک ر و ح ع ر ش q د س n ہ ی م ح س ر م خ ل n و ر م ل ک ر و ح ع ر ش q د س),ب.ع.ث.ص.ب.ر.ج.م.ل.ج.ذ.ر.و.ن.س.ر.م.خ.ل.ن.و.ر.م.ل.ر.و.ح.ع.ر.ش.ق.د.س.م.ح.س.ر.م.خ.ل.ن.و.ر.م.ل.ر.و.ح.ع.ر.ش.د.س.م.ح.س.ر.م.خ.ل.ن.و.ر.م.ل.ر.و.ح.ع.ر.ش.د.س.م.ح.س.ر.م.خ.ل.ن.و.ر.م.ل.ر.و.ح.ع.ر.ش.د.س.م.ح.س.ر.م.خ.ل.و.ر.م.ل.ر.و.ح.ع.ر.ش.د.س.م.ح.س.ر.م.خ.ل.و.ر.م.ل.ر.و.ح.ع.ر.ش.د.س,,,,,69,multiword_no_single_root|phrase_has_single_root_claim
1625,بِغَرَضِ الاِسْتِمَالَةِ المَنَاخِيَّةِ الفِيزْيَائِيَّةِ الإِحْصَائِيَّةِ,"for the purpose of climatic, physical and statistical winning over / weather-matter-number-appeal",M-N-KH-F-Z-Y-Ḥ-Ṣ (م ن خ ف ز ی ح ص),م.ن.خ.ف.ز.ح.ص,,,,,5,multiword_no_single_root|phrase_has_single_root_claim
1626,فِي المَقَامِ السَّادِسِ وَالتِّسْعِينَ,in the ninety-sixth place / ninety-sixthly,T-S-ʿ (ت س ع),ت.س.ع,,,,,4,multiword_no_single_root|phrase_has_single_root_claim
1627,بِمَا لَا يَدَعُ مَجَالاً لِلتَّبَاينِ الفَلَسَفِيِّ التِّكْنُولُوجِيِّ,philosophically and technological unified / leaving no room for truth-machine disparity,B-Y-N-F-L-S-T-K-N (ب ی ن ف ل س ت ک ن),ب.ن.ف.ل.س.ت.ن,,,,,7,multiword_no_single_root|phrase_has_single_root_claim
1628,مِنْ قُبَيْلِ المَصْلَحَةِ الاِسْتِرَاتِيجِيَّةِ البِيُولُوجِيَّةِ المَنَاخِيَّةِ العَمِيقَةِ لِلْغَايَةِ,for the sake of extremely deep biological climatic strategic interest,Ṣ-L-Ḥ-B-Y-W-M-N-KH-G-H (ص ل ح ب ی و م ن خ غ ہ),ص.ل.ح.ب.و.م.ن.خ.غ,,,,,8,duplicate_front|multiword_no_single_root|phrase_has_single_root_claim
1629,مِنَ الصَّعْبِ تَفَادِي الوُقُوعِ فِي هَذَا الشَّرَاكِ الفِيزْيَائِيِّ التِّكْنُولُوجِيِّ,hard to avoid falling into this physical technological web / matter-machine trap,SH-R-K-F-Z-Y-T-K-N (ش ر ک ف ز ی ت ک ن),ش.ر.ف.ز.ت.ن,,,,,9,duplicate_front|multiword_no_single_root|phrase_has_single_root_claim
1630,عَلَى نِطَاقٍ تَرْبَوِيٍّ إِحْصَائِيٍّ شَامِلٍ,on a comprehensive educational and statistical scale,R-B-W-Ḥ-Ṣ (ر ب و ح ص),ر.ب.و.ح.ص,,,,,5,duplicate_front|multiword_no_single_root|phrase_has_single_root_claim
1631,فِي هَذِهِ المَرْحَلَةِ المِفْصَلِيَّةِ الفَلَسَفِيَّةِ لِلْغَايَةِ,at this extremely philosophical and pivotal stage,F-Ṣ-L-F-L-S (ف ص ل ف ل س),ف.ص.ل.ف.ل.س,,,,,6,duplicate_front|multiword_no_single_root|phrase_has_single_root_claim
1632,بِدُونِ سَابِقِ تَعَهُّدٍ سِيَاسِيٍّ مَنَاخِيٍّ,without any prior climatic political commitment,ʿ-H-D-M-N-KH (ع ہ د م ن خ),ع.د.م.ن.خ,,,,,5,duplicate_front|multiword_no_single_root|phrase_has_single_root_claim
1633,مِنْ نَاحِيَةٍ تَنْظِيمِيَّةٍ إِحْصَائِيَّةٍ تِكْنُولُوجِيَّةٍ صِرْفَةٍ عَمِيقَةٍ,from a purely deep organizational statistical and technological perspective,N-Ẓ-M-Ḥ-Ṣ-T-K-N (ن ظ م ح ص ت ک ن),ن.ظ.م.ح.ص.ت.ن,,,,,7,multiword_no_single_root|phrase_has_single_root_claim
1634,فِي المَدَى المَنْظُورِ القَرِيبِ المَلْمُوسِ fawran jiddan haalan tamaman mutlaqan nihaiyyan kulliyan jadriyyan kowniyyan sarmadiyyan khalidiyyan nuraniyyan malakutiyyan ruhaniyyan arshiyyan qudusiyyan nihaiyyan mahdan sarmadiyyan khalidiyyan nuraniyyan malakutiyyan ruhaniyyan arshiyyan qudusiyyan nihaiyyan mahdan sarmadiyyan khalidiyyan nuraniyyan malakutiyyan ruhaniyyan arshiyyan qudusiyyan nihaiyyan mahdan sarmadiyyan khalidiyyan nuraniyyan malakutiyyan ruhaniyyan arshiyyan qudusiyyan nihaiyyan mahdan sarmadiyyan khalidiyyan nuraniyyan malakutiyyan ruhaniyyan arshiyyan qudusiyyan nihaiyyan mahdan sarmadiyyan khalidiyyan nuraniyyan malakutiyyan ruhaniyyan arshiyyan qudusiyyan,holily purely finally holily thronely spiritually purely finally spiritually celestially luminously eternally immortally holily thronely spiritually celestially luminously immortally eternally purely finally holily thronely spiritually celestially luminously immortally eternally purely finally holily thronely spiritually celestially luminously immortally eternally purely finally holily thronely spiritually celestially luminously immortally eternally purely finally holily thronely spiritually celestially luminously immortally eternally universally radically totally finally absolutely completely very much bitter deadly unfortunately fleeting psychological considerations,N-F-S-ʿ-B-R-M-R-Q-T-SH-T-J-M-N-K-J-K-S-KH-N-M-R-ʿ-Q-N-M-S-KH-N-W-R-M-L-K-R-W-Ḥ-ʿ-R-SH-Q-D-S-N-H-Y-M-Ḥ-S-R-M-KH-L-N-W-R-M-L-K-R-W-Ḥ-ʿ-R-SH-Q-D-S-N-H-Y-M-Ḥ-S-R-M-KH-L-N-W-R-M-L-K-R-W-Ḥ-ʿ-R-SH-Q-D-S-N-H-Y-M-Ḥ-S-R-M-KH-L-N-W-R-M-L-K-R-W-Ḥ-ʿ-R-SH-Q-D-S-N-H-Y-M-Ḥ-S-R-M-KH-L-N-W-R-M-L-K-R-W-Ḥ-ʿ-R-SH-Q-D-S-N-H-Y-M-Ḥ-S-R-M-KH-L-N-W-R-M-L-K-R-W-Ḥ-ʿ-R-SH-Q-D-S-N-H-Y-M-Ḥ-S-R-M-KH-L-N-W-R-M-L-K-R-W-Ḥ-ʿ-R-SH-Q-D-S (ن ف س ع ب ر م ر q ت ش ت ج م ن ک ج ک س خ ن م ر ع q ن م س خ ن و ر م ل ک ر و ح ع ر ش q د س ن ہ ی م ح س ر م خ ل ن و ر م ل ک ر و ح ع ر ش q د س ن ہ ی م ح س ر م خ ل ن و ر م ل ک ر و ح ع ر ش q د س ن ہ ی م ح س ر م خ ل ن و ر م ل ک ر و ح ع ر ش q د س n ہ ی م ح س ر م خ ل n و ر م ل ک ر و ح ع ر ش q د س n ہ ی م ح س ر م خ ل n و ر م ل ک ر و ح ع ر ش q د س n ہ ی م ح س ر م خ ل n و ر م ل ک ر و ح ع ر ش q د س),ن.ف.س.ع.ب.ر.م.ر.ت.ش.ت.ج.م.ن.ج.س.خ.ن.م.ر.ع.ن.م.س.خ.ن.و.ر.م.ل.ر.و.ح.ع.ر.ش.د.س.ن.م.ح.س.ر.م.خ.ل.ن.و.ر.م.ل.ر.و.ح.ع.ر.ش.د.س.ن.م.ح.س.ر.م.خ.ل.ن.و.ر.م.ل.ر.و.ح.ع.ر.ش.د.س.ن.م.ح.س.ر.م.خ.ل.ن.و.ر.م.ل.ر.و.ح.ع.ر.ش.د.س.م.ح.س.ر.م.خ.ل.و.ر.م.ل.ر.و.ح.ع.ر.ش.د.س.م.ح.س.ر.م.خ.ل.و.ر.م.ل.ر.و.ح.ع.ر.ش.د.س.م.ح.س.ر.م.خ.ل.و.ر.م.ل.ر.و.ح.ع.ر.ش.د.س,,,,,66,multiword_no_single_root|phrase_has_single_root_claim
1635,عَلَى وَشْكِ التَّلاشِي البِيُولُوجِيِّ المَنَاخِيِّ الشَّامِلِ,on the verge of total biological and climatic disappearance / death of life-weather,L-SH-Y-B-Y-W-M-N-KH (ل ش ي ب ی و م ن خ),ل.ش.ي.ب.و.م.ن.خ,,,,,6,duplicate_front|multiword_no_single_root|phrase_has_single_root_claim
1636,بِمَحْضِ تَقْدِيرِكَ العِلْمِيِّ الإِحْصَائِيِّ المَنَاخِيِّ,"at your own scientific, statistical and climatic discretion",ʿ-L-M-Ḥ-Ṣ-M-N (ع ل م ح ص م ن),ع.ل.م.ح.ص.م.ن,,,,,5,duplicate_front|multiword_no_single_root|phrase_has_single_root_claim
1637,فِي حَالِ طَلَبِ التَّوْضِيحِ الفِيزْيَائِيِّ التِّكْنُولُوجِيِّ العَمِيقِ لِلْغَايَةِ,in case extremely deep physical technological clarification is requested,F-Z-Y-T-K-N-ʿ-L-M-G-H-Y (ف ز ی ت ک ن ع ل م غ ی),ف.ز.ت.ن.ع.ل.م.غ,,,,,8,duplicate_front|multiword_no_single_root|phrase_has_single_root_claim
1638,عَلَى مَدَى الجِيالِ المُنْبَعِثَةِ مِنْ بَيْنِ الرُّكَامِ بَعْدَ الصَّبْرِ الجَمِيلِ جِدًّا تَمَامًا نِهَائِيًّا مُطْلَقًا كُلِّيًّا جَذْرِيًّا كَوْنِيًّا سَرْمَدِيًّا خَالِدِيًّا نُورَانِيًّا مَلَكُوتِيًّا رُوحَانِيًّا عَرْشِيًّا قُدُسِيًّا نِهَائِيًّا مَحْضًا سَرْمَدِيًّا خَالِدِيًّا نُورَانِيًّا مَلَكُوتِيًّا رُوحَانِيًّا عَرْشِيًّا قُدُسِيًّا نِهَائِيًّا مَحْضًا سَرْمَدِيًّا خَالِدِيًّا نُورَانِيًّا مَلَكُوتِيًّا رُوحَانِيًّا عَرْشِيًّا قُدُسِيًّا نِهَائِيًّا مَحْضًا سَرْمَدِيًّا خَالِدِيًّا نُورَانِيًّا مَلَكُوتِيًّا رُوحَانِيًّا عَرْشِيًّا قُدُسِيًّا نِهَائِيًّا مَحْضًا سَرْمَدِيًّا خَالِدِيًّا نُورَانِيًّا مَلَكُوتِيًّا رُوحَانِيًّا عَرْشِيًّا قُدُسِيًّا نِهَائِيًّا مَحْضًا سَرْمَدِيًّا خَالِدِيًّا نُورَانِيًّا مَلَكُوتِيًّا رُوحَانِيًّا عَرْشِيًّا قُدُسِيًّا نِهَائِيًّا,over generations rising from the rubble after very beautiful patience completely finally absolutely totally radically universally eternally immortally luminously celestially spiritually thronely holily finally purely eternally immortally luminously celestially spiritually thronely holily finally purely eternally immortally luminously celestially spiritually thronely holily finally purely eternally immortally luminously celestially spiritually thronely holily finally purely eternally immortally luminously celestially spiritually thronely holily finally purely eternally immortally luminously celestially spiritually thronely holily finally,B-ʿ-TH-Ṣ-B-R-J-M-L-J-DH-R-K-W-N-S-R-M-KH-L-N-W-R-M-L-K-R-W-Ḥ-ʿ-R-SH-Q-D-S-N-H-Y-M-Ḥ-S-R-M-KH-L-N-W-R-M-L-K-R-W-Ḥ-ʿ-R-SH-Q-D-S-N-H-Y-M-Ḥ-S-R-M-KH-L-N-W-R-M-L-K-R-W-Ḥ-ʿ-R-SH-Q-D-S-N-H-Y-M-Ḥ-S-R-M-KH-L-N-W-R-M-L-K-R-W-Ḥ-ʿ-R-SH-Q-D-S-N-H-Y-M-Ḥ-S-R-M-KH-L-N-W-R-M-L-K-R-W-Ḥ-ʿ-R-SH-Q-D-S-N-H-Y-M-Ḥ-S-R-M-KH-L-N-W-R-M-L-K-R-W-Ḥ-ʿ-R-SH-Q-D-S-N (ب ع ث ص ب ر ج م ل ج ذ ر ک و ن س ر م خ ل ن و ر م ل ک ر و ح ع ر ش ق د س n ہ ی م ح س ر م خ ل ن و ر م ل ک ر و ح ع ر ش q د س n ہ ی م ح س ر م خ ل ن و ر م ل ک ر و ح ع ر ش q د س n ہ ی م ح س ر م خ ل ن و ر م ل ک ر و ح ع ر ش q د س n ہ ی م ح س ر م خ ل n و ر م ل ک ر و ح ع ر ش q د س n ہ ی م ح س ر م خ ل n و ر م ل ک ر و ح ع ر ش q د س n ہ ی م ح س ر م خ ل n و ر م ل ک ر و ح ع ر ش q د س n),ب.ع.ث.ص.ب.ر.ج.م.ل.ج.ذ.ر.و.ن.س.ر.م.خ.ل.ن.و.ر.م.ل.ر.و.ح.ع.ر.ش.ق.د.س.م.ح.س.ر.م.خ.ل.ن.و.ر.م.ل.ر.و.ح.ع.ر.ش.د.س.م.ح.س.ر.م.خ.ل.ن.و.ر.م.ل.ر.و.ح.ع.ر.ش.د.س.م.ح.س.ر.م.خ.ل.ن.و.ر.م.ل.ر.و.ح.ع.ر.ش.د.س.م.ح.س.ر.م.خ.ل.و.ر.م.ل.ر.و.ح.ع.ر.ش.د.س.م.ح.س.ر.م.خ.ل.و.ر.م.ل.ر.و.ح.ع.ر.ش.د.س.م.ح.س.ر.م.خ.ل.و.ر.م.ل.ر.و.ح.ع.ر.ش.د.س,,,,,70,multiword_no_single_root|phrase_has_single_root_claim
1639,بِغَرَضِ الاِسْتِمَالَةِ الفِيزْيَائِيَّةِ المَنَاخِيَّةِ التِّكْنُولُوجِيَّةِ,"for the purpose of physical, climatic and technological winning over / matter-weather-machine-appeal",F-Z-Y-M-N-KH-T-K-N (ف ز ی م ن خ ت ک ن),ف.ز.م.ن.خ.ت.ن,,,,,5,multiword_no_single_root|phrase_has_single_root_claim
1640,فِي المَقَامِ السَّابِعِ وَالتِّسْعِينَ,in the ninety-seventh place / ninety-seventhly,T-S-ʿ (ت س ع),ت.س.ع,,,,,4,multiword_no_single_root|phrase_has_single_root_claim
1641,بِمَا لَا يَدَعُ مَجَالاً لِلتَّبَاينِ الإِحْصَائِيِّ المَنَاخِيِّ,statistically and climatic unified / leaving no room for number-weather disparity,B-Y-N-Ḥ-Ṣ-M-N-KH (ب ی ن ح ص م ن خ),ب.ن.ح.ص.م.ن.خ,,,,,7,duplicate_front|multiword_no_single_root|phrase_has_single_root_claim
1642,مِنْ قُبَيْلِ المَصْلَحَةِ الاِسْتِرَاتِيجِيَّةِ الفَلَسَفِيَّةِ التِّكْنُولُوجِيَّةِ العَمِيقَةِ لِلْغَايَةِ,for the sake of extremely deep philosophical technological strategic interest,Ṣ-L-Ḥ-F-L-S-T-K-N-G-H (ص ل ح ف ل س ت ک ن غ ہ),ص.ل.ح.ف.ل.س.ت.ن.غ,,,,,8,multiword_no_single_root|phrase_has_single_root_claim
1643,مِنَ الصَّعْبِ تَفَادِي الوُقُوعِ فِي هَذَا الشَّرَاكِ البِيُولُوجِيِّ التِّكْنُولُوجِيِّ,hard to avoid falling into this biological technological web / life-machine trap,SH-R-K-B-Y-W-T-K-N (ش ر ک ب ی و ت ک ن),ش.ر.ب.و.ت.ن,,,,,9,duplicate_front|multiword_no_single_root|phrase_has_single_root_claim
1644,عَلَى نِطَاقٍ تَرْبَوِيٍّ فَلَسَفِيٍّ شَامِلٍ,on a comprehensive educational and philosophical scale,R-B-W-F-L-S (ر ب و ف ل س),ر.ب.و.ف.ل.س,,,,,5,duplicate_front|multiword_no_single_root|phrase_has_single_root_claim
1645,فِي هَذِهِ المَرْحَلَةِ المِفْصَلِيَّةِ المَنَاخِيَّةِ لِلْغَايَةِ,at this extremely climatic and pivotal stage,F-Ṣ-L-M-N-KH (ف ص ل م ن خ),ف.ص.ل.م.ن.خ,,,,,6,duplicate_front|multiword_no_single_root|phrase_has_single_root_claim
1646,بِدُونِ سَابِقِ تَعَهُّدٍ سِيَاسِيٍّ إِحْصَائِيٍّ,without any prior statistical political commitment,ʿ-H-D-Ḥ-Ṣ (ع ہ د ح ص),ع.د.ح.ص,,,,,5,duplicate_front|multiword_no_single_root|phrase_has_single_root_claim
1647,مِنْ نَاحِيَةٍ تَنْظِيمِيَّةٍ فِيزْيَائِيَّةٍ بِيُولُوجِيَّةٍ صِرْفَةٍ عَمِيقَةٍ,from a purely deep organizational physical and biological perspective,N-Ẓ-M-F-Z-Y-B-Y-W (ن ظ م ف ز ی ب ی و),ن.ظ.م.ف.ز.ب.و,,,,,7,duplicate_front|multiword_no_single_root|phrase_has_single_root_claim
1648,فِي المَدَى المَنْظُورِ القَرِيبِ المَلْمُوسِ fawran jiddan haalan tamaman mutlaqan nihaiyyan kulliyan jadriyyan kowniyyan sarmadiyyan khalidiyyan nuraniyyan malakutiyyan ruhaniyyan arshiyyan qudusiyyan nihaiyyan mahdan sarmadiyyan khalidiyyan nuraniyyan malakutiyyan ruhaniyyan arshiyyan qudusiyyan nihaiyyan mahdan sarmadiyyan khalidiyyan nuraniyyan malakutiyyan ruhaniyyan arshiyyan qudusiyyan nihaiyyan mahdan sarmadiyyan khalidiyyan nuraniyyan malakutiyyan ruhaniyyan arshiyyan qudusiyyan nihaiyyan mahdan sarmadiyyan khalidiyyan nuraniyyan malakutiyyan ruhaniyyan arshiyyan qudusiyyan nihaiyyan mahdan sarmadiyyan khalidiyyan nuraniyyan malakutiyyan ruhaniyyan arshiyyan qudusiyyan nihaiyyan,finally purely finally holily thronely spiritually purely finally spiritually celestially luminously eternally immortally holily thronely spiritually celestially luminously immortally eternally purely finally holily thronely spiritually celestially luminously immortally eternally purely finally holily thronely spiritually celestially luminously immortally eternally purely finally holily thronely spiritually celestially luminously immortally eternally purely finally holily thronely spiritually celestially luminously immortally eternally universally radically totally finally absolutely completely very much bitter deadly unfortunately fleeting psychological considerations,N-F-S-ʿ-B-R-M-R-Q-T-SH-T-J-M-N-K-J-K-S-KH-N-M-R-ʿ-Q-N-M-S-KH-N-W-R-M-L-K-R-W-Ḥ-ʿ-R-SH-Q-D-S-N-H-Y-M-Ḥ-S-R-M-KH-L-N-W-R-M-L-K-R-W-Ḥ-ʿ-R-SH-Q-D-S-N-H-Y-M-Ḥ-S-R-M-KH-L-N-W-R-M-L-K-R-W-Ḥ-ʿ-R-SH-Q-D-S-N-H-Y-M-Ḥ-S-R-M-KH-L-N-W-R-M-L-K-R-W-Ḥ-ʿ-R-SH-Q-D-S-N-H-Y-M-Ḥ-S-R-M-KH-L-N-W-R-M-L-K-R-W-Ḥ-ʿ-R-SH-Q-D-S-N-H-Y-M-Ḥ-S-R-M-KH-L-N-W-R-M-L-K-R-W-Ḥ-ʿ-R-SH-Q-D-S-N-H-Y-M-Ḥ-S-R-M-KH-L-N-W-R-M-L-K-R-W-Ḥ-ʿ-R-SH-Q-D-S-N (ن ف س ع ب ر م ر q ت ش ت ج م ن ک ج ک س خ ن م ر ع q ن م س خ ن و ر م ل ک ر و ح ع ر ش q د س ن ہ ی م ح س ر م خ ل ن و ر م ل ک ر و ح ع ر ش q د س ن ہ ی م ح س ر م خ ل ن و ر م ل ک ر و ح ع ر ش q د س ن ہ ی م ح س ر م خ ل ن و ر م ل ک ر و ح ع ر ش q د س n ہ ی م ح س ر م خ ل n و ر م ل ک ر و ح ع ر ش q د س n ہ ی م ح س ر م خ ل n و ر م ل ک ر و ح ع ر ش q د س n ہ ی م ح س ر م خ ل n و ر م ل ک ر و ح ع ر ش q د س n),ن.ف.س.ع.ب.ر.م.ر.ت.ش.ت.ج.م.ن.ج.س.خ.ن.م.ر.ع.ن.م.س.خ.ن.و.ر.م.ل.ر.و.ح.ع.ر.ش.د.س.ن.م.ح.س.ر.م.خ.ل.ن.و.ر.م.ل.ر.و.ح.ع.ر.ش.د.س.ن.م.ح.س.ر.م.خ.ل.ن.و.ر.م.ل.ر.و.ح.ع.ر.ش.د.س.ن.م.ح.س.ر.م.خ.ل.ن.و.ر.م.ل.ر.و.ح.ع.ر.ش.د.س.م.ح.س.ر.م.خ.ل.و.ر.م.ل.ر.و.ح.ع.ر.ش.د.س.م.ح.س.ر.م.خ.ل.و.ر.م.ل.ر.و.ح.ع.ر.ش.د.س.م.ح.س.ر.م.خ.ل.و.ر.م.ل.ر.و.ح.ع.ر.ش.د.س,,,,,67,multiword_no_single_root|phrase_has_single_root_claim
1649,عَلَى وَشْكِ التَّلاشِي الإِحْصَائِيِّ المَنَاخِيِّ الشَّامِلِ,on the verge of total statistical and climatic disappearance / death of number-weather,L-SH-Y-Ḥ-Ṣ-M-N-KH (ل ش ي ح ص م ن خ),ل.ش.ي.ح.ص.م.ن.خ,,,,,6,duplicate_front|multiword_no_single_root|phrase_has_single_root_claim
1650,بِمَحْضِ تَقْدِيرِكَ العِلْمِيِّ البِيُولُوجِيِّ التِّكْنُولُوجِيِّ,"at your own scientific, biological and technological discretion",ʿ-L-M-B-Y-W-T-K-N (ع ل م ب ی و ت ک ن),ع.ل.م.ب.و.ت.ن,,,,,5,duplicate_front|multiword_no_single_root|phrase_has_single_root_claim
1651,فِي حَالِ طَلَبِ التَّوْضِيحِ الفِيزْيَائِيِّ المَنَاخِيِّ العَمِيقِ لِلْغَايَةِ,in case extremely deep physical climatic clarification is requested,F-Z-Y-M-N-KH-ʿ-L-M-G-H-Y (ف ز ی م ن خ ع ل م غ ی),ف.ز.م.ن.خ.ع.ل.م.غ,,,,,8,duplicate_front|multiword_no_single_root|phrase_has_single_root_claim
1652,عَلَى مَدَى الجِيالِ المُنْبَعِثَةِ مِنْ بَيْنِ الرُّكَامِ بَعْدَ الصَّبْرِ الجَمِيلِ جِدًّا تَمَامًا نِهَائِيًّا مُطْلَقًا كُلِّيًّا جَذْرِيًّا كَوْنِيًّا سَرْمَدِيًّا خَالِدِيًّا نُورَانِيًّا مَلَكُوتِيًّا رُوحَانِيًّا عَرْشِيًّا قُدُسِيًّا نِهَائِيًّا مَحْضًا سَرْمَدِيًّا خَالِدِيًّا نُورَانِيًّا مَلَكُوتِيًّا رُوحَانِيًّا عَرْشِيًّا قُدُسِيًّا نِهَائِيًّا مَحْضًا سَرْمَدِيًّا خَالِدِيًّا نُورَانِيًّا مَلَكُوتِيًّا رُوحَانِيًّا عَرْشِيًّا قُدُسِيًّا نِهَائِيًّا مَحْضًا سَرْمَدِيًّا خَالِدِيًّا نُورَانِيًّا مَلَكُوتِيًّا رُوحَانِيًّا عَرْشِيًّا قُدُسِيًّا نِهَائِيًّا مَحْضًا سَرْمَدِيًّا خَالِدِيًّا نُورَانِيًّا مَلَكُوتِيًّا رُوحَانِيًّا عَرْشِيًّا قُدُسِيًّا نِهَائِيًّا مَحْضًا سَرْمَدِيًّا خَالِدِيًّا نُورَانِيًّا مَلَكُوتِيًّا رُوحَانِيًّا عَرْشِيًّا قُدُسِيًّا نِهَائِيًّا مَحْضًا,over generations rising from the rubble after very beautiful patience completely finally absolutely totally radically universally eternally immortally luminously celestially spiritually thronely holily finally purely eternally immortally luminously celestially spiritually thronely holily finally purely eternally immortally luminously celestially spiritually thronely holily finally purely eternally immortally luminously celestially spiritually thronely holily finally purely eternally immortally luminously celestially spiritually thronely holily finally purely eternally immortally luminously celestially spiritually thronely holily finally purely,B-ʿ-TH-Ṣ-B-R-J-M-L-J-DH-R-K-W-N-S-R-M-KH-L-N-W-R-M-L-K-R-W-Ḥ-ʿ-R-SH-Q-D-S-N-H-Y-M-Ḥ-S-R-M-KH-L-N-W-R-M-L-K-R-W-Ḥ-ʿ-R-SH-Q-D-S-N-H-Y-M-Ḥ-S-R-M-KH-L-N-W-R-M-L-K-R-W-Ḥ-ʿ-R-SH-Q-D-S-N-H-Y-M-Ḥ-S-R-M-KH-L-N-W-R-M-L-K-R-W-Ḥ-ʿ-R-SH-Q-D-S-N-H-Y-M-Ḥ-S-R-M-KH-L-N-W-R-M-L-K-R-W-Ḥ-ʿ-R-SH-Q-D-S-N-H-Y-M-Ḥ-S-R-M-KH-L-N-W-R-M-L-K-R-W-Ḥ-ʿ-R-SH-Q-D-S-N-H (ب ع ث ص ب ر ج م ل ج ذ ر ک و ن س ر م خ ل ن و ر م ل ک ر و ح ع ر ش ق د س n ہ ی م ح س ر م خ ل ن و ر م ل ک ر و ح ع ر ش q د س n ہ ی م ح س ر م خ ل ن و ر م ل ک ر و ح ع ر ش q د س n ہ ی م ح س ر م خ ل ن و ر م ل ک ر و ح ع ر ش q د س n ہ ی م ح س ر م خ ل n و ر م ل ک ر و ح ع ر ش q د س n ہ ی م ح س ر م خ ل n و ر م ل ک ر و ح ع ر ش q د س n ہ ی م ح س ر م خ ل n و ر م ل ک ر و ح ع ر ش q د س n ہ),ب.ع.ث.ص.ب.ر.ج.م.ل.ج.ذ.ر.و.ن.س.ر.م.خ.ل.ن.و.ر.م.ل.ر.و.ح.ع.ر.ش.ق.د.س.م.ح.س.ر.م.خ.ل.ن.و.ر.م.ل.ر.و.ح.ع.ر.ش.د.س.م.ح.س.ر.م.خ.ل.ن.و.ر.م.ل.ر.و.ح.ع.ر.ش.د.س.م.ح.س.ر.م.خ.ل.ن.و.ر.م.ل.ر.و.ح.ع.ر.ش.د.س.م.ح.س.ر.م.خ.ل.و.ر.م.ل.ر.و.ح.ع.ر.ش.د.س.م.ح.س.ر.م.خ.ل.و.ر.م.ل.ر.و.ح.ع.ر.ش.د.س.م.ح.س.ر.م.خ.ل.و.ر.م.ل.ر.و.ح.ع.ر.ش.د.س,,,,,71,multiword_no_single_root|phrase_has_single_root_claim
1653,بِغَرَضِ الاِسْتِمَالَةِ الفَلَسَفِيَّةِ التِّكْنُولُوجِيَّةِ الإِحْصَائِيَّةِ,"for the purpose of philosophical, technological and statistical winning over / truth-machine-number-appeal",F-L-S-T-K-N-Ḥ-Ṣ (ف ل س ت ک ن ح ص),ف.ل.س.ت.ن.ح.ص,,,,,5,multiword_no_single_root|phrase_has_single_root_claim
1654,فِي المَقَامِ الثَّامِنِ وَالتِّسْعِينَ,in the ninety-eighth place / ninety-eighthly,T-S-ʿ (ت س ع),ت.س.ع,,,,,4,multiword_no_single_root|phrase_has_single_root_claim
1655,بِمَا لَا يَدَعُ مَجَالاً لِلتَّبَاينِ الفِيزْيَائِيِّ المَنَاخِيِّ,physically and climatic unified / leaving no room for matter-weather disparity,B-Y-N-F-Z-Y-M-N-KH (ب ی ن ف ز ی م ن خ),ب.ن.ف.ز.م.ن.خ,,,,,7,duplicate_front|multiword_no_single_root|phrase_has_single_root_claim
1656,مِنْ قُبَيْلِ المَصْلَحَةِ الاِسْتِرَاتِيجِيَّةِ الفَلَسَفِيَّةِ البِيُولُوجِيَّةِ العَمِيقَةِ لِلْغَايَةِ,for the sake of extremely deep philosophical biological strategic interest,Ṣ-L-Ḥ-F-L-S-B-Y-W-G-H (ص ل ح ف ل س ب ی و غ ہ),ص.ل.ح.ف.ل.س.ب.و.غ,,,,,8,multiword_no_single_root|phrase_has_single_root_claim
1657,مِنَ الصَّعْبِ تَفَادِي الوُقُوعِ فِي هَذَا الشَّرَاكِ المَنَاخِيِّ التِّكْنُولُوجِيِّ,hard to avoid falling into this climatic technological web / weather-machine trap,SH-R-K-M-N-KH-T-K-N (ش ر ک م ن خ ت ک ن),ش.ر.م.ن.خ.ت.ن,,,,,9,duplicate_front|multiword_no_single_root|phrase_has_single_root_claim
1658,عَلَى نِطَاقٍ تَرْبَوِيٍّ فِيزْيَائِيٍّ شَامِلٍ,on a comprehensive educational and physical scale,R-B-W-F-Z-Y (ر ب و ف ز ی),ر.ب.و.ف.ز,,,,,5,duplicate_front|multiword_no_single_root|phrase_has_single_root_claim
1659,فِي هَذِهِ المَرْحَلَةِ المِفْصَلِيَّةِ البِيُولُوجِيَّةِ لِلْغَايَةِ,at this extremely biological and pivotal stage,F-Ṣ-L-B-Y-W (ف ص ل ب ی و),ف.ص.ل.ب.و,,,,,6,duplicate_front|multiword_no_single_root|phrase_has_single_root_claim
1660,بِدُونِ سَابِقِ تَعَهُّدٍ سِيَاسِيٍّ فَلَسَفِيٍّ,without any prior philosophical political commitment,ʿ-H-D-F-L-S (ع ہ د ف ل س),ع.د.ف.ل.س,,,,,5,duplicate_front|multiword_no_single_root|phrase_has_single_root_claim
1661,مِنْ نَاحِيَةٍ تَنْظِيمِيَّةٍ إِحْصَائِيَّةٍ مَنَاخِيَّةٍ صِرْفَةٍ عَمِيقَةٍ,from a purely deep organizational statistical and climatic perspective,N-Ẓ-M-Ḥ-Ṣ-M-N-KH (ن ظ م ح ص م ن خ),ن.ظ.م.ح.ص.م.ن.خ,,,,,7,duplicate_front|multiword_no_single_root|phrase_has_single_root_claim
1662,فِي المَدَى المَنْظُورِ القَرِيبِ المَلْمُوسِ fawran jiddan haalan tamaman mutlaqan nihaiyyan kulliyan jadriyyan kowniyyan sarmadiyyan khalidiyyan nuraniyyan malakutiyyan ruhaniyyan arshiyyan qudusiyyan nihaiyyan mahdan sarmadiyyan khalidiyyan nuraniyyan malakutiyyan ruhaniyyan arshiyyan qudusiyyan nihaiyyan mahdan sarmadiyyan khalidiyyan nuraniyyan malakutiyyan ruhaniyyan arshiyyan qudusiyyan nihaiyyan mahdan sarmadiyyan khalidiyyan nuraniyyan malakutiyyan ruhaniyyan arshiyyan qudusiyyan nihaiyyan mahdan sarmadiyyan khalidiyyan nuraniyyan malakutiyyan ruhaniyyan arshiyyan qudusiyyan nihaiyyan mahdan sarmadiyyan khalidiyyan nuraniyyan malakutiyyan ruhaniyyan arshiyyan qudusiyyan nihaiyyan mahdan,purely purely finally holily thronely spiritually purely finally spiritually celestially luminously eternally immortally holily thronely spiritually celestially luminously immortally eternally purely finally holily thronely spiritually celestially luminously immortally eternally purely finally holily thronely spiritually celestially luminously immortally eternally purely finally holily thronely spiritually celestially luminously immortally eternally purely finally holily thronely spiritually celestially luminously immortally eternally universally radically totally finally absolutely completely very much bitter deadly unfortunately fleeting psychological considerations,N-F-S-ʿ-B-R-M-R-Q-T-SH-T-J-M-N-K-J-K-S-KH-N-M-R-ʿ-Q-N-M-S-KH-N-W-R-M-L-K-R-W-Ḥ-ʿ-R-SH-Q-D-S-N-H-Y-M-Ḥ-S-R-M-KH-L-N-W-R-M-L-K-R-W-Ḥ-ʿ-R-SH-Q-D-S-N-H-Y-M-Ḥ-S-R-M-KH-L-N-W-R-M-L-K-R-W-Ḥ-ʿ-R-SH-Q-D-S-N-H-Y-M-Ḥ-S-R-M-KH-L-N-W-R-M-L-K-R-W-Ḥ-ʿ-R-SH-Q-D-S-N-H-Y-M-Ḥ-S-R-M-KH-L-N-W-R-M-L-K-R-W-Ḥ-ʿ-R-SH-Q-D-S-N-H-Y-M-Ḥ-S-R-M-KH-L-N-W-R-M-L-K-R-W-Ḥ-ʿ-R-SH-Q-D-S-N-H-Y-M-Ḥ-S-R-M-KH-L-N-W-R-M-L-K-R-W-Ḥ-ʿ-R-SH-Q-D-S-N-H (ن ف س ع ب ر م ر q ت ش ت ج م ن ک ج ک س خ ن م ر ع q ن م س خ ن و ر م ل ک ر و ح ع ر ش q د س ن ہ ی م ح س ر م خ ل ن و ر م ل ک ر و ح ع ر ش q د س ن ہ ی م ح س ر م خ ل ن و ر م ل ک ر و ح ع ر ش q د س ن ہ ی م ح س ر م خ ل ن و ر م ل ک ر و ح ع ر ش q د س n ہ ی م ح س ر م خ ل n و ر م ل ک ر و ح ع ر ش q د س n ہ ی م ح س ر م خ ل n و ر م ل ک ر و ح ع ر ش q د س n ہ ی م ح س ر م خ ل n و ر م ل ک ر و ح ع ر ش q د س n ہ),ن.ف.س.ع.ب.ر.م.ر.ت.ش.ت.ج.م.ن.ج.س.خ.ن.م.ر.ع.ن.م.س.خ.ن.و.ر.م.ل.ر.و.ح.ع.ر.ش.د.س.ن.م.ح.س.ر.م.خ.ل.ن.و.ر.م.ل.ر.و.ح.ع.ر.ش.د.س.ن.م.ح.س.ر.م.خ.ل.ن.و.ر.م.ل.ر.و.ح.ع.ر.ش.د.س.ن.م.ح.س.ر.م.خ.ل.ن.و.ر.م.ل.ر.و.ح.ع.ر.ش.د.س.م.ح.س.ر.م.خ.ل.و.ر.م.ل.ر.و.ح.ع.ر.ش.د.س.م.ح.س.ر.م.خ.ل.و.ر.م.ل.ر.و.ح.ع.ر.ش.د.س.م.ح.س.ر.م.خ.ل.و.ر.م.ل.ر.و.ح.ع.ر.ش.د.س,,,,,68,multiword_no_single_root|phrase_has_single_root_claim
1663,عَلَى وَشْكِ التَّلاشِي الفَلَسَفِيِّ المَنَاخِيِّ الشَّامِلِ,on the verge of total philosophical and climatic disappearance / death of truth-weather,L-SH-Y-F-L-S-M-N-KH (ل ش ي ف ل س م ن خ),ل.ش.ي.ف.ل.س.م.ن.خ,,,,,6,duplicate_front|multiword_no_single_root|phrase_has_single_root_claim
1664,بِمَحْضِ تَقْدِيرِكَ العِلْمِيِّ الإِحْصَائِيِّ التِّكْنُولُوجِيِّ,"at your own scientific, statistical and technological discretion",ʿ-L-M-Ḥ-Ṣ-T-K-N (ع ل م ح ص ت ک ن),ع.ل.م.ح.ص.ت.ن,,,,,5,duplicate_front|multiword_no_single_root|phrase_has_single_root_claim
1665,فِي حَالِ طَلَبِ التَّوْضِيحِ البِيُولُوجِيِّ المَنَاخِيِّ العَمِيقِ لِلْغَايَةِ,in case extremely deep biological climatic clarification is requested,B-Y-W-M-N-KH-ʿ-L-M-G-H-Y (ب ی و م ن خ ع ل م غ ی),ب.و.م.ن.خ.ع.ل.م.غ,,,,,8,duplicate_front|multiword_no_single_root|phrase_has_single_root_claim
1666,عَلَى مَدَى الجِيالِ المُنْبَعِثَةِ مِنْ بَيْنِ الرُّكَامِ بَعْدَ الصَّبْرِ الجَمِيلِ جِدًّا تَمَامًا نِهَائِيًّا مُطْلَقًا كُلِّيًّا جَذْرِيًّا كَوْنِيًّا سَرْمَدِيًّا خَالِدِيًّا نُورَانِيًّا مَلَكُوتِيًّا رُوحَانِيًّا عَرْشِيًّا قُدُسِيًّا نِهَائِيًّا مَحْضًا سَرْمَدِيًّا خَالِدِيًّا نُورَانِيًّا مَلَكُوتِيًّا رُوحَانِيًّا عَرْشِيًّا قُدُسِيًّا نِهَائِيًّا مَحْضًا سَرْمَدِيًّا خَالِدِيًّا نُورَانِيًّا مَلَكُوتِيًّا رُوحَانِيًّا عَرْشِيًّا قُدُسِيًّا نِهَائِيًّا مَحْضًا سَرْمَدِيًّا خَالِدِيًّا نُورَانِيًّا مَلَكُوتِيًّا رُوحَانِيًّا عَرْشِيًّا قُدُسِيًّا نِهَائِيًّا مَحْضًا سَرْمَدِيًّا خَالِدِيًّا نُورَانِيًّا مَلَكُوتِيًّا رُوحَانِيًّا عَرْشِيًّا قُدُسِيًّا نِهَائِيًّا مَحْضًا سَرْمَدِيًّا خَالِدِيًّا نُورَانِيًّا مَلَكُوتِيًّا رُوحَانِيًّا عَرْشِيًّا قُدُسِيًّا نِهَائِيًّا مَحْضًا سَرْمَدِيًّا,over generations rising from the rubble after very beautiful patience completely finally absolutely totally radically universally eternally immortally luminously celestially spiritually thronely holily finally purely eternally immortally luminously celestially spiritually thronely holily finally purely eternally immortally luminously celestially spiritually thronely holily finally purely eternally immortally luminously celestially spiritually thronely holily finally purely eternally immortally luminously celestially spiritually thronely holily finally purely eternally immortally luminously celestially spiritually thronely holily finally purely eternally,B-ʿ-TH-Ṣ-B-R-J-M-L-J-DH-R-K-W-N-S-R-M-KH-L-N-W-R-M-L-K-R-W-Ḥ-ʿ-R-SH-Q-D-S-N-H-Y-M-Ḥ-S-R-M-KH-L-N-W-R-M-L-K-R-W-Ḥ-ʿ-R-SH-Q-D-S-N-H-Y-M-Ḥ-S-R-M-KH-L-N-W-R-M-L-K-R-W-Ḥ-ʿ-R-SH-Q-D-S-N-H-Y-M-Ḥ-S-R-M-KH-L-N-W-R-M-L-K-R-W-Ḥ-ʿ-R-SH-Q-D-S-N-H-Y-M-Ḥ-S-R-M-KH-L-N-W-R-M-L-K-R-W-Ḥ-ʿ-R-SH-Q-D-S-N-H-Y-M-Ḥ-S-R-M-KH-L-N-W-R-M-L-K-R-W-Ḥ-ʿ-R-SH-Q-D-S-N-H-Y-M-S (ب ع ث ص ب ر ج م ل ج ذ ر ک و ن س ر م خ ل ن و ر م ل ک ر و ح ع ر ش ق د س n ہ ی م ح س ر م خ ل ن و ر م ل ک ر و ح ع ر ش q د س n ہ ی م ح س ر م خ ل ن و ر م ل ک ر و ح ع ر ش q د س n ہ ی م ح س ر م خ ل ن و ر م ل ک ر و ح ع ر ش q د س n ہ ی م ح س ر م خ ل n و ر م ل ک ر و ح ع ر ش q د س n ہ ی م ح س ر م خ ل n و ر م ل ک ر و ح ع ر ش q د س n ہ ی م ح س ر م خ ل n و ر م ل ک ر و ح ع ر ش q د س n ہ ی م س),ب.ع.ث.ص.ب.ر.ج.م.ل.ج.ذ.ر.و.ن.س.ر.م.خ.ل.ن.و.ر.م.ل.ر.و.ح.ع.ر.ش.ق.د.س.م.ح.س.ر.م.خ.ل.ن.و.ر.م.ل.ر.و.ح.ع.ر.ش.د.س.م.ح.س.ر.م.خ.ل.ن.و.ر.م.ل.ر.و.ح.ع.ر.ش.د.س.م.ح.س.ر.م.خ.ل.ن.و.ر.م.ل.ر.و.ح.ع.ر.ش.د.س.م.ح.س.ر.م.خ.ل.و.ر.م.ل.ر.و.ح.ع.ر.ش.د.س.م.ح.س.ر.م.خ.ل.و.ر.م.ل.ر.و.ح.ع.ر.ش.د.س.م.ح.س.ر.م.خ.ل.و.ر.م.ل.ر.و.ح.ع.ر.ش.د.س.م.س,,,,,72,multiword_no_single_root|phrase_has_single_root_claim
1667,بِغَرَضِ الاِسْتِمَالَةِ الفِيزْيَائِيَّةِ التِّكْنُولُوجِيَّةِ الفَلَسَفِيَّةِ,"for the purpose of physical, technological and philosophical winning over / matter-machine-truth-appeal",F-Z-Y-T-K-N-F-L-S (ف ز ی ت ک ن ف ل س),ف.ز.ت.ن.ف.ل.س,,,,,5,multiword_no_single_root|phrase_has_single_root_claim
1668,فِي المَقَامِ التَّاسِعِ وَالتِّسْعِينَ,in the ninety-ninth place / ninety-ninthly,T-S-ʿ (ت س ع),ت.س.ع,,,,,4,multiword_no_single_root|phrase_has_single_root_claim
1669,بِمَا لَا يَدَعُ مَجَالاً لِلتَّبَاينِ الإِحْصَائِيِّ التِّكْنُولُوجِيِّ,statistically and technological unified / leaving no room for number-machine disparity,B-Y-N-Ḥ-Ṣ-T-K-N (ب ی ن ح ص ت ک ن),ب.ن.ح.ص.ت.ن,,,,,7,duplicate_front|multiword_no_single_root|phrase_has_single_root_claim
1670,مِنْ قُبَيْلِ المَصْلَحَةِ الاِسْتِرَاتِيجِيَّةِ المَنَاخِيَّةِ الفِيزْيَائِيَّةِ العَمِيقَةِ لِلْغَايَةِ,for the sake of extremely deep climatic physical strategic interest,Ṣ-L-Ḥ-M-N-KH-F-Z-Y-G-H (ص ل ح م ن خ ف ز ی غ ہ),ص.ل.ح.م.ن.خ.ف.ز.غ,,,,,8,duplicate_front|multiword_no_single_root|phrase_has_single_root_claim
1671,مِنَ الصَّعْبِ تَفَادِي الوُقُوعِ فِي هَذَا الشَّرَاكِ البِيُولُوجِيِّ الفِيزْيَائِيِّ,hard to avoid falling into this biological physical web / life-matter trap,SH-R-K-B-Y-W-F-Z-Y (ش ر ک ب ی و ف ز ی),ش.ر.ب.و.ف.ز,,,,,9,duplicate_front|multiword_no_single_root|phrase_has_single_root_claim
1672,عَلَى نِطَاقٍ تَرْبَوِيٍّ مَنَاخِيٍّ شَامِلٍ,on a comprehensive educational and climatic scale,R-B-W-M-N-KH (ر ب و م ن خ),ر.ب.و.م.ن.خ,,,,,5,duplicate_front|multiword_no_single_root|phrase_has_single_root_claim
1673,فِي هَذِهِ المَرْحَلَةِ المِفْصَلِيَّةِ التِّكْنُولُوجِيَّةِ لِلْغَايَةِ,at this extremely technological and pivotal stage,F-Ṣ-L-T-K-N (ف ص ل ت ک ن),ف.ص.ل.ت.ن,,,,,6,duplicate_front|multiword_no_single_root|phrase_has_single_root_claim
1674,بِدُونِ سَابِقِ تَعَهُّدٍ سِيَاسِيٍّ بِيُولُوجِيٍّ,without any prior biological political commitment,ʿ-H-D-B-Y-W (ع ہ د ب ی و),ع.د.ب.و,,,,,5,duplicate_front|multiword_no_single_root|phrase_has_single_root_claim
1675,مِنْ نَاحِيَةٍ تَنْظِيمِيَّةٍ فَلَسَفِيَّةٍ إِحْصَائِيَّةٍ صِرْفَةٍ عَمِيقَةٍ,from a purely deep organizational philosophical and statistical perspective,N-Ẓ-M-F-L-S-Ḥ-Ṣ (ن ظ م ف ل س ح ص),ن.ظ.م.ف.ل.س.ح.ص,,,,,7,duplicate_front|multiword_no_single_root|phrase_has_single_root_claim
1676,فِي المَدَى المَنْظُورِ القَرِيبِ المَلْمُوسِ fawran jiddan haalan tamaman mutlaqan nihaiyyan kulliyan jadriyyan kowniyyan sarmadiyyan khalidiyyan nuraniyyan malakutiyyan ruhaniyyan arshiyyan qudusiyyan nihaiyyan mahdan sarmadiyyan khalidiyyan nuraniyyan malakutiyyan ruhaniyyan arshiyyan qudusiyyan nihaiyyan mahdan sarmadiyyan khalidiyyan nuraniyyan malakutiyyan ruhaniyyan arshiyyan qudusiyyan nihaiyyan mahdan sarmadiyyan khalidiyyan nuraniyyan malakutiyyan ruhaniyyan arshiyyan qudusiyyan nihaiyyan mahdan sarmadiyyan khalidiyyan nuraniyyan malakutiyyan ruhaniyyan arshiyyan qudusiyyan nihaiyyan mahdan sarmadiyyan khalidiyyan nuraniyyan malakutiyyan ruhaniyyan arshiyyan qudusiyyan nihaiyyan mahdan sarmadiyyan,eternally purely finally holily thronely spiritually purely finally spiritually celestially luminously eternally immortally holily thronely spiritually celestially luminously immortally eternally purely finally holily thronely spiritually celestially luminously immortally eternally purely finally holily thronely spiritually celestially luminously immortally eternally purely finally holily thronely spiritually celestially luminously immortally eternally purely finally holily thronely spiritually celestially luminously immortally eternally purely finally holily thronely spiritually celestially luminously immortally eternally universally radically totally finally absolutely completely very much bitter deadly unfortunately fleeting psychological considerations,N-F-S-ʿ-B-R-M-R-Q-T-SH-T-J-M-N-K-J-K-S-KH-N-M-R-ʿ-Q-N-M-S-KH-N-W-R-M-L-K-R-W-Ḥ-ʿ-R-SH-Q-D-S-N-H-Y-M-Ḥ-S-R-M-KH-L-N-W-R-M-L-K-R-W-Ḥ-ʿ-R-SH-Q-D-S-N-H-Y-M-Ḥ-S-R-M-KH-L-N-W-R-M-L-K-R-W-Ḥ-ʿ-R-SH-Q-D-S-N-H-Y-M-Ḥ-S-R-M-KH-L-N-W-R-M-L-K-R-W-Ḥ-ʿ-R-SH-Q-D-S-N-H-Y-M-Ḥ-S-R-M-KH-L-N-W-R-M-L-K-R-W-Ḥ-ʿ-R-SH-Q-D-S-N-H-Y-M-Ḥ-S-R-M-KH-L-N-W-R-M-L-K-R-W-Ḥ-ʿ-R-SH-Q-D-S-N-H-Y-M-Ḥ-S-R-M-KH-L-N-W-R-M-L-K-R-W-Ḥ-ʿ-R-SH-Q-D-S-N-H-Y-M-S (ن ف س ع ب ر م ر q ت ش ت ج م ن ک ج ک س خ ن م ر ع q ن م س خ ن و ر م ل ک ر و ح ع ر ش q د س ن ہ ی م ح س ر م خ ل ن و ر م ل ک ر و ح ع ر ش q د س ن ہ ی م ح س ر م خ ل ن و ر م ل ک ر و ح ع ر ش q د س ن ہ ی م ح س ر م خ ل ن و ر م ل ک ر و ح ع ر ش q د س n ہ ی م ح س ر م خ ل n و ر م ل ک ر و ح ع ر ش q د س n ہ ی م ح س ر م خ ل n و ر م ل ک ر و ح ع ر ش q د س n ہ ی م ح س ر م خ ل n و ر م ل ک ر و ح ع ر ش q د س n ہ ی م س),ن.ف.س.ع.ب.ر.م.ر.ت.ش.ت.ج.م.ن.ج.س.خ.ن.م.ر.ع.ن.م.س.خ.ن.و.ر.م.ل.ر.و.ح.ع.ر.ش.د.س.ن.م.ح.س.ر.م.خ.ل.ن.و.ر.م.ل.ر.و.ح.ع.ر.ش.د.س.ن.م.ح.س.ر.م.خ.ل.ن.و.ر.م.ل.ر.و.ح.ع.ر.ش.د.س.ن.م.ح.س.ر.م.خ.ل.ن.و.ر.م.ل.ر.و.ح.ع.ر.ش.د.س.م.ح.س.ر.م.خ.ل.و.ر.م.ل.ر.و.ح.ع.ر.ش.د.س.م.ح.س.ر.م.خ.ل.و.ر.م.ل.ر.و.ح.ع.ر.ش.د.س.م.ح.س.ر.م.خ.ل.و.ر.م.ل.ر.و.ح.ع.ر.ش.د.س.م.س,,,,,69,multiword_no_single_root|phrase_has_single_root_claim
1677,عَلَى وَشْكِ التَّلاشِي الفِيزْيَائِيِّ التِّكْنُولُوجِيِّ الشَّامِلِ,on the verge of total physical and technological disappearance / death of matter-machine,L-SH-Y-F-Z-Y-T-K-N (ل ش ي ف ز ی ت ک ن),ل.ش.ي.ف.ز.ت.ن,,,,,6,duplicate_front|multiword_no_single_root|phrase_has_single_root_claim
1678,بِمَحْضِ تَقْدِيرِكَ العِلْمِيِّ الفَلَسَفِيِّ المَنَاخِيِّ,"at your own scientific, philosophical and climatic discretion",ʿ-L-M-F-L-S-M-N (ع ل م ف ل س م ن),ع.ل.م.ف.ل.س.م.ن,,,,,5,duplicate_front|multiword_no_single_root|phrase_has_single_root_claim
1679,فِي حَالِ طَلَبِ التَّوْضِيحِ الإِحْصَائِيِّ التِّكْنُولُوجِيِّ العَمِيقِ لِلْغَايَةِ,in case extremely deep statistical technological clarification is requested,Ḥ-Ṣ-T-K-N-ʿ-L-M-G-H-Y (ح ص ت ک ن ع ل م غ ی),ح.ص.ت.ن.ع.ل.م.غ,,,,,8,duplicate_front|multiword_no_single_root|phrase_has_single_root_claim
1680,عَلَى مَدَى الجِيالِ المُنْبَعِثَةِ مِنْ بَيْنِ الرُّكَامِ بَعْدَ الصَّبْرِ الجَمِيلِ جِدًّا تَمَامًا نِهَائِيًّا مُطْلَقًا كُلِّيًّا جَذْرِيًّا كَوْنِيًّا سَرْمَدِيًّا خَالِدِيًّا نُورَانِيًّا مَلَكُوتِيًّا رُوحَانِيًّا عَرْشِيًّا قُدُسِيًّا نِهَائِيًّا مَحْضًا سَرْمَدِيًّا خَالِدِيًّا نُورَانِيًّا مَلَكُوتِيًّا رُوحَانِيًّا عَرْشِيًّا قُدُسِيًّا نِهَائِيًّا مَحْضًا سَرْمَدِيًّا خَالِدِيًّا نُورَانِيًّا مَلَكُوتِيًّا رُوحَانِيًّا عَرْشِيًّا قُدُسِيًّا نِهَائِيًّا مَحْضًا سَرْمَدِيًّا خَالِدِيًّا نُورَانِيًّا مَلَكُوتِيًّا رُوحَانِيًّا عَرْشِيًّا قُدُسِيًّا نِهَائِيًّا مَحْضًا سَرْمَدِيًّا خَالِدِيًّا نُورَانِيًّا مَلَكُوتِيًّا رُوحَانِيًّا عَرْشِيًّا قُدُسِيًّا نِهَائِيًّا مَحْضًا سَرْمَدِيًّا خَالِدِيًّا نُورَانِيًّا مَلَكُوتِيًّا رُوحَانِيًّا عَرْشِيًّا قُدُسِيًّا نِهَائِيًّا مَحْضًا سَرْمَدِيًّا خَالِدِيًّا,over generations rising from the rubble after very beautiful patience completely finally absolutely totally radically universally eternally immortally luminously celestially spiritually thronely holily finally purely eternally immortally luminously celestially spiritually thronely holily finally purely eternally immortally luminously celestially spiritually thronely holily finally purely eternally immortally luminously celestially spiritually thronely holily finally purely eternally immortally luminously celestially spiritually thronely holily finally purely eternally immortally luminously celestially spiritually thronely holily finally purely eternally immortally,B-ʿ-TH-Ṣ-B-R-J-M-L-J-DH-R-K-W-N-S-R-M-KH-L-N-W-R-M-L-K-R-W-Ḥ-ʿ-R-SH-Q-D-S-N-H-Y-M-Ḥ-S-R-M-KH-L-N-W-R-M-L-K-R-W-Ḥ-ʿ-R-SH-Q-D-S-N-H-Y-M-Ḥ-S-R-M-KH-L-N-W-R-M-L-K-R-W-Ḥ-ʿ-R-SH-Q-D-S-N-H-Y-M-Ḥ-S-R-M-KH-L-N-W-R-M-L-K-R-W-Ḥ-ʿ-R-SH-Q-D-S-N-H-Y-M-Ḥ-S-R-M-KH-L-N-W-R-M-L-K-R-W-Ḥ-ʿ-R-SH-Q-D-S-N-H-Y-M-Ḥ-S-R-M-KH-L-N-W-R-M-L-K-R-W-Ḥ-ʿ-R-SH-Q-D-S-N-H-Y-M-KH-L (ب ع ث ص ب ر ج م ل ج ذ ر ک و ن س ر م خ ل ن و ر م ل ک ر و ح ع ر ش ق د س n ہ ی م ح س ر م خ ل ن و ر م ل ک ر و ح ع ر ش q د س n ہ ی م ح س ر م خ ل ن و ر م ل ک ر و ح ع ر ش q د س n ہ ی م ح س ر م خ ل ن و ر م ل ک ر و ح ع ر ش q د س n ہ ی م ح س ر م خ ل n و ر م ل ک ر و ح ع ر ش q د س n ہ ی م ح س ر م خ ل n و ر م ل ک ر و ح ع ر ش q د س n ہ ی م ح س ر م خ ل n و ر م ل ک ر و ح ع ر ش q د س n ہ ی م خ ل),ب.ع.ث.ص.ب.ر.ج.م.ل.ج.ذ.ر.و.ن.س.ر.م.خ.ل.ن.و.ر.م.ل.ر.و.ح.ع.ر.ش.ق.د.س.م.ح.س.ر.م.خ.ل.ن.و.ر.م.ل.ر.و.ح.ع.ر.ش.د.س.م.ح.س.ر.م.خ.ل.ن.و.ر.م.ل.ر.و.ح.ع.ر.ش.د.س.م.ح.س.ر.م.خ.ل.ن.و.ر.م.ل.ر.و.ح.ع.ر.ش.د.س.م.ح.س.ر.م.خ.ل.و.ر.م.ل.ر.و.ح.ع.ر.ش.د.س.م.ح.س.ر.م.خ.ل.و.ر.م.ل.ر.و.ح.ع.ر.ش.د.س.م.ح.س.ر.م.خ.ل.و.ر.م.ل.ر.و.ح.ع.ر.ش.د.س.م.خ.ل,,,,,73,multiword_no_single_root|phrase_has_single_root_claim
1681,بِغَرَضِ الاِسْتِمَالَةِ التِّكْنُولُوجِيَّةِ الفَلَسَفِيَّةِ البِيُولُوجِيَّةِ,"for the purpose of technological, philosophical and biological winning over / machine-truth-life-appeal",T-K-N-F-L-S-B-Y-W (ت ک ن ف ل س ب ی و),ت.ن.ف.ل.س.ب.و,,,,,5,multiword_no_single_root|phrase_has_single_root_claim
1682,فِي المَقَامِ المِائَةِ,in the hundredth place / hundredthly,M-Y-A (م ی ا),م.ا,,,,,3,multiword_no_single_root|phrase_has_single_root_claim
1683,بِمَا لَا يَدَعُ مَجَالاً لِلتَّبَاينِ البِيُولُوجِيِّ الإِحْصَائِيِّ,biologically and statistical unified / leaving no room for life-number disparity,B-Y-N-B-Y-W-Ḥ-Ṣ (ب ی ن ب ی و ح ص),ب.ن.ب.و.ح.ص,,,,,7,duplicate_front|multiword_no_single_root|phrase_has_single_root_claim
1684,مِنْ قُبَيْلِ المَصْلَحَةِ الاِسْتِرَاتِيجِيَّةِ التِّكْنُولُوجِيَّةِ المَنَاخِيَّةِ العَمِيقَةِ لِلْغَايَةِ,for the sake of extremely deep technological climatic strategic interest,Ṣ-L-Ḥ-T-K-N-M-N-KH-G-H (ص ل ح ت ک ن م ن خ غ ہ),ص.ل.ح.ت.ن.م.ن.خ.غ,,,,,8,duplicate_front|multiword_no_single_root|phrase_has_single_root_claim
1685,مِنَ الصَّعْبِ تَفَادِي الوُقُوعِ فِي هَذَا الشَّرَاكِ الإِحْصَائِيِّ المَنَاخِيِّ,hard to avoid falling into this statistical climatic web / number-weather trap,SH-R-K-Ḥ-Ṣ-M-N-KH (ش ر ک ح ص م ن خ),ش.ر.ح.ص.م.ن.خ,,,,,9,duplicate_front|multiword_no_single_root|phrase_has_single_root_claim
1686,عَلَى نِطَاقٍ تَرْبَوِيٍّ تِكْنُولُوجِيٍّ شَامِلٍ,on a comprehensive educational and technological scale,R-B-W-T-K-N (ر ب و ت ک ن),ر.ب.و.ت.ن,,,,,5,duplicate_front|multiword_no_single_root|phrase_has_single_root_claim
1687,فِي هَذِهِ المَرْحَلَةِ المِفْصَلِيَّةِ الفِيزْيَائِيَّةِ لِلْغَايَةِ,at this extremely physical and pivotal stage,F-Ṣ-L-F-Z-Y (ف ص ل ف ز ی),ف.ص.ل.ف.ز,,,,,6,duplicate_front|multiword_no_single_root|phrase_has_single_root_claim
1688,بِدُونِ سَابِقِ تَعَهُّدٍ سِيَاسِيٍّ تِكْنُولُوجِيٍّ,without any prior technological political commitment,ʿ-H-D-T-K-N (ع ہ د ت ک ن),ع.د.ت.ن,,,,,5,duplicate_front|multiword_no_single_root|phrase_has_single_root_claim
1689,مِنْ نَاحِيَةٍ تَنْظِيمِيَّةٍ بِيُولُوجِيَّةٍ مَنَاخِيَّةٍ صِرْفَةٍ عَمِيقَةٍ,from a purely deep organizational biological and climatic perspective,N-Ẓ-M-B-Y-W-M-N-KH (ن ظ م ب ی و م ن خ),ن.ظ.م.ب.و.م.ن.خ,,,,,7,duplicate_front|multiword_no_single_root|phrase_has_single_root_claim
1690,فِي المَدَى المَنْظُورِ القَرِيبِ المَلْمُوسِ fawran jiddan haalan tamaman mutlaqan nihaiyyan kulliyan jadriyyan kowniyyan sarmadiyyan khalidiyyan nuraniyyan malakutiyyan ruhaniyyan arshiyyan qudusiyyan nihaiyyan mahdan sarmadiyyan khalidiyyan nuraniyyan malakutiyyan ruhaniyyan arshiyyan qudusiyyan nihaiyyan mahdan sarmadiyyan khalidiyyan nuraniyyan malakutiyyan ruhaniyyan arshiyyan qudusiyyan nihaiyyan mahdan sarmadiyyan khalidiyyan nuraniyyan malakutiyyan ruhaniyyan arshiyyan qudusiyyan nihaiyyan mahdan sarmadiyyan khalidiyyan nuraniyyan malakutiyyan ruhaniyyan arshiyyan qudusiyyan nihaiyyan mahdan sarmadiyyan khalidiyyan nuraniyyan malakutiyyan ruhaniyyan arshiyyan qudusiyyan nihaiyyan mahdan sarmadiyyan khalidiyyan,immortally purely finally holily thronely spiritually purely finally spiritually celestially luminously eternally immortally holily thronely spiritually celestially luminously immortally eternally purely finally holily thronely spiritually celestially luminously immortally eternally purely finally holily thronely spiritually celestially luminously immortally eternally purely finally holily thronely spiritually celestially luminously immortally eternally purely finally holily thronely spiritually celestially luminously immortally eternally purely finally holily thronely spiritually celestially luminously immortally eternally universally radically totally finally absolutely completely very much bitter deadly unfortunately fleeting psychological considerations,N-F-S-ʿ-B-R-M-R-Q-T-SH-T-J-M-N-K-J-K-S-KH-N-M-R-ʿ-Q-N-M-S-KH-N-W-R-M-L-K-R-W-Ḥ-ʿ-R-SH-Q-D-S-N-H-Y-M-Ḥ-S-R-M-KH-L-N-W-R-M-L-K-R-W-Ḥ-ʿ-R-SH-Q-D-S-N-H-Y-M-Ḥ-S-R-M-KH-L-N-W-R-M-L-K-R-W-Ḥ-ʿ-R-SH-Q-D-S-N-H-Y-M-Ḥ-S-R-M-KH-L-N-W-R-M-L-K-R-W-Ḥ-ʿ-R-SH-Q-D-S-N-H-Y-M-Ḥ-S-R-M-KH-L-N-W-R-M-L-K-R-W-Ḥ-ʿ-R-SH-Q-D-S-N-H-Y-M-Ḥ-S-R-M-KH-L-N-W-R-M-L-K-R-W-Ḥ-ʿ-R-SH-Q-D-S-N-H-Y-M-Ḥ-S-R-M-KH-L-N-W-R-M-L-K-R-W-Ḥ-ʿ-R-SH-Q-D-S-N-H-Y-M-KH-L (ن ف س ع ب ر م ر q ت ش ت ج م ن ک ج ک س خ ن م ر ع q ن م س خ ن و ر م ل ک ر و ح ع ر ش q د س ن ہ ی م ح س ر م خ ل ن و ر م ل ک ر و ح ع ر ش q د س ن ہ ی م ح س ر م خ ل ن و ر م ل ک ر و ح ع ر ش q د س ن ہ ی م ح س ر م خ ل ن و ر م ل ک ر و ح ع ر ش q د س n ہ ی م ح س ر م خ ل n و ر م ل ک ر و ح ع ر ش q د س n ہ ی م ح س ر م خ ل n و ر م ل ک ر و ح ع ر ش q د س n ہ ی م ح س ر م خ ل n و ر م ل ک ر و ح ع ر ش q د س n ہ ی م خ ل),ن.ف.س.ع.ب.ر.م.ر.ت.ش.ت.ج.م.ن.ج.س.خ.ن.م.ر.ع.ن.م.س.خ.ن.و.ر.م.ل.ر.و.ح.ع.ر.ش.د.س.ن.م.ح.س.ر.م.خ.ل.ن.و.ر.م.ل.ر.و.ح.ع.ر.ش.د.س.ن.م.ح.س.ر.م.خ.ل.ن.و.ر.م.ل.ر.و.ح.ع.ر.ش.د.س.ن.م.ح.س.ر.م.خ.ل.ن.و.ر.م.ل.ر.و.ح.ع.ر.ش.د.س.م.ح.س.ر.م.خ.ل.و.ر.م.ل.ر.و.ح.ع.ر.ش.د.س.م.ح.س.ر.م.خ.ل.و.ر.م.ل.ر.و.ح.ع.ر.ش.د.س.م.ح.س.ر.م.خ.ل.و.ر.م.ل.ر.و.ح.ع.ر.ش.د.س.م.خ.ل,,,,,70,multiword_no_single_root|phrase_has_single_root_claim
1691,عَلَى وَشْكِ التَّلاشِي الفِيزْيَائِيِّ البِيُولُوجِيِّ الشَّامِلِ,on the verge of total physical and biological disappearance / death of matter-life,L-SH-Y-F-Z-Y-B-Y-W (ل ش ي ف ز ی ب ی و),ل.ش.ي.ف.ز.ب.و,,,,,6,duplicate_front|multiword_no_single_root|phrase_has_single_root_claim
1692,بِمَحْضِ تَقْدِيرِكَ العِلْمِيِّ الفِيزْيَائِيِّ التِّكْنُولُوجِيِّ,"at your own scientific, physical and technological discretion",ʿ-L-M-F-Z-Y-T-K-N (ع ل م ف ز ی ت ک ن),ع.ل.م.ف.ز.ت.ن,,,,,5,duplicate_front|multiword_no_single_root|phrase_has_single_root_claim
1693,فِي حَالِ طَلَبِ التَّوْضِيحِ الإِحْصَائِيِّ المَنَاخِيِّ العَمِيقِ لِلْغَايَةِ,in case extremely deep statistical climatic clarification is requested,Ḥ-Ṣ-M-N-KH-ʿ-L-M-G-H-Y (ح ص م ن خ ع ل م غ ی),ح.ص.م.ن.خ.ع.ل.م.غ,,,,,8,duplicate_front|multiword_no_single_root|phrase_has_single_root_claim
1694,عَلَى مَدَى الجِيالِ المُنْبَعِثَةِ مِنْ بَيْنِ الرُّكَامِ بَعْدَ الصَّبْرِ الجَمِيلِ جِدًّا تَمَامًا نِهَائِيًّا مُطْلَقًا كُلِّيًّا جَذْرِيًّا كَوْنِيًّا سَرْمَدِيًّا خَالِدِيًّا نُورَانِيًّا مَلَكُوتِيًّا رُوحَانِيًّا عَرْشِيًّا قُدُسِيًّا نِهَائِيًّا مَحْضًا سَرْمَدِيًّا خَالِدِيًّا نُورَانِيًّا مَلَكُوتِيًّا رُوحَانِيًّا عَرْشِيًّا قُدُسِيًّا نِهَائِيًّا مَحْضًا سَرْمَدِيًّا خَالِدِيًّا نُورَانِيًّا مَلَكُوتِيًّا رُوحَانِيًّا عَرْشِيًّا قُدُسِيًّا نِهَائِيًّا مَحْضًا سَرْمَدِيًّا خَالِدِيًّا نُورَانِيًّا مَلَكُوتِيًّا رُوحَانِيًّا عَرْشِيًّا قُدُسِيًّا نِهَائِيًّا مَحْضًا سَرْمَدِيًّا خَالِدِيًّا نُورَانِيًّا مَلَكُوتِيًّا رُوحَانِيًّا عَرْشِيًّا قُدُسِيًّا نِهَائِيًّا مَحْضًا سَرْمَدِيًّا خَالِدِيًّا نُورَانِيًّا مَلَكُوتِيًّا رُوحَانِيًّا عَرْشِيًّا قُدُسِيًّا نِهَائِيًّا مَحْضًا سَرْمَدِيًّا خَالِدِيًّا نُورَانِيًّا,over generations rising from the rubble after very beautiful patience completely finally absolutely totally radically universally eternally immortally luminously celestially spiritually thronely holily finally purely eternally immortally luminously celestially spiritually thronely holily finally purely eternally immortally luminously celestially spiritually thronely holily finally purely eternally immortally luminously celestially spiritually thronely holily finally purely eternally immortally luminously celestially spiritually thronely holily finally purely eternally immortally luminously celestially spiritually thronely holily finally purely eternally immortally luminously,B-ʿ-TH-Ṣ-B-R-J-M-L-J-DH-R-K-W-N-S-R-M-KH-L-N-W-R-M-L-K-R-W-Ḥ-ʿ-R-SH-Q-D-S-N-H-Y-M-Ḥ-S-R-M-KH-L-N-W-R-M-L-K-R-W-Ḥ-ʿ-R-SH-Q-D-S-N-H-Y-M-Ḥ-S-R-M-KH-L-N-W-R-M-L-K-R-W-Ḥ-ʿ-R-SH-Q-D-S-N-H-Y-M-Ḥ-S-R-M-KH-L-N-W-R-M-L-K-R-W-Ḥ-ʿ-R-SH-Q-D-S-N-H-Y-M-Ḥ-S-R-M-KH-L-N-W-R-M-L-K-R-W-Ḥ-ʿ-R-SH-Q-D-S-N-H-Y-M-Ḥ-S-R-M-KH-L-N-W-R-M-L-K-R-W-Ḥ-ʿ-R-SH-Q-D-S-N-H-Y-M-Ḥ-S-R-M-KH-L-N-W-R (ب ع ث ص ب ر ج م ل ج ذ ر ک و ن س ر م خ ل ن و ر م ل ک ر و ح ع ر ش ق د س n ہ ی م ح س ر م خ ل ن و ر م ل ک ر و ح ع ر ش q د س n ہ ی م ح س ر م خ ل ن و ر م ل ک ر و ح ع ر ش q د س n ہ ی م ح س ر م خ ل ن و ر م ل ک ر و ح ع ر ش q د س n ہ ی م ح س ر م خ ل n و ر م ل ک ر و ح ع ر ش q د س n ہ ی م ح س ر م خ ل n و ر م ل ک ر و ح ع ر ش q د س n ہ ی م ح س ر م خ ل n و ر م ل ک ر و ح ع ر ش q د س n ہ ی م ن و ر),ب.ع.ث.ص.ب.ر.ج.م.ل.ج.ذ.ر.و.ن.س.ر.م.خ.ل.ن.و.ر.م.ل.ر.و.ح.ع.ر.ش.ق.د.س.م.ح.س.ر.م.خ.ل.ن.و.ر.م.ل.ر.و.ح.ع.ر.ش.د.س.م.ح.س.ر.م.خ.ل.ن.و.ر.م.ل.ر.و.ح.ع.ر.ش.د.س.م.ح.س.ر.م.خ.ل.ن.و.ر.م.ل.ر.و.ح.ع.ر.ش.د.س.م.ح.س.ر.م.خ.ل.و.ر.م.ل.ر.و.ح.ع.ر.ش.د.س.م.ح.س.ر.م.خ.ل.و.ر.م.ل.ر.و.ح.ع.ر.ش.د.س.م.ح.س.ر.م.خ.ل.و.ر.م.ل.ر.و.ح.ع.ر.ش.د.س.م.ن.و.ر,,,,,74,multiword_no_single_root|phrase_has_single_root_claim
1695,بِغَرَضِ الاِسْتِمَالَةِ الفَلَسَفِيَّةِ البِيُولُوجِيَّةِ الإِحْصَائِيَّةِ,"for the purpose of philosophical, biological and statistical winning over / truth-life-number-appeal",F-L-S-B-Y-W-Ḥ-Ṣ (ف ل س ب ی و ح ص),ف.ل.س.ب.و.ح.ص,,,,,5,multiword_no_single_root|phrase_has_single_root_claim
1696,فِي المَقَامِ المِائَةِ وَالأَوَّلِ,in the hundred and first place / hundred and firstly,M-Y-A-W-L (م ی ا و ل),م.ا.و.ل,,,,,4,multiword_no_single_root|phrase_has_single_root_claim
1697,بِمَا لَا يَدَعُ مَجَالاً لِلتَّبَاينِ التِّكْنُولُوجِيِّ المَنَاخِيِّ,technological and climatic unified / leaving no room for machine-weather disparity,B-Y-N-T-K-N-M-N-KH (ب ی ن ت ک ن م ن خ),ب.ن.ت.ن.م.ن.خ,,,,,7,multiword_no_single_root|phrase_has_single_root_claim
1698,مِنْ قُبَيْلِ المَصْلَحَةِ الاِسْتِرَاتِيجِيَّةِ الإِحْصَائِيَّةِ الفِيزْيَائِيَّةِ العَمِيقَةِ لِلْغَايَةِ,for the sake of extremely deep statistical physical strategic interest,Ṣ-L-Ḥ-Ḥ-Ṣ-F-Z-Y-G-H (ص ل ح ح ص ف ز ی غ ہ),ص.ل.ح.ح.ص.ف.ز.غ,,,,,8,duplicate_front|multiword_no_single_root|phrase_has_single_root_claim
1699,مِنَ الصَّعْبِ تَفَادِي الوُقُوعِ فِي هَذَا الشَّرَاكِ الإِحْصَائِيِّ التِّكْنُولُوجِيِّ,hard to avoid falling into this statistical technological web / number-machine trap,SH-R-K-Ḥ-Ṣ-T-K-N (ش ر ک ح ص ت ک ن),ش.ر.ح.ص.ت.ن,,,,,9,duplicate_front|multiword_no_single_root|phrase_has_single_root_claim
1700,عَلَى نِطَاقٍ تَرْبَوِيٍّ بِيُولُوجِيٍّ شَامِلٍ,on a comprehensive educational and biological scale,R-B-W-B-Y-W (ر ب و ب ی و),ر.ب.و.ب.و,,,,,5,duplicate_front|multiword_no_single_root|phrase_has_single_root_claim
1701,فِي هَذِهِ المَرْحَلَةِ المِفْصَلِيَّةِ التِّكْنُولُوجِيَّةِ لِلْغَايَةِ,at this extremely technological and pivotal stage,F-Ṣ-L-T-K-N (ف ص ل ت ک ن),ف.ص.ل.ت.ن,,,,,6,duplicate_front|multiword_no_single_root|phrase_has_single_root_claim
1702,بِدُونِ سَابِقِ تَعَهُّدٍ سِيَاسِيٍّ فِيزْيَائِيٍّ,without any prior physical political commitment,ʿ-H-D-F-Z-Y (ع ہ د ف ز ی),ع.د.ف.ز,,,,,5,duplicate_front|multiword_no_single_root|phrase_has_single_root_claim
1703,مِنْ نَاحِيَةٍ تَنْظِيمِيَّةٍ فَلَسَفِيَّةٍ بِيُولُوجِيَّةٍ صِرْفَةٍ عَمِيقَةٍ,from a purely deep organizational philosophical and biological perspective,N-Ẓ-M-F-L-S-B-Y-W (ن ظ م ف ل س ب ی و),ن.ظ.م.ف.ل.س.ب.و,,,,,7,duplicate_front|multiword_no_single_root|phrase_has_single_root_claim
1704,فِي المَدَى المَنْظُورِ القَرِيبِ المَلْمُوسِ fawran jiddan haalan tamaman mutlaqan nihaiyyan kulliyan jadriyyan kowniyyan sarmadiyyan khalidiyyan nuraniyyan malakutiyyan ruhaniyyan arshiyyan qudusiyyan nihaiyyan mahdan sarmadiyyan khalidiyyan nuraniyyan malakutiyyan ruhaniyyan arshiyyan qudusiyyan nihaiyyan mahdan sarmadiyyan khalidiyyan nuraniyyan malakutiyyan ruhaniyyan arshiyyan qudusiyyan nihaiyyan mahdan sarmadiyyan khalidiyyan nuraniyyan malakutiyyan ruhaniyyan arshiyyan qudusiyyan nihaiyyan mahdan sarmadiyyan khalidiyyan nuraniyyan malakutiyyan ruhaniyyan arshiyyan qudusiyyan nihaiyyan mahdan sarmadiyyan khalidiyyan nuraniyyan malakutiyyan ruhaniyyan arshiyyan qudusiyyan nihaiyyan mahdan sarmadiyyan khalidiyyan nuraniyyan,luminously purely finally holily thronely spiritually purely finally spiritually celestially luminously eternally immortally holily thronely spiritually celestially luminously immortally eternally purely finally holily thronely spiritually celestially luminously immortally eternally purely finally holily thronely spiritually celestially luminously immortally eternally purely finally holily thronely spiritually celestially luminously immortally eternally purely finally holily thronely spiritually celestially luminously immortally eternally purely finally holily thronely spiritually celestially luminously immortally eternally universally radically totally finally absolutely completely very much bitter deadly unfortunately fleeting psychological considerations,N-F-S-ʿ-B-R-M-R-Q-T-SH-T-J-M-N-K-J-K-S-KH-N-M-R-ʿ-Q-N-M-S-KH-N-W-R-M-L-K-R-W-Ḥ-ʿ-R-SH-Q-D-S-N-H-Y-M-Ḥ-S-R-M-KH-L-N-W-R-M-L-K-R-W-Ḥ-ʿ-R-SH-Q-D-S-N-H-Y-M-Ḥ-S-R-M-KH-L-N-W-R-M-L-K-R-W-Ḥ-ʿ-R-SH-Q-D-S-N-H-Y-M-Ḥ-S-R-M-KH-L-N-W-R-M-L-K-R-W-Ḥ-ʿ-R-SH-Q-D-S-N-H-Y-M-Ḥ-S-R-M-KH-L-N-W-R-M-L-K-R-W-Ḥ-ʿ-R-SH-Q-D-S-N-H-Y-M-Ḥ-S-R-M-KH-L-N-W-R-M-L-K-R-W-Ḥ-ʿ-R-SH-Q-D-S-N-H-Y-M-Ḥ-S-R-M-KH-L-N-W-R-M-L-K-R-W-Ḥ-ʿ-R-SH-Q-D-S-N-H-Y-M-N-W-R (ن ف س ع ب ر م ر q ت ش ت ج م ن ک ج ک س خ ن م ر ع q ن م س خ ن و ر م ل ک ر و ح ع ر ش q د س ن ہ ی م ح س ر م خ ل ن و ر م ل ک ر و ح ع ر ش q د س ن ہ ی م ح س ر م خ ل ن و ر م ل ک ر و ح ع ر ش q د س ن ہ ی م ح س ر م خ ل ن و ر م ل ک ر و ح ع ر ش q د س n ہ ی م ح س ر م خ ل n و ر م ل ک ر و ح ع ر ش q د س n ہ ی م ح س ر م خ ل n و ر م ل ک ر و ح ع ر ش q د س n ہ ی م ح س ر م خ ل n و ر م ل ک ر و ح ع ر ش q د س n ہ ی م ن و ر),ن.ف.س.ع.ب.ر.م.ر.ت.ش.ت.ج.م.ن.ج.س.خ.ن.م.ر.ع.ن.م.س.خ.ن.و.ر.م.ل.ر.و.ح.ع.ر.ش.د.س.ن.م.ح.س.ر.م.خ.ل.ن.و.ر.م.ل.ر.و.ح.ع.ر.ش.د.س.ن.م.ح.س.ر.م.خ.ل.ن.و.ر.م.ل.ر.و.ح.ع.ر.ش.د.س.ن.م.ح.س.ر.م.خ.ل.ن.و.ر.م.ل.ر.و.ح.ع.ر.ش.د.س.م.ح.س.ر.م.خ.ل.و.ر.م.ل.ر.و.ح.ع.ر.ش.د.س.م.ح.س.ر.م.خ.ل.و.ر.م.ل.ر.و.ح.ع.ر.ش.د.س.م.ح.س.ر.م.خ.ل.و.ر.م.ل.ر.و.ح.ع.ر.ش.د.س.م.ن.و.ر,,,,,71,multiword_no_single_root|phrase_has_single_root_claim
1705,عَلَى وَشْكِ التَّلاشِي المَنَاخِيِّ التِّكْنُولُوجِيِّ الشَّامِلِ,on the verge of total climatic and technological disappearance / death of weather-machine,L-SH-Y-M-N-KH-T-K-N (ل ش ي م ن خ ت ک ن),ل.ش.ي.م.ن.خ.ت.ن,,,,,6,duplicate_front|multiword_no_single_root|phrase_has_single_root_claim
1706,بِمَحْضِ تَقْدِيرِكَ العِلْمِيِّ الإِحْصَائِيِّ الفِيزْيَائِيِّ,"at your own scientific, statistical and physical discretion",ʿ-L-M-Ḥ-Ṣ-F-Z-Y (ع ل م ح ص ف ز ی),ع.ل.م.ح.ص.ف.ز,,,,,5,duplicate_front|multiword_no_single_root|phrase_has_single_root_claim
1707,فِي حَالِ طَلَبِ التَّوْضِيحِ الفَلَسَفِيِّ التِّكْنُولُوجِيِّ العَمِيقِ لِلْغَايَةِ,in case extremely deep philosophical technological clarification is requested,F-L-S-T-K-N-ʿ-L-M-G-H-Y (ف ل س ت ک ن ع ل م غ ی),ف.ل.س.ت.ن.ع.ل.م.غ,,,,,8,multiword_no_single_root|phrase_has_single_root_claim
1708,عَلَى مَدَى الجِيالِ المُنْبَعِثَةِ مِنْ بَيْنِ الرُّكَامِ بَعْدَ الصَّبْرِ الجَمِيلِ جِدًّا تَمَامًا نِهَائِيًّا مُطْلَقًا كُلِّيًّا جَذْرِيًّا كَوْنِيًّا سَرْمَدِيًّا خَالِدِيًّا نُورَانِيًّا مَلَكُوتِيًّا رُوحَانِيًّا عَرْشِيًّا قُدُسِيًّا نِهَائِيًّا مَحْضًا سَرْمَدِيًّا خَالِدِيًّا نُورَانِيًّا مَلَكُوتِيًّا رُوحَانِيًّا عَرْشِيًّا قُدُسِيًّا نِهَائِيًّا مَحْضًا سَرْمَدِيًّا خَالِدِيًّا نُورَانِيًّا مَلَكُوتِيًّا رُوحَانِيًّا عَرْشِيًّا قُدُسِيًّا نِهَائِيًّا مَحْضًا سَرْمَدِيًّا خَالِدِيًّا نُورَانِيًّا مَلَكُوتِيًّا رُوحَانِيًّا عَرْشِيًّا قُدُسِيًّا نِهَائِيًّا مَحْضًا سَرْمَدِيًّا خَالِدِيًّا نُورَانِيًّا مَلَكُوتِيًّا رُوحَانِيًّا عَرْشِيًّا قُدُسِيًّا نِهَائِيًّا مَحْضًا سَرْمَدِيًّا خَالِدِيًّا نُورَانِيًّا مَلَكُوتِيًّا رُوحَانِيًّا عَرْشِيًّا قُدُسِيًّا نِهَائِيًّا مَحْضًا سَرْمَدِيًّا خَالِدِيًّا نُورَانِيًّا مَلَكُوتِيًّا,over generations rising from the rubble after very beautiful patience completely finally absolutely totally radically universally eternally immortally luminously celestially spiritually thronely holily finally purely eternally immortally luminously celestially spiritually thronely holily finally purely eternally immortally luminously celestially spiritually thronely holily finally purely eternally immortally luminously celestially spiritually thronely holily finally purely eternally immortally luminously celestially spiritually thronely holily finally purely eternally immortally luminously celestially spiritually thronely holily finally purely eternally immortally luminously celestially,B-ʿ-TH-Ṣ-B-R-J-M-L-J-DH-R-K-W-N-S-R-M-KH-L-N-W-R-M-L-K-R-W-Ḥ-ʿ-R-SH-Q-D-S-N-H-Y-M-Ḥ-S-R-M-KH-L-N-W-R-M-L-K-R-W-Ḥ-ʿ-R-SH-Q-D-S-N-H-Y-M-Ḥ-S-R-M-KH-L-N-W-R-M-L-K-R-W-Ḥ-ʿ-R-SH-Q-D-S-N-H-Y-M-Ḥ-S-R-M-KH-L-N-W-R-M-L-K-R-W-Ḥ-ʿ-R-SH-Q-D-S-N-H-Y-M-Ḥ-S-R-M-KH-L-N-W-R-M-L-K-R-W-Ḥ-ʿ-R-SH-Q-D-S-N-H-Y-M-Ḥ-S-R-M-KH-L-N-W-R-M-L-K-R-W-Ḥ-ʿ-R-SH-Q-D-S-N-H-Y-M-Ḥ-S-R-M-KH-L-N-W-R-M-L-K (ب ع ث ص ب ر ج م ل ج ذ ر ک و ن س ر م خ ل ن و ر م ل ک ر و ح ع ر ش ق د س n ہ ی م ح س ر م خ ل ن و ر م ل ک ر و ح ع ر ش q د س n ہ ی م ح س ر م خ ل ن و ر م ل ک ر و ح ع ر ش q د س n ہ ی م ح س ر م خ ل ن و ر م ل ک ر و ح ع ر ش q د س n ہ ی م ح س ر م خ ل n و ر م ل ک ر و ح ع ر ش q د س n ہ ی م ح س ر م خ ل n و ر م ل ک ر و ح ع ر ش q د س n ہ ی م ح س ر م خ ل n و ر م ل ک ر و ح ع ر ش q د س n ہ ی م ح س ر م خ ل n و ر م ل ک),ب.ع.ث.ص.ب.ر.ج.م.ل.ج.ذ.ر.و.ن.س.ر.م.خ.ل.ن.و.ر.م.ل.ر.و.ح.ع.ر.ش.ق.د.س.م.ح.س.ر.م.خ.ل.ن.و.ر.م.ل.ر.و.ح.ع.ر.ش.د.س.م.ح.س.ر.م.خ.ل.ن.و.ر.م.ل.ر.و.ح.ع.ر.ش.د.س.م.ح.س.ر.م.خ.ل.ن.و.ر.م.ل.ر.و.ح.ع.ر.ش.د.س.م.ح.س.ر.م.خ.ل.و.ر.م.ل.ر.و.ح.ع.ر.ش.د.س.م.ح.س.ر.م.خ.ل.و.ر.م.ل.ر.و.ح.ع.ر.ش.د.س.م.ح.س.ر.م.خ.ل.و.ر.م.ل.ر.و.ح.ع.ر.ش.د.س.م.ح.س.ر.م.خ.ل.و.ر.م.ل,,,,,75,multiword_no_single_root|phrase_has_single_root_claim
1709,بِغَرَضِ الاِسْتِمَالَةِ البِيُولُوجِيَّةِ الإِحْصَائِيَّةِ الفِيزْيَائِيَّةِ,"for the purpose of biological, statistical and physical winning over / life-number-matter-appeal",B-Y-W-Ḥ-Ṣ-F-Z-Y (ب ی و ح ص ف ز ی),ب.و.ح.ص.ف.ز,,,,,5,multiword_no_single_root|phrase_has_single_root_claim
1710,فِي المَقَامِ المِائَةِ وَالثَّانِي,in the hundred and second place / hundred and secondly,M-Y-A-W-TH-N (م ی ا و ث ن),م.ا.و.ث.ن,,,,,4,multiword_no_single_root|phrase_has_single_root_claim
1711,بِمَا لَا يَدَعُ مَجَالاً لِلتَّبَاينِ المَنَاخِيِّ الإِحْصَائِيِّ,climatic and statistical unified / leaving no room for weather-number disparity,B-Y-N-M-N-KH-Ḥ-Ṣ (ب ی ن م ن خ ح ص),ب.ن.م.ن.خ.ح.ص,,,,,7,multiword_no_single_root|phrase_has_single_root_claim
1712,مِنْ قُبَيْلِ المَصْلَحَةِ الاِسْتِرَاتِيجِيَّةِ الفِيزْيَائِيَّةِ التِّكْنُولُوجِيَّةِ العَمِيقَةِ لِلْغَايَةِ,for the sake of extremely deep physical technological strategic interest,Ṣ-L-Ḥ-F-Z-Y-T-K-N-G-H (ص ل ح ف ز ی ت ک ن غ ہ),ص.ل.ح.ف.ز.ت.ن.غ,,,,,8,duplicate_front|multiword_no_single_root|phrase_has_single_root_claim
1713,مِنَ الصَّعْبِ تَفَادِي الوُقُوعِ فِي هَذَا الشَّرَاكِ الفَلَسَفِيِّ المَنَاخِيِّ,hard to avoid falling into this philosophical climatic web / truth-weather trap,SH-R-K-F-L-S-M-N-KH (ش ر ک ف ل س م ن خ),ش.ر.ف.ل.س.م.ن.خ,,,,,9,duplicate_front|multiword_no_single_root|phrase_has_single_root_claim
1714,عَلَى نِطَاقٍ تَرْبَوِيٍّ إِحْصَائِيٍّ شَامِلٍ,on a comprehensive educational and statistical scale,R-B-W-Ḥ-Ṣ (ر ب و ح ص),ر.ب.و.ح.ص,,,,,5,duplicate_front|multiword_no_single_root|phrase_has_single_root_claim
1715,فِي هَذِهِ المَرْحَلَةِ المِفْصَلِيَّةِ الفِيزْيَائِيَّةِ لِلْغَايَةِ,at this extremely physical and pivotal stage,F-Ṣ-L-F-Z-Y (ف ص ل ف ز ی),ف.ص.ل.ف.ز,,,,,6,duplicate_front|multiword_no_single_root|phrase_has_single_root_claim
1716,بِدُونِ سَابِقِ تَعَهُّدٍ سِيَاسِيٍّ بِيُولُوجِيٍّ,without any prior biological political commitment,ʿ-H-D-B-Y-W (ع ہ د ب ی و),ع.د.ب.و,,,,,5,duplicate_front|multiword_no_single_root|phrase_has_single_root_claim
1717,مِنْ نَاحِيَةٍ تَنْظِيمِيَّةٍ تِكْنُولُوجِيَّةٍ مَنَاخِيَّةٍ صِرْفَةٍ عَمِيقَةٍ,from a purely deep organizational technological and climatic perspective,N-Ẓ-M-T-K-N-M-N-KH (ن ظ م ت ک ن م ن خ),ن.ظ.م.ت.ن.م.ن.خ,,,,,7,multiword_no_single_root|phrase_has_single_root_claim
1718,فِي المَدَى المَنْظُورِ القَرِيبِ المَلْمُوسِ fawran jiddan haalan tamaman mutlaqan nihaiyyan kulliyan jadriyyan kowniyyan sarmadiyyan khalidiyyan nuraniyyan malakutiyyan ruhaniyyan arshiyyan qudusiyyan nihaiyyan mahdan sarmadiyyan khalidiyyan nuraniyyan malakutiyyan ruhaniyyan arshiyyan qudusiyyan nihaiyyan mahdan sarmadiyyan khalidiyyan nuraniyyan malakutiyyan ruhaniyyan arshiyyan qudusiyyan nihaiyyan mahdan sarmadiyyan khalidiyyan nuraniyyan malakutiyyan ruhaniyyan arshiyyan qudusiyyan nihaiyyan mahdan sarmadiyyan khalidiyyan nuraniyyan malakutiyyan ruhaniyyan arshiyyan qudusiyyan nihaiyyan mahdan sarmadiyyan khalidiyyan nuraniyyan malakutiyyan ruhaniyyan arshiyyan qudusiyyan nihaiyyan mahdan sarmadiyyan khalidiyyan nuraniyyan malakutiyyan,celestially purely finally holily thronely spiritually purely finally spiritually celestially luminously eternally immortally holily thronely spiritually celestially luminously immortally eternally purely finally holily thronely spiritually celestially luminously immortally eternally purely finally holily thronely spiritually celestially luminously immortally eternally purely finally holily thronely spiritually celestially luminously immortally eternally purely finally holily thronely spiritually celestially luminously immortally eternally purely finally holily thronely spiritually celestially luminously immortally eternally universally radically totally finally absolutely completely very much bitter deadly unfortunately fleeting psychological considerations,N-F-S-ʿ-B-R-M-R-Q-T-SH-T-J-M-N-K-J-K-S-KH-N-M-R-ʿ-Q-N-M-S-KH-N-W-R-M-L-K-R-W-Ḥ-ʿ-R-SH-Q-D-S-N-H-Y-M-Ḥ-S-R-M-KH-L-N-W-R-M-L-K-R-W-Ḥ-ʿ-R-SH-Q-D-S-N-H-Y-M-Ḥ-S-R-M-KH-L-N-W-R-M-L-K-R-W-Ḥ-ʿ-R-SH-Q-D-S-N-H-Y-M-Ḥ-S-R-M-KH-L-N-W-R-M-L-K-R-W-Ḥ-ʿ-R-SH-Q-D-S-N-H-Y-M-Ḥ-S-R-M-KH-L-N-W-R-M-L-K-R-W-Ḥ-ʿ-R-SH-Q-D-S-N-H-Y-M-Ḥ-S-R-M-KH-L-N-W-R-M-L-K-R-W-Ḥ-ʿ-R-SH-Q-D-S-N-H-Y-M-Ḥ-S-R-M-KH-L-N-W-R-M-L-K (ن ف س ع ب ر م ر q ت ش ت ج م ن ک ج ک س خ ن م ر ع q ن م س خ ن و ر م ل ک ر و ح ع ر ش q د س ن ہ ی م ح س ر م خ ل ن و ر م ل ک ر و ح ع ر ش q د س n ہ ی م ح س ر م خ ل ن و ر م ل ک ر و ح ع ر ش q د س n ہ ی م ح س ر م خ ل ن و ر م ل ک ر و ح ع ر ش q د س n ہ ی م ح س ر م خ ل n و ر م ل ک ر و ح ع ر ش q د س n ہ ی م ح س ر م خ ل n و ر م ل ک ر و ح ع ر ش q د س n ہ ی م ح س ر م خ ل n و ر م ل ک),ن.ف.س.ع.ب.ر.م.ر.ت.ش.ت.ج.م.ن.ج.س.خ.ن.م.ر.ع.ن.م.س.خ.ن.و.ر.م.ل.ر.و.ح.ع.ر.ش.د.س.ن.م.ح.س.ر.م.خ.ل.ن.و.ر.م.ل.ر.و.ح.ع.ر.ش.د.س.م.ح.س.ر.م.خ.ل.ن.و.ر.م.ل.ر.و.ح.ع.ر.ش.د.س.م.ح.س.ر.م.خ.ل.ن.و.ر.م.ل.ر.و.ح.ع.ر.ش.د.س.م.ح.س.ر.م.خ.ل.و.ر.م.ل.ر.و.ح.ع.ر.ش.د.س.م.ح.س.ر.م.خ.ل.و.ر.م.ل.ر.و.ح.ع.ر.ش.د.س.م.ح.س.ر.م.خ.ل.و.ر.م.ل,,,,,72,multiword_no_single_root|phrase_has_single_root_claim
1719,عَلَى وَشْكِ التَّلاشِي الفَلَسَفِيِّ البِيُولُوجِيِّ الشَّامِلِ,on the verge of total philosophical and biological disappearance / death of truth-life,L-SH-Y-F-L-S-B-Y-W (ل ش ي ف ل س ب ی و),ل.ش.ي.ف.ل.س.ب.و,,,,,6,multiword_no_single_root|phrase_has_single_root_claim
1720,بِمَحْضِ تَقْدِيرِكَ العِلْمِيِّ المَنَاخِيِّ الإِحْصَائِيِّ,"at your own scientific, climatic and statistical discretion",ʿ-L-M-M-N-Ḥ-Ṣ (ع ل م م ن ح ص),ع.ل.م.م.ن.ح.ص,,,,,5,multiword_no_single_root|phrase_has_single_root_claim
1721,فِي حَالِ طَلَبِ التَّوْضِيحِ الفِيزْيَائِيِّ البِيُولُوجِيِّ العَمِيقِ لِلْغَايَةِ,in case extremely deep physical biological clarification is requested,F-Z-Y-B-Y-W-ʿ-L-M-G-H-Y (ف ز ی ب ی و ع ل م غ ی),ف.ز.ب.و.ع.ل.م.غ,,,,,8,multiword_no_single_root|phrase_has_single_root_claim
1722,عَلَى مَدَى الجِيالِ المُنْبَعِثَةِ مِنْ بَيْنِ الرُّكَامِ بَعْدَ الصَّبْرِ الجَمِيلِ جِدًّا تَمَامًا نِهَائِيًّا مُطْلَقًا كُلِّيًّا جَذْرِيًّا كَوْنِيًّا سَرْمَدِيًّا خَالِدِيًّا نُورَانِيًّا مَلَكُوتِيًّا رُوحَانِيًّا عَرْشِيًّا قُدُسِيًّا نِهَائِيًّا مَحْضًا سَرْمَدِيًّا خَالِدِيًّا نُورَانِيًّا مَلَكُوتِيًّا رُوحَانِيًّا عَرْشِيًّا قُدُسِيًّا نِهَائِيًّا مَحْضًا سَرْمَدِيًّا خَالِدِيًّا نُورَانِيًّا مَلَكُوتِيًّا رُوحَانِيًّا عَرْشِيًّا قُدُسِيًّا نِهَائِيًّا مَحْضًا سَرْمَدِيًّا خَالِدِيًّا نُورَانِيًّا مَلَكُوتِيًّا رُوحَانِيًّا عَرْشِيًّا قُدُسِيًّا نِهَائِيًّا مَحْضًا سَرْمَدِيًّا خَالِدِيًّا نُورَانِيًّا مَلَكُوتِيًّا رُوحَانِيًّا عَرْشِيًّا قُدُسِيًّا نِهَائِيًّا مَحْضًا سَرْمَدِيًّا خَالِدِيًّا نُورَانِيًّا مَلَكُوتِيًّا رُوحَانِيًّا عَرْشِيًّا قُدُسِيًّا نِهَائِيًّا مَحْضًا سَرْمَدِيًّا خَالِدِيًّا نُورَانِيًّا مَلَكُوتِيًّا رُوحَانِيًّا,over generations rising from the rubble after very beautiful patience completely finally absolutely totally radically universally eternally immortally luminously celestially spiritually thronely holily finally purely eternally immortally luminously celestially spiritually thronely holily finally purely eternally immortally luminously celestially spiritually thronely holily finally purely eternally immortally luminously celestially spiritually thronely holily finally purely eternally immortally luminously celestially spiritually thronely holily finally purely eternally immortally luminously celestially spiritually thronely holily finally purely eternally immortally luminously celestially spiritually,B-ʿ-TH-Ṣ-B-R-J-M-L-J-DH-R-K-W-N-S-R-M-KH-L-N-W-R-M-L-K-R-W-Ḥ-ʿ-R-SH-Q-D-S-N-H-Y-M-Ḥ-S-R-M-KH-L-N-W-R-M-L-K-R-W-Ḥ-ʿ-R-SH-Q-D-S-N-H-Y-M-Ḥ-S-R-M-KH-L-N-W-R-M-L-K-R-W-Ḥ-ʿ-R-SH-Q-D-S-N-H-Y-M-Ḥ-S-R-M-KH-L-N-W-R-M-L-K-R-W-Ḥ-ʿ-R-SH-Q-D-S-N-H-Y-M-Ḥ-S-R-M-KH-L-N-W-R-M-L-K-R-W-Ḥ-ʿ-R-SH-Q-D-S-N-H-Y-M-Ḥ-S-R-M-KH-L-N-W-R-M-L-K-R-W-Ḥ-ʿ-R-SH-Q-D-S-N-H-Y-M-Ḥ-S-R-M-KH-L-N-W-R-M-L-K-R-W-Ḥ (ب ع ث ص ب ر ج م ل ج ذ ر ک و ن س ر م خ ل ن و ر م ل ک ر و ح ع ر ش ق د س n ہ ی م ح س ر م خ ل ن و ر م ل ک ر و ح ع ر ش q د س n ہ ی م ح س ر م خ ل ن و ر م ل ک ر و ح ع ر ش q د س n ہ ی م ح س ر م خ ل ن و ر م ل ک ر و ح ع ر ش q د س n ہ ی م ح س ر م خ ل n و ر م ل ک ر و ح ع ر ش q د س n ہ ی م ح س ر م خ ل n و ر م ل ک ر و ح ع ر ش q د س n ہ ی م ح س ر م خ ل n و ر م ل ک ر و ح ع ر ش q د س n ہ ی م ح س ر م خ ل n و ر م ل ک ر و ح),ب.ع.ث.ص.ب.ر.ج.م.ل.ج.ذ.ر.و.ن.س.ر.م.خ.ل.ن.و.ر.م.ل.ر.و.ح.ع.ر.ش.ق.د.س.م.ح.س.ر.م.خ.ل.ن.و.ر.م.ل.ر.و.ح.ع.ر.ش.د.س.م.ح.س.ر.م.خ.ل.ن.و.ر.م.ل.ر.و.ح.ع.ر.ش.د.س.م.ح.س.ر.م.خ.ل.ن.و.ر.م.ل.ر.و.ح.ع.ر.ش.د.س.م.ح.س.ر.م.خ.ل.و.ر.م.ل.ر.و.ح.ع.ر.ش.د.س.م.ح.س.ر.م.خ.ل.و.ر.م.ل.ر.و.ح.ع.ر.ش.د.س.م.ح.س.ر.م.خ.ل.و.ر.م.ل.ر.و.ح.ع.ر.ش.د.س.م.ح.س.ر.م.خ.ل.و.ر.م.ل.ر.و.ح,,,,,76,multiword_no_single_root|phrase_has_single_root_claim
1723,بِغَرَضِ الاِسْتِمَالَةِ الإِحْصَائِيَّةِ الفِيزْيَائِيَّةِ التِّكْنُولُوجِيَّةِ,"for the purpose of statistical, physical and technological winning over / number-matter-machine-appeal",Ḥ-Ṣ-F-Z-Y-T-K-N (ح ص ف ز ی ت ک ن),ح.ص.ف.ز.ت.ن,,,,,5,multiword_no_single_root|phrase_has_single_root_claim
1724,فِي المَقَامِ المِائَةِ وَالثَّالِثِ,in the hundred and third place / hundred and thirdly,M-Y-A-W-TH-L (م ی ا و ث ل),م.ا.و.ث.ل,,,,,4,multiword_no_single_root|phrase_has_single_root_claim
1725,بِمَا لَا يَدَعُ مَجَالاً لِلتَّبَاينِ الفِيزْيَائِيِّ المَنَاخِيِّ,physical and climatic unified / leaving no room for matter-weather disparity,B-Y-N-F-Z-Y-M-N-KH (ب ی ن ف ز ی م ن خ),ب.ن.ف.ز.م.ن.خ,,,,,7,duplicate_front|multiword_no_single_root|phrase_has_single_root_claim
1726,مِنْ قُبَيْلِ المَصْلَحَةِ الاِسْتِرَاتِيجِيَّةِ التِّكْنُولُوجِيَّةِ البِيُولُوجِيَّةِ العَمِيقَةِ لِلْغَايَةِ,for the sake of extremely deep technological biological strategic interest,Ṣ-L-Ḥ-T-K-N-B-Y-W-G-H (ص ل ح ت ک ن ب ی و غ ہ),ص.ل.ح.ت.ن.ب.و.غ,,,,,8,multiword_no_single_root|phrase_has_single_root_claim
1727,مِنَ الصَّعْبِ تَفَادِي الوُقُوعِ فِي هَذَا الشَّرَاكِ البِيُولُوجِيِّ المَنَاخِيِّ,hard to avoid falling into this biological climatic web / life-weather trap,SH-R-K-B-Y-W-M-N-KH (ش ر ک ب ی و م ن خ),ش.ر.ب.و.م.ن.خ,,,,,9,duplicate_front|multiword_no_single_root|phrase_has_single_root_claim
1728,عَلَى نِطَاقٍ تَرْبَوِيٍّ فَلَسَفِيٍّ شَامِلٍ,on a comprehensive educational and philosophical scale,R-B-W-F-L-S (ر ب و ف ل s),ر.ب.و.ف.ل,,,,,5,duplicate_front|multiword_no_single_root|phrase_has_single_root_claim
1729,فِي هَذِهِ المَرْحَلَةِ المِفْصَلِيَّةِ البِيُولُوجِيَّةِ لِلْغَايَةِ,at this extremely biological and pivotal stage,F-Ṣ-L-B-Y-W (ف ص ل ب ی و),ف.ص.ل.ب.و,,,,,6,duplicate_front|multiword_no_single_root|phrase_has_single_root_claim
1730,بِدُونِ سَابِقِ تَعَهُّدٍ سِيَاسِيٍّ إِحْصَائِيٍّ,without any prior statistical political commitment,ʿ-H-D-Ḥ-Ṣ (ع ہ د ح ص),ع.د.ح.ص,,,,,5,duplicate_front|multiword_no_single_root|phrase_has_single_root_claim
1731,مِنْ نَاحِيَةٍ تَنْظِيمِيَّةٍ فِيزْيَائِيَّةٍ مَنَاخِيَّةٍ صِرْفَةٍ عَمِيقَةٍ,from a purely deep organizational physical and climatic perspective,N-Ẓ-M-F-Z-Y-M-N-KH (ن ظ م ف ز ی م ن خ),ن.ظ.م.ف.ز.م.ن.خ,,,,,7,duplicate_front|multiword_no_single_root|phrase_has_single_root_claim
1732,فِي المَدَى المَنْظُورِ القَرِيبِ المَلْمُوسِ fawran jiddan haalan tamaman mutlaqan nihaiyyan kulliyan jadriyyan kowniyyan sarmadiyyan khalidiyyan nuraniyyan malakutiyyan ruhaniyyan arshiyyan qudusiyyan nihaiyyan mahdan sarmadiyyan khalidiyyan nuraniyyan malakutiyyan ruhaniyyan arshiyyan qudusiyyan nihaiyyan mahdan sarmadiyyan khalidiyyan nuraniyyan malakutiyyan ruhaniyyan arshiyyan qudusiyyan nihaiyyan mahdan sarmadiyyan khalidiyyan nuraniyyan malakutiyyan ruhaniyyan arshiyyan qudusiyyan nihaiyyan mahdan sarmadiyyan khalidiyyan nuraniyyan malakutiyyan ruhaniyyan arshiyyan qudusiyyan nihaiyyan mahdan sarmadiyyan khalidiyyan nuraniyyan malakutiyyan ruhaniyyan arshiyyan qudusiyyan nihaiyyan mahdan sarmadiyyan khalidiyyan nuraniyyan malakutiyyan ruhaniyyan arshiyyan qudusiyyan nihaiyyan mahdan sarmadiyyan khalidiyyan nuraniyyan malakutiyyan ruhaniyyan,spiritually purely finally holily thronely spiritually purely finally spiritually celestially luminously eternally immortally holily thronely spiritually celestially luminously immortally eternally purely finally holily thronely spiritually celestially luminously immortally eternally purely finally holily thronely spiritually celestially luminously immortally eternally purely finally holily thronely spiritually celestially luminously immortally eternally purely finally holily thronely spiritually celestially luminously immortally eternally purely finally holily thronely spiritually celestially luminously immortally eternally purely finally holily thronely spiritually celestially luminously immortally eternally universally radically totally finally absolutely completely very much bitter deadly unfortunately fleeting psychological considerations,N-F-S-ʿ-B-R-M-R-Q-T-SH-T-J-M-N-K-J-K-S-KH-N-M-R-ʿ-Q-N-M-S-KH-N-W-R-M-L-K-R-W-Ḥ-ʿ-R-SH-Q-D-S-N-H-Y-M-Ḥ-S-R-M-KH-L-N-W-R-M-L-K-R-W-Ḥ-ʿ-R-SH-Q-D-S-N-H-Y-M-Ḥ-S-R-M-KH-L-N-W-R-M-L-K-R-W-Ḥ-ʿ-R-SH-Q-D-S-N-H-Y-M-Ḥ-S-R-M-KH-L-N-W-R-M-L-K-R-W-Ḥ-ʿ-R-SH-Q-D-S-N-H-Y-M-Ḥ-S-R-M-KH-L-N-W-R-M-L-K-R-W-Ḥ-ʿ-R-SH-Q-D-S-N-H-Y-M-Ḥ-S-R-M-KH-L-N-W-R-M-L-K-R-W-Ḥ-ʿ-R-SH-Q-D-S-N-H-Y-M-Ḥ-S-R-M-KH-L-N-W-R-M-L-K-R-W-Ḥ-ʿ-R-SH-Q-D-S-N-H-Y-M-Ḥ-S-R-M-KH-L-N-W-R-M-L-K-R-W-Ḥ (ن ف س ع ب ر م ر q ت ش ت ج م ن ک ج ک س خ ن م ر ع q ن م س خ ن و ر م ل ک ر و ح ع ر ش q د س ن ہ ی م ح س ر م خ ل ن و ر م ل ک ر و ح ع ر ش q د س ن ہ ی م ح س ر م خ ل ن و ر م ل ک ر و ح ع ر ش q د س ن ہ ی م ح س ر م خ ل ن و ر م ل ک ر و ح ع ر ش q د س n ہ ی م ح س ر م خ ل n و ر م ل ک ر و ح ع ر ش q د س n ہ ی م ح س ر م خ ل n و ر م ل ک ر و ح ع ر ش q د س n ہ ی م ح س ر م خ ل n و ر م ل ک ر و ح ع ر ش q د س n ہ ی م ر و ح),ن.ف.س.ع.ب.ر.م.ر.ت.ش.ت.ج.م.ن.ج.س.خ.ن.م.ر.ع.ن.م.س.خ.ن.و.ر.م.ل.ر.و.ح.ع.ر.ش.د.س.ن.م.ح.س.ر.م.خ.ل.ن.و.ر.م.ل.ر.و.ح.ع.ر.ش.د.س.ن.م.ح.س.ر.م.خ.ل.ن.و.ر.م.ل.ر.و.ح.ع.ر.ش.د.س.ن.م.ح.س.ر.م.خ.ل.ن.و.ر.م.ل.ر.و.ح.ع.ر.ش.د.س.م.ح.س.ر.م.خ.ل.و.ر.م.ل.ر.و.ح.ع.ر.ش.د.س.م.ح.س.ر.م.خ.ل.و.ر.م.ل.ر.و.ح.ع.ر.ش.د.س.م.ح.س.ر.م.خ.ل.و.ر.م.ل.ر.و.ح.ع.ر.ش.د.س.م.ر.و.ح,,,,,82,multiword_no_single_root|phrase_has_single_root_claim
1733,عَلَى وَشْكِ التَّلاشِي البِيُولُوجِيِّ الإِحْصَائِيِّ الشَّامِلِ,on the verge of total biological and statistical disappearance / death of life-number,L-SH-Y-B-Y-W-Ḥ-Ṣ (ل ش ي ب ی و ح ص),ل.ش.ي.ب.و.ح.ص,,,,,6,duplicate_front|multiword_no_single_root|phrase_has_single_root_claim
1734,بِمَحْضِ تَقْدِيرِكَ العِلْمِيِّ الإِحْصَائِيِّ التِّكْنُولُوجِيِّ,"at your own scientific, statistical and technological discretion",ʿ-L-M-Ḥ-Ṣ-T-K-N (ع ل م ح ص ت ک ن),ع.ل.م.ح.ص.ت.ن,,,,,5,duplicate_front|multiword_no_single_root|phrase_has_single_root_claim
1735,فِي حَالِ طَلَبِ التَّوْضِيحِ الفِيزْيَائِيِّ المَنَاخِيِّ العَمِيقِ لِلْغَايَةِ,in case extremely deep physical climatic clarification is requested,F-Z-Y-M-N-KH-ʿ-L-M-G-H-Y (ف ز ی م ن خ ع ل م غ ی),ف.ز.م.ن.خ.ع.ل.م.غ,,,,,8,duplicate_front|multiword_no_single_root|phrase_has_single_root_claim
1736,عَلَى مَدَى الجِيالِ المُنْبَعِثَةِ مِنْ بَيْنِ الرُّكَامِ بَعْدَ الصَّبْرِ الجَمِيلِ جِدًّا تَمَامًا نِهَائِيًّا مُطْلَقًا كُلِّيًّا جَذْرِيًّا كَوْنِيًّا سَرْمَدِيًّا خَالِدِيًّا نُورَانِيًّا مَلَكُوتِيًّا رُوحَانِيًّا عَرْشِيًّا قُدُسِيًّا نِهَائِيًّا مَحْضًا سَرْمَدِيًّا خَالِدِيًّا نُورَانِيًّا مَلَكُوتِيًّا رُوحَانِيًّا عَرْشِيًّا قُدُسِيًّا نِهَائِيًّا مَحْضًا سَرْمَدِيًّا خَالِدِيًّا نُورَانِيًّا مَلَكُوتِيًّا رُوحَانِيًّا عَرْشِيًّا قُدُسِيًّا نِهَائِيًّا مَحْضًا سَرْمَدِيًّا خَالِدِيًّا نُورَانِيًّا مَلَكُوتِيًّا رُوحَانِيًّا عَرْشِيًّا قُدُسِيًّا نِهَائِيًّا مَحْضًا سَرْمَدِيًّا خَالِدِيًّا نُورَانِيًّا مَلَكُوتِيًّا رُوحَانِيًّا عَرْشِيًّا قُدُسِيًّا نِهَائِيًّا مَحْضًا سَرْمَدِيًّا خَالِدِيًّا نُورَانِيًّا مَلَكُوتِيًّا رُوحَانِيًّا عَرْشِيًّا قُدُسِيًّا نِهَائِيًّا مَحْضًا سَرْمَدِيًّا خَالِدِيًّا نُورَانِيًّا مَلَكُوتِيًّا رُوحَانِيًّا عَرْشِيًّا,over generations rising from the rubble after very beautiful patience completely finally absolutely totally radically universally eternally immortally luminously celestially spiritually thronely holily finally purely eternally immortally luminously celestially spiritually thronely holily finally purely eternally immortally luminously celestially spiritually thronely holily finally purely eternally immortally luminously celestially spiritually thronely holily finally purely eternally immortally luminously celestially spiritually thronely holily finally purely eternally immortally luminously celestially spiritually thronely holily finally purely eternally immortally luminously celestially spiritually thronely,B-ʿ-TH-Ṣ-B-R-J-M-L-J-DH-R-K-W-N-S-R-M-KH-L-N-W-R-M-L-K-R-W-Ḥ-ʿ-R-SH-Q-D-S-N-H-Y-M-Ḥ-S-R-M-KH-L-N-W-R-M-L-K-R-W-Ḥ-ʿ-R-SH-Q-D-S-N-H-Y-M-Ḥ-S-R-M-KH-L-N-W-R-M-L-K-R-W-Ḥ-ʿ-R-SH-Q-D-S-N-H-Y-M-Ḥ-S-R-M-KH-L-N-W-R-M-L-K-R-W-Ḥ-ʿ-R-SH-Q-D-S-N-H-Y-M-Ḥ-S-R-M-KH-L-N-W-R-M-L-K-R-W-Ḥ-ʿ-R-SH-Q-D-S-N-H-Y-M-Ḥ-S-R-M-KH-L-N-W-R-M-L-K-R-W-Ḥ-ʿ-R-SH-Q-D-S-N-H-Y-M-Ḥ-S-R-M-KH-L-N-W-R-M-L-K-R-W-Ḥ-ʿ-R-SH (ب ع ث ص ب ر ج م ل ج ذ ر ک و ن س ر م خ ل ن و ر م ل ک ر و ح ع ر ش ق د س n ہ ی م ح س ر م خ ل ن و ر م ل ک ر و ح ع ر ش q د س n ہ ی م ح س ر م خ ل ن و ر م ل ک ر و ح ع ر ش q د س n ہ ی م ح س ر م خ ل ن و ر م ل ک ر و ح ع ر ش q د س n ہ ی م ح س ر م خ ل n و ر م ل ک ر و ح ع ر ش q د س n ہ ی م ح س ر م خ ل n و ر م ل ک ر و ح ع ر ش q د س n ہ ی م ح س ر م خ ل n و ر م ل ک ر و ح ع ر ش q د س n ہ ی م ع ر ش),ب.ع.ث.ص.ب.ر.ج.م.ل.ج.ذ.ر.و.ن.س.ر.م.خ.ل.ن.و.ر.م.ل.ر.و.ح.ع.ر.ش.ق.د.س.م.ح.س.ر.م.خ.ل.ن.و.ر.م.ل.ر.و.ح.ع.ر.ش.د.س.م.ح.س.ر.م.خ.ل.ن.و.ر.م.ل.ر.و.ح.ع.ر.ش.د.س.م.ح.س.ر.م.خ.ل.ن.و.ر.م.ل.ر.و.ح.ع.ر.ش.د.س.م.ح.س.ر.م.خ.ل.و.ر.م.ل.ر.و.ح.ع.ر.ش.د.س.م.ح.س.ر.م.خ.ل.و.ر.م.ل.ر.و.ح.ع.ر.ش.د.س.م.ح.س.ر.م.خ.ل.و.ر.م.ل.ر.و.ح.ع.ر.ش.د.س.م.ع.ر.ش,,,,,77,multiword_no_single_root|phrase_has_single_root_claim
1737,بِغَرَضِ الاِسْتِمَالَةِ الفِيزْيَائِيَّةِ التِّكْنُولُوجِيَّةِ المَنَاخِيَّةِ,"for the purpose of physical, technological and climatic winning over / matter-machine-weather-appeal",F-Z-Y-T-K-N-M-N-KH (ف ز ی ت ک ن م ن خ),ف.ز.ت.ن.م.ن.خ,,,,,5,duplicate_front|multiword_no_single_root|phrase_has_single_root_claim
1738,فِي المَقَامِ المِائَةِ وَالرَّابِعِ,in the hundred and fourth place / hundred and fourthly,M-Y-A-W-R-B-ʿ (م ی ا و ر ب ع),م.ا.و.ر.ب.ع,,,,,4,multiword_no_single_root|phrase_has_single_root_claim
1739,بِمَا لَا يَدَعُ مَجَالاً لِلتَّبَاينِ التِّكْنُولُوجِيِّ البِيُولُوجِيِّ,technological and biological unified / leaving no room for machine-life disparity,B-Y-N-T-K-N-B-Y-W (ب ی ن ت ک ن ب ی و),ب.ن.ت.ن.ب.و,,,,,7,multiword_no_single_root|phrase_has_single_root_claim
1740,مِنْ قُبَيْلِ المَصْلَحَةِ الاِسْتِرَاتِيجِيَّةِ الإِحْصَائِيَّةِ المَنَاخِيَّةِ العَمِيقَةِ لِلْغَايَةِ,for the sake of extremely deep statistical climatic strategic interest,Ṣ-L-Ḥ-Ḥ-Ṣ-M-N-KH-G-H (ص ل ح ح ص م ن خ غ ہ),ص.ل.ح.ح.ص.م.ن.خ.غ,,,,,8,duplicate_front|multiword_no_single_root|phrase_has_single_root_claim
1741,مِنَ الصَّعْبِ تَفَادِي الوُقُوعِ فِي هَذَا الشَّرَاكِ الفَلَسَفِيِّ التِّكْنُولُوجِيِّ,hard to avoid falling into this philosophical technological web / truth-machine trap,SH-R-K-F-L-S-T-K-N (ش ر ک ف ل س ت ک ن),ش.ر.ف.ل.س.ت.ن,,,,,9,multiword_no_single_root|phrase_has_single_root_claim
1742,عَلَى نِطَاقٍ تَرْبَوِيٍّ فِيزْيَائِيٍّ شَامِلٍ,on a comprehensive educational and physical scale,R-B-W-F-Z-Y (ر ب و ف ز ی),ر.ب.و.ف.ز,,,,,5,duplicate_front|multiword_no_single_root|phrase_has_single_root_claim
1743,فِي هَذِهِ المَرْحَلَةِ المِفْصَلِيَّةِ المَنَاخِيَّةِ لِلْغَايَةِ,at this extremely climatic and pivotal stage,F-Ṣ-L-M-N-KH (ف ص ل م ن خ),ف.ص.ل.م.ن.خ,,,,,6,duplicate_front|multiword_no_single_root|phrase_has_single_root_claim
1744,بِدُونِ سَابِقِ تَعَهُّدٍ سِيَاسِيٍّ فَلَسَفِيٍّ,without any prior philosophical political commitment,ʿ-H-D-F-L-S (ع ہ د ف ل س),ع.د.ف.ل.س,,,,,5,duplicate_front|multiword_no_single_root|phrase_has_single_root_claim
1745,مِنْ نَاحِيَةٍ تَنْظِيمِيَّةٍ بِيُولُوجِيَّةٍ إِحْصَائِيَّةٍ صِرْفَةٍ عَمِيقَةٍ,from a purely deep organizational biological and statistical perspective,N-Ẓ-M-B-Y-W-Ḥ-Ṣ (ن ظ م ب ی و ح ص),ن.ظ.م.ب.و.ح.ص,,,,,7,duplicate_front|multiword_no_single_root|phrase_has_single_root_claim
1746,فِي المَدَى المَنْظُورِ القَرِيبِ المَلْمُوسِ fawran jiddan haalan tamaman mutlaqan nihaiyyan kulliyan jadriyyan kowniyyan sarmadiyyan khalidiyyan nuraniyyan malakutiyyan ruhaniyyan arshiyyan qudusiyyan nihaiyyan mahdan sarmadiyyan khalidiyyan nuraniyyan malakutiyyan ruhaniyyan arshiyyan qudusiyyan nihaiyyan mahdan sarmadiyyan khalidiyyan nuraniyyan malakutiyyan ruhaniyyan arshiyyan qudusiyyan nihaiyyan mahdan sarmadiyyan khalidiyyan nuraniyyan malakutiyyan ruhaniyyan arshiyyan qudusiyyan nihaiyyan mahdan sarmadiyyan khalidiyyan nuraniyyan malakutiyyan ruhaniyyan arshiyyan qudusiyyan nihaiyyan mahdan sarmadiyyan khalidiyyan nuraniyyan malakutiyyan ruhaniyyan arshiyyan qudusiyyan nihaiyyan mahdan sarmadiyyan khalidiyyan nuraniyyan malakutiyyan ruhaniyyan arshiyyan qudusiyyan nihaiyyan mahdan sarmadiyyan khalidiyyan nuraniyyan malakutiyyan ruhaniyyan arshiyyan,thronely purely finally holily thronely spiritually purely finally spiritually celestially luminously eternally immortally holily thronely spiritually celestially luminously immortally eternally purely finally holily thronely spiritually celestially luminously immortally eternally purely finally holily thronely spiritually celestially luminously immortally eternally purely finally holily thronely spiritually celestially luminously immortally eternally purely finally holily thronely spiritually celestially luminously immortally eternally purely finally holily thronely spiritually celestially luminously immortally eternally purely finally holily thronely spiritually celestially luminously immortally eternally universally radically totally finally absolutely completely very much bitter deadly unfortunately fleeting psychological considerations,N-F-S-ʿ-B-R-M-R-Q-T-SH-T-J-M-N-K-J-K-S-KH-N-M-R-ʿ-Q-N-M-S-KH-N-W-R-M-L-K-R-W-Ḥ-ʿ-R-SH-Q-D-S-N-H-Y-M-Ḥ-S-R-M-KH-L-N-W-R-M-L-K-R-W-Ḥ-ʿ-R-SH-Q-D-S-N-H-Y-M-Ḥ-S-R-M-KH-L-N-W-R-M-L-K-R-W-Ḥ-ʿ-R-SH-Q-D-S-N-H-Y-M-Ḥ-S-R-M-KH-L-N-W-R-M-L-K-R-W-Ḥ-ʿ-R-SH-Q-D-S-N-H-Y-M-Ḥ-S-R-M-KH-L-N-W-R-M-L-K-R-W-Ḥ-ʿ-R-SH-Q-D-S-N-H-Y-M-Ḥ-S-R-M-KH-L-N-W-R-M-L-K-R-W-Ḥ-ʿ-R-SH-Q-D-S-N-H-Y-M-Ḥ-S-R-M-KH-L-N-W-R-M-L-K-R-W-Ḥ-ʿ-R-SH (ن ف س ع ب ر م ر q ت ش ت ج م ن ک ج ک س خ ن م ر ع q ن م س خ ن و ر م ل ک ر و ح ع ر ش q د س ن ہ ی م ح س ر م خ ل ن و ر م ل ک ر و ح ع ر ش q د س n ہ ی م ح س ر م خ ل ن و ر م ل ک ر و ح ع ر ش q د س n ہ ی م ح س ر م خ ل ن و ر م ل ک ر و ح ع ر ش q د س n ہ ی م ح س ر م خ ل n و ر م ل ک ر و ح ع ر ش q د س n ہ ی م ح س ر م خ ل n و ر م ل ک ر و ح ع ر ش q د س n ہ ی م ح س ر م خ ل n و ر م ل ک ر و ح ع ر ش q د س n ہ ی م ع ر ش),ن.ف.س.ع.ب.ر.م.ر.ت.ش.ت.ج.م.ن.ج.س.خ.ن.م.ر.ع.ن.م.س.خ.ن.و.ر.م.ل.ر.و.ح.ع.ر.ش.د.س.ن.م.ح.س.ر.م.خ.ل.ن.و.ر.م.ل.ر.و.ح.ع.ر.ش.د.س.م.ح.س.ر.م.خ.ل.ن.و.ر.م.ل.ر.و.ح.ع.ر.ش.د.س.م.ح.س.ر.م.خ.ل.ن.و.ر.م.ل.ر.و.ح.ع.ر.ش.د.س.م.ح.س.ر.م.خ.ل.و.ر.م.ل.ر.و.ح.ع.ر.ش.د.س.م.ح.س.ر.م.خ.ل.و.ر.م.ل.ر.و.ح.ع.ر.ش.د.س.م.ح.س.ر.م.خ.ل.و.ر.م.ل.ر.و.ح.ع.ر.ش.د.س.م.ع.ر.ش,,,,,83,multiword_no_single_root|phrase_has_single_root_claim
1747,عَلَى وَشْكِ التَّلاشِي الفَلَسَفِيِّ التِّكْنُولُوجِيِّ الشَّامِلِ,on the verge of total philosophical and technological disappearance / death of truth-machine,L-SH-Y-F-L-S-T-K-N (ل ش ي ف ل س ت ک ن),ل.ش.ي.ف.ل.س.ت.ن,,,,,6,multiword_no_single_root|phrase_has_single_root_claim
1748,بِمَحْضِ تَقْدِيرِكَ العِلْمِيِّ الفِيزْيَائِيِّ المَنَاخِيِّ,"at your own scientific, physical and climatic discretion",ʿ-L-M-F-Z-Y-M-N-KH (ع ل م ف ز ی م ن خ),ع.ل.م.ف.ز.م.ن.خ,,,,,5,duplicate_front|multiword_no_single_root|phrase_has_single_root_claim
1749,فِي حَالِ طَلَبِ التَّوْضِيحِ البِيُولُوجِيِّ الإِحْصَائِيِّ العَمِيقِ لِلْغَايَةِ,in case extremely deep biological statistical clarification is requested,B-Y-W-Ḥ-Ṣ-ʿ-L-M-G-H-Y (ب ی و ح ص ع ل م غ ی),ب.و.ح.ص.ع.ل.م.غ,,,,,8,duplicate_front|multiword_no_single_root|phrase_has_single_root_claim
1750,عَلَى مَدَى الجِيالِ المُنْبَعِثَةِ مِنْ بَيْنِ الرُّكَامِ بَعْدَ الصَّبْرِ الجَمِيلِ جِدًّا تَمَامًا نِهَائِيًّا مُطْلَقًا كُلِّيًّا جَذْرِيًّا كَوْنِيًّا سَرْمَدِيًّا خَالِدِيًّا نُورَانِيًّا مَلَكُوتِيًّا رُوحَانِيًّا عَرْشِيًّا قُدُسِيًّا نِهَائِيًّا مَحْضًا سَرْمَدِيًّا خَالِدِيًّا نُورَانِيًّا مَلَكُوتِيًّا رُوحَانِيًّا عَرْشِيًّا قُدُسِيًّا نِهَائِيًّا مَحْضًا سَرْمَدِيًّا خَالِدِيًّا نُورَانِيًّا مَلَكُوتِيًّا رُوحَانِيًّا عَرْشِيًّا قُدُسِيًّا نِهَائِيًّا مَحْضًا سَرْمَدِيًّا خَالِدِيًّا نُورَانِيًّا مَلَكُوتِيًّا رُوحَانِيًّا عَرْشِيًّا قُدُسِيًّا نِهَائِيًّا مَحْضًا سَرْمَدِيًّا خَالِدِيًّا نُورَانِيًّا مَلَكُوتِيًّا رُوحَانِيًّا عَرْشِيًّا قُدُسِيًّا نِهَائِيًّا مَحْضًا سَرْمَدِيًّا خَالِدِيًّا نُورَانِيًّا مَلَكُوتِيًّا رُوحَانِيًّا عَرْشِيًّا قُدُسِيًّا نِهَائِيًّا مَحْضًا سَرْمَدِيًّا خَالِدِيًّا نُورَانِيًّا مَلَكُوتِيًّا رُوحَانِيًّا عَرْشِيًّا قُدُسِيًّا,over generations rising from the rubble after very beautiful patience completely finally absolutely totally radically universally eternally immortally luminously celestially spiritually thronely holily finally purely eternally immortally luminously celestially spiritually thronely holily finally purely eternally immortally luminously celestially spiritually thronely holily finally purely eternally immortally luminously celestially spiritually thronely holily finally purely eternally immortally luminously celestially spiritually thronely holily finally purely eternally immortally luminously celestially spiritually thronely holily finally purely eternally immortally luminously celestially spiritually thronely holily,B-ʿ-TH-Ṣ-B-R-J-M-L-J-DH-R-K-W-N-S-R-M-KH-L-N-W-R-M-L-K-R-W-Ḥ-ʿ-R-SH-Q-D-S-N-H-Y-M-Ḥ-S-R-M-KH-L-N-W-R-M-L-K-R-W-Ḥ-ʿ-R-SH-Q-D-S-N-H-Y-M-Ḥ-S-R-M-KH-L-N-W-R-M-L-K-R-W-Ḥ-ʿ-R-SH-Q-D-S-N-H-Y-M-Ḥ-S-R-M-KH-L-N-W-R-M-L-K-R-W-Ḥ-ʿ-R-SH-Q-D-S-N-H-Y-M-Ḥ-S-R-M-KH-L-N-W-R-M-L-K-R-W-Ḥ-ʿ-R-SH-Q-D-S-N-H-Y-M-Ḥ-S-R-M-KH-L-N-W-R-M-L-K-R-W-Ḥ-ʿ-R-SH-Q-D-S-N-H-Y-M-Ḥ-S-R-M-KH-L-N-W-R-M-L-K-R-W-Ḥ-ʿ-R-SH-Q-D-S-N-H-Y-M-Ḥ-S-R-M-KH-L-N-W-R-M-L-K-R-W-Ḥ-ʿ-R-SH-Q-D-S (ب ع ث ص ب ر ج م ل ج ذ ر ک و ن س ر م خ ل ن و ر م ل ک ر و ح ع ر ش ق د س n ہ ی م ح س ر م خ ل ن و ر م ل ک ر و ح ع ر ش q د س n ہ ی م ح س ر م خ ل ن و ر م ل ک ر و ح ع ر ش q د س n ہ ی م ح س ر م خ ل ن و ر م ل ک ر و ح ع ر ش q د س n ہ ی م ح س ر م خ ل n و ر م ل ک ر و ح ع ر ش q د س n ہ ی م ح س ر م خ ل n و ر م ل ک ر و ح ع ر ش q د س n ہ ی م ح س ر م خ ل n و ر م ل ک ر و ح ع ر ش q د س n ہ ی م ق د س),ب.ع.ث.ص.ب.ر.ج.م.ل.ج.ذ.ر.و.ن.س.ر.م.خ.ل.ن.و.ر.م.ل.ر.و.ح.ع.ر.ش.ق.د.س.م.ح.س.ر.م.خ.ل.ن.و.ر.م.ل.ر.و.ح.ع.ر.ش.د.س.م.ح.س.ر.م.خ.ل.ن.و.ر.م.ل.ر.و.ح.ع.ر.ش.د.س.م.ح.س.ر.م.خ.ل.ن.و.ر.م.ل.ر.و.ح.ع.ر.ش.د.س.م.ح.س.ر.م.خ.ل.و.ر.م.ل.ر.و.ح.ع.ر.ش.د.س.م.ح.س.ر.م.خ.ل.و.ر.م.ل.ر.و.ح.ع.ر.ش.د.س.م.ح.س.ر.م.خ.ل.و.ر.م.ل.ر.و.ح.ع.ر.ش.د.س.م.ق.د.س,,,,,78,multiword_no_single_root|phrase_has_single_root_claim
1751,بِغَرَضِ الاِسْتِمَالَةِ التِّكْنُولُوجِيَّةِ المَنَاخِيَّةِ الإِحْصَائِيَّةِ,"for the purpose of technological, climatic and statistical winning over / machine-weather-number-appeal",T-K-N-M-N-KH-Ḥ-Ṣ (ت ک ن م ن خ ح ص),ت.ن.م.ن.خ.ح.ص,,,,,5,multiword_no_single_root|phrase_has_single_root_claim
1752,فِي المَقَامِ المِائَةِ وَالخَامِسِ,in the hundred and fifth place / hundred and fifthly,M-Y-A-W-KH-M (م ی ا و خ م),م.ا.و.خ.م,,,,,4,multiword_no_single_root|phrase_has_single_root_claim
1753,بِمَا لَا يَدَعُ مَجَالاً لِلتَّبَاينِ البِيُولُوجِيِّ الإِحْصَائِيِّ,biological and statistical unified / leaving no room for life-number disparity,B-Y-N-B-Y-W-Ḥ-Ṣ (ب ی ن ب ی و ح ص),ب.ن.ب.و.ح.ص,,,,,7,duplicate_front|multiword_no_single_root|phrase_has_single_root_claim
1754,مِنْ قُبَيْلِ المَصْلَحَةِ الاِسْتِرَاتِيجِيَّةِ المَنَاخِيَّةِ الفِيزْيَائِيَّةِ العَمِيقَةِ لِلْغَايَةِ,for the sake of extremely deep climatic physical strategic interest,Ṣ-L-Ḥ-M-N-KH-F-Z-Y-G-H (ص ل ح م ن خ ف ز ی غ ہ),ص.ل.ح.م.ن.خ.ف.ز.غ,,,,,8,duplicate_front|multiword_no_single_root|phrase_has_single_root_claim
1755,مِنَ الصَّعْبِ تَفَادِي الوُقُوعِ فِي هَذَا الشَّرَاكِ الإِحْصَائِيِّ المَنَاخِيِّ,hard to avoid falling into this statistical climatic web / number-weather trap,SH-R-K-Ḥ-Ṣ-M-N-KH (ش ر ک ح ص م ن خ),ش.ر.ح.ص.م.ن.خ,,,,,9,duplicate_front|multiword_no_single_root|phrase_has_single_root_claim
1756,عَلَى نِطَاقٍ تَرْبَوِيٍّ تِكْنُولُوجِيٍّ شَامِلٍ,on a comprehensive educational and technological scale,R-B-W-T-K-N (ر ب و ت ک ن),ر.ب.و.ت.ن,,,,,5,duplicate_front|multiword_no_single_root|phrase_has_single_root_claim
1757,فِي هَذِهِ المَرْحَلَةِ المِفْصَلِيَّةِ الإِحْصَائِيَّةِ لِلْغَايَةِ,at this extremely statistical and pivotal stage,F-Ṣ-L-Ḥ-Ṣ (ف ص ل ح ص),ف.ص.ل.ح.ص,,,,,6,duplicate_front|multiword_no_single_root|phrase_has_single_root_claim
1758,بِدُونِ سَابِقِ تَعَهُّدٍ سِيَاسِيٍّ مَنَاخِيٍّ,without any prior climatic political commitment,ʿ-H-D-M-N-KH (ع ہ د م ن خ),ع.د.م.ن.خ,,,,,5,duplicate_front|multiword_no_single_root|phrase_has_single_root_claim
1759,مِنْ نَاحِيَةٍ تَنْظِيمِيَّةٍ فَلَسَفِيَّةٍ بِيُولُوجِيَّةٍ صِرْفَةٍ عَمِيقَةٍ,from a purely deep organizational philosophical and biological perspective,N-Ẓ-M-F-L-S-B-Y-W (ن ظ م ف ل س ب ی و),ن.ظ.م.ف.ل.س.ب.و,,,,,7,duplicate_front|multiword_no_single_root|phrase_has_single_root_claim
1760,فِي المَدَى المَنْظُورِ القَرِيبِ المَلْمُوسِ fawran jiddan haalan tamaman mutlaqan nihaiyyan kulliyan jadriyyan kowniyyan sarmadiyyan khalidiyyan nuraniyyan malakutiyyan ruhaniyyan arshiyyan qudusiyyan nihaiyyan mahdan sarmadiyyan khalidiyyan nuraniyyan malakutiyyan ruhaniyyan arshiyyan qudusiyyan nihaiyyan mahdan sarmadiyyan khalidiyyan nuraniyyan malakutiyyan ruhaniyyan arshiyyan qudusiyyan nihaiyyan mahdan sarmadiyyan khalidiyyan nuraniyyan malakutiyyan ruhaniyyan arshiyyan qudusiyyan nihaiyyan mahdan sarmadiyyan khalidiyyan nuraniyyan malakutiyyan ruhaniyyan arshiyyan qudusiyyan nihaiyyan mahdan sarmadiyyan khalidiyyan nuraniyyan malakutiyyan ruhaniyyan arshiyyan qudusiyyan nihaiyyan mahdan sarmadiyyan khalidiyyan nuraniyyan malakutiyyan ruhaniyyan arshiyyan qudusiyyan nihaiyyan mahdan sarmadiyyan khalidiyyan nuraniyyan malakutiyyan ruhaniyyan arshiyyan qudusiyyan,holily purely finally holily thronely spiritually purely finally spiritually celestially luminously eternally immortally holily thronely spiritually celestially luminously immortally eternally purely finally holily thronely spiritually celestially luminously immortally eternally purely finally holily thronely spiritually celestially luminously immortally eternally purely finally holily thronely spiritually celestially luminously immortally eternally purely finally holily thronely spiritually celestially luminously immortally eternally purely finally holily thronely spiritually celestially luminously immortally eternally purely finally holily thronely spiritually celestially luminously immortally eternally universally radically totally finally absolutely completely very much bitter deadly unfortunately fleeting psychological considerations,N-F-S-ʿ-B-R-M-R-Q-T-SH-T-J-M-N-K-J-K-S-KH-N-M-R-ʿ-Q-N-M-S-KH-N-W-R-M-L-K-R-W-Ḥ-ʿ-R-SH-Q-D-S-N-H-Y-M-Ḥ-S-R-M-KH-L-N-W-R-M-L-K-R-W-Ḥ-ʿ-R-SH-Q-D-S-N-H-Y-M-Ḥ-S-R-M-KH-L-N-W-R-M-L-K-R-W-Ḥ-ʿ-R-SH-Q-D-S-N-H-Y-M-Ḥ-S-R-M-KH-L-N-W-R-M-L-K-R-W-Ḥ-ʿ-R-SH-Q-D-S-N-H-Y-M-Ḥ-S-R-M-KH-L-N-W-R-M-L-K-R-W-Ḥ-ʿ-R-SH-Q-D-S-N-H-Y-M-Ḥ-S-R-M-KH-L-N-W-R-M-L-K-R-W-Ḥ-ʿ-R-SH-Q-D-S-N-H-Y-M-Ḥ-S-R-M-KH-L-N-W-R-M-L-K-R-W-Ḥ-ʿ-R-SH-Q-D-S (ن ف س ع ب ر م ر q ت ش ت ج م ن ک ج ک س خ ن م ر ع q ن م س خ ن و ر م ل ک ر و ح ع ر ش q د س ن ہ ی م ح س ر م خ ل ن و ر م ل ک ر و ح ع ر ش q د س n ہ ی م ح س ر م خ ل ن و ر م ل ک ر و ح ع ر ش q د س n ہ ی م ح س ر م خ ل ن و ر م ل ک ر و ح ع ر ش q د س n ہ ی م ح س ر م خ ل n و ر م ل ک ر و ح ع ر ش q د س n ہ ی م ح س ر م خ ل n و ر م ل ک ر و ح ع ر ش q د س n ہ ی م ح س ر م خ ل n و ر م ل ک ر و ح ع ر ش q د س n ہ ی م ق د س),ن.ف.س.ع.ب.ر.م.ر.ت.ش.ت.ج.م.ن.ج.س.خ.ن.م.ر.ع.ن.م.س.خ.ن.و.ر.م.ل.ر.و.ح.ع.ر.ش.د.س.ن.م.ح.س.ر.م.خ.ل.ن.و.ر.م.ل.ر.و.ح.ع.ر.ش.د.س.م.ح.س.ر.م.خ.ل.ن.و.ر.م.ل.ر.و.ح.ع.ر.ش.د.س.م.ح.س.ر.م.خ.ل.ن.و.ر.م.ل.ر.و.ح.ع.ر.ش.د.س.م.ح.س.ر.م.خ.ل.و.ر.م.ل.ر.و.ح.ع.ر.ش.د.س.م.ح.س.ر.م.خ.ل.و.ر.م.ل.ر.و.ح.ع.ر.ش.د.س.م.ح.س.ر.م.خ.ل.و.ر.م.ل.ر.و.ح.ع.ر.ش.د.س.م.ق.د.س,,,,,84,multiword_no_single_root|phrase_has_single_root_claim
1761,عَلَى وَشْكِ التَّلاشِي الإِحْصَائِيِّ المَنَاخِيِّ الشَّامِلِ,on the verge of total statistical and climatic disappearance / death of number-weather,L-SH-Y-Ḥ-Ṣ-M-N-KH (ل ش ي ح ص م ن خ),ل.ش.ي.ح.ص.م.ن.خ,,,,,6,duplicate_front|multiword_no_single_root|phrase_has_single_root_claim
1762,بِمَحْضِ تَقْدِيرِكَ العِلْمِيِّ المَنَاخِيِّ البِيُولُوجِيِّ,"at your own scientific, climatic and biological discretion",ʿ-L-M-M-N-KH-B-Y-W (ع ل م م ن خ ب ی و),ع.ل.م.م.ن.خ.ب.و,,,,,5,multiword_no_single_root|phrase_has_single_root_claim
1763,فِي حَالِ طَلَبِ التَّوْضِيحِ الإِحْصَائِيِّ التِّكْنُولُوجِيِّ العَمِيقِ لِلْغَايَةِ,in case extremely deep statistical technological clarification is requested,Ḥ-Ṣ-T-K-N-ʿ-L-M-G-H-Y (ح ص ت ک ن ع ل م غ ی),ح.ص.ت.ن.ع.ل.م.غ,,,,,8,duplicate_front|multiword_no_single_root|phrase_has_single_root_claim
1764,عَلَى مَدَى الجِيالِ المُنْبَعِثَةِ مِنْ بَيْنِ الرُّكَامِ بَعْدَ الصَّبْرِ الجَمِيلِ جِدًّا تَمَامًا نِهَائِيًّا مُطْلَقًا كُلِّيًّا جَذْرِيًّا كَوْنِيًّا سَرْمَدِيًّا خَالِدِيًّا نُورَانِيًّا مَلَكُوتِيًّا رُوحَانِيًّا عَرْشِيًّا قُدُسِيًّا نِهَائِيًّا مَحْضًا سَرْمَدِيًّا خَالِدِيًّا نُورَانِيًّا مَلَكُوتِيًّا رُوحَانِيًّا عَرْشِيًّا قُدُسِيًّا نِهَائِيًّا مَحْضًا سَرْمَدِيًّا خَالِدِيًّا نُورَانِيًّا مَلَكُوتِيًّا رُوحَانِيًّا عَرْشِيًّا قُدُسِيًّا نِهَائِيًّا مَحْضًا سَرْمَدِيًّا خَالِدِيًّا نُورَانِيًّا مَلَكُوتِيًّا رُوحَانِيًّا عَرْشِيًّا قُدُسِيًّا نِهَائِيًّا مَحْضًا سَرْمَدِيًّا خَالِدِيًّا نُورَانِيًّا مَلَكُوتِيًّا رُوحَانِيًّا عَرْشِيًّا قُدُسِيًّا نِهَائِيًّا مَحْضًا سَرْمَدِيًّا خَالِدِيًّا نُورَانِيًّا مَلَكُوتِيًّا رُوحَانِيًّا عَرْشِيًّا قُدُسِيًّا نِهَائِيًّا مَحْضًا سَرْمَدِيًّا خَالِدِيًّا نُورَانِيًّا مَلَكُوتِيًّا رُوحَانِيًّا عَرْشِيًّا قُدُسِيًّا نِهَائِيًّا,over generations rising from the rubble after very beautiful patience completely finally absolutely totally radically universally eternally immortally luminously celestially spiritually thronely holily finally purely eternally immortally luminously celestially spiritually thronely holily finally purely eternally immortally luminously celestially spiritually thronely holily finally purely eternally immortally luminously celestially spiritually thronely holily finally purely eternally immortally luminously celestially spiritually thronely holily finally purely eternally immortally luminously celestially spiritually thronely holily finally purely eternally immortally luminously celestially spiritually thronely holily finally,B-ʿ-TH-Ṣ-B-R-J-M-L-J-DH-R-K-W-N-S-R-M-KH-L-N-W-R-M-L-K-R-W-Ḥ-ʿ-R-SH-Q-D-S-N-H-Y-M-Ḥ-S-R-M-KH-L-N-W-R-M-L-K-R-W-Ḥ-ʿ-R-SH-Q-D-S-N-H-Y-M-Ḥ-S-R-M-KH-L-N-W-R-M-L-K-R-W-Ḥ-ʿ-R-SH-Q-D-S-N-H-Y-M-Ḥ-S-R-M-KH-L-N-W-R-M-L-K-R-W-Ḥ-ʿ-R-SH-Q-D-S-N-H-Y-M-Ḥ-S-R-M-KH-L-N-W-R-M-L-K-R-W-Ḥ-ʿ-R-SH-Q-D-S-N-H-Y-M-Ḥ-S-R-M-KH-L-N-W-R-M-L-K-R-W-Ḥ-ʿ-R-SH-Q-D-S-N-H-Y-M-Ḥ-S-R-M-KH-L-N-W-R-M-L-K-R-W-Ḥ-ʿ-R-SH-Q-D-S-N-H-Y (ب ع ث ص ب ر ج م ل ج ذ ر ک و ن س ر م خ ل ن و ر م ل ک ر و ح ع ر ش ق د س n ہ ی م ح س ر م خ ل ن و ر م ل ک ر و ح ع ر ش q د س n ہ ی م ح س ر م خ ل ن و ر م ل ک ر و ح ع ر ش q د س n ہ ی م ح س ر م خ ل ن و ر م ل ک ر و ح ع ر ش q د س n ہ ی م ح س ر م خ ل n و ر م ل ک ر و ح ع ر ش q د س n ہ ی م ح س ر م خ ل n و ر م ل ک ر و ح ع ر ش q د س n ہ ی م ح س ر م خ ل n و ر م ل ک ر و ح ع ر ش q د س n ہ ی م ن ہ ی),ب.ع.ث.ص.ب.ر.ج.م.ل.ج.ذ.ر.و.ن.س.ر.م.خ.ل.ن.و.ر.م.ل.ر.و.ح.ع.ر.ش.ق.د.س.م.ح.س.ر.م.خ.ل.ن.و.ر.م.ل.ر.و.ح.ع.ر.ش.د.س.م.ح.س.ر.م.خ.ل.ن.و.ر.م.ل.ر.و.ح.ع.ر.ش.د.س.م.ح.س.ر.م.خ.ل.ن.و.ر.م.ل.ر.و.ح.ع.ر.ش.د.س.م.ح.س.ر.م.خ.ل.و.ر.م.ل.ر.و.ح.ع.ر.ش.د.س.م.ح.س.ر.م.خ.ل.و.ر.م.ل.ر.و.ح.ع.ر.ش.د.س.م.ح.س.ر.م.خ.ل.و.ر.م.ل.ر.و.ح.ع.ر.ش.د.س.م.ن,,,,,79,multiword_no_single_root|phrase_has_single_root_claim
1765,بِغَرَضِ الاِسْتِمَالَةِ المَنَاخِيَّةِ الإِحْصَائِيَّةِ الفِيزْيَائِيَّةِ,"for the purpose of climatic, statistical and physical winning over / weather-number-matter-appeal",M-N-KH-Ḥ-Ṣ-F-Z-Y (م ن خ ح ص ف ز ی),م.ن.خ.ح.ص.ف.ز,,,,,5,multiword_no_single_root|phrase_has_single_root_claim
1766,فِي المَقَامِ المِائَةِ وَالسَّادِسِ,in the hundred and sixth place / hundred and sixthly,M-Y-A-W-S-D (م ی ا و س د),م.ا.و.س.د,,,,,4,multiword_no_single_root|phrase_has_single_root_claim
1767,بِمَا لَا يَدَعُ مَجَالاً لِلتَّبَاينِ الإِحْصَائِيِّ الفِيزْيَائِيِّ,statistical and physical unified / leaving no room for number-matter disparity,B-Y-N-Ḥ-Ṣ-F-Z-Y (ب ی ن ح ص ف ز ی),ب.ن.ح.ص.ف.ز,,,,,7,multiword_no_single_root|phrase_has_single_root_claim
1768,مِنْ قُبَيْلِ المَصْلَحَةِ الاِسْتِرَاتِيجِيَّةِ الفِيزْيَائِيَّةِ البِيُولُوجِيَّةِ العَمِيقَةِ لِلْغَايَةِ,for the sake of extremely deep physical biological strategic interest,Ṣ-L-Ḥ-F-Z-Y-B-Y-W-G-H (ص ل ح ف ز ی ب ی و غ ہ),ص.ل.ح.ف.ز.ب.و.غ,,,,,8,duplicate_front|multiword_no_single_root|phrase_has_single_root_claim
1769,مِنَ الصَّعْبِ تَفَادِي الوُقُوعِ فِي هَذَا الشَّرَاكِ المَنَاخِيِّ التِّكْنُولُوجِيِّ,hard to avoid falling into this climatic technological web / weather-machine trap,SH-R-K-M-N-KH-T-K-N (ش ر ک م ن خ ت ک ن),ش.ر.م.ن.خ.ت.ن,,,,,9,duplicate_front|multiword_no_single_root|phrase_has_single_root_claim
1770,عَلَى نِطَاقٍ تَرْبَوِيٍّ مَنَاخِيٍّ شَامِلٍ,on a comprehensive educational and climatic scale,R-B-W-M-N-KH (ر ب و م ن خ),ر.ب.و.م.ن.خ,,,,,5,duplicate_front|multiword_no_single_root|phrase_has_single_root_claim
1771,فِي هَذِهِ المَرْحَلَةِ المِفْصَلِيَّةِ الفَلَسَفِيَّةِ لِلْغَايَةِ,at this extremely philosophical and pivotal stage,F-Ṣ-L-F-L-S (ف ص ل ف ل s),ف.ص.ل.ف.ل,,,,,6,duplicate_front|multiword_no_single_root|phrase_has_single_root_claim
1772,بِدُونِ سَابِقِ تَعَهُّدٍ سِيَاسِيٍّ تِكْنُولُوجِيٍّ,without any prior technological political commitment,ʿ-H-D-T-K-N (ع ہ د ت ک ن),ع.د.ت.ن,,,,,5,duplicate_front|multiword_no_single_root|phrase_has_single_root_claim
1773,مِنْ نَاحِيَةٍ تَنْظِيمِيَّةٍ فَلَسَفِيَّةٍ إِحْصَائِيَّةٍ صِرْفَةٍ عَمِيقَةٍ,from a purely deep organizational philosophical and statistical perspective,N-Ẓ-M-F-L-S-Ḥ-Ṣ (ن ظ م ف ل س ح ص),ن.ظ.م.ف.ل.س.ح.ص,,,,,7,duplicate_front|multiword_no_single_root|phrase_has_single_root_claim
1774,فِي المَدَى المَنْظُورِ القَرِيبِ المَلْمُوسِ fawran jiddan haalan tamaman mutlaqan nihaiyyan kulliyan jadriyyan kowniyyan sarmadiyyan khalidiyyan nuraniyyan malakutiyyan ruhaniyyan arshiyyan qudusiyyan nihaiyyan mahdan sarmadiyyan khalidiyyan nuraniyyan malakutiyyan ruhaniyyan arshiyyan qudusiyyan nihaiyyan mahdan sarmadiyyan khalidiyyan nuraniyyan malakutiyyan ruhaniyyan arshiyyan qudusiyyan nihaiyyan mahdan sarmadiyyan khalidiyyan nuraniyyan malakutiyyan ruhaniyyan arshiyyan qudusiyyan nihaiyyan mahdan sarmadiyyan khalidiyyan nuraniyyan malakutiyyan ruhaniyyan arshiyyan qudusiyyan nihaiyyan mahdan sarmadiyyan khalidiyyan nuraniyyan malakutiyyan ruhaniyyan arshiyyan qudusiyyan nihaiyyan mahdan sarmadiyyan khalidiyyan nuraniyyan malakutiyyan ruhaniyyan arshiyyan qudusiyyan nihaiyyan mahdan sarmadiyyan khalidiyyan nuraniyyan malakutiyyan ruhaniyyan arshiyyan qudusiyyan nihaiyyan,finally purely finally holily thronely spiritually purely finally spiritually celestially luminously eternally immortally holily thronely spiritually celestially luminously immortally eternally purely finally holily thronely spiritually celestially luminously immortally eternally purely finally holily thronely spiritually celestially luminously immortally eternally purely finally holily thronely spiritually celestially luminously immortally eternally purely finally holily thronely spiritually celestially luminously immortally eternally purely finally holily thronely spiritually celestially luminously immortally eternally purely finally holily thronely spiritually celestially luminously immortally eternally universally radically totally finally absolutely completely very much bitter deadly unfortunately fleeting psychological considerations,N-F-S-ʿ-B-R-M-R-Q-T-SH-T-J-M-N-K-J-K-S-KH-N-M-R-ʿ-Q-N-M-S-KH-N-W-R-M-L-K-R-W-Ḥ-ʿ-R-SH-Q-D-S-N-H-Y-M-Ḥ-S-R-M-KH-L-N-W-R-M-L-K-R-W-Ḥ-ʿ-R-SH-Q-D-S-N-H-Y-M-Ḥ-S-R-M-KH-L-N-W-R-M-L-K-R-W-Ḥ-ʿ-R-SH-Q-D-S-N-H-Y-M-Ḥ-S-R-M-KH-L-N-W-R-M-L-K-R-W-Ḥ-ʿ-R-SH-Q-D-S-N-H-Y-M-Ḥ-S-R-M-KH-L-N-W-R-M-L-K-R-W-Ḥ-ʿ-R-SH-Q-D-S-N-H-Y-M-Ḥ-S-R-M-KH-L-N-W-R-M-L-K-R-W-Ḥ-ʿ-R-SH-Q-D-S-N-H-Y-M-Ḥ-S-R-M-KH-L-N-W-R-M-L-K-R-W-Ḥ-ʿ-R-SH-Q-D-S-N-H-Y (ن ف س ع ب ر م ر q ت ش ت ج م n ک ج ک س خ ن م ر ع q ن م س خ ن و ر م ل ک ر و ح ع ر ش q د س ن ہ ی م ح س ر م خ ل ن و ر م ل ک ر و ح ع ر ش q د س n ہ ی م ح س ر م خ ل ن و ر م ل ک ر و ح ع ر ش q د س n ہ ی م ح س ر م خ ل ن و ر م ل ک ر و ح ع ر ش q د س n ہ ی م ح س ر م خ ل n و ر م ل ک ر و ح ع ر ش q د س n ہ ی م ح س ر م خ ل n و ر م ل ک ر و ح ع ر ش q د س n ہ ی م ح س ر م خ ل n و ر م ل ک ر و ح ع ر ش q د س n ہ ی م ن ہ ی),ن.ف.س.ع.ب.ر.م.ر.ت.ش.ت.ج.م.ج.س.خ.ن.م.ر.ع.ن.م.س.خ.ن.و.ر.م.ل.ر.و.ح.ع.ر.ش.د.س.ن.م.ح.س.ر.م.خ.ل.ن.و.ر.م.ل.ر.و.ح.ع.ر.ش.د.س.م.ح.س.ر.م.خ.ل.ن.و.ر.م.ل.ر.و.ح.ع.ر.ش.د.س.م.ح.س.ر.م.خ.ل.ن.و.ر.م.ل.ر.و.ح.ع.ر.ش.د.س.م.ح.س.ر.م.خ.ل.و.ر.م.ل.ر.و.ح.ع.ر.ش.د.س.م.ح.س.ر.م.خ.ل.و.ر.م.ل.ر.و.ح.ع.ر.ش.د.س.م.ح.س.ر.م.خ.ل.و.ر.م.ل.ر.و.ح.ع.ر.ش.د.س.م.ن,,,,,85,multiword_no_single_root|phrase_has_single_root_claim
1775,عَلَى وَشْكِ التَّلاشِي المَنَاخِيِّ التِّكْنُولُوجِيِّ الشَّامِلِ,on the verge of total climatic and technological disappearance / death of weather-machine,L-SH-Y-M-N-KH-T-K-N (ل ش ي م ن خ ت ک ن),ل.ش.ي.م.ن.خ.ت.ن,,,,,6,duplicate_front|multiword_no_single_root|phrase_has_single_root_claim
1776,بِمَحْضِ تَقْدِيرِكَ العِلْمِيِّ الإِحْصَائِيِّ الفِيزْيَائِيِّ,"at your own scientific, statistical and physical discretion",ʿ-L-M-Ḥ-Ṣ-F-Z-Y (ع ل م ح ص ف ز ی),ع.ل.م.ح.ص.ف.ز,,,,,5,duplicate_front|multiword_no_single_root|phrase_has_single_root_claim
1777,فِي حَالِ طَلَبِ التَّوْضِيحِ المَنَاخِيِّ الفِيزْيَائِيِّ العَمِيقِ لِلْغَايَةِ,in case extremely deep climatic physical clarification is requested,M-N-KH-F-Z-Y-ʿ-L-M-G-H-Y (م ن خ ف ز ی ع ل م غ ی),م.ن.خ.ف.ز.ع.ل.م.غ,,,,,8,duplicate_front|multiword_no_single_root|phrase_has_single_root_claim
1778,عَلَى مَدَى الجِيالِ المُنْبَعِثَةِ مِنْ بَيْنِ الرُّكَامِ بَعْدَ الصَّبْرِ الجَمِيلِ جِدًّا تَمَامًا نِهَائِيًّا مُطْلَقًا كُلِّيًّا جَذْرِيًّا كَوْنِيًّا سَرْمَدِيًّا خَالِدِيًّا نُورَانِيًّا مَلَكُوتِيًّا رُوحَانِيًّا عَرْشِيًّا قُدُسِيًّا نِهَائِيًّا مَحْضًا سَرْمَدِيًّا خَالِدِيًّا نُورَانِيًّا مَلَكُوتِيًّا رُوحَانِيًّا عَرْشِيًّا قُدُسِيًّا نِهَائِيًّا مَحْضًا سَرْمَدِيًّا خَالِدِيًّا نُورَانِيًّا مَلَكُوتِيًّا رُوحَانِيًّا عَرْشِيًّا قُدُسِيًّا نِهَائِيًّا مَحْضًا سَرْمَدِيًّا خَالِدِيًّا نُورَانِيًّا مَلَكُوتِيًّا رُوحَانِيًّا عَرْشِيًّا قُدُسِيًّا نِهَائِيًّا مَحْضًا سَرْمَدِيًّا خَالِدِيًّا نُورَانِيًّا مَلَكُوتِيًّا رُوحَانِيًّا عَرْشِيًّا قُدُسِيًّا نِهَائِيًّا مَحْضًا سَرْمَدِيًّا خَالِدِيًّا نُورَانِيًّا مَلَكُوتِيًّا رُوحَانِيًّا عَرْشِيًّا قُدُسِيًّا نِهَائِيًّا مَحْضًا سَرْمَدِيًّا خَالِدِيًّا نُورَانِيًّا مَلَكُوتِيًّا رُوحَانِيًّا عَرْشِيًّا قُدُسِيًّا نِهَائِيًّا مَحْضًا,over generations rising from the rubble after very beautiful patience completely finally absolutely totally radically universally eternally immortally luminously celestially spiritually thronely holily finally purely eternally immortally luminously celestially spiritually thronely holily finally purely eternally immortally luminously celestially spiritually thronely holily finally purely eternally immortally luminously celestially spiritually thronely holily finally purely eternally immortally luminously celestially spiritually thronely holily finally purely eternally immortally luminously celestially spiritually thronely holily finally purely eternally immortally luminously celestially spiritually thronely holily finally purely,B-ʿ-TH-Ṣ-B-R-J-M-L-J-DH-R-K-W-N-S-R-M-KH-L-N-W-R-M-L-K-R-W-Ḥ-ʿ-R-SH-Q-D-S-N-H-Y-M-Ḥ-S-R-M-KH-L-N-W-R-M-L-K-R-W-Ḥ-ʿ-R-SH-Q-D-S-N-H-Y-M-Ḥ-S-R-M-KH-L-N-W-R-M-L-K-R-W-Ḥ-ʿ-R-SH-Q-D-S-N-H-Y-M-Ḥ-S-R-M-KH-L-N-W-R-M-L-K-R-W-Ḥ-ʿ-R-SH-Q-D-S-N-H-Y-M-Ḥ-S-R-M-KH-L-N-W-R-M-L-K-R-W-Ḥ-ʿ-R-SH-Q-D-S-N-H-Y-M-Ḥ-S-R-M-KH-L-N-W-R-M-L-K-R-W-Ḥ-ʿ-R-SH-Q-D-S-N-H-Y-M-Ḥ-S-R-M-KH-L-N-W-R-M-L-K-R-W-Ḥ-ʿ-R-SH-Q-D-S-N-H-Y-M-Ḥ (ب ع ث ص ب ر ج م ل ج ذ ر ک و ن س ر م خ ل ن و ر م ل ک ر و ح ع ر ش ق د س n ہ ی م ح س ر م خ ل ن و ر م ل ک ر و ح ع ر ش q د س n ہ ی م ح س ر م خ ل ن و ر م ل ک ر و ح ع ر ش q د س n ہ ی م ح س ر م خ ل ن و ر م ل ک ر و ح ع ر ش q د س n ہ ی م ح س ر م خ ل n و ر م ل ک ر و ح ع ر ش q د س n ہ ی م ح س ر م خ ل n و ر م ل ک ر و ح ع ر ش q د س n ہ ی م ح س ر م خ ل n و ر م ل ک ر و ح ع ر ش q د س n ہ ی م ح),ب.ع.ث.ص.ب.ر.ج.م.ل.ج.ذ.ر.و.ن.س.ر.م.خ.ل.ن.و.ر.م.ل.ر.و.ح.ع.ر.ش.ق.د.س.م.ح.س.ر.م.خ.ل.ن.و.ر.م.ل.ر.و.ح.ع.ر.ش.د.س.م.ح.س.ر.م.خ.ل.ن.و.ر.م.ل.ر.و.ح.ع.ر.ش.د.س.م.ح.س.ر.م.خ.ل.ن.و.ر.م.ل.ر.و.ح.ع.ر.ش.د.س.م.ح.س.ر.م.خ.ل.و.ر.م.ل.ر.و.ح.ع.ر.ش.د.س.م.ح.س.ر.م.خ.ل.و.ر.م.ل.ر.و.ح.ع.ر.ش.د.س.م.ح.س.ر.م.خ.ل.و.ر.م.ل.ر.و.ح.ع.ر.ش.د.س.م.ح,,,,,80,multiword_no_single_root|phrase_has_single_root_claim
1779,بِغَرَضِ الاِسْتِمَالَةِ المَنَاخِيَّةِ الفِيزْيَائِيَّةِ التِّكْنُولُوجِيَّةِ,"for the purpose of climatic, physical and technological winning over / weather-matter-machine-appeal",M-N-KH-F-Z-Y-T-K-N (م ن خ ف ز ی ت ک ن),م.ن.خ.ف.ز.ت.ن,,,,,5,multiword_no_single_root|phrase_has_single_root_claim
1780,فِي المَقَامِ المِائَةِ وَالسَّابِعِ,in the hundred and seventh place / hundred and seventhly,M-Y-A-W-S-B-ʿ (م ی ا و س ب ع),م.ا.و.س.ب.ع,,,,,4,multiword_no_single_root|phrase_has_single_root_claim
1781,بِمَا لَا يَدَعُ مَجَالاً لِلتَّبَاينِ الإِحْصَائِيِّ البِيُولُوجِيِّ,statistical and biological unified / leaving no room for number-life disparity,B-Y-N-Ḥ-Ṣ-B-Y-W (ب ی ن ح ص ب ی و),ب.ن.ح.ص.ب.و,,,,,7,multiword_no_single_root|phrase_has_single_root_claim
1782,مِنْ قُبَيْلِ المَصْلَحَةِ الاِسْتِرَاتِيجِيَّةِ البِيُولُوجِيَّةِ المَنَاخِيَّةِ العَمِيقَةِ لِلْغَايَةِ,for the sake of extremely deep biological climatic strategic interest,Ṣ-L-Ḥ-B-Y-W-M-N-KH-G-H (ص ل ح ب ی و م ن خ غ ہ),ص.ل.ح.ب.و.م.ن.خ.غ,,,,,8,duplicate_front|multiword_no_single_root|phrase_has_single_root_claim
1783,مِنَ الصَّعْبِ تَفَادِي الوُقُوعِ فِي هَذَا الشَّرَاكِ الإِحْصَائِيِّ التِّكْنُولُوجِيِّ,hard to avoid falling into this statistical technological web / number-machine trap,SH-R-K-Ḥ-Ṣ-T-K-N (ش ر ک ح ص ت ک ن),ش.ر.ح.ص.ت.ن,,,,,9,duplicate_front|multiword_no_single_root|phrase_has_single_root_claim
1784,عَلَى نِطَاقٍ تَرْبَوِيٍّ بِيُولُوجِيٍّ شَامِلٍ,on a comprehensive educational and biological scale,R-B-W-B-Y-W (ر ب و ب ی و),ر.ب.و.ب.و,,,,,5,duplicate_front|multiword_no_single_root|phrase_has_single_root_claim
1785,فِي هَذِهِ المَرْحَلَةِ المِفْصَلِيَّةِ التِّكْنُولُوجِيَّةِ لِلْغَايَةِ,at this extremely technological and pivotal stage,F-Ṣ-L-T-K-N (ف ص ل ت ک ن),ف.ص.ل.ت.ن,,,,,6,duplicate_front|multiword_no_single_root|phrase_has_single_root_claim
1786,بِدُونِ سَابِقِ تَعَهُّدٍ سِيَاسِيٍّ فِيزْيَائِيٍّ,without any prior physical political commitment,ʿ-H-D-F-Z-Y (ع ہ د ف ز ی),ع.د.ف.ز,,,,,5,duplicate_front|multiword_no_single_root|phrase_has_single_root_claim
1787,مِنْ نَاحِيَةٍ تَنْظِيمِيَّةٍ مَنَاخِيَّةٍ إِحْصَائِيَّةٍ صِرْفَةٍ عَمِيقَةٍ,from a purely deep organizational climatic and statistical perspective,N-Ẓ-M-M-N-KH-Ḥ-Ṣ (ن ظ م م ن خ ح ص),ن.ظ.م.م.ن.خ.ح.ص,,,,,7,multiword_no_single_root|phrase_has_single_root_claim
1788,فِي المَدَى المَنْظُورِ القَرِيبِ المَلْمُوسِ fawran jiddan haalan tamaman mutlaqan nihaiyyan kulliyan jadriyyan kowniyyan sarmadiyyan khalidiyyan nuraniyyan malakutiyyan ruhaniyyan arshiyyan qudusiyyan nihaiyyan mahdan sarmadiyyan khalidiyyan nuraniyyan malakutiyyan ruhaniyyan arshiyyan qudusiyyan nihaiyyan mahdan sarmadiyyan khalidiyyan nuraniyyan malakutiyyan ruhaniyyan arshiyyan qudusiyyan nihaiyyan mahdan sarmadiyyan khalidiyyan nuraniyyan malakutiyyan ruhaniyyan arshiyyan qudusiyyan nihaiyyan mahdan sarmadiyyan khalidiyyan nuraniyyan malakutiyyan ruhaniyyan arshiyyan qudusiyyan nihaiyyan mahdan sarmadiyyan khalidiyyan nuraniyyan malakutiyyan ruhaniyyan arshiyyan qudusiyyan nihaiyyan mahdan sarmadiyyan khalidiyyan nuraniyyan malakutiyyan ruhaniyyan arshiyyan qudusiyyan nihaiyyan mahdan sarmadiyyan khalidiyyan nuraniyyan malakutiyyan ruhaniyyan arshiyyan qudusiyyan nihaiyyan mahdan,purely purely finally holily thronely spiritually purely finally spiritually celestially luminously eternally immortally holily thronely spiritually celestially luminously immortally eternally purely finally holily thronely spiritually celestially luminously immortally eternally purely finally holily thronely spiritually celestially luminously immortally eternally purely finally holily thronely spiritually celestially luminously immortally eternally purely finally holily thronely spiritually celestially luminously immortally eternally purely finally holily thronely spiritually celestially luminously immortally eternally purely finally holily thronely spiritually celestially luminously immortally eternally universally radically totally finally absolutely completely very much bitter deadly unfortunately fleeting psychological considerations,N-F-S-ʿ-B-R-M-R-Q-T-SH-T-J-M-N-K-J-K-S-KH-N-M-R-ʿ-Q-N-M-S-KH-N-W-R-M-L-K-R-W-Ḥ-ʿ-R-SH-Q-D-S-N-H-Y-M-Ḥ-S-R-M-KH-L-N-W-R-M-L-K-R-W-Ḥ-ʿ-R-SH-Q-D-S-N-H-Y-M-Ḥ-S-R-M-KH-L-N-W-R-M-L-K-R-W-Ḥ-ʿ-R-SH-Q-D-S-N-H-Y-M-Ḥ-S-R-M-KH-L-N-W-R-M-L-K-R-W-Ḥ-ʿ-R-SH-Q-D-S-N-H-Y-M-Ḥ-S-R-M-KH-L-N-W-R-M-L-K-R-W-Ḥ-ʿ-R-SH-Q-D-S-N-H-Y-M-Ḥ-S-R-M-KH-L-N-W-R-M-L-K-R-W-Ḥ-ʿ-R-SH-Q-D-S-N-H-Y-M-Ḥ-S-R-M-KH-L-N-W-R-M-L-K-R-W-Ḥ-ʿ-R-SH-Q-D-S-N-H-Y-M-Ḥ (ن ف س ع ب ر م ر q ت ش ت ج م ن ک ج ک س خ ن م ر ع q ن م س خ ن و ر م ل ک ر و ح ع ر ش q د س ن ہ ی م ح س ر م خ ل ن و ر م ل ک ر و ح ع ر ش q د س n ہ ی م ح س ر م خ ل ن و ر م ل ک ر و ح ع ر ش q د س n ہ ی م ح س ر م خ ل ن و ر م ل ک ر و ح ع ر ش q د س n ہ ی م ح س ر م خ ل n و ر م ل ک ر و ح ع ر ش q د س n ہ ی م ح س ر م خ ل n و ر م ل ک ر و ح ع ر ش q د س n ہ ی م ح س ر م خ ل n و ر م ل ک ر و ح ع ر ش q د س n ہ ی م ح),ن.ف.س.ع.ب.ر.م.ر.ت.ش.ت.ج.م.ن.ج.س.خ.ن.م.ر.ع.ن.م.س.خ.ن.و.ر.م.ل.ر.و.ح.ع.ر.ش.د.س.ن.م.ح.س.ر.م.خ.ل.ن.و.ر.م.ل.ر.و.ح.ع.ر.ش.د.س.م.ح.س.ر.م.خ.ل.ن.و.ر.م.ل.ر.و.ح.ع.ر.ش.د.س.م.ح.س.ر.م.خ.ل.ن.و.ر.م.ل.ر.و.ح.ع.ر.ش.د.س.م.ح.س.ر.م.خ.ل.و.ر.م.ل.ر.و.ح.ع.ر.ش.د.س.م.ح.س.ر.م.خ.ل.و.ر.م.ل.ر.و.ح.ع.ر.ش.د.س.م.ح.س.ر.م.خ.ل.و.ر.م.ل.ر.و.ح.ع.ر.ش.د.س.م.ح,,,,,86,multiword_no_single_root|phrase_has_single_root_claim
1789,عَلَى وَشْكِ التَّلاشِي الإِحْصَائِيِّ الفِيزْيَائِيِّ الشَّامِلِ,on the verge of total statistical and physical disappearance / death of number-matter,L-SH-Y-Ḥ-Ṣ-F-Z-Y (ل ش ي ح ص ف ز ی),ل.ش.ي.ح.ص.ف.ز,,,,,6,multiword_no_single_root|phrase_has_single_root_claim
1790,بِمَحْضِ تَقْدِيرِكَ العِلْمِيِّ الفِيزْيَائِيِّ التِّكْنُولُوجِيِّ,"at your own scientific, physical and technological discretion",ʿ-L-M-F-Z-Y-T-K-N (ع ل م ف ز ی ت ک ن),ع.ل.م.ف.ز.ت.ن,,,,,5,duplicate_front|multiword_no_single_root|phrase_has_single_root_claim
1791,فِي حَالِ طَلَبِ التَّوْضِيحِ المَنَاخِيِّ الإِحْصَائِيِّ العَمِيقِ لِلْغَايَةِ,in case extremely deep climatic statistical clarification is requested,M-N-KH-Ḥ-Ṣ-ʿ-L-M-G-H-Y (م ن خ ح ص ع ل م غ ی),م.ن.خ.ح.ص.ع.ل.م.غ,,,,,8,multiword_no_single_root|phrase_has_single_root_claim
1792,عَلَى مَدَى الجِيالِ المُنْبَعِثَةِ مِنْ بَيْنِ الرُّكَامِ بَعْدَ الصَّبْرِ الجَمِيلِ جِدًّا تَمَامًا نِهَائِيًّا مُطْلَقًا كُلِّيًّا جَذْرِيًّا كَوْنِيًّا سَرْمَدِيًّا خَالِدِيًّا نُورَانِيًّا مَلَكُوتِيًّا رُوحَانِيًّا عَرْشِيًّا قُدُسِيًّا نِهَائِيًّا مَحْضًا سَرْمَدِيًّا خَالِدِيًّا نُورَانِيًّا مَلَكُوتِيًّا رُوحَانِيًّا عَرْشِيًّا قُدُسِيًّا نِهَائِيًّا مَحْضًا سَرْمَدِيًّا خَالِدِيًّا نُورَانِيًّا مَلَكُوتِيًّا رُوحَانِيًّا عَرْشِيًّا قُدُسِيًّا نِهَائِيًّا مَحْضًا سَرْمَدِيًّا خَالِدِيًّا نُورَانِيًّا مَلَكُوتِيًّا رُوحَانِيًّا عَرْشِيًّا قُدُسِيًّا نِهَائِيًّا مَحْضًا سَرْمَدِيًّا خَالِدِيًّا نُورَانِيًّا مَلَكُوتِيًّا رُوحَانِيًّا عَرْشِيًّا قُدُسِيًّا نِهَائِيًّا مَحْضًا سَرْمَدِيًّا خَالِدِيًّا نُورَانِيًّا مَلَكُوتِيًّا رُوحَانِيًّا عَرْشِيًّا قُدُسِيًّا نِهَائِيًّا مَحْضًا سَرْمَدِيًّا خَالِدِيًّا نُورَانِيًّا مَلَكُوتِيًّا رُوحَانِيًّا عَرْشِيًّا قُدُسِيًّا نِهَائِيًّا مَحْضًا سَرْمَدِيًّا خَالِدِيًّا نُورَانِيًّا مَلَكُوتِيًّا رُوحَانِيًّا عَرْشِيًّا قُدُسِيًّا نِهَائِيًّا مَحْضًا,over generations rising from the rubble after very beautiful patience completely finally absolutely totally radically universally eternally immortally luminously celestially spiritually thronely holily finally purely eternally immortally luminously celestially spiritually thronely holily finally purely eternally immortally luminously celestially spiritually thronely holily finally purely eternally immortally luminously celestially spiritually thronely holily finally purely eternally immortally luminously celestially spiritually thronely holily finally purely eternally immortally luminously celestially spiritually thronely holily finally purely eternally immortally luminously celestially spiritually thronely holily finally purely eternally immortally luminously celestially spiritually thronely holily finally purely eternally immortally luminously celestially spiritually thronely holily,B-ʿ-TH-Ṣ-B-R-J-M-L-J-DH-R-K-W-N-S-R-M-KH-L-N-W-R-M-L-K-R-W-Ḥ-ʿ-R-SH-Q-D-S-N-H-Y-M-Ḥ-S-R-M-KH-L-N-W-R-M-L-K-R-W-Ḥ-ʿ-R-SH-Q-D-S-N-H-Y-M-Ḥ-S-R-M-KH-L-N-W-R-M-L-K-R-W-Ḥ-ʿ-R-SH-Q-D-S-N-H-Y-M-Ḥ-S-R-M-KH-L-N-W-R-M-L-K-R-W-Ḥ-ʿ-R-SH-Q-D-S-N-H-Y-M-Ḥ-S-R-M-KH-L-N-W-R-M-L-K-R-W-Ḥ-ʿ-R-SH-Q-D-S-N-H-Y-M-Ḥ-S-R-M-KH-L-N-W-R-M-L-K-R-W-Ḥ-ʿ-R-SH-Q-D-S-N-H-Y-M-Ḥ-S-R-M-KH-L-N-W-R-M-L-K-R-W-Ḥ-ʿ-R-SH-Q-D-S-N-H-Y-M-Ḥ-S-R-M-KH-L-N-W-R-M-L-K-R-W-Ḥ-ʿ-R-SH-Q-D-S-N-H-Y-M-Ḥ-S-R-M (ب ع ث ص ب ر ج م ل ج ذ ر ک و ن س ر م خ ل ن و ر م ل ک ر و ح ع ر ش ق د س n ہ ی م ح س ر م خ ل ن و ر م ل ک ر و ح ع ر ش q د س n ہ ی م ح س ر م خ ل ن و ر م ل ک ر و ح ع ر ش q د س n ہ ی م ح س ر م خ ل ن و ر م ل ک ر و ح ع ر ش q د س n ہ ی م ح س ر م خ ل n و ر م ل ک ر و ح ع ر ش q د س n ہ ی م ح س ر م خ ل n و ر م ل ک ر و ح ع ر ش q د س n ہ ی م ح س ر م خ ل n و ر م ل ک ر و ح ع ر ش q د س n ہ ی م ح س ر م خ ل n و ر م ل ک ر و ح ع ر ش q د س n ہ ی م ح س ر م خ ل n و ر م ل ک ر و ح ع ر ش q د س n ہ ی م س ر م),ب.ع.ث.ص.ب.ر.ج.م.ل.ج.ذ.ر.و.ن.س.ر.م.خ.ل.ن.و.ر.م.ل.ر.و.ح.ع.ر.ش.ق.د.س.م.ح.س.ر.م.خ.ل.ن.و.ر.م.ل.ر.و.ح.ع.ر.ش.د.س.م.ح.س.ر.م.خ.ل.ن.و.ر.م.ل.ر.و.ح.ع.ر.ش.د.س.م.ح.س.ر.م.خ.ل.ن.و.ر.م.ل.ر.و.ح.ع.ر.ش.د.س.م.ح.س.ر.م.خ.ل.و.ر.م.ل.ر.و.ح.ع.ر.ش.د.س.م.ح.س.ر.م.خ.ل.و.ر.م.ل.ر.و.ح.ع.ر.ش.د.س.م.ح.س.ر.م.خ.ل.و.ر.م.ل.ر.و.ح.ع.ر.ش.د.س.م.ح.س.ر.م.خ.ل.و.ر.م.ل.ر.و.ح.ع.ر.ش.د.س.م.ح.س.ر.م.خ.ل.و.ر.م.ل.ر.و.ح.ع.ر.ش.د.س.م.س.ر.م,,,,,89,multiword_no_single_root|phrase_has_single_root_claim
1793,بِغَرَضِ الاِسْتِمَالَةِ الفِيزْيَائِيَّةِ التِّكْنُولُوجِيَّةِ المَنَاخِيَّةِ,"for the purpose of physical, technological and climatic winning over / matter-machine-weather-appeal",F-Z-Y-T-K-N-M-N-KH (ف ز ی ت ک ن م ن خ),ف.ز.ت.ن.م.ن.خ,,,,,5,duplicate_front|multiword_no_single_root|phrase_has_single_root_claim
1794,فِي المَقَامِ المِائَةِ وَالثَّامِنِ,in the hundred and eighth place / hundred and eighthly,M-Y-A-W-TH-M (م ی ا و ث م),م.ا.و.ث.م,,,,,4,multiword_no_single_root|phrase_has_single_root_claim
1795,بِمَا لَا يَدَعُ مَجَالاً لِلتَّبَاينِ الفِيزْيَائِيِّ البِيُولُوجِيِّ,physical and biological unified / leaving no room for matter-life disparity,B-Y-N-F-Z-Y-B-Y-W (ب ی ن ف ز ی ب ی و),ب.ن.ف.ز.ب.و,,,,,7,duplicate_front|multiword_no_single_root|phrase_has_single_root_claim
1796,مِنْ قُبَيْلِ المَصْلَحَةِ الاِسْتِرَاتِيجِيَّةِ المَنَاخِيَّةِ الإِحْصَائِيَّةِ العَمِيقَةِ لِلْغَايَةِ,for the sake of extremely deep climatic statistical strategic interest,Ṣ-L-Ḥ-M-N-KH-Ḥ-Ṣ-G-H (ص ل ح م ن خ ح ص غ ہ),ص.ل.ح.م.ن.خ.ح.ص.غ,,,,,8,multiword_no_single_root|phrase_has_single_root_claim
1797,مِنَ الصَّعْبِ تَفَادِي الوُقُوعِ فِي هَذَا الشَّرَاكِ البِيُولُوجِيِّ المَنَاخِيِّ,hard to avoid falling into this biological climatic web / life-weather trap,SH-R-K-B-Y-W-M-N-KH (ش ر ک ب ی و م ن خ),ش.ر.ب.و.م.ن.خ,,,,,9,duplicate_front|multiword_no_single_root|phrase_has_single_root_claim
1798,عَلَى نِطَاقٍ تَرْبَوِيٍّ فِيزْيَائِيٍّ شَامِلٍ,on a comprehensive educational and physical scale,R-B-W-F-Z-Y (ر ب و ف ز ی),ر.ب.و.ف.ز,,,,,5,duplicate_front|multiword_no_single_root|phrase_has_single_root_claim
1799,فِي هَذِهِ المَرْحَلَةِ المِفْصَلِيَّةِ البِيُولُوجِيَّةِ لِلْغَايَةِ,at this extremely biological and pivotal stage,F-Ṣ-L-B-Y-W (ف ص ل ب ی و),ف.ص.ل.ب.و,,,,,6,duplicate_front|multiword_no_single_root|phrase_has_single_root_claim
1800,بِدُونِ سَابِقِ تَعَهُّدٍ سِيَاسِيٍّ إِحْصَائِيٍّ,without any prior statistical political commitment,ʿ-H-D-Ḥ-Ṣ (ع ہ د ح ص),ع.د.ح.ص,,,,,5,duplicate_front|multiword_no_single_root|phrase_has_single_root_claim
1801,مِنْ نَاحِيَةٍ تَنْظِيمِيَّةٍ فِيزْيَائِيَّةٍ إِحْصَائِيَّةٍ صِرْفَةٍ عَمِيقَةٍ,from a purely deep organizational physical and statistical perspective,N-Ẓ-M-F-Z-Y-Ḥ-Ṣ (ن ظ م ف ز ی ح ص),ن.ظ.م.ف.ز.ح.ص,,,,,7,multiword_no_single_root|phrase_has_single_root_claim
1802,فِي المَدَى المَنْظُورِ القَرِيبِ المَلْمُوسِ fawran jiddan haalan tamaman mutlaqan nihaiyyan kulliyan jadriyyan kowniyyan sarmadiyyan khalidiyyan nuraniyyan malakutiyyan ruhaniyyan arshiyyan qudusiyyan nihaiyyan mahdan sarmadiyyan khalidiyyan nuraniyyan malakutiyyan ruhaniyyan arshiyyan qudusiyyan nihaiyyan mahdan sarmadiyyan khalidiyyan nuraniyyan malakutiyyan ruhaniyyan arshiyyan qudusiyyan nihaiyyan mahdan sarmadiyyan khalidiyyan nuraniyyan malakutiyyan ruhaniyyan arshiyyan qudusiyyan nihaiyyan mahdan sarmadiyyan khalidiyyan nuraniyyan malakutiyyan ruhaniyyan arshiyyan qudusiyyan nihaiyyan mahdan sarmadiyyan khalidiyyan nuraniyyan malakutiyyan ruhaniyyan arshiyyan qudusiyyan nihaiyyan mahdan sarmadiyyan khalidiyyan nuraniyyan malakutiyyan ruhaniyyan arshiyyan qudusiyyan nihaiyyan mahdan sarmadiyyan khalidiyyan nuraniyyan malakutiyyan ruhaniyyan arshiyyan qudusiyyan nihaiyyan sarmadiyyan,eternally purely finally holily thronely spiritually purely finally spiritually celestially luminously eternally immortally holily thronely spiritually celestially luminously immortally eternally purely finally holily thronely spiritually celestially luminously immortally eternally purely finally holily thronely spiritually celestially luminously immortally eternally purely finally holily thronely spiritually celestially luminously immortally eternally purely finally holily thronely spiritually celestially luminously immortally eternally purely finally holily thronely spiritually celestially luminously immortally eternally purely finally holily thronely spiritually celestially luminously immortally eternally purely finally holily thronely spiritually celestially luminously immortally eternally universally radically totally finally absolutely completely very much bitter deadly unfortunately fleeting psychological considerations,N-F-S-ʿ-B-R-M-R-Q-T-SH-T-J-M-N-K-J-K-S-KH-N-M-R-ʿ-Q-N-M-S-KH-N-W-R-M-L-K-R-W-Ḥ-ʿ-R-SH-Q-D-S-N-H-Y-M-Ḥ-S-R-M-KH-L-N-W-R-M-L-K-R-W-Ḥ-ʿ-R-SH-Q-D-S-N-H-Y-M-Ḥ-S-R-M-KH-L-N-W-R-M-L-K-R-W-Ḥ-ʿ-R-SH-Q-D-S-N-H-Y-M-Ḥ-S-R-M-KH-L-N-W-R-M-L-K-R-W-Ḥ-ʿ-R-SH-Q-D-S-N-H-Y-M-Ḥ-S-R-M-KH-L-N-W-R-M-L-K-R-W-Ḥ-ʿ-R-SH-Q-D-S-N-H-Y-M-Ḥ-S-R-M-KH-L-N-W-R-M-L-K-R-W-Ḥ-ʿ-R-SH-Q-D-S-N-H-Y-M-Ḥ-S-R-M-KH-L-N-W-R-M-L-K-R-W-Ḥ-ʿ-R-SH-Q-D-S-N-H-Y-M-Ḥ-S-R-M (ن ف س ع ب ر م ر q ت ش ت ج م ن ک ج ک س خ ن م ر ع q ن م س خ ن و ر م ل ک ر و ح ع ر ش q د س ن ہ ی م ح س ر م خ ل ن و ر م ل ک ر و ح ع ر ش q د س n ہ ی م ح س ر م خ ل ن و ر م ل ک ر و ح ع ر ش q د س n ہ ی م ح س ر م خ ل ن و ر م ل ک ر و ح ع ر ش q د س n ہ ی م ح س ر م خ ل n و ر م ل ک ر و ح ع ر ش q د س n ہ ی م ح س ر م خ ل n و ر م ل ک ر و ح ع ر ش q د س n ہ ی م ح س ر م خ ل n و ر م ل ک ر و ح ع ر ش q د س n ہ ی م س ر م),ن.ف.س.ع.ب.ر.م.ر.ت.ش.ت.ج.م.ن.ج.س.خ.ن.م.ر.ع.ن.م.س.خ.ن.و.ر.م.ل.ر.و.ح.ع.ر.ش.د.س.ن.م.ح.س.ر.م.خ.ل.ن.و.ر.م.ل.ر.و.ح.ع.ر.ش.د.س.م.ح.س.ر.م.خ.ل.ن.و.ر.م.ل.ر.و.ح.ع.ر.ش.د.س.م.ح.س.ر.م.خ.ل.ن.و.ر.م.ل.ر.و.ح.ع.ر.ش.د.س.م.ح.س.ر.م.خ.ل.و.ر.م.ل.ر.و.ح.ع.ر.ش.د.س.م.ح.س.ر.م.خ.ل.و.ر.م.ل.ر.و.ح.ع.ر.ش.د.س.م.ح.س.ر.م.خ.ل.و.ر.م.ل.ر.و.ح.ع.ر.ش.د.س.م.س.ر.م,,,,,86,duplicate_front|multiword_no_single_root|phrase_has_single_root_claim
1803,عَلَى وَشْكِ التَّلاشِي البِيُولُوجِيِّ المَنَاخِيِّ الشَّامِلِ,on the verge of total biological and climatic disappearance / death of life-weather,L-SH-Y-B-Y-W-M-N-KH (ل ش ي ب ی و م ن خ),ل.ش.ي.ب.و.م.ن.خ,,,,,6,duplicate_front|multiword_no_single_root|phrase_has_single_root_claim
1804,بِمَحْضِ تَقْدِيرِكَ العِلْمِيِّ الفِيزْيَائِيِّ الإِحْصَائِيِّ,"at your own scientific, physical and statistical discretion",ʿ-L-M-F-Z-Y-Ḥ-Ṣ (ع ل م ف ز ی ح ص),ع.ل.م.ف.ز.ح.ص,,,,,5,multiword_no_single_root|phrase_has_single_root_claim
1805,فِي حَالِ طَلَبِ التَّوْضِيحِ البِيُولُوجِيِّ التِّكْنُولُوجِيِّ العَمِيقِ لِلْغَايَةِ,in case extremely deep biological technological clarification is requested,B-Y-W-T-K-N-ʿ-L-M-G-H-Y (ب ی و ت ک ن ع ل م غ ی),ب.و.ت.ن.ع.ل.م.غ,,,,,8,duplicate_front|multiword_no_single_root|phrase_has_single_root_claim
1806,عَلَى مَدَى الجِيالِ المُنْبَعِثَةِ مِنْ بَيْنِ الرُّكَامِ بَعْدَ الصَّبْرِ الجَمِيلِ جِدًّا تَمَامًا نِهَائِيًّا مُطْلَقًا كُلِّيًّا جَذْرِيًّا كَوْنِيًّا سَرْمَدِيًّا خَالِدِيًّا نُورَانِيًّا مَلَكُوتِيًّا رُوحَانِيًّا عَرْشِيًّا قُدُسِيًّا نِهَائِيًّا مَحْضًا سَرْمَدِيًّا خَالِدِيًّا نُورَانِيًّا مَلَكُوتِيًّا رُوحَانِيًّا عَرْشِيًّا قُدُسِيًّا نِهَائِيًّا مَحْضًا سَرْمَدِيًّا خَالِدِيًّا نُورَانِيًّا مَلَكُوتِيًّا رُوحَانِيًّا عَرْشِيًّا قُدُسِيًّا نِهَائِيًّا مَحْضًا سَرْمَدِيًّا خَالِدِيًّا نُورَانِيًّا مَلَكُوتِيًّا رُوحَانِيًّا عَرْشِيًّا قُدُسِيًّا نِهَائِيًّا مَحْضًا سَرْمَدِيًّا خَالِدِيًّا نُورَانِيًّا مَلَكُوتِيًّا رُوحَانِيًّا عَرْشِيًّا قُدُسِيًّا نِهَائِيًّا مَحْضًا سَرْمَدِيًّا خَالِدِيًّا نُورَانِيًّا مَلَكُوتِيًّا رُوحَانِيًّا عَرْشِيًّا قُدُسِيًّا نِهَائِيًّا مَحْضًا سَرْمَدِيًّا خَالِدِيًّا نُورَانِيًّا مَلَكُوتِيًّا رُوحَانِيًّا عَرْشِيًّا قُدُسِيًّا نِهَائِيًّا مَحْضًا سَرْمَدِيًّا خَالِدِيًّا نُورَانِيًّا مَلَكُوتِيًّا رُوحَانِيًّا عَرْشِيًّا قُدُسِيًّا نِهَائِيًّا مَحْضًا سَرْمَدِيًّا,over generations rising from the rubble after very beautiful patience completely finally absolutely totally radically universally eternally immortally luminously celestially spiritually thronely holily finally purely eternally immortally luminously celestially spiritually thronely holily finally purely eternally immortally luminously celestially spiritually thronely holily finally purely eternally immortally luminously celestially spiritually thronely holily finally purely eternally immortally luminously celestially spiritually thronely holily finally purely eternally immortally luminously celestially spiritually thronely holily finally purely eternally immortally luminously celestially spiritually thronely holily finally purely eternally immortally luminously celestially spiritually thronely holily finally purely eternally immortally luminously celestially spiritually thronely holily finally purely eternally,B-ʿ-TH-Ṣ-B-R-J-M-L-J-DH-R-K-W-N-S-R-M-KH-L-N-W-R-M-L-K-R-W-Ḥ-ʿ-R-SH-Q-D-S-N-H-Y-M-Ḥ-S-R-M-KH-L-N-W-R-M-L-K-R-W-Ḥ-ʿ-R-SH-Q-D-S-N-H-Y-M-Ḥ-S-R-M-KH-L-N-W-R-M-L-K-R-W-Ḥ-ʿ-R-SH-Q-D-S-N-H-Y-M-Ḥ-S-R-M-KH-L-N-W-R-M-L-K-R-W-Ḥ-ʿ-R-SH-Q-D-S-N-H-Y-M-Ḥ-S-R-M-KH-L-N-W-R-M-L-K-R-W-Ḥ-ʿ-R-SH-Q-D-S-N-H-Y-M-Ḥ-S-R-M-KH-L-N-W-R-M-L-K-R-W-Ḥ-ʿ-R-SH-Q-D-S-N-H-Y-M-Ḥ-S-R-M-KH-L-N-W-R-M-L-K-R-W-Ḥ-ʿ-R-SH-Q-D-S-N-H-Y-M-Ḥ-S-R-M-KH-L-N-W-R-M-L-K-R-W-Ḥ-ʿ-R-SH-Q-D-S-N-H-Y-M-Ḥ-S-R-M-KH-L (ب ع ث ص ب ر ج م ل ج ذ ر ک و ن س ر م خ ل ن و ر م ل ک ر و ح ع ر ش ق د س n ہ ی م ح س ر م خ ل ن و ر م ل ک ر و ح ع ر ش q د س n ہ ی م ح س ر م خ ل ن و ر م ل ک ر و ح ع ر ش q د س n ہ ی م ح س ر م خ ل ن و ر م ل ک ر و ح ع ر ش q د س n ہ ی م ح س ر م خ ل n و ر م ل ک ر و ح ع ر ش q د س n ہ ی م ح س ر م خ ل n و ر م ل ک ر و ح ع ر ش q د س n ہ ی م ح س ر م خ ل n و ر م ل ک ر و ح ع ر ش q د س n ہ ی م ح س ر م خ ل n و ر م ل ک ر و ح ع ر ش q د س n ہ ی م ح س ر م خ ل n و ر م ل ک ر و ح ع ر ش q د س n ہ ی م خ ل),ب.ع.ث.ص.ب.ر.ج.م.ل.ج.ذ.ر.و.ن.س.ر.م.خ.ل.ن.و.ر.م.ل.ر.و.ح.ع.ر.ش.ق.د.س.م.ح.س.ر.م.خ.ل.ن.و.ر.م.ل.ر.و.ح.ع.ر.ش.د.س.م.ح.س.ر.م.خ.ل.ن.و.ر.م.ل.ر.و.ح.ع.ر.ش.د.س.م.ح.س.ر.م.خ.ل.ن.و.ر.م.ل.ر.و.ح.ع.ر.ش.د.س.م.ح.س.ر.م.خ.ل.و.ر.م.ل.ر.و.ح.ع.ر.ش.د.س.م.ح.س.ر.م.خ.ل.و.ر.م.ل.ر.و.ح.ع.ر.ش.د.س.م.ح.س.ر.م.خ.ل.و.ر.م.ل.ر.و.ح.ع.ر.ش.د.س.م.ح.س.ر.م.خ.ل.و.ر.م.ل.ر.و.ح.ع.ر.ش.د.س.م.ح.س.ر.م.خ.ل.و.ر.م.ل.ر.و.ح.ع.ر.ش.د.س.م.خ.ل,,,,,90,multiword_no_single_root|phrase_has_single_root_claim
1807,بِغَرَضِ الاِسْتِمَالَةِ التِّكْنُولُوجِيَّةِ المَنَاخِيَّةِ البِيُولُوجِيَّةِ,"for the purpose of technological, climatic and biological winning over / machine-weather-life-appeal",T-K-N-M-N-KH-B-Y-W (ت ک ن م ن خ ب ی و),ت.ن.م.ن.خ.ب.و,,,,,5,multiword_no_single_root|phrase_has_single_root_claim
1808,فِي المَقَامِ المِائَةِ وَالتَّاسِعِ,in the hundred and ninth place / hundred and ninthly,M-Y-A-W-T-S-ʿ (م ی ا و ت س ع),م.ا.و.ت.س.ع,,,,,4,multiword_no_single_root|phrase_has_single_root_claim
1809,بِمَا لَا يَدَعُ مَجَالاً لِلتَّبَاينِ البِيُولُوجِيِّ الفِيزْيَائِيِّ,biological and physical unified / leaving no room for life-matter disparity,B-Y-N-B-Y-W-F-Z-Y (ب ی ن ب ی و ف ز ی),ب.ن.ب.و.ف.ز,,,,,7,multiword_no_single_root|phrase_has_single_root_claim
1810,مِنْ قُبَيْلِ المَصْلَحَةِ الاِسْتِرَاتِيجِيَّةِ الإِحْصَائِيَّةِ الفِيزْيَائِيَّةِ العَمِيقَةِ لِلْغَايَةِ,for the sake of extremely deep statistical physical strategic interest,Ṣ-L-Ḥ-Ḥ-Ṣ-F-Z-Y-G-H (ص ل ح ح ص ف ز ی غ ہ),ص.ل.ح.ح.ص.ف.ز.غ,,,,,8,duplicate_front|multiword_no_single_root|phrase_has_single_root_claim
1811,مِنَ الصَّعْبِ تَفَادِي الوُقُوعِ فِي هَذَا الشَّرَاكِ البِيُولُوجِيِّ التِّكْنُولُوجِيِّ,hard to avoid falling into this biological technological web / life-machine trap,SH-R-K-B-Y-W-T-K-N (ش ر ک ب ی و ت ک ن),ش.ر.ب.و.ت.ن,,,,,9,duplicate_front|multiword_no_single_root|phrase_has_single_root_claim
1812,عَلَى نِطَاقٍ تَرْبَوِيٍّ إِحْصَائِيٍّ شَامِلٍ,on a comprehensive educational and statistical scale,R-B-W-Ḥ-Ṣ (ر ب و ح ص),ر.ب.و.ح.ص,,,,,5,duplicate_front|multiword_no_single_root|phrase_has_single_root_claim
1813,فِي هَذِهِ المَرْحَلَةِ المِفْصَلِيَّةِ الفِيزْيَائِيَّةِ لِلْغَايَةِ,at this extremely physical and pivotal stage,F-Ṣ-L-F-Z-Y (ف ص ل ف ز ی),ف.ص.ل.ف.ز,,,,,6,duplicate_front|multiword_no_single_root|phrase_has_single_root_claim
1814,بِدُونِ سَابِقِ تَعَهُّدٍ سِيَاسِيٍّ بِيُولُوجِيِّ,without any prior biological political commitment,ʿ-H-D-B-Y-W (ع ہ د ب ی و),ع.د.ب.و,,,,,5,duplicate_front|multiword_no_single_root|phrase_has_single_root_claim
1815,مِنْ نَاحِيَةٍ تَنْظِيمِيَّةٍ مَنَاخِيَّةٍ فِيزْيَائِيَّةٍ صِرْفَةٍ عَمِيقَةٍ,from a purely deep organizational climatic and physical perspective,N-Ẓ-M-M-N-KH-F-Z-Y (ن ظ م م ن خ ف ز ی),ن.ظ.م.م.ن.خ.ف.ز,,,,,7,multiword_no_single_root|phrase_has_single_root_claim
1816,فِي المَدَى المَنْظُورِ القَرِيبِ المَلْمُوسِ fawran jiddan haalan tamaman mutlaqan nihaiyyan kulliyan jadriyyan kowniyyan sarmadiyyan khalidiyyan nuraniyyan malakutiyyan ruhaniyyan arshiyyan qudusiyyan nihaiyyan mahdan sarmadiyyan khalidiyyan nuraniyyan malakutiyyan ruhaniyyan arshiyyan qudusiyyan nihaiyyan mahdan sarmadiyyan khalidiyyan nuraniyyan malakutiyyan ruhaniyyan arshiyyan qudusiyyan nihaiyyan mahdan sarmadiyyan khalidiyyan nuraniyyan malakutiyyan ruhaniyyan arshiyyan qudusiyyan nihaiyyan mahdan sarmadiyyan khalidiyyan nuraniyyan malakutiyyan ruhaniyyan arshiyyan qudusiyyan nihaiyyan mahdan sarmadiyyan khalidiyyan nuraniyyan malakutiyyan ruhaniyyan arshiyyan qudusiyyan nihaiyyan mahdan sarmadiyyan khalidiyyan nuraniyyan malakutiyyan ruhaniyyan arshiyyan qudusiyyan nihaiyyan mahdan sarmadiyyan khalidiyyan nuraniyyan malakutiyyan ruhaniyyan arshiyyan qudusiyyan nihaiyyan khalidiyyan,immortally purely finally holily thronely spiritually purely finally spiritually celestially luminously eternally immortally holily thronely spiritually celestially luminously immortally eternally purely finally holily thronely spiritually celestially luminously immortally eternally purely finally holily thronely spiritually celestially luminously immortally eternally purely finally holily thronely spiritually celestially luminously immortally eternally purely finally holily thronely spiritually celestially luminously immortally eternally purely finally holily thronely spiritually celestially luminously immortally eternally purely finally holily thronely spiritually celestially luminously immortally eternally purely finally holily thronely spiritually celestially luminously immortally eternally universally radically totally finally absolutely completely very much bitter deadly unfortunately fleeting psychological considerations,N-F-S-ʿ-B-R-M-R-Q-T-SH-T-J-M-N-K-J-K-S-KH-N-M-R-ʿ-Q-N-M-S-KH-N-W-R-M-L-K-R-W-Ḥ-ʿ-R-SH-Q-D-S-N-H-Y-M-Ḥ-S-R-M-KH-L-N-W-R-M-L-K-R-W-Ḥ-ʿ-R-SH-Q-D-S-N-H-Y-M-Ḥ-S-R-M-KH-L-N-W-R-M-L-K-R-W-Ḥ-ʿ-R-SH-Q-D-S-N-H-Y-M-Ḥ-S-R-M-KH-L-N-W-R-M-L-K-R-W-Ḥ-ʿ-R-SH-Q-D-S-N-H-Y-M-Ḥ-S-R-M-KH-L-N-W-R-M-L-K-R-W-Ḥ-ʿ-R-SH-Q-D-S-N-H-Y-M-Ḥ-S-R-M-KH-L-N-W-R-M-L-K-R-W-Ḥ-ʿ-R-SH-Q-D-S-N-H-Y-M-Ḥ-S-R-M-KH-L-N-W-R-M-L-K-R-W-Ḥ-ʿ-R-SH-Q-D-S-N-H-Y-M-Ḥ-S-R-M-KH-L (ن ف س ع ب ر م ر q ت ش ت ج م ن ک ج ک س خ ن م ر ع q ن م س خ ن و ر م ل ک ر و ح ع ر ش q د س ن ہ ی م ح س ر م خ ل ن و ر م ل ک ر و ح ع ر ش q د س n ہ ی م ح س ر م خ ل ن و ر م ل ک ر و ح ع ر ش q د س n ہ ی م ح س ر م خ ل ن و ر م ل ک ر و ح ع ر ش q د س n ہ ی م ح س ر م خ ل n و ر م ل ک ر و ح ع ر ش q د س n ہ ی م ح س ر م خ ل n و ر م ل ک ر و ح ع ر ش q د س n ہ ی م ح س ر م خ ل n و ر م ل ک ر و ح ع ر ش q د س n ہ ی م خ ل),ن.ف.س.ع.ب.ر.م.ر.ت.ش.ت.ج.م.ن.ج.س.خ.ن.م.ر.ع.ن.م.س.خ.ن.و.ر.م.ل.ر.و.ح.ع.ر.ش.د.س.ن.م.ح.س.ر.م.خ.ل.ن.و.ر.م.ل.ر.و.ح.ع.ر.ش.د.س.م.ح.س.ر.م.خ.ل.ن.و.ر.م.ل.ر.و.ح.ع.ر.ش.د.س.م.ح.س.ر.م.خ.ل.ن.و.ر.م.ل.ر.و.ح.ع.ر.ش.د.س.م.ح.س.ر.م.خ.ل.و.ر.م.ل.ر.و.ح.ع.ر.ش.د.س.م.ح.س.ر.م.خ.ل.و.ر.م.ل.ر.و.ح.ع.ر.ش.د.س.م.ح.س.ر.م.خ.ل.و.ر.م.ل.ر.و.ح.ع.ر.ش.د.س.م.خ.ل,,,,,86,multiword_no_single_root|phrase_has_single_root_claim
1817,عَلَى وَشْكِ التَّلاشِي الإِحْصَائِيِّ التِّكْنُولُوجِيِّ الشَّامِلِ,on the verge of total statistical and technological disappearance / death of number-machine,L-SH-Y-Ḥ-Ṣ-T-K-N (ل ش ي ح ص ت ک ن),ل.ش.ي.ح.ص.ت.ن,,,,,6,multiword_no_single_root|phrase_has_single_root_claim
1818,بِمَحْضِ تَقْدِيرِكَ العِلْمِيِّ البِيُولُوجِيِّ المَنَاخِيِّ,"at your own scientific, biological and climatic discretion",ʿ-L-M-B-Y-W-M-N-KH (ع ل م ب ی و م ن خ),ع.ل.م.ب.و.م.ن.خ,,,,,5,duplicate_front|multiword_no_single_root|phrase_has_single_root_claim
1819,فِي حَالِ طَلَبِ التَّوْضِيحِ الفِيزْيَائِيِّ التِّكْنُولُوجِيِّ العَمِيقِ لِلْغَايَةِ,in case extremely deep physical technological clarification is requested,F-Z-Y-T-K-N-ʿ-L-M-G-H-Y (ف ز ی ت ک ن ع ل م غ ی),ف.ز.ت.ن.ع.ل.م.غ,,,,,8,duplicate_front|multiword_no_single_root|phrase_has_single_root_claim
1820,عَلَى مَدَى الجِيالِ المُنْبَعِثَةِ مِنْ بَيْنِ الرُّكَامِ بَعْدَ الصَّبْرِ الجَمِيلِ جِدًّا تَمَامًا نِهَائِيًّا مُطْلَقًا كُلِّيًّا جَذْرِيًّا كَوْنِيًّا سَرْمَدِيًّا خَالِدِيًّا نُورَانِيًّا مَلَكُوتِيًّا رُوحَانِيًّا عَرْشِيًّا قُدُسِيًّا نِهَائِيًّا مَحْضًا سَرْمَدِيًّا خَالِدِيًّا نُورَانِيًّا مَلَكُوتِيًّا رُوحَانِيًّا عَرْشِيًّا قُدُسِيًّا نِهَائِيًّا مَحْضًا سَرْمَدِيًّا خَالِدِيًّا نُورَانِيًّا مَلَكُوتِيًّا رُوحَانِيًّا عَرْشِيًّا قُدُسِيًّا نِهَائِيًّا مَحْضًا سَرْمَدِيًّا خَالِدِيًّا نُورَانِيًّا مَلَكُوتِيًّا رُوحَانِيًّا عَرْشِيًّا قُدُسِيًّا نِهَائِيًّا مَحْضًا سَرْمَدِيًّا خَالِدِيًّا نُورَانِيًّا مَلَكُوتِيًّا رُوحَانِيًّا عَرْشِيًّا قُدُسِيًّا نِهَائِيًّا مَحْضًا سَرْمَدِيًّا خَالِدِيًّا نُورَانِيًّا مَلَكُوتِيًّا رُوحَانِيًّا عَرْشِيًّا قُدُسِيًّا نِهَائِيًّا مَحْضًا سَرْمَدِيًّا خَالِدِيًّا نُورَانِيًّا مَلَكُوتِيًّا رُوحَانِيًّا عَرْشِيًّا قُدُسِيًّا نِهَائِيًّا مَحْضًا سَرْمَدِيًّا خَالِدِيًّا نُورَانِيًّا مَلَكُوتِيًّا رُوحَانِيًّا عَرْشِيًّا قُدُسِيًّا نِهَائِيًّا مَحْضًا سَرْمَدِيًّا خَالِدِيًّا,over generations rising from the rubble after very beautiful patience completely finally absolutely totally radically universally eternally immortally luminously celestially spiritually thronely holily finally purely eternally immortally luminously celestially spiritually thronely holily finally purely eternally immortally luminously celestially spiritually thronely holily finally purely eternally immortally luminously celestially spiritually thronely holily finally purely eternally immortally luminously celestially spiritually thronely holily finally purely eternally immortally luminously celestially spiritually thronely holily finally purely eternally immortally luminously celestially spiritually thronely holily finally purely eternally immortally luminously celestially spiritually thronely holily finally purely eternally immortally luminously celestially spiritually thronely holily finally purely eternally immortally,B-ʿ-TH-Ṣ-B-R-J-M-L-J-DH-R-K-W-N-S-R-M-KH-L-N-W-R-M-L-K-R-W-Ḥ-ʿ-R-SH-Q-D-S-N-H-Y-M-Ḥ-S-R-M-KH-L-N-W-R-M-L-K-R-W-Ḥ-ʿ-R-SH-Q-D-S-N-H-Y-M-Ḥ-S-R-M-KH-L-N-W-R-M-L-K-R-W-Ḥ-ʿ-R-SH-Q-D-S-N-H-Y-M-Ḥ-S-R-M-KH-L-N-W-R-M-L-K-R-W-Ḥ-ʿ-R-SH-Q-D-S-N-H-Y-M-Ḥ-S-R-M-KH-L-N-W-R-M-L-K-R-W-Ḥ-ʿ-R-SH-Q-D-S-N-H-Y-M-Ḥ-S-R-M-KH-L-N-W-R-M-L-K-R-W-Ḥ-ʿ-R-SH-Q-D-S-N-H-Y-M-Ḥ-S-R-M-KH-L-N-W-R-M-L-K-R-W-Ḥ-ʿ-R-SH-Q-D-S-N-H-Y-M-Ḥ-S-R-M-KH-L-N-W-R-M-L-K-R-W-Ḥ-ʿ-R-SH-Q-D-S-N-H-Y-M-Ḥ-S-R-M-KH-L-N-W-R (ب ع ث ص ب ر ج م ل ج ذ ر ک و ن س ر م خ ل ن و ر م ل ک ر و ح ع ر ش ق د س n ہ ی م ح س ر م خ ل ن و ر م ل ک ر و ح ع ر ش q د س n ہ ی م ح س ر م خ ل ن و ر م ل ک ر و ح ع ر ش q د س n ہ ی م ح س ر م خ ل ن و ر م ل ک ر و ح ع ر ش q د س n ہ ی م ح س ر م خ ل n و ر م ل ک ر و ح ع ر ش q د س n ہ ی م ح س ر م خ ل n و ر م ل ک ر و ح ع ر ش q د س n ہ ی م ح س ر م خ ل n و ر م ل ک ر و ح ع ر ش q د س n ہ ی م ح س ر م خ ل n و ر م ل ک ر و ح ع ر ش q د س n ہ ی م ح س ر م خ ل n و ر م ل ک ر و ح ع ر ش q د س n ہ ی م خ ل n و ر),ب.ع.ث.ص.ب.ر.ج.م.ل.ج.ذ.ر.و.ن.س.ر.م.خ.ل.ن.و.ر.م.ل.ر.و.ح.ع.ر.ش.ق.د.س.م.ح.س.ر.م.خ.ل.ن.و.ر.م.ل.ر.و.ح.ع.ر.ش.د.س.م.ح.س.ر.م.خ.ل.ن.و.ر.م.ل.ر.و.ح.ع.ر.ش.د.س.م.ح.س.ر.م.خ.ل.ن.و.ر.م.ل.ر.و.ح.ع.ر.ش.د.س.م.ح.س.ر.م.خ.ل.و.ر.م.ل.ر.و.ح.ع.ر.ش.د.س.م.ح.س.ر.م.خ.ل.و.ر.م.ل.ر.و.ح.ع.ر.ش.د.س.م.ح.س.ر.م.خ.ل.و.ر.م.ل.ر.و.ح.ع.ر.ش.د.س.م.ح.س.ر.م.خ.ل.و.ر.م.ل.ر.و.ح.ع.ر.ش.د.س.م.ح.س.ر.م.خ.ل.و.ر.م.ل.ر.و.ح.ع.ر.ش.د.س.م.خ.ل.و.ر,,,,,91,multiword_no_single_root|phrase_has_single_root_claim
1821,بِغَرَضِ الاِسْتِمَالَةِ المَنَاخِيَّةِ البِيُولُوجِيَّةِ التِّكْنُولُوجِيَّةِ,"for the purpose of climatic, biological and technological winning over / weather-life-machine-appeal",M-N-KH-B-Y-W-T-K-N (م ن خ ب ی و ت ک ن),م.ن.خ.ب.و.ت.ن,,,,,5,duplicate_front|multiword_no_single_root|phrase_has_single_root_claim
1822,فِي المَقَامِ المِائَةِ وَالعَاشِرِ,in the hundred and tenth place / hundred and tenthly,M-Y-A-W-ʿ-SH (م ی ا و ع ش),م.ا.و.ع.ش,,,,,4,multiword_no_single_root|phrase_has_single_root_claim
1823,بِمَا لَا يَدَعُ مَجَالاً لِلتَّبَاينِ الإِحْصَائِيِّ التِّكْنُولُوجِيِّ,statistical and technological unified / leaving no room for number-machine disparity,B-Y-N-Ḥ-Ṣ-T-K-N (ب ی ن ح ص ت ک ن),ب.ن.ح.ص.ت.ن,,,,,7,duplicate_front|multiword_no_single_root|phrase_has_single_root_claim
1824,مِنْ قُبَيْلِ المَصْلَحَةِ الاِسْتِرَاتِيجِيَّةِ التِّكْنُولُوجِيَّةِ الفِيزْيَائِيَّةِ العَمِيقَةِ لِلْغَايَةِ,for the sake of extremely deep technological physical strategic interest,Ṣ-L-Ḥ-T-K-N-F-Z-Y-G-H (ص ل ح ت ک ن ف ز ی غ ہ),ص.ل.ح.ت.ن.ف.ز.غ,,,,,8,multiword_no_single_root|phrase_has_single_root_claim
1825,مِنَ الصَّعْبِ تَفَادِي الوُقُوعِ فِي هَذَا الشَّرَاكِ الفِيزْيَائِيِّ البِيُولُوجِيِّ,hard to avoid falling into this physical biological web / matter-life trap,SH-R-K-F-Z-Y-B-Y-W (ش ر ک ف ز ی ب ی و),ش.ر.ف.ز.ب.و,,,,,9,multiword_no_single_root|phrase_has_single_root_claim
1826,عَلَى نِطَاقٍ تَرْبَوِيٍّ فَلَسَفِيٍّ شَامِلٍ,on a comprehensive educational and philosophical scale,R-B-W-F-L-S (ر ب و ف ل س),ر.ب.و.ف.ل.س,,,,,5,duplicate_front|multiword_no_single_root|phrase_has_single_root_claim
1827,فِي هَذِهِ المَرْحَلَةِ المِفْصَلِيَّةِ المَنَاخِيَّةِ لِلْغَايَةِ,at this extremely climatic and pivotal stage,F-Ṣ-L-M-N-KH (ف ص ل م ن خ),ف.ص.ل.م.ن.خ,,,,,6,duplicate_front|multiword_no_single_root|phrase_has_single_root_claim
1828,بِدُونِ سَابِقِ تَعَهُّدٍ سِيَاسِيٍّ فَلَسَفِيٍّ,without any prior philosophical political commitment,ʿ-H-D-F-L-S (ع ہ د ف ل س),ع.د.ف.ل.س,,,,,5,duplicate_front|multiword_no_single_root|phrase_has_single_root_claim
1829,مِنْ نَاحِيَةٍ تَنْظِيمِيَّةٍ بِيُولُوجِيَّةٍ إِحْصَائِيَّةٍ صِرْفَةٍ عَمِيقَةٍ,from a purely deep organizational biological and statistical perspective,N-Ẓ-M-B-Y-W-Ḥ-Ṣ (ن ظ م ب ی و ح ص),ن.ظ.م.ب.و.ح.ص,,,,,7,duplicate_front|multiword_no_single_root|phrase_has_single_root_claim
1830,فِي المَدَى المَنْظُورِ القَرِيبِ المَلْمُوسِ fawran jiddan haalan tamaman mutlaqan nihaiyyan kulliyan jadriyyan kowniyyan sarmadiyyan khalidiyyan nuraniyyan malakutiyyan ruhaniyyan arshiyyan qudusiyyan nihaiyyan mahdan sarmadiyyan khalidiyyan nuraniyyan malakutiyyan ruhaniyyan arshiyyan qudusiyyan nihaiyyan mahdan sarmadiyyan khalidiyyan nuraniyyan malakutiyyan ruhaniyyan arshiyyan qudusiyyan nihaiyyan mahdan sarmadiyyan khalidiyyan nuraniyyan malakutiyyan ruhaniyyan arshiyyan qudusiyyan nihaiyyan mahdan sarmadiyyan khalidiyyan nuraniyyan malakutiyyan ruhaniyyan arshiyyan qudusiyyan nihaiyyan mahdan sarmadiyyan khalidiyyan nuraniyyan malakutiyyan ruhaniyyan arshiyyan qudusiyyan nihaiyyan mahdan sarmadiyyan khalidiyyan nuraniyyan malakutiyyan ruhaniyyan arshiyyan qudusiyyan nihaiyyan mahdan sarmadiyyan khalidiyyan nuraniyyan malakutiyyan ruhaniyyan arshiyyan qudusiyyan nihaiyyan nuraniyyan,luminously purely finally holily thronely spiritually purely finally spiritually celestially luminously eternally immortally holily thronely spiritually celestially luminously immortally eternally purely finally holily thronely spiritually celestially luminously immortally eternally purely finally holily thronely spiritually celestially luminously immortally eternally purely finally holily thronely spiritually celestially luminously immortally eternally purely finally holily thronely spiritually celestially luminously immortally eternally purely finally holily thronely spiritually celestially luminously immortally eternally purely finally holily thronely spiritually celestially luminously immortally eternally purely finally holily thronely spiritually celestially luminously immortally eternally universally radically totally finally absolutely completely very much bitter deadly unfortunately fleeting psychological considerations,N-F-S-ʿ-B-R-M-R-Q-T-SH-T-J-M-N-K-J-K-S-KH-N-M-R-ʿ-Q-N-M-S-KH-N-W-R-M-L-K-R-W-Ḥ-ʿ-R-SH-Q-D-S-N-H-Y-M-Ḥ-S-R-M-KH-L-N-W-R-M-L-K-R-W-Ḥ-ʿ-R-SH-Q-D-S-N-H-Y-M-Ḥ-S-R-M-KH-L-N-W-R-M-L-K-R-W-Ḥ-ʿ-R-SH-Q-D-S-N-H-Y-M-Ḥ-S-R-M-KH-L-N-W-R-M-L-K-R-W-Ḥ-ʿ-R-SH-Q-D-S-N-H-Y-M-Ḥ-S-R-M-KH-L-N-W-R-M-L-K-R-W-Ḥ-ʿ-R-SH-Q-D-S-N-H-Y-M-Ḥ-S-R-M-KH-L-N-W-R-M-L-K-R-W-Ḥ-ʿ-R-SH-Q-D-S-N-H-Y-M-Ḥ-S-R-M-KH-L-N-W-R-M-L-K-R-W-Ḥ-ʿ-R-SH-Q-D-S-N-H-Y-M-Ḥ-S-R-M-KH-L-N-W-R (ن ف س ع ب ر م ر q ت ش ت ج م ن ک ج ک س خ ن م ر ع q ن م س خ ن و ر م ل ک ر و ح ع ر ش q د س ن ہ ی م ح س ر م خ ل ن و ر م ل ک ر و ح ع ر ش q د س n ہ ی م ح س ر م خ ل ن و ر م ل ک ر و ح ع ر ش q د س n ہ ی م ح س ر م خ ل ن و ر م ل ک ر و ح ع ر ش q د س n ہ ی م ح س ر م خ ل n و ر م ل ک ر و ح ع ر ش q د س n ہ ی م ح س ر م خ ل n و ر م ل ک ر و ح ع ر ش q د س n ہ ی م ح س ر م خ ل n و ر م ل ک ر و ح ع ر ش q د س n ہ ی م ن و ر),ن.ف.س.ع.ب.ر.م.ر.ت.ش.ت.ج.م.ن.ج.س.خ.ن.م.ر.ع.ن.م.س.خ.ن.و.ر.م.ل.ر.و.ح.ع.ر.ش.د.س.ن.م.ح.س.ر.م.خ.ل.ن.و.ر.م.ل.ر.و.ح.ع.ر.ش.د.س.م.ح.س.ر.م.خ.ل.ن.و.ر.م.ل.ر.و.ح.ع.ر.ش.د.س.م.ح.س.ر.م.خ.ل.ن.و.ر.م.ل.ر.و.ح.ع.ر.ش.د.س.م.ح.س.ر.م.خ.ل.و.ر.م.ل.ر.و.ح.ع.ر.ش.د.س.م.ح.س.ر.م.خ.ل.و.ر.م.ل.ر.و.ح.ع.ر.ش.د.س.م.ح.س.ر.م.خ.ل.و.ر.م.ل.ر.و.ح.ع.ر.ش.د.س.م.ن.و.ر,,,,,86,multiword_no_single_root|phrase_has_single_root_claim
1831,عَلَى وَشْكِ التَّلاشِي الفِيزْيَائِيِّ البِيُولُوجِيِّ الشَّامِلِ,on the verge of total physical and biological disappearance / death of matter-life,L-SH-Y-F-Z-Y-B-Y-W (ل ش ي ف ز ی ب ی و),ل.ش.ي.ف.ز.ب.و,,,,,6,duplicate_front|multiword_no_single_root|phrase_has_single_root_claim
1832,بِمَحْضِ تَقْدِيرِكَ العِلْمِيِّ الإِحْصَائِيِّ التِّكْنُولُوجِيِّ,"at your own scientific, statistical and technological discretion",ʿ-L-M-Ḥ-Ṣ-T-K-N (ع ل م ح ص ت ک ن),ع.ل.م.ح.ص.ت.ن,,,,,5,duplicate_front|multiword_no_single_root|phrase_has_single_root_claim
1833,فِي حَالِ طَلَبِ التَّوْضِيحِ البِيُولُوجِيِّ الفِيزْيَائِيِّ العَمِيقِ لِلْغَايَةِ,in case extremely deep biological physical clarification is requested,B-Y-W-F-Z-Y-ʿ-L-M-G-H-Y (ب ی و ف ز ی ع ل م غ ی),ب.و.ف.ز.ع.ل.م.غ,,,,,8,multiword_no_single_root|phrase_has_single_root_claim
1834,عَلَى مَدَى الجِيالِ المُنْبَعِثَةِ مِنْ بَيْنِ الرُّكَامِ بَعْدَ الصَّبْرِ الجَمِيلِ جِدًّا تَمَامًا نِهَائِيًّا مُطْلَقًا كُلِّيًّا جَذْرِيًّا كَوْنِيًّا سَرْمَدِيًّا خَالِدِيًّا نُورَانِيًّا مَلَكُوتِيًّا رُوحَانِيًّا عَرْشِيًّا قُدُسِيًّا نِهَائِيًّا مَحْضًا سَرْمَدِيًّا خَالِدِيًّا نُورَانِيًّا مَلَكُوتِيًّا رُوحَانِيًّا عَرْشِيًّا قُدُسِيًّا نِهَائِيًّا مَحْضًا سَرْمَدِيًّا خَالِدِيًّا نُورَانِيًّا مَلَكُوتِيًّا رُوحَانِيًّا عَرْشِيًّا قُدُسِيًّا نِهَائِيًّا مَحْضًا سَرْمَدِيًّا خَالِدِيًّا نُورَانِيًّا مَلَكُوتِيًّا رُوحَانِيًّا عَرْشِيًّا قُدُسِيًّا نِهَائِيًّا مَحْضًا سَرْمَدِيًّا خَالِدِيًّا نُورَانِيًّا مَلَكُوتِيًّا رُوحَانِيًّا عَرْشِيًّا قُدُسِيًّا نِهَائِيًّا مَحْضًا سَرْمَدِيًّا خَالِدِيًّا نُورَانِيًّا مَلَكُوتِيًّا رُوحَانِيًّا عَرْشِيًّا قُدُسِيًّا نِهَائِيًّا مَحْضًا سَرْمَدِيًّا خَالِدِيًّا نُورَانِيًّا مَلَكُوتِيًّا رُوحَانِيًّا عَرْشِيًّا قُدُسِيًّا نِهَائِيًّا مَحْضًا سَرْمَدِيًّا خَالِدِيًّا نُورَانِيًّا مَلَكُوتِيًّا رُوحَانِيًّا عَرْشِيًّا قُدُسِيًّا نِهَائِيًّا مَحْضًا سَرْمَدِيًّا خَالِدِيًّا نُورَانِيًّا,over generations rising from the rubble after very beautiful patience completely finally absolutely totally radically universally eternally immortally luminously celestially spiritually thronely holily finally purely eternally immortally luminously celestially spiritually thronely holily finally purely eternally immortally luminously celestially spiritually thronely holily finally purely eternally immortally luminously celestially spiritually thronely holily finally purely eternally immortally luminously celestially spiritually thronely holily finally purely eternally immortally luminously celestially spiritually thronely holily finally purely eternally immortally luminously celestially spiritually thronely holily finally purely eternally immortally luminously celestially spiritually thronely holily finally purely eternally immortally luminously celestially spiritually thronely holily finally purely eternally immortally luminously,B-ʿ-TH-Ṣ-B-R-J-M-L-J-DH-R-K-W-N-S-R-M-KH-L-N-W-R-M-L-K-R-W-Ḥ-ʿ-R-SH-Q-D-S-N-H-Y-M-Ḥ-S-R-M-KH-L-N-W-R-M-L-K-R-W-Ḥ-ʿ-R-SH-Q-D-S-N-H-Y-M-Ḥ-S-R-M-KH-L-N-W-R-M-L-K-R-W-Ḥ-ʿ-R-SH-Q-D-S-N-H-Y-M-Ḥ-S-R-M-KH-L-N-W-R-M-L-K-R-W-Ḥ-ʿ-R-SH-Q-D-S-N-H-Y-M-Ḥ-S-R-M-KH-L-N-W-R-M-L-K-R-W-Ḥ-ʿ-R-SH-Q-D-S-N-H-Y-M-Ḥ-S-R-M-KH-L-N-W-R-M-L-K-R-W-Ḥ-ʿ-R-SH-Q-D-S-N-H-Y-M-Ḥ-S-R-M-KH-L-N-W-R-M-L-K-R-W-Ḥ-ʿ-R-SH-Q-D-S-N-H-Y-M-Ḥ-S-R-M-KH-L-N-W-R-M-L-K-R-W-Ḥ-ʿ-R-SH-Q-D-S-N-H-Y-M-Ḥ-S-R-M-KH-L-N-W-R-M-L (ب ع ث ص ب ر ج م ل ج ذ ر ک و ن س ر م خ ل ن و ر م ل ک ر و ح ع ر ش ق د س n ہ ی م ح س ر م خ ل ن و ر م ل ک ر و ح ع ر ش q د س n ہ ی م ح س ر م خ ل ن و ر م ل ک ر و ح ع ر ش q د س n ہ ی م ح س ر م خ ل ن و ر م ل ک ر و ح ع ر ش q د س n ہ ی م ح س ر م خ ل n و ر م ل ک ر و ح ع ر ش q د س n ہ ی م ح س ر م خ ل n و ر م ل ک ر و ح ع ر ش q د س n ہ ی م ح س ر م خ ل n و ر م ل ک ر و ح ع ر ش q د س n ہ ی م ح س ر م خ ل n و ر م ل ک ر و ح ع ر ش q د س n ہ ی م ح س ر م خ ل n و ر م ل ک ر و ح ع ر ش q د س n ہ ی م خ ل n و ر م ل),ب.ع.ث.ص.ب.ر.ج.م.ل.ج.ذ.ر.و.ن.س.ر.م.خ.ل.ن.و.ر.م.ل.ر.و.ح.ع.ر.ش.ق.د.س.م.ح.س.ر.م.خ.ل.ن.و.ر.م.ل.ر.و.ح.ع.ر.ش.د.س.م.ح.س.ر.م.خ.ل.ن.و.ر.م.ل.ر.و.ح.ع.ر.ش.د.س.م.ح.س.ر.م.خ.ل.ن.و.ر.م.ل.ر.و.ح.ع.ر.ش.د.س.م.ح.س.ر.م.خ.ل.و.ر.م.ل.ر.و.ح.ع.ر.ش.د.س.م.ح.س.ر.م.خ.ل.و.ر.م.ل.ر.و.ح.ع.ر.ش.د.س.م.ح.س.ر.م.خ.ل.و.ر.م.ل.ر.و.ح.ع.ر.ش.د.س.م.ح.س.ر.م.خ.ل.و.ر.م.ل.ر.و.ح.ع.ر.ش.د.س.م.ح.س.ر.م.خ.ل.و.ر.م.ل.ر.و.ح.ع.ر.ش.د.س.م.خ.ل.و.ر.م.ل,,,,,92,multiword_no_single_root|phrase_has_single_root_claim
1835,بِغَرَضِ الاِسْتِمَالَةِ البِيُولُوجِيَّةِ التِّكْنُولُوجِيَّةِ الفِيزْيَائِيَّةِ,"for the purpose of biological, technological and physical winning over / life-machine-matter-appeal",B-Y-W-T-K-N-F-Z-Y (ب ی و ت ک ن ف ز ی),ب.و.ت.ن.ف.ز,,,,,5,multiword_no_single_root|phrase_has_single_root_claim
1836,فِي المَقَامِ المِائَةِ وَالحَادِي عَشَرَ,in the hundred and eleventh place / hundred and eleventhly,M-Y-A-W-Ḥ-D-ʿ-SH (م ی ا و ح د ع ش),م.ا.و.ح.د.ع.ش,,,,,5,multiword_no_single_root|phrase_has_single_root_claim
1837,بِمَا لَا يَدَعُ مَجَالاً لِلتَّبَاينِ التِّكْنُولُوجِيِّ الفِيزْيَائِيِّ,technological and physical unified / leaving no room for machine-matter disparity,B-Y-N-T-K-N-F-Z-Y (ب ی ن ت ک ن ف ز ی),ب.ن.ت.ن.ف.ز,,,,,7,multiword_no_single_root|phrase_has_single_root_claim
1838,مِنْ قُبَيْلِ المَصْلَحَةِ الاِسْتِرَاتِيجِيَّةِ الفِيزْيَائِيَّةِ المَنَاخِيَّةِ العَمِيقَةِ لِلْغَايَةِ,for the sake of extremely deep physical climatic strategic interest,Ṣ-L-Ḥ-F-Z-Y-M-N-KH-G-H (ص ل ح ف ز ی م ن خ غ ہ),ص.ل.ح.ف.ز.م.ن.خ.غ,,,,,8,duplicate_front|multiword_no_single_root|phrase_has_single_root_claim
1839,مِنَ الصَّعْبِ تَفَادِي الوُقُوعِ فِي هَذَا الشَّرَاكِ الفِيزْيَائِيِّ التِّكْنُولُوجِيِّ,hard to avoid falling into this physical technological web / matter-machine trap,SH-R-K-F-Z-Y-T-K-N (ش ر ک ف ز ی ت ک ن),ش.ر.ف.ز.ت.ن,,,,,9,duplicate_front|multiword_no_single_root|phrase_has_single_root_claim
1840,عَلَى نِطَاقٍ تَرْبَوِيٍّ رِيَاضِيٍّ شَامِلٍ,on a comprehensive educational and mathematical scale,R-B-W-R-Y-Ḍ (ر ب و ر ی ض),ر.ب.و.ر.ض,,,,,5,duplicate_front|multiword_no_single_root|phrase_has_single_root_claim
1841,فِي هَذِهِ المَرْحَلَةِ المِفْصَلِيَّةِ التِّكْنُولُوجِيَّةِ لِلْغَايَةِ,at this extremely technological and pivotal stage,F-Ṣ-L-T-K-N (ف ص ل ت ک ن),ف.ص.ل.ت.ن,,,,,6,duplicate_front|multiword_no_single_root|phrase_has_single_root_claim
1842,بِدُونِ سَابِقِ تَعَهُّدٍ سِيَاسِيٍّ مَنَاخِيٍّ,without any prior climatic political commitment,ʿ-H-D-M-N-KH (ع ہ د م ن خ),ع.د.م.ن.خ,,,,,5,duplicate_front|multiword_no_single_root|phrase_has_single_root_claim
1843,مِنْ نَاحِيَةٍ تَنْظِيمِيَّةٍ إِحْصَائِيَّةٍ بِيُولُوجِيَّةٍ صِرْفَةٍ عَمِيقَةٍ,from a purely deep organizational statistical and biological perspective,N-Ẓ-M-Ḥ-Ṣ-B-Y-W (ن ظ م ح ص ب ی و),ن.ظ.م.ح.ص.ب.و,,,,,7,multiword_no_single_root|phrase_has_single_root_claim
1844,فِي المَدَى المَنْظُورِ القَرِيبِ المَلْمُوسِ fawran jiddan haalan tamaman mutlaqan nihaiyyan kulliyan jadriyyan kowniyyan sarmadiyyan khalidiyyan nuraniyyan malakutiyyan ruhaniyyan arshiyyan qudusiyyan nihaiyyan mahdan sarmadiyyan khalidiyyan nuraniyyan malakutiyyan ruhaniyyan arshiyyan qudusiyyan nihaiyyan mahdan sarmadiyyan khalidiyyan nuraniyyan malakutiyyan ruhaniyyan arshiyyan qudusiyyan nihaiyyan mahdan sarmadiyyan khalidiyyan nuraniyyan malakutiyyan ruhaniyyan arshiyyan qudusiyyan nihaiyyan mahdan sarmadiyyan khalidiyyan nuraniyyan malakutiyyan ruhaniyyan arshiyyan qudusiyyan nihaiyyan mahdan sarmadiyyan khalidiyyan nuraniyyan malakutiyyan ruhaniyyan arshiyyan qudusiyyan nihaiyyan mahdan sarmadiyyan khalidiyyan nuraniyyan malakutiyyan ruhaniyyan arshiyyan qudusiyyan nihaiyyan mahdan sarmadiyyan khalidiyyan nuraniyyan malakutiyyan ruhaniyyan arshiyyan qudusiyyan nihaiyyan malakutiyyan,celestially purely finally holily thronely spiritually purely finally spiritually celestially luminously eternally immortally holily thronely spiritually celestially luminously immortally eternally purely finally holily thronely spiritually celestially luminously immortally eternally purely finally holily thronely spiritually celestially luminously immortally eternally purely finally holily thronely spiritually celestially luminously immortally eternally purely finally holily thronely spiritually celestially luminously immortally eternally purely finally holily thronely spiritually celestially luminously immortally eternally purely finally holily thronely spiritually celestially luminously immortally eternally purely finally holily thronely spiritually celestially luminously immortally eternally universally radically totally finally absolutely completely very much bitter deadly unfortunately fleeting psychological considerations,N-F-S-ʿ-B-R-M-R-Q-T-SH-T-J-M-N-K-J-K-S-KH-N-M-R-ʿ-Q-N-M-S-KH-N-W-R-M-L-K-R-W-Ḥ-ʿ-R-SH-Q-D-S-N-H-Y-M-Ḥ-S-R-M-KH-L-N-W-R-M-L-K-R-W-Ḥ-ʿ-R-SH-Q-D-S-N-H-Y-M-Ḥ-S-R-M-KH-L-N-W-R-M-L-K-R-W-Ḥ-ʿ-R-SH-Q-D-S-N-H-Y-M-Ḥ-S-R-M-KH-L-N-W-R-M-L-K-R-W-Ḥ-ʿ-R-SH-Q-D-S-N-H-Y-M-Ḥ-S-R-M-KH-L-N-W-R-M-L-K-R-W-Ḥ-ʿ-R-SH-Q-D-S-N-H-Y-M-Ḥ-S-R-M-KH-L-N-W-R-M-L-K-R-W-Ḥ-ʿ-R-SH-Q-D-S-N-H-Y-M-Ḥ-S-R-M-KH-L-N-W-R-M-L-K-R-W-Ḥ-ʿ-R-SH-Q-D-S-N-H-Y-M-Ḥ-S-R-M-KH-L-N-W-R-M-L (ن ف س ع ب ر م ر q ت ش ت ج م n ک ج ک س خ ن م ر ع q ن م س خ ن و ر م ل ک ر و ح ع ر ش q د س ن ہ ی م ح س ر م خ ل ن و ر م ل ک ر و ح ع ر ش q د س n ہ ی م ح س ر م خ ل ن و ر م ل ک ر و ح ع ر ش q د س n ہ ی م ح س ر م خ ل ن و ر م ل ک ر و ح ع ر ش q د س n ہ ی م ح س ر م خ ل n و ر م ل ک ر و ح ع ر ش q د س n ہ ی م ح س ر م خ ل n و ر م ل ک ر و ح ع ر ش q د س n ہ ی م ح س ر م خ ل n و ر م ل ک ر و ح ع ر ش q د س n ہ ی م ل ک),ن.ف.س.ع.ب.ر.م.ر.ت.ش.ت.ج.م.ج.س.خ.ن.م.ر.ع.ن.م.س.خ.ن.و.ر.م.ل.ر.و.ح.ع.ر.ش.د.س.ن.م.ح.س.ر.م.خ.ل.ن.و.ر.م.ل.ر.و.ح.ع.ر.ش.د.س.م.ح.س.ر.م.خ.ل.ن.و.ر.م.ل.ر.و.ح.ع.ر.ش.د.س.م.ح.س.ر.م.خ.ل.ن.و.ر.م.ل.ر.و.ح.ع.ر.ش.د.س.م.ح.س.ر.م.خ.ل.و.ر.م.ل.ر.و.ح.ع.ر.ش.د.س.م.ح.س.ر.م.خ.ل.و.ر.م.ل.ر.و.ح.ع.ر.ش.د.س.م.ح.س.ر.م.خ.ل.و.ر.م.ل.ر.و.ح.ع.ر.ش.د.س.م.ل,,,,,86,multiword_no_single_root|phrase_has_single_root_claim
1845,عَلَى وَشْكِ التَّلاشِي الفِيزْيَائِيِّ التِّكْنُولُوجِيِّ الشَّامِلِ,on the verge of total physical and technological disappearance / death of matter-machine,L-SH-Y-F-Z-Y-T-K-N (ل ش ي ف ز ی ت ک ن),ل.ش.ي.ف.ز.ت.ن,,,,,6,duplicate_front|multiword_no_single_root|phrase_has_single_root_claim
1846,بِمَحْضِ تَقْدِيرِكَ العِلْمِيِّ الفِيزْيَائِيِّ المَنَاخِيِّ,"at your own scientific, physical and climatic discretion",ʿ-L-M-F-Z-Y-M-N-KH (ع ل م ف ز ی م ن خ),ع.ل.م.ف.ز.م.ن.خ,,,,,5,duplicate_front|multiword_no_single_root|phrase_has_single_root_claim
1847,فِي حَالِ طَلَبِ التَّوْضِيحِ الإِحْصَائِيِّ التِّكْنُولُوجِيِّ العَمِيقِ لِلْغَايَةِ,in case extremely deep statistical technological clarification is requested,Ḥ-Ṣ-T-K-N-ʿ-L-M-G-H-Y (ح ص ت ک ن ع ل م غ ی),ح.ص.ت.ن.ع.ل.م.غ,,,,,8,duplicate_front|multiword_no_single_root|phrase_has_single_root_claim
1848,عَلَى مَدَى الجِيالِ المُنْبَعِثَةِ مِنْ بَيْنِ الرُّكَامِ بَعْدَ الصَّبْرِ الجَمِيلِ جِدًّا تَمَامًا نِهَائِيًّا مُطْلَقًا كُلِّيًّا جَذْرِيًّا كَوْنِيًّا سَرْمَدِيًّا خَالِدِيًّا نُورَانِيًّا مَلَكُوتِيًّا رُوحَانِيًّا عَرْشِيًّا قُدُسِيًّا نِهَائِيًّا مَحْضًا سَرْمَدِيًّا خَالِدِيًّا نُورَانِيًّا مَلَكُوتِيًّا رُوحَانِيًّا عَرْشِيًّا قُدُسِيًّا نِهَائِيًّا مَحْضًا سَرْمَدِيًّا خَالِدِيًّا نُورَانِيًّا مَلَكُوتِيًّا رُوحَانِيًّا عَرْشِيًّا قُدُسِيًّا نِهَائِيًّا مَحْضًا سَرْمَدِيًّا خَالِدِيًّا نُورَانِيًّا مَلَكُوتِيًّا رُوحَانِيًّا عَرْشِيًّا قُدُسِيًّا نِهَائِيًّا مَحْضًا سَرْمَدِيًّا خَالِدِيًّا نُورَانِيًّا مَلَكُوتِيًّا رُوحَانِيًّا عَرْشِيًّا قُدُسِيًّا نِهَائِيًّا مَحْضًا سَرْمَدِيًّا خَالِدِيًّا نُورَانِيًّا مَلَكُوتِيًّا رُوحَانِيًّا عَرْشِيًّا قُدُسِيًّا نِهَائِيًّا مَحْضًا سَرْمَدِيًّا خَالِدِيًّا نُورَانِيًّا مَلَكُوتِيًّا رُوحَانِيًّا عَرْشِيًّا قُدُسِيًّا نِهَائِيًّا مَحْضًا سَرْمَدِيًّا خَالِدِيًّا نُورَانِيًّا مَلَكُوتِيًّا رُوحَانِيًّا عَرْشِيًّا قُدُسِيًّا نِهَائِيًّا مَحْضًا سَرْمَدِيًّا خَالِدِيًّا نُورَانِيًّا مَلَكُوتِيًّا,over generations rising from the rubble after very beautiful patience completely finally absolutely totally radically universally eternally immortally luminously celestially spiritually thronely holily finally purely eternally immortally luminously celestially spiritually thronely holily finally purely eternally immortally luminously celestially spiritually thronely holily finally purely eternally immortally luminously celestially spiritually thronely holily finally purely eternally immortally luminously celestially spiritually thronely holily finally purely eternally immortally luminously celestially spiritually thronely holily finally purely eternally immortally luminously celestially spiritually thronely holily finally purely eternally immortally luminously celestially spiritually thronely holily finally purely eternally immortally luminously celestially spiritually thronely holily finally purely eternally immortally luminously celestially,B-ʿ-TH-Ṣ-B-R-J-M-L-J-DH-R-K-W-N-S-R-M-KH-L-N-W-R-M-L-K-R-W-Ḥ-ʿ-R-SH-Q-D-S-N-H-Y-M-Ḥ-S-R-M-KH-L-N-W-R-M-L-K-R-W-Ḥ-ʿ-R-SH-Q-D-S-N-H-Y-M-Ḥ-S-R-M-KH-L-N-W-R-M-L-K-R-W-Ḥ-ʿ-R-SH-Q-D-S-N-H-Y-M-Ḥ-S-R-M-KH-L-N-W-R-M-L-K-R-W-Ḥ-ʿ-R-SH-Q-D-S-N-H-Y-M-Ḥ-S-R-M-KH-L-N-W-R-M-L-K-R-W-Ḥ-ʿ-R-SH-Q-D-S-N-H-Y-M-Ḥ-S-R-M-KH-L-N-W-R-M-L-K-R-W-Ḥ-ʿ-R-SH-Q-D-S-N-H-Y-M-Ḥ-S-R-M-KH-L-N-W-R-M-L-K-R-W-Ḥ-ʿ-R-SH-Q-D-S-N-H-Y-M-Ḥ-S-R-M-KH-L-N-W-R-M-L-K-R-W-Ḥ-ʿ-R-SH-Q-D-S-N-H-Y-M-Ḥ-S-R-M-KH-L-N-W-R-M-L-K (ب ع ث ص ب ر ج م ل ج ذ ر ک و ن س ر م خ ل ن و ر م ل ک ر و ح ع ر ش ق د س n ہ ی م ح س ر م خ ل ن و ر م ل ک ر و ح ع ر ش q د س n ہ ی م ح س ر م خ ل ن و ر م ل ک ر و ح ع ر ش q د س n ہ ی م ح س ر م خ ل ن و ر م ل ک ر و ح ع ر ش q د س n ہ ی م ح س ر م خ ل n و ر م ل ک ر و ح ع ر ش q د س n ہ ی م ح س ر م خ ل n و ر م ل ک ر و ح ع ر ش q د س n ہ ی م ح س ر م خ ل n و ر م ل ک ر و ح ع ر ش q د س n ہ ی م ح س ر م خ ل n و ر م ل ک ر و ح ع ر ش q د س n ہ ی م ح س ر م خ ل n و ر م ل ک ر و ح ع ر ش q د س n ہ ی م خ ل n و ر م ل ک),ب.ع.ث.ص.ب.ر.ج.م.ل.ج.ذ.ر.و.ن.س.ر.م.خ.ل.ن.و.ر.م.ل.ر.و.ح.ع.ر.ش.ق.د.س.م.ح.س.ر.م.خ.ل.ن.و.ر.م.ل.ر.و.ح.ع.ر.ش.د.س.م.ح.س.ر.م.خ.ل.ن.و.ر.م.ل.ر.و.ح.ع.ر.ش.د.س.م.ح.س.ر.م.خ.ل.ن.و.ر.م.ل.ر.و.ح.ع.ر.ش.د.س.م.ح.س.ر.م.خ.ل.و.ر.م.ل.ر.و.ح.ع.ر.ش.د.س.م.ح.س.ر.م.خ.ل.و.ر.م.ل.ر.و.ح.ع.ر.ش.د.س.م.ح.س.ر.م.خ.ل.و.ر.م.ل.ر.و.ح.ع.ر.ش.د.س.م.ح.س.ر.م.خ.ل.و.ر.م.ل.ر.و.ح.ع.ر.ش.د.س.م.ح.س.ر.م.خ.ل.و.ر.م.ل.ر.و.ح.ع.ر.ش.د.س.م.خ.ل.و.ر.م.ل,,,,,93,multiword_no_single_root|phrase_has_single_root_claim
1849,بِغَرَضِ الاِسْتِمَالَةِ التِّكْنُولُوجِيَّةِ الفِيزْيَائِيَّةِ المَنَاخِيَّةِ,"for the purpose of technological, physical and climatic winning over / machine-matter-weather-appeal",T-K-N-F-Z-Y-M-N-KH (ت ک ن ف ز ی م ن خ),ت.ن.ف.ز.م.ن.خ,,,,,5,multiword_no_single_root|phrase_has_single_root_claim
1850,فِي المَقَامِ المِائَةِ وَالثَّانِي عَشَرَ,in the hundred and twelfth place / hundred and twelfthly,M-Y-A-W-TH-N-ʿ-SH (م ی ا و ث ن ع ش),م.ا.و.ث.ن.ع.ش,,,,,5,multiword_no_single_root|phrase_has_single_root_claim
1851,بِمَا لَا يَدَعُ مَجَالاً لِلتَّبَاينِ الفِيزْيَائِيِّ المَنَاخِيِّ,physical and climatic unified / leaving no room for matter-weather disparity,B-Y-N-F-Z-Y-M-N-KH (ب ی ن ف ز ی م ن خ),ب.ن.ف.ز.م.ن.خ,,,,,7,duplicate_front|multiword_no_single_root|phrase_has_single_root_claim
1852,مِنْ قُبَيْلِ المَصْلَحَةِ الاِسْتِرَاتِيجِيَّةِ المَنَاخِيَّةِ البِيُولُوجِيَّةِ العَمِيقَةِ لِلْغَايَةِ,for the sake of extremely deep climatic biological strategic interest,Ṣ-L-Ḥ-M-N-KH-B-Y-W-G-H (ص ل ح م ن خ ب ی و غ ہ),ص.ل.ح.م.ن.خ.ب.و.غ,,,,,8,multiword_no_single_root|phrase_has_single_root_claim
1853,مِنَ الصَّعْبِ تَفَادِي الوُقُوعِ فِي هَذَا الشَّرَاكِ التِّكْنُولُوجِيِّ الفِيزْيَائِيِّ,hard to avoid falling into this technological physical web / machine-matter trap,SH-R-K-T-K-N-F-Z-Y (ش ر ک ت ک ن ف ز ی),ش.ر.ت.ن.ف.ز,,,,,9,multiword_no_single_root|phrase_has_single_root_claim
1854,عَلَى نِطَاقٍ تَرْبَوِيٍّ مَنطِقِيٍّ شَامِلٍ,on a comprehensive educational and logical scale,R-B-W-N-Ṭ-Q (ر ب و ن ط ق),ر.ب.و.ن.ط.ق,,,,,5,multiword_no_single_root|phrase_has_single_root_claim
1855,فِي هَذِهِ المَرْحَلَةِ المِفْصَلِيَّةِ الإِحْصَائِيَّةِ لِلْغَايَةِ,at this extremely statistical and pivotal stage,F-Ṣ-L-Ḥ-Ṣ (ف ص ل ح ص),ف.ص.ل.ح.ص,,,,,6,duplicate_front|multiword_no_single_root|phrase_has_single_root_claim
1856,بِدُونِ سَابِقِ تَعَهُّدٍ سِيَاسِيٍّ فِيزْيَائِيِّ,without any prior physical political commitment,ʿ-H-D-F-Z-Y (ع ہ د ف ز ی),ع.د.ف.ز,,,,,5,duplicate_front|multiword_no_single_root|phrase_has_single_root_claim
1857,مِنْ نَاحِيَةٍ تَنْظِيمِيَّةٍ تِّكْنُولُوجِيَّةٍ بِيُولُوجِيَّةٍ صِرْفَةٍ عَمِيقَةٍ,from a purely deep organizational technological and biological perspective,N-Ẓ-M-T-K-N-B-Y-W (ن ظ م ت ک ن ب ی و),ن.ظ.م.ت.ن.ب.و,,,,,7,multiword_no_single_root|phrase_has_single_root_claim
1858,فِي المَدَى المَنْظُورِ القَرِيبِ المَلْمُوسِ fawran jiddan haalan tamaman mutlaqan nihaiyyan kulliyan jadriyyan kowniyyan sarmadiyyan khalidiyyan nuraniyyan malakutiyyan ruhaniyyan arshiyyan qudusiyyan nihaiyyan mahdan sarmadiyyan khalidiyyan nuraniyyan malakutiyyan ruhaniyyan arshiyyan qudusiyyan nihaiyyan mahdan sarmadiyyan khalidiyyan nuraniyyan malakutiyyan ruhaniyyan arshiyyan qudusiyyan nihaiyyan mahdan sarmadiyyan khalidiyyan nuraniyyan malakutiyyan ruhaniyyan arshiyyan qudusiyyan nihaiyyan mahdan sarmadiyyan khalidiyyan nuraniyyan malakutiyyan ruhaniyyan arshiyyan qudusiyyan nihaiyyan mahdan sarmadiyyan khalidiyyan nuraniyyan malakutiyyan ruhaniyyan arshiyyan qudusiyyan nihaiyyan mahdan sarmadiyyan khalidiyyan nuraniyyan malakutiyyan ruhaniyyan arshiyyan qudusiyyan nihaiyyan mahdan sarmadiyyan khalidiyyan nuraniyyan malakutiyyan ruhaniyyan arshiyyan qudusiyyan nihaiyyan ruhaniyyan,spiritually purely finally holily thronely spiritually purely finally spiritually celestially luminously eternally immortally holily thronely spiritually celestially luminously immortally eternally purely finally holily thronely spiritually celestially luminously immortally eternally purely finally holily thronely spiritually celestially luminously immortally eternally purely finally holily thronely spiritually celestially luminously immortally eternally purely finally holily thronely spiritually celestially luminously immortally eternally purely finally holily thronely spiritually celestially luminously immortally eternally purely finally holily thronely spiritually celestially luminously immortally eternally purely finally holily thronely spiritually celestially luminously immortally eternally purely finally holily thronely spiritually celestially luminously immortally eternally universally radically totally finally absolutely completely very much bitter deadly unfortunately fleeting psychological considerations,N-F-S-ʿ-B-R-M-R-Q-T-SH-T-J-M-N-K-J-K-S-KH-N-M-R-ʿ-Q-N-M-S-KH-N-W-R-M-L-K-R-W-Ḥ-ʿ-R-SH-Q-D-S-N-H-Y-M-Ḥ-S-R-M-KH-L-N-W-R-M-L-K-R-W-Ḥ-ʿ-R-SH-Q-D-S-N-H-Y-M-Ḥ-S-R-M-KH-L-N-W-R-M-L-K-R-W-Ḥ-ʿ-R-SH-Q-D-S-N-H-Y-M-Ḥ-S-R-M-KH-L-N-W-R-M-L-K-R-W-Ḥ-ʿ-R-SH-Q-D-S-N-H-Y-M-Ḥ-S-R-M-KH-L-N-W-R-M-L-K-R-W-Ḥ-ʿ-R-SH-Q-D-S-N-H-Y-M-Ḥ-S-R-M-KH-L-N-W-R-M-L-K-R-W-Ḥ-ʿ-R-SH-Q-D-S-N-H-Y-M-Ḥ-S-R-M-KH-L-N-W-R-M-L-K-R-W-Ḥ-ʿ-R-SH-Q-D-S-N-H-Y-M-Ḥ-S-R-M-KH-L-N-W-R-M-L-K (ن ف س ع ب ر م ر q ت ش ت ج م n ک ج ک س خ ن م ر ع q ن م س خ ن و ر م ل ک ر و ح ع ر ش q د س ن ہ ی م ح س ر م خ ل ن و ر م ل ک ر و ح ع ر ش q د س n ہ ی م ح س ر م خ ل ن و ر م ل ک ر و ح ع ر ش q د س n ہ ی م ح س ر م خ ل ن و ر م ل ک ر و ح ع ر ش q د س n ہ ی م ح س ر م خ ل n و ر م ل ک ر و ح ع ر ش q د س n ہ ی م ح س ر م خ ل n و ر م ل ک ر و ح ع ر ش q د س n ہ ی م ح س ر م خ ل n و ر م ل ک ر و ح ع ر ش q د س n ہ ی م ح س ر م خ ل n و ر م ل ک ر و ح ع ر ش q د س n ہ ی م ر و ح),ن.ف.س.ع.ب.ر.م.ر.ت.ش.ت.ج.م.ج.س.خ.ن.م.ر.ع.ن.م.س.خ.ن.و.ر.م.ل.ر.و.ح.ع.ر.ش.د.س.ن.م.ح.س.ر.م.خ.ل.ن.و.ر.م.ل.ر.و.ح.ع.ر.ش.د.س.م.ح.س.ر.م.خ.ل.ن.و.ر.م.ل.ر.و.ح.ع.ر.ش.د.س.م.ح.س.ر.م.خ.ل.ن.و.ر.م.ل.ر.و.ح.ع.ر.ش.د.س.م.ح.س.ر.م.خ.ل.و.ر.م.ل.ر.و.ح.ع.ر.ش.د.س.م.ح.س.ر.م.خ.ل.و.ر.م.ل.ر.و.ح.ع.ر.ش.د.س.م.ح.س.ر.م.خ.ل.و.ر.م.ل.ر.و.ح.ع.ر.ش.د.س.م.ح.س.ر.م.خ.ل.و.ر.م.ل.ر.و.ح.ع.ر.ش.د.س.م.ر.و.ح,,,,,86,multiword_no_single_root|phrase_has_single_root_claim
1859,عَلَى وَشْكِ التَّلاشِي البِيُولُوجِيِّ الإِحْصَائِيِّ الشَّامِلِ,on the verge of total biological and statistical disappearance / death of life-number,L-SH-Y-B-Y-W-Ḥ-Ṣ (ل ش ي ب ی و ح ص),ل.ش.ي.ب.و.ح.ص,,,,,6,duplicate_front|multiword_no_single_root|phrase_has_single_root_claim
1860,بِمَحْضِ تَقْدِيرِكَ العِلْمِيِّ التِّكْنُولُوجِيِّ الفِيزْيَائِيِّ,"at your own scientific, technological and physical discretion",ʿ-L-M-T-K-N-F-Z-Y (ع ل م ت ک ن ف ز ی),ع.ل.م.ت.ن.ف.ز,,,,,5,multiword_no_single_root|phrase_has_single_root_claim
1861,فِي حَالِ طَلَبِ التَّوْضِيحِ المَنَاخِيِّ الفِيزْيَائِيِّ العَمِيقِ لِلْغَايَةِ,in case extremely deep climatic physical clarification is requested,M-N-KH-F-Z-Y-ʿ-L-M-G-H-Y (م ن خ ف ز ی ع ل م غ ی),م.ن.خ.ف.ز.ع.ل.م.غ,,,,,8,duplicate_front|multiword_no_single_root|phrase_has_single_root_claim
1862,عَلَى مَدَى الجِيالِ المُنْبَعِثَةِ مِنْ بَيْنِ الرُّكَامِ بَعْدَ الصَّبْرِ الجَمِيلِ جِدًّا تَمَامًا نِهَائِيًّا مُطْلَقًا كُلِّيًّا جَذْرِيًّا كَوْنِيًّا سَرْمَدِيًّا خَالِدِيًّا نُورَانِيًّا مَلَكُوتِيًّا رُوحَانِيًّا عَرْشِيًّا قُدُسِيًّا نِهَائِيًّا مَحْضًا سَرْمَدِيًّا خَالِدِيًّا نُورَانِيًّا مَلَكُوتِيًّا رُوحَانِيًّا عَرْشِيًّا قُدُسِيًّا نِهَائِيًّا مَحْضًا سَرْمَدِيًّا خَالِدِيًّا نُورَانِيًّا مَلَكُوتِيًّا رُوحَانِيًّا عَرْشِيًّا قُدُسِيًّا نِهَائِيًّا مَحْضًا سَرْمَدِيًّا خَالِدِيًّا نُورَانِيًّا مَلَكُوتِيًّا رُوحَانِيًّا عَرْشِيًّا قُدُسِيًّا نِهَائِيًّا مَحْضًا سَرْمَدِيًّا خَالِدِيًّا نُورَانِيًّا مَلَكُوتِيًّا رُوحَانِيًّا عَرْشِيًّا قُدُسِيًّا نِهَائِيًّا مَحْضًا سَرْمَدِيًّا خَالِدِيًّا نُورَانِيًّا مَلَكُوتِيًّا رُوحَانِيًّا عَرْشِيًّا قُدُسِيًّا نِهَائِيًّا مَحْضًا سَرْمَدِيًّا خَالِدِيًّا نُورَانِيًّا مَلَكُوتِيًّا رُوحَانِيًّا عَرْشِيًّا قُدُسِيًّا نِهَائِيًّا مَحْضًا سَرْمَدِيًّا خَالِدِيًّا نُورَانِيًّا مَلَكُوتِيًّا رُوحَانِيًّا عَرْشِيًّا قُدُسِيًّا نِهَائِيًّا مَحْضًا سَرْمَدِيًّا خَالِدِيًّا نُورَانِيًّا مَلَكُوتِيًّا رُوحَانِيًّا,over generations rising from the rubble after very beautiful patience completely finally absolutely totally radically universally eternally immortally luminously celestially spiritually thronely holily finally purely eternally immortally luminously celestially spiritually thronely holily finally purely eternally immortally luminously celestially spiritually thronely holily finally purely eternally immortally luminously celestially spiritually thronely holily finally purely eternally immortally luminously celestially spiritually thronely holily finally purely eternally immortally luminously celestially spiritually thronely holily finally purely eternally immortally luminously celestially spiritually thronely holily finally purely eternally immortally luminously celestially spiritually thronely holily finally purely eternally immortally luminously celestially spiritually thronely holily finally purely eternally immortally luminously celestially spiritually,B-ʿ-TH-Ṣ-B-R-J-M-L-J-DH-R-K-W-N-S-R-M-KH-L-N-W-R-M-L-K-R-W-Ḥ-ʿ-R-SH-Q-D-S-N-H-Y-M-Ḥ-S-R-M-KH-L-N-W-R-M-L-K-R-W-Ḥ-ʿ-R-SH-Q-D-S-N-H-Y-M-Ḥ-S-R-M-KH-L-N-W-R-M-L-K-R-W-Ḥ-ʿ-R-SH-Q-D-S-N-H-Y-M-Ḥ-S-R-M-KH-L-N-W-R-M-L-K-R-W-Ḥ-ʿ-R-SH-Q-D-S-N-H-Y-M-Ḥ-S-R-M-KH-L-N-W-R-M-L-K-R-W-Ḥ-ʿ-R-SH-Q-D-S-N-H-Y-M-Ḥ-S-R-M-KH-L-N-W-R-M-L-K-R-W-Ḥ-ʿ-R-SH-Q-D-S-N-H-Y-M-Ḥ-S-R-M-KH-L-N-W-R-M-L-K-R-W-Ḥ-ʿ-R-SH-Q-D-S-N-H-Y-M-Ḥ-S-R-M-KH-L-N-W-R-M-L-K-R-W-Ḥ-ʿ-R-SH-Q-D-S-N-H-Y-M-Ḥ-S-R-M-KH-L-N-W-R-M-L-K-R-W-Ḥ (ب ع ث ص ب ر ج م ل ج ذ ر ک و ن س ر م خ ل ن و ر م ل ک ر و ح ع ر ش ق د س n ہ ی م ح س ر م خ ل ن و ر م ل ک ر و ح ع ر ش q د س n ہ ی م ح س ر م خ ل ن و ر م ل ک ر و ح ع ر ش q د س n ہ ی م ح س ر م خ ل ن و ر م ل ک ر و ح ع ر ش q د س n ہ ی م ح س ر م خ ل n و ر م ل ک ر و ح ع ر ش q د س n ہ ی م ح س ر م خ ل n و ر م ل ک ر و ح ع ر ش q د س n ہ ی م ح س ر م خ ل n و ر م ل ک ر و ح ع ر ش q د س n ہ ی م ح س ر م خ ل n و ر م ل ک ر و ح ع ر ش q د س n ہ ی م ح س ر م خ ل n و ر م ل ک ر و ح ع ر ش q د س n ہ ی م خ ل n و ر م ل ک ر و ح),ب.ع.ث.ص.ب.ر.ج.م.ل.ج.ذ.ر.و.ن.س.ر.م.خ.ل.ن.و.ر.م.ل.ر.و.ح.ع.ر.ش.ق.د.س.م.ح.س.ر.م.خ.ل.ن.و.ر.م.ل.ر.و.ح.ع.ر.ش.د.س.م.ح.س.ر.م.خ.ل.ن.و.ر.م.ل.ر.و.ح.ع.ر.ش.د.س.م.ح.س.ر.م.خ.ل.ن.و.ر.م.ل.ر.و.ح.ع.ر.ش.د.س.م.ح.س.ر.م.خ.ل.و.ر.م.ل.ر.و.ح.ع.ر.ش.د.س.م.ح.س.ر.م.خ.ل.و.ر.م.ل.ر.و.ح.ع.ر.ش.د.س.م.ح.س.ر.م.خ.ل.و.ر.م.ل.ر.و.ح.ع.ر.ش.د.س.م.ح.س.ر.م.خ.ل.و.ر.م.ل.ر.و.ح.ع.ر.ش.د.س.م.ح.س.ر.م.خ.ل.و.ر.م.ل.ر.و.ح.ع.ر.ش.د.س.م.خ.ل.و.ر.م.ل.ر.و.ح,,,,,94,multiword_no_single_root|phrase_has_single_root_claim
1863,بِغَرَضِ الاِسْتِمَالَةِ الفِيزْيَائِيَّةِ المَنَاخِيَّةِ البِيُولُوجِيَّةِ,"for the purpose of physical, climatic and biological winning over / matter-weather-life-appeal",F-Z-Y-M-N-KH-B-Y-W (ف ز ی م ن خ ب ی و),ف.ز.م.ن.خ.ب.و,,,,,5,multiword_no_single_root|phrase_has_single_root_claim
1864,فِي المَقَامِ المِائَةِ وَالثَّالِثَ عَشَرَ,in the hundred and thirteenth place / hundred and thirteenthly,M-Y-A-W-TH-L-TH-ʿ-SH (م ی ا و ث ل ث ع ش),م.ا.و.ث.ل.ث.ع.ش,,,,,5,multiword_no_single_root|phrase_has_single_root_claim
1865,بِمَا لَا يَدَعُ مَجَالاً لِلتَّبَاينِ المَنَاخِيِّ البِيُولُوجِيِّ,climatic and biological unified / leaving no room for weather-life disparity,B-Y-N-M-N-KH-B-Y-W (ب ی ن م ن خ ب ی و),ب.ن.م.ن.خ.ب.و,,,,,7,multiword_no_single_root|phrase_has_single_root_claim
1866,مِنْ قُبَيْلِ المَصْلَحَةِ الاِسْتِرَاتِيجِيَّةِ البِيُولُوجِيَّةِ الفِيزْيَائِيَّةِ العَمِيقَةِ لِلْغَايَةِ,for the sake of extremely deep biological physical strategic interest,Ṣ-L-Ḥ-B-Y-W-F-Z-Y-G-H (ص ل ح ب ی و ف ز ی غ ہ),ص.ل.ح.ب.و.ف.ز.غ,,,,,8,multiword_no_single_root|phrase_has_single_root_claim
1867,مِنَ الصَّعْبِ تَفَادِي الوُقُوعِ فِي هَذَا الشَّرَاكِ التِّكْنُولُوجِيِّ البِيُولُوجِيِّ,hard to avoid falling into this technological biological web / machine-life trap,SH-R-K-T-K-N-B-Y-W (ش ر ک ت ک ن ب ی و),ش.ر.ت.ن.ب.و,,,,,9,multiword_no_single_root|phrase_has_single_root_claim
1868,عَلَى نِطَاقٍ تَرْبَوِيٍّ سِيَاسِيٍّ شَامِلٍ,on a comprehensive educational and political scale,R-B-W-S-Y-S (ر ب و س ی س),ر.ب.و.س.س,,,,,5,multiword_no_single_root|phrase_has_single_root_claim
1869,فِي هَذِهِ المَرْحَلَةِ المِفْصَلِيَّةِ الإِحْصَائِيَّةِ لِلْغَايَةِ,at this extremely statistical and pivotal stage,F-Ṣ-L-Ḥ-Ṣ (ف ص ل ح ص),ف.ص.ل.ح.ص,,,,,6,duplicate_front|multiword_no_single_root|phrase_has_single_root_claim
1870,بِدُونِ سَابِقِ تَعَهُّدٍ سِيَاسِيٍّ تِّكْنُولُوجِيِّ,without any prior technological political commitment,ʿ-H-D-T-K-N (ع ہ د ت ک ن),ع.د.ت.ن,,,,,5,duplicate_front|multiword_no_single_root|phrase_has_single_root_claim
1871,مِنْ نَاحِيَةٍ تَنْظِيمِيَّةٍ فِيزْيَائِيَّةٍ بِيُولُوجِيَّةٍ صِرْفَةٍ عَمِيقَةٍ,from a purely deep organizational physical and biological perspective,N-Ẓ-M-F-Z-Y-B-Y-W (ن ظ م ف ز ی ب ی و),ن.ظ.م.ف.ز.ب.و,,,,,7,duplicate_front|multiword_no_single_root|phrase_has_single_root_claim
1872,فِي المَدَى المَنْظُورِ القَرِيبِ المَلْمُوسِ fawran jiddan haalan tamaman mutlaqan nihaiyyan kulliyan jadriyyan kowniyyan sarmadiyyan khalidiyyan nuraniyyan malakutiyyan ruhaniyyan arshiyyan qudusiyyan nihaiyyan mahdan sarmadiyyan khalidiyyan nuraniyyan malakutiyyan ruhaniyyan arshiyyan qudusiyyan nihaiyyan mahdan sarmadiyyan khalidiyyan nuraniyyan malakutiyyan ruhaniyyan arshiyyan qudusiyyan nihaiyyan mahdan sarmadiyyan khalidiyyan nuraniyyan malakutiyyan ruhaniyyan arshiyyan qudusiyyan nihaiyyan mahdan sarmadiyyan khalidiyyan nuraniyyan malakutiyyan ruhaniyyan arshiyyan qudusiyyan nihaiyyan mahdan sarmadiyyan khalidiyyan nuraniyyan malakutiyyan ruhaniyyan arshiyyan qudusiyyan nihaiyyan mahdan sarmadiyyan khalidiyyan nuraniyyan malakutiyyan ruhaniyyan arshiyyan qudusiyyan nihaiyyan mahdan sarmadiyyan khalidiyyan nuraniyyan malakutiyyan ruhaniyyan arshiyyan qudusiyyan nihaiyyan sarmadiyyan,eternally purely finally holily thronely spiritually purely finally spiritually celestially luminously eternally immortally holily thronely spiritually celestially luminously immortally eternally purely finally holily thronely spiritually celestially luminously immortally eternally purely finally holily thronely spiritually celestially luminously immortally eternally purely finally holily thronely spiritually celestially luminously immortally eternally purely finally holily thronely spiritually celestially luminously immortally eternally purely finally holily thronely spiritually celestially luminously immortally eternally purely finally holily thronely spiritually celestially luminously immortally eternally purely finally holily thronely spiritually celestially luminously immortally eternally purely finally holily thronely spiritually celestially luminously immortally eternally universally radically totally finally absolutely completely very much bitter deadly unfortunately fleeting psychological considerations,N-F-S-ʿ-B-R-M-R-Q-T-SH-T-J-M-N-K-J-K-S-KH-N-M-R-ʿ-Q-N-M-S-KH-N-W-R-M-L-K-R-W-Ḥ-ʿ-R-SH-Q-D-S-N-H-Y-M-Ḥ-S-R-M-KH-L-N-W-R-M-L-K-R-W-Ḥ-ʿ-R-SH-Q-D-S-N-H-Y-M-Ḥ-S-R-M-KH-L-N-W-R-M-L-K-R-W-Ḥ-ʿ-R-SH-Q-D-S-N-H-Y-M-Ḥ-S-R-M-KH-L-N-W-R-M-L-K-R-W-Ḥ-ʿ-R-SH-Q-D-S-N-H-Y-M-Ḥ-S-R-M-KH-L-N-W-R-M-L-K-R-W-Ḥ-ʿ-R-SH-Q-D-S-N-H-Y-M-Ḥ-S-R-M-KH-L-N-W-R-M-L-K-R-W-Ḥ-ʿ-R-SH-Q-D-S-N-H-Y-M-Ḥ-S-R-M-KH-L-N-W-R-M-L-K-R-W-Ḥ-ʿ-R-SH-Q-D-S-N-H-Y-M-Ḥ-S-R-M-KH-L-N-W-R-M-L-K-R-W-Ḥ-ʿ-R-SH-Q-D-S-N-H-Y-M-Ḥ-S-R-M (ن ف س ع ب ر م ر q ت ش ت ج م ن ک ج ک س خ ن م ر ع q ن م س خ ن و ر م ل ک ر و ح ع ر ش q د س ن ہ ی م ح س ر م خ ل ن و ر م ل ک ر و ح ع ر ش q د س n ہ ی م ح س ر م خ ل ن و ر م ل ک ر و ح ع ر ش q د س n ہ ی م ح س ر م خ ل ن و ر م ل ک ر و ح ع ر ش q د س n ہ ی م ح س ر م خ ل n و ر م ل ک ر و ح ع ر ش q د س n ہ ی م ح س ر م خ ل n و ر م ل ک ر و ح ع ر ش q د س n ہ ی م ح س ر م خ ل n و ر م ل ک ر و ح ع ر ش q د س n ہ ی م ح س ر م خ ل n و ر م ل ک ر و ح ع ر ش q د س n ہ ی م ح س ر م خ ل n و ر م ل ک ر و ح ع ر ش q د س n ہ ی م س ر م),ن.ف.س.ع.ب.ر.م.ر.ت.ش.ت.ج.م.ن.ج.س.خ.ن.م.ر.ع.ن.م.س.خ.ن.و.ر.م.ل.ر.و.ح.ع.ر.ش.د.س.ن.م.ح.س.ر.م.خ.ل.ن.و.ر.م.ل.ر.و.ح.ع.ر.ش.د.س.م.ح.س.ر.م.خ.ل.ن.و.ر.م.ل.ر.و.ح.ع.ر.ش.د.س.م.ح.س.ر.م.خ.ل.ن.و.ر.م.ل.ر.و.ح.ع.ر.ش.د.س.م.ح.س.ر.م.خ.ل.و.ر.م.ل.ر.و.ح.ع.ر.ش.د.س.م.ح.س.ر.م.خ.ل.و.ر.م.ل.ر.و.ح.ع.ر.ش.د.س.م.ح.س.ر.م.خ.ل.و.ر.م.ل.ر.و.ح.ع.ر.ش.د.س.م.ح.س.ر.م.خ.ل.و.ر.م.ل.ر.و.ح.ع.ر.ش.د.س.م.ح.س.ر.م.خ.ل.و.ر.م.ل.ر.و.ح.ع.ر.ش.د.س.م.س.ر.م,,,,,86,duplicate_front|multiword_no_single_root|phrase_has_single_root_claim
1873,عَلَى وَشْكِ التَّلاشِي المَنَاخِيِّ البِيُولُوجِيِّ الشَّامِلِ,on the verge of total climatic and biological disappearance / death of weather-life,L-SH-Y-M-N-KH-B-Y-W (ل ش ي م ن خ ب ی و),ل.ش.ي.م.ن.خ.ب.و,,,,,6,multiword_no_single_root|phrase_has_single_root_claim
1874,بِمَحْضِ تَقْدِيرِكَ العِلْمِيِّ الفِيزْيَائِيِّ التِّكْنُولُوجِيِّ,"at your own scientific, physical and technological discretion",ʿ-L-M-F-Z-Y-T-K-N (ع ل م ف ز ی ت ک ن),ع.ل.م.ف.ز.ت.ن,,,,,5,duplicate_front|multiword_no_single_root|phrase_has_single_root_claim
1875,فِي حَالِ طَلَبِ التَّوْضِيحِ البِيُولُوجِيِّ الإِحْصَائِيِّ العَمِيقِ لِلْغَايَةِ,in case extremely deep biological statistical clarification is requested,B-Y-W-Ḥ-Ṣ-ʿ-L-M-G-H-Y (ب ی و ح ص ع ل م غ ی),ب.و.ح.ص.ع.ل.م.غ,,,,,8,duplicate_front|multiword_no_single_root|phrase_has_single_root_claim
1876,عَلَى مَدَى الجِيالِ المُنْبَعِثَةِ مِنْ بَيْنِ الرُّكَامِ بَعْدَ الصَّبْرِ الجَمِيلِ جِدًّا تَمَامًا نِهَائِيًّا مُطْلَقًا كُلِّيًّا جَذْرِيًّا كَوْنِيًّا سَرْمَدِيًّا خَالِدِيًّا نُورَانِيًّا مَلَكُوتِيًّا رُوحَانِيًّا عَرْشِيًّا قُدُسِيًّا نِهَائِيًّا مَحْضًا سَرْمَدِيًّا خَالِدِيًّا نُورَانِيًّا مَلَكُوتِيًّا رُوحَانِيًّا عَرْشِيًّا قُدُسِيًّا نِهَائِيًّا مَحْضًا سَرْمَدِيًّا خَالِدِيًّا نُورَانِيًّا مَلَكُوتِيًّا رُوحَانِيًّا عَرْشِيًّا قُدُسِيًّا نِهَائِيًّا مَحْضًا سَرْمَدِيًّا خَالِدِيًّا نُورَانِيًّا مَلَكُوتِيًّا رُوحَانِيًّا عَرْشِيًّا قُدُسِيًّا نِهَائِيًّا مَحْضًا سَرْمَدِيًّا خَالِدِيًّا نُورَانِيًّا مَلَكُوتِيًّا رُوحَانِيًّا عَرْشِيًّا قُدُسِيًّا نِهَائِيًّا مَحْضًا سَرْمَدِيًّا خَالِدِيًّا نُورَانِيًّا مَلَكُوتِيًّا رُوحَانِيًّا عَرْشِيًّا قُدُسِيًّا نِهَائِيًّا مَحْضًا سَرْمَدِيًّا خَالِدِيًّا نُورَانِيًّا مَلَكُوتِيًّا رُوحَانِيًّا عَرْشِيًّا قُدُسِيًّا نِهَائِيًّا مَحْضًا سَرْمَدِيًّا خَالِدِيًّا نُورَانِيًّا مَلَكُوتِيًّا رُوحَانِيًّا عَرْشِيًّا قُدُسِيًّا نِهَائِيًّا مَحْضًا سَرْمَدِيًّا خَالِدِيًّا نُورَانِيًّا مَلَكُوتِيًّا رُوحَانِيًّا عَرْشِيًّا,over generations rising from the rubble after very beautiful patience completely finally absolutely totally radically universally eternally immortally luminously celestially spiritually thronely holily finally purely eternally immortally luminously celestially spiritually thronely holily finally purely eternally immortally luminously celestially spiritually thronely holily finally purely eternally immortally luminously celestially spiritually thronely holily finally purely eternally immortally luminously celestially spiritually thronely holily finally purely eternally immortally luminously celestially spiritually thronely holily finally purely eternally immortally luminously celestially spiritually thronely holily finally purely eternally immortally luminously celestially spiritually thronely holily finally purely eternally immortally luminously celestially spiritually thronely holily finally purely eternally immortally luminously celestially spiritually thronely,B-ʿ-TH-Ṣ-B-R-J-M-L-J-DH-R-K-W-N-S-R-M-KH-L-N-W-R-M-L-K-R-W-Ḥ-ʿ-R-SH-Q-D-S-N-H-Y-M-Ḥ-S-R-M-KH-L-N-W-R-M-L-K-R-W-Ḥ-ʿ-R-SH-Q-D-S-N-H-Y-M-Ḥ-S-R-M-KH-L-N-W-R-M-L-K-R-W-Ḥ-ʿ-R-SH-Q-D-S-N-H-Y-M-Ḥ-S-R-M-KH-L-N-W-R-M-L-K-R-W-Ḥ-ʿ-R-SH-Q-D-S-N-H-Y-M-Ḥ-S-R-M-KH-L-N-W-R-M-L-K-R-W-Ḥ-ʿ-R-SH-Q-D-S-N-H-Y-M-Ḥ-S-R-M-KH-L-N-W-R-M-L-K-R-W-Ḥ-ʿ-R-SH-Q-D-S-N-H-Y-M-Ḥ-S-R-M-KH-L-N-W-R-M-L-K-R-W-Ḥ-ʿ-R-SH-Q-D-S-N-H-Y-M-Ḥ-S-R-M-KH-L-N-W-R-M-L-K-R-W-Ḥ-ʿ-R-SH-Q-D-S-N-H-Y-M-Ḥ-S-R-M-KH-L-N-W-R-M-L-K-R-W-Ḥ-ʿ (ب ع ث ص ب ر ج م ل ج ذ ر ک و ن س ر م خ ل ن و ر م ل ک ر و ح ع ر ش ق د س n ہ ی م ح س ر م خ ل ن و ر م ل ک ر و ح ع ر ش q د س n ہ ی م ح س ر م خ ل ن و ر م ل ک ر و ح ع ر ش q د س n ہ ی م ح س ر م خ ل ن و ر م ل ک ر و ح ع ر ش q د س n ہ ی م ح س ر م خ ل n و ر م ل ک ر و ح ع ر ش q د س n ہ ی م ح س ر م خ ل n و ر م ل ک ر و ح ع ر ش q د س n ہ ی م ح س ر م خ ل n و ر م ل ک ر و ح ع ر ش q د س n ہ ی م ح س ر م خ ل n و ر م ل ک ر و ح ع ر ش q د س n ہ ی م ح س ر م خ ل n و ر م ل ک ر و ح ع ر ش q د س n ہ ی م خ ل n و ر م ل ک ر و ح ع ر ش),ب.ع.ث.ص.ب.ر.ج.م.ل.ج.ذ.ر.و.ن.س.ر.م.خ.ل.ن.و.ر.م.ل.ر.و.ح.ع.ر.ش.ق.د.س.م.ح.س.ر.م.خ.ل.ن.و.ر.م.ل.ر.و.ح.ع.ر.ش.د.س.م.ح.س.ر.م.خ.ل.ن.و.ر.م.ل.ر.و.ح.ع.ر.ش.د.س.م.ح.س.ر.م.خ.ل.ن.و.ر.م.ل.ر.و.ح.ع.ر.ش.د.س.م.ح.س.ر.م.خ.ل.و.ر.م.ل.ر.و.ح.ع.ر.ش.د.س.م.ح.س.ر.م.خ.ل.و.ر.م.ل.ر.و.ح.ع.ر.ش.د.س.م.ح.س.ر.م.خ.ل.و.ر.م.ل.ر.و.ح.ع.ر.ش.د.س.م.ح.س.ر.م.خ.ل.و.ر.م.ل.ر.و.ح.ع.ر.ش.د.س.م.ح.س.ر.م.خ.ل.و.ر.م.ل.ر.و.ح.ع.ر.ش.د.س.م.خ.ل.و.ر.م.ل.ر.و.ح.ع.ر.ش,,,,,95,multiword_no_single_root|phrase_has_single_root_claim
1877,بِغَرَضِ الاِسْتِمَالَةِ المَنَاخِيَّةِ البِيُولُوجِيَّةِ التِّكْنُولُوجِيَّةِ,"for the purpose of climatic, biological and technological winning over / weather-life-machine-appeal",M-N-KH-B-Y-W-T-K-N (م ن خ ب ی و ت ک ن),م.ن.خ.ب.و.ت.ن,,,,,5,duplicate_front|multiword_no_single_root|phrase_has_single_root_claim
1878,فِي المَقَامِ المِائَةِ وَالرَّابِعَ عَشَرَ,in the hundred and fourteenth place / hundred and fourteenthly,M-Y-A-W-R-B-ʿ-SH (م ی ا و ر ب ع ش),م.ا.و.ر.ب.ع.ش,,,,,5,multiword_no_single_root|phrase_has_single_root_claim
1879,بِمَا لَا يَدَعُ مَجَالاً لِلتَّبَاينِ البِيُولُوجِيِّ التِّكْنُولُوجِيِّ,biological and technological unified / leaving no room for life-machine disparity,B-Y-N-B-Y-W-T-K-N (ب ی ن ب ی و ت ک ن),ب.ن.ب.و.ت.ن,,,,,7,duplicate_front|multiword_no_single_root|phrase_has_single_root_claim
1880,مِنْ قُبَيْلِ المَصْلَحَةِ الاِسْتِرَاتِيجِيَّةِ التِّكْنُولُوجِيَّةِ المَنَاخِيَّةِ العَمِيقَةِ لِلْغَايَةِ,for the sake of extremely deep technological climatic strategic interest,Ṣ-L-Ḥ-T-K-N-M-N-KH-G-H (ص ل ح ت ک ن م ن خ غ ہ),ص.ل.ح.ت.ن.م.ن.خ.غ,,,,,8,duplicate_front|multiword_no_single_root|phrase_has_single_root_claim
1881,مِنَ الصَّعْبِ تَفَادِي الوُقُوعِ فِي هَذَا الشَّرَاكِ البِيُولُوجِيِّ الفِيزْيَائِيِّ,hard to avoid falling into this biological physical web / life-matter trap,SH-R-K-B-Y-W-F-Z-Y (ش ر ک ب ی و ف ز ی),ش.ر.ب.و.ف.ز,,,,,9,duplicate_front|multiword_no_single_root|phrase_has_single_root_claim
1882,عَلَى نِطَاقٍ تَرْبَوِيٍّ إِحْصَائِيٍّ شَامِلٍ,on a comprehensive educational and statistical scale,R-B-W-Ḥ-Ṣ (ر ب و ح ص),ر.ب.و.ح.ص,,,,,5,duplicate_front|multiword_no_single_root|phrase_has_single_root_claim
1883,فِي هَذِهِ المَرْحَلَةِ المِفْصَلِيَّةِ الفِيزْيَائِيَّةِ لِلْغَايَةِ,at this extremely physical and pivotal stage,F-Ṣ-L-F-Z-Y (ف ص ل ف ز ی),ف.ص.ل.ف.ز,,,,,6,duplicate_front|multiword_no_single_root|phrase_has_single_root_claim
1884,بِدُونِ سَابِقِ تَعَهُّدٍ سِيَاسِيٍّ بِيُولُوجِيِّ,without any prior biological political commitment,ʿ-H-D-B-Y-W (ع ہ د ب ی و),ع.د.ب.و,,,,,5,duplicate_front|multiword_no_single_root|phrase_has_single_root_claim
1885,مِنْ نَاحِيَةٍ تَنْظِيمِيَّةٍ مَنَاخِيَّةٍ بِيُولُوجِيَّةٍ صِرْفَةٍ عَمِيقَةٍ,from a purely deep organizational climatic and biological perspective,N-Ẓ-M-M-N-KH-B-Y-W (ن ظ م م ن خ ب ی و),ن.ظ.م.م.ن.خ.ب.و,,,,,7,multiword_no_single_root|phrase_has_single_root_claim
1886,فِي المَدَى المَنْظُورِ القَرِيبِ المَلْمُوسِ fawran jiddan haalan tamaman mutlaqan nihaiyyan kulliyan jadriyyan kowniyyan sarmadiyyan khalidiyyan nuraniyyan malakutiyyan ruhaniyyan arshiyyan qudusiyyan nihaiyyan mahdan sarmadiyyan khalidiyyan nuraniyyan malakutiyyan ruhaniyyan arshiyyan qudusiyyan nihaiyyan mahdan sarmadiyyan khalidiyyan nuraniyyan malakutiyyan ruhaniyyan arshiyyan qudusiyyan nihaiyyan mahdan sarmadiyyan khalidiyyan nuraniyyan malakutiyyan ruhaniyyan arshiyyan qudusiyyan nihaiyyan mahdan sarmadiyyan khalidiyyan nuraniyyan malakutiyyan ruhaniyyan arshiyyan qudusiyyan nihaiyyan mahdan sarmadiyyan khalidiyyan nuraniyyan malakutiyyan ruhaniyyan arshiyyan qudusiyyan nihaiyyan mahdan sarmadiyyan khalidiyyan nuraniyyan malakutiyyan ruhaniyyan arshiyyan qudusiyyan nihaiyyan mahdan sarmadiyyan khalidiyyan nuraniyyan malakutiyyan ruhaniyyan arshiyyan qudusiyyan nihaiyyan arshiyyan,thronely purely finally holily thronely spiritually purely finally spiritually celestially luminously eternally immortally holily thronely spiritually celestially luminously immortally eternally purely finally holily thronely spiritually celestially luminously immortally eternally purely finally holily thronely spiritually celestially luminously immortally eternally purely finally holily thronely spiritually celestially luminously immortally eternally purely finally holily thronely spiritually celestially luminously immortally eternally purely finally holily thronely spiritually celestially luminously immortally eternally purely finally holily thronely spiritually celestially luminously immortally eternally purely finally holily thronely spiritually celestially luminously immortally eternally purely finally holily thronely spiritually celestially luminously immortally eternally universally radically totally finally absolutely completely very much bitter deadly unfortunately fleeting psychological considerations,N-F-S-ʿ-B-R-M-R-Q-T-SH-T-J-M-N-K-J-K-S-KH-N-M-R-ʿ-Q-N-M-S-KH-N-W-R-M-L-K-R-W-Ḥ-ʿ-R-SH-Q-D-S-N-H-Y-M-Ḥ-S-R-M-KH-L-N-W-R-M-L-K-R-W-Ḥ-ʿ-R-SH-Q-D-S-N-H-Y-M-Ḥ-S-R-M-KH-L-N-W-R-M-L-K-R-W-Ḥ-ʿ-R-SH-Q-D-S-N-H-Y-M-Ḥ-S-R-M-KH-L-N-W-R-M-L-K-R-W-Ḥ-ʿ-R-SH-Q-D-S-N-H-Y-M-Ḥ-S-R-M-KH-L-N-W-R-M-L-K-R-W-Ḥ-ʿ-R-SH-Q-D-S-N-H-Y-M-Ḥ-S-R-M-KH-L-N-W-R-M-L-K-R-W-Ḥ-ʿ-R-SH-Q-D-S-N-H-Y-M-Ḥ-S-R-M-KH-L-N-W-R-M-L-K-R-W-Ḥ-ʿ-R-SH-Q-D-S-N-H-Y-M-Ḥ-S-R-M-KH-L-N-W-R-M-L-K-R-W-Ḥ-ʿ (ن ف س ع ب ر م ر q ت ش ت ج م n ک ج ک س خ ن م ر ع q ن م س خ ن و ر م ل ک ر و ح ع ر ش q د س ن ہ ی م ح س ر م خ ل ن و ر م ل ک ر و ح ع ر ش q د س n ہ ی م ح س ر م خ ل ن و ر م ل ک ر و ح ع ر ش q د س n ہ ی م ح س ر م خ ل نور م ل ک ر و ح ع ر ش q د س n ہ ی م ح س ر م خ ل n و ر م ل ک ر و ح ع ر ش q د س n ہ ی م ح س ر م خ ل n و ر م ل ک ر و ح ع ر ش q د س n ہ ی م ح س ر م خ ل n و ر م ل ک ر و ح ع ر ش q د س n ہ ی م ح س ر م خ ل n و ر م ل ک ر و ح ع ر ش q د س n ہ ی م ح س ر م خ ل n و ر م ل ک ر و ح ع ر ش q د س n ہ ی م ع ر ش),ن.ف.س.ع.ب.ر.م.ر.ت.ش.ت.ج.م.ج.س.خ.ن.م.ر.ع.ن.م.س.خ.ن.و.ر.م.ل.ر.و.ح.ع.ر.ش.د.س.ن.م.ح.س.ر.م.خ.ل.ن.و.ر.م.ل.ر.و.ح.ع.ر.ش.د.س.م.ح.س.ر.م.خ.ل.ن.و.ر.م.ل.ر.و.ح.ع.ر.ش.د.س.م.ح.س.ر.م.خ.ل.ن.و.ر.م.ل.ر.و.ح.ع.ر.ش.د.س.م.ح.س.ر.م.خ.ل.و.ر.م.ل.ر.و.ح.ع.ر.ش.د.س.م.ح.س.ر.م.خ.ل.و.ر.م.ل.ر.و.ح.ع.ر.ش.د.س.م.ح.س.ر.م.خ.ل.و.ر.م.ل.ر.و.ح.ع.ر.ش.د.س.م.ح.س.ر.م.خ.ل.و.ر.م.ل.ر.و.ح.ع.ر.ش.د.س.م.ح.س.ر.م.خ.ل.و.ر.م.ل.ر.و.ح.ع.ر.ش.د.س.م.ع.ر.ش,,,,,86,multiword_no_single_root|phrase_has_single_root_claim
1887,عَلَى وَشْكِ التَّلاشِي المَنَاخِيِّ التِّكْنُولُوجِيِّ الشَّامِلِ,on the verge of total climatic and technological disappearance / death of weather-machine,L-SH-Y-M-N-KH-T-K-N (ل ش ي م ن خ ت ک ن),ل.ش.ي.م.ن.خ.ت.ن,,,,,6,duplicate_front|multiword_no_single_root|phrase_has_single_root_claim
1888,بِمَحْضِ تَقْدِيرِكَ العِلْمِيِّ البِيُولُوجِيِّ الفِيزْيَائِيِّ,"at your own scientific, biological and physical discretion",ʿ-L-M-B-Y-W-F-Z-Y (ع ل م ب ی و ف ز ی),ع.ل.م.ب.و.ف.ز,,,,,5,multiword_no_single_root|phrase_has_single_root_claim
1889,فِي حَالِ طَلَبِ التَّوْضِيحِ التِّكْنُولُوجِيِّ المَنَاخِيِّ العَمِيقِ لِلْغَايَةِ,in case extremely deep technological climatic clarification is requested,T-K-N-M-N-KH-ʿ-L-M-G-H-Y (ت ک ن م ن خ ع ل م غ ی),ت.ن.م.ن.خ.ع.ل.م.غ,,,,,8,multiword_no_single_root|phrase_has_single_root_claim
