rank,front,meaning,frequency_evidence,frequency_source,semantic_support,kaikki_readurdu_agree,kaikki_word2word_agree,readurdu_word2word_agree,kaikki_meaning,readurdu_meaning,word2word_meaning
1001,بہی,quince,140157,CLE Urdu top-5000 frequency list,Kaikki+ReadUrdu,True,False,False,quince,n. quince | Platts:,Also; as; known; ?
1002,کہا,said (of کہنا),61090,CLE Urdu top-5000 frequency list,ReadUrdu+word2word,False,False,True,,said (of کہنا),said; Mother; told; asked; called
1003,گئے,went (plural),34143,CLE Urdu top-5000 frequency list,ReadUrdu+word2word,False,False,True,,went (plural),gone; went; took; Went; changed
1004,ٹیم,team,19654,CLE Urdu top-5000 frequency list,ReadUrdu+word2word,False,False,True,,team,team; response; Team; kidnap; leading
1005,مطابق,according to (کے مطابق),19398,CLE Urdu top-5000 frequency list,ReadUrdu+word2word,False,False,True,,according to (کے مطابق),According; date; table; intruder; release
1006,سکتا,can,18132,CLE Urdu top-5000 frequency list,ReadUrdu+word2word,False,False,True,,"can, is able (masculine of سکنا)",might; Can; couldn; breathe; happen
1007,پہر,unit of time equalling three hours,17870,CLE Urdu top-5000 frequency list,Kaikki+ReadUrdu,True,False,False,unit of time equalling three hours,n. unit of time equalling three hours | Platts:,hopefully; raid; afternoon; set; ISI
1008,بارے,about,16822,CLE Urdu top-5000 frequency list,ReadUrdu+word2word,False,False,True,,"about, regarding (کے بارے میں)",about; About; ABOUT; talking; thinking
1009,لیا,took (masculine of لینا),15557,CLE Urdu top-5000 frequency list,ReadUrdu+word2word,False,False,True,,took (masculine of لینا),took; taken; appointment; saved; captured
1010,امریکی,American,13287,CLE Urdu top-5000 frequency list,ReadUrdu+word2word,False,False,True,,American,American; U.S; breathe; citizen; Army
1011,کرتا,does (masculine of کرنا),13089,CLE Urdu top-5000 frequency list,ReadUrdu+word2word,False,False,True,,does (masculine of کرنا); kurta (shirt),works; does; PLAYS; MUSIC; uses
1012,بتایا,told,12431,CLE Urdu top-5000 frequency list,ReadUrdu+word2word,False,False,True,,"told, informed (of بتانا)",told; Has; Raptor; cleared; blow
1013,پولیس,police,12285,CLE Urdu top-5000 frequency list,ReadUrdu+word2word,False,False,True,,police,police; Police; cop; policeman; cops
1014,سکتے,can,12034,CLE Urdu top-5000 frequency list,ReadUrdu+word2word,False,False,True,,"can, are able (plural)",CAN; Can; cannot; may; leave
1015,میچ,match (sports),10866,CLE Urdu top-5000 frequency list,ReadUrdu+word2word,False,False,True,,match (sports),be; coincidence; ZIP; 6; match
1016,آئے,came (plural),9322,CLE Urdu top-5000 frequency list,ReadUrdu+word2word,False,False,True,,came (plural),come; came; COME; HAVE; forgot
1017,عالمی,global,9318,CLE Urdu top-5000 frequency list,ReadUrdu+word2word,False,False,True,,"global, international",World; War; global; Her; Second
1018,تعمیر,building,8317,CLE Urdu top-5000 frequency list,ReadUrdu+word2word,False,False,True,,"construction, building",build; built; rebuild; BUILT; REBUILD
1019,مشرف,Musharraf (Pervez Musharraf,7877,CLE Urdu top-5000 frequency list,ReadUrdu+word2word,False,False,True,,"Musharraf (Pervez Musharraf, Pakistani president 2001–08); honored",Musharraf; tried; mean; kill; trust
1020,اسمبلی,assembly,7049,CLE Urdu top-5000 frequency list,ReadUrdu+word2word,False,False,True,,"assembly, legislature",member; honored; excuse; assembly
1021,حالات,circumstances; conditions,6537,CLE Urdu top-5000 frequency list,ReadUrdu+word2word,False,False,True,,"circumstances, conditions",situation; circumstances; Conditions; optimal; Schizophrenia
1022,نمبر,number; phone number,6107,CLE Urdu top-5000 frequency list,ReadUrdu+word2word,False,False,True,,"number, numeral; phone number",number; No; numbers; requested; calling
1023,لی,took (feminine of لینا),6097,CLE Urdu top-5000 frequency list,ReadUrdu+word2word,False,False,True,,took (feminine of لینا),took; Le; Midnight; Wherever; meeting
1024,رپورٹ,report,6039,CLE Urdu top-5000 frequency list,ReadUrdu+word2word,False,False,True,,report,report; reported; REPORTS; RE; -Did
1025,سرکاری,official,5791,CLE Urdu top-5000 frequency list,ReadUrdu+word2word,False,False,True,,"governmental, official",official; officially; Officially; answer; Google-proof
1026,بہائی,Baháʼí,5738,CLE Urdu top-5000 frequency list,Kaikki+ReadUrdu,True,False,False,Baháʼí,adj. Baháʼí | n. Baháʼí | Platts:,
1027,کہتے,form of کَہْنا (kahnā — to say),5722,CLE Urdu top-5000 frequency list,ReadUrdu+word2word,False,False,True,,form of کَہْنا (kahnā — to say),say; says; krushkach; unidentified; operative
1028,بنایا,made; built (of بنانا),5383,CLE Urdu top-5000 frequency list,ReadUrdu+word2word,False,False,True,,"made, built (of بنانا)",made; built; granny; bounce; journey
1029,کانفرنس,conference,5120,CLE Urdu top-5000 frequency list,ReadUrdu+word2word,False,False,True,,conference,conference; Sydney; Eyes; Five; -Press
1030,پیداوار,produce; production,4983,CLE Urdu top-5000 frequency list,ReadUrdu+word2word,False,False,True,,"produce; yield (of land); production, manufacture",produce; production; warm; nice; Increase
1031,پروفیسر,professor,4915,CLE Urdu top-5000 frequency list,ReadUrdu+word2word,False,False,True,,professor,PROFESSOR; INTENSE; SOMETHING; HAPPEN; HERE
1032,چاہتے,want (,4858,CLE Urdu top-5000 frequency list,ReadUrdu+word2word,False,False,True,,want (plural of چاہنا),want; wish; wanna; Want; Festival
1033,دیتا,gives (masculine of دینا),4845,CLE Urdu top-5000 frequency list,ReadUrdu+word2word,False,False,True,,gives (masculine of دینا),paying; gives; embassies; techniques; break-in
1034,قیام,stay,4801,CLE Urdu top-5000 frequency list,ReadUrdu+word2word,False,False,True,,"stay, residence; establishment",formation; stay; visit; Keep; Mangrove
1035,ڈالر,dollar,4749,CLE Urdu top-5000 frequency list,ReadUrdu+word2word,False,False,True,,dollar,dollars; billions; Dollars; bald; 1200
1036,بہترین,best,4740,CLE Urdu top-5000 frequency list,ReadUrdu+word2word,False,False,True,,"best, excellent",best; demands; Best; school; Detective
1037,سکول,school,4546,CLE Urdu top-5000 frequency list,ReadUrdu+word2word,False,False,True,,school,Philly; DRIVING; SCHOOL; UP; teacher
1038,نیوز,news,4524,CLE Urdu top-5000 frequency list,ReadUrdu+word2word,False,False,True,,news,Coast; news; East; newsstands; lines
1039,کہیں,somewhere; anywhere,4506,CLE Urdu top-5000 frequency list,ReadUrdu+word2word,False,False,True,,"somewhere, anywhere",anywhere; somewhere; nowhere; Anywhere; wherever
1040,ملا,met,4477,CLE Urdu top-5000 frequency list,ReadUrdu+word2word,False,False,True,,"met, received (of ملنا); mullah",got; Got; found; met; SECOND
1041,شرح,rate,4343,CLE Urdu top-5000 frequency list,ReadUrdu+word2word,False,False,True,,rate; commentary,rate; Heart; rising; highest; homicide
1042,چاہیے,should,4315,CLE Urdu top-5000 frequency list,ReadUrdu+word2word,False,False,True,,"should, ought to, is needed",supposed; should; listened; contact; hurry
1043,جمع,(inf. n. of جمع 'to collect'),4222,CLE Urdu top-5000 frequency list,ReadUrdu+word2word,False,False,True,,(inf. n. of جمع 'to collect'),gather; collecting; collection; scrap; metal
1044,آؤٹ,out,4201,CLE Urdu top-5000 frequency list,ReadUrdu+word2word,False,False,True,,out,OUT; walk-out; ONE-NINETY-EIGHT; MIGHT; NOT
1045,رہنے,oblique infinitive of رَہْنا (rahnā — to live),3906,CLE Urdu top-5000 frequency list,ReadUrdu+word2word,False,False,True,,oblique infinitive of رَہْنا (rahnā — to live),stay; STAY; live; living; survive
1046,یونیورسٹی,university,3842,CLE Urdu top-5000 frequency list,ReadUrdu+word2word,False,False,True,,university,University; hacked; bachelor; stored; university
1047,شائع,published (شائع ہونا = to be published),3840,CLE Urdu top-5000 frequency list,ReadUrdu+word2word,False,False,True,,published (شائع ہونا = to be published),publish; reposted; ourselves; beginning; publishing
1048,برقرار,maintained,3776,CLE Urdu top-5000 frequency list,ReadUrdu+word2word,False,False,True,,"established, confirmed, fixed, settled, maintained",maintain; Maintaining; preserve; oxygen; level
1049,حکام,authorities; officials (,3771,CLE Urdu top-5000 frequency list,ReadUrdu+word2word,False,False,True,,"authorities, officials (plural of حاکم)",authorities; officials; discover; THANK; high-level
1050,ملے,met,3726,CLE Urdu top-5000 frequency list,ReadUrdu+word2word,False,False,True,,"met, received (plural)",met; ice; Somebody; Tess; anxious
1051,سربراہ,head,3652,CLE Urdu top-5000 frequency list,ReadUrdu+word2word,False,False,True,,"head, chief (of an organization)",head; bar; Hayden; Michael; Reiser
1052,رہتا,masculine,3599,CLE Urdu top-5000 frequency list,ReadUrdu+word2word,False,False,True,,masculine singular of رَہْنا (rahnā — to live),7.63; Montblanc; pen; stays; live
1053,فلموں,plural,3581,CLE Urdu top-5000 frequency list,ReadUrdu+word2word,False,False,True,,"plural oblique of فِلْم (film, movie)",films; reading; started; great; am
1054,آپریشن,operation (military or medical),3566,CLE Urdu top-5000 frequency list,ReadUrdu+word2word,False,False,True,,operation (military or medical),ops; operation; Ops; fucked-up; tip
1055,وفاقی,federal,3506,CLE Urdu top-5000 frequency list,ReadUrdu+word2word,False,False,True,,federal,Federal; federal; Victoria; decides; daughter
1056,ٹیکس,tax,3488,CLE Urdu top-5000 frequency list,ReadUrdu+word2word,False,False,True,,tax,tax; Tax; Taxes; Lewis; Tex
1057,فروخت,s.f. Selling; sale: — faroḵẖt karnā; v.t. To sell,3486,CLE Urdu top-5000 frequency list,ReadUrdu+word2word,False,False,True,,"s.f. Selling; sale: — faroḵẖt karnā, v.t. To sell",sell; sold; To; selling; sales
1058,محفوظ,part. Kept safe,3438,CLE Urdu top-5000 frequency list,ReadUrdu+word2word,False,False,True,,"(pass. part. of حفظ 'to keep, preserve, guard,' &c.), part. Kept safe, preserved, guarded, protected, taken…",safe; SAFE; BE; D; WARM
1059,فیصلے,plural direct of فَیصْلَہ (faisla — decision,3357,CLE Urdu top-5000 frequency list,ReadUrdu+word2word,False,False,True,,plural direct of فَیصْلَہ (faisla — decision; judgment),decisions; making; tired; Which; decide
1060,شمار,s.f. Counting,3217,CLE Urdu top-5000 frequency list,ReadUrdu+word2word,False,False,True,,"s.f. Counting, reckoning, computing, numbering; calculation, amount, number; account, note, estimation: —…",count; condolence; letters; On; steps
1061,مطالبہ,demand,3132,CLE Urdu top-5000 frequency list,ReadUrdu+word2word,False,False,True,,demand,amnesty; demand; demanding; answers; committee
1062,چلا,went (of چلنا),3123,CLE Urdu top-5000 frequency list,ReadUrdu+word2word,False,False,True,,"moved, went (of چلنا)",gone; running; went; goes; stone
1063,چیف,chief,3107,CLE Urdu top-5000 frequency list,ReadUrdu+word2word,False,False,True,,chief,Chief; CHIEF; GAINES; boss; henceforth
1064,چاہتا,wants (masculine),2859,CLE Urdu top-5000 frequency list,ReadUrdu+word2word,False,False,True,,wants (masculine),wants; wanted; WILL; wishes; Nizam
1065,ریکارڈ,record,2835,CLE Urdu top-5000 frequency list,ReadUrdu+word2word,False,False,True,,record,records; RECORDED; record; wrongs; indicate
1066,ہسپتال,hospital,2681,CLE Urdu top-5000 frequency list,ReadUrdu+word2word,False,False,True,,hospital,hospital; recall; prior; bang; noise
1067,مشکلات,Difficulties,2646,CLE Urdu top-5000 frequency list,ReadUrdu+word2word,False,False,True,,"s.f. pl. (of mushkil), Difficulties; intricacies; doubts, &c.",-This; troubles; resolved; problems; difficulties
1068,دلچسپی,interest,2617,CLE Urdu top-5000 frequency list,ReadUrdu+word2word,False,False,True,,interest,interested; interest; underdogs; context; ahead
1069,ووٹ,vote,2599,CLE Urdu top-5000 frequency list,ReadUrdu+word2word,False,False,True,,vote,voted; Michelle; Chicago; Nominated; votes
1070,سروس,service,2507,CLE Urdu top-5000 frequency list,ReadUrdu+word2word,False,False,True,,"service; duty, work",service; SERVICE; Service; Secret; WENT
1071,کمپنی,company,2481,CLE Urdu top-5000 frequency list,ReadUrdu+word2word,False,False,True,,company,company; named; affidavit; separation; confirming
1072,تباہی,destruction,2450,CLE Urdu top-5000 frequency list,ReadUrdu+word2word,False,False,True,,"s.f. Ruin, wreck, destruction, perdition; wretchedness, misery; wickedness, depravity: — tabāhī-zada",THE; DEVASTATION; destruction; SO; DISTRACTION
1073,طالب,seeker (طالب علم = student),2424,CLE Urdu top-5000 frequency list,ReadUrdu+word2word,False,False,True,,seeker (طالب علم = student),student; Hampshire; Twenty-six; Med; kid
1074,مارکیٹ,market,2372,CLE Urdu top-5000 frequency list,ReadUrdu+word2word,False,False,True,,market,market; heading; east; black; sold
1075,بیرونی,adj. Outer,2370,CLE Urdu top-5000 frequency list,ReadUrdu+word2word,False,False,True,,"adj. Outer, external, &c. = bāharī, q.v",outer; uncommunicative; outsider; wonders; plans
1076,کورٹ,court,2358,CLE Urdu top-5000 frequency list,ReadUrdu+word2word,False,False,True,,court,court-martial; Court; Refuse; recourse; duration
1077,بنائی,made (feminine),2269,CLE Urdu top-5000 frequency list,ReadUrdu+word2word,False,False,True,,made (feminine),made; every; This; phone; Russian
1078,جسٹس,justice (judge's title),2252,CLE Urdu top-5000 frequency list,ReadUrdu+word2word,False,False,True,,justice (judge's title),JUSTICE; justice; law; without; judges
1079,خیالات,ideas,2242,CLE Urdu top-5000 frequency list,ReadUrdu+word2word,False,False,True,,"s.m. pl. (of ḵẖayāl), Thoughts, ideas, imaginations, fancies, &c.: — ḵẖayālāt-ě-lā-t̤āʼil, s.m. Vain…",ideas; somewhere; shed; preconceived; figure
1080,ٹیپ,tape,2178,CLE Urdu top-5000 frequency list,Kaikki+word2word,False,True,False,tape,,tapped; tape; -what; Honey; AC
1081,اعزاز,respect,2155,CLE Urdu top-5000 frequency list,ReadUrdu+word2word,False,False,True,,"s.m. Honouring, magnifying; honour, respect, esteem, attention ( = ʻizzat)",honor; due; respect; With; Guest
1082,ٹورنامنٹ,tournament,2145,CLE Urdu top-5000 frequency list,ReadUrdu+word2word,False,False,True,,tournament,tournament; Burgh; play; surprised; beaten
1083,موقف,(n. of place fr. وقف 'to stand,2114,CLE Urdu top-5000 frequency list,ReadUrdu+word2word,False,False,True,,"(n. of place fr. وقف 'to stand; to stop, stay,' &c.)",stand; simple; daisies; reviewing; My
1084,منتقل,(pass. part. of اِنْتقل 'to be transported,2087,CLE Urdu top-5000 frequency list,ReadUrdu+word2word,False,False,True,,"(pass. part. of اِنْتقل 'to be transported,' &c., viii of نقل 'to transport,' &c.), part.",move; MOVE; Move; pass; moving
1085,حصے,plural direct of حِصَّہ (hissa — part,2025,CLE Urdu top-5000 frequency list,ReadUrdu+word2word,False,False,True,,"plural direct of حِصَّہ (hissa — part, share, piece)",part; Partly; initation; administer; section
1086,پینے,oblique infinitive of پِینا (pīnā — to drink),1939,CLE Urdu top-5000 frequency list,ReadUrdu+word2word,False,False,True,,oblique infinitive of پِینا (pīnā — to drink),drink; normally; li; crooked; pimples
1087,شہریوں,plural,1937,CLE Urdu top-5000 frequency list,ReadUrdu+word2word,False,False,True,,plural oblique of شَہْری (śahrī — citizen),citizens; civilians; wiretapping; everywhere; indoors
1088,فلسطینی,Palestinian,1936,CLE Urdu top-5000 frequency list,ReadUrdu+word2word,False,False,True,,Palestinian,Palestinian; Palestinians; spill; sacred; letting
1089,اسرائیلی,Israeli,1902,CLE Urdu top-5000 frequency list,ReadUrdu+word2word,False,False,True,,Israeli,Israeli; Israelis; anything; Go; holiday
1090,محدود,(pass. part. of حدّ 'to define the limits (of); part. Limited,1896,CLE Urdu top-5000 frequency list,ReadUrdu+word2word,False,False,True,,"(pass. part. of حدّ 'to define the limits (of); to define,' &c.), part. Limited, bounded, terminated, finite;…",limited; supervision; restrict; KP; license
1091,جذبات,feelings,1871,CLE Urdu top-5000 frequency list,ReadUrdu+word2word,False,False,True,,"emotions, feelings",feelings; man; grown; embrace; takes
1092,منڈی,Mandi (a city in Himachal Pradesh,1844,CLE Urdu top-5000 frequency list,ReadUrdu+word2word,False,False,True,,"Mandi (a city in Himachal Pradesh, India)",slave; Lurs; headed; In; market
1093,چاہتی,wants (feminine),1838,CLE Urdu top-5000 frequency list,ReadUrdu+word2word,False,False,True,,wants (feminine),wants; busting; want; Vice; else
1094,درآمد,import,1838,CLE Urdu top-5000 frequency list,ReadUrdu+word2word,False,False,True,,import,import; BAER; needs; imported; Rocky
1095,غربت,poverty,1832,CLE Urdu top-5000 frequency list,ReadUrdu+word2word,False,False,True,,poverty; living away from home,poverty; union; Like; symbolizes; save
1096,بیمہ,insurance; insurance premium,1823,CLE Urdu top-5000 frequency list,ReadUrdu+word2word,False,False,True,,insurance; insurance premium,insurance; money; my; about; What
1097,بدل,s.m. Change,1810,CLE Urdu top-5000 frequency list,ReadUrdu+word2word,False,False,True,,"s.m. Change, alteration; exchange, substitution; return, requital, retaliation; — postp. In exchange (for,…",changed; change; changes; turns; critical
1098,بہتری,improvement,1781,CLE Urdu top-5000 frequency list,ReadUrdu+word2word,False,False,True,,"s.f. Welfare, good, advantage; improvement; superior excellence, goodness, merit, virtue",improvement; Not; still; an; impressive
1099,فلمیں,plural direct of فِلْم (film,1776,CLE Urdu top-5000 frequency list,ReadUrdu+word2word,False,False,True,,"plural direct of فِلْم (film, movie)",talking; Who; she; Movies; films
1100,روزگار,employment,1768,CLE Urdu top-5000 frequency list,ReadUrdu+word2word,False,False,True,,"employment, livelihood",fully; jobs; job; him; employing
1101,میٹر,meter,1760,CLE Urdu top-5000 frequency list,ReadUrdu+word2word,False,False,True,,meter,meters; mm; meter; thick; eight
1102,صوبے,plural direct of صُوبَہ (sūba — province),1735,CLE Urdu top-5000 frequency list,ReadUrdu+word2word,False,False,True,,plural direct of صُوبَہ (sūba — province),bishops; province; monks; desert
1103,کہنے,oblique infinitive of کَہْنا (kahnā — to say),1732,CLE Urdu top-5000 frequency list,ReadUrdu+word2word,False,False,True,,oblique infinitive of کَہْنا (kahnā — to say),say; goodbye; meaning; videos; circumstances
1104,بجٹ,budget,1709,CLE Urdu top-5000 frequency list,ReadUrdu+word2word,False,False,True,,budget,budget; call; why; but; babe
1105,محبوب,beloved,1652,CLE Urdu top-5000 frequency list,ReadUrdu+word2word,False,False,True,,"beloved, dear",beloved; reunited; delivered; dress; Emergency
1106,راست,straight,1623,CLE Urdu top-5000 frequency list,ReadUrdu+word2word,False,False,True,,"adj. Right, true; good, just, upright, straightforward, honest, sincere; right (as opp. to left); straight,…",straight; directly; STRAIGHT; Directly; specials
1107,یورپی,European,1585,CLE Urdu top-5000 frequency list,ReadUrdu+word2word,False,False,True,,European,European; cyberattack; Frankfurt; Central; Yesterday
1108,لیتا,takes (masculine of لینا),1584,CLE Urdu top-5000 frequency list,ReadUrdu+word2word,False,False,True,,takes (masculine of لینا),takes; It; two; boot; interact
1109,تاخیر,s.f. Delay; To delay,1576,CLE Urdu top-5000 frequency list,ReadUrdu+word2word,False,False,True,,"s.f. Delay, procrastination; postponement; impediment: — tāḵẖīr karnā (-meṅ), To delay, procrastinate; to…",delay; delayed; badges; Plus; codes
1110,مشرقی,eastern,1575,CLE Urdu top-5000 frequency list,ReadUrdu+word2word,False,False,True,,eastern,eastern; Redeploy; gate; Eastern; Supreme
1111,توڑ,break; breaking,1564,CLE Urdu top-5000 frequency list,ReadUrdu+word2word,False,False,True,,"break, fissure; breaking; check",Break; break; broke; breaking; BREAK
1112,خرید,buying,1546,CLE Urdu top-5000 frequency list,ReadUrdu+word2word,False,False,True,,"buying, purchase; purchase (something bought)",buy; buying; Nike; someday; bond
1113,کلاس,class,1476,CLE Urdu top-5000 frequency list,ReadUrdu+word2word,False,False,True,,"class, course",class; Top; BUY; PARKING; PASS
1114,تحقیقات,investigation…,1425,CLE Urdu top-5000 frequency list,ReadUrdu+word2word,False,False,True,,"s.f. (pl. of taḥqīq, but com. used as a sing. in Urdū), Inquiries; inquiry, investigation…",investigation; investigations; investigating; wars; investigate
1115,انٹرویو,interview,1421,CLE Urdu top-5000 frequency list,ReadUrdu+word2word,False,False,True,,interview,JOB; BOSS; OF; INTERVIEWS; INTERVIEW
1116,ڈگری,degree,1406,CLE Urdu top-5000 frequency list,ReadUrdu+word2word,False,False,True,,degree,second-degree; charts; degree; ROTC; scholarship
1117,آرام,rest; comfort,1405,CLE Urdu top-5000 frequency list,Kaikki+ReadUrdu+word2word,True,True,True,rest; comfort; leisure,"rest, comfort",rest; relax; Easy; calm; stay
1118,ڈیرہ,settlement,1403,CLE Urdu top-5000 frequency list,Kaikki+ReadUrdu,True,False,False,settlement,settlement,
1119,لوٹ,loot; swag; spoils,1401,CLE Urdu top-5000 frequency list,Kaikki+ReadUrdu,True,False,False,loot; swag; spoils,spoils; loot; swag,robbing; Raping; returned; yet; As
1120,سفید,blank; clean; white,1399,CLE Urdu top-5000 frequency list,Kaikki+ReadUrdu+word2word,True,True,True,blank; clean; white,"adj. white; clean; blank | Platts: adj. White; clean, blank: — safaid-posh, adj. &",white; WHITE; whale-; Skin; ye
1121,لفظ,word,1399,CLE Urdu top-5000 frequency list,Kaikki+ReadUrdu+word2word,True,True,True,"word, term",word,word; WORD; ANOTHER; SAY; PUT
1122,شک,doubt,1396,CLE Urdu top-5000 frequency list,Kaikki+ReadUrdu+word2word,True,True,True,"doubt, uncertainty","doubt, suspicion",doubt; Surely; Synesius; seducing; Mind
1123,پہنچنے,oblique infinitive of پَہُن٘چنا (pahũcnā — to arrive; to reach),1395,CLE Urdu top-5000 frequency list,ReadUrdu+word2word,False,False,True,,"oblique infinitive of پَہُن٘چنا (pahũcnā — to arrive, to reach)",reach; ls; legend; arrive; arriving
1124,والدہ,mother,1395,CLE Urdu top-5000 frequency list,Kaikki+ReadUrdu+word2word,True,True,True,mother,"n. mother | Platts: (for A. والدة wālidat, fem. of wālid)",mother; Mother; said; Tacoma; Father
1125,پارلیمنٹ,parliament,1394,CLE Urdu top-5000 frequency list,ReadUrdu+word2word,False,False,True,,parliament,cabinet; symbolic; gesture; Palace; parliament
1126,ناصر,defender; assistant; helper; deliverer,1390,CLE Urdu top-5000 frequency list,Kaikki+ReadUrdu,True,False,False,"defender, assistant, helper, deliverer, ally","n. defender, assistant, helper, deliverer, ally | Platts: (act. part. of نصر 'to aid,' &c.)",
1127,باہمی,mutual; shared; reciprocal; together,1389,CLE Urdu top-5000 frequency list,Kaikki+ReadUrdu+word2word,True,True,True,"mutual, shared, reciprocal, together","mutual, shared, reciprocal, together",mutual; mutually; agreeable; settlement; reach
1128,تنازع,conflict; struggle,1389,CLE Urdu top-5000 frequency list,Kaikki+ReadUrdu,True,False,False,"conflict, struggle","n. conflict, struggle | Platts:",
1129,در,door,1389,CLE Urdu top-5000 frequency list,Kaikki+ReadUrdu,True,False,False,door,n. door | Platts:,might; wanting; noise; countries; afraid
1130,نا,no; final emphatic particle,1386,CLE Urdu top-5000 frequency list,Kaikki+ReadUrdu,True,False,False,no; final emphatic particle,"pcl. final emphatic particle | n. no | prefix not, un-, non-, in- | Platts: (f. -nī) [Prk.",RIGHT; French; unacceptable; speak; surveillance
1131,لباس,clothes; clothing; attire,1384,CLE Urdu top-5000 frequency list,Kaikki+ReadUrdu,True,False,False,"clothes, clothing, attire","clothes, clothing, attire",robe; dress; cloak; gave; poisoned
1132,کب,when,1383,CLE Urdu top-5000 frequency list,Kaikki+ReadUrdu+word2word,True,True,True,when,"adv. when | Platts: interrog. adv. When? at what time? — kab-tak, or kab-talak, or kab-taʼīṅ, Till when? up to what time? how…",When; long; spoke; attack; longer
1133,مشورہ,advice; consultation,1380,CLE Urdu top-5000 frequency list,Kaikki+ReadUrdu+word2word,True,True,True,advice; consultation; opinion,"advice, consultation",suggest; advice; advised; Advising; EM
1134,شوہر,husband,1379,CLE Urdu top-5000 frequency list,Kaikki+ReadUrdu+word2word,True,True,True,husband,n. husband | Platts:,husband; Back; lad; somewhere; sense
1135,ہوٹل,hotel; restaurant,1377,CLE Urdu top-5000 frequency list,Kaikki+ReadUrdu+word2word,True,True,True,hotel; restaurant,"hotel, restaurant",hotel; destinations; locals; Westerners; popular
1136,زیادتی,rape; sexual assault; unfairness (connoted with deception),1376,CLE Urdu top-5000 frequency list,Kaikki+ReadUrdu,True,False,False,"rape, sexual assault; transgression, wrongdoing; unfairness (connoted with deception)","unfairness (connoted with deception); oppression, injustice (connoted with forcefulness; coercion); rape, sexual assault",
1137,احترام,attention; respect; honour; consideration,1367,CLE Urdu top-5000 frequency list,Kaikki+ReadUrdu+word2word,True,True,True,"attention; respect, honour; consideration, regardfulness","n. respect, honour; consideration, regardfulness; attention | Platts:",respect; honor; great; DAD; WHAT
1138,انعام,prize; reward,1367,CLE Urdu top-5000 frequency list,Kaikki+ReadUrdu+word2word,True,True,True,prize; reward,"reward, prize",prize; Reward; Safe; grand; obscene
1139,ضائع,wasted; squandered; lost; destroyed,1364,CLE Urdu top-5000 frequency list,Kaikki+ReadUrdu+word2word,True,True,True,"wasted; squandered; lost, destroyed; perished","adj. wasted; squandered; lost, destroyed; perished | Platts: (act. part. of ضيع 'to perish,' &c.), part. adj. Perishing, becoming lost or destroyed…",disposal; fully; standing; wasted; All
1140,تصاویر,“photograph”),1361,CLE Urdu top-5000 frequency list,ReadUrdu+word2word,False,False,True,,"n. formal plural of تَصْوِیر (taṣvīr, “photograph”) | Platts:",pictures; photographed; photos; Was; colleague
1141,نامی,famous; celebrated; having a good reputation,1359,CLE Urdu top-5000 frequency list,Kaikki+ReadUrdu,True,False,False,"famous, celebrated; having a good reputation","adj. having a good reputation; famous, celebrated | Platts: (nām",called; named; musical; Rose; piece
1142,شکر,thanks,1353,CLE Urdu top-5000 frequency list,ReadUrdu+word2word,False,False,True,sugar; Venus; bright,"gratitude, thanks",thank; Thank; Oh; THANK; showed
1143,کاروباری,businessman,1352,CLE Urdu top-5000 frequency list,Kaikki+ReadUrdu,True,False,False,businessman; pertaining to business,n. businessman,slightly; entrepreneur; nobility; cloth; dishonorable
1144,بیٹا,son; boy; child (any gender),1351,CLE Urdu top-5000 frequency list,Kaikki+ReadUrdu+word2word,True,True,True,"son, boy; child (any gender)","son, boy; child (any gender)",son; Son; -But; sweetie; Not
1145,ضمانت,bail; guarantee; security,1350,CLE Urdu top-5000 frequency list,Kaikki+ReadUrdu+word2word,True,True,True,"bail; guarantee, security","n. bail; guarantee, security | Platts: (for A. ضمانة, fr. ẓamān)",guarantee; child; bailed; BAILED; bail
1146,رو,s.m. Cry,1349,CLE Urdu top-5000 frequency list,ReadUrdu+word2word,False,False,True,,"s.m. Cry, clamour, din; sound, noise; voice; hum; report, fame",cry; Do; Ahmet; Weep; CRYING
1147,اصول,maxim; principles,1348,CLE Urdu top-5000 frequency list,Kaikki+ReadUrdu,True,False,False,"maxim; principles; law, mot, motto, rule",n. plural of اصل (asl); principles; maxim | Platts:,principle; founded; theory; differences; CONTINUE
1148,چائے,cha; tea,1348,CLE Urdu top-5000 frequency list,Kaikki+ReadUrdu+word2word,True,True,True,cha; tea,tea; chai; cha,GRANNY; PEACH; TEA; S; bucket
1149,ڈپٹی,deputy,1346,CLE Urdu top-5000 frequency list,ReadUrdu+word2word,False,False,True,,deputy,Deputy; Director; uh; The; Lowell
1150,ثبوت,proof; evidence,1333,CLE Urdu top-5000 frequency list,Kaikki+ReadUrdu+word2word,True,True,True,proof; evidence,"proof, evidence",proof; evidence; living; case; definitive
1151,کتنے,plural masculine of کِتْنا (kitnā — how much),1329,CLE Urdu top-5000 frequency list,ReadUrdu+word2word,False,False,True,,plural masculine of کِتْنا (kitnā — how much),many; How; left; set; fill
1152,تاثر,impression,1328,CLE Urdu top-5000 frequency list,ReadUrdu+word2word,False,False,True,,impression,impression; watching; someone; parcel; moral
1153,سمندر,sea; ocean; vast; boundless,1328,CLE Urdu top-5000 frequency list,Kaikki+ReadUrdu+word2word,True,True,True,"sea, ocean; vast; boundless; limitless (entity, land etc.)","n. sea, ocean; vast; boundless; limitless (entity, land etc.) | Platts: (said to be fr. sām, 'fire'+andar, 'in')",sea; ocean; ere; O; forthwith
1154,پرانے,plural masculine of پُرانا (purānā — old (ie. of an earlier time,1327,CLE Urdu top-5000 frequency list,ReadUrdu+word2word,False,False,True,,"plural masculine of پُرانا (purānā — old (ie. of an earlier time, in the past))",old; times; regimen; Chasing; enchantress
1155,مختصر,concise; abbreviated; brief; short (in duration or area),1327,CLE Urdu top-5000 frequency list,Kaikki+ReadUrdu+word2word,True,True,True,"concise; abbreviated; brief, short (in duration or area)","adj. brief, short (in duration or area); concise; abbreviated | Platts: (pass. part. of اختصر 'to abridge, curtail,' &c., viii of خصر; but prob. fr. ḵẖaṣr, 'middle; waist'), part. &…",short; tiny; cut; weird; hundreds
1156,استحکام,courage; establishment; stability; firmness,1320,CLE Urdu top-5000 frequency list,Kaikki+ReadUrdu+word2word,True,True,True,"courage; establishment, stability, firmness, corroboration, ratification, fastness, prolongation","n. establishment, stability, firmness, corroboration, ratification, fastness, prolongation; courage | Platts:",find; their; or; populace; stability
1157,دلچسپ,interesting,1319,CLE Urdu top-5000 frequency list,Kaikki+ReadUrdu+word2word,True,True,True,interesting,interesting,exciting; fascinating; interesting; Interesting; intriguing
1158,دراصل,in reality; in fact; actually; truly,1318,CLE Urdu top-5000 frequency list,Kaikki+ReadUrdu+word2word,True,True,True,"in reality, in fact, actually, truly, in essence, in origin","in reality, in fact, actually, truly, in essence, in origin",Actually; really; ACTUALLY; WELL; YESTERDAY
1159,تکمیل,finishing; completion; conclusion,1314,CLE Urdu top-5000 frequency list,Kaikki+ReadUrdu+word2word,True,True,True,"finishing, completion, conclusion","n. finishing, completion, conclusion | Platts:",updates; Something; collecting; finished; already
1160,تیس,thirty,1313,CLE Urdu top-5000 frequency list,Kaikki+ReadUrdu+word2word,True,True,True,thirty,num. thirty | Platts:,Thirty; Thirty-eight; seconds; Twenty; turn
1161,شعور,consciousness; puberty; maturity; intellect,1313,CLE Urdu top-5000 frequency list,Kaikki+ReadUrdu+word2word,True,True,True,"consciousness; puberty, maturity; intellect, wisdom; good sense","n. intellect, wisdom; good sense; consciousness; puberty, maturity | Platts: (inf. n. of شعر 'to know, to understand,' &c.)",wisdom; remains; men; Our; all
1162,سنچری,century,1312,CLE Urdu top-5000 frequency list,Kaikki+ReadUrdu,True,False,False,century,century,hundred; point; fucking; got; at
1163,حساب,account; calculation; arithmetic,1309,CLE Urdu top-5000 frequency list,Kaikki+ReadUrdu,True,False,False,"account; viewpoint, perspective; calculation; arithmetic","n. account; calculation; arithmetic; bill (a list of items needed to paid for) | Platts: (inf. n. of حسب, and also of iii of حسب 'to number,' &c.)",miscalculation; anytime; tiny; One; anyone
1164,چوری,theft,1307,CLE Urdu top-5000 frequency list,Kaikki+ReadUrdu,True,False,False,theft,n. theft | Platts:,steal; stealing; stolen; thief; STOLEN
1165,رخ,face; cheek; direction; attention,1306,CLE Urdu top-5000 frequency list,Kaikki+ReadUrdu,True,False,False,"rook; face, cheek; direction, attention","n. face, cheek; appearance, countenance; direction, attention | Platts:",informant; daddy; critical; With; course
1166,ایوان,hall; palace,1304,CLE Urdu top-5000 frequency list,Kaikki+ReadUrdu,True,False,False,hall; porch; palace,n. hall; palace; chamber | Platts:,
1167,چاند,moon,1301,CLE Urdu top-5000 frequency list,Kaikki+ReadUrdu+word2word,True,True,True,moon; silver; a crown,n. moon; a lunar month; the last day of the month. | Platts:,moon; More; than; -; the
1168,گرفتاری,arrest,1296,CLE Urdu top-5000 frequency list,ReadUrdu+word2word,False,False,True,,"s.f. Seizure, capture, arrest, apprehension; — captivity, imprisonment, bondage; embarrassment, entanglement",arrest; understood; immediate; arraign; vandalism
1169,بدولت,through (someone); due to; by the grace (of); by the generosity (of),1295,CLE Urdu top-5000 frequency list,Kaikki+ReadUrdu,True,False,False,"through (someone), due to; by the grace (of), by the generosity (of)","through (someone), due to; by the grace (of), by the generosity (of)",
1170,مخدوم,lord,1295,CLE Urdu top-5000 frequency list,Kaikki+ReadUrdu,True,False,False,lord,"n. lord | Platts: (pass. part. of خدم 'to serve'), part. Served, waited on; —",
1171,ترکی,the Turkish language; a horse of Turkish breed; Turkish,1294,CLE Urdu top-5000 frequency list,Kaikki+ReadUrdu+word2word,True,True,True,"the Turkish language; a horse of Turkish breed; of or belonging to a Turk; Turkish, Turk-like",Turkey; Turkish,Turkish; Turkey; venerable; harem; disease
1172,غذا,food; diet; victuals; provisions,1288,CLE Urdu top-5000 frequency list,Kaikki+ReadUrdu+word2word,True,True,True,"food, diet, victuals, provisions","food, diet, victuals, provisions",diet; watch; your; I
1173,محفل,assembly; gathering,1283,CLE Urdu top-5000 frequency list,Kaikki+ReadUrdu,True,False,False,assembly; gathering; congregation,"gathering, assembly",rooms; chat; online; over; someone
1174,زکوۃ,alms; charity; Almsgiving; zakat,1280,CLE Urdu top-5000 frequency list,Kaikki+ReadUrdu,True,False,False,"alms, charity; Almsgiving; zakat, one of the five pillars of Islam","alms, charity; Almsgiving; zakat, one of the five pillars of Islam",
1175,ظلم,oppression,1280,CLE Urdu top-5000 frequency list,Kaikki+ReadUrdu,True,False,True,"tyranny, oppression; wrongdoing, misdeed, injustice","oppression, cruelty",oppressed; cruelty; arrogance; From; being
1176,جانتے,know (,1279,CLE Urdu top-5000 frequency list,ReadUrdu+word2word,False,False,True,,know (plural of جاننا),know; KNOW; knew; -I; knows
1177,ترجمہ,translation,1276,CLE Urdu top-5000 frequency list,Kaikki+ReadUrdu,True,False,False,"rendering, rendition; translation; interpretation",translation,examples; forms; dialect; translate; speak
1178,جون,June,1276,CLE Urdu top-5000 frequency list,Kaikki+ReadUrdu+word2word,True,True,True,June,name: June | Platts:,June; Can; bun; hot; seat
1179,جہاز,craft; plane; ship,1272,CLE Urdu top-5000 frequency list,Kaikki+ReadUrdu+word2word,True,True,True,"craft; plane, ship","n. plane, ship; craft; clipping of ہَوائی جَہاز (havāī jahāz, “aircraft”) | Platts:",ship; plane; spaceship; Stop; Evanston
1180,چیزیں,“thing”),1271,CLE Urdu top-5000 frequency list,ReadUrdu+word2word,False,False,True,,"direct plural of چِیز (cīz, “thing”)",things; stuff; Things; rethink; unite
1181,مرضی,need; will; choice,1269,CLE Urdu top-5000 frequency list,Kaikki+ReadUrdu+word2word,True,True,True,need; will; choice,n. choice; will; need,wish; will; bends; Does; confuse
1182,سوار,rider; horseman,1267,CLE Urdu top-5000 frequency list,Kaikki+ReadUrdu,True,False,False,"rider, horseman","n. rider, horseman | Platts: ( = S.",ride; Ride; Wanna; bride; BUY
1183,جنم,birth; emergence,1265,CLE Urdu top-5000 frequency list,Kaikki+ReadUrdu,True,False,False,birth; emergence,n. birth; emergence | Platts:,begs; One; another; Soft; stoop
1184,تب,then,1261,CLE Urdu top-5000 frequency list,Kaikki+ReadUrdu+word2word,True,True,True,then,"adv. then | Platts: adv. & conj. Then, at that time; afterwards; thereupon; therefore, hence: — tab-bhī, adv. Even then, then too…",woods; Into; since; Then; Fine
1185,سردی,the cold; winter (season of the year),1258,CLE Urdu top-5000 frequency list,Kaikki+ReadUrdu+word2word,True,True,True,the cold; shivering; winter (season of the year),"n. the cold; winter (season of the year); the common cold, flu (ie. illness) | Platts:",sweaty; shirt; winter; catch; change
1186,افواج,forces,1255,CLE Urdu top-5000 frequency list,ReadUrdu+word2word,False,False,True,,"forces, armies (plural of فوج)",forces; combine; outmatched; contacting; military
1187,نمائندگی,representation (broadly; not limited.),1255,CLE Urdu top-5000 frequency list,Kaikki+ReadUrdu+word2word,True,True,True,"representation (broadly, not limited.)","representation (broadly, not limited.)",represent; Represent; warn; Strategic; Scientific
1188,آفیسر,officer,1250,CLE Urdu top-5000 frequency list,Kaikki+ReadUrdu+word2word,True,True,True,officer,officer,Corporal; Talk; fit; officers; thank
1189,نشست,seat; session; sitting,1250,CLE Urdu top-5000 frequency list,Kaikki+ReadUrdu+word2word,True,True,False,"seat; session; gathering, sitting","s.f. Sitting; session; — fixing; — position, attitude; — a sitting-room (i.q. nishast-gāh): —…",seat; Grab; a
1190,انتہا,limit,1249,CLE Urdu top-5000 frequency list,Kaikki+ReadUrdu,True,False,False,"end; limit, extent","extreme, utmost limit",everlasting; ends; Creator; Earth; traded
1191,پاؤں,leg; foot,1247,CLE Urdu top-5000 frequency list,Kaikki+ReadUrdu+word2word,True,True,True,leg; foot; interference; meddling,foot; footprint; leg,feet; foot; Raise; Everyone; cold
1192,سیٹ,a seat,1246,CLE Urdu top-5000 frequency list,ReadUrdu+word2word,False,False,True,,a seat,set; seat; boss; ringer; vibrate
1193,توانائی,energy; power; ability; strength,1244,CLE Urdu top-5000 frequency list,Kaikki+ReadUrdu+word2word,True,True,True,"energy; power, ability, strength","n. energy; power, ability, strength | Platts:",energy; passion; stops; signature; ENERGY
1194,ترجیح,priority; preference; precedence,1243,CLE Urdu top-5000 frequency list,Kaikki+ReadUrdu+word2word,True,True,True,"priority; preference, precedence","n. preference, precedence; priority | Platts:",prefer; priority; live; dealer; reveal
1195,ٹن,ton,1243,CLE Urdu top-5000 frequency list,ReadUrdu+word2word,False,False,True,,ton,tin; making; foil; hat; ton
1196,سوالات,“question”),1242,CLE Urdu top-5000 frequency list,ReadUrdu+word2word,False,False,True,,"n. formal plural of سَوَال (savāl, “question”) | Platts:",questions; disappearance; raises; intentionally; answered
1197,صلاحیتوں,plural,1240,CLE Urdu top-5000 frequency list,ReadUrdu+word2word,False,False,True,,plural oblique of صَلاحِیَّت (salāhiyyat — capability; capacity (to do or carry out something),capabilities; beyond; working; architecture; oppression
1198,امیدواروں,contestant (in an election or examinati),1235,CLE Urdu top-5000 frequency list,ReadUrdu+word2word,False,False,True,,"plural oblique of اُمِّیدْوار (ummīdvār — candidate, contestant (in an election or examinati)",candidates; breaking; see; are; in
1199,گرام,gram (unit of mass),1235,CLE Urdu top-5000 frequency list,Kaikki+ReadUrdu,True,False,False,gram (unit of mass),gram,150; kilograms; popped; high; explosives
1200,خفیہ,concealed; secret,1233,CLE Urdu top-5000 frequency list,Kaikki+ReadUrdu+word2word,True,True,True,concealed; secret,"adj. concealed; secret | Platts: (for A. خفية ḵẖufyat, fem.; inf. n. of خفي 'to hide oneself,' &c.), adj. &",secret; covert; undercover; build; encryption
1201,ٹکٹ,ticket,1233,CLE Urdu top-5000 frequency list,Kaikki+ReadUrdu+word2word,True,True,True,ticket,ticket,ticket; Tickets; Could; stamps; top
1202,رحمت,inf. n. of رحم 'to have mercy'),1231,CLE Urdu top-5000 frequency list,ReadUrdu+word2word,False,False,True,,"(for A. رحمة, inf. n. of رحم 'to have mercy')",mercy; Mercy; battered; Consider; swarming
1203,حرکت,v.n. fr. حرك 'to move'),1224,CLE Urdu top-5000 frequency list,ReadUrdu+word2word,False,False,True,,"(for A. حرکة ḥarakat, fem.; v.n. fr. حرك 'to move')",Move; Hustle; Let; maintained; 3D
1204,نقطہ,dot; nuqta,1223,CLE Urdu top-5000 frequency list,Kaikki+ReadUrdu,True,False,True,dot; focus; nuqta,"n. nuqta; point; dot | Platts: (for A. نقطة nuqt̤at, v.n. fr. نقط 'to mark (a letter) with (the diacritical) points')",point; POINT; missing; THE; GUESS
1205,ریڈیو,radio,1222,CLE Urdu top-5000 frequency list,Kaikki+ReadUrdu+word2word,True,True,True,radio,radio,radio; RADIO; CHATTER; transmitter; CONTINUE
1206,جناب,sir; mister; Excellency; Honour,1221,CLE Urdu top-5000 frequency list,Kaikki+ReadUrdu+word2word,True,True,True,"sir, mister; Excellency, Honour","n. sir, mister; Excellency, Honour; form of address for a judge | Platts:",sir; Mr; Sir; Mister; Luthor
1207,رواں,flowing; fluent; well-versed,1219,CLE Urdu top-5000 frequency list,Kaikki+ReadUrdu,True,False,False,"flowing; fluent, well-versed; free (ie. of part of a machine)","flowing; fluent, well-versed; en route, set off (of a vehicle, group etc. on a journey)",climate; current; able; being; Staff
1208,باز,skilled in,1218,CLE Urdu top-5000 frequency list,Kaikki+ReadUrdu,True,False,False,"skilled in; open, open wide; hawk, falcon, eagle",suffix skilled in | Platts: act. part. [of bāḵẖtan; rt. Zend baz; S.,Cheater; thrower; crimes; communicate; Whatever
1209,طالبان,Taliban,1217,CLE Urdu top-5000 frequency list,Kaikki+ReadUrdu+word2word,True,True,True,"Taliban (a Deobandi Islamist and largely Pashtun religious political movement founded in Afghanistan in 1994 by mullah Mohammad Omar, which has governed the country from 1996 to 2001 and since 2021)",the Taliban; seekers (plural of طالب),Former; Taliban; claim; officials; hanging
1210,اغوا,abduction; kidnapping,1214,CLE Urdu top-5000 frequency list,Kaikki+ReadUrdu+word2word,True,True,True,"abduction, kidnapping","n. abduction, kidnapping | Platts:",kidnapped; kidnap; response; She; runs
1211,روح,soul; spirit,1214,CLE Urdu top-5000 frequency list,Kaikki+ReadUrdu+word2word,True,True,True,"soul, spirit; essence, quintessence","soul, spirit",spirit; soul; her; Too; independent
1212,شہرت,fame,1214,CLE Urdu top-5000 frequency list,Kaikki+ReadUrdu,True,False,False,"notoriety; fame, reputation; renown",fame,
1213,معاہدہ,a peace treaty; agreement,1214,CLE Urdu top-5000 frequency list,Kaikki+ReadUrdu+word2word,True,True,True,"a peace treaty, accord; an alliance; confederacy; contract; agreement; the matter which is legally enforceable","agreement, treaty",agreement; extradition; quiet; does; discreet
1214,قدیم,ancient; old (ie. historical),1213,CLE Urdu top-5000 frequency list,Kaikki+ReadUrdu,True,False,False,"ancient, old (ie. historical); obsolete (ie. no longer in existence, or use); eternal (something which has existed since the beginning and has no end, such as God)","ancient, old",oldest; wisdom; remains; Beneath; container
1215,مبنی,based; founded (on); foundation; base,1213,CLE Urdu top-5000 frequency list,Kaikki+ReadUrdu+word2word,True,True,True,"based, founded (on); foundation, base, origin","n. foundation, base, origin | Platts: (pass. part. of بنی 'to build,' &c.), part. Built, constructed, formed; founded, based (on); — (in",driven; diagrams; mapped; based; These
1216,منزل,destination (of a journey),1213,CLE Urdu top-5000 frequency list,Kaikki+ReadUrdu+word2word,True,True,True,a line; house; abode; destination (of a journey),destination; storey,floor; ground; arrive; engulfed; destination
1217,نوٹس,notice,1213,CLE Urdu top-5000 frequency list,ReadUrdu+word2word,False,False,True,,notice,notice; isn; properly; further; scratches
1218,ایمان,faith; belief,1212,CLE Urdu top-5000 frequency list,Kaikki+ReadUrdu+word2word,True,True,True,creed; intention; faith; belief,"faith, belief; integrity",faith; Faith; Evasion; dishonesty; Synesius
1219,قاتل,killer; murderer; assassin,1209,CLE Urdu top-5000 frequency list,Kaikki+ReadUrdu+word2word,True,True,True,"killer, murderer, assassin","n. killer, murderer, assassin | Platts: (act. part. of قتل 'to kill'), part.",murderer; killer; assassin; Murderer; Cage
1220,اسلحہ,ammunitions; weapons,1207,CLE Urdu top-5000 frequency list,Kaikki+ReadUrdu+word2word,True,True,True,"ammunitions, weapons","n. plural of سِلاح (silāh); ammunitions, weapons | Platts:",arms; forges; guns; bear; weapon
1221,نامعلوم,unknown; unfamiliar,1206,CLE Urdu top-5000 frequency list,Kaikki+ReadUrdu+word2word,True,True,True,"unknown, unfamiliar","unknown, unfamiliar",unknown; approaching; unidentified; Sir; shipwrecked
1222,حاضر,present,1205,CLE Urdu top-5000 frequency list,Kaikki+ReadUrdu,True,False,False,ready; present,"present, in attendance",am; Here; teaching; tucked; Now
1223,بشیر,a surname; Bashir or Basheer; from Arabic; a male given name,1204,CLE Urdu top-5000 frequency list,Kaikki+ReadUrdu,True,False,False,"a surname, Bashir or Basheer, from Arabic; a male given name, Bashir or Basheer, from Arabic","name: a male given name, Bashir or Basheer, from Arabic; a surname, Bashir or Basheer, from Arabic | Platts:",
1224,فخر,glory; pride,1199,CLE Urdu top-5000 frequency list,Kaikki+ReadUrdu+word2word,True,True,True,glory; pride,"n. glory; pride | Platts: (inf. n. of فخر 'to glory; to boast,' &c.)",proud; pride; strapping; pleasure; honor
1225,پیٹ,womb; stomach; belly,1198,CLE Urdu top-5000 frequency list,Kaikki+ReadUrdu+word2word,True,True,True,"womb; stomach, belly","belly, stomach; womb",Pete; belly; leans; rumbly; tummy
1226,چالیس,forty,1196,CLE Urdu top-5000 frequency list,Kaikki+ReadUrdu+word2word,True,True,True,forty,num. forty | Platts:,Forty; 40.; Back; somewhere; Fifty
1227,تمہیں,contracted dative; accusative of تم (tum),1194,CLE Urdu top-5000 frequency list,Kaikki+ReadUrdu,True,False,False,contracted dative/accusative of تم (tum),contracted dative/accusative of تم (tum),wanna; YOU; understand; sure; TO
1228,مزاج,humor; temperament,1190,CLE Urdu top-5000 frequency list,Kaikki+ReadUrdu,True,False,False,humor; temperament,humor; temperament,mood; marching; Max; seconds; was
1229,گذشتہ,last (year,1185,CLE Urdu top-5000 frequency list,ReadUrdu+word2word,False,False,True,,"adj. alternative spelling of گزشتہ (guzaśta) | Platts: (perf. part. of guẕashtan; see guẕār), part. adj. Past, elapsed; last (year, &c.); left; tendered; —",eligible; last; about; `; man
1230,عمدہ,excellent,1183,CLE Urdu top-5000 frequency list,Kaikki+ReadUrdu,True,False,False,excellent,"adj. excellent | Platts: (for A. عمدة, v.n. fr. عمد 'to stay, prop,' &c.)",divine; covenant; clever; guardian; speech
1231,مٹی,dust; dirt; grime; soil,1183,CLE Urdu top-5000 frequency list,Kaikki+ReadUrdu+word2word,True,True,True,"dust; dirt, grime; soil, earth","soil, earth; dirt, grime; dust",CLAY; jealous; Easy; Dust; partner
1232,امی,“mom,1177,CLE Urdu top-5000 frequency list,ReadUrdu+word2word,False,False,True,,"n. alternative form of اَمّا (ammā, “mom; mum”) | Platts:",Mom; hi; Pop; Tell; broke
1233,اشفاق,favours,1174,CLE Urdu top-5000 frequency list,Kaikki+ReadUrdu,True,False,False,"compassion, favours, tenderness","s.m. pl. (of شفق shafaq), Kindnesses, favours",
1234,جلدی,quickly,1172,CLE Urdu top-5000 frequency list,ReadUrdu+word2word,False,False,True,quickness,quickly; haste,HURRY; Hurry; hurry; quick; Quickly
1235,امتحان,exam; test,1169,CLE Urdu top-5000 frequency list,Kaikki+ReadUrdu+word2word,True,True,True,"exam, test; trial (difficult period)","examination, test",exam; test; exams; passed; pass
1236,پریشانی,trouble,1164,CLE Urdu top-5000 frequency list,ReadUrdu+word2word,False,False,True,,"distress, trouble",problems; cause; Trouble; any; won
1237,وکیل,lawyer,1163,CLE Urdu top-5000 frequency list,ReadUrdu+word2word,False,False,True,,lawyer,attorney; lawyer; grieving; studying; refuse
1238,سرخ,red; a communist or socialist (metaphorically),1161,CLE Urdu top-5000 frequency list,Kaikki+ReadUrdu+word2word,True,True,True,red; a communist or socialist (metaphorically),adj. red; twilight-colored; a communist or socialist (metaphorically) | Platts: adj. Red (syn. lāl); high (as a price or rate); —,red; RED; specks; Red; THAT
1239,کائنات,the universe; creatures; beings; a female given name,1158,CLE Urdu top-5000 frequency list,Kaikki+ReadUrdu+word2word,True,True,True,the universe; creatures; beings; a female given name,"n. the universe; creatures; beings | name: a female given name | Platts: (pl. of kāʼinat, n. of un. fr. kāʼin, act. part. of کان (for کون), 'to be, to exist')",universe; gigantic; infinite; chest; Copernicus
1240,ٹرک,truck,1151,CLE Urdu top-5000 frequency list,Kaikki+ReadUrdu+word2word,True,True,True,truck,truck,trucks; TRUCK; Trucks; supplies; driving
1241,احسان,favour; kindness; gratitude,1149,CLE Urdu top-5000 frequency list,Kaikki+ReadUrdu,True,False,False,favour; kindness; gratitude,n. favour; kindness; gratitude | Platts:,
1242,سورج,Sun; sunshine,1148,CLE Urdu top-5000 frequency list,Kaikki+ReadUrdu+word2word,True,True,True,"Sun, sun; sunshine","n. Sun, sun; sunshine | Platts:",sun; center; Sun; With; moving
1243,بیگم,wife; begum,1147,CLE Urdu top-5000 frequency list,Kaikki+ReadUrdu,True,False,False,wife; begum; queen,n. begum; lady (of rank); wife | Platts: (fem. of beg,
1244,اخبارات,press,1146,CLE Urdu top-5000 frequency list,Kaikki+ReadUrdu,True,False,True,press,"press; plural of اخبار, newspapers",newspapers; turn; not; Why; to
1245,کتابیں,plural direct of کِتاب (kitāb — book,1146,CLE Urdu top-5000 frequency list,ReadUrdu+word2word,False,False,True,,"plural direct of کِتاب (kitāb — book, manuscript, volume)",escorted; homes; their; Proper; Books
1246,معاشرہ,society,1141,CLE Urdu top-5000 frequency list,Kaikki+ReadUrdu+word2word,True,True,True,society; community,society,dividing; aptitude; society; created; plays
1247,پل,bridge; causeway; moment (24 seconds),1140,CLE Urdu top-5000 frequency list,Kaikki+ReadUrdu+word2word,True,True,True,bridge; causeway; moment (24 seconds),n. bridge; causeway; moment (24 seconds) | Platts:,moment; bridge; switched; warn; waited
1248,طوفان,storm,1139,CLE Urdu top-5000 frequency list,Kaikki+ReadUrdu+word2word,True,True,True,"storm, tempest; typhoon, hurricane; flood, deluge, inundation",storm,sandstorm; Desert; Storm; Storms; storming
1249,نعت,naat; poem in praise of Holy Prophet Muhammad,1138,CLE Urdu top-5000 frequency list,Kaikki+ReadUrdu,True,False,False,"naat, poem in praise of Holy Prophet Muhammad","n. naat, poem in praise of Holy Prophet Muhammad. | Platts: (inf. n. of نعت 'to describe,' &c.)",
1250,اختیارات,plural formal of اِخْتِیَار (ixtiyār — power,1137,CLE Urdu top-5000 frequency list,ReadUrdu+word2word,False,False,True,,"plural formal of اِخْتِیَار (ixtiyār — power, authority, jurisdiction)",options; POWERS; option; TEN; -Well
1251,تصدیق,confirmation; verification; attestation; countersignature,1135,CLE Urdu top-5000 frequency list,Kaikki+ReadUrdu+word2word,True,True,True,confirmation; verification; attestation; countersignature,n. verification; confirmation; attestation; countersignature | Platts:,confirmation; Confirm; confirmed; cross-checked; legit
1252,درخت,tree,1134,CLE Urdu top-5000 frequency list,Kaikki+ReadUrdu+word2word,True,True,True,tree,n. tree | Platts:,tree; oak; Tree; barren; fallen
1253,بیگ,bey; beg; bag,1133,CLE Urdu top-5000 frequency list,Kaikki+ReadUrdu+word2word,True,True,False,"dung; bey, beg; bag, sack","n. bey, beg; lord, master; speed, celerity, haste",bag; broke; bags; mess; thrown
1254,معیاری,qualitative; standard,1132,CLE Urdu top-5000 frequency list,Kaikki+ReadUrdu+word2word,True,True,True,"qualitative, standard","qualitative, standard",standard; issue; `; come; caliber.30
1255,آسمان,sky; heaven; skies; one of the seven heavens,1130,CLE Urdu top-5000 frequency list,Kaikki+ReadUrdu+word2word,True,True,True,"sky; heaven, skies; celestial sphere, firmament; one of the seven heavens",sky,sky; earth; heaven; fall; fried
1256,وعدہ,promise,1129,CLE Urdu top-5000 frequency list,Kaikki+ReadUrdu+word2word,True,True,True,promise; vow; pledge,promise,promise; promised; Promise; PROMISE; original
1257,رب,Lord; An epithet for God,1128,CLE Urdu top-5000 frequency list,Kaikki+ReadUrdu+word2word,True,True,True,owner; possessor; Lord; An epithet for God,"Lord, God",Lord; Praise; butchers; Brother; everlasting
1258,ناک,nose,1127,CLE Urdu top-5000 frequency list,Kaikki+ReadUrdu+word2word,True,True,True,nose,n. nose | Platts: (i.q. S.,outrage; knockout; Clinch; nose; tilted
1259,شور,noise; uproar; clamor,1125,CLE Urdu top-5000 frequency list,Kaikki+ReadUrdu+word2word,True,True,True,"noise; uproar, clamor","n. noise; uproar, clamor | Platts:",noise; NOISE; Need; WHAT; potatoes
1260,ملازمت,employment; job; service,1122,CLE Urdu top-5000 frequency list,Kaikki+ReadUrdu+word2word,True,True,True,"paying respect to a boss; employment, job, service, duty; waiting on, assiduity, diligence, close attendance","employment, job, service",job; employment; empowering; receive; thoroughly
1261,عبادت,worship,1116,CLE Urdu top-5000 frequency list,Kaikki+ReadUrdu+word2word,True,True,True,"worship; devotion, idol",worship,worship; pray; prayer; Henceforth; questioned
1262,سانس,breath; breathing,1115,CLE Urdu top-5000 frequency list,Kaikki+ReadUrdu+word2word,True,True,True,"sigh; breath, breathing",breath,breathe; Breathe; breath; BREATHE; breathing
1263,ترک,a Turkish person; a citizen of Turkey; a Turkic person; a speaker of a Turkic language,1112,CLE Urdu top-5000 frequency list,Kaikki+ReadUrdu,True,False,False,"a Turkish person; a citizen of Turkey; a Turkic person; a speaker of a Turkic language, or bearer of Turkic heritage","n. a Turkic person; a speaker of a Turkic language, or bearer of Turkic heritage; a Turkish person; a citizen of Turkey | Platts:",Turk; another; kill; giving; dinner
1264,گنا,sugar cane,1112,CLE Urdu top-5000 frequency list,Kaikki+ReadUrdu,True,False,False,sugar cane,n. sugar cane | Platts:,-Milyaran; TIMES; STRONGER; larger; HUNDRED
1265,چیزوں,“thing”),1111,CLE Urdu top-5000 frequency list,ReadUrdu+word2word,False,False,True,,"oblique plural of چِیز (cīz, “thing”)",things; THINGS; valuable; Many; keeps
1266,مستحکم,firm; stable; established; solid,1111,CLE Urdu top-5000 frequency list,Kaikki+ReadUrdu+word2word,True,True,True,"firm, stable, established, solid","adj. firm, stable, established, solid | Platts: (pass. part. of استحکم 'to be or become firm, or stable,' &c., x of حکم 'to restrain,' &c.; but quasi-pass.…",stable; steady; STABILIZE; CAR; -Keep
1267,وزن,weight; weighing; measure; balance,1109,CLE Urdu top-5000 frequency list,Kaikki+ReadUrdu+word2word,True,True,True,"weight, weighing, measure, balance","n. weight, weighing, measure, balance | Platts: (inf. n. of وزن 'to weigh')",weight; YOU; WEIGHT; SOME; THINK
1268,آرمی,army,1104,CLE Urdu top-5000 frequency list,Kaikki+ReadUrdu,True,False,False,army,army,
1269,دانش,wisdom; learning,1102,CLE Urdu top-5000 frequency list,Kaikki+ReadUrdu,True,False,False,"science; wisdom, sagacity; knowledge, learning","wisdom, learning",
1270,دریا,river,1100,CLE Urdu top-5000 frequency list,Kaikki+ReadUrdu,True,False,False,sea; river,river,Then; went; Nogaza; Umar; he
1271,تیسرا,third,1099,CLE Urdu top-5000 frequency list,Kaikki+ReadUrdu+word2word,True,True,True,third,third,third; male; The; northeast; corner
1272,دیہات,countryside; villages,1098,CLE Urdu top-5000 frequency list,Kaikki+ReadUrdu+word2word,True,True,True,"countryside; villages, village","villages, countryside",your; villages; everyone; lives; Now
1273,بحران,crisis; delirium,1096,CLE Urdu top-5000 frequency list,Kaikki+ReadUrdu+word2word,True,True,True,crisis; delirium,n. crisis; delirium | Platts:,Crunch; eradicate; crisis; Divergent; provide
1274,نیند,dream; sleep; slumber; death,1094,CLE Urdu top-5000 frequency list,Kaikki+ReadUrdu+word2word,True,True,True,"dream; sleep, slumber; death, eternal sleep","n. sleep, slumber; dream; death, eternal sleep | Platts:",sleep; sleeping; Turk; another; bruised
1275,اعداد,Numbers: — aʻdād-i-mutabāʼin; s.m. Incommensurable numbers; prime numbers: —…,1092,CLE Urdu top-5000 frequency list,ReadUrdu+word2word,False,False,True,,"s.m. pl. (of عدد ʻadad), Numbers: — aʻdād-i-mutabāʼin, s.m. Incommensurable numbers, prime numbers: —…",numbers; wire; Passwords; login; FIGURE
1276,مندر,a Hindu temple; temple; place or house of worship,1088,CLE Urdu top-5000 frequency list,Kaikki+ReadUrdu+word2word,True,True,True,"a Hindu temple; temple, place or house of worship","n. a Hindu temple; temple, place or house of worship | Platts:",Temple; sacred; temple; frat; smash
1277,بہار,bloom; spring (season),1085,CLE Urdu top-5000 frequency list,Kaikki+ReadUrdu+word2word,True,True,True,"blossom, bloom; glory, splendor; spring (season)",spring; bloom,Spring; Meet; Third; on; and
1278,قیمتی,costly; precious; valuable,1081,CLE Urdu top-5000 frequency list,Kaikki+ReadUrdu+word2word,True,True,True,costly; precious; valuable,"adj. valuable; precious; costly | Platts: (rel. n. fr. qīmat), adj. Of the price or value (of); valuable, precious; costly, high-priced, expensive",valuable; Many; precious; things; honor
1279,اخلاقی,ethical; moral,1078,CLE Urdu top-5000 frequency list,Kaikki+ReadUrdu+word2word,True,True,True,"ethical, moral","ethical, moral",moral; constraints; Are; any; person
1280,زمانہ,world,1077,CLE Urdu top-5000 frequency list,Kaikki+ReadUrdu,True,False,False,tense; world; reign (of an empire etc.),"era, times, the world",
1281,سنا,ever; senna; always,1077,CLE Urdu top-5000 frequency list,Kaikki+ReadUrdu,True,False,False,ever; senna; always,"adv. always; ever; continually | n. senna | Platts: adv. Always, ever, perpetually, continually.",heard; hear; entrance; closed; spoil
1282,سلوک,treatment; amiability,1075,CLE Urdu top-5000 frequency list,Kaikki+ReadUrdu+word2word,True,True,True,"treatment; amiability; manner, way","n. behaviour, conduct; treatment; amiability | Platts: corr. salūk (inf. n. of سلك 'to travel,' &c.)",treated; act; mercy; Promise; criminal
1283,غلطی,mistake,1074,CLE Urdu top-5000 frequency list,Kaikki+ReadUrdu+word2word,True,True,True,error; mistake,mistake,fault; mistake; END; YET; MOVED
1284,اخلاق,morals,1073,CLE Urdu top-5000 frequency list,Kaikki+ReadUrdu,True,False,False,"nature; behaviour; morals, ethics","morals, manners",
1285,مضمون,essay,1072,CLE Urdu top-5000 frequency list,Kaikki+ReadUrdu,True,False,True,essay; sense; topic,"essay, article; subject",article; subject; longer; viable; genuine
1286,واقعی,really; truly; indeed,1071,CLE Urdu top-5000 frequency list,Kaikki+ReadUrdu+word2word,True,True,True,"real, actual, true, right, proper; really, truly, verily, certainly, actually, indeed","really, truly",really; Really; REALLY; truly; indeed
1287,مقبول,known; accepted; assenting,1067,CLE Urdu top-5000 frequency list,Kaikki+ReadUrdu,True,False,False,"known; accepted, assenting","adj. accepted, assenting; known | Platts: (pass. part. of قبل 'to accept,' &c.), part. adj. Accepted, received, admitted, approved; — chosen; elect; —…",popular; Because; re; so; ?
1288,تنگ,tight; narrow; distracted; bothered,1066,CLE Urdu top-5000 frequency list,Kaikki+ReadUrdu+word2word,True,True,True,"tight, narrow; distracted, bothered; troubled, distressed, vexed","adj. tight, narrow; troubled, distressed, vexed; distracted, bothered | Platts: adj. Contracted, straitened, confined, strait, narrow, tight; wanting, scarce, scanty, stinted, barren;…",tight; TIGHT; LOOKS; PRETTY; bullied
1289,اعتراف,confession,1065,CLE Urdu top-5000 frequency list,Kaikki+ReadUrdu,True,False,False,"acknowledgment, avowal, confession","confession, admission",Traitor; surrendered; must; Erudite; Prior
1290,برا,dirty; oppressor,1064,CLE Urdu top-5000 frequency list,Kaikki+ReadUrdu,True,False,True,dirty; injurious; oppressor,"adj. bad (including all the broader meanings associated, i.e. sinner, oppressor, dirty, disgraced etc.); disliked, ugly; dirty | Platts:",bad; BAD; worse; looks; Not
1291,جانوروں,plural,1060,CLE Urdu top-5000 frequency list,ReadUrdu+word2word,False,False,True,,"plural oblique of جانْوَر (jānvar — animal, beast)",animals; those; Actually; ring; wolves
1292,سرائیکی,Saraiki,1057,CLE Urdu top-5000 frequency list,Kaikki+ReadUrdu,True,False,False,Saraiki,adj. Saraiki | n. Saraiki (language); Saraiki (people),
1293,تخلیق,compilation; production; origin; birth,1056,CLE Urdu top-5000 frequency list,Kaikki+ReadUrdu,True,False,False,"compilation, production; origin, birth; genesis, creation","origin, birth; genesis, creation; compilation, production",create; centralized; database; regeneration; healing
1294,جوش,boiling; animation; passion; excitement,1056,CLE Urdu top-5000 frequency list,Kaikki+ReadUrdu+word2word,True,True,False,"boiling; animation; passion, excitement","n. enthusiasm, zeal, ardour; passion, excitement; animation | Platts:",Josh; Rousing; clusterfuck; hey; boil
1295,بنتی,apology; request; beseech,1055,CLE Urdu top-5000 frequency list,Kaikki+ReadUrdu,True,False,False,"apology; request, beseech","n. request, beseech; apology | Platts:",obtain; figure; cannelloni; greatest; dreamed
1296,سرور,exhilaration; delight; joy; cheerfulness,1055,CLE Urdu top-5000 frequency list,Kaikki+ReadUrdu,True,False,False,"exhilaration, delight, joy, cheerfulness","n. exhilaration, delight, joy, cheerfulness | Platts: (inf. n. of سرّ 'to gladden,' &c.)",server; connection; Any; couldn; main
1297,شہباز,a male given name; Shahbaz or Shehbaz; from Persian,1053,CLE Urdu top-5000 frequency list,Kaikki+ReadUrdu,True,False,False,"a male given name, Shahbaz or Shehbaz, from Persian","a male given name, Shahbaz or Shehbaz, from Persian",
1298,علمی,academic; scholarly; scientific,1053,CLE Urdu top-5000 frequency list,Kaikki+ReadUrdu,True,False,False,academic; scholarly; scientific,"adj. academic; scientific; scholarly | Platts: (rel. n. fr. ʻilm), adj. Scientific; literary; doctrinal; theoretical",
1299,نمک,salt,1052,CLE Urdu top-5000 frequency list,Kaikki+ReadUrdu+word2word,True,True,True,salt,n. salt | Platts:,disastrous; lemons; tequila; salt; gives
1300,آب,water; liquid; sparkle,1050,CLE Urdu top-5000 frequency list,Kaikki+ReadUrdu,True,False,False,water; liquid; sparkle,n. water; liquid; sparkle | Platts:,warmer; climate; strung; number; yourself
1301,اولاد,progeny; offspring; descendant,1049,CLE Urdu top-5000 frequency list,Kaikki+ReadUrdu,True,False,False,progeny; offspring; descendant,n. offspring; descendant; progeny | Platts:,childless; More; baker; than
1302,سکون,peace; tranquility,1049,CLE Urdu top-5000 frequency list,Kaikki+ReadUrdu,True,False,False,"sukun; peace, tranquility","peace, tranquility",socializing; Alright; Be; comfort; social
1303,نصاب,capital; wealth; syllabus; curriculum,1049,CLE Urdu top-5000 frequency list,Kaikki+ReadUrdu,True,False,False,"capital, wealth; syllabus, curriculum","n. syllabus, curriculum; capital, wealth | Platts: [inf. n. of ناصب, iii of نصب 'to erect, establish,' &c.)",
1304,بیج,semen; kernel; seed; seedling,1048,CLE Urdu top-5000 frequency list,Kaikki+ReadUrdu+word2word,True,True,True,"semen; kernel; seed, seedling","n. seed, seedling; kernel; semen | Platts:",badge; instructor; DIA; Dell; seeds
1305,جین,a Jain; a surname; equivalent to English Jain,1046,CLE Urdu top-5000 frequency list,Kaikki+ReadUrdu,True,False,False,"a Jain; a surname, equivalent to English Jain","name: a Jain.; a surname, equivalent to English Jain | Platts:",Jean; Jane; messy; balaskan; boast
1306,امکانات,plural formal of اِمْکان (imkān — possibility,1040,CLE Urdu top-5000 frequency list,ReadUrdu+word2word,False,False,True,,"plural formal of اِمْکان (imkān — possibility, probability)",chances; possibilities; increase; outside; infinite
1307,تبادلہ,exchange; transfer,1040,CLE Urdu top-5000 frequency list,Kaikki+ReadUrdu,True,False,False,"exchange, transfer","exchange, transfer",REMEMBER; DO; YOU; DISCUSSED; --
1308,مجموعہ,group,1040,CLE Urdu top-5000 frequency list,Kaikki+ReadUrdu,True,False,True,form; group; anthology,"n. a collection (of items, group, people etc.) | Platts: (for A. مجموعة majmūʻat, fem. of majmūʻ)",collection; accomodations; Hope; enjoying; 99
1309,اسد,Leo; lion,1035,CLE Urdu top-5000 frequency list,Kaikki+ReadUrdu,True,False,False,Leo; lion,n. lion | name: Leo | Platts:,
1310,ایجنسی,agency,1032,CLE Urdu top-5000 frequency list,ReadUrdu+word2word,False,False,True,,agency,Agency; agency; twisted; Such; domestic
1311,شو,show; corpse,1032,CLE Urdu top-5000 frequency list,Kaikki+ReadUrdu+word2word,True,True,True,show; corpse,n. show; corpse | Platts:,show; liking; SHOW; SOMETHING; Showtime
1312,لڑائی,fight; argument; war; battle,1027,CLE Urdu top-5000 frequency list,Kaikki+ReadUrdu+word2word,True,True,True,"fight; argument; war, battle","fight; argument; war, battle",fight; fighting; clean; expect; fights
1313,تہذیب,culture,1026,CLE Urdu top-5000 frequency list,Kaikki+ReadUrdu,True,False,False,"politeness, manners; civilization, culture","culture, refinement",
1314,رکاوٹ,hitch,1023,CLE Urdu top-5000 frequency list,Kaikki+word2word,False,True,False,wall; block; hitch,obstruction; barricade; stoppage,Hitch; interrupt; him; racket; May
1315,یوم,day; aeon; epoch; period,1022,CLE Urdu top-5000 frequency list,Kaikki+ReadUrdu,True,False,False,day; aeon; epoch; period; age; era; (usually in the plural),n. day; aeon; epoch; period; age; era; (usually in the plural) | Platts:,burst; theatre; ourselves; knowing; defend
1316,جل,water,1020,CLE Urdu top-5000 frequency list,Kaikki+ReadUrdu,True,False,False,water,n. water | Platts:,burned; St; Alexander; fire; on
1317,آبی,humid; moist; aquatic,1018,CLE Urdu top-5000 frequency list,Kaikki+ReadUrdu,True,False,False,humid; moist; aquatic,"adj. watery, aqueous; aquatic; blue, light blue | Platts: adj. Of or belonging to water, aquatic; watery, moist, humid; irrigated; watery blue, light blue: —",
1318,عزم,determination; resolve,1017,CLE Urdu top-5000 frequency list,Kaikki+ReadUrdu+word2word,True,True,True,"determination, resolve, resolution","determination, resolve",vow; determination; wherever; Stelzer; vows
1319,لڑکے,plural direct of لَڑْکا (laṛkā — boy),1017,CLE Urdu top-5000 frequency list,ReadUrdu+word2word,False,False,True,indirect singular of لڑکا; vocative singular of لڑکا,plural direct of لَڑْکا (laṛkā — boy),boy; Boys; lad; guy; Boy
1320,آغا,Mr,1015,CLE Urdu top-5000 frequency list,Kaikki+ReadUrdu,True,False,False,Mr; lord; owner,"n. Mr.; sir, gentleman; master | Platts:",
1321,تقریر,speech,1009,CLE Urdu top-5000 frequency list,Kaikki+ReadUrdu+word2word,True,True,True,speech,"speech, oration",speech; Beyond; Wonderful; power; Oh
1322,امت,ummah,1007,CLE Urdu top-5000 frequency list,Kaikki+ReadUrdu,True,False,False,ummah,n. ummah | Platts:,people; most; thing; The; important
1323,قربانی,sacrifice,1006,CLE Urdu top-5000 frequency list,Kaikki+ReadUrdu,True,False,False,"sacrifice; qurbani, sacrificial animal (Eid ul-Adha)",sacrifice,canaries; sneak; wiser; theory; using
1324,گرمی,heat,1006,CLE Urdu top-5000 frequency list,Kaikki+ReadUrdu+word2word,True,True,True,"heat; anger, rage; love, cordiality","n. heat; summer (season of the year); excitement, passion, ardour | Platts:",heat; warmth; mercenaries; summer; Have
1325,دارالحکومت,royal residence; capital city; seat of government,1005,CLE Urdu top-5000 frequency list,Kaikki+ReadUrdu+word2word,True,True,True,"royal residence; capital city, seat of government","capital city, seat of government; royal residence",Metropolis; METROPOLIS; HUMANITY; capital; KNOWS
1326,سفیر,mediator; ambassador; envoy; arbitrator,1005,CLE Urdu top-5000 frequency list,Kaikki+ReadUrdu+word2word,True,True,True,"mediator; ambassador, envoy; arbitrator, messenger","ambassador, envoy; arbitrator, messenger; mediator",ambassador; An; Which; again; he
1327,جام,cup of wine,1003,CLE Urdu top-5000 frequency list,ReadUrdu+word2word,False,False,True,son; guava; rose apple,"goblet, cup of wine",toast; drink; wine; glass; champagne
1328,انقلاب,revolution,1001,CLE Urdu top-5000 frequency list,Kaikki+ReadUrdu+word2word,True,True,True,revolution; coup d'état,revolution,revolution; hiding; escape; To; During
1329,گناہ,sin; fault,1001,CLE Urdu top-5000 frequency list,Kaikki+ReadUrdu+word2word,True,True,True,"sin; crime, fault, guilt",sin,sin; FAULTS; ANY; THERE; innocent
1330,خاصی,feminine singular nominative of خاصا (xāsā),1000,CLE Urdu top-5000 frequency list,Kaikki+ReadUrdu,True,False,False,feminine singular nominative of خاصا (xāsā),feminine singular nominative of خاصا (xāsā),
1331,مولا,lord; God; the Lord,997,CLE Urdu top-5000 frequency list,Kaikki+ReadUrdu,True,False,False,"lord, God; the Lord","n. lord, God; the Lord | Platts:",
1332,کارڈ,card,996,CLE Urdu top-5000 frequency list,Kaikki+ReadUrdu+word2word,True,True,True,card,card; credit card,card; cloning; distribution; entry-cards; Gerdi
1333,ہدف,aim; object; target,996,CLE Urdu top-5000 frequency list,Kaikki+ReadUrdu+word2word,True,True,True,aim; object; target,target; object; aim,target; barricades; Engage; van; Am
1334,ادیب,literator; writer,993,CLE Urdu top-5000 frequency list,Kaikki+ReadUrdu,True,False,False,"literator, writer","n. literator, writer | Platts:",
1335,مزدور,labourer; worker; porter; carrier,987,CLE Urdu top-5000 frequency list,Kaikki+ReadUrdu,True,False,False,"labourer, worker; porter, carrier, coolly","n. labourer, worker; porter, carrier, coolly | Platts:",SCAN; WHIRRING; isn; (; )
1336,مئی,May,986,CLE Urdu top-5000 frequency list,Kaikki+ReadUrdu+word2word,True,True,True,May,name: May | Platts:,May; reportedly; 20th; since; remember
1337,قاری,reader; one who recites the Quran,984,CLE Urdu top-5000 frequency list,Kaikki+ReadUrdu,True,False,False,"reader; qari, one who recites the Quran",reader; reciter of the Quran,
1338,کرم,kindness,982,CLE Urdu top-5000 frequency list,Kaikki+ReadUrdu,True,False,False,bravery; kindness; honour; decency,"kindness, grace, generosity",loaf; Peace; all-clear; upon; pal
1339,گاہ,time; place; area; centre,977,CLE Urdu top-5000 frequency list,Kaikki+ReadUrdu,True,False,False,"time; place, area, centre","n. place, area, centre; time",GAH; done; Londoners; groups; possibly
1340,آفس,office,976,CLE Urdu top-5000 frequency list,ReadUrdu+word2word,False,False,True,,office,high-res; version; office; telephone; convenient
1341,تفصیل,detail; particular; separation; distinguish,975,CLE Urdu top-5000 frequency list,Kaikki+ReadUrdu+word2word,True,True,True,detail; particular; separation; distinguish; division; explanation; commentary (ie. an analysis),n. detail; particular; explanation; commentary (ie. an analysis); separation; distinguish; division | Platts:,detail; Detail; a-ten-hut; detailed; thorough
1342,گیت,song; track,975,CLE Urdu top-5000 frequency list,Kaikki+ReadUrdu+word2word,True,True,True,song; track,n. song; track | Platts:,song; playing; Silva; wonderful; With
1343,صحافی,journalist,974,CLE Urdu top-5000 frequency list,Kaikki+ReadUrdu+word2word,True,True,True,journalist,journalist,journalist; stringing; reporter; Act; experienced
1344,لڑکیوں,plural,974,CLE Urdu top-5000 frequency list,ReadUrdu+word2word,False,False,True,,plural oblique of لَڑْکی (laṛkī — girl),girls; Bring; dancing; em; breakfast
1345,متعارف,known to each other; already introduced; mutually known; widely known,972,CLE Urdu top-5000 frequency list,Kaikki+ReadUrdu,True,False,False,"known to each other, already introduced, mutually known, widely known","adj. known to each other, already introduced, mutually known, widely known | Platts: (pass. part. of تعارف 'to be acquainted with one another,' vi of عرف 'to know'), part. adj. Known to each…",introduce; Gonna; Honey; orienting; myself
1346,سننے,oblique infinitive of سُنْنا (sunnā — to listen; to hear),970,CLE Urdu top-5000 frequency list,ReadUrdu+word2word,False,False,True,,"oblique infinitive of سُنْنا (sunnā — to listen, to hear)",listening; LISTEN; hear; listen; HEAR
1347,مذمت,condemnation; dispraise; abuse,966,CLE Urdu top-5000 frequency list,Kaikki+ReadUrdu,True,False,False,"condemnation; dispraise, abuse","n. condemnation; dispraise, abuse | Platts: (for A. مذمة, inf. n. of ذمّ 'to blame,' &c.)",night; deplore; Last; was; a
1348,روحانی,holy; pure; wholehearted; spiritual (as opposed to physical),963,CLE Urdu top-5000 frequency list,Kaikki+ReadUrdu+word2word,True,True,True,holy; pure; wholehearted; spiritual (as opposed to physical),"adj. spiritual (as opposed to physical); holy; pure; wholehearted | Platts: (rel. n. fr. rūḥ), adj. Having a soul or spirit; spiritual; of or relating to the angels or the Jinn; —",new; spiritual; awareness; The
1349,سگریٹ,cigarette,963,CLE Urdu top-5000 frequency list,Kaikki+ReadUrdu+word2word,True,True,True,cigarette,cigarette,cigarette; say; d; What; so
1350,احتجاجی,protestor,962,CLE Urdu top-5000 frequency list,Kaikki+ReadUrdu,True,False,False,protestor,protestor,
1351,روم,Rome; Asia Minor,962,CLE Urdu top-5000 frequency list,Kaikki+ReadUrdu+word2word,True,True,True,Rome; Turkey; Asia Minor,"name: Asia Minor; Byzantine Empire; Ottoman Caliphate | Platts: prop. n. Greece (the lower empire); Rome, the eastern Roman empire; the Turkish empire; Roumelia…",Rom; room; Rome; classes; Wrong
1352,قدرت,nature; divine power,961,CLE Urdu top-5000 frequency list,Kaikki+ReadUrdu+word2word,True,True,True,nature; courage; divine power,"n. nature; destiny, providence; power, force, potency | Platts: (for A. قدرة, inf. n. of قدر 'to be able,' &c.)",power; gods; everyone; could; each
1353,دیوار,wall,959,CLE Urdu top-5000 frequency list,Kaikki+ReadUrdu+word2word,True,True,True,wall,n. wall | Platts:,wall; walls; 13; enclosed; vast
1354,دروازے,“door”):,957,CLE Urdu top-5000 frequency list,ReadUrdu+word2word,False,False,True,direct plural; oblique/vocative singular,"inflection of دَرْوَازَہ (darvāza, “door”):",door; doors; entrance; gates; DOOR
1355,غرض,desire; selfishness; purpose; intention,956,CLE Urdu top-5000 frequency list,Kaikki+ReadUrdu,True,False,False,"desire, selfishness; in short, in summary; desire, purpose, intention","n. desire, purpose, intention; desire, selfishness",
1356,جہاد,fight; struggle; battle; jihad,954,CLE Urdu top-5000 frequency list,Kaikki+ReadUrdu+word2word,True,True,True,"fight, struggle, battle; jihad, holy war, crusade","n. jihad, holy war, crusade; fight, struggle, battle | Platts: (inf. n. iii of جہد 'to labour,' &c.)",Continue; jihad; bro; looks; defeat
1357,کان,ear,953,CLE Urdu top-5000 frequency list,Kaikki+ReadUrdu+word2word,True,True,True,ear,n. ear | Platts:,ear; ears; mine; Modeled; filters
1358,اسٹیڈیم,stadium,952,CLE Urdu top-5000 frequency list,Kaikki+ReadUrdu+word2word,True,True,True,stadium,stadium,THE; STADIUM; SIDE; OF; TO
1359,اعتراض,objection (ie. criticism; dispute etc.),952,CLE Urdu top-5000 frequency list,Kaikki+ReadUrdu,True,False,False,objection (ie. criticism; dispute etc.),n. objection (ie. criticism; dispute etc.) | Platts:,mind; MIND; DO; IF; YOUR
1360,جانور,animal; beast; savage; uncivilized being,949,CLE Urdu top-5000 frequency list,Kaikki+ReadUrdu+word2word,True,True,True,"animal, beast; savage, uncivilized being","n. animal, beast; savage, uncivilized being | Platts:",animals; beast; cage; animal; Stinking
1361,اصلاح,improvement; atonement; correction; emendation,948,CLE Urdu top-5000 frequency list,Kaikki+ReadUrdu,True,False,False,"improvement, atonement, correction, emendation, modification, reform","n. improvement, atonement, correction, emendation, modification, reform | Platts:",
1362,ثقافت,culture,948,CLE Urdu top-5000 frequency list,Kaikki+ReadUrdu+word2word,True,True,True,culture,culture,culture; wins; mma; again; new
1363,شکریہ,gratitude; thank; thanks; thank you,946,CLE Urdu top-5000 frequency list,Kaikki+ReadUrdu+word2word,True,True,True,"gratitude, thank; thanks, thank you","interj. thanks, thank you | n. gratitude, thank | Platts: (for A. شکرية shukrīyat, abst. s. fr. shukr",Thank; Thanks; thank; THANK; YOU
1364,جنگی,martial; warlike; military,945,CLE Urdu top-5000 frequency list,Kaikki+ReadUrdu,True,False,False,martial; warlike; military,"adj. warlike; military; martial | Platts: (fr. jang), adj. &",war; convened; Assasinate; civil; council
1365,نرم,mild; soft,945,CLE Urdu top-5000 frequency list,Kaikki+ReadUrdu+word2word,True,True,True,mild; soft; bendy,"adj. soft; smooth; sleek | Platts: adj. Soft (to the touch); smooth, sleek; ductile, plastic; — mild, tender, gentle, easy, yielding (as a…",soft; gentle; Soft; stoop; countries
1366,نیم,law; rule,945,CLE Urdu top-5000 frequency list,Kaikki+ReadUrdu,True,False,False,law; rule; piety,n. rule; law; principle | Platts:,caliber.30; M1; clip-fed; shoulder-fired; semi-automatic
1367,اندرونی,internal; inner,944,CLE Urdu top-5000 frequency list,ReadUrdu+word2word,False,False,True,,"internal, inner",inner; circle; internal; numbers; Those
1368,جائز,lawful; just; proper; appropriate,944,CLE Urdu top-5000 frequency list,Kaikki+ReadUrdu,True,False,False,"lawful, just; proper, appropriate; permissible, permitted, allowed","adj. permissible, permitted, allowed; lawful, just; proper, appropriate | Platts: (act. part. of جوز), adj. Allowable, permitted, possible; passing as right; lawful, right, proper, sound,…",badass; legitimate; English; qualifies; provided
1369,مزاحمت,resistance; opposition; obstacle; impediment,944,CLE Urdu top-5000 frequency list,Kaikki+ReadUrdu+word2word,True,True,True,"resistance, opposition, obstacle, impediment, hindrance","n. resistance, opposition, obstacle, impediment, hindrance | Platts: (for A. مزاحمة, inf. of زاحم, iii of (and syn. with) زحم 'to straiten; to press upon, to throng')",resisting; resistance; revolting; one; Israel
1370,چوک,courtyard; square; chowk; crossroad,943,CLE Urdu top-5000 frequency list,Kaikki+ReadUrdu+word2word,True,True,True,"courtyard; square; chowk; crossroad, intersection","n. square; chowk; crossroad, intersection; courtyard | Platts:",being; missed; square; dealing; capable
1371,فہرست,list; index; catalogue,943,CLE Urdu top-5000 frequency list,Kaikki+ReadUrdu+word2word,True,True,True,list; index; catalogue,n. list; index; catalogue | Platts:,list; talents; LIST; BUSINESSES; DOES
1372,شراب,alcohol; wine,942,CLE Urdu top-5000 frequency list,Kaikki+ReadUrdu+word2word,True,True,False,alcohol; alcoholic drink; wine,"wine, liquor",alcohol; smell; booze; Turn; lemons
1373,آلات,Instruments,937,CLE Urdu top-5000 frequency list,ReadUrdu+word2word,False,False,True,,"s.f. pl. (of آلت alat), Instruments, tools, implements, apparatus, tackling; utensils",Phoebe; RESET; INSTRUMENTS; THEN; ALL
1374,ثقافتی,cultural,936,CLE Urdu top-5000 frequency list,Kaikki+ReadUrdu+word2word,True,True,True,cultural,cultural,secondly; cultural; giving; away; institute
1375,بظاہر,seemingly; apparently,935,CLE Urdu top-5000 frequency list,Kaikki+ReadUrdu+word2word,True,True,True,seemingly; apparently,seemingly; apparently,seemingly; Apparently; persecutions; source; seeing
1376,درس,lesson; reading; lecture,932,CLE Urdu top-5000 frequency list,Kaikki+ReadUrdu,True,False,False,"lesson, reading, lecture","n. lesson, reading, lecture | Platts: (inf. n. of درس 'to read')",converted; christianity; continued; teaching; pagans
1377,درکار,need,930,CLE Urdu top-5000 frequency list,Kaikki+ReadUrdu+word2word,True,True,True,need,"adj. needed, required | n. need",need; finding; Baghdad; form; document
1378,بچپن,childhood; infancy; childishness; immaturity,929,CLE Urdu top-5000 frequency list,Kaikki+ReadUrdu,True,False,False,"childhood, infancy; childishness, immaturity","childhood, infancy; childishness, immaturity",memorized; child; path; as; this
1379,کارٹون,cartoon,929,CLE Urdu top-5000 frequency list,Kaikki+ReadUrdu+word2word,True,True,True,cartoon,cartoon,punch; take; Punch; cartoon; Throw
1380,گلی,alleyway; street; lane,927,CLE Urdu top-5000 frequency list,Kaikki+ReadUrdu+word2word,True,True,True,"alleyway; street, lane","n. street, lane; alleyway",lane; street; alley; streets; wins
1381,کتنا,how many; how much,923,CLE Urdu top-5000 frequency list,Kaikki+ReadUrdu+word2word,True,True,True,how many; how much,"det. how much; how many | Platts: (see the trans. kātnā), v.n. To be spun",How; much; HOW; how; naive
1382,مطمئن,satisfied,922,CLE Urdu top-5000 frequency list,Kaikki+ReadUrdu,True,False,False,"satisfied; shameless; safe, secure","satisfied, at ease",mollified; unhappy; Sorry; leaving; happening
1383,خورشید,sun; a male given name; Khurshid; from Persian,919,CLE Urdu top-5000 frequency list,Kaikki+ReadUrdu,True,False,False,"sun; a male given name, Khurshid, from Persian","n. sun | name: a male given name, Khurshid, from Persian | Platts: (Old P. ḵẖvarshed; Pehl. khvar-shet; Zend hvare+khshaeta; S. svar+kshit)",
1384,شناخت,identification,919,CLE Urdu top-5000 frequency list,Kaikki+ReadUrdu,True,False,False,identification,n. identification | Platts:,identity; undercover; identify; His; I.D
1385,سادہ,white; plain; simple,915,CLE Urdu top-5000 frequency list,Kaikki+ReadUrdu+word2word,True,True,True,"white; plain, simple","adj. plain, simple; white | Platts: (",simple; sober; plain; cowardice; grand
1386,علامت,sign; symbol,914,CLE Urdu top-5000 frequency list,Kaikki+ReadUrdu+word2word,True,True,True,sign; symbol; mark; diacritical mark,"n. sign; indication (in literature, figuratively etc.); symptom (of an illness) | Platts:",wave; sign; savior; Only; symbol
1387,مصر,Cairo (a city in Egypt),914,CLE Urdu top-5000 frequency list,Kaikki+ReadUrdu,True,False,False,sword; blade; a city; centre; country; Cairo (a city in Egypt),Egypt,
1388,ظہور,emergence; arising; manifestation (ie. appearance),912,CLE Urdu top-5000 frequency list,Kaikki+ReadUrdu,True,False,True,"advent; emergence, arising; manifestation (ie. appearance)","n. manifestation (ie. appearance); emergence, arising; auspiciousness, good fortune, splendour, lustre | name: a male given name, Zuhoor or Zahoor, from Arabic | Platts: (inf. n. of ظہر 'to appear,' &c.)",will; halves; lid; appear; open
1389,ہنگامی,urgent; emergency; temporal; temporary,910,CLE Urdu top-5000 frequency list,Kaikki+ReadUrdu+word2word,True,True,True,"urgent, emergency; temporal, temporary, ephemeral","adj. temporal, temporary, ephemeral; urgent, emergency | Platts: adj. Temporal, ephemeral",SYSTEMS; EMERGENCY; NEWS; MOST; GOOD
1390,مایوس,despondent; despirited; downcast; heartsick,908,CLE Urdu top-5000 frequency list,Kaikki+ReadUrdu,True,False,True,"despondent, despirited, downcast, heartsick","adj. despondent, despirited, downcast, heartsick | Platts: (pass. part. (post classical), fr. يَئِسَ 'to despair,' &c.), part. adj. Disappointed, despondent, hopeless,…",disappointed; desperate; domestic; aren; disappoint
1391,نسیم,oxygen; grace; favor (of the Lord); a gentle breeze,908,CLE Urdu top-5000 frequency list,Kaikki+ReadUrdu,True,False,False,oxygen; grace; favor (of the Lord); a gentle breeze; morning breeze; zephyr,"n. a gentle breeze; morning breeze; zephyr; grace; favor (of the Lord); oxygen | name: a unisex given name, Naseem, from Arabic | Platts: (inf. n. of نسم 'to breathe gently' (a wind, or an odour))",
1392,جعلی,imitative; fake; counterfeit; forged,907,CLE Urdu top-5000 frequency list,Kaikki+ReadUrdu+word2word,True,True,True,"imitative; fake, counterfeit; forged, fabricated","adj. fake, counterfeit; forged, fabricated; imitative | Platts: (rel. n. fr. jaʻl), adj. Forged, fabricated, counterfeit, fictitious, artificial; spurious, false,…",bogus; fake; helped; bust; death
1393,عجیب,weird; strange,904,CLE Urdu top-5000 frequency list,Kaikki+ReadUrdu+word2word,True,True,True,weird; foreign; strange,"strange, odd",strange; weird; awkward; Strange; funny
1394,لاش,corpse,903,CLE Urdu top-5000 frequency list,Kaikki+ReadUrdu,True,False,False,corpse,corpse,body; Somebody; Find; jobs; Bring
1395,گروہ,group; gang; clique; crew,902,CLE Urdu top-5000 frequency list,Kaikki+ReadUrdu+word2word,True,True,True,"group, gang, clique, crew","n. group, gang, clique, crew | Platts:",group; deserving; putting; faction; says
1396,جنت,heaven; paradise,901,CLE Urdu top-5000 frequency list,Kaikki+ReadUrdu+word2word,True,True,True,"abacus; heaven, paradise; a female given name from Arabic","paradise, heaven",heaven; paradise; ..; Heaven; god
1397,سلام,farewell; adieu,901,CLE Urdu top-5000 frequency list,Kaikki+ReadUrdu,True,False,True,peace; regards; farewell; adieu,"interj. interjection used to greet or often fare adieu to someone. | n. greeting, salutation; a salute (chiefly military but not limited to).; farewell; adieu | Platts: (inf. n. of سلم 'to be or become safe,' &c.)",greet; even; Or; hi; Tell
1398,معاف,pardoned (from a punishment); forgiven (for a mistake etc.); absolved; cancelled (of a fine etc.),898,CLE Urdu top-5000 frequency list,Kaikki+ReadUrdu,True,False,True,pardoned (from a punishment); forgiven (for a mistake etc.); absolved; cancelled (of a fine etc.),"adj. forgiven (for a mistake etc.); pardoned (from a punishment); absolved; cancelled (of a fine etc.) | Platts: (for A. معافي mǒʻāfā, pass. part. of عافي 'to forgive, pardon,' &c., iii of عفا (for عفو) 'to forgive,'…",forgive; Excuse; Forgive; forgave; excuse
1399,نشان,sign,897,CLE Urdu top-5000 frequency list,Kaikki+ReadUrdu,True,False,True,"sign, symbol; ensign, standard; decoration, medal","mark, sign, trace",mark; BOUNDARIES; MARK; Tracks; Break
1400,بستی,colony; settlement; hamlet,895,CLE Urdu top-5000 frequency list,Kaikki+ReadUrdu,True,False,False,colony; Eukaryota; settlement; hamlet,n. settlement; hamlet; colony; a village; small town | Platts:,
1401,پتا,father; direction; address (of a place),895,CLE Urdu top-5000 frequency list,Kaikki+ReadUrdu,True,False,False,father; direction; address (of a place),n. address (of a place); direction; father | Platts:,worst; knows; Maybe; truth; Unbelievable
1402,میمن,Memon,895,CLE Urdu top-5000 frequency list,Kaikki+ReadUrdu,True,False,False,Memon,"Memon; a surname, Memon, from Gujarati or Sindhi",
1403,بہ,in,894,CLE Urdu top-5000 frequency list,Kaikki+ReadUrdu,True,False,False,"with, by, for, in","n. with, by, for, in | Platts: prep. (separable form), By, with, &c. (see the inseparable form ب ba).",these; Technically; exist; don; t
1404,ہیرو,hero,894,CLE Urdu top-5000 frequency list,ReadUrdu+word2word,False,False,True,,"hero, fool; The protagonist in a work of fiction",hero; superhero; genuine; also; overnight
1405,جنسی,sexual; related to sex,893,CLE Urdu top-5000 frequency list,Kaikki+ReadUrdu,True,False,False,sexual; related to sex,adj. sexual; related to sex | Platts: adj. (rel. n. fr. jins,hitman; choking; titty; bar; tried
1406,حامی,A black person; supporter; defender; helper,891,CLE Urdu top-5000 frequency list,Kaikki+ReadUrdu+word2word,True,True,True,"A black person; supporter, defender, helper, ally; A person from the lineage of Hām bin Nūh","n. supporter, defender, helper, ally | name: A person from the lineage of Hām bin Nūh; A group of African languages including Egyptian and the Berber languages; A black person | Platts: (act. part. n. of حمي 'to protect,' &c.)",Rumors; surfaced; supporter; mansion; hills
1407,نفرت,hate; hatred,891,CLE Urdu top-5000 frequency list,Kaikki+ReadUrdu+word2word,True,True,False,"loathing; detestation; hate, hatred",hatred,hate; hates; People; hated; bitches
1408,قمر,moon,890,CLE Urdu top-5000 frequency list,Kaikki+ReadUrdu,True,False,False,moon,n. moon | Platts:,
1409,منشیات,addictives (drugs),888,CLE Urdu top-5000 frequency list,ReadUrdu+word2word,False,False,True,,"plural of مُنَشّی (munaśśī); intoxicants, addictives (drugs)",drugs; drug; Like; junkie; thief
1410,خاندانوں,plural,887,CLE Urdu top-5000 frequency list,ReadUrdu+word2word,False,False,True,,plural oblique of خانْدان (xāndān — family),families; OF; IT; THE; niggas
1411,یکم,first,887,CLE Urdu top-5000 frequency list,Kaikki+ReadUrdu,True,False,False,first,n. first day of the month | Platts:,explosive-laden; parked; badly; moments; pictures
1412,لاگت,outlay; expenditure; expense; cost,885,CLE Urdu top-5000 frequency list,Kaikki+ReadUrdu+word2word,True,True,True,"outlay; expenditure; expense; cost, price (ie. the base cost of an item or service etc.)","n. expense; cost, price (ie. the base cost of an item or service etc.); outlay; expenditure | Platts:",cost; youth; Lying; closest; count
1413,مدینہ,Medina (a province of Saudi Arabia); Medina (a major city; the capital of Medina province; Saudi Arabia,885,CLE Urdu top-5000 frequency list,Kaikki+ReadUrdu,True,False,False,"Medina (a province of Saudi Arabia); Medina (a major city, the capital of Medina province, Saudi Arabia; holy to Islam)","name: Medina (a major city, the capital of Medina province, Saudi Arabia; holy to Islam); Medina (a province of Saudi Arabia) | Platts: (for A. مدينة madīnat, v.n. fr. دان (for دين) 'to hold in possession or under authority')",
1414,صفر,zero,883,CLE Urdu top-5000 frequency list,Kaikki+ReadUrdu+word2word,True,True,True,zero,"num. zero | n. nought, naught, cipher, zero",Two-seven-zero; three-zero-zero; zero; ones; among
1415,عادت,mode; habit; custom,883,CLE Urdu top-5000 frequency list,Kaikki+ReadUrdu+word2word,True,True,False,mode; habit; custom,"n. custom; manner; mode | Platts: (for A. عادة, v.n. fr. عود 'to return' (to))",habit; Bad; badge; used; Sharif
1416,شرط,bet; condition,879,CLE Urdu top-5000 frequency list,Kaikki+ReadUrdu+word2word,True,True,True,"wager, bet; condition, term; provision, wage",condition; bet,bet; 50; bucks; BET; signals
1417,پسندیدہ,favourite,876,CLE Urdu top-5000 frequency list,Kaikki+ReadUrdu,True,False,False,favourite,"adj. favourite | Platts: (perf. part. of pasandīdan: see pasand), part. adj. Approved, liked; chosen; agreed to; desirable; pleasing;…",favorite; campus; favorites; spot; riddles
1418,خاموش,quiet; silent,875,CLE Urdu top-5000 frequency list,Kaikki+ReadUrdu+word2word,True,True,True,quiet; silent,adj. quiet; silent | Platts: adj. Silent; —,quiet; Be; silenced; withholding; reveal
1419,ہارون,Harun; Aaron; a male given name from Arabic,875,CLE Urdu top-5000 frequency list,Kaikki+ReadUrdu,True,False,False,"Harun, Aaron; a male given name from Arabic","name: Harun, Aaron; a male given name from Arabic | Platts: (Heb. אהרון), prop. n. Aaron (brother of Moses): — hārūnaʼr-rashīd, or hārūn-rashīd, The fifth caliph…",
1420,جگر,mind; heart; liver,874,CLE Urdu top-5000 frequency list,Kaikki+ReadUrdu,True,False,False,mind; heart; liver,n. liver; heart; mind | Platts:,
1421,دراز,drawer,873,CLE Urdu top-5000 frequency list,Kaikki+ReadUrdu+word2word,True,True,True,"drawer; long, tall",n. drawer,drawers; empty; Go; all; office
1422,ناکامی,failure,873,CLE Urdu top-5000 frequency list,ReadUrdu+word2word,False,False,True,,failure,FAILURE; failure; fiasco; GEARBOX; GOT
1423,قلم,pen,871,CLE Urdu top-5000 frequency list,Kaikki+ReadUrdu,True,False,False,pen; reed,pen,rolls; After; head; your
1424,اسٹیشن,station,870,CLE Urdu top-5000 frequency list,Kaikki+ReadUrdu+word2word,True,True,True,"station, stop",station,along; stations; target; secure; GT
1425,بابا,father,870,CLE Urdu top-5000 frequency list,Kaikki+ReadUrdu,True,False,False,father,"n. papa, daddy, father | Platts:",
1426,سیر,tour; journey,869,CLE Urdu top-5000 frequency list,Kaikki+ReadUrdu,True,False,False,tour; journey,n. tour; journey | Platts:,quick; hands; Wanna; drive; walk
1427,نگاہ,look,869,CLE Urdu top-5000 frequency list,Kaikki+ReadUrdu,True,False,False,"vision; custody, care; look, aspect (of)","glance, look",RED; slows; watching; down; never
1428,اصغر,junior,868,CLE Urdu top-5000 frequency list,Kaikki+ReadUrdu,True,False,False,junior,"adj. junior | Platts: adj. compar. & superl. (of صغير ṣag̠īr), Less, least, smallest; very little; — the minor term in a logical…",
1429,ترتیب,classification; order; arrangement; sequence,868,CLE Urdu top-5000 frequency list,Kaikki+ReadUrdu+word2word,True,True,True,"classification; order, arrangement, sequence","n. order, arrangement, sequence; classification | Platts:",order; setting; didn; Thus; proper
1430,نذر,(inf. n. of نذر 'to vow,868,CLE Urdu top-5000 frequency list,ReadUrdu+word2word,False,False,True,,"(inf. n. of نذر 'to vow,' &c.)",Broke; vow; are; vows; ties
1431,وادی,valley,867,CLE Urdu top-5000 frequency list,Kaikki+ReadUrdu+word2word,True,True,True,valley,n. valley | Platts: (for A. وادٍ wādiṉ),THE; LINE; FAULT; valley; IN
1432,ہمت,courage,867,CLE Urdu top-5000 frequency list,Kaikki+ReadUrdu+word2word,True,True,True,"courage, valour","courage, nerve",dare; dared; bold; courage; guts
1433,رابطے,plural direct of رابْطَہ (rābta — contact; in touch),866,CLE Urdu top-5000 frequency list,ReadUrdu+word2word,False,False,True,,"plural direct of رابْطَہ (rābta — contact, in touch)",contact; touch; annexed; unpalatable; info
1434,مقامات,Places,863,CLE Urdu top-5000 frequency list,ReadUrdu+word2word,False,False,True,,"s.m. pl. (of maqāmat, fr. maqām), Places; stations; dwellings; halts, &c. (see maqām); — sittings,…",places; his; Lots; Shattered; collarbone
1435,چہرہ,face,861,CLE Urdu top-5000 frequency list,ReadUrdu+word2word,False,False,True,"mask, facade; mien, demeanor; portrait, likeness",face,face; manhunts; forever; For; those
1436,قیامت,calamity; doomsday,861,CLE Urdu top-5000 frequency list,Kaikki+ReadUrdu,True,False,False,"uproar; noise; doom, deluge, disaster, calamity; doomsday; judgement day, last judgment","doomsday, resurrection; calamity",hour; And; man; here; of
1437,شکایات,plural formal of شِکایَت (śikāyat — a complaint,860,CLE Urdu top-5000 frequency list,ReadUrdu+word2word,False,False,True,,"plural formal of شِکایَت (śikāyat — a complaint, objection, criticism)",complaints; insults; Only; filed; homes
1438,سیاہ,black,859,CLE Urdu top-5000 frequency list,Kaikki+ReadUrdu+word2word,True,True,True,black,"adj. black | Platts: adj. Black, dark, sombre; unfortunate, bad: — siyāh-bāt̤in, adj. &",dark; Black; slimy; hull; Ops
1439,معذرت,apologies; excuse me; apology; sorry,859,CLE Urdu top-5000 frequency list,Kaikki+ReadUrdu+word2word,True,True,True,"apologies; excuse me; apology, sorry; excuse","n. apology, sorry; excuse; pardon (ie. a rejection of an invite or offering) | interj. apologies; excuse me | Platts: (for A. معذرة, inf. n. and v.n. of عذر 'to excuse')",Sorry; sorry; rising; -Sorry; Forgive
1440,منظم,structured; organised; orderly,859,CLE Urdu top-5000 frequency list,Kaikki+ReadUrdu+word2word,True,True,True,"structured; organised, orderly","organised, orderly; structured",managed; orderly; fashion; MANAGE; WITHOUT
1441,ارادہ,intention,857,CLE Urdu top-5000 frequency list,Kaikki+ReadUrdu+word2word,True,True,True,intention; purpose; aim; desire; inclination,"intention, resolve",intention; intended; expected; morning; plan
1442,دستخط,signature; handwriting,857,CLE Urdu top-5000 frequency list,Kaikki+ReadUrdu+word2word,True,True,True,signature; handwriting,handwriting; signature,sign; signed; Would; signature; cars
1443,تلاوت,tilawa; recitation (of the Holy Quran),856,CLE Urdu top-5000 frequency list,Kaikki+ReadUrdu,True,False,False,"tilawa, recitation (of the Holy Quran)","n. tilawa, recitation (of the Holy Quran) | Platts: (for A. تلاوة, inf. n. of تلو)",Scriptures; understanding; repeat; words; They
1444,سینٹر,centre; center,856,CLE Urdu top-5000 frequency list,Kaikki+ReadUrdu,True,False,False,"centre, center","centre, center",counter-spying; Regional; Cryptological; Oahu; delivering
1445,انتظامی,administrative,855,CLE Urdu top-5000 frequency list,Kaikki+ReadUrdu+word2word,True,True,True,administrative,administrative,administrative; discharge; authorize; an; gonna
1446,بیمار,ill; sick; in love; lover,854,CLE Urdu top-5000 frequency list,Kaikki+ReadUrdu+word2word,True,True,True,"ill; sick; in love, lover","adj. ill; sick; in love, lover | Platts: adj. &",sick; WOULDA; CALLED; SICK; Makes
1447,بائیں,to the left,853,CLE Urdu top-5000 frequency list,ReadUrdu+word2word,False,False,True,,"to the left, leftward",left; Left; lane; Your; launching
1448,ہرا,raw; unripe; green (color); green-colored,852,CLE Urdu top-5000 frequency list,Kaikki+ReadUrdu,True,False,False,raw; unripe; green (color); green-colored,"adj. green-colored; raw; unripe | n. green (color) | Platts: adj. (f. -ī), Green, verdant; fresh; — gladsome; — blooming, flourishing; — green (as a wound); — half-raw;…",anyone; beats; defeat; Without; faster
1449,وفات,death; decease; demise,851,CLE Urdu top-5000 frequency list,Kaikki+ReadUrdu,True,False,False,"death, decease, demise","n. death, decease, demise | Platts: (for A. وفاة, v.n. fr. wafā",Before; died; told; defends; bond
1450,رد,cancelled; rejected; null and void,848,CLE Urdu top-5000 frequency list,Kaikki+ReadUrdu,True,False,False,"cancelled, rejected; null and void","adj. cancelled, rejected; null and void | Platts:",undone; Only; curse; Advisors; stir
1451,پکڑ,holding; hold,847,CLE Urdu top-5000 frequency list,ReadUrdu+word2word,False,False,True,,"the act of grasping, holding; grip, hold, grasp (such as in wrestling); understanding",got; GOT; hold; caught; catch
1452,خیمے,plural direct of خَیمَہ (xaima — tent),847,CLE Urdu top-5000 frequency list,ReadUrdu+word2word,False,False,True,,plural direct of خَیمَہ (xaima — tent),tent; soldier; Let; now; hospital
1453,مت,don't (imperative negation),847,CLE Urdu top-5000 frequency list,Kaikki+ReadUrdu,True,False,False,"religion, creed; don't (imperative negation)",don't (prohibitive); opinion; vote,Don; Do; worry; forget; touch
1454,معنی,intent; meaning,847,CLE Urdu top-5000 frequency list,Kaikki+ReadUrdu+word2word,True,True,True,intent; meaning,n. meaning; intent | Platts:,means; CONGRATULATIONS; Meaning; lover; kunya
1455,خطرے,danger”):,845,CLE Urdu top-5000 frequency list,ReadUrdu+word2word,False,False,True,direct plural; oblique/vocative singular,"inflection of خَطْرہ (“risk, danger”):",danger; threat; alarm; Send; isolate
1456,رنگیلا,colourful; merry; cheerful; energetic,845,CLE Urdu top-5000 frequency list,Kaikki+ReadUrdu,True,False,False,"colourful; merry, cheerful, energetic, flirty","adj. colourful; merry, cheerful, energetic, flirty | Platts: adj. &",
1457,سنگین,bayonet; dense; thick; weighty,843,CLE Urdu top-5000 frequency list,Kaikki+ReadUrdu,True,False,False,"bayonet; dense, thick; weighty, heavy","adj. stony, as stone; weighty, heavy; dense, thick | n. bayonet | Platts: adj. Stony, of stone, made of stone; hard; firm, solid; strong; thick, stout, close-woven; heavy, weighty;…",serious; machinery; catastrophic; GRAVE; HAYES
1458,اجاگر,bright; conspicuous; famous; illustrious,842,CLE Urdu top-5000 frequency list,Kaikki+ReadUrdu,True,False,False,"bright, conspicuous, famous, illustrious, interesting, lucid, luminescent, luminous, lustrous, manifest, sparkling, splendid","adj. bright, conspicuous, famous, illustrious, interesting, lucid, luminescent, luminous, lustrous, manifest,… | Platts: adj. Light; bright, shining; splendid, gaudy; celebrated, famous; conspicuous, manifest; —",
1459,اجتماع,assemblage; convention; gathering,840,CLE Urdu top-5000 frequency list,Kaikki+ReadUrdu+word2word,True,True,True,"assemblage; convention, gathering","n. assemblage; convention, gathering | Platts:",gathering; Which; taken; liberty; why
1460,واقعے,incident),840,CLE Urdu top-5000 frequency list,ReadUrdu+word2word,False,False,True,,"plural direct of واقِعَہ (vāqi'a — event, incident)",incident; smoke; op; Fired; infamous
1461,پیشہ,prostitute’s occupation; profession; occupation,838,CLE Urdu top-5000 frequency list,Kaikki+ReadUrdu,True,False,False,"art, skill, craft; prostitution, prostitute’s occupation; profession, occupation, trade, business","profession, occupation",professional; needs; grandma; Your; dealer
1462,دفاعی,defense-related,837,CLE Urdu top-5000 frequency list,ReadUrdu+word2word,False,False,True,,"defensive, defense-related",defense; playing; deferment; ain; taken
1463,فطرت,nature; disposition; temperament,836,CLE Urdu top-5000 frequency list,Kaikki+ReadUrdu+word2word,True,True,True,nature; disposition; temperament,"n. disposition; temperament; nature | Platts: (for A. فطرة, v.n. fr. فطر; see fat̤r)",appropriate; celebrations; discreet; nature
1464,تنخواہ,salary,835,CLE Urdu top-5000 frequency list,Kaikki+ReadUrdu,True,False,False,salary,"salary, wages",pay; annuity; whatever; paying; allowance
1465,طبقہ,class (ie. socio-economic group),835,CLE Urdu top-5000 frequency list,Kaikki+ReadUrdu+word2word,True,True,True,rank; status; class (ie. socio-economic group),"n. class (ie. socio-economic group); surface, layer (ie. of the Earth) | Platts: (for A. طبقة t̤abaqat, n. of un. fr. t̤abaq)",A; STARTIN; CLASS; NEW; SAYS
1466,اتر,reply; answer; northern,834,CLE Urdu top-5000 frequency list,Kaikki+ReadUrdu,True,False,False,reply; answer; northern,adj. northern | n. north (direction); reply; answer | Platts:,down; Thirty-two; boarded; came; many
1467,عروج,rise,834,CLE Urdu top-5000 frequency list,Kaikki+ReadUrdu,True,False,False,"rise, success; ascent, ascension; rising (of the sun)","rise, zenith",climax; The; negotiations; days; three
1468,خوبصورتی,beauty,832,CLE Urdu top-5000 frequency list,ReadUrdu+word2word,False,False,True,,beauty,beauty; pulp; equal; youth; Tates
1469,چاول,rice,830,CLE Urdu top-5000 frequency list,Kaikki+ReadUrdu,True,False,False,rice,n. rice | Platts:,
1470,مہارت,practice; subtlety; acuteness; genius,830,CLE Urdu top-5000 frequency list,Kaikki+ReadUrdu,True,False,True,"practice; expertise, speciality; subtlety, acuteness, genius","n. skill, expertness, proficiency, excellency (in a profession); practice; subtlety, acuteness, genius | Platts: (for A. مہارة 'inf. n. of مہر 'to excel in any art or profession')",skills; perfection; schmoozing; master; share
1471,انجمن,assembly,829,CLE Urdu top-5000 frequency list,Kaikki+ReadUrdu,True,False,False,"society; meeting, assembly, gathering","assembly, association",
1472,برف,ice; snow,829,CLE Urdu top-5000 frequency list,Kaikki+ReadUrdu+word2word,True,True,True,"ice; snow; white, shining","n. ice; snow; the cold, frigid | Platts:",ice; some; Fenroy; get; ll
1473,جوں,louse,828,CLE Urdu top-5000 frequency list,Kaikki+ReadUrdu,True,False,False,louse,louse,
1474,بچی,girlfriend,826,CLE Urdu top-5000 frequency list,Kaikki+ReadUrdu,True,False,True,girlfriend,"n. feminine of بَچَّہ (bacca); girl, female child; girlfriend | Platts: (fem. of baććā)",kid; Alright; girl; Pull; gaming
1475,رس,syrup,823,CLE Urdu top-5000 frequency list,Kaikki+ReadUrdu,True,False,False,"syrup; liquor; pleasure, joy","n. sap, juice, gum; syrup; liquid, fluid, water | Platts:",initation; administer; serum; Candor; As
1476,حدیث,hadith; a narration (ie. statement),821,CLE Urdu top-5000 frequency list,Kaikki+ReadUrdu,True,False,False,hadith; a narration (ie. statement),"n. a narration (ie. statement); hadith | Platts: (fr. حدث, see ḥadas̤)",
1477,محل,palace,821,CLE Urdu top-5000 frequency list,Kaikki+ReadUrdu+word2word,True,True,True,palace; woman's quarters,palace,palace; steps; castle; march; believing
1478,حرارت,heat; warmth; slight fever; feverish,820,CLE Urdu top-5000 frequency list,Kaikki+ReadUrdu+word2word,True,True,True,"heat, warmth; slight fever, feverish, to have a temperature","n. heat, warmth; slight fever, feverish, to have a temperature | Platts:",scan; signatures; validate; heat; woman
1479,دائیں,to the right,820,CLE Urdu top-5000 frequency list,ReadUrdu+word2word,False,False,True,,"to the right, rightward",right; Right; Block; Use; Watch
1480,دلوں,“heart”),819,CLE Urdu top-5000 frequency list,ReadUrdu+word2word,False,False,True,,"oblique plural of دِل (dil, “heart”)",hearts; strike; cross; They; flame
1481,پورٹ,port; port wine,818,CLE Urdu top-5000 frequency list,ReadUrdu+word2word,False,False,True,,port; port wine,port; abandoned; consistently; adjacent; projects
1482,سبز,raw; fresh; green,818,CLE Urdu top-5000 frequency list,Kaikki+ReadUrdu,True,False,False,raw; fresh; green,"adj. green; raw; unripe | Platts: adj. Green, verdant; fresh; flourishing; raw, unripe; grey-coloured or iron-grey (a horse); of a bluish hue…",statements; inaccurate; versions; various; completely
1483,اندرون,the interior; abdomen; heart; inner,816,CLE Urdu top-5000 frequency list,Kaikki+ReadUrdu,True,False,False,"the interior; abdomen, heart; inner, old (part of a city)","adj. domestic, inland (as opposed to international); inner, old (part of a city) | n. the interior; abdomen, heart | Platts: (see andar), adj. Within; —",
1484,عارضی,temporary,815,CLE Urdu top-5000 frequency list,Kaikki+ReadUrdu+word2word,True,True,True,temporary,"adj. temporary | Platts: (rel. n. fr. ʻāriẓ), adj. Accidental, not inherent; adventitious, casual",fluke; temporary; composure; After; peering
1485,پہاڑی,hill; small mountain,813,CLE Urdu top-5000 frequency list,ReadUrdu+word2word,False,False,True,,"hill, small mountain",mountain; HILL; UP; GOTTA; hill
1486,شفیق,a male given name from Arabic; compassionate; affectionate; merciful,812,CLE Urdu top-5000 frequency list,Kaikki+ReadUrdu,True,False,False,"a male given name from Arabic; compassionate, affectionate, merciful","adj. compassionate, affectionate, merciful | name: a male given name from Arabic",
1487,خزانہ,treasure; treasury,811,CLE Urdu top-5000 frequency list,Kaikki+ReadUrdu+word2word,True,True,True,treasure; treasury; tax; levy,"treasure, treasury",Tesseract; Odin; treasure; jewel; `
1488,معصوم,innocent,811,CLE Urdu top-5000 frequency list,Kaikki+ReadUrdu+word2word,True,True,True,sinless; innocent; infallible,innocent,innocent; Innocents; Innocent; beds; torn
1489,معائنہ,inspection; examination,808,CLE Urdu top-5000 frequency list,Kaikki+ReadUrdu,True,False,False,beholding; inspection; examination,"n. inspection; examination; analysis; observation | Platts: (for A. معاينة 'to see, view, or meet, face to face,' iii of عان (for عين) 'to be or become a spy or scout'…",Check; sleep; equipment; retiree; handed
1490,عابد,devoted; believer; worshipper,807,CLE Urdu top-5000 frequency list,Kaikki+ReadUrdu,True,False,False,devoted; believer; worshipper,"adj. godly, pious; devoted | n. worshipper; believer | name: a male given name, Abid | Platts: (act. part. of عبد 'to serve, worship,' &c.)",
1491,چودہ,fourteen,805,CLE Urdu top-5000 frequency list,Kaikki+ReadUrdu+word2word,True,True,True,fourteen,fourteen,Fourteen; intercept; FOURTEEN-THIRTY; minutes; to
1492,بازی,bet; wager,804,CLE Urdu top-5000 frequency list,Kaikki+ReadUrdu,True,False,False,bet; wager,"n. bet; wager | Platts: (see bāz, 'playing')",fusion; fireworks; hates; center; Nice
1493,نامہ,history; letter; book; treaty,804,CLE Urdu top-5000 frequency list,Kaikki+ReadUrdu,True,False,False,"history; letter, book, treaty","n. letter, book, treaty; history | Platts: (rel. n. fr. nām",Didn; pass; building; permit; permits
1494,بلے,yes; true; right,803,CLE Urdu top-5000 frequency list,Kaikki+ReadUrdu,True,False,False,"yes, true, right","yes, true, right",vigilante; it.; enough; gave; bat
1495,صبر,patience,803,CLE Urdu top-5000 frequency list,Kaikki+ReadUrdu,True,False,False,patience; tolerance,"patience, endurance",smarter; patiently; Be; grow; happen
1496,اختراع,invention; innovation; feigning; newness,800,CLE Urdu top-5000 frequency list,Kaikki+ReadUrdu,True,False,False,"invention, innovation, feigning, newness, novelty","n. invention, innovation, feigning, newness, novelty | Platts:",
1497,روٹی,bread,800,CLE Urdu top-5000 frequency list,Kaikki+ReadUrdu+word2word,True,True,True,bread,bread,bread; loaf; sold; Please; Just
1498,انتباہ,attention; alert; warning; notice,796,CLE Urdu top-5000 frequency list,Kaikki+ReadUrdu+word2word,True,True,True,"attention, alert, warning, notice","attention, alert, warning, notice",warning; Last; GRAVE; warned; seriously
1499,آیت,verse (of the Qur'an),796,CLE Urdu top-5000 frequency list,Kaikki+ReadUrdu+word2word,True,True,True,verse (of the Qur'an),n. verse (of the Qur'an) | Platts: (for A. آية),verse; It; last; s; the
1500,مرنے,oblique infinitive of مَرْنا (marnā — to die,794,CLE Urdu top-5000 frequency list,ReadUrdu+word2word,False,False,True,,"oblique infinitive of مَرْنا (marnā — to die, to be dead)",die; else; Understand; STARTED; WEARING
1501,ملازم,employee,794,CLE Urdu top-5000 frequency list,ReadUrdu+word2word,False,False,True,,"employee, servant",employee; month; legally; inform; employ
1502,ہڑتال,strike; hartal; (stoppage of work),794,CLE Urdu top-5000 frequency list,Kaikki+ReadUrdu+word2word,True,True,True,"strike, hartal, (stoppage of work)","strike, hartal, (stoppage of work)",strike; artillery; called; an; blurry
1503,مہنگائی,cost of living; inflation,792,CLE Urdu top-5000 frequency list,Kaikki+ReadUrdu,True,False,False,cost of living; inflation,cost of living; inflation,
1504,خارج,outside; exterior,791,CLE Urdu top-5000 frequency list,Kaikki+ReadUrdu,True,False,False,outside; exterior,"adj. outside; exterior | Platts: (part. n. fr. خرج 'to come out,' &c.), adj. Being out, out (of, -ke); exterior, external; separated,…",takedown; looking; delete; eraser; deletes
1505,عہدہ,post; rank; duty; office,791,CLE Urdu top-5000 frequency list,Kaikki+ReadUrdu,True,False,False,"post, rank, duty, office","n. post, rank, duty, office | Platts: (for A. عہدة ʻǒhdat, v.n. fr. عہد; see ʻahd)",step; Would; here; Kate; in
1506,حکیم,physician; doctor; sage; philosopher,788,CLE Urdu top-5000 frequency list,Kaikki+ReadUrdu,True,False,False,"statesman; physician, doctor; sage, philosopher","n. physician, doctor; sage, philosopher; one of the 99 names of Allah | Platts: (fr. حکم)",Hakim; em; wait; back; get
1507,گلشن,flower garden; rose-garden; garden,786,CLE Urdu top-5000 frequency list,Kaikki+ReadUrdu,True,False,False,flowerbed; a place of joy and happiness; flower garden; rose-garden; garden,flower garden,
1508,حیرت,amazement; surprise; wonder,785,CLE Urdu top-5000 frequency list,Kaikki+ReadUrdu+word2word,True,True,True,perplexity; consternation; astonishment; amazement; surprise; wonder,"surprise, amazement",wonder; surprise; chocolate; surprises; keeping
1509,امارات,the Emirates; short for the United Arab Emirates,782,CLE Urdu top-5000 frequency list,Kaikki+ReadUrdu+word2word,True,True,True,"the Emirates, short for the United Arab Emirates",flag carrier airline of the United Arab Emirates,UNITED; ARAB; EMIRATES
1510,اتحادی,ally; allied; of or pertaining to coalition,781,CLE Urdu top-5000 frequency list,Kaikki+ReadUrdu+word2word,True,True,False,ally; allied; of or pertaining to coalition,allied; of or pertaining to coalition,allies; invasion; search; forges; weapon
1511,ایڈز,AIDS,780,CLE Urdu top-5000 frequency list,Kaikki+ReadUrdu+word2word,True,True,True,AIDS,AIDS,Band-Aids; So; then; are; what
1512,عرض,width; request,778,CLE Urdu top-5000 frequency list,Kaikki+ReadUrdu,True,False,False,width; request; latitude,"n. request; petition; width | Platts: (inf. n. of عرض 'to show the breadth,' 'to show, exhibit, present,' &c.)",
1513,منفرد,unique; singular; apart; alone,776,CLE Urdu top-5000 frequency list,Kaikki+ReadUrdu+word2word,True,True,True,"unique, singular, apart, alone, separate, isolated","adj. unique, singular, apart, alone, separate, isolated | Platts: (act. part. of اِنْفرد, vii of (and syn. with) فرد 'to be or become alone, or solitary,' &c.), part. adj.…",unique; Arrogance; uniquely; trait; anyone
1514,سانحہ,tragedy,773,CLE Urdu top-5000 frequency list,ReadUrdu+word2word,False,False,True,,"tragedy, calamity",tragedy; Must; paid; by; complicit
1515,فارغ,at leisure,773,CLE Urdu top-5000 frequency list,Kaikki+ReadUrdu,True,False,True,empty; at leisure; crap; useless,"free, at leisure; finished",finished; finishes; Finish; Doctor; quite
1516,ولی,prophet; saint; favorite with God; master,773,CLE Urdu top-5000 frequency list,Kaikki+ReadUrdu,True,False,False,"prophet, saint; favorite with God; master, lord, defender, guardian, friend","n. favorite with God; prophet, saint; master, lord, defender, guardian, friend | Platts:",
1517,اضافی,additional; odd,772,CLE Urdu top-5000 frequency list,Kaikki+ReadUrdu+word2word,True,True,True,"possessively; supplementary; additional, odd","adj. additional, odd; adventitious, prosthetic",extra; strangers; ADDITIONAL; SUPPORT; FROM
1518,قصور,guilt; fault,772,CLE Urdu top-5000 frequency list,Kaikki+ReadUrdu,True,False,False,"guilt; fault, offence, failing; Kasur (a city in Kasur district, Punjab, Pakistan)","fault, guilt",
1519,منسلک,joined; appended; annexed; attached,772,CLE Urdu top-5000 frequency list,Kaikki+ReadUrdu+word2word,True,True,True,"joined, appended, annexed, attached","adj. joined, appended, annexed, attached | Platts: (act. part. of اِنْسلك, vii of (and syn. with) سلك 'to enter (into),' &c.), part. adj. Being drawn (into, as…",attached; package; connected; tied; victims
1520,تشریف,honour; seat; bottom,771,CLE Urdu top-5000 frequency list,Kaikki+ReadUrdu+word2word,True,True,True,honour; khalat; seat; bottom,n. honour; rank; dignity; seat; bottom | Platts:,seat; Have; sit; visit; purpose
1521,مشورے,direct plural; oblique singular; vocative,771,CLE Urdu top-5000 frequency list,Kaikki+ReadUrdu,True,False,False,"direct plural/ oblique singular/ vocative singular of مَشْوَرَہ (maśvara, “advice”)","direct plural/ oblique singular/ vocative singular of مَشْوَرَہ (maśvara, “advice”)",
1522,ایشیائی,Asian,770,CLE Urdu top-5000 frequency list,Kaikki+ReadUrdu,True,False,False,Asian,Asian,
1523,خلق,creation; world; mankind; humanity,770,CLE Urdu top-5000 frequency list,Kaikki+ReadUrdu,True,False,False,"creation, world; mankind, humanity","n. mankind, humanity; creation, world | Platts: (inf. n. fr. خلق 'to create,' &c.)",
1524,چینل,channel,766,CLE Urdu top-5000 frequency list,ReadUrdu+word2word,False,False,True,,channel,waiting; CHANNEL; HAS; EVERY; CITY
1525,عربی,Arabic,765,CLE Urdu top-5000 frequency list,Kaikki+ReadUrdu,True,False,False,Arabic,"name: Arabic | Platts: (rel. n. fr. ʻarab), m. = P عربيه ʻarabīya (for A. ʻarabīyat), f.",
1526,گولی,marble; small ball; pill; tablet (medication),764,CLE Urdu top-5000 frequency list,Kaikki+ReadUrdu,True,False,True,marble; small ball; diminutive of گولا (golā); pill; tablet (medication),n. bullet; pellet (gun ammunition); pill; tablet (medication); marble; small ball | Platts:,shoot; shot; Shoot; bullet; barrel
1527,ٹرین,train,763,CLE Urdu top-5000 frequency list,ReadUrdu+word2word,False,False,True,,train,train; Train; alright; taken; Our
1528,محترمہ,lady,762,CLE Urdu top-5000 frequency list,Kaikki+ReadUrdu+word2word,True,True,True,lady,lady,Lady; calm; Is; Understand; ladies
1529,راز,secret,761,CLE Urdu top-5000 frequency list,Kaikki+ReadUrdu+word2word,True,True,True,secret; mystery; confidential; clandestine,secret,secrets; secret; Secret; Savage; Love
1530,نعمت,blessing,760,CLE Urdu top-5000 frequency list,Kaikki+ReadUrdu+word2word,True,True,True,"blessing, grace","blessing, bounty",blessing; trust; Every; killed; hand
1531,ہوائی,aerial,759,CLE Urdu top-5000 frequency list,Kaikki+ReadUrdu,True,False,False,aerial,adj. aerial | Platts: (rel. n. fr. hawā,Hawaii; airports; plane; Airports; tricky
1532,سازش,conspiracy; plot,758,CLE Urdu top-5000 frequency list,Kaikki+ReadUrdu+word2word,True,True,True,"conspiracy, scheme, plot","conspiracy, plot",trap; conspiracy; Conspiring; accused; conspiring
1533,روپ,colour; beautiful appearance,757,CLE Urdu top-5000 frequency list,Kaikki+ReadUrdu,True,False,False,"colour; kind, sort, species; beautiful appearance","n. outward appearance, form, figure, shape, appearance, semblance, image, representation, picture; face, countenance, aspect, features; colour | Platts:",
1534,ویژن,vision,756,CLE Urdu top-5000 frequency list,Kaikki+ReadUrdu,True,False,False,vision,vision,television; watching; dude; guy; saw
1535,پچیس,twenty-five,755,CLE Urdu top-5000 frequency list,Kaikki+ReadUrdu,True,False,False,twenty-five,num. twenty-five | Platts:,25; weaker; Signal; Ten; getting
1536,کمبل,quilt; blanket,755,CLE Urdu top-5000 frequency list,Kaikki+ReadUrdu+word2word,True,True,True,quilt; blanket,n. blanket; quilt | Platts:,blanket; sheet; solid; bed; food
1537,لمحہ,a moment,752,CLE Urdu top-5000 frequency list,Kaikki+ReadUrdu+word2word,True,True,True,"an instant, a moment",moment,moment; Best; present; hundreds; Give
1538,تاج,crown,751,CLE Urdu top-5000 frequency list,Kaikki+ReadUrdu+word2word,True,True,True,crown,"n. crown | Platts: (A. also tāj, fr. the P.; old P. taka; Armen. thag)",eye; blood; eager; crown; royal
1539,ابن,slave; offspring; son; child,750,CLE Urdu top-5000 frequency list,Kaikki+ReadUrdu,True,False,False,"slave; offspring; son, child","n. son, child; offspring; slave | Platts: (used in comp. only, usually in its nom. form ibnu)",
1540,پابند,bound; restrained; encumbered,749,CLE Urdu top-5000 frequency list,Kaikki+ReadUrdu,True,False,False,"bound; restrained, encumbered","restrained, encumbered; bound",obliged; given; circumstances; hand; over
1541,قرض,debt; loan,749,CLE Urdu top-5000 frequency list,Kaikki+ReadUrdu+word2word,True,True,True,"debt; loan; credit; revenge, vengeance","loan, debt",loan; value; total; over; OWE
1542,خرابی,ruin,747,CLE Urdu top-5000 frequency list,Kaikki+ReadUrdu,True,False,False,"ruin, destruction; badness, evil, corruption","defect, fault, ruin",malfunction; disturbance; investigate; personally; Multiple
1543,سرکار,sarkar; government; sir; mister,747,CLE Urdu top-5000 frequency list,Kaikki+ReadUrdu,True,False,False,"sarkar; government; sir, mister","n. government; sir, mister; sarkar | Platts: (for sar-ě-kār)",
1544,لاحق,affix; suffix; adhering; adjoining,746,CLE Urdu top-5000 frequency list,Kaikki+ReadUrdu,True,False,False,"affix, suffix; adhering, adjoining; to reach, to overtake","adj. to reach, to overtake; adhering, adjoining; affix, suffix | n. follower who joins the congregation from the beginning but loses one or more rak'ahs due to an excuse | Platts: (act. part. of لحق 'to touch, or reach,' &c.), part. adj. &",
1545,مصنف,author; writer,743,CLE Urdu top-5000 frequency list,Kaikki+ReadUrdu+word2word,True,True,True,"composer; author, writer, compiler","author, writer",Callen; bestselling; author; Sheridan; along
1546,پال,a male given name from English; equivalent to English Paul,740,CLE Urdu top-5000 frequency list,Kaikki+ReadUrdu+word2word,True,True,True,"a male given name from English, equivalent to English Paul","n. a male given name from English, equivalent to English Paul | Platts: (rt. of pālnā)",Paul; hurry; Timothy; Reading; Bottom
1547,بخار,fever; smoke,738,CLE Urdu top-5000 frequency list,Kaikki+ReadUrdu+word2word,True,True,True,fever; smoke; anger; anguish,n. fever; steam; vapour; exhalation; smoke | Platts:,fever; rage; powerlessness; turns; feeling
1548,گلے,“throat”):,738,CLE Urdu top-5000 frequency list,ReadUrdu+word2word,False,False,True,direct plural; oblique/vocative singular,"inflection of گَلا (galā, “throat”):; inflection of گِلَہ (gila):",throat; embrace; hug; relationship; Touching
1549,بیت,couplet; distich; abode; house,737,CLE Urdu top-5000 frequency list,Kaikki+ReadUrdu,True,False,False,"couplet, distich; abode, house, edifice; mosque, church, synagogue","n. couplet, distich; abode, house, edifice; mosque, church, synagogue | Platts:",bait; used; Bait; Nah; yourself
1550,حراست,arrest; custody,737,CLE Urdu top-5000 frequency list,Kaikki+ReadUrdu,True,False,False,"arrest, custody","n. arrest, custody | Platts: (for A. حراسة, inf. n. of حرس 'to take care of')",Detain; detention; couple; week; Interpol
1551,عظمت,grandeur; greatness,737,CLE Urdu top-5000 frequency list,Kaikki+ReadUrdu+word2word,True,True,True,"dignity; glory, magnificence; grandeur, greatness; might","greatness, grandeur",magnitude; Will; greatness; symbolizes; mark
1552,مایوسی,despair,737,CLE Urdu top-5000 frequency list,ReadUrdu+word2word,False,False,True,,"despair, disappointment",frustration; Frustration; despair; patience; understand
1553,عملہ,public officers; an official; clerk,736,CLE Urdu top-5000 frequency list,Kaikki+ReadUrdu,True,False,False,"materials; public officers; an official, clerk","n. an official, clerk; staff, operators, executors; public officers | Platts: (for A. عملة ʻamalat, pl. of ʻāmil",US; saw; after; return; visit
1554,لمبی,s.f. A long stride (in a horse),734,CLE Urdu top-5000 frequency list,ReadUrdu+word2word,False,False,True,,s.f. A long stride (in a horse); a kind of bounding pace (in a horse); —,long; Shift; swords; lion; den
1555,پلیٹ,plate,733,CLE Urdu top-5000 frequency list,Kaikki+ReadUrdu+word2word,True,True,True,plate,plate,PLATE; Plate; Romeo-India-November; three-one-Bravo-seven; TO
1556,حوصلہ,courage; morale; strength of spirit,733,CLE Urdu top-5000 frequency list,Kaikki+ReadUrdu,True,False,False,"courage, bravery, patience; morale, confidence, willpower, strength of spirit","courage, spirit, morale",encouraging; Congressional; subverting; efforts; résumé
1557,چکر,vertigo,732,CLE Urdu top-5000 frequency list,Kaikki+ReadUrdu,True,False,False,chakra; circle; vertigo,"n. round, perimeter; vertigo; love affair | Platts: (in comp.)",dizzy; fucks; unbecoming; GO; Hello
1558,وسعت,convenience; leisure; ease; amplitude,732,CLE Urdu top-5000 frequency list,Kaikki+ReadUrdu,True,False,False,"convenience, leisure, ease; amplitude, space, extent, vastness","n. amplitude, space, extent, vastness; convenience, leisure, ease | Platts: (for A. وسعة, fr. وسع wusʻ, 'capacity,' &c., v.n. fr. وَسِعَ)",
1559,پہچان,identity; recognition; identification,731,CLE Urdu top-5000 frequency list,Kaikki+ReadUrdu,True,False,False,"identity; recognition, identification","n. recognition, identification; identity | Platts:",recognize; 20; detainees; photo; that
1560,سٹیشن,station,730,CLE Urdu top-5000 frequency list,ReadUrdu+word2word,False,False,True,,station,escorted; station; Will; be; to
1561,بانی,founder,729,CLE Urdu top-5000 frequency list,Kaikki+ReadUrdu,True,False,False,founder,n. founder | Platts:,
1562,تجزیہ,analysis; dissolution,729,CLE Urdu top-5000 frequency list,Kaikki+ReadUrdu,True,False,False,"analysis, dissolution","analysis, dissolution",Analyzing; analyze; Genesis; Chamber; sample
1563,جوان,young; youthful; a soldier,729,CLE Urdu top-5000 frequency list,Kaikki+ReadUrdu+word2word,True,True,True,young; youthful; a soldier,adj. young; youthful | n. a young man; a soldier | Platts: adj. &,young; lady; able-bodied; lining; 1500
1564,احتیاط,prudence; precaution; care; caution,728,CLE Urdu top-5000 frequency list,Kaikki+ReadUrdu+word2word,True,True,True,"prudence; precaution, care, caution, wariness","n. prudence; precaution, care, caution, wariness | Platts:",tone; Watch; caution; SADDLE; PLAYING
1565,ستر,seventy,728,CLE Urdu top-5000 frequency list,Kaikki+ReadUrdu+word2word,True,True,True,seventy,num. seventy | Platts: 1˚,Seventy; BACKTRACK; SEVENTY; SO; OR
1566,ماسٹر,master; teacher,728,CLE Urdu top-5000 frequency list,Kaikki+ReadUrdu+word2word,True,True,True,master; teacher,master; teacher,Master; Wayne; receiving; software; master
1567,مراکز,center),727,CLE Urdu top-5000 frequency list,ReadUrdu+word2word,False,False,True,,"plural formal of مَرْکَز (markaz — centre, center)",centers; side; their; on; why
1568,سوئی,sewing needle; needle; Sui (a city in Dera Bugti district; Balochistan,726,CLE Urdu top-5000 frequency list,Kaikki+ReadUrdu,True,False,False,"sewing needle, needle; Sui (a city in Dera Bugti district, Balochistan, Pakistan)","n. sewing needle, needle | name: Sui (a city in Dera Bugti district, Balochistan, Pakistan) | Platts:",
1569,محسن,beneficent; benefactor; patron; a male given name,725,CLE Urdu top-5000 frequency list,Kaikki+ReadUrdu,True,False,False,"beneficent; benefactor, patron; a male given name, Mohsin, from Arabic","adj. beneficent | n. benefactor, patron | name: a male given name, Mohsin, from Arabic | Platts: (act. part. of احسن 'to do good, to act well; to benefit,' iv of حَسُنَ 'to be good, or comely,' &c.), adj. &…",
1570,صلاح,advice; counsel,723,CLE Urdu top-5000 frequency list,Kaikki+ReadUrdu+word2word,True,True,True,"advice, counsel","n. advice, counsel | Platts: (inf. n. of صلح 'to be good, right, just, &c.)",assembly; admittedly; believes; absolutely; counsel
1571,گائے,cow,719,CLE Urdu top-5000 frequency list,Kaikki+ReadUrdu+word2word,True,True,True,cow,cow,cow; Cow; Feed; Holy; keeps
1572,دکان,shop; store,718,CLE Urdu top-5000 frequency list,Kaikki+ReadUrdu+word2word,True,True,True,shop; store,n. shop; store | Platts:,store; ELECTRONICS; STORE; IN; AN-AN
1573,سنت,habit; custom,716,CLE Urdu top-5000 frequency list,Kaikki+ReadUrdu,True,False,False,habit; Sunna; custom,n. tradition; habit; custom | Platts:,
1574,ناجائز,illegal; unjustifiable; unjustified; unlawful,715,CLE Urdu top-5000 frequency list,Kaikki+ReadUrdu,True,False,False,"illegal, unjustifiable, unjustified, unlawful, contraband","illegal, unjustifiable, unjustified, unlawful, contraband",
1575,ورزش,sport; custom,715,CLE Urdu top-5000 frequency list,Kaikki+ReadUrdu,True,False,True,habit; sport; custom,n. exercise; sport; custom | Platts:,exercise; finish; gone; training; Ready
1576,اطمینان,satisfaction,714,CLE Urdu top-5000 frequency list,Kaikki+ReadUrdu,True,False,False,"trust, confidence, reliance; contentment, quiescence, satisfaction, tranquillity","satisfaction, assurance, peace of mind",vouchers; These; free; food; discontent
1577,ولد,boy; son; offspring,713,CLE Urdu top-5000 frequency list,Kaikki+ReadUrdu,True,False,False,boy; son; offspring,son; offspring; boy,
1578,ناول,novel,712,CLE Urdu top-5000 frequency list,Kaikki+ReadUrdu,True,False,False,novel,novel,
1579,اراضی,ground; land; terrain,711,CLE Urdu top-5000 frequency list,Kaikki+ReadUrdu,True,False,False,"ground, land, terrain","n. ground, land, terrain | Platts:",
1580,مرچ,pepper (in both senses),711,CLE Urdu top-5000 frequency list,Kaikki+ReadUrdu+word2word,True,True,True,pepper (in both senses),n. pepper (in both senses) | Platts:,Parsley; peppers; cabbages; celery; and
1581,نازک,weak; fragile; tender; delicate,710,CLE Urdu top-5000 frequency list,Kaikki+ReadUrdu+word2word,True,True,True,"weak, fragile; tender, delicate; thin, slender, slim","adj. tender, delicate; weak, fragile; thin, slender, slim | Platts: adj. Thin, slender, slim, delicate, tender, fragile; fine; light; brittle; nice; neat; elegant; genteel;…",needn; fragile; calibration; delicate; requires
1582,سبق,lesson,708,CLE Urdu top-5000 frequency list,Kaikki+ReadUrdu+word2word,True,True,True,lesson; lecture,lesson,lesson; vacation; okay; Let; summer
1583,کرنل,colonel,706,CLE Urdu top-5000 frequency list,ReadUrdu+word2word,False,False,True,,colonel,Colonel; Stelzer; -Colonel; committees; Base
1584,معافی,forgiveness; pardon,706,CLE Urdu top-5000 frequency list,Kaikki+ReadUrdu+word2word,True,True,True,forgiveness; pardon; absolvement; exemption; remission,"forgiveness, pardon",sorry; SORRY; forgiveness; busting; pasta
1585,ہرگز,ever; at any time,706,CLE Urdu top-5000 frequency list,Kaikki+ReadUrdu,True,False,True,"ever, at any time","adv. ever, at any time | Platts: (prop. hargaz), adv. At any time, ever; — always: — hargiz nahīṅ, or hargiz — na, adv. Never; — on no account",WAY; NO; Of; course; Sophisticated
1586,اکائی,unit; measure; a single unit; digit,704,CLE Urdu top-5000 frequency list,Kaikki+ReadUrdu,True,False,False,"unit; measure; a single unit, digit; ones; an administrative unit of a country","n. a single unit, digit; ones; unit; measure; an administrative unit of a country | Platts:",
1587,شہادت,shahada; martyrdom,704,CLE Urdu top-5000 frequency list,Kaikki+ReadUrdu,True,False,True,creed; shahada; martyrdom,"n. martyrdom; testimony; shahada | Platts: (for A. شہادة, inf. n. of شہد 'to give evidence,' &c.)",proclaim; martyr; Lance; Web; testimony
1588,کسان,farmer; cultivator,704,CLE Urdu top-5000 frequency list,Kaikki+ReadUrdu+word2word,True,True,True,"farmer, cultivator","n. farmer, cultivator | Platts:",farmer; peasant; dream; sighting; diamond
1589,فارسی,Persian (language); Persian; Persic; Persianate,703,CLE Urdu top-5000 frequency list,Kaikki+ReadUrdu+word2word,True,True,True,"Hijra Farsi; Persian (language); Persian, Persic; Persianate","adj. Persian, Persic; Persianate | n. Persian (language); a person of Persian ethnicity or heritage; a person from Persia | Platts: (for orig. pārsī, rel. n. fr. pārs), adj. Persian; —",Persian; outpost; moved; rowel; Seso
1590,احسن,ace,702,CLE Urdu top-5000 frequency list,Kaikki+ReadUrdu,True,False,False,ace,n. ace | Platts: (compar. & super. of حسن),
1591,کاشف,detector; revealer,700,CLE Urdu top-5000 frequency list,Kaikki+ReadUrdu,True,False,False,detector; revealer; explainer,"n. discoverer; detector; revealer | Platts: (act. part. of کشف 'to open, reveal,' &c.)",
1592,مرمت,restoration; repair; mend,700,CLE Urdu top-5000 frequency list,Kaikki+ReadUrdu+word2word,True,True,True,"restoration; repair, mend","n. repair, mend; restoration | Platts: (for A. مرمة, inf. n. of رمّ 'to repair, rectify, mend,' &c.)",Mending; wrongs; ghost; for; a
1593,سرجری,surgery,699,CLE Urdu top-5000 frequency list,ReadUrdu+word2word,False,False,True,,surgery,Surgery; surgery; Yeah; -; ?
1594,مالکان,owners,698,CLE Urdu top-5000 frequency list,ReadUrdu+word2word,False,False,True,,"s.m. pl. (of mālik), Proprietors, owners, masters, &c",owners; Today; way; by; rest
1595,بچت,savings,697,CLE Urdu top-5000 frequency list,Kaikki+ReadUrdu+word2word,True,True,True,savings,"s.f. Residue, remainder, surplus; balance; savings; gain, profit",saving; save; figure; savings; killing
1596,ذخیرہ,storehouse,697,CLE Urdu top-5000 frequency list,Kaikki+ReadUrdu,True,False,False,outhouse; storehouse,"hoard, cache; storehouse; stock, provisions",bachelor; stored; university; central; needed
1597,شاہی,befitting or worthy of royalty; royal; regal; kingly,697,CLE Urdu top-5000 frequency list,Kaikki+ReadUrdu+word2word,True,True,True,"befitting or worthy of royalty; royal, regal, kingly, princely; rule, reign, regime; -archy, -cracy","adj. royal, regal, kingly, princely; befitting or worthy of royalty | n. rule, reign, regime; -archy, -cracy; a cultivar of litchis, famously grown in Muzaffarpur | Platts: adj. Imperial, royal, regal, kingly; —",royal; quarters; destroyed; Royal; Steward
1598,ضمیر,conscience; mind,697,CLE Urdu top-5000 frequency list,Kaikki+ReadUrdu+word2word,True,True,True,"pronoun; a kept secret; conscience; mind, heart",conscience,conscience; fears; overpowered; consciences; minds
1599,گیندوں,plural,697,CLE Urdu top-5000 frequency list,ReadUrdu+word2word,False,False,True,,plural oblique of گینْد (gend — ball),balls; guts; Her; yours; Are
1600,نصیب,fortune; destiny (see lot),697,CLE Urdu top-5000 frequency list,Kaikki+ReadUrdu,True,False,False,"fortune, destiny (see lot)","destiny, fortune",
1601,آنسو,tear,695,CLE Urdu top-5000 frequency list,Kaikki+ReadUrdu+word2word,True,True,True,tear,tear,tear; Here; wept; watered; magnificent
1602,غصہ,anger,695,CLE Urdu top-5000 frequency list,Kaikki+ReadUrdu+word2word,True,True,True,anger,"n. anger | Platts: (for A. غصة, v.n. fr. غصّ 'to be choked,' &c.)",anger; rude; short-tempered; Mom; FURIOUS
1603,مصیبت,trouble; calamity,695,CLE Urdu top-5000 frequency list,Kaikki+ReadUrdu+word2word,True,True,True,"trouble, distress; calamity, disaster, catastrophe (a sudden event that causes great damage)","calamity, trouble",trouble; screwed; gloat; em; Paperboy
1604,سولہ,sixteen,694,CLE Urdu top-5000 frequency list,Kaikki+ReadUrdu,True,False,False,sixteen,num. sixteen | Platts:,scrambled; ass; F-16s; behind; Paks
1605,طریقوں,plural,693,CLE Urdu top-5000 frequency list,ReadUrdu+word2word,False,False,True,,plural oblique of طَرِیقَہ (tarīqa — method),ways; methods; phishing; Our; Plenty
1606,قرضہ,debt (loan),693,CLE Urdu top-5000 frequency list,Kaikki+ReadUrdu,True,False,False,debt (loan),"loan, debt",wrote; Brits; credit; take; wish
1607,ذوق,taste; flavor; interest; pleasure,691,CLE Urdu top-5000 frequency list,Kaikki+ReadUrdu,True,False,False,"taste, flavor; taste, interest; pleasure, delight","n. taste, flavor; taste, interest; pleasure, delight | Platts: (inf. n. of ذاق 'to taste')",
1608,شاہراہ,highway; main road; King's highway,691,CLE Urdu top-5000 frequency list,Kaikki+ReadUrdu,True,False,False,"highway, main road, King's highway","highway, main road, King's highway",Van; Wyck; Expressway; Queensboro; Bridge
1609,عاشق,lover,690,CLE Urdu top-5000 frequency list,Kaikki+ReadUrdu,True,False,False,"lover; fondness, affection",lover,
1610,سمندری,Samundri (a city in Faisalabad district; Punjab; Pakistan),689,CLE Urdu top-5000 frequency list,Kaikki+ReadUrdu,True,False,False,"Samundri (a city in Faisalabad district, Punjab, Pakistan)","Samundri (a city in Faisalabad district, Punjab, Pakistan)",DOD; -Listen; 2000.; 2001; sea
1611,زہر,poison,686,CLE Urdu top-5000 frequency list,Kaikki+ReadUrdu+word2word,True,True,True,venom; poison,poison,poisoned; poison; rejects; stomach; paramilitary
1612,وارث,heir; inheritor,686,CLE Urdu top-5000 frequency list,Kaikki+ReadUrdu+word2word,True,True,True,"heir, inheritor","n. heir, inheritor | Platts: (act. part. of ورث 'to receive by inheritance')",heir; Waynes; cellar; inherit; wine
1613,جوہر,atom; jewel; gem,685,CLE Urdu top-5000 frequency list,Kaikki+ReadUrdu,True,False,True,"atom; jewel, gem; a funeral pyre","n. jewel, gem; essence, meaning; atom | Platts:",essence; rebellious; defiant; uncontrollable; used
1614,جنگل,jungle; forest; wilderness,684,CLE Urdu top-5000 frequency list,Kaikki+ReadUrdu,True,False,False,"jungle, forest, wilderness","n. jungle, forest, wilderness | Platts:",woods; Into; Grandmother; journey; Then
1615,گہرا,deep,684,CLE Urdu top-5000 frequency list,Kaikki+ReadUrdu+word2word,True,True,True,deep,"adj. deep | Platts: adj. (f. -ī), Deep, profound; important, weighty, grave; difficult; — deep-seated; — sound (as sleep); —…",deep; very; got; omoplata; ties
1616,شہد,honey,681,CLE Urdu top-5000 frequency list,Kaikki+ReadUrdu+word2word,True,True,True,honey,n. honey | Platts:,HONEY; TO; honey; YOU; UP
1617,نگر,borough; city; town; an urban area,681,CLE Urdu top-5000 frequency list,Kaikki+ReadUrdu,True,False,False,"borough; city, town; an urban area","n. city, town; borough; an urban area | Platts:",
1618,پرواز,access; reach; departure (of a flight),679,CLE Urdu top-5000 frequency list,Kaikki+ReadUrdu+word2word,True,True,True,"access, reach; arrogance; pride; departure (of a flight)","n. flight (a trip on a plane); departure (of a flight); access, reach | Platts:",fly; flight; Fly; flying; Cars
1619,ملنا,to be found; to be joined,679,CLE Urdu top-5000 frequency list,Kaikki+ReadUrdu,True,False,True,"to be found; to be joined; to blend, mix","v. to be found; to be joined; to meet, encounter, mingle | Platts: v.t. To rub; to rub down (a horse); to scrub, scour; to furbish; to anoint; — to grind; to tread on, trample…",meet; obsessed; demands; proposals; concrete
1620,چمچ,spoon; ladle; a type of bird; scoop,678,CLE Urdu top-5000 frequency list,Kaikki+ReadUrdu,True,False,False,"spoon; ladle; a type of bird; scoop, spoon (ie. quantity-wise)","spoon; ladle; scoop, spoon (ie. quantity-wise); a type of bird",
1621,سہارا,backing; buttress; support; dependence,674,CLE Urdu top-5000 frequency list,Kaikki+ReadUrdu,True,False,False,"backing; buttress; support; dependence; help, assistance, aid","n. support; dependence; backing; buttress; help, assistance, aid | Platts:",Refuse; recourse; duration; court-martial; spend
1622,ہندوستانی,Hindustani (language); Indian (native or inhabitant of India); Indian (of,674,CLE Urdu top-5000 frequency list,Kaikki+ReadUrdu+word2word,True,True,True,"Hindustani (language); Indian (native or inhabitant of India); Indian (of, from or relating to India)",Indian; the Hindustani language,Indian; Let; see; cry; son
1623,آلودگی,impurity; pollution; contamination,671,CLE Urdu top-5000 frequency list,Kaikki+ReadUrdu,True,False,False,impurity; pollution; contamination,n. pollution; contamination; impurity | Platts: (abst. s. from next,
1624,حیران,surprised; amazed; awed; speechless,669,CLE Urdu top-5000 frequency list,Kaikki+ReadUrdu+word2word,True,True,True,"surprised, amazed, awed, speechless, shocked; flabbergasted, perplexed, confused, confused, baffled","surprised, amazed, awed, speechless, shocked; flabbergasted, perplexed, confused, confused, baffled",surprised; shocked; amazed; unprepared; unless
1625,خوشبو,fragrance,668,CLE Urdu top-5000 frequency list,Kaikki+ReadUrdu,True,False,False,"perfume, cologne; pleasant-smell; sweet-smell; fragrance, scent; odor, aroma",fragrance,
1626,تشریح,explanation,667,CLE Urdu top-5000 frequency list,Kaikki+ReadUrdu,True,False,False,exegesis; commentary; explanation,"explanation, elucidation",interpretation; low; key; redefining; interesting
1627,سائنسی,scientific,667,CLE Urdu top-5000 frequency list,Kaikki+ReadUrdu+word2word,True,True,True,scientific,scientific,Allied; effort; represent; Strategic; Scientific
1628,مستحق,poor; bankrupt; deserving; worthy,667,CLE Urdu top-5000 frequency list,Kaikki+ReadUrdu+word2word,True,True,True,"poor, bankrupt; deserving, worthy","n. deserving, worthy; poor, bankrupt | Platts: (pass. & act. part. of استحق 'to demand as a right or due; to have a just title or claim to,' x of حقّ 'to be…",deserve; deserved; deserves; Which; destined
1629,انجینئر,engineer,666,CLE Urdu top-5000 frequency list,ReadUrdu+word2word,False,False,True,,engineer,engineer; been; consultant; solutions; systems
1630,کتب,Books: — kutub-ḵẖāna,666,CLE Urdu top-5000 frequency list,ReadUrdu+word2word,False,False,True,,"s.f. pl. (of kitāb), Books: — kutub-ḵẖāna",knowledge; Books; puff; worth; are
1631,طاقتور,strong; stout; powerful,665,CLE Urdu top-5000 frequency list,Kaikki+ReadUrdu+word2word,True,True,True,"strong, stout, powerful","strong, stout, powerful",powerful; cannot; stronger; Everytime; figured
1632,سستی,laziness; sloth,664,CLE Urdu top-5000 frequency list,Kaikki+ReadUrdu,True,False,False,"laziness, sloth","n. laziness, sloth",books; read; masks; latex; face
1633,پیسہ,wealth; money; cash; paisa (a subdivision of currency,663,CLE Urdu top-5000 frequency list,Kaikki+ReadUrdu+word2word,True,True,True,"wealth; money, cash; paisa (a subdivision of currency, equal to ¹⁄₁₀₀ of a rupee)","paisa (a subdivision of currency, equal to ¹⁄₁₀₀ of a rupee); money, cash; wealth",money; lot; Ghraib; Meanwhile; earn
1634,زون,border region; region,663,CLE Urdu top-5000 frequency list,Kaikki+ReadUrdu,True,False,False,"border region, region","border region, region",blurry; wandering; zone; strike; Twilight
1635,جتوئی,A Balochi tribe; Jatoi (a city in Muzaffargarh district; Punjab; Pakistan),662,CLE Urdu top-5000 frequency list,Kaikki+ReadUrdu,True,False,False,"A Balochi tribe; Jatoi (a city in Muzaffargarh district, Punjab, Pakistan)","Jatoi (a city in Muzaffargarh district, Punjab, Pakistan); A Balochi tribe",
1636,دروازہ,door; gate,660,CLE Urdu top-5000 frequency list,Kaikki+ReadUrdu+word2word,True,True,True,"door; gate; path, way","n. door; gate; porch; entrance | Platts: (fr. dar-wāz, 'gates (of a city) thrown back, or open'; and = dar, 'door or gate'+bāz, 'open,' q",door; Open; Knock; DOOR; Stand
1637,خیمہ,tent,657,CLE Urdu top-5000 frequency list,Kaikki+ReadUrdu,True,False,False,tent,n. tent | Platts: (for A. خيمة ḵẖaimat; fr. خيم),
1638,ڈر,awe; fear; dread; apprehension,657,CLE Urdu top-5000 frequency list,Kaikki+ReadUrdu+word2word,True,True,True,"awe; fear, dread; apprehension, alarm, terror","fear, dread; apprehension, alarm, terror; awe",afraid; scared; fear; really; jitters
1639,زخم,wound (usually a gash,656,CLE Urdu top-5000 frequency list,Kaikki+ReadUrdu+word2word,True,True,True,"wound (usually a gash, stab, tear)",wound,wound; abdominal; closed; Get; festering
1640,دہی,curd; yogurt,655,CLE Urdu top-5000 frequency list,Kaikki+ReadUrdu,True,False,False,"curd, yogurt","n. curd, yogurt | Platts: corr.",deception; Mozart; harpsichord; Since; art
1641,لال,red; darling,655,CLE Urdu top-5000 frequency list,Kaikki+ReadUrdu+word2word,True,True,True,"red; darling; a surname, Lal","adj. red | n. red; darling; son, baby, infant | Platts: adj. Red (syn. surḵẖ), ruddy; red-hot; inflamed; enraged; —",find; gonna; never; red; golden
1642,دوپہر,afternoon; noon; midday,654,CLE Urdu top-5000 frequency list,Kaikki+ReadUrdu+word2word,True,True,True,"afternoon, noon, midday","afternoon, noon, midday",afternoon; lunch; Lunch; noon; Provide
1643,ہلاکت,death; fatigue; destruction; extermination,654,CLE Urdu top-5000 frequency list,Kaikki+ReadUrdu,True,False,False,death; fatigue; destruction; extermination,"n. death; destruction; extermination; fatigue | Platts: (for A. هلاکة, abst. s. fr. the preceding)",occur; killing; does; quite; war
1644,جواز,justification (ie. lawfulness),653,CLE Urdu top-5000 frequency list,Kaikki+ReadUrdu+word2word,True,True,True,justification (ie. lawfulness),n. justification (ie. lawfulness) | Platts:,justification; detain; lead; bomb; drop
1645,حوالہ,charge; custody; money laundering,649,CLE Urdu top-5000 frequency list,Kaikki+ReadUrdu,True,False,False,"hawala; charge, custody; money laundering","n. reference, citing; charge, custody; money laundering | Platts: (for A. حوالة ḥawālat, fem.; v.n. fr. حول 'to change; to shift,' &c.)",quote; alright; Don; me; t
1646,کبیر,senior; great; large; One of the 99 names of Allah,649,CLE Urdu top-5000 frequency list,Kaikki+ReadUrdu,True,False,False,"senior; great, large; One of the 99 names of Allah","adj. great, large; senior | name: One of the 99 names of Allah; Kabir, an Indian poet and religious leader | Platts:",
1647,مرے,to be dead),648,CLE Urdu top-5000 frequency list,ReadUrdu+word2word,False,False,True,,"plural perfective of مَرْنا (marnā — to die, to be dead)",dead; interesting; Tortured; less; Not
1648,بول,tune; air; phrase; sentence,646,CLE Urdu top-5000 frequency list,Kaikki+ReadUrdu,True,False,True,"tune, air; taunt, jeer; phrase, sentence","n. speech, speaking, word, talk, conversation, delivery, utterance, cry, voice; phrase, sentence; tune, air | Platts: (rt. of bolnā",lying; speaking; telling; truth; speaks
1649,رفتہ,gone,646,CLE Urdu top-5000 frequency list,Kaikki+ReadUrdu,True,False,False,gone; lost; defunct,adj. gone; departed; deceased | Platts: (perf. part. of raftan,
1650,صارف,user; consumer; customer,646,CLE Urdu top-5000 frequency list,Kaikki+ReadUrdu,True,False,False,"user; consumer, customer","user; consumer, customer",
1651,بولنے,oblique infinitive of بولنا,645,CLE Urdu top-5000 frequency list,Kaikki+ReadUrdu,True,False,True,oblique infinitive of بولنا,oblique infinitive of بولْنا (bolnā — to speak),Doesn; permission; defense; enlistment; speak
1652,درجے,plural direct of دَرْجَہ (darja — level,644,CLE Urdu top-5000 frequency list,ReadUrdu+word2word,False,False,True,,"plural direct of دَرْجَہ (darja — level, extent, rate)",FALCO; first-degree; NEVADA; OUT; top-level
1653,سکہ,coin; medal; stamp; seal,643,CLE Urdu top-5000 frequency list,Kaikki+ReadUrdu,True,False,False,"coin; medal; stamp, seal, die; a certain currency used in the Mughal Empire, sicca","n. coin; medal; a certain currency used in the Mughal Empire, sicca; stamp, seal, die | Platts: (for A. سکة sikkat, v.n. سكّ 'to clamp,' &c.)",
1654,تیرہ,thirteen,642,CLE Urdu top-5000 frequency list,Kaikki+ReadUrdu,True,False,False,thirteen,num. thirteen | Platts:,
1655,بازو,arm; wing of a bird; etc,641,CLE Urdu top-5000 frequency list,Kaikki+ReadUrdu+word2word,True,True,True,"arm; wing of a bird, etc; supporter or companion","n. arm; wing of a bird, etc.; flank of an army | Platts: Arm, upper arm; shoulder; wing (of a bird, &c.); flank (of an army, &c.); side frame of a door, door-post;…",arm; -His; forearms; stick; needle
1656,رہائی,release,641,CLE Urdu top-5000 frequency list,ReadUrdu+word2word,False,False,True,,"release, liberation",ENERGY; RELEASE; THE; specifics; ongoing
1657,سحر,dawn; magic,641,CLE Urdu top-5000 frequency list,Kaikki+ReadUrdu,True,False,False,"dawn, daybreak; a female given name, Sehar, from Arabic; enchantment, sorcery, magic, wizardry, witchcraft",dawn (sahar); magic (sehr),captivated; arrived; everyone; had; just
1658,نیز,also,641,CLE Urdu top-5000 frequency list,Kaikki+ReadUrdu,True,False,False,"again; likewise; also, even","also, moreover",
1659,پختہ,mature; cooked; ripe; firm,639,CLE Urdu top-5000 frequency list,Kaikki+ReadUrdu,True,False,False,"mature; cooked, ripe; firm, strong, sturdy","adj. firm, strong, sturdy; cooked, ripe; mature | Platts: part. adj. Dressed, cooked; baked (as brick, &c.); ripe, matured, mature; shrewd, knowing, expert. skilful,…",
1660,سرد,cold; autumn; fall (season),638,CLE Urdu top-5000 frequency list,Kaikki+ReadUrdu+word2word,True,True,False,cold; autumn; fall (season),n. autumn; fall (season),Cold; War; lonely; cold; Sometimes
1661,ہائے,alas!; an exclamation of distress; a sigh,638,CLE Urdu top-5000 frequency list,Kaikki+ReadUrdu,True,False,False,alas!; an exclamation of distress; a sigh,interj. alas! | n. an exclamation of distress; a sigh,stakes; played; rules; painstakingly; combed
1662,حادثہ,accident,637,CLE Urdu top-5000 frequency list,Kaikki+ReadUrdu+word2word,True,True,True,accident,"accident, mishap",accident; lent; boy; emerged; had
1663,یہودی,Jew; Zionist; Israeli,637,CLE Urdu top-5000 frequency list,Kaikki+ReadUrdu+word2word,True,True,True,"Jew; Zionist, Israeli","adj. Jewish; Zionist, Israeli | n. Jew; Zionist, Israeli | Platts: (rel. n. fr. yahūd), adj. &",Jew; Jews; Jewish; son; minority
1664,فیصلوں,plural,636,CLE Urdu top-5000 frequency list,ReadUrdu+word2word,False,False,True,,plural oblique of فَیصْلَہ (faisla — decision; judgment),trusts; word; woman; admire; decisions
1665,سنجیدہ,grave; serious,635,CLE Urdu top-5000 frequency list,Kaikki+ReadUrdu+word2word,True,True,True,"weighted; grave, serious, solemn","serious, grave",serious; Are; being; Beatrice; SERIOUS
1666,سینیٹ,senate,635,CLE Urdu top-5000 frequency list,ReadUrdu+word2word,False,False,True,,senate,Senate; expected; minute; way; hearing
1667,نفاذ,enforcement; promulgation,635,CLE Urdu top-5000 frequency list,Kaikki+ReadUrdu,True,False,False,enforcement; promulgation,"n. enforcement; promulgation | Platts: (inf. n. of نفذ 'to penetrate, pervade,' &c.)",
1668,نیک,good; virtuous; righteous; upright,635,CLE Urdu top-5000 frequency list,Kaikki+ReadUrdu+word2word,True,True,True,"good, virtuous, righteous, upright, pious, kind-hearted, mannerly","adj. good, virtuous, righteous, upright, pious, kind-hearted, mannerly | Platts: adj. corr. of P. nek, or",good; Thinking; deeds; abandoning; wilderness
1669,دربار,hall of royal audience; durbar; royal court; palace,634,CLE Urdu top-5000 frequency list,Kaikki+ReadUrdu,True,False,False,"hall of royal audience; durbar, royal court, palace; audience hall, court of a noble","n. durbar, royal court, palace; royal audience (prominent citizen's gathering to meet bureaucrats), court gathering; audience hall, court of a noble | Platts:",
1670,ناممکن,impossible,634,CLE Urdu top-5000 frequency list,Kaikki+ReadUrdu+word2word,True,True,True,impossible,impossible,impossible; Aim; done; Impossible; Mission
1671,استقبال,welcome; hail; reception,633,CLE Urdu top-5000 frequency list,Kaikki+ReadUrdu+word2word,True,True,True,"welcome, hail, reception","n. welcome, hail, reception | Platts:",welcome; WELCOME; reception; huge; Welcome
1672,سنگ,stone; weight,631,CLE Urdu top-5000 frequency list,Kaikki+ReadUrdu,True,False,False,stone; weight; intimacy,"n. stone; weight; association, union; company",
1673,وار,occasion; time; assault; attack,631,CLE Urdu top-5000 frequency list,Kaikki+ReadUrdu,True,False,False,"occasion, time; assault, attack; a day of the week","n. assault, attack; a day of the week; occasion, time | Platts:",jab; tell; Wise; Lucky; Thoreau
1674,مناظر,scenes,630,CLE Urdu top-5000 frequency list,Kaikki+word2word,False,True,False,views; scenes,plural of منظر (manzar):,no; more; there; scenes; fuss
1675,عقل,understanding,629,CLE Urdu top-5000 frequency list,Kaikki+word2word,False,True,False,"common sense; understanding, wisdom","intellect, reason",fathom; understanding; His; tired; Does
1676,اولین,foremost; very first; earliest,627,CLE Urdu top-5000 frequency list,Kaikki+ReadUrdu+word2word,True,True,True,"firstly; foremost, very first, earliest","adj. foremost, very first, earliest | Platts: (obl. pl. of awwal), adj. First, former, ancient; —",foremost; Let; second; captured; ve
1677,رام,Rama; a male given name; Ram or Rāma; from Sanskrit,627,CLE Urdu top-5000 frequency list,Kaikki+ReadUrdu,True,False,False,"God; Rama; a male given name, Ram or Rāma, from Sanskrit, of Hindu usage","name: Rama; a male given name, Ram or Rāma, from Sanskrit, of Hindu usage | Platts:",
1678,گردن,neck,626,CLE Urdu top-5000 frequency list,Kaikki+ReadUrdu+word2word,True,True,True,neck,n. neck | Platts: (gard,neck; nape; -Drop; Watch; titan
1679,جلوس,procession; sitting,625,CLE Urdu top-5000 frequency list,Kaikki+ReadUrdu,True,False,False,"procession, sitting","n. procession, sitting | Platts: (inf. n. of جلس)",
1680,ناراض,angry,623,CLE Urdu top-5000 frequency list,Kaikki+ReadUrdu+word2word,True,True,True,"upset, angry","displeased, disappointed; annoyed; angry; cross",consume; angry; resented; genius; rightfully
1681,عین,eye; spring; fountain; source,622,CLE Urdu top-5000 frequency list,Kaikki+ReadUrdu,True,False,False,"eye; spring, fountain, source, sight","n. eye; spring, fountain, source, sight | Platts:",intruder; path; right; now; an
1682,تنہا,alone; lonely,621,CLE Urdu top-5000 frequency list,Kaikki+ReadUrdu+word2word,True,True,True,only; alone; lonely,adj. alone; solitary; lonely,lonely; uninhabited; Alone; Sounds; cold
1683,دامن,hem of a garment,619,CLE Urdu top-5000 frequency list,Kaikki+ReadUrdu,True,False,False,"sail; outskirts, edges; foothills; hem of a garment; skirt, petticoat","hem of a garment; lap, refuge",
1684,شفقت,affection,619,CLE Urdu top-5000 frequency list,Kaikki+ReadUrdu,True,False,False,kindness; affection; compassion,"affection, tenderness",clemency; such; compassionate; spare; Will
1685,لڑکیاں,plural direct of لَڑْکی (laṛkī — girl),618,CLE Urdu top-5000 frequency list,ReadUrdu+word2word,False,False,True,,plural direct of لَڑْکی (laṛkī — girl),girls; dim-witted; How; are; No
1686,ناز,pride,618,CLE Urdu top-5000 frequency list,Kaikki+ReadUrdu,True,False,False,pride; whims; conceit,"coquetry, airs; pride",handy; Work; getting; these; on
1687,سیاستدان,politician,617,CLE Urdu top-5000 frequency list,Kaikki+ReadUrdu,True,False,False,politician,politician,
1688,نشر,spreading,617,CLE Urdu top-5000 frequency list,Kaikki+ReadUrdu,True,False,False,"reviving, vivifying, resuscitation; broadcasting, telecasting, transmission, publishing, publication; scattering, spreading, expanding, extending, diffusing, dispersing","(inf. n. of نشر 'to spread,' &c.)",networks; playing; major; including; underside
1689,واقف,aware of; knowing; conversant; informed,617,CLE Urdu top-5000 frequency list,Kaikki+ReadUrdu+word2word,True,True,True,"aware of, knowing, conversant, informed, sensible, experienced, learned","adj. aware of, knowing, conversant, informed, sensible, experienced, learned | Platts: (act. part. of وقف 'to stand (over); to be intent (on),' &c.), adj. Informed, acquainted (with); aware (of),…",familiar; aware; Enrique; bro; paths
1690,روپیہ,rupee,616,CLE Urdu top-5000 frequency list,Kaikki+ReadUrdu,True,False,False,cash; rupee; silver coin,rupee,
1691,بد,bad; bubo; evil,613,CLE Urdu top-5000 frequency list,Kaikki+ReadUrdu,True,False,False,bad; bubo; evil,"adj. bad; evil; wicked | n. bubo | Platts: adj. Bad, evil, wicked, vicious, corrupt, mischievous; inauspicious, unlucky: — bad aḵẖtar, adj. Ill-starred,…",curse; curiosity; unfortunate; lack; lovers
1692,حب,Hub (a city in Hub district; Balochistan; Pakistan),613,CLE Urdu top-5000 frequency list,Kaikki+ReadUrdu+word2word,True,True,True,"Hub (a city in Hub district, Balochistan, Pakistan)","name: Hub (a city in Hub district, Balochistan, Pakistan) | Platts: (fr. حبّ, see next)",labs; hub; hop; often; should
1693,درمیانی,middle; intermediate,613,CLE Urdu top-5000 frequency list,Kaikki+ReadUrdu+word2word,True,True,True,middle; intermediate,adj. middle; intermediate | Platts: (darmiyān+ī = S.,backward; Dan; Middle; trade; Wall
1694,کپڑا,cloth; garment,613,CLE Urdu top-5000 frequency list,Kaikki+ReadUrdu+word2word,True,True,True,cloth; garment,cloth; garment; clothing,some; cloth; quickly; get; me
1695,صالح,Saleh; Salih; virtuous; pious,612,CLE Urdu top-5000 frequency list,Kaikki+ReadUrdu,True,False,False,"Saleh, Salih; virtuous, pious, righteous; a male given name from Arabic","adj. virtuous, pious, righteous | name: Saleh, Salih; a male given name from Arabic | Platts: (act. part. of صلح 'to be good, or just,' &c.), adj. &",
1696,عمومی,general,610,CLE Urdu top-5000 frequency list,Kaikki+ReadUrdu,True,False,False,general,general,
1697,بولی,speech; language,609,CLE Urdu top-5000 frequency list,Kaikki+ReadUrdu,True,False,False,speech; language,n. speech; language | Platts:,naive; re; You; '; ?
1698,سالگرہ,birthday; anniversary,609,CLE Urdu top-5000 frequency list,Kaikki+ReadUrdu+word2word,True,True,True,birthday; anniversary,birthday (year of birth); anniversary,birthday; Happy; -Happy; Emily; basics
1699,شہزادہ,prince (a king's son,609,CLE Urdu top-5000 frequency list,Kaikki+ReadUrdu+word2word,True,True,True,"prince (a king's son, grandson or other male descendant)",prince,Prince; prince; Such; Walk; dispatches
1700,تسلسل,sequence,607,CLE Urdu top-5000 frequency list,ReadUrdu+word2word,False,False,True,,"s.m. Running down, flowing (water); being joined, adhering as the links of a chain; concatenation, sequence,…",sequence; automated; process; consistently; adjacent
1701,خالق,creator; an epithet for God,607,CLE Urdu top-5000 frequency list,Kaikki+ReadUrdu+word2word,True,True,True,"creator, an epithet for God","n. creator, an epithet for God | Platts: (act. part. n. of خلق 'to measure,' &c.)",Creator; Whirling; Himself; blades; blessed
1702,رقص,dance; dancing,606,CLE Urdu top-5000 frequency list,Kaikki+ReadUrdu+word2word,True,True,True,"dance, dancing","n. dance, dancing | Platts: (inf. n. of رقص 'to dance')",dance; dancing; danced; earned; slipped
1703,دہائی,a decade; unit of ten; tens; decade,604,CLE Urdu top-5000 frequency list,Kaikki+ReadUrdu+word2word,True,True,True,a decade; unit of ten; tens; decade; increments or multiplication of ten,n. a decade; unit of ten; tens; decade; increments or multiplication of ten | Platts:,decade; Osama; nearly; took; It
1704,عذاب,doom; torment,604,CLE Urdu top-5000 frequency list,Kaikki+ReadUrdu+word2word,True,True,True,doom; torment; torture,"torment, divine punishment",punishment; worse; uncomfortable; doom
1705,وضع,manner; mode; form; shape,602,CLE Urdu top-5000 frequency list,Kaikki+ReadUrdu,True,False,True,manner; mode; type; kind; form; shape; appearance,"n. making; devising; forming; invention; shape; appearance; manner; mode | Platts: (inf. n. of وضع 'to place,' &c.)",devising; strategy; Even; so; `
1706,کاغذ,paper; document,600,CLE Urdu top-5000 frequency list,Kaikki+ReadUrdu+word2word,True,True,True,"newspaper; epistle, letter; paper, document",paper,paper; read; Food; trash; document
1707,جامعہ,university,599,CLE Urdu top-5000 frequency list,Kaikki+ReadUrdu,True,False,False,university,university,
1708,خودکشی,suicide,599,CLE Urdu top-5000 frequency list,Kaikki+word2word,False,True,False,suicide,,suicides; suicide; continue; swear; body
1709,میزبان,host,599,CLE Urdu top-5000 frequency list,Kaikki+ReadUrdu+word2word,True,True,True,host; anchorperson,host,host; heavenly; angels; kills; Mom
1710,ٹائم,time,599,CLE Urdu top-5000 frequency list,ReadUrdu+word2word,False,False,True,,time,-Time; Showtime; timing; ain; while
1711,بتائیں,infinitive of بَتانا (batānā — to tell,597,CLE Urdu top-5000 frequency list,ReadUrdu+word2word,False,False,True,,"infinitive of بَتانا (batānā — to tell, to inform)",Tell; THAT; TELL; let; MOM
1712,مشین,machine,597,CLE Urdu top-5000 frequency list,Kaikki+ReadUrdu+word2word,True,True,True,machine,"n. machine | Platts: (pass. part. of شين 'to disgrace, or dishonour,' &c.), part.",machine; language; launch; mechanism; Looks
1713,باریک,thin; narrow; delicate,596,CLE Urdu top-5000 frequency list,Kaikki+ReadUrdu,True,False,False,thin; narrow; delicate,"adj. narrow; thin; delicate | Platts: adj. Fine, thin, slender, slight, slim, delicate; minute, nice, subtle; shrill, high (note, &c.): — bārīk…",
1714,مظاہرین,protesters,596,CLE Urdu top-5000 frequency list,Kaikki+ReadUrdu,True,False,False,protesters,protesters,
1715,کلی,a gargle; bud (of a flower); a mouthful of any liquid,594,CLE Urdu top-5000 frequency list,Kaikki+ReadUrdu,True,False,False,a gargle; bud (of a flower); a mouthful of any liquid,n. bud (of a flower); a mouthful of any liquid; a gargle | Platts:,
1716,جرگہ,jirga; council,593,CLE Urdu top-5000 frequency list,Kaikki+ReadUrdu,True,False,False,jirga; council,n. jirga; council | Platts:,
1717,ملکہ,queen,591,CLE Urdu top-5000 frequency list,Kaikki+ReadUrdu+word2word,True,True,True,queen,queen,Queen; Victoria; accent; Her; queens
1718,مضر,hurtful; harmful; injurious,589,CLE Urdu top-5000 frequency list,Kaikki+ReadUrdu,True,False,False,"hurtful, harmful, injurious","n. hurtful, harmful, injurious | Platts: (act. part. of اضرّ, iv of (and syn. with) ضرّ 'to harm, injure,' &c.)",
1719,پاسپورٹ,passport,586,CLE Urdu top-5000 frequency list,Kaikki+ReadUrdu+word2word,True,True,True,passport,passport,passport; cannot; tourist; friendly; everywhere
1720,انسداد,eradication; prevention; hindrance; closure,585,CLE Urdu top-5000 frequency list,Kaikki+ReadUrdu,True,False,False,"eradication, prevention, hindrance; closure, blockage, obstruction, shutting off","n. eradication, prevention, hindrance; closure, blockage, obstruction, shutting off | Platts:",counter-cyber; outside; working; Meade; d
1721,روسی,Russian,580,CLE Urdu top-5000 frequency list,Kaikki+ReadUrdu+word2word,True,True,True,Russian,Russian,Russian; caviar; Aeroflot; Been; adrenaline
1722,انگریز,British; white person; Englishman; a Brit,579,CLE Urdu top-5000 frequency list,Kaikki+ReadUrdu,True,False,False,British; white person; Englishman; a Brit,n. Englishman; a Brit; the British; white person,
1723,سینیٹر,senator,579,CLE Urdu top-5000 frequency list,Kaikki+ReadUrdu+word2word,True,True,True,senator,senator,Senator; groveling; s-His-Name; committees; oldest
1724,بیدار,conscious; enlightened; awake; wakeful (not asleep),578,CLE Urdu top-5000 frequency list,Kaikki+ReadUrdu,True,False,False,"conscious, enlightened; awake, wakeful (not asleep); attentive, alert, vigilant, watchful","adj. conscious, enlightened; awake, wakeful (not asleep); attentive, alert, vigilant, watchful | Platts: adj. Awake, wakeful, sleepless; watching, watchful, vigilant, alert: — bedār-baḵẖt, adj. Fortunate: —…",
1725,صد,hundred,577,CLE Urdu top-5000 frequency list,Kaikki+ReadUrdu,True,False,False,hundred,num. hundred | Platts:,%; 100; 0; OPSEC; convinces
1726,آم,mango; rawness,576,CLE Urdu top-5000 frequency list,Kaikki+ReadUrdu+word2word,True,True,True,mango; rawness; undressed,n. mango; rawness,attract; troubles; rotting; mango; flies
1727,عرف,alias; pen name; nickname; byname,576,CLE Urdu top-5000 frequency list,Kaikki+ReadUrdu,True,False,False,"alias, pen name, nickname, byname","alias, pen name, nickname, byname",
1728,ابتدا,beginning,575,CLE Urdu top-5000 frequency list,Kaikki+ReadUrdu,True,False,False,"initiation, threshold, beginning, commencement, inception, inchoation, start, genesis, rudiment","beginning, origin",
1729,خاک,dirt,575,CLE Urdu top-5000 frequency list,Kaikki+ReadUrdu,True,False,False,ash; dirt; dust,n. earth; soil; dirt | Platts: (cf. S.,
1730,ضبط,control; composure; seized; confiscated,575,CLE Urdu top-5000 frequency list,Kaikki+ReadUrdu,True,False,False,"control, composure; seized, confiscated; seizing, confiscation","adj. seized, confiscated | n. seizing, confiscation; control, composure | Platts: (inf. n. of ضبط 'to keep, preserve'; 'to withhold, restrain,' &c.)",seize; confiscate; discipline; drugs; supposed
1731,عنوان,title,575,CLE Urdu top-5000 frequency list,ReadUrdu+word2word,False,False,True,topic; preface; introduction,"title, heading",title; Solutions; Consultant; My; official
1732,غائب,absent; future; hidden,575,CLE Urdu top-5000 frequency list,Kaikki+ReadUrdu,True,False,True,absent; future; hidden,"adj. hidden; vanished; concealed | n. something hidden; future; God (the Invisible) | Platts: (act. part. of غيب 'to be or become absent,' &c.), adj. Absent; hidden, concealed, unapparant, invisible;…",disappear; disappeared; vanished; Seemed; Disappeared
1733,ہموار,flat; smooth; even,574,CLE Urdu top-5000 frequency list,Kaikki+ReadUrdu,True,False,False,"flat, smooth, even","adj. flat, smooth, even | Platts: (ham+wār, q",Smoother; There; more; in; s
1734,آدم,man; Adam,573,CLE Urdu top-5000 frequency list,Kaikki+ReadUrdu,True,False,False,man; Adam,"n. man | name: Adam; a male given name, Adam | Platts:",baffled; primitive; Great; has; always
1735,پہاڑ,mountain,573,CLE Urdu top-5000 frequency list,Kaikki+ReadUrdu+word2word,True,True,True,mountain,mountain,mountain; cliff; ON; stone; CEMENT
1736,دائرہ,extent; reach; circle; ring,573,CLE Urdu top-5000 frequency list,Kaikki+ReadUrdu+word2word,True,True,True,"extent, reach; circle, ring, orbit; circumference, limit","n. circumference, limit; extent, reach; circle, ring, orbit | Platts: (for A. دائرة, fr. dāʼir",circle; Circles; Circle; upon; expanding
1737,کرن,the ear,573,CLE Urdu top-5000 frequency list,Kaikki+ReadUrdu,True,False,True,"the ear; making, doing; causing; producing","n. ray, beam (of light, of the sun or moon etc.); tasselled lace (of silver, gold etc.); the ear | Platts:",RAY; THIS; IS
1738,آفت,calamity; disaster,572,CLE Urdu top-5000 frequency list,Kaikki+ReadUrdu+word2word,True,True,True,"suffering; calamity, disaster; din, uproar, noise","calamity, disaster",disaster; hurl; thunderbolts; gods; There
1739,بیچ,middle; center,571,CLE Urdu top-5000 frequency list,Kaikki+ReadUrdu,True,False,False,"in the midst; middle, center","n. middle, center",sold; Africa; discovered; autopsy; sell
1740,قلب,heart (the seat of emotions),570,CLE Urdu top-5000 frequency list,Kaikki+ReadUrdu,True,False,False,heart (the seat of emotions),"n. heart (the seat of emotions) | Platts: (inf. n. of قلب 'to invert, turn over or upside down,' &c.)",
1741,مسلمہ,unanimous (recognised or accepted by all),570,CLE Urdu top-5000 frequency list,Kaikki+ReadUrdu,True,False,False,unanimous (recognised or accepted by all),unanimous (recognised or accepted by all),
1742,منسوخ,cancelled; abolished; annulled; repealed,569,CLE Urdu top-5000 frequency list,Kaikki+ReadUrdu,True,False,False,"cancelled, abolished, annulled, repealed, abrogated, erased","adj. cancelled, abolished, annulled, repealed, abrogated, erased | Platts: (pass. part. of نسخ 'to cancel,' &c.), part. Cancelled, abolished, abrogated, annulled, repealed; effaced,…",Latin; en; flights; route; artillery
1743,عوض,(inf. n. of عوض 'to give (one) a substitute,568,CLE Urdu top-5000 frequency list,ReadUrdu+word2word,False,False,True,,"(inf. n. of عوض 'to give (one) a substitute,' &c.)",Please; mil; table; trade; gives
1744,لیموں,lemon; lime (fruit; tree),568,CLE Urdu top-5000 frequency list,Kaikki+ReadUrdu,True,False,False,"lemon, lime (fruit, tree)","lemon, lime (fruit, tree)",
1745,ہفتوں,“week,567,CLE Urdu top-5000 frequency list,ReadUrdu+word2word,False,False,True,,"oblique plural of ہَفْتَہ (hafta, “week; Saturday”)",weeks; Best; drop; given; count
1746,سترہ,seventeen,566,CLE Urdu top-5000 frequency list,Kaikki+ReadUrdu+word2word,True,True,True,seventeen,num. seventeen | Platts:,SIGNALS; SEVENTEEN; MONITORS; VE; GOT
1747,لانا,to bring,565,CLE Urdu top-5000 frequency list,Kaikki+ReadUrdu,True,False,False,to bring,v. to bring | Platts: (,HASSASINS; LAIR; found; brought; He
1748,سیلاب,flood; torrent; deluge; inundation,564,CLE Urdu top-5000 frequency list,Kaikki+ReadUrdu+word2word,True,True,True,"flood, torrent, deluge, inundation","n. flood, torrent, deluge, inundation | Platts:",flood; Down; plain; came; It
1749,عنصر,element; essence; component; part,564,CLE Urdu top-5000 frequency list,Kaikki+ReadUrdu+word2word,True,True,True,"element, essence; element, component, part","n. element, essence; element, component, part | Platts:",encloses; toxic; surroundings; element; confront
1750,ٹیچر,teacher,564,CLE Urdu top-5000 frequency list,Kaikki+ReadUrdu+word2word,True,True,True,teacher,teacher,teacher; Philly; school; auditorium; watch
1751,طبیعت,nature; intrinsic quality,563,CLE Urdu top-5000 frequency list,Kaikki+ReadUrdu,True,False,False,"habit; choice; nature, intrinsic quality","n. temperament, mind, disposition, mood, character, behavior; health, condition, state, constitution; nature, intrinsic quality | Platts: (for A. طبيعة, v.n. fr. طبع 'to stamp, impress,' &c.)",
1752,پرورش,nurture; upbringing,562,CLE Urdu top-5000 frequency list,Kaikki+ReadUrdu,True,False,False,"fostering; compassion; nurture, upbringing","upbringing, nurture",Growing; toughest; wanted; up; kid
1753,لکیر,line,562,CLE Urdu top-5000 frequency list,Kaikki+ReadUrdu+word2word,True,True,True,line,"n. line, boundary; line | Platts:",line; such; DRAW; BOTTOM; LINE
1754,شریعت,shari'a; divine law,561,CLE Urdu top-5000 frequency list,Kaikki+ReadUrdu,True,False,False,shari'a; threshold; divine law,"n. shari'a; divine law; justice; law; ordinance | Platts: (for A. شريعة, v.n. fr. شرع 'to make apparent,' &c.)",
1755,روزنامہ,newspaper,560,CLE Urdu top-5000 frequency list,Kaikki+ReadUrdu,True,False,False,newspaper,newspaper,
1756,انکشاف,discovery; revelation (ie. something concealed being revealed),559,CLE Urdu top-5000 frequency list,Kaikki+ReadUrdu,True,False,False,discovery; revelation (ie. something concealed being revealed),n. discovery; revelation (ie. something concealed being revealed) | Platts:,
1757,مانگ,demand; ask; beg; ask (hand in marriage of a girl),557,CLE Urdu top-5000 frequency list,Kaikki+ReadUrdu,True,False,False,"demand; ask, beg; ask (hand in marriage of a girl)","n. demand; ask, beg; ask (hand in marriage of a girl) | Platts:",
1758,وفاق,federal; federation; unanimity; harmony,557,CLE Urdu top-5000 frequency list,Kaikki+ReadUrdu,True,False,False,"federal, federation; unanimity, harmony, agreement","n. federal, federation; unanimity, harmony, agreement | Platts: (inf. n. of وَافَقَ 'to agree with,' &c., iii of وَفِقَ; see wafq)",
1759,ملکیت,possession; ownership; property,556,CLE Urdu top-5000 frequency list,Kaikki+ReadUrdu+word2word,True,True,True,possession; ownership; property,"n. ownership; property; possession | Platts: (for A. ملکية, abst. s. fr. milkī)",bad; possession; strike; enduringly; indebted
1760,مشاورت,counseling,555,CLE Urdu top-5000 frequency list,Kaikki+ReadUrdu,True,False,False,counseling,"n. counseling | Platts: (for A. مشاورة, inf. n. of شاور 'to consult with,' iii of شار (for شور) 'to exhibit or display' (a thing)),…",convened; council; has; war; Prince
1761,بندوبست,arrangement,554,CLE Urdu top-5000 frequency list,Kaikki+ReadUrdu+word2word,True,True,True,arrangement,arrangement,arranged; arrange; someone; Grandma; take
1762,تعبیر,interpretation; elucidation (of a dream),554,CLE Urdu top-5000 frequency list,Kaikki+ReadUrdu,True,False,False,"interpretation, elucidation (of a dream); explanation; putting a new construction (on words)",interpretation (esp. of dreams); realization,
1763,آلو,potato; plum; prune; having a fat body,553,CLE Urdu top-5000 frequency list,Kaikki+ReadUrdu+word2word,True,True,True,"potato; plum, prune; having a fat body, plump, clumsy","n. potato; having a fat body, plump, clumsy; plum, prune | Platts:",potatoes; yeah; brain; add; alone
1764,چور,thief; ulcer; an untrustable; evil person,553,CLE Urdu top-5000 frequency list,Kaikki+ReadUrdu+word2word,True,True,True,thief; ulcer; an untrustable; evil person,n. thief; an untrustable; evil person; ulcer | Platts:,thief; Thief; backdoors; With; thieves
1765,حاضری,audience; breakfast,553,CLE Urdu top-5000 frequency list,Kaikki+ReadUrdu,True,False,False,audience; breakfast; food offer,"n. presence, attendance, appearance; breakfast; audience | Platts:",
1766,پیروی,pleading; recommendation; pursuit; following,551,CLE Urdu top-5000 frequency list,Kaikki+ReadUrdu+word2word,True,True,True,"pleading; recommendation; pursuit, following, devotion, obedience","pleading; recommendation; pursuit, following, devotion, obedience",follow; followed; Or; FOLLOW; ROUTE
1767,پرانا,ancient; long-standing; old; old (ie. of an earlier time,549,CLE Urdu top-5000 frequency list,Kaikki+ReadUrdu+word2word,True,True,True,"ancient; long-standing, old; old (ie. of an earlier time, in the past)","adj. old (ie. of an earlier time, in the past); ancient; long-standing, old | Platts: v.n. To run, to flee",old; Old; an; Road; times
1768,ماہانہ,monthly,549,CLE Urdu top-5000 frequency list,Kaikki+ReadUrdu+word2word,True,True,True,monthly,monthly,affects; monthly; turns; into; how
1769,مقبولیت,orthodoxy; popularity; agreeableness; acceptableness,549,CLE Urdu top-5000 frequency list,Kaikki+ReadUrdu,True,False,False,"orthodoxy; popularity; agreeableness, acceptableness","n. popularity; agreeableness, acceptableness; orthodoxy | Platts: (for A. مقبول+يّة īyat, aff. of abst. s.)",
1770,خیموں,plural,547,CLE Urdu top-5000 frequency list,ReadUrdu+word2word,False,False,True,,plural oblique of خَیمَہ (xaima — tent),bandages; tents; tanks; `; bullets
1771,کمزوری,weakness,547,CLE Urdu top-5000 frequency list,Kaikki+ReadUrdu+word2word,True,True,True,weakness,weakness,intimate; weakness; Something; Marvin; hurts
1772,منع,prohibited; forbidden; not allowed,546,CLE Urdu top-5000 frequency list,Kaikki+ReadUrdu,True,False,False,"prohibited, forbidden, not allowed","adj. prohibited, forbidden, not allowed | Platts: (inf. n. of منع 'to forbid,' &c.)",worked; restricted; how; Sometimes; telling
1773,رنگت,complexion; skin color,545,CLE Urdu top-5000 frequency list,Kaikki+ReadUrdu,True,False,False,complexion; skin color,n. complexion; skin color | Platts:,
1774,فرانسیسی,French,545,CLE Urdu top-5000 frequency list,Kaikki+ReadUrdu+word2word,True,True,True,French,French,French; trading; semesters; cuter; switched
1775,ہلکا,mild; light; soft; delicate,544,CLE Urdu top-5000 frequency list,Kaikki+ReadUrdu+word2word,True,True,True,"mild; easy, light; soft, delicate","adj. light, weightless; mild; soft, delicate | Platts: adj. (f. -ī), Light (in weight, or in character, or in colour, &c.); unimportant, of no consequence, of…",lighter; Couldn; Light; somebody; found
1776,تبصرہ,criticism; review; comment,543,CLE Urdu top-5000 frequency list,Kaikki+ReadUrdu,True,False,False,"criticism; review, comment","review, comment; criticism",Offended; remark; naturally; by; hacker
1777,سرزمین,Earth; land; soil; country,542,CLE Urdu top-5000 frequency list,Kaikki+ReadUrdu+word2word,True,True,True,"Earth; land, soil; country, territory, homeland","land, soil; Earth; country, territory, homeland",land; legend; arriving; flight; soil
1778,تمہارا,grammatically plural: yours; Early Modern English yours; grammatically plural: your; Early Modern English your,541,CLE Urdu top-5000 frequency list,Kaikki+word2word,False,True,False,"second-person possessive pronoun, grammatically plural: yours; Early Modern English yours; second-person possessive determiner, grammatically plural: your; Early Modern English your",,yours; travel; mine; brother; job
1779,بیل,creeper; progeny,539,CLE Urdu top-5000 frequency list,Kaikki+ReadUrdu,True,False,False,creeper; progeny,n. creeper; progeny | Platts:,cow; Tinker; Bell; boots; Nice
1780,دست,hand; diarrhoea; power; authority,539,CLE Urdu top-5000 frequency list,Kaikki+ReadUrdu,True,False,False,"hand; diarrhoea; power, authority","n. hand; power, authority; diarrhoea | Platts:",
1781,ڈبل,double,539,CLE Urdu top-5000 frequency list,ReadUrdu+word2word,False,False,True,,double,double; Double; WE; DOUBLE; TIE-IN
1782,احتساب,accountability,538,CLE Urdu top-5000 frequency list,Kaikki+ReadUrdu,True,False,False,accountability,n. accountability | Platts:,accountable; hold; able; founded; being
1783,انڈے,“egg”):,538,CLE Urdu top-5000 frequency list,ReadUrdu+word2word,False,False,True,direct plural; oblique/vocative singular,"inflection of اَنْڈا (anḍā, “egg”):",egg; Stop; lays; eggs; hen
1784,کیف,Kyiv (the capital city of Ukraine),538,CLE Urdu top-5000 frequency list,Kaikki+ReadUrdu,True,False,False,Kyiv (the capital city of Ukraine),"name: Kyiv (the capital city of Ukraine) | Platts: (acc. of kaifuṉ, inf. n. of کيف 'to cut,' &c.)",
1785,یادگار,monument; souvenir,538,CLE Urdu top-5000 frequency list,Kaikki+word2word,False,True,True,"remembrance; memoir, monument; keepsake, souvenir","memorial, memorable",souvenir; YOU; monument; memorable; SEEK
1786,پیاز,leek; onion,537,CLE Urdu top-5000 frequency list,Kaikki+ReadUrdu,True,False,False,leek; onion,n. onion; leek | Platts:,
1787,لڑ,infinitive of لَڑْنا (laṛnā — to fight,536,CLE Urdu top-5000 frequency list,ReadUrdu+word2word,False,False,True,,"infinitive of لَڑْنا (laṛnā — to fight, combat; battle)",fighting; possessed; -Like; fight; Mad
1788,بتائے,plural masculine of بَتانا (batānā — to tell,535,CLE Urdu top-5000 frequency list,ReadUrdu+word2word,False,False,True,,"plural masculine of بَتانا (batānā — to tell, to inform)",tell; innocent; metres; smuggling; Take
1789,عادی,normal,535,CLE Urdu top-5000 frequency list,Kaikki+ReadUrdu,True,False,False,usual; common; normal,adj. normal; habitual; customary | Platts: (rel. n. fr. ʻādat,junkie; thief; everybody; Just; not
1790,معذور,helpless; disabled; handicapped,535,CLE Urdu top-5000 frequency list,Kaikki+ReadUrdu,True,False,False,"deprived; helpless; disabled, handicapped","adj. disabled, handicapped; excused, excusable, exempt; helpless | Platts: (pass. part. of عذر 'to excuse'), part. adj. Excused; — excusable; — exempted (from); — dispensed with; —…",Listen; crippled; Crippled; lepers; Like
1791,باد,air; wind; breeze,534,CLE Urdu top-5000 frequency list,Kaikki+ReadUrdu,True,False,False,air; wind; breeze; gale,"s.f. Wind, air, breeze: — bād-bān",regiment; Send; half; later; side
1792,خاموشی,silence,533,CLE Urdu top-5000 frequency list,Kaikki+ReadUrdu+word2word,True,True,True,silence,silence,Observe; silence; sentries; silently; remain
1793,پہاڑوں,plural,532,CLE Urdu top-5000 frequency list,ReadUrdu+word2word,False,False,True,,plural oblique of پَہاڑ (pahāṛ — mountain),MOUNTAINS; mountains; CAUCASUS; AZERBAIJAN; lake
1794,جلال,glory,532,CLE Urdu top-5000 frequency list,ReadUrdu+word2word,False,False,True,,"majesty, glory, wrath",glory; give; him; And; #
1795,دستور,constitution,532,CLE Urdu top-5000 frequency list,Kaikki+ReadUrdu,True,False,False,"dastur; constitution; command, order","custom, convention; constitution",shortly; breakfast; wont; after; one
1796,بالآخر,at last; finally,531,CLE Urdu top-5000 frequency list,Kaikki+ReadUrdu+word2word,True,True,True,"at last, finally; ultimately, consequently","finally, at last",finally; felt; anxiety; letting; elusive
1797,جائیداد,property,531,CLE Urdu top-5000 frequency list,ReadUrdu+word2word,False,False,True,,"property, estate",onto; property; S.T.A.R; PROPERTY; TEST
1798,سیرت,biography; life history; character; conduct,531,CLE Urdu top-5000 frequency list,Kaikki+ReadUrdu,True,False,False,"biography, life history; character, conduct, disposition, morals, nature","n. character, conduct, disposition, morals, nature; biography, life history | Platts: (for A. سيرة, v.n. fr. سير 'to go,' &c.; see sair)",
1799,لائبریری,library,531,CLE Urdu top-5000 frequency list,Kaikki+ReadUrdu+word2word,True,True,True,library,library,Library; library; demands; wisdom; destroyed
1800,ڈاکو,bandit; thug; robber,531,CLE Urdu top-5000 frequency list,Kaikki+ReadUrdu+word2word,True,True,True,"bandit, thug, robber","bandit, thug, robber",bandit; consider; too; If; see
1801,اطراف,vicinity,530,CLE Urdu top-5000 frequency list,Kaikki+ReadUrdu,True,False,False,vicinity,n. plural of طرف (taraf); vicinity | Platts:,sides; God; takes
1802,حمل,transport; bearing,530,CLE Urdu top-5000 frequency list,Kaikki+ReadUrdu+word2word,True,True,False,"Aries; pregnancy; transport, carriage, bearing","(inf. n. of حمل 'to bear or carry,' &c.)",transport; transporting; holdin; vehicle; What
1803,کثرت,plenty; excess,530,CLE Urdu top-5000 frequency list,Kaikki+ReadUrdu,True,False,False,"plenty, excess","n. plenty, excess | Platts: (for A. کثرة, inf. n. of کثر 'to be numerous,' &c.)",often; Blithe; frequently; humming; becoming
1804,اہلیہ,wife; spouse,528,CLE Urdu top-5000 frequency list,Kaikki+ReadUrdu,True,False,False,"wife, spouse","n. wife, spouse | Platts: (for A. اهلية, fr. ahlī)",
1805,شمال,north,528,CLE Urdu top-5000 frequency list,Kaikki+ReadUrdu+word2word,True,True,True,north,north,north; blackouts; reports; total; getting
1806,فاصلہ,space; distance; interval,528,CLE Urdu top-5000 frequency list,Kaikki+ReadUrdu+word2word,True,True,True,space; distance; interval,"n. distance; interval; space | Platts: (for A. فاصلة, fem. of fāṣil, act. part. of فصل 'to separate,' &c.)",distance; same; close; perimeter; center
1807,شمس,sun,527,CLE Urdu top-5000 frequency list,Kaikki+ReadUrdu,True,False,False,sun,n. sun | Platts:,heliocentric; model; A; That; right
1808,فراز,summit; top,527,CLE Urdu top-5000 frequency list,Kaikki+ReadUrdu,True,False,False,"summit, top; above, upwards; high, lofty, elevated","name: a male given name, Faraz | n. height, elevation, ascendancy, ascent; summit, top",Faraj; Farij; Fuzzy; south; happens
1809,متفق,(act. part. of اتفّق 'to agree,526,CLE Urdu top-5000 frequency list,ReadUrdu+word2word,False,False,True,,"(act. part. of اتفّق 'to agree,' &c., viii of وفق 'to find (a thing) convenient,' &c.), part.",agree; important; everything; anything; Basically
1810,مذاق,fun; joke,526,CLE Urdu top-5000 frequency list,Kaikki+ReadUrdu+word2word,True,True,True,"fun, joke","n. fun, joke | Platts: (inf. n., and also n. of place, fr. ذاق (for ذوق) 'to taste,' &c.)",fun; kidding; joke; HA; KIDDING
1811,منی,semen; jewel; gem,525,CLE Urdu top-5000 frequency list,Kaikki+ReadUrdu,True,False,False,"semen; jewel, gem","n. semen; jewel, gem | Platts:",minivan; type; seem; don; like
1812,ہوش,consciousness,525,CLE Urdu top-5000 frequency list,Kaikki+ReadUrdu+word2word,True,True,True,"consciousness, awareness","senses, consciousness",blacked; regained; consciousness; conscious; Martin
1813,کامل,saint; expert; master,524,CLE Urdu top-5000 frequency list,Kaikki+ReadUrdu,True,False,True,saint; expert; master,"adj. perfect; complete, full | n. expert; saint; master | Platts: (act. part. of کمل 'to be complete,' &c.; see kamāl), adj. &",perfect; Perfect; child; PERFECT; Missed
1814,ثواب,reward,523,CLE Urdu top-5000 frequency list,Kaikki+ReadUrdu,True,False,False,"good deed; requital, reward","religious merit, reward for virtue",back; give; work; like; Well
1815,قائل,acknowledging; agreeing; consenting,520,CLE Urdu top-5000 frequency list,Kaikki+ReadUrdu,True,False,False,"acknowledging, agreeing, consenting","n. acknowledging, agreeing, consenting | Platts: (act. part. of قول 'to say; to speak,' &c.), part.",convince; persuaded; maybe; steal; To
1816,کور,blind; splinter,520,CLE Urdu top-5000 frequency list,Kaikki+ReadUrdu,True,False,False,blind; crore; splinter,"adj. blind; cruel, harsh, vile, inauspicious; hurt, wounded | n. point, tip; side, edge; splinter | Platts:",Corps; core; Cover; covers; Know
1817,پرندوں,“bird”),519,CLE Urdu top-5000 frequency list,ReadUrdu+word2word,False,False,True,,"oblique plural of پَرِنْدَہ (parinda, “bird”)",birds; sweetly; singing; bird; weirdo
1818,جرمانہ,a fine; penalty (monetary or otherwise),519,CLE Urdu top-5000 frequency list,Kaikki+ReadUrdu,True,False,False,a fine; penalty (monetary or otherwise),n. a fine; penalty (monetary or otherwise) | Platts: (A. jurm+P. āna),
1819,دادا,n. paternal grandfather,519,CLE Urdu top-5000 frequency list,ReadUrdu+word2word,False,False,True,a dad; Guru; master; elder brother,n. paternal grandfather; respectful address for an older / elderly man; a man who has raised or fostered a child like his own | Platts:,grandfather; fathers; sons; bury; peace
1820,فیکٹری,factory,518,CLE Urdu top-5000 frequency list,ReadUrdu+word2word,False,False,True,,factory,factory; Automated; -l; cyber-attacks; nuclear
1821,کہانیاں,plural direct of کَہانی (kahānī — story,518,CLE Urdu top-5000 frequency list,ReadUrdu+word2word,False,False,True,,"plural direct of کَہانی (kahānī — story, tale)",stories; VFW; Heresies; pagan; madness
1822,ویڈیو,video,518,CLE Urdu top-5000 frequency list,ReadUrdu+word2word,False,False,True,,video,video; ransom; Video; make; hang
1823,مان,honor,517,CLE Urdu top-5000 frequency list,Kaikki+ReadUrdu,True,False,False,like; rule; honor,n. conceit; arrogance; honor,listened; should; Davus; persuasive; distance
1824,حریت,liberation; independence; emancipation; freedom,516,CLE Urdu top-5000 frequency list,Kaikki+ReadUrdu,True,False,False,"liberation, independence; emancipation, freedom, liberty","emancipation, freedom, liberty; liberation, independence",
1825,ساخت,form; fashion; figure; shape,516,CLE Urdu top-5000 frequency list,Kaikki+ReadUrdu,True,False,False,"form, fashion, figure, shape; making, make, construction, structure, formation","n. making, make, construction, structure, formation; form, fashion, figure, shape | Platts:",
1826,گردش,rotation; revolution; circulation,516,CLE Urdu top-5000 frequency list,Kaikki+ReadUrdu+word2word,True,True,True,rotation; revolution; circulation,n. rotation; revolution; circulation | Platts: (see gard),rotation; spar; Augusto; circulating; throw
1827,سست,slow; sluggish; lazy; leisurely,515,CLE Urdu top-5000 frequency list,Kaikki+ReadUrdu+word2word,True,True,True,"slow, sluggish; lazy, leisurely, idle; relaxed, negligent, lethargic","adj. slow, sluggish; lazy, leisurely, idle; relaxed, negligent, lethargic | Platts: ( = S.",slow; Too; Slow; Retard; slower
1828,مفت,free of charge,515,CLE Urdu top-5000 frequency list,Kaikki+ReadUrdu+word2word,True,True,True,free of charge,adj. free of charge | Platts: adj. &,free; Payless; Shoes; Free; Joe
1829,آتش,anger; rage; fire; flame,514,CLE Urdu top-5000 frequency list,Kaikki+ReadUrdu,True,False,False,"anger; rage; fire; flame; passion, zeal","n. fire; flame; anger; rage; passion, zeal | Platts:",fireworks; fusion; hates; Nice; center
1830,الف,name of the first letter of the Urdu alphabet; alif,513,CLE Urdu top-5000 frequency list,Kaikki+ReadUrdu+word2word,True,True,True,name of the first letter of the Urdu alphabet; alif,n. name of the first letter of the Urdu alphabet; alif | Platts:,robots; breath; first; waste; thing
1831,کہوں,subjunctive of کَہْنا (kahnā — to say),512,CLE Urdu top-5000 frequency list,ReadUrdu+word2word,False,False,True,,subjunctive of کَہْنا (kahnā — to say),might; say; confirmation; Hey; afraid
1832,موسی,Moses; a male given name from Arabic,511,CLE Urdu top-5000 frequency list,Kaikki+ReadUrdu,True,False,False,Moses; a male given name from Arabic,name: Moses; a male given name from Arabic | Platts:,leagues; mossy; knoll; thickets; due
1833,گز,a yard measure,510,CLE Urdu top-5000 frequency list,ReadUrdu+word2word,False,False,True,,"s.m. An iron bar; a ramrod, a rammer; bow (of a fiddle); — an instrument for measuring with; a yard measure;…",yards; twenty; within; stand; Underdog
1834,سٹار,star,508,CLE Urdu top-5000 frequency list,ReadUrdu+word2word,False,False,True,,"star, celebrity",Star; star; Death; holes; sixty-nine
1835,سفارش,recommendation; endorsement,507,CLE Urdu top-5000 frequency list,Kaikki+ReadUrdu+word2word,True,True,True,"recommendation, endorsement","n. recommendation, endorsement | Platts:",recommendation; recommend; balconies; asked; standing
1836,قلعہ,fort; fortress,507,CLE Urdu top-5000 frequency list,Kaikki+ReadUrdu+word2word,True,True,False,"castle (rook); fort, fortress, castle; a type of firework which has firecrackers",fort,fortress; mean; This; place; like
1837,چراغ,lamp,506,CLE Urdu top-5000 frequency list,Kaikki+ReadUrdu,True,False,False,lamp; light,lamp,
1838,کمر,a sheath; waist; loin; girdle,504,CLE Urdu top-5000 frequency list,Kaikki+ReadUrdu,True,False,False,a sheath; waist; loin; girdle; sash,n. waist; loin; girdle; sash; a sheath | Platts:,Watch; gearing; potato; basically; big
1839,اعمال,Actions; deeds,502,CLE Urdu top-5000 frequency list,ReadUrdu+word2word,False,False,True,,"s.m. pl. (of عمل ʻamal), Actions, acts, deeds, doings: — aʻmāl-nāma, s.m. Register of one's doings or…",actions; regret; deeds; With; respect
1840,سائز,size,502,CLE Urdu top-5000 frequency list,Kaikki+ReadUrdu+word2word,True,True,True,size,size,size; color; EQUIVALENT; ATOM; BOMBS
1841,گانا,song; to sing,502,CLE Urdu top-5000 frequency list,Kaikki+ReadUrdu+word2word,True,True,True,song; to sing,"n. song | v. to sing | Platts: v.t. and n. To sing, chant, to celebrate; to sing the praises of, to laud; — to relate, describe…",sweetly; singing; ye; bubble; sing
1842,لہر,wave,502,CLE Urdu top-5000 frequency list,ReadUrdu+word2word,False,False,True,,wave,Crime; wave; Gotham; in
1843,ہڈی,bone,501,CLE Urdu top-5000 frequency list,Kaikki+ReadUrdu+word2word,True,True,True,bone,bone,bone; Then; throw; SPINE; UP
1844,جموں,Jammu (a region of Jammu and Kashmir; India); Jammu (a city; the winter capital of Jammu and Kashmir,500,CLE Urdu top-5000 frequency list,Kaikki+ReadUrdu,True,False,False,"Jammu (a region of Jammu and Kashmir, India); Jammu (a city, the winter capital of Jammu and Kashmir, India)","Jammu (a city, the winter capital of Jammu and Kashmir, India); Jammu (a region of Jammu and Kashmir, India)",
1845,چوبیس,twenty-four,499,CLE Urdu top-5000 frequency list,Kaikki+ReadUrdu+word2word,True,True,True,twenty-four,num. twenty-four | Platts:,2.6; LAST; TWENTY-FOUR; HOURS; 2.0
1846,برتن,crockery; dinnerware; tableware; any vessel used for eating,498,CLE Urdu top-5000 frequency list,Kaikki+ReadUrdu,True,False,False,"crockery, dinnerware, tableware; any vessel used for eating","n. crockery, dinnerware, tableware; any vessel used for eating | Platts:",pot; coffee; stinging; Into; Is
1847,مکان,house; space,498,CLE Urdu top-5000 frequency list,Kaikki+ReadUrdu,True,False,False,house; space,"n. house; space | Platts: (n. of place fr. کان (for کون) 'to be, exist; remain,' &c.)",Basically; agree; with; we; you
1848,رحم,mercy,496,CLE Urdu top-5000 frequency list,ReadUrdu+word2word,False,False,True,,"mercy, compassion",mercy; pity; high; Misery; predecessors
1849,بدترین,worst,494,CLE Urdu top-5000 frequency list,ReadUrdu+word2word,False,False,True,,worst,worst; essence; rebellious; defiant; uncontrollable
1850,وقفہ,space; gap; semicolon ؛; interval,494,CLE Urdu top-5000 frequency list,Kaikki+ReadUrdu,True,False,False,"space, gap; semicolon ؛; interval, pause, intermission","n. space, gap; interval, pause, intermission; semicolon ؛ | Platts: (for A. وقفة waqfat, nom. vicis fr. waqf",spacing; !; Keep; your
1851,دیو,giant,493,CLE Urdu top-5000 frequency list,ReadUrdu+word2word,False,False,True,god; deva; deity,"n. demon; devil; giant | Platts: (Braj); 1˚ = diyā, p.p. of denā; — 2˚ = daiyā; —",giant; feed; backyard; draws; breast
1852,کشیدگی,displeasure; tension; stress,492,CLE Urdu top-5000 frequency list,Kaikki+ReadUrdu+word2word,True,True,True,"displeasure; tension, stress","n. tension, stress; displeasure | Platts: (abst. s. fr. kashīda)",stress; fractures; these; get; little
1853,چلنا,to go; to move; to walk,491,CLE Urdu top-5000 frequency list,Kaikki+ReadUrdu+word2word,True,True,True,to go; to move; to walk,"v. to go; to walk; to move | Platts: v.n. To move, stir; to go, proceed; to depart; to walk, travel; to flow, run (as a stream, a pen, &c.); to be…",walk; strut; running; Start; slay
1854,گلاب,rose,491,CLE Urdu top-5000 frequency list,Kaikki+ReadUrdu+word2word,True,True,True,rose,rosewater; rose,rose; leagues; mossy; knoll; thickets
1855,آزمائش,test; trial; examination; experiment,490,CLE Urdu top-5000 frequency list,Kaikki+ReadUrdu+word2word,True,True,True,"test, trial; examination; experiment","test, trial; examination; experiment",test; everyone; told; Absolutely; trial
1856,جملہ,a (complete) sentence,490,CLE Urdu top-5000 frequency list,Kaikki+ReadUrdu,True,False,False,"all; phrase, saying; a (complete) sentence",sentence; total,
1857,اشتراک,similarity; subscription (of a periodical; etc.),488,CLE Urdu top-5000 frequency list,Kaikki+ReadUrdu+word2word,True,True,False,"similarity, accord, uniformity; subscription (of a periodical, etc.); incorporation, combination, union, consortium","n. collaboration, participation, co-operation, affiliation (both in the narrow as well as composite senses); subscription (of a periodical, etc.); commonality or its associated ideologies such as socialism, communism, Marxism | Platts:",share; similarity; semantics; charity; privilege
1858,حرام,haram; unlawful; forbidden,488,CLE Urdu top-5000 frequency list,Kaikki+ReadUrdu+word2word,True,True,True,haram; unlawful; forbidden,"adj. forbidden; unlawful; haram | Platts: (inf. n. of حرم 'to be prohibited,' &c.), adj. Forbidden, prohibited, unlawful, wrong; excluded; sacred,…",forbidden; Action; returned; yet; As
1859,خلیفہ,caliph; successor,486,CLE Urdu top-5000 frequency list,Kaikki+ReadUrdu,True,False,False,"caliph; successor; a Muslim cook, tailor, barber etc",n. caliph; successor; the most gifted wrestler (after the teacher) | Platts: (for A. خليفة ḵẖalīfat; v.n. fr. خلف 'to succeed'),
1860,منتظر,waiting,486,CLE Urdu top-5000 frequency list,ReadUrdu+word2word,False,False,True,,"waiting, expectant",Waiting; step; Barcelona; approach; Got
1861,بدن,body,484,CLE Urdu top-5000 frequency list,Kaikki+ReadUrdu+word2word,True,True,True,body,n. body | Platts:,body; suicide; removed; from; We
1862,جشن,celebration,484,CLE Urdu top-5000 frequency list,Kaikki+ReadUrdu+word2word,True,True,True,"banquet, feast; festival, celebration","celebration, festivity",Rejoice; celebration; celebrating; tradition; however
1863,ڈور,string,484,CLE Urdu top-5000 frequency list,ReadUrdu+word2word,False,False,True,,"string, thread; support, attachment",strings; pulls; wondering; together; backdoor
1864,بہرا,deaf,483,CLE Urdu top-5000 frequency list,Kaikki+ReadUrdu,True,False,False,deaf,"adj. deaf | n. deaf person | Platts: adj. Deaf; hard of hearing; heedless, inattentive",
1865,جوڑ,joint; connect,483,CLE Urdu top-5000 frequency list,Kaikki+ReadUrdu,True,False,False,"joint, connect","joint, connect",
1866,قواعد,grammar,483,CLE Urdu top-5000 frequency list,Kaikki+ReadUrdu,True,False,False,grammar,n. plural of قَاعِدَہ (qā'ida); grammar | Platts:,rules; -It; regulations; probably; cares
1867,قبرستان,cemetery; graveyard,482,CLE Urdu top-5000 frequency list,Kaikki+ReadUrdu,True,False,False,cemetery; graveyard,cemetery; graveyard,
1868,نظامت,department; management,482,CLE Urdu top-5000 frequency list,Kaikki+ReadUrdu,True,False,False,"department, management","n. department, management | Platts: (for A. نظامة, fr. niz̤ām",
1869,بہادر,brave,481,CLE Urdu top-5000 frequency list,Kaikki+ReadUrdu+word2word,True,True,True,"brave; hero, champion",brave,brave; HEROIC; Brave; bravest; PLAYS
1870,قبر,grave,481,CLE Urdu top-5000 frequency list,Kaikki+ReadUrdu+word2word,True,True,True,"grave, tomb",grave,grave; then; Mother; willow; branch
1871,ہستی,existence; being; personality; entity,481,CLE Urdu top-5000 frequency list,Kaikki+ReadUrdu,True,False,False,"existence, being; personality, entity","n. existence, being; personality, entity | Platts:",A; saint
1872,رخصت,leave (of absence); leave; permission to leave; departure,480,CLE Urdu top-5000 frequency list,Kaikki+ReadUrdu,True,False,False,"leave (of absence); leave, permission to leave, dismission, departure","departure, leave, farewell",furlough; handle; Show; sign; basic
1873,نسبتا,comparatively; relatively,480,CLE Urdu top-5000 frequency list,Kaikki+ReadUrdu,True,False,False,"comparatively, relatively","comparatively, relatively",
1874,دانت,tusk; tooth,479,CLE Urdu top-5000 frequency list,Kaikki+ReadUrdu,True,False,False,tusk; tooth,n. tooth; tusk | Platts:,teeth; Watch; bared; Once; scared
1875,قربان,corban; sacrifice; giving up; sacrificial offering,478,CLE Urdu top-5000 frequency list,Kaikki+ReadUrdu+word2word,True,True,True,"corban; sacrifice, giving up; sacrificial offering","n. corban; sacrifice, giving up; sacrificial offering | Platts: (inf. n. of قرب 'to approach')",sacrifice; only; preserve; order; best
1876,ہیر,diamond; a tragic lover; vigour; energy,478,CLE Urdu top-5000 frequency list,Kaikki+ReadUrdu,True,False,False,"diamond; a tragic lover; vigour, energy","n. diamond; essence, elemental part, pith, gist; vigour, energy | name: Heer, the female tragic lover from a classical Punjabi romantic legend; a tragic lover | Platts:",Herr; accustomed; ignored; being; sorry
1877,جیب,pocket,477,CLE Urdu top-5000 frequency list,Kaikki+word2word,False,True,False,pocket,s.f. The tongue ( = jībh,pocket; Hey; Get; afford; broad
1878,نوے,ninety,477,CLE Urdu top-5000 frequency list,Kaikki+ReadUrdu+word2word,True,True,True,ninety,ninety,Ninety; NINETY; ABOUT; JUST; MINUTES
1879,وعدے,“promise,476,CLE Urdu top-5000 frequency list,ReadUrdu+word2word,False,False,True,direct plural; oblique/vocative singular,"inflection of وَعْدَہ (va'da, “promise; vow; pledge”):",promises; Promises; self-correct; worth; promise
1880,داغ,a stain; spot,475,CLE Urdu top-5000 frequency list,Kaikki+ReadUrdu,True,False,False,"a stain, spot","n. a stain, spot | Platts:",singed; commended; Father; threw; Like
1881,دوم,second,475,CLE Urdu top-5000 frequency list,Kaikki+ReadUrdu,True,False,False,second,"adj. second | Platts: adj. Second; inferior, second sort",
1882,مومن,devout Muslim; true believer; a male given name from Arabic,475,CLE Urdu top-5000 frequency list,Kaikki+ReadUrdu+word2word,True,True,True,"devout Muslim, true believer; a male given name from Arabic","n. devout Muslim, true believer | name: a male given name from Arabic | Platts: (prop. muʼmin, act. part. of آمن 'to render secure or safe (from); — to believe, or believe in,' iv of أمن…",believer; think; m; a; I
1883,آخرت,hereafter; akhirah; afterlife,474,CLE Urdu top-5000 frequency list,Kaikki+ReadUrdu,True,False,False,"hereafter; akhirah, afterlife","n. akhirah, afterlife; hereafter | Platts:",
1884,زکریا,a male given name from Arabic; Zakariya; Zechariah; Zacharias,472,CLE Urdu top-5000 frequency list,Kaikki+ReadUrdu,True,False,False,"a male given name from Arabic; Zakariya, Zechariah, Zacharias","Zakariya, Zechariah, Zacharias; a male given name from Arabic",
1885,اجرت,fee; remuneration; rent; tariff,471,CLE Urdu top-5000 frequency list,Kaikki+ReadUrdu,True,False,False,"fee, remuneration, rent, tariff, wage, salary","fee, remuneration, rent, tariff, wage, salary",
1886,روانگی,travelling; setting out; departure; leaving,471,CLE Urdu top-5000 frequency list,Kaikki+ReadUrdu,True,False,False,"travelling, setting out; departure, leaving, going, passing, despatch","n. departure, leaving, going, passing, despatch; travelling, setting out | Platts: (abst. s. fr. next)",
1887,روزے,direct plural,471,CLE Urdu top-5000 frequency list,Kaikki+ReadUrdu,True,False,True,direct plural; oblique/vocative singular,plural direct of روزَہ (roza — fast (abstention from food)),anticipate; actions; fast; act; before
1888,سادگی,plainness; simplicity; naivety,471,CLE Urdu top-5000 frequency list,Kaikki+ReadUrdu,True,False,False,"plainness; simplicity, naivety","n. simplicity, naivety; plainness | Platts: (abst. s. fr. next)",They; No; people; different; from
1889,شہزادی,princess (a king's daughter; granddaughter or other female descendant),471,CLE Urdu top-5000 frequency list,Kaikki+ReadUrdu+word2word,True,True,True,"princess (a king's daughter, granddaughter or other female descendant)","princess (a king's daughter, granddaughter or other female descendant)",princess; Princess; Highness; Such; Forgive
1890,لڑنے,infinitive indirect of لَڑْنا (laṛnā — to fight,470,CLE Urdu top-5000 frequency list,ReadUrdu+word2word,False,False,True,,"infinitive indirect of لَڑْنا (laṛnā — to fight, combat; battle)",fight; deputy; -Why; keen; earn
1891,طلاق,divorce,468,CLE Urdu top-5000 frequency list,Kaikki+ReadUrdu,True,False,False,divorce,divorce,Divorced; divorced; RPN; artist; talks
1892,چچا,s.m. Paternal uncle,467,CLE Urdu top-5000 frequency list,ReadUrdu+word2word,False,False,True,,"s.m. Paternal uncle, father's (younger) brother; — a superior…",uncle; worked; hard; kidnap; welcome
1893,غفلت,negligence,467,CLE Urdu top-5000 frequency list,Kaikki+ReadUrdu,True,False,False,negligence; carelessness,"negligence, heedlessness",
1894,مقیم,resident,467,CLE Urdu top-5000 frequency list,Kaikki+ReadUrdu,True,False,False,resident,"n. resident | Platts: (act. part. of اقام 'to stop, rest, stay,' &c., iv of قام (for قوم) 'to stand,' &c.), part.",Axis; high; price; Meanwhile; never
1895,کیمیائی,chemical; chemo-,466,CLE Urdu top-5000 frequency list,Kaikki+ReadUrdu,True,False,False,"chemical, chemo-","chemical, chemo-",
1896,لکڑی,stick; wood; timber,466,CLE Urdu top-5000 frequency list,Kaikki+ReadUrdu+word2word,True,True,True,"stick; wood, timber","stick; wood, timber",wood; wooden; Belleau; Wood; Go
1897,نصرت,victory; help; assistance,465,CLE Urdu top-5000 frequency list,Kaikki+ReadUrdu,True,False,False,"victory; help, assistance","n. help, assistance; victory | Platts: (for A. نصرة, v.n. fr. نصر; see naṣr)",
1898,نوکری,job; employment; service,465,CLE Urdu top-5000 frequency list,Kaikki+ReadUrdu+word2word,True,True,True,"job, employment, service","n. job, employment, service | Platts:",job; yesterday; file; fired; looking
1899,دشمنی,enmity,463,CLE Urdu top-5000 frequency list,Kaikki+ReadUrdu,True,False,False,hate; enmity; hatred,enmity,
1900,ستم,tyranny; cruelty,462,CLE Urdu top-5000 frequency list,Kaikki+ReadUrdu,True,False,False,"tyranny; injustice, cruelty","tyranny, cruelty",IRONIC; S; IT; '
1901,عالیہ,a female given name from Arabic,462,CLE Urdu top-5000 frequency list,Kaikki+ReadUrdu,True,False,False,a female given name from Arabic,"adj. feminine of عالی ('ālī) | name: a female given name from Arabic | Platts: (for A. عالية, fem. of ʻālī), adj. f. = ʻālī, q.v",Highness; Her; Wait; Your; valley
1902,محترم,honored; honorable; respectable; esteemed,461,CLE Urdu top-5000 frequency list,Kaikki+ReadUrdu,True,False,False,"honored; honorable, respectable, esteemed","adj. honored; honorable, respectable, esteemed | Platts: (pass. part. of احترم 'to hold in reverence or honour; to reverence,' &c., viii of حرم 'to be entitled to…",Sir; clue; reporter; caught; Americans
1903,حرف,particle; letter; character (of an alphabet),460,CLE Urdu top-5000 frequency list,Kaikki+ReadUrdu,True,False,False,"particle; letter, character (of an alphabet)","n. letter, character (of an alphabet); particle | Platts: (inf. n. of حرف 'to turn from, to alter,' &c.)",
1904,فرمان,a royal decree; order; a command (by any individual),460,CLE Urdu top-5000 frequency list,Kaikki+ReadUrdu,True,False,False,"obedient, servant; a royal decree, order; a command (by any individual)","n. a royal decree, order; a command (by any individual); a firman, decree; mandate (especially a royal or an official one)",decreed; hateful; sighted; memory; none
1905,مجرم,sinner; criminal; offender,460,CLE Urdu top-5000 frequency list,Kaikki+ReadUrdu+word2word,True,True,True,"sinner; criminal, offender","n. criminal, offender; sinner | Platts: (act. part. of اجرم, iv of (and syn. with) جرم 'to commit a sin, or crime,' &c.), part.",guilty; criminal; criminals; locks; peasants
1906,خودکش,suicidal; of or relating to suicide,459,CLE Urdu top-5000 frequency list,Kaikki+ReadUrdu,True,False,False,suicidal; of or relating to suicide,suicidal; of or relating to suicide,
1907,گواہ,witness,459,CLE Urdu top-5000 frequency list,Kaikki+ReadUrdu+word2word,True,True,True,witness,witness,witness; witnesses; checked; Excluded; psychic
1908,شاہین,falcon; especially the peregrine falcon subspecies Falco peregrinus peregrinator,458,CLE Urdu top-5000 frequency list,Kaikki+ReadUrdu,True,False,False,"falcon, especially the peregrine falcon subspecies Falco peregrinus peregrinator",falcon,
1909,محتاط,guarded; cautious; careful,458,CLE Urdu top-5000 frequency list,Kaikki+ReadUrdu,True,False,False,"guarded, cautious, careful","adj. guarded, cautious, careful | Platts: (pass. part. of احتاط 'to surround, encompass,' &c., viii of حاط (for حوط) 'to guard, protect,' &c.), part.…",attendants; regular; Those; killed; Be
1910,پٹی,bandage; bracelet; band; strip,457,CLE Urdu top-5000 frequency list,Kaikki+ReadUrdu+word2word,True,True,True,"bandage; bracelet; band, strip","bandage; band, strip; bracelet",belt; strip; tourniquet; apply; today
1911,نمونہ,specimen; sample; example,457,CLE Urdu top-5000 frequency list,Kaikki+ReadUrdu+word2word,True,True,True,"specimen, sample, example","n. specimen, sample, example | Platts:",sample; heliocentric; model; bio; interactions
1912,راضی,pleased,452,CLE Urdu top-5000 frequency list,Kaikki+ReadUrdu+word2word,True,True,True,"happy; content; pleased, satisfied","(for A. rāẓiṉ, act. part. of رضو 'to be pleased,' &c.)",pleases; Whatever; patriotic; duty; convinced
1913,میلہ,fair,452,CLE Urdu top-5000 frequency list,ReadUrdu+word2word,False,False,True,,"festival, fair; mela (the Hindu religious festival)",return; Fair; fair; however; In
1914,بندی,slave; captive,451,CLE Urdu top-5000 frequency list,Kaikki+ReadUrdu,True,False,False,bard; slave; captive,n. prisoner; captive; slave | Platts:,classified; planning; risky; Command; detonators
1915,سودا,fruits; sweetmeats; goods; wares,450,CLE Urdu top-5000 frequency list,Kaikki+ReadUrdu+word2word,True,True,True,"fruits; sweetmeats; goods, wares; trade, traffic; marketing; purchase, bargain; the black bile (one of the four humours of the body), atrabilis; melancholy; hypochondria; frenzy, madness, insanity; love; desire, concupiscence; ambition","n. goods, wares; trade, traffic; marketing; purchase, bargain; fruits; sweetmeats; the black bile (one of the four humours of the body), atrabilis; melancholy; hypochondria; frenzy, madness,… | Platts:",deal; bargain; big; smell; Deal
1916,بستر,pillow; bedding,448,CLE Urdu top-5000 frequency list,Kaikki+ReadUrdu,True,False,True,carpet; pillow; bedding,"n. bed, mattress; bedding; pillow | Platts:",bed; To; Sultan; Hajar; supper
1917,صابر,patient; enduring; forbearing,448,CLE Urdu top-5000 frequency list,Kaikki+ReadUrdu,True,False,False,patient; enduring; forbearing,"adj. patient; enduring; forbearing | Platts: (act. part. of صبر 'to restrain (oneself), to be patient'), adj. Patient, enduring",
1918,لگن,time; marriage; love; affinity,448,CLE Urdu top-5000 frequency list,Kaikki+ReadUrdu,True,False,False,"time; marriage; love, affinity","n. love, affinity; time; marriage | Platts:",
1919,نیکی,virtue; goodness,448,CLE Urdu top-5000 frequency list,Kaikki+ReadUrdu+word2word,True,True,True,"virtue, goodness","virtue, goodness",-Oh; goodness; stays; -Well; Daddy
1920,بدر,full moon; outside; out of doors; without,446,CLE Urdu top-5000 frequency list,Kaikki+ReadUrdu,True,False,False,"full moon; dried ginger; outside, out of doors, without","adv. outside, out of doors, without | n. full moon; an Indian jujube (Ziziphus mauritiana) or its fruit; a kernel of the fruit of the cotton plant | Platts:",
1921,شاگرد,pupil; student,446,CLE Urdu top-5000 frequency list,Kaikki+ReadUrdu+word2word,True,True,False,"servant; helper; pupil, apprentice; student","pupil, disciple",atrium; students; still; her; are
1922,صفحات,plural formal of صَفْحَہ (safha — page (of a book etc.)),445,CLE Urdu top-5000 frequency list,ReadUrdu+word2word,False,False,True,,plural formal of صَفْحَہ (safha — page (of a book etc.)),1200; pages; 9.99.; beat; Like
1923,کرایہ,rent; To collect rent,445,CLE Urdu top-5000 frequency list,ReadUrdu+word2word,False,False,True,,"s.m. Hire, fare, rent, freight: — kirāya ughānā (-kā), To collect rent, &c.: — kirāya (or kirāʼe) ćalānā or…",rent; great; ll; house; for
1924,برکت,blessing (good fortune),443,CLE Urdu top-5000 frequency list,Kaikki+ReadUrdu,True,False,False,blessing (good fortune); a female given name from Arabic,"blessing, abundance",
1925,خوفزدہ,afraid; frightened; terrified,443,CLE Urdu top-5000 frequency list,Kaikki+ReadUrdu+word2word,True,True,True,"afraid, frightened, terrified","afraid, frightened, terrified",afraid; :; 09; Boop; Damn
1926,داستان,tale,443,CLE Urdu top-5000 frequency list,Kaikki+ReadUrdu,True,False,False,"story, tale, narrative","tale, legend",Dastan; excelled; gotten; selling; leads
1927,مادہ,female; matter,442,CLE Urdu top-5000 frequency list,Kaikki+ReadUrdu,True,False,False,female; matter,n. female; matter | Platts:,discharge; psychiatric; dishonorable; putting; plead
1928,اصلی,real,439,CLE Urdu top-5000 frequency list,Kaikki+word2word,False,True,False,pure; real; true,"adj. original; fundamental; basic | Platts: Radical, fundamental, primitive, primary, original; essential, elementary; intrinsic, inherent, innate,…",real; quick; Un-fucking; 98; For
1929,زیورات,jewels,439,CLE Urdu top-5000 frequency list,ReadUrdu+word2word,False,False,True,,"s.m. pl. (of zewar, after the model of the A.), Ornaments, jewels.",More; jewels; carefree; lad; than
1930,راحت,comfort; relief,438,CLE Urdu top-5000 frequency list,Kaikki+ReadUrdu,True,False,False,"reward; pleasure, joy; comfort, relief, respite, tranquillity","relief, comfort",
1931,توہین,blasphemy; insult,437,CLE Urdu top-5000 frequency list,Kaikki+ReadUrdu+word2word,True,True,True,"massacre; blasphemy, insult","insult, contempt",offending; insult; contempt; blasphemy; disrespect
1932,زبردستی,oppression; injustice; forcefulness; coercion (act of forcing),437,CLE Urdu top-5000 frequency list,Kaikki+ReadUrdu,True,False,False,"oppression, injustice; forcefulness; coercion (act of forcing)","forcefulness; coercion (act of forcing); oppression, injustice",affidavit; separation; confirming; obtain; reasons
1933,قصبہ,town; trachea,436,CLE Urdu top-5000 frequency list,Kaikki+ReadUrdu,True,False,False,town; trachea,"n. town; trachea | Platts: (for A. قصبة qaṣabat, n. of un. fr. qaṣab; rt. قصب 'to cut,' &c.)",
1934,لازم,intransitive; necessary; imperative; inevitable (ie. destined,435,CLE Urdu top-5000 frequency list,Kaikki+ReadUrdu,True,False,False,"intransitive; necessary, imperative; inevitable (ie. destined, certain)","adj. necessary, imperative; inevitable (ie. destined, certain); intransitive | Platts: (act. part. of لزم 'to be necessary,' &c.), adj. Necessary, requisite; in dispensable; obligatory, incumbent;…",must; I
1935,مشاہدہ,observation; contemplation,435,CLE Urdu top-5000 frequency list,Kaikki+ReadUrdu,True,False,True,observation; contemplation; sight; vision,"n. observation; witnessing; beholding; contemplation | Platts: (for A. مشاهدة mushāhadat, inf. n. of شاهد, iii of (and syn. with) شہِد 'to witness, to see or behold (a…",witness; protection; want; program; !
1936,وفا,fidelity,435,CLE Urdu top-5000 frequency list,Kaikki+ReadUrdu,True,False,False,loyalty; fidelity; a female given name from Arabic,"fidelity, faithfulness",
1937,اگلی,“next”),434,CLE Urdu top-5000 frequency list,ReadUrdu+word2word,False,False,True,,"feminine of اَگْلا (aglā, “next”)",Next; next; time; predict; erratic
1938,پیروں,“foot”),434,CLE Urdu top-5000 frequency list,ReadUrdu+word2word,False,False,True,,"oblique plural of پَیر (pair, “foot”); oblique plural of پِیر (pīr, “saint; Monday”)",foot; LEGS; legs; MY; feet
1939,سیکنڈ,second (time),433,CLE Urdu top-5000 frequency list,ReadUrdu+word2word,False,False,True,,second (time),seconds; second; Seconds; -Ten; sec
1940,گرفت,hold,433,CLE Urdu top-5000 frequency list,ReadUrdu+word2word,False,False,True,,"s.f. Taking, seizure, capture; — a handle, catch, grasp, hold, clutch; — an objection; criticism: — girift…",HOLD; ON; grip; YOU; Wow
1941,مشکوک,doubtful; dubious; ambiguous; unclear,433,CLE Urdu top-5000 frequency list,Kaikki+ReadUrdu,True,False,False,doubtful; dubious; ambiguous; unclear; suspect (of a person),"adj. doubtful; dubious; ambiguous; unclear; suspect (of a person) | Platts: (pass. part. of شك 'to be dubious, or confused; to doubt,' &c.), adj. Doubted; doubtful, uncertain,…",suspicious; shady; banker; Iranian; operating
1942,بغاوت,rebellion; revolt,432,CLE Urdu top-5000 frequency list,Kaikki+ReadUrdu,True,False,False,"treason; rebellion, revolt","rebellion, revolt",coup; The; stroke; final; Always
1943,راستوں,“path”),431,CLE Urdu top-5000 frequency list,ReadUrdu+word2word,False,False,True,,"oblique plural of راسْتَہ (rāsta, “path”)",monstrosities; beings; paths; huge; record
1944,استوار,even; leveled; straight; inviolate,430,CLE Urdu top-5000 frequency list,Kaikki+ReadUrdu,True,False,False,"even, leveled; straight, consistent; inviolate, indissoluble","adj. strong, powerful, mighty; durable, firm, solid, bold; inviolate, indissoluble | Platts: adj. Strong, powerful; stable, firm; even, level, equal; straight: — ustuwār karnā, v.t. To strengthen; to…",
1945,نیت,Niyyah,429,CLE Urdu top-5000 frequency list,Kaikki+ReadUrdu,True,False,True,"Niyyah; attention; led, guided","n. intention, intent, purpose; desire; wise; Niyyah",heartened; intention; did; am; knowledge
1946,زمیندار,landlord; zamindar,428,CLE Urdu top-5000 frequency list,Kaikki+ReadUrdu,True,False,False,landlord; zamindar,"n. landlord; zamindar | Platts: (zamīn+dār, q",
1947,سبزی,verdure; vegetable,428,CLE Urdu top-5000 frequency list,Kaikki+ReadUrdu,True,False,False,verdure; vegetable,n. vegetable; verdure | Platts:,vegetarian; spice; district; meat; eat
1948,مظلوم,an oppressed person; oppressed,428,CLE Urdu top-5000 frequency list,Kaikki+ReadUrdu+word2word,True,True,True,"an oppressed person; oppressed, treated unjustly","oppressed, wronged",oppressed; so; We; are
1949,ٹماٹر,tomato,428,CLE Urdu top-5000 frequency list,Kaikki+ReadUrdu,True,False,False,tomato,tomato; tomatoes,
1950,تلخ,bitter; distasteful,427,CLE Urdu top-5000 frequency list,Kaikki+ReadUrdu+word2word,True,True,True,"bitter, distasteful","bitter, distasteful",bitter; sweet; having; among; knowledge
1951,تعارف,preface; introduction; acquaintancy; acquaintanceship,426,CLE Urdu top-5000 frequency list,Kaikki+ReadUrdu,True,False,False,"preface; introduction; acquaintancy, acquaintanceship","n. introduction; acquaintancy, acquaintanceship; preface | Platts:",introduce; team; Balawi; speaks; John
1952,داخلی,internal; domestic; of or pertaining to the interior,426,CLE Urdu top-5000 frequency list,Kaikki+ReadUrdu,True,False,False,"internal, domestic, of or pertaining to the interior","adj. internal, domestic, of or pertaining to the interior | Platts: (rel. n. fr. dāḵẖil), adj. Interior, internal; home (as opp. to foreign); — included, contained (in);…",entrance; nobody; big; That; choose
1953,راکٹ,rocket,426,CLE Urdu top-5000 frequency list,Kaikki+ReadUrdu,True,False,False,rocket,rocket,
1954,سوچنا,to think; to ponder,426,CLE Urdu top-5000 frequency list,Kaikki+ReadUrdu+word2word,True,True,True,to think; to ponder,"v. to think; to ponder | Platts: v.t. & v.n. To think, reflect, consider, meditate, ponder on, imagine, conceive; to regard, notice, mark,…",think; happen; culture; mma; remembers
1955,سیاحت,journey,426,CLE Urdu top-5000 frequency list,Kaikki+ReadUrdu,True,False,False,journey,"n. journey | Platts: (for A. سياحة, inf. n. of سيح), = P سياحي saiyāḥī (fr. A. saiyāh)",travels; Highness; upon; looked; In
1956,پری,peri; fairy; a beautiful woman,425,CLE Urdu top-5000 frequency list,Kaikki+ReadUrdu+word2word,True,True,True,peri; fairy; a beautiful woman,n. fairy; peri; a beautiful woman | Platts:,Funnel; bubblebath; fairy; J; J
1957,تہائی,third,425,CLE Urdu top-5000 frequency list,Kaikki+ReadUrdu+word2word,True,True,True,third,n. third | Platts:,third; force; Reiser; heads; steel
1958,اندیشہ,anxiety; apprehension; thought; consideration,424,CLE Urdu top-5000 frequency list,Kaikki+ReadUrdu,True,False,False,anxiety; apprehension; thought; consideration,n. thought; consideration; apprehension; anxiety | Platts: (see andesh),
1959,تار,cord; wire,424,CLE Urdu top-5000 frequency list,Kaikki+ReadUrdu+word2word,True,True,True,"cable; telegraph; cord, wire","s.m. Thread, string; the warp or threads extended lengthwise in a loom; wire, cord, string of a musical…",wire; till; recording; everything; still
1960,کالی,ink; Kali; a black woman; a woman of dark complexion,424,CLE Urdu top-5000 frequency list,Kaikki+ReadUrdu+word2word,True,True,True,ink; Kali; a black woman; a woman of dark complexion,"name: Kali; a female given name, Kali, from Sanskrit | n. ink; a black woman; a woman of dark complexion | Platts: (fem. of",black; vile; squeeze; All; miss
1961,مددگار,helpful; helper; ally; assistant,424,CLE Urdu top-5000 frequency list,Kaikki+ReadUrdu+word2word,True,True,False,"helpful; helper, ally, assistant","n. helper, ally, assistant",helpful; would; Uh; because; thought
1962,مردہ,dead; deceased; the dead (ie. a corpse),424,CLE Urdu top-5000 frequency list,Kaikki+ReadUrdu+word2word,True,True,True,"dead, deceased; dead; the dead (ie. a corpse)","adj. dead, deceased | n. dead; the dead (ie. a corpse) | Platts: part. adj. Dead, defunct; — weak, infirm; old decrepit; —",dead; battlefield; Somewhere; Dead; backyard
1963,کوثر,abundance; a unisex given name from Arabic; the name of a chapter in the Qur'an,423,CLE Urdu top-5000 frequency list,Kaikki+ReadUrdu,True,False,False,abundance; a unisex given name from Arabic; the name of a chapter in the Qur'an,n. name of a fountain or river in Paradise; the name of a chapter in the Qur'an; abundance | name: a unisex given name from Arabic | Platts:,
1964,علیحدگی,separation; dismissal; condition being separated or apart,422,CLE Urdu top-5000 frequency list,Kaikki+ReadUrdu,True,False,False,"separation, dismissal; condition being separated or apart","n. separation, dismissal; condition being separated or apart | Platts:",
1965,بمباری,bombing; bombardment,420,CLE Urdu top-5000 frequency list,Kaikki+ReadUrdu+word2word,True,True,True,"bombing, bombardment","bombing, bombardment",bombing; Tora; Bora; high; tried
1966,آٹا,flour of unspecified kind or wholegrain,419,CLE Urdu top-5000 frequency list,Kaikki+ReadUrdu,True,False,False,flour of unspecified kind or wholegrain,flour of unspecified kind or wholegrain,dough; tied; most; got; joint
1967,توڑنے,infinitive indirect of تورْنا (tornā — to break,418,CLE Urdu top-5000 frequency list,ReadUrdu+word2word,False,False,True,,"infinitive indirect of تورْنا (tornā — to break, snap)",break; breaking; articulate; acceleration; Negative
1968,جلسہ,rally; public gathering; event; convention,418,CLE Urdu top-5000 frequency list,Kaikki+ReadUrdu,True,False,False,"rally; public gathering; event, convention","n. event, convention; public gathering; rally | Platts: (for A. جلسة jalsat, fem., rt. جلس 'to sit')",
1969,ملتانی,Multanite (person); Multani (of or relating to Multan),418,CLE Urdu top-5000 frequency list,Kaikki+ReadUrdu,True,False,False,Multanite (person); Multani (of or relating to Multan),adj. Multani (of or relating to Multan) | name: Multanite (person) | Platts: adj. &,
1970,عنایت,kindness,417,CLE Urdu top-5000 frequency list,Kaikki+ReadUrdu,True,False,False,solicitude; a unisex given name from Arabic; grace; kindness; bounty; favour,"favor, kindness",
1971,ایجاد,invent,416,CLE Urdu top-5000 frequency list,ReadUrdu+word2word,False,False,True,,"s.m. Creation, production; invention, contrivance: — ījād karnā, v.t. To create, produce, originate, invent,…",invented; invents; ain; Words; invent
1972,بسنت,spring (season); a festival observing the arrival of spring; a male given name; Basant,415,CLE Urdu top-5000 frequency list,Kaikki+ReadUrdu,True,False,False,"spring (season); a festival observing the arrival of spring; a male given name, Basant, feminine equivalent بَسَنْتی (basantī)","n. spring (season); a festival observing the arrival of spring. | name: a male given name, Basant, feminine equivalent بَسَنْتی (basantī) | Platts:",
1973,تحفہ,gift,415,CLE Urdu top-5000 frequency list,Kaikki+ReadUrdu+word2word,True,True,True,"rarity; curiosity; gift, present",gift,gift; someone; holiest; meantime; lands
1974,دلیل,argument,415,CLE Urdu top-5000 frequency list,ReadUrdu+word2word,False,False,True,,"argument, reasoning",argument; deaf; falls; making; ton
1975,یہیں,right here,415,CLE Urdu top-5000 frequency list,ReadUrdu+word2word,False,False,True,,right here,here; right; Right; HERE; RIGHT
1976,برباد,ruined; destroyed,414,CLE Urdu top-5000 frequency list,Kaikki+ReadUrdu+word2word,True,True,True,ruined; destroyed,ruined; destroyed,ruined; waste; wasted; wasting; ruining
1977,جنازہ,funeral; bier,412,CLE Urdu top-5000 frequency list,Kaikki+ReadUrdu+word2word,True,True,True,funeral; bier; the corpse (or coffin in which a corpse is taken away),"funeral procession, bier",funeral; went; her; six; when
1978,چڑیا,bird; sparrow; club; clubs,412,CLE Urdu top-5000 frequency list,Kaikki+ReadUrdu,True,False,False,"bird; sparrow; club, clubs","sparrow; bird; club, clubs",
1979,سائنسدان,scientist,412,CLE Urdu top-5000 frequency list,Kaikki+ReadUrdu+word2word,True,True,True,scientist,scientist,scientist; A; brilliant; by; name
1980,قطعی,definitive; imperative; peremptory; decisive,412,CLE Urdu top-5000 frequency list,Kaikki+ReadUrdu,True,False,False,"definitive, imperative, peremptory; decisive, conclusive, final, categorical, absolute, imperative, ultimate, binding; conclusively, finally, verily, truly, entirely, absolutely, altogether, definitely","adj. decisive, conclusive, final, categorical, absolute, imperative, ultimate, binding; definitive, imperative, peremptory",wants; exactly; enter; through; Mr
1981,لطف,kindness; favour; enjoyment; pleasure,412,CLE Urdu top-5000 frequency list,Kaikki+ReadUrdu+word2word,True,True,True,"kindness, favour; enjoyment, pleasure","n. enjoyment, pleasure; kindness, favour | Platts: (inf. n. of لطف; cf. lat̤āfat)",meal; Enjoy; enjoying; pleasures; enjoyed
1982,افطار,iftar,411,CLE Urdu top-5000 frequency list,Kaikki+ReadUrdu,True,False,False,iftar,n. iftar | Platts:,
1983,پرندے,“bird”):,411,CLE Urdu top-5000 frequency list,ReadUrdu+word2word,False,False,True,direct plural; oblique/vocative singular,"inflection of پَرِنْدَہ (parinda, “bird”):",birds; flight; lose; told; their
1984,صحرا,desert,411,CLE Urdu top-5000 frequency list,Kaikki+ReadUrdu+word2word,True,True,True,desert,desert,desert; Desert; Storm; frame; arranged
1985,پکار,cry; call; proclamation,410,CLE Urdu top-5000 frequency list,Kaikki+ReadUrdu+word2word,True,True,True,"cry, call; proclamation","n. cry, call; proclamation | Platts:",bishop; classifying; A; try; call
1986,غالبا,probably; apparently; for the most part; mostly,410,CLE Urdu top-5000 frequency list,Kaikki+ReadUrdu,True,False,False,"probably, apparently, for the most part, mostly, chiefly","adv. probably, apparently, for the most part, mostly, chiefly | Platts: (acc. of g̠ālib), adv. Most probably; apparently; for the most part, mostly, chiefly, principally; upon the…",
1987,فوجوں,plural,410,CLE Urdu top-5000 frequency list,ReadUrdu+word2word,False,False,True,,plural oblique of فَوج (fauj — army (military; force)),armies; their; Dirty; fortresses; roads
1988,مدعو,invited,410,CLE Urdu top-5000 frequency list,Kaikki+ReadUrdu+word2word,True,True,True,invited,invited,invited; tracking; device; been; So
1989,تن,body; straw; trunk,407,CLE Urdu top-5000 frequency list,Kaikki+ReadUrdu,True,False,False,body; straw; trunk,n. body; straw; trunk | Platts:,nowhere; middle; leave; Picked; drove
1990,قد,height; stature,407,CLE Urdu top-5000 frequency list,Kaikki+ReadUrdu+word2word,True,True,True,"height, stature","n. height, stature | Platts: (for A. qadd, inf. n. of قدّ 'to tear lengthwise,' &c.)",tall; That-that; cows; relative; height
1991,اردگرد,Around,404,CLE Urdu top-5000 frequency list,ReadUrdu+word2word,False,False,True,,"adv. & postpos. (gov. -ke), Around, all round, round about, on every side (of), on all sides. (See gird, and…",revolve; since; must; around; at
1992,خلافت,caliphate,404,CLE Urdu top-5000 frequency list,Kaikki+ReadUrdu,True,False,False,caliphate,"n. caliphate | Platts: (for A. خلافة, inf. n. of خلف 'to succeed or follow')",
1993,صف,(inf. n. of صفّ 'to set or place in a row,404,CLE Urdu top-5000 frequency list,ReadUrdu+word2word,False,False,True,,"(inf. n. of صفّ 'to set or place in a row,' &c.)",row; Second; rank; Warrior; joined
1994,کاش,I wish; if only,404,CLE Urdu top-5000 frequency list,Kaikki+ReadUrdu+word2word,True,True,True,"I wish, if only","interj. I wish, if only | Platts: conj. Would to heaven, would that, I wish to heaven: — kāsh-ki, or kāsh-ke, Idem",Wish; wish; closed; WISH; wits
1995,سفارت,diplomacy; embassy; consulate,403,CLE Urdu top-5000 frequency list,Kaikki+ReadUrdu+word2word,True,True,True,diplomacy; embassy; consulate,"n. embassy; consulate; diplomacy | Platts: (for A. سفارة, inf. n. of سفر 'to make peace (between),' &c.)",Embassy; From; embassy; explain; talk
1996,ادراک,insight; cognition; intuition; comprehension,402,CLE Urdu top-5000 frequency list,Kaikki+ReadUrdu,True,False,False,"insight; cognition, intuition, comprehension, grasp, nous, perception, perspicacity, understanding","n. insight; cognition, intuition, comprehension, grasp, nous, perception, perspicacity, understanding | Platts:",best; know; should; We; all
1997,خلیج,gulf; bay,402,CLE Urdu top-5000 frequency list,Kaikki+ReadUrdu+word2word,True,True,True,"gulf, bay","n. gulf, bay | Platts: (fr. خلج 'to take away,' &c.)",bay; Across; wheeled; blank; present
1998,رشوت,bribe,400,CLE Urdu top-5000 frequency list,Kaikki+ReadUrdu,True,False,True,bribe,"n. bribe | Platts: (for A. رشوة, v.n. fr. رشو 'to give a bribe')",corrupted; infected; permits; bribes; give
1999,گم,lost; missing; absent; invisible,399,CLE Urdu top-5000 frequency list,Kaikki+ReadUrdu+word2word,True,True,True,"lost, missing; absent, invisible; distracted, wanting, wandering","adj. lost, missing; absent, invisible; distracted, wanting, wandering | Platts: adj. Lost; wanting; missing; absent; invisible; — wandering, distracted, confounded: — gum-rāh or rah, adj. &…",misplaced; moment; lose; going; missing
2000,گیر,conqueror of the world,399,CLE Urdu top-5000 frequency list,Kaikki+ReadUrdu,True,False,False,conqueror of the world,adj. conqueror of the world | Platts: part. adj. &,staunchly; defends; U.S; Barack; Obama
2001,نگار,writer; sweetheart; painting; portrait,399,CLE Urdu top-5000 frequency list,Kaikki+ReadUrdu,True,False,False,"writer; sweetheart; painting, portrait, picture","n. sweetheart; writer; painting, portrait, picture | Platts: part.",
2002,استعداد,aptitude; knack; talent; skill,398,CLE Urdu top-5000 frequency list,Kaikki+ReadUrdu,True,False,False,"aptitude; knack, talent, skill","n. knack, talent, skill; aptitude | Platts:",
2003,چوٹ,loss; harm; injury; hurt,398,CLE Urdu top-5000 frequency list,Kaikki+ReadUrdu+word2word,True,True,True,"jealousy; loss; harm; injury, hurt","hit; blow; attack; injury, hurt; loss; harm",hurt; HURT; ARE; ANYBODY; -Did
2004,تعزیت,condolence,397,CLE Urdu top-5000 frequency list,Kaikki+ReadUrdu,True,False,False,"condolence, consoling; mourning, lamentation",condolence,
2005,چمک,shine,397,CLE Urdu top-5000 frequency list,Kaikki+word2word,False,True,True,glow; glare; shine,brightness; radiance; luminosity,shine; brightness; bury; wanderers; Next
2006,خلا,the void,397,CLE Urdu top-5000 frequency list,Kaikki+ReadUrdu,True,False,True,cell; vacuum; the void,"n. vacancy, hollowness, lacuna; emptiness, void; (outer) space | Platts: (inf. n. of خلو 'to be empty or vacant,' &c.)",space; Looks; taking; into; like
2007,عمرہ,umrah (a minor hajj; a lesser pilgrimage to Mecca; other than at the time of the hajj),397,CLE Urdu top-5000 frequency list,Kaikki+ReadUrdu,True,False,False,"umrah (a minor hajj, a lesser pilgrimage to Mecca, other than at the time of the hajj)","n. umrah (a minor hajj, a lesser pilgrimage to Mecca, other than at the time of the hajj) | Platts: (for A. عمرة, v.n. fr. عمر 'to live, remain,' &c.)",
2008,چاندی,silver,396,CLE Urdu top-5000 frequency list,Kaikki+ReadUrdu+word2word,True,True,True,silver,n. silver | Platts:,silver; bullet; use; forge; necklace
2009,سونا,gold; void; empty,396,CLE Urdu top-5000 frequency list,Kaikki+ReadUrdu+word2word,True,True,True,gold; void; empty,adj. empty; hollow; unoccupied | n. void; emptiness; gold | v. to sleep; to fall asleep; to repose | Platts: adj. &,hoi; gold; or; braided; pearls
2010,محلہ,a ward; locality; encampment; army camp,396,CLE Urdu top-5000 frequency list,Kaikki+ReadUrdu,True,False,False,"a ward, locality; encampment, army camp; neighborhood; quarter (mahalla)","n. neighborhood; quarter (mahalla); a ward, locality; encampment, army camp | Platts: (for A. محلة maḥallat, fr. maḥall",
2011,خطہ,region,395,CLE Urdu top-5000 frequency list,Kaikki+ReadUrdu,True,False,False,"country; region, area; zone; district","region, territory",
2012,اخذ,seizing; taking; something derived,394,CLE Urdu top-5000 frequency list,Kaikki+ReadUrdu,True,False,False,"seizing, taking; something derived","n. seizing, taking; something derived | Platts:",concluded; weaponized; large; absolved; guilt
2013,دال,bean; lentil; dal,393,CLE Urdu top-5000 frequency list,Kaikki+ReadUrdu+word2word,True,True,True,"bean; lentil, dal","n. lentil, dal; bean | Platts:",lentils; chores; pick; darling; may
2014,مقصود,proposed; intended; wished; aim,393,CLE Urdu top-5000 frequency list,Kaikki+ReadUrdu,True,False,False,"proposed, intended; wished; aim; object; intent; aim; view; desired (connoted with beloved)","adj. proposed, intended; wished; desired (connoted with beloved) | n. aim; object; intent; aim; view | Platts: (pass. part. of قصد 'to intend, desire,' &c.), part. adj. Intended, meant; purposed, designed; proposed;…",
2015,نازل,revealed; descending; alighting; arriving-at,393,CLE Urdu top-5000 frequency list,Kaikki+ReadUrdu,True,False,False,"revealed; descending, alighting, arriving-at, dismounting","adj. descending, alighting, arriving-at, dismounting; revealed | Platts: (act. part. of نزل 'to descend, alight,' &c.), part. adj. Descending, alighting; dismounting; arriving (at):…",upon; came; her; I
2016,نژاد,race; root; origin; seed,393,CLE Urdu top-5000 frequency list,Kaikki+ReadUrdu,True,False,False,"race; root, origin; seed; family; genealogy, lineage; descent","race; family; genealogy, lineage; descent; root, origin; seed",
2017,بائیس,twenty-two,392,CLE Urdu top-5000 frequency list,Kaikki+ReadUrdu,True,False,False,twenty-two,num. twenty-two | Platts:,
2018,چکنائی,grease,392,CLE Urdu top-5000 frequency list,ReadUrdu+word2word,False,False,True,,"s.f. Oil, grease, fat, butter; greasinoss, &c. ( = ćiknāhaṭ",Grease; include; Does; Nolan; Hook
2019,ہضم,digestion,392,CLE Urdu top-5000 frequency list,Kaikki+ReadUrdu,True,False,False,digestion,n. digestion | Platts: corr. H.,
2020,جادو,charm; magic; enchantment,391,CLE Urdu top-5000 frequency list,Kaikki+ReadUrdu+word2word,True,True,True,charm; magic; enchantment,n. magic; enchantment; charm | Platts:,magic; spell; Magic; Hacking; lift
2021,شمع,candle; lamp,391,CLE Urdu top-5000 frequency list,Kaikki+ReadUrdu,True,False,False,wax; candlestick; candle; lamp,"candle, lamp (symbol of the beloved)",
2022,مقدمہ,case; lawsuit,391,CLE Urdu top-5000 frequency list,Kaikki+ReadUrdu,True,False,False,"case, lawsuit","n. case, lawsuit | Platts: (for A. مقدمة muqaddamat, fem. of muqaddam",clearance; center; detention; trial; edition
2023,احباب,friends; companions; members,390,CLE Urdu top-5000 frequency list,Kaikki+ReadUrdu,True,False,False,"friends, companions, members","friends, companions, members",
2024,پیاس,thirst,390,CLE Urdu top-5000 frequency list,Kaikki+ReadUrdu,True,False,False,thirst,n. thirst | Platts:,
2025,مانند,prep. & postpn. Like,390,CLE Urdu top-5000 frequency list,ReadUrdu+word2word,False,False,True,,"prep. & postpn. Like, resembling, after the likeness (of, -ke; — if mānind is used as a postpn., the governed…",early; Like; as; caterpillars; beasts
2026,نشریات,broadcasting,390,CLE Urdu top-5000 frequency list,Kaikki+ReadUrdu,True,False,False,broadcasting,"plural of نَشْرِیّہ (naśriyyah, “broadcast”); broadcasting",
2027,بدلہ,revenge; exchange; compensation,389,CLE Urdu top-5000 frequency list,Kaikki+ReadUrdu+word2word,True,True,True,revenge; exchange; compensation,exchange; compensation; revenge,revenge; Guess; Brick; Mansions; Want
2028,تائید,corroboration; help; aid; support,389,CLE Urdu top-5000 frequency list,Kaikki+ReadUrdu+word2word,True,True,True,"corroboration; help; aid, support; favour (ie. support)","s.f. Strengthening; corroboration, confirmation; assisting; assistance, help, aid, support; a written voucher…",supported; fully; Our; position; is
2029,دفن,burial; interment; covering; concealment,389,CLE Urdu top-5000 frequency list,Kaikki+ReadUrdu,True,False,True,"burial, interment; covering, concealment","n. burial, interment; covering, concealment | Platts: (inf. n. of دفن 'to bury')",buried; bury; Bury; burying; fathers
2030,اختیاری,optional; voluntary; at one's disposal,388,CLE Urdu top-5000 frequency list,Kaikki+ReadUrdu,True,False,False,optional; voluntary; at one's disposal,"adj. optional; voluntary; at one's disposal | Platts: adj. In one's power, subject to election or choice; optional; voluntary; at one's disposal: —",
2031,انا,ego,388,CLE Urdu top-5000 frequency list,ReadUrdu+word2word,False,False,True,,"ego, self-respect",Ego; bureaucrats; lot; see; know
2032,جدا,different; unrelated; separate; apart,388,CLE Urdu top-5000 frequency list,Kaikki+ReadUrdu,True,False,False,"different, unrelated; separate, apart, split","adj. separate, apart, split; different, unrelated | Platts: adj. Separated, parted; separate, distinct, away, apart, aside, asunder, absent; different; peculiar;…",
2033,ستارے,“star”):,388,CLE Urdu top-5000 frequency list,ReadUrdu+word2word,False,False,True,direct plural; oblique/vocative singular,"inflection of سِتارَہ (sitāra, “star”):",stars; The; -; fall; Oh
2034,سماج,an association; society; community; a luxurious gathering,386,CLE Urdu top-5000 frequency list,Kaikki+ReadUrdu,True,False,False,"an association; society, community; a luxurious gathering","n. society, community; an association; a luxurious gathering | Platts:",
2035,مہاجر,refugee; immigrant; a muhajir: Urdu-speaking Muslim that moved to Pakistan after the Partition of India,384,CLE Urdu top-5000 frequency list,Kaikki+ReadUrdu,True,False,False,"refugee, immigrant; a muhajir: Urdu-speaking Muslim that moved to Pakistan after the Partition of India","n. refugee, immigrant; a muhajir: Urdu-speaking Muslim that moved to Pakistan after the Partition of India | Platts: (act. part. of هاجر; see next), part.",parole; non-immigration; humanitarian; qualify; protective
2036,ترسیل,transmitting = irsāl),383,CLE Urdu top-5000 frequency list,ReadUrdu+word2word,False,False,True,,"s.f. Sending, transmitting = irsāl)",transmitting; Audio; shipping; England; GPS
2037,ریت,rite; sand; custom; tradition,383,CLE Urdu top-5000 frequency list,Kaikki+ReadUrdu+word2word,True,True,True,"rite; sand; custom, tradition","n. sand; custom, tradition; rite | Platts:",sand; Sandglass; Sands; Time; contained
2038,تحریری,in writing (e.g. taḥrīrī s̤ubūt,382,CLE Urdu top-5000 frequency list,ReadUrdu+word2word,False,False,True,,"adj. Written, in writing (e.g. taḥrīrī s̤ubūt, 'written proof')",writing; have; You; in; that
2039,سلامت,safety; peace; good health; cheers,382,CLE Urdu top-5000 frequency list,Kaikki+ReadUrdu,True,False,False,"safety, peace; good health, cheers","n. safety, peace; good health, cheers | Platts: (for A. سلامة, inf. n. of سلم; see salām)",WHIMPERING; May; Let; lose; Goat
2040,شاخ,horn; antler; tree branch; bough,382,CLE Urdu top-5000 frequency list,Kaikki+ReadUrdu+word2word,True,True,True,horn; antler; tree branch; bough; organizational branch,n. horn; antler; tree branch; bough; organizational branch | Platts: ( = S.,branch; planted; had; her; mother
2041,کشتی,wrestling; boat,382,CLE Urdu top-5000 frequency list,Kaikki+ReadUrdu+word2word,True,True,True,"wrestling; boat, ship",boat,boat; BOAT; wrestling; SOME; ASKING
2042,گلاس,glass,382,CLE Urdu top-5000 frequency list,Kaikki+ReadUrdu,True,False,False,glass,glass,
2043,جوتے,“shoe”):,381,CLE Urdu top-5000 frequency list,ReadUrdu+word2word,False,False,True,direct plural; oblique/vocative singular,"inflection of جُوتا (jūtā, “shoe”):",shoes; shoe; pry; Nike; Guy
2044,کوفی,coffee,381,CLE Urdu top-5000 frequency list,Kaikki+ReadUrdu,True,False,False,coffee,coffee,
2045,داؤد,Dawood; Dawud; David; a male given name from Arabic,380,CLE Urdu top-5000 frequency list,Kaikki+ReadUrdu,True,False,False,"Dawood, Dawud, David; a male given name from Arabic","name: Dawood, Dawud, David; a male given name from Arabic | Platts: prop. n. David (king of Israel): — daūʼd-ḵẖānī (vulg. dāwat-ḵẖānī)",
2046,سیب,chin; apple (fruit),379,CLE Urdu top-5000 frequency list,Kaikki+ReadUrdu,True,False,False,chin; apple (fruit),n. apple (fruit); chin | Platts: ( = S.,Apples; cost; nickel; represents; Rebels
2047,نادر,rare; uncommon; unusual; priceless,379,CLE Urdu top-5000 frequency list,Kaikki+ReadUrdu,True,False,False,"rare, uncommon, unusual; priceless, rare, precious","adj. priceless, rare, precious; rare, uncommon, unusual | Platts: (act. part. of ندر 'to remain alone,' &c.), adj. Singular, rare, uncommon, unusual; wonderful; precious;…",rarely; leave; state; my
2048,پکا,ripe (of fruit); certain; sure; definite,378,CLE Urdu top-5000 frequency list,Kaikki+ReadUrdu+word2word,True,True,True,"solid; ripe (of fruit); certain, sure, definite","adj. certain, sure, definite; ripe (of fruit); strong, firm (of a material) | Platts: perf. part. (of paknā), Cooked, dressed, prepared, &c.: — pakā-pakāyā, adj. Ready cooked",Ripe; fruit; murderously; decapitate; accurate
2049,پول,emptiness; meaninglessness; gate; entrance (to a town),378,CLE Urdu top-5000 frequency list,Kaikki+ReadUrdu,True,False,False,"an excuse; emptiness, meaninglessness; gate, entrance (to a town)","n. emptiness, meaninglessness; gate, entrance (to a town) | Platts: (from the English)",pool; say; talent; compete; importantly
2050,تمباکو,tobacco,378,CLE Urdu top-5000 frequency list,Kaikki+ReadUrdu+word2word,True,True,True,tobacco,n. tobacco | Platts:,smokers; working; tobacco; shop; Madras
2051,ہل,plough,378,CLE Urdu top-5000 frequency list,Kaikki+ReadUrdu,True,False,False,plough,n. plough | Platts:,Hill; Wait; at; Excuse; Seventh
2052,تفہیم,s.f. Making (one) understand or know,377,CLE Urdu top-5000 frequency list,ReadUrdu+word2word,False,False,True,,"s.f. Making (one) understand or know; teaching instructing, informing",understanding; an; had; thought; we
2053,جاپانی,Japanese,377,CLE Urdu top-5000 frequency list,Kaikki+ReadUrdu+word2word,True,True,True,Japanese,Japanese,Japanese; Pearl; Harbor; Mandarin; Some
2054,صاحبزادہ,son; prince,377,CLE Urdu top-5000 frequency list,Kaikki+ReadUrdu,True,False,False,son; prince,"son; son of a noble, son of a lord; prince",
2055,جذب,absorption; attraction; allurement; drawing,376,CLE Urdu top-5000 frequency list,Kaikki+ReadUrdu,True,False,False,"absorption; attraction, allurement, drawing","n. attraction, allurement, drawing; absorption | Platts:",turn; into; Or; he; Titan
2056,فراموش,forgotten,376,CLE Urdu top-5000 frequency list,Kaikki+ReadUrdu,True,False,False,forgotten,adj. forgotten | Platts: part. adj. Forgotten: —,unforgettable; experience; ..; will; Mr
2057,سچائی,truth,374,CLE Urdu top-5000 frequency list,Kaikki+ReadUrdu+word2word,True,True,True,truth; reality; accuracy,"truth, truthfulness",truth; restricted; Truth; anyways; sanctuary
2058,فرقہ,cult; religious sect; faith; religion,374,CLE Urdu top-5000 frequency list,Kaikki+ReadUrdu,True,False,False,"cult; religious sect; faith, religion","n. religious sect; cult; faith, religion | Platts: (for A. فرقة firqat, v.n. fr. فرق; see farq)",
2059,ارسال,s.m. Act of sending (as a writing,372,CLE Urdu top-5000 frequency list,ReadUrdu+word2word,False,False,True,,"s.m. Act of sending (as a writing, letter, &c.); despatch; remitting; remittance…",send; minute; three; You; have
2060,خسارہ,damage; deficit,372,CLE Urdu top-5000 frequency list,Kaikki+ReadUrdu,True,False,False,"damage, deficit","n. damage, deficit | Platts:",
2061,خوفناک,horrible; terrifying; frightful; dreadful,372,CLE Urdu top-5000 frequency list,Kaikki+ReadUrdu+word2word,True,True,True,"horrible, terrifying, frightful, dreadful","horrible, terrifying, frightful, dreadful",terrible; horrible; TERRIBLE; awful; liar
2062,ضابطہ,custom; control; discipline; rule,372,CLE Urdu top-5000 frequency list,Kaikki+ReadUrdu,True,False,False,"custom, control, discipline; rule, canon, law, ordinance, regulation","n. rule, canon, law, ordinance, regulation; custom, control, discipline | Platts: (for A. ضابطة, fem. of ẓābit̤",
2063,گواہی,witness,372,CLE Urdu top-5000 frequency list,ReadUrdu+word2word,False,False,True,,"s.f. Evidence, witness, testimony; deposition; written testimony: — gawāhī denā (-par), To give evidence, to…",witness; outset; grateful; today; coming
2064,اونٹ,camel; dromedary,371,CLE Urdu top-5000 frequency list,Kaikki+ReadUrdu+word2word,True,True,True,"tall; fool, foolish; camel, dromedary","n. camel, dromedary",camel; dervishes; dirt; common; camels
2065,فلسفہ,philosophy,371,CLE Urdu top-5000 frequency list,Kaikki+word2word,False,True,False,philosophy,(for A. فلسفة falsafat; fr. failasūf,Philosophy; tautology; philosophy; With; It
2066,کعبہ,Kaaba,371,CLE Urdu top-5000 frequency list,Kaikki+ReadUrdu,True,False,False,Kaaba,name: Kaaba | Platts:,
2067,بندہ,man of God; person,370,CLE Urdu top-5000 frequency list,Kaikki+ReadUrdu,True,False,False,"human, creature; worshipper, man of God; person, man, guy, bloke",servant (of God); person,serious; dude; some; shit; And
2068,خادم,attendant; employee; volunteer,370,CLE Urdu top-5000 frequency list,Kaikki+ReadUrdu,True,False,False,"attendant; employee, volunteer; waiter (restaurant server)","n. domestic servant or (male) manservant; employee, volunteer; attendant | Platts: (fr. خدم 'to serve')",
2069,پاؤ,foot,369,CLE Urdu top-5000 frequency list,Kaikki+ReadUrdu,True,False,False,foot,n. foot | Platts:,
2070,پشت,the back; rearguard; generation; descent,369,CLE Urdu top-5000 frequency list,Kaikki+ReadUrdu+word2word,True,True,True,"the back; rearguard; generation, descent, extraction","n. the back; generation, descent, extraction; rearguard | Platts:",known; backing; also; talking; Thus
2071,نعرہ,slogan; battle cry,369,CLE Urdu top-5000 frequency list,Kaikki+ReadUrdu,True,False,False,slogan; battle cry,"n. slogan; battle cry | Platts: (for A. نعرة naʻrat, inf. n. of نعر 'to burst out with a gushing noise (as blood from a vein),' &c.)",
2072,ذائقہ,taste,368,CLE Urdu top-5000 frequency list,Kaikki+ReadUrdu+word2word,True,True,True,taste,n. taste | Platts: (for A. ذائِقة ẕāʼiqat; see ẕāʼiq),TASTE; THEY; DON; SO; T
2073,ہجوم,crowd; mob; horde; throng,368,CLE Urdu top-5000 frequency list,Kaikki+ReadUrdu+word2word,True,True,True,"crowd, mob; horde, throng; attacking, crowding","n. crowd, mob; attacking, crowding; horde, throng | Platts: corr. hajūm (inf. n. of هجم 'to rusb (upon); to attack,' &c.; see hajm)",control; Crowded; Crowd; crowds; usually
2074,آشنا,lover; paramour; friend; acquaintance,367,CLE Urdu top-5000 frequency list,Kaikki+ReadUrdu,True,False,False,"lover, paramour; friend; acquaintance","n. friend; acquaintance; lover, paramour | Platts: s. com. gend. Acquaintance; friend; associate; intimate friend, familiar; lover, sweetheart; paramour;…",
2075,تحویل,(in Astron.) passing of the sun,367,CLE Urdu top-5000 frequency list,ReadUrdu+word2word,False,False,True,,"s.f. Altering, changing, transmuting; change, transfer; renovation; return; (in Astron.) passing of the sun,…",custody; Two; suspects; in; !
2076,سرحدی,border (of or pertaining to a border),366,CLE Urdu top-5000 frequency list,ReadUrdu+word2word,False,False,True,,border (of or pertaining to a border),crossing; at; border; spots; attempt
2077,گزارش,request,366,CLE Urdu top-5000 frequency list,Kaikki+ReadUrdu,True,False,False,request,"request, submission",
2078,اطاعت,obedience; submission,365,CLE Urdu top-5000 frequency list,Kaikki+ReadUrdu,True,False,False,obedience; submission,n. obedience; submission | Platts:,obey; command; Why; Obey; could
2079,بندر,monkey; port; harbour,365,CLE Urdu top-5000 frequency list,Kaikki+ReadUrdu+word2word,True,True,True,"monkey; port, harbour","n. port, harbour; monkey | Platts:",monkey; rat; A; dancing; lab
2080,جرمن,the German language,365,CLE Urdu top-5000 frequency list,Kaikki+ReadUrdu+word2word,True,True,True,"the German language, of Germany",German,German; amazing; keeping; pretty; free
2081,مقدس,holy; sacred; saint (chiefly used by Urdu & Punjabi speaking Christians for their saints),365,CLE Urdu top-5000 frequency list,Kaikki+ReadUrdu+word2word,True,True,True,"holy, sacred; saint (chiefly used by Urdu & Punjabi speaking Christians for their saints)","adj. holy, sacred | n. saint (chiefly used by Urdu & Punjabi speaking Christians for their saints) | Platts: (n. of place fr. قدس 'to be holy')",sacred; holy; blessed; HOLY; ALAMUT
2082,قابض,possesser; occupier; seizer,364,CLE Urdu top-5000 frequency list,Kaikki+ReadUrdu,True,False,False,"possesser; occupier, seizer","adj. occupier, seizer; possesser | Platts: (act. part. of قبض 'to take, seize, grasp,' &c.), part. adj. &",
2083,برٹش,British,363,CLE Urdu top-5000 frequency list,Kaikki+ReadUrdu,True,False,False,British,British,
2084,پہلوان,champion; wrestler,362,CLE Urdu top-5000 frequency list,Kaikki+ReadUrdu,True,False,False,champion; wrestler,n. wrestler; champion | Platts:,
2085,ایجنٹ,agent,361,CLE Urdu top-5000 frequency list,Kaikki+ReadUrdu+word2word,True,True,True,agent,agent,agent; Agent; Harris; An; Chicago
2086,پاؤنڈ,pound,361,CLE Urdu top-5000 frequency list,ReadUrdu+word2word,False,False,True,,pound,pounds; than; less; five; accept
2087,چال,play; trick,361,CLE Urdu top-5000 frequency list,Kaikki+ReadUrdu+word2word,True,True,True,"play, trick","n. play, trick | Platts:",trick; lost; walk; magic; looking
2088,صحافت,journalism,361,CLE Urdu top-5000 frequency list,Kaikki+ReadUrdu,True,False,False,journalism,journalism,
2089,ساحلی,coastal,360,CLE Urdu top-5000 frequency list,Kaikki+ReadUrdu,True,False,False,coastal,coastal,BAY; AS; AREA; SURROUNDING; FAR
2090,کوہ,hill; mountain,360,CLE Urdu top-5000 frequency list,Kaikki+ReadUrdu,True,False,False,hill; mountain,n. mountain; hill | Platts:,
2091,امریکن,American,359,CLE Urdu top-5000 frequency list,ReadUrdu+word2word,False,False,True,,American,Americans; wanted; repeatedly; America; Any
2092,قطر,Qatar (a country in West Asia in the Middle East),359,CLE Urdu top-5000 frequency list,Kaikki+ReadUrdu,True,False,False,Qatar (a country in West Asia in the Middle East),"name: Qatar (a country in West Asia in the Middle East) | Platts: (inf. n. of قطر 'to drop,' &c.)",
2093,کارنامہ,memoir; deed; feat; chronicle,359,CLE Urdu top-5000 frequency list,Kaikki+ReadUrdu,True,False,False,"memoir; deed, feat; chronicle, history","deed, feat; chronicle, history; memoir",
2094,بتانے,infinitive indirect of بَتانا (batānā — to tell,358,CLE Urdu top-5000 frequency list,ReadUrdu+word2word,False,False,True,,"infinitive indirect of بَتانا (batānā — to tell, to inform)",tell; mention; telling; vomit; Not
2095,برسی,death anniversary,358,CLE Urdu top-5000 frequency list,Kaikki+ReadUrdu,True,False,False,death anniversary,n. death anniversary; a memorial held at one's death anniversary | Platts:,
2096,چپ,still; silent; quiet,358,CLE Urdu top-5000 frequency list,Kaikki+ReadUrdu+word2word,True,True,True,"still; silent, quiet","adj. silent, quiet; still | Platts: adj. &",quiet; Quiet; Shut; up; shut
2097,قافلہ,caravan,358,CLE Urdu top-5000 frequency list,Kaikki+ReadUrdu,True,False,False,"caravan; tribe, group; convoy, motorcade",caravan,
2098,ساس,mother-in-law (mother of either spouse),357,CLE Urdu top-5000 frequency list,Kaikki+word2word,False,True,False,mother-in-law (mother of either spouse),[Prk.,mother-in-law; charmer; snake; loves; Sarah
2099,فریق,party; group; general; lieutenant,357,CLE Urdu top-5000 frequency list,Kaikki+ReadUrdu,True,False,False,"party, group; general, lieutenant","party, group; general, lieutenant",adversaries; such; They; re; powerful
2100,وقف,devoted; stay,357,CLE Urdu top-5000 frequency list,Kaikki+ReadUrdu+word2word,True,True,True,"pausa; devoted; stop, stay","adj. devoted | n. devotion; devotee; charity, charitable endowment; pause, stay, rest | Platts: (inf. n. of وقف 'to stand,' &c.)",Devote; burdens; carrying; themselves; devoting
2101,افزائش,growth; increase,356,CLE Urdu top-5000 frequency list,Kaikki+ReadUrdu,True,False,False,growth; addition; increase,n. augmentation; increase; growth | Platts:,domination; freshman; by; undefeated; from
2102,جڑ,root; basis,356,CLE Urdu top-5000 frequency list,Kaikki+ReadUrdu+word2word,True,True,True,root; basis; cause,n. root; basis; foundation,root; nonchalant; act; starting; garbage
2103,سپاہی,soldier,356,CLE Urdu top-5000 frequency list,Kaikki+ReadUrdu+word2word,True,True,True,"a brave person; soldier, fighter; policeman; constable",soldier,soldier; soldiers; ease; attacks; symbol
2104,کہانیوں,plural,356,CLE Urdu top-5000 frequency list,ReadUrdu+word2word,False,False,True,,"plural oblique of کَہانی (kahānī — story, tale)",stories; Before; stunning; fabled; imagine
2105,پتنگ,kite,355,CLE Urdu top-5000 frequency list,Kaikki+ReadUrdu,True,False,False,kite,n. kite | Platts: (patan+ga),
2106,لشکر,encampment; cantonment; crew; company (of a ship),355,CLE Urdu top-5000 frequency list,Kaikki+ReadUrdu,True,False,False,"encampment, cantonment; crew, company (of a ship); army, armed force, military","n. army, armed force, military; encampment, cantonment; crew, company (of a ship) | Platts:",Downtown; remodeled; about; get; is
2107,وابستگی,connection; obligation; attachment; affinity,355,CLE Urdu top-5000 frequency list,Kaikki+ReadUrdu,True,False,False,"connection; obligation; attachment, affinity, relationship, adherence","attachment, affinity, relationship, adherence; connection; obligation",commitment; dare; question; story; How
2108,اندراج,insert; enter; registration; insertion,354,CLE Urdu top-5000 frequency list,Kaikki+ReadUrdu+word2word,True,True,True,"insert, enter; registration, insertion, entry","n. registration, insertion, entry; insert, enter | Platts:",entry; submit; event; missing; Like
2109,توبہ,my God!; repentance,354,CLE Urdu top-5000 frequency list,Kaikki+ReadUrdu+word2word,True,True,False,my God!; repentance; recantation,repentance,Tell; God
2110,ناانصافی,injustice; misdeed,354,CLE Urdu top-5000 frequency list,Kaikki+ReadUrdu,True,False,False,"injustice, misdeed","injustice, misdeed",
2111,مدرسہ,school; academy; madrasa; an Islamic school,353,CLE Urdu top-5000 frequency list,Kaikki+ReadUrdu,True,False,False,"school, academy; madrasa, an Islamic school","n. madrasa, an Islamic school; school, academy | Platts: (for مدرسة madrasat, n. of place fr. درس 'to read')",
2112,مشق,exercise,353,CLE Urdu top-5000 frequency list,Kaikki+ReadUrdu+word2word,True,True,True,"exercise, drill","practice, exercise",practice; exercise; practiced; Perhaps; boy/girl
2113,میز,desk; table,353,CLE Urdu top-5000 frequency list,Kaikki+ReadUrdu+word2word,True,True,True,desk; table,n. table; desk | Platts:,UNDER; TABLE; desk; THE; by
2114,ملاحظہ,attention; regard; consideration; inspection,352,CLE Urdu top-5000 frequency list,Kaikki+ReadUrdu,True,False,False,"attention, regard; consideration, inspection, review","n. attention, regard; consideration, inspection, review | Platts: (for A. ملاحظة mulāḥaz̤at, inf. n. of لاحظ 'to look askance at each other; to look attentively (at),' iii of…",See; To; see; na; BANDAGE
2115,چمچہ,pet; puppet; stooge,351,CLE Urdu top-5000 frequency list,Kaikki+ReadUrdu,True,False,False,"pet, puppet; stooge","n. pet, puppet; stooge; alternative form of چَمَچ (camac, “spoon”) | Platts: (S.",
2116,تبسم,smile,350,CLE Urdu top-5000 frequency list,Kaikki+ReadUrdu,True,False,False,smile,smile,
2117,تنہائی,loneliness; solitude,350,CLE Urdu top-5000 frequency list,Kaikki+ReadUrdu,True,False,False,"privacy; solitary confinement; loneliness, solitude, isolation","loneliness, solitude",Alone; chamber; outside; Wait; now
2118,درجن,dozen,350,CLE Urdu top-5000 frequency list,Kaikki+ReadUrdu+word2word,True,True,True,dozen,dozen,dozen; mules; bandits; Once; Sixth
2119,فلاں,so-and-so; a certain thing or person; a designation for something unknown,350,CLE Urdu top-5000 frequency list,Kaikki+ReadUrdu,True,False,False,so-and-so; a certain thing or person; a designation for something unknown,a designation for something unknown; so-and-so; a certain thing or person,
2120,کروانا,to cause to do; to make do or cause; to have or get done or made,350,CLE Urdu top-5000 frequency list,Kaikki+ReadUrdu,True,False,False,"to cause to do, to make do or cause, to have or get done or made","v. to cause to do, to make do or cause, to have or get done or made | Platts: (doub. caus. of karnā), v.t. To cause to be done, &c., to have or get done; to cause (one) to do or make, &c.…",Honey; somebody; while; introduce; Well
2121,نشانی,sign; omen; token; souvenir,350,CLE Urdu top-5000 frequency list,Kaikki+ReadUrdu+word2word,True,True,True,"sign, omen; issue, offspring; token, souvenir, memento, memorabilia","n. memorial, mark of remembrance, keepsake, bookmark; sign, omen; token, souvenir, memento, memorabilia | Platts: (fr. nishān)",sign; Sign; liege; disturb; mark
2122,بدعنوانی,corruption; malpractice,349,CLE Urdu top-5000 frequency list,Kaikki+ReadUrdu,True,False,False,"corruption, malpractice","corruption, malpractice",
2123,بالغ,adult,348,CLE Urdu top-5000 frequency list,Kaikki+ReadUrdu+word2word,True,True,True,adult,n. an adult,precaution; diapers; adult; glove; compartment
2124,دیسی,Desi; local; native; indigenous (to the Indian subcontinent),348,CLE Urdu top-5000 frequency list,Kaikki+ReadUrdu,True,False,False,"Desi; local, native, indigenous (to the Indian subcontinent)","adj. local, native, indigenous (to the Indian subcontinent); Desi | Platts: (i.q. deśī",
2125,اسرار,Secrets,347,CLE Urdu top-5000 frequency list,ReadUrdu+word2word,False,False,True,,"s.m. pl. (of سر sirr), Secrets; confidential concerns",how; it; Mystery; secrets; cause
2126,انگلی,finger,347,CLE Urdu top-5000 frequency list,Kaikki+ReadUrdu,True,False,False,finger,n. finger | Platts:,push; toe; Go; Give; single
2127,یتیم,orphan,347,CLE Urdu top-5000 frequency list,Kaikki+ReadUrdu+word2word,True,True,True,orphan; robber; servant,orphan,orphan; orphanage; an; witnessed; Nasaf
2128,رئیس,nobleman; a rich man; prince; president,346,CLE Urdu top-5000 frequency list,Kaikki+ReadUrdu,True,False,False,"nobleman, a rich man, prince; president, chief, head, chairperson, boss","n. nobleman, a rich man, prince; president, chief, head, chairperson, boss | Platts:",
2129,رونا,to cry; weep,346,CLE Urdu top-5000 frequency list,Kaikki+ReadUrdu+word2word,True,True,True,"to cry, weep","v. to cry, weep | Platts: v.n. To give forth sound, to sound, to make a noise; —",cry; sister; making; little; whining
2130,کشمکش,struggle,346,CLE Urdu top-5000 frequency list,Kaikki+ReadUrdu,True,False,False,struggle; strife,"conflict; struggle, clash",
2131,بیش,more; greater,345,CLE Urdu top-5000 frequency list,Kaikki+ReadUrdu,True,False,False,"more, greater; excess, too much, a lot","adj. More; greater; good, proper, well; better, superior, excellent, preferable; elegant…",
2132,اسلوب,high fashion; guise; manner; routine,344,CLE Urdu top-5000 frequency list,Kaikki+ReadUrdu,True,False,False,"high fashion, guise, manner, routine, style","n. high fashion, guise, manner, routine, style | Platts: (rt. سلب)",
2133,بدنام,infamous,344,CLE Urdu top-5000 frequency list,Kaikki+ReadUrdu+word2word,True,True,True,infamous,infamous,endangered; demonize; infamous; joining; satellite
2134,فعل,verb; act; action; deed,344,CLE Urdu top-5000 frequency list,Kaikki+ReadUrdu,True,False,False,"verb; act, action, deed, work","n. verb; act, action, deed, work | Platts: (fr. faʻl, inf. n. of فعل 'to do,' &c.)",
2135,مربع,square,344,CLE Urdu top-5000 frequency list,Kaikki+ReadUrdu+word2word,True,True,True,square,"n. square | Platts: (pass. part. of ربّع 'to make four; or four-sided,' &c., ii of ربع 'to become the fourth' (of the three),…","square; ""; call; away; And"
2136,مسلط,dominant; victor; subdued; imposed (of a person over another),344,CLE Urdu top-5000 frequency list,Kaikki+ReadUrdu,True,False,False,"dominant, victor, subdued; imposed (of a person over another)","adj. imposed (of a person over another); dominant, victor, subdued | Platts: (pass. part. of سلط 'to cause to overcome or prevail, or have power or dominion' (over), ii of سلط 'to…",
2137,مادر,mother; mama,343,CLE Urdu top-5000 frequency list,Kaikki+ReadUrdu,True,False,False,"mother, mama","n. mother, mama | Platts:",
2138,تقرر,appointment,342,CLE Urdu top-5000 frequency list,ReadUrdu+word2word,False,False,True,,"s.m. Being established; confirmation, ratification; settlement; appointment; approbation; appropriation: —…",appointed; have; all; this; You
2139,جال,net; trap; snare; web,342,CLE Urdu top-5000 frequency list,Kaikki+ReadUrdu,True,False,False,"net; trap, snare; web, spider web","n. net; trap, snare; web, spider web | Platts:",
2140,مغل,Mughal; Moghul,342,CLE Urdu top-5000 frequency list,Kaikki+ReadUrdu,True,False,False,"Mughal, Moghul","n. Mughal, Moghul | Platts:",Mugals; noble; honored; people; Hindu
2141,ظالم,cruel; oppressor,341,CLE Urdu top-5000 frequency list,Kaikki+ReadUrdu+word2word,True,True,True,"cruel; oppressive, unfair, tyrannical; oppressor, unjust, dictator, tyrannical, wrongdoer","oppressor, cruel",cruel; disgusting; brute; brutal; without
2142,نرمی,softness; tenderness,341,CLE Urdu top-5000 frequency list,Kaikki+ReadUrdu,True,False,False,softness; tenderness,n. softness; tenderness | Platts: (fr. narm,
2143,فائل,file,340,CLE Urdu top-5000 frequency list,ReadUrdu+word2word,False,False,True,,file,file; None; files; whole; favorite
2144,مستعفی,one who has resigned; resigning; one seeking to be excused; relieved,340,CLE Urdu top-5000 frequency list,Kaikki+ReadUrdu,True,False,False,"one who has resigned, resigning; one seeking to be excused, relieved, or exempted from","adj. one who has resigned, resigning; one seeking to be excused, relieved, or exempted from | Platts: (for A. مستعفٍ mustaʻfiṉ, act. part. of استعفي 'to seek to be exempted or excused (from),' x of عفا (for عفو…",
2145,نثر,prose,340,CLE Urdu top-5000 frequency list,Kaikki+ReadUrdu,True,False,False,prose,"n. prose | Platts: (inf. n. of نثر 'to scatter,' &c.)",
2146,بو,stink; stench; smell; odor,339,CLE Urdu top-5000 frequency list,Kaikki+ReadUrdu,True,False,False,"stink, stench; smell, odor, scent","n. smell, odor, scent; stink, stench | Platts:",
2147,گود,bosom; embrace,339,CLE Urdu top-5000 frequency list,Kaikki+ReadUrdu,True,False,False,bosom; embrace; adoption,n. lap (body); bosom; embrace | Platts:,
2148,مہندی,henna (Lawsonia inermis and its dye),339,CLE Urdu top-5000 frequency list,Kaikki+ReadUrdu,True,False,False,henna (Lawsonia inermis and its dye),henna (Lawsonia inermis and its dye),
2149,تمنا,longing; wish,338,CLE Urdu top-5000 frequency list,Kaikki+ReadUrdu,True,False,False,"longing; aspiration; wish, desire","wish, longing",dream; respect; every; family; ever
2150,رانی,queen,338,CLE Urdu top-5000 frequency list,Kaikki+ReadUrdu+word2word,True,True,True,queen; a female; a weed plant; wild plant,"n. queen; the First Lady of a state, empire; an honorific for Hindu women | Platts:",queen; For; a; ?
2151,گرما,summer; the hot season,337,CLE Urdu top-5000 frequency list,Kaikki+ReadUrdu+word2word,True,True,True,"summer, the hot season","n. summer, the hot season | Platts:",summer; might; talk; vacation; guys
2152,پاگل,lover,336,CLE Urdu top-5000 frequency list,Kaikki+ReadUrdu,True,False,True,"lover; silly, dummy; witch, devil","adj. crazy, mad, insane (ie. someone who has lost their mind); stupid, nuts, daft; crazy excited (or enthusiastic, passionate.) | n. same as adjectives above; madman, lunatic; crazy person; lover | Platts: adj. &",crazy; sick; mad; freak; insane
2153,شانہ,comb; shoulder,336,CLE Urdu top-5000 frequency list,Kaikki+ReadUrdu,True,False,False,comb; shoulder,n. shoulder; shoulder blade; comb | Platts:,Anik; alongside; Punk; Skrape; promoter
2154,لب,lip,336,CLE Urdu top-5000 frequency list,Kaikki+ReadUrdu,True,False,False,"lip; edge; shore; margin (ie. of a river, coast etc.)",lip; brink,
2155,دلہن,bride; daughter,335,CLE Urdu top-5000 frequency list,Kaikki+ReadUrdu+word2word,True,True,True,bride; daughter,n. bride; daughter-in-law (son's wife); daughter | Platts:,bride; true; sit; ride; his
2156,عجب,droll; rare; strange; wonderful,335,CLE Urdu top-5000 frequency list,Kaikki+ReadUrdu,True,False,False,"droll; rare, strange; wonderful, astonishing, amazing, miraculous","adj. wonderful, astonishing, amazing, miraculous; rare, strange; droll | Platts: (inf. n. of عجب 'to wonder')",
2157,واسطہ,sake,334,CLE Urdu top-5000 frequency list,Kaikki+ReadUrdu,True,False,False,"account, sake; business, concern; anything intermediate","connection; sake, mediation",
2158,آرزو,wish; desire,333,CLE Urdu top-5000 frequency list,Kaikki+ReadUrdu,True,False,False,wish; desire; longing,"desire, wish",
2159,بادل,cloud; storm,333,CLE Urdu top-5000 frequency list,Kaikki+ReadUrdu+word2word,True,True,True,cloud; storm,n. cloud; storm | Platts:,cloud; Cock-a-doodle-doo; dust; gone; familial
2160,بلی,cat,333,CLE Urdu top-5000 frequency list,Kaikki+ReadUrdu,True,False,False,"cat; yes, why not",n. cat,pussy; Here; go; Considering; saves
2161,جہالت,ignorance,333,CLE Urdu top-5000 frequency list,ReadUrdu+word2word,False,False,True,,ignorance,Ignorance; innocence; same; Heresies; pagan
2162,قصہ,story; tale,333,CLE Urdu top-5000 frequency list,Kaikki+ReadUrdu,True,False,False,"story, tale","n. story, tale | Platts: (for A. قصة qiṣṣat, n. of un. fr. قصّ 'to cut; to explain,' &c.)",see; Make; sure; any; let
2163,اذیت,torture; agony; bane; harassment,332,CLE Urdu top-5000 frequency list,Kaikki+ReadUrdu,True,False,False,"torture, agony, bane, harassment, sufferance, suffering, trouble, hot water","n. torture, agony, bane, harassment, sufferance, suffering, trouble, hot water | Platts:",Haven; seen; around; through; go
2164,پاپ,sin,332,CLE Urdu top-5000 frequency list,Kaikki+ReadUrdu,True,False,False,sin,n. sin | Platts:,Pop; pop; forgave; Night; mail
2165,پیمانہ,scale; measure; wine goblet; drinking cup,332,CLE Urdu top-5000 frequency list,Kaikki+ReadUrdu,True,False,False,"scale, size, scope, level; length gauge, measure, standard; wine goblet, drinking cup, bowl","measure, scale; wine cup",measures; validate; taking; am; will
2166,آلودہ,polluted; impure; soiled; contaminated,331,CLE Urdu top-5000 frequency list,Kaikki+ReadUrdu,True,False,False,"polluted, impure, soiled, contaminated","adj. polluted, impure, soiled, contaminated | Platts: part. adj. Defiled, polluted, sullied, soiled, stained, spoiled; smeared, immersed, covered; loaded (with),…",
2167,تلوار,a sword,331,CLE Urdu top-5000 frequency list,Kaikki+ReadUrdu+word2word,True,True,True,a sword,n. a sword | Platts:,sword; honor; taking; Give; shuffling
2168,جانوں,first-person singular future subjunctive of جانْنا (jānnā; “to know; comprehend”),331,CLE Urdu top-5000 frequency list,Kaikki+ReadUrdu,True,False,False,"first-person singular future subjunctive of جانْنا (jānnā, “to know; comprehend”)","n. oblique plural of جَان (jān) | v. first-person singular future subjunctive of جانْنا (jānnā, “to know; comprehend”)",Acting; boldly; courageously; spare; lives
2169,زار,czar; groan; lament,331,CLE Urdu top-5000 frequency list,Kaikki+ReadUrdu,True,False,False,czar; groan; lament,n. lament; groan; czar | Platts:,
2170,شرم,shame,331,CLE Urdu top-5000 frequency list,Kaikki+ReadUrdu+word2word,True,True,True,shame,n. shame | Platts:,shame; ashamed; outrage; Modestly; Isn
2171,ہڈیوں,plural,331,CLE Urdu top-5000 frequency list,ReadUrdu+word2word,False,False,True,,plural oblique of ہَڈّی (haḍḍī — bone),bones; Bones; grind; Joe; crisp
2172,اعتدال,balance; equilibrium,330,CLE Urdu top-5000 frequency list,Kaikki+ReadUrdu,True,False,False,balance; equinox; equilibrium,n. moderation (mildness; temperateness); balance; equilibrium | Platts:,
2173,امانت,lost and found,330,CLE Urdu top-5000 frequency list,Kaikki+ReadUrdu,True,False,False,lost and found; safety; security; honesty; integrity; trustworthiness,n. trust; deposit or possession entrusted to someone for safekeeping.; lost and found; a trust (fund setup for a beneficiary) | Platts: (for A. امانة),
2174,رعایت,observance; regard; respect,330,CLE Urdu top-5000 frequency list,Kaikki+ReadUrdu,True,False,False,"approval; observance; regard, respect","n. observance; regard, respect; favour, concession, rebate | Platts: (for A. رعاية, inf. n. of رعي 'to pasture, to tend')",exception; usually; supposed; submit; own
2175,مرغی,hen,330,CLE Urdu top-5000 frequency list,Kaikki+ReadUrdu+word2word,True,True,True,hen,n. hen | Platts:,hen; From; lays; eggs; giant
2176,نہاد,disposition; nature; base; foundation,329,CLE Urdu top-5000 frequency list,Kaikki+ReadUrdu,True,False,False,"disposition, nature; base, foundation, root; birth; race; generation","n. disposition, nature; base, foundation, root; birth; race; generation | Platts: (fr. nihādan; see nih)",darknet; so-called; sold; World-Wide-Web; Everyone
2177,چمن,garden,327,CLE Urdu top-5000 frequency list,Kaikki+ReadUrdu,True,False,False,"garden; flourishing place, parterre, verdant; Chaman (a city in Qilla Abdullah district, Balochistan, Pakistan)","garden, flower bed",Camp; Chapman; overboard; baked; may
2178,انار,pomegranate,326,CLE Urdu top-5000 frequency list,Kaikki+ReadUrdu,True,False,False,pomegranate,n. pomegranate | Platts:,
2179,بانو,queen; housewife; lady; a woman of rank,326,CLE Urdu top-5000 frequency list,Kaikki+ReadUrdu,True,False,False,"queen; housewife; lady, a woman of rank","n. lady, a woman of rank; queen; housewife | Platts: (S.",
2180,تل,mole; sesame,326,CLE Urdu top-5000 frequency list,Kaikki+ReadUrdu,True,False,False,mole; sesame,n. sesame; mole | Platts:,
2181,رزق,daily bread,326,CLE Urdu top-5000 frequency list,Kaikki+ReadUrdu,True,False,False,"allowance; income, wages; daily bread, sustenance","livelihood, daily bread",Palestinian; soil; lie; Do; go
2182,سایہ,shadow,326,CLE Urdu top-5000 frequency list,ReadUrdu+word2word,False,False,True,end; arrow; evening,"shadow, shade; protection",shadow; Look; he; s; power
2183,کیلی,play; sport; pastime; amusement,326,CLE Urdu top-5000 frequency list,Kaikki+ReadUrdu,True,False,False,"play, sport; pastime, amusement; amorous sport, sexual intercourse","n. play, sport; amorous sport, sexual intercourse; pastime, amusement | Platts:",CALIFORNIA; BASICALLY; TO; SOUTHERN; DEVASTATION
2184,بتدریج,gradually; slowly; bit by bit,324,CLE Urdu top-5000 frequency list,Kaikki+ReadUrdu,True,False,False,"gradually, slowly, bit by bit","gradually, slowly, bit by bit",
2185,بیوہ,widow,324,CLE Urdu top-5000 frequency list,Kaikki+ReadUrdu+word2word,True,True,True,widow,widow,widow; His; victorious; pledged; comrade
2186,تقدیر,fate; destiny,324,CLE Urdu top-5000 frequency list,Kaikki+ReadUrdu+word2word,True,True,True,fate; destiny; predestination,"destiny, fate",It; destiny; s; yours; been
2187,جواد,speedy horse; generous; bounteous; liberal,324,CLE Urdu top-5000 frequency list,Kaikki+ReadUrdu,True,False,False,"speedy horse; generous, bounteous, liberal, munificent, beneficent","adj. generous, bounteous, liberal, munificent, beneficent | n. speedy horse | Platts: (see jūd), adj. Liberal, bountiful, munificent, generous, beneficent",
2188,ہمسایہ,neighbor,324,CLE Urdu top-5000 frequency list,Kaikki+ReadUrdu,True,False,False,neighbor,neighbor,
2189,مہنگا,precious; priceless; expensive; costly,323,CLE Urdu top-5000 frequency list,Kaikki+ReadUrdu+word2word,True,True,True,"precious; priceless; expensive, costly","adj. expensive, costly; precious; priceless | Platts: adj. (f. -ī), High-priced, dear, expensive, costly",expensive; Very; flypaper; pays; detainee
2190,اصرار,insistence; obduracy; obstinacy; persistence,322,CLE Urdu top-5000 frequency list,Kaikki+ReadUrdu,True,False,False,"insistence, obduracy, obstinacy, persistence","n. insistence, obduracy, obstinacy, persistence | Platts:",insisted; coming; today; insisting; conducted
2191,بوتل,bottle,321,CLE Urdu top-5000 frequency list,Kaikki+ReadUrdu+word2word,True,True,True,bottle,n. bottle; wine bottle | Platts: (corr. from the English),bottle; Bring; shaky; Got; give
2192,صنف,gender; a genre,321,CLE Urdu top-5000 frequency list,Kaikki+ReadUrdu,True,False,False,gender; a genre,a genre; gender,
2193,مالا,garland; necklace,321,CLE Urdu top-5000 frequency list,Kaikki+ReadUrdu,True,False,False,garland; necklace,n. garland; necklace | Platts:,
2194,مشقت,toil; trouble,321,CLE Urdu top-5000 frequency list,Kaikki+ReadUrdu,True,False,False,"toil, trouble","n. toil, trouble | Platts: (for A. مشقة, inf. n. of شقّ 'to distress; to be distressing; to be difficult,' &c.)",evaluate; meant; risk; position; doing
2195,اصطلاح,idiom; term; vocable,320,CLE Urdu top-5000 frequency list,Kaikki+ReadUrdu+word2word,True,True,True,"idiom, term, vocable","n. idiom, term, vocable | Platts:",SLANG; TERM; DID; IS; KNOW
2196,گندگی,filth; dirt; rubbish; litter,319,CLE Urdu top-5000 frequency list,Kaikki+ReadUrdu+word2word,True,True,True,"filth, dirt; rubbish, litter","n. filth, dirt; rubbish, litter | Platts:",shit; mess; SHIT; suckers; dirt
2197,باغیوں,rebel),318,CLE Urdu top-5000 frequency list,ReadUrdu+word2word,False,False,True,,"plural oblique of بَاغِی (bāġī — traitor, rebel)",experimental; rebels; Africa; US; providing
2198,صابن,soap; washing powder (ie. for a washing machine etc.),318,CLE Urdu top-5000 frequency list,Kaikki+ReadUrdu,True,False,False,soap; washing powder (ie. for a washing machine etc.),soap; washing powder (ie. for a washing machine etc.),
2199,عرق,juice; essence; liquor; distillate,318,CLE Urdu top-5000 frequency list,Kaikki+ReadUrdu,True,False,False,"blood vessel; juice, essence; liquor, distillate, spirit","n. sweat, perspiration, exuded moisture; juice, essence; liquor, distillate, spirit | Platts: (inf. n. of عرق 'to sweat')",
2200,ڈاک,dak; mail; post,318,CLE Urdu top-5000 frequency list,Kaikki+ReadUrdu,True,False,False,"dak; mail, post","mail, post; dak",stamps; check; visa; You; can
2201,پرچم,flag; banner,317,CLE Urdu top-5000 frequency list,Kaikki+ReadUrdu+word2word,True,True,True,"flag, banner","n. flag, banner | Platts:",flag; peak; 7; halfway; 1
2202,حائل,obstacle; impediment; hindering; standing in the way,316,CLE Urdu top-5000 frequency list,Kaikki+ReadUrdu,True,False,False,"obstacle, impediment; hindering, standing in the way, disturbing; intervening, interposing, restraining, preventing","adj. intervening, interposing, restraining, preventing; hindering, standing in the way, disturbing | n. obstacle, impediment | Platts: (act. part. n. of حول 'to intervene,' &c.), part. &",
2203,زرد,yellow,316,CLE Urdu top-5000 frequency list,Kaikki+ReadUrdu,True,False,False,yellow,"adj. yellow | Platts: adj. Yellow (syn. pīlā); pale, pallid, wan, livid: — zard-āb",goldfish; receipt; hope; got; your
2204,تقوی,taqwa – fear of God; piety; abstinence,315,CLE Urdu top-5000 frequency list,Kaikki+ReadUrdu,True,False,False,taqwa – fear of God; piety; abstinence,n. taqwa – fear of God; piety; abstinence | Platts:,
2205,دہلوی,Delhiite; a surname transferred from the place name,315,CLE Urdu top-5000 frequency list,Kaikki+ReadUrdu,True,False,False,Delhiite; a surname transferred from the place name,adj. Delhiite | name: a surname transferred from the place name | n. Delhiite (a person from Delhi),
2206,آلہ,weapon; appliance,314,CLE Urdu top-5000 frequency list,Kaikki+ReadUrdu,True,False,True,weapon; appliance; contraption,"n. tool, implement, instrument, device; weapon; appliance | Platts: (for A. آلة)",device; prefer; infiltrate; neutron; locate
2207,برش,brush; cutting; sharpness,314,CLE Urdu top-5000 frequency list,Kaikki+ReadUrdu,True,False,False,brush; cutting; sharpness,n. cutting; sharpness; brush | Platts:,
2208,پہیلی,enigma; puzzle; riddle,314,CLE Urdu top-5000 frequency list,Kaikki+ReadUrdu+word2word,True,True,True,enigma; puzzle; riddle,n. riddle; puzzle; enigma | Platts:,Enigma; Is; an; that; ?
2209,گن,merit; virtue; quality; condition,314,CLE Urdu top-5000 frequency list,Kaikki+ReadUrdu,True,False,False,"merit, virtue; quality, condition; characteristic, property","n. quality, condition; characteristic, property; merit, virtue | Platts:",Gun; Guns; Outside; gun; left
2210,متوسط,(act. part. of توسّط 'to be in the middle or midst' (of),314,CLE Urdu top-5000 frequency list,ReadUrdu+word2word,False,False,True,,"(act. part. of توسّط 'to be in the middle or midst' (of), &c., v of وسط 'to sit, or to penetrate, into the…",middle-class; ex-military; community; mostly; Now
2211,نوع,s.m. Mankind: — nauʻ-o-jins,314,CLE Urdu top-5000 frequency list,ReadUrdu+word2word,False,False,True,,"s.m. Species (opp. of jins, 'genus'), kind, sort; manner, mode: — nauʻ-ě-inṣān, s.m. Mankind: — nauʻ-o-jins,…",mankind; walked; ago; away; 100
2212,چادر,covering; bed sheet,313,CLE Urdu top-5000 frequency list,Kaikki+ReadUrdu,True,False,False,chador; covering; bed sheet,n. covering; bedspread; bed sheet | Platts:,cloak; take; from; just; can
2213,قطب,pole,313,CLE Urdu top-5000 frequency list,Kaikki+ReadUrdu,True,False,False,pole,pole,
2214,قول,vow; pledge; word of honour; promise,313,CLE Urdu top-5000 frequency list,Kaikki+ReadUrdu,True,False,False,"saying, quote, quotation; vow, pledge, word of honour, promise; poetical words of Sufis and mystics sung by qawwali singers","n. vow, pledge, word of honour, promise; a deed of lease on land between the government and another party; poetical words of Sufis and mystics sung by qawwali singers | Platts: (inf. n. of قول 'to speak; to say,' &c.)",view; his; rear; Come; mentioned
2215,کرسی,chair,313,CLE Urdu top-5000 frequency list,Kaikki+ReadUrdu+word2word,True,True,True,chair,n. chair | Platts:,chair; Or; Why; tell; didn
2216,ٹکر,collision; hit; crash (impact between two objects),313,CLE Urdu top-5000 frequency list,Kaikki+ReadUrdu,True,False,False,"collision, hit, crash (impact between two objects)","collision, hit, crash (impact between two objects)",
2217,ستاروں,“star”),312,CLE Urdu top-5000 frequency list,ReadUrdu+word2word,False,False,True,,"oblique plural of سِتارَہ (sitāra, “star”)",as; Among; would; stars; four-star
2218,کہر,light brown; bay; reddish-brown (especially of horses),312,CLE Urdu top-5000 frequency list,Kaikki+ReadUrdu,True,False,False,"light brown; bay, reddish-brown (especially of horses)","adj. light brown; bay, reddish-brown (especially of horses) | Platts:",
2219,واہ,"wow, whoa; Wah (a city in Rawalpindi district; Punjab; Pakistan)",312,CLE Urdu top-5000 frequency list,Kaikki+ReadUrdu+word2word,True,True,False,"wow, whoa; Wah (a city in Rawalpindi district, Punjab, Pakistan)","name: Wah (a city in Rawalpindi district, Punjab, Pakistan) | Platts: (P. wāh; A. wāh, wāha, wāhi, wāhā), intj. O! bravo! well done; excellent! — how strange! you don't say so!…",Wow; Whoa; wow; WHOA; WOW
2220,بندے,slave”):,311,CLE Urdu top-5000 frequency list,ReadUrdu+word2word,False,False,True,direct plural; oblique/vocative singular,"inflection of بَنْدَہ (banda, “servant; slave”):",!; Slave; slavus; the; Davus
2221,نرخ,price; rate; cost,310,CLE Urdu top-5000 frequency list,Kaikki+ReadUrdu,True,False,False,"price, rate, cost","n. price, rate, cost | Platts: (",
2222,سینہ,chest; breast,309,CLE Urdu top-5000 frequency list,Kaikki+ReadUrdu+word2word,True,True,True,"chest, breast","n. chest, breast | Platts:",Head; stumping; strides; chest; held
2223,معدہ,stomach (internal organ),309,CLE Urdu top-5000 frequency list,Kaikki+ReadUrdu+word2word,True,True,True,stomach (internal organ),"n. stomach (internal organ) | Platts: (for A. معدة měʻdat, or maʻidat, v.n. fr. معد 'to draw or seize rapidly; to carry off')",rejects; stomach; die; doesn; full
2224,دنیاوی,worldly; materialistic; secular (ie. as opposed to religious or spiritual),308,CLE Urdu top-5000 frequency list,Kaikki+ReadUrdu,True,False,False,"worldly, materialistic; secular (ie. as opposed to religious or spiritual)","worldly, materialistic; secular (ie. as opposed to religious or spiritual)",
2225,معدنیات,Minerals; mineral substances,308,CLE Urdu top-5000 frequency list,ReadUrdu+word2word,False,False,True,,"s.f. pl. (of maʻdanī), Minerals, mineral substances; metals: — ʻilm-ě-maʻdanīyāt, The science treating of…",minerals; weakening; capable; cells; A
2226,چرس,charas (cannabis-resin intoxicant),307,CLE Urdu top-5000 frequency list,Kaikki+ReadUrdu,True,False,False,charas (cannabis-resin intoxicant),n. charas (cannabis-resin intoxicant) | Platts: (fr. ćarsā),Bringing; liquor; marijuana; Asia; places
2227,طیارہ,airplane; airship; plane (aircraft of any kind),307,CLE Urdu top-5000 frequency list,Kaikki+ReadUrdu,True,False,False,airplane; airship; plane (aircraft of any kind),airplane; airship; plane (aircraft of any kind),THE; Qaddafi; anti-air; nonexistent; virtually
2228,عیسائی,Christian,307,CLE Urdu top-5000 frequency list,Kaikki+ReadUrdu+word2word,True,True,True,Christian,"adj. Christian | n. Christian | Platts: (rel. n. fr. عيسي ʻīsā), adj. &",Christian; Christians; am; baptized; as
2229,اخباری,journalistic,306,CLE Urdu top-5000 frequency list,Kaikki+ReadUrdu,True,False,False,journalistic,journalistic,crossword; Watch; puzzle; thought; days
2230,دستاویز,signature; document; paper; bond,306,CLE Urdu top-5000 frequency list,Kaikki+ReadUrdu+word2word,True,True,True,"signature; document, paper; bond, deed, a note of hand","document, paper; bond, deed, a note of hand; signature",document; form; release; –; Vice
2231,شناختی,identification,306,CLE Urdu top-5000 frequency list,Kaikki+ReadUrdu+word2word,True,True,True,identification,identification,ID; Present; Identity; identification; paper
2232,صداقت,the truth; friendship,306,CLE Urdu top-5000 frequency list,Kaikki+ReadUrdu,True,False,False,the truth; friendship; authenticity,"n. the truth; truthfulness; honesty; sincerity; friendship | Platts: (for A. صداقة, v.n. fr. صدق 'to speak truth,' &c.)",
2233,تہوار,day of festival; celebration; holiday,305,CLE Urdu top-5000 frequency list,Kaikki+ReadUrdu+word2word,True,True,True,"day of festival, celebration, holiday","day of festival, celebration, holiday",To; Festival; her; tell; King
2234,خاوند,husband,305,CLE Urdu top-5000 frequency list,Kaikki+ReadUrdu,True,False,False,husband,n. husband | Platts: (,
2235,مافیا,the mafia; a member of the mafia,305,CLE Urdu top-5000 frequency list,ReadUrdu+word2word,False,False,True,,the mafia; a member of the mafia,cartels; specialty; consumed; mafia; pursuing
2236,ادرک,ginger,304,CLE Urdu top-5000 frequency list,Kaikki+ReadUrdu,True,False,False,ginger,n. ginger | Platts:,
2237,تیر,bank,304,CLE Urdu top-5000 frequency list,Kaikki+ReadUrdu,True,False,False,bank; beam; edge,n. shore; bank; margin,swim; arrow; swept; Kushkan; An
2238,دلکش,attractive; interesting; engaging; pleasant,304,CLE Urdu top-5000 frequency list,Kaikki+ReadUrdu+word2word,True,True,True,"attractive, interesting, engaging, pleasant, lovely, charming, winsome","attractive, interesting, engaging, pleasant, lovely, charming, winsome",charming; ain; sincere; Is; raised
2239,مزے,enjoyment,304,CLE Urdu top-5000 frequency list,ReadUrdu+word2word,False,False,True,,"plural direct of مَزَہ (maza — fun, pleasure, enjoyment, delight)",Enjoy; funny; CROWD; APPLAUDING; part
2240,تسلی,contentment; satisfaction; consolation; comfort,303,CLE Urdu top-5000 frequency list,Kaikki+ReadUrdu,True,False,False,"contentment, satisfaction, consolation, comfort, solace, assurance","n. contentment, satisfaction, consolation, comfort, solace, assurance | Platts:",calm; down; let; terminal; adventure
2241,سلطنت,kingdom; empire,303,CLE Urdu top-5000 frequency list,Kaikki+ReadUrdu+word2word,True,True,True,"principality, state, sultanate; kingdom, empire, dominion, realm, reign, Reich","empire, kingdom",empire; Empire; Save; kingdom; gaming
2242,پلاسٹک,plastic,302,CLE Urdu top-5000 frequency list,Kaikki+ReadUrdu,True,False,False,plastic,plastic,
2243,شر,evil; wickedness,302,CLE Urdu top-5000 frequency list,Kaikki+ReadUrdu,True,False,False,"evil, wickedness","n. evil, wickedness | Platts:",
2244,معمر,old; aged; colonist; settler,302,CLE Urdu top-5000 frequency list,Kaikki+ReadUrdu,True,False,False,"old; aged; colonist, settler","adj. aged; old | n. aged person, elderly; old object; colonist, settler | Platts: (pass. part. of عمر 'to prolong life; to preserve alive,' ii of عمر 'to live long'), part. adj. Aged; blest…",
2245,وقوع,befalling; tragedy; incident; occurrence,302,CLE Urdu top-5000 frequency list,Kaikki+ReadUrdu,True,False,False,"befalling; tragedy, incident; occurrence, event (in the moment)","n. occurrence, event (in the moment); befalling; tragedy, incident | Platts: (inf. n. of وقع 'to fall out, to happen,' &c.)",1939; Harbor; location; There; screaming
2246,سرما,winter,301,CLE Urdu top-5000 frequency list,Kaikki+ReadUrdu+word2word,True,True,True,winter,n. alternative form of سرمہ (surma); winter | Platts:,winter; Even; PREACHER; LIKES; COLD
2247,احاطہ,bawn; enclosure; fence; limitation,300,CLE Urdu top-5000 frequency list,Kaikki+ReadUrdu,True,False,False,"bawn, enclosure, fence, limitation, mew, pale, parvis, sept, yard","n. bawn, enclosure, fence, limitation, mew, pale, parvis, sept, yard | Platts:",cover; Cover; COVER; covered; flour
2248,قابلیت,ability; capability,300,CLE Urdu top-5000 frequency list,Kaikki+ReadUrdu,True,False,False,"ability, capability","n. ability, capability | Platts: (for A. قابلية; qābil+abst. aff. īyat)",
2249,ٹرکوں,plural,300,CLE Urdu top-5000 frequency list,ReadUrdu+word2word,False,False,True,,plural oblique of ٹْرَک (ṭrak — truck),trucks; throwing; rocks; Some; started
2250,متوجہ,attentive; attracted,299,CLE Urdu top-5000 frequency list,Kaikki+ReadUrdu,True,False,False,attentive; attracted,"adj. attracted; attentive | Platts: (act. part. of توجّه, v of (and syn. with) وجه 'to turn the face' (to or towards), &c.), part. adj. Having…",eat; drew; They; close; But
2251,مصری,Egyptian,299,CLE Urdu top-5000 frequency list,Kaikki+ReadUrdu+word2word,True,True,True,Egyptian,Egyptian; a kind of sugar candy,EDS; Egyptian; carriers; Seems; probably
2252,چوٹی,peak (of a mountain),298,CLE Urdu top-5000 frequency list,ReadUrdu+word2word,False,False,True,,"braid; lock of hair; summit, peak (of a mountain)",ridge; short; peak; haven; its
2253,بادام,almond,297,CLE Urdu top-5000 frequency list,Kaikki+ReadUrdu,True,False,False,almond,n. almond | Platts: ( = S.,
2254,چشم,eye,296,CLE Urdu top-5000 frequency list,Kaikki+ReadUrdu,True,False,False,eye,n. eye | Platts:,
2255,رکعت,rak'a; one of two to four cycles of Islamic prayer (salat),296,CLE Urdu top-5000 frequency list,Kaikki+ReadUrdu,True,False,False,"rak'a, one of two to four cycles of Islamic prayer (salat)","n. rak'a, one of two to four cycles of Islamic prayer (salat) | Platts: (for A. رکعة, inf. n. of un. of رکع 'to bow or bend oneself')",
2256,بتانا,to tell; to inform; to spend; pass,295,CLE Urdu top-5000 frequency list,Kaikki+ReadUrdu+word2word,True,True,True,"to tell, to inform; to spend, pass, live out (said of time, life etc.)","v. to tell, to inform; to spend, pass, live out (said of time, life etc.) | Platts:",tell; played; former; 865; taxiing
2257,چلانا,to start; to cause to walk; to move,295,CLE Urdu top-5000 frequency list,Kaikki+ReadUrdu,True,False,False,to start; to drive (a vehicle); to cause to walk; to move,"v. to cause to walk; to move; to start; to run, establish (a business) | Platts: v.t. To cause to move or go or pass, to move, put in motion, set agoing; to stir, agitate (with a spoon,…",shoot; No; kids; her; wanna
2258,حلال,halal; rightful,295,CLE Urdu top-5000 frequency list,Kaikki+ReadUrdu,True,False,False,halal; rightful; hard-earned,"adj. halal; lawful, permissible; rightful | Platts: (fr. حلّ 'to untie,' &c.)",
2259,روکنا,v.t. To stop,295,CLE Urdu top-5000 frequency list,ReadUrdu+word2word,False,False,True,,"v.t. To stop, check, arrest, challenge (as a sentry), restrain, prohibit, hinder, impede, retard, prevent,…",stopped; has; crybaby; STOP; aside
2260,فساد,riot; feud; outbreak,295,CLE Urdu top-5000 frequency list,Kaikki+ReadUrdu,True,False,False,"riot, feud, outbreak","n. riot, feud, outbreak | Platts: (inf. n. of فسد 'to be bad, evil, or corrupt,' &c.)",
2261,نشہ,intoxication,295,CLE Urdu top-5000 frequency list,Kaikki+ReadUrdu,True,False,False,"delusion; addiction; intoxication, drunkenness",intoxication,
2262,پستول,pistol,294,CLE Urdu top-5000 frequency list,Kaikki+ReadUrdu+word2word,True,True,True,pistol,pistol,pistol; Some; had; guy; shooter
2263,سرگرمی,activity; hobby; zeal; earnestness,294,CLE Urdu top-5000 frequency list,Kaikki+ReadUrdu+word2word,True,True,True,"activity, hobby; zeal, earnestness, eagerness","activity, hobby; zeal, earnestness, eagerness",activity; ahead; auditorium; teacher; suspended
2264,واجب,appropriate; proper; necessary,294,CLE Urdu top-5000 frequency list,Kaikki+ReadUrdu,True,False,False,"appropriate, proper, necessary","adj. appropriate, proper, necessary | Platts: (act. part. of وجب 'to be necessary,' &c.), adj. Necessary, obligatory, binding, incumbent (on); expedient;…",OWE; HUGE; THANKS; GUYS; thanks
2265,پیغمبر,ambassador; envoy; prophet; messenger,293,CLE Urdu top-5000 frequency list,Kaikki+ReadUrdu,True,False,False,"ambassador, envoy; prophet, messenger","prophet, messenger; ambassador, envoy",
2266,لہو,blood,293,CLE Urdu top-5000 frequency list,Kaikki+ReadUrdu,True,False,False,blood,"n. blood; blood, nature (characteristic or personality etc.); blood, family relationship | Platts: (inf. n. of لہو 'to play,' &c.)",
2267,تماشائی,spectator; bystander; viewer,292,CLE Urdu top-5000 frequency list,Kaikki+ReadUrdu,True,False,False,"spectator, bystander, viewer","n. spectator, bystander, viewer | Platts:",
2268,ثانیہ,moment; second (unit of time),292,CLE Urdu top-5000 frequency list,Kaikki+ReadUrdu,True,False,False,moment; second (unit of time),"n. second (unit of time); moment | Platts: (for A. ثانية s̤āniyat, fem. of s̤ānī)",
2269,سانپ,snake,291,CLE Urdu top-5000 frequency list,Kaikki+ReadUrdu+word2word,True,True,True,snake,n. snake | Platts:,garter; snake; Are; a; ?
2270,سراسر,totally; completely; entirely; through-and-through,291,CLE Urdu top-5000 frequency list,Kaikki+ReadUrdu,True,False,False,"totally, completely, entirely, through-and-through","totally, completely, entirely, through-and-through",Sheer; drops; Utter; side; every
2271,احکام,commands,290,CLE Urdu top-5000 frequency list,ReadUrdu+word2word,False,False,True,,"s.m. (pl. of حکم ḥukm), Orders, commands; decrees, injunctions, ordinances, statutes; judicial decisions; a…",Commandments; His; most; important; commands
2272,افسانہ,story,290,CLE Urdu top-5000 frequency list,Kaikki+ReadUrdu,True,False,False,"tale, story; fable, legend, myth, romance","story, fiction",
2273,دادی,an old woman; paternal grandmother,290,CLE Urdu top-5000 frequency list,Kaikki+ReadUrdu+word2word,True,True,True,an old woman; paternal grandmother,n. paternal grandmother; an old woman | Platts:,Grandma; Grandmother; grandmother; grandma; granny
2274,رسمی,usual; ordinary; customary,290,CLE Urdu top-5000 frequency list,Kaikki+ReadUrdu,True,False,False,usual; ordinary; customary,"adj. usual; customary; ordinary | Platts: (rel. n. fr. rasm), adj. Usual, customary; — middling, second sort or rate, ordinary",terminated; officially; As; morning; employment
2275,لاپتہ,missing; unknown,290,CLE Urdu top-5000 frequency list,Kaikki+ReadUrdu+word2word,True,True,True,missing; unknown,missing; unknown,missing; may; event; point; person
2276,منقطع,severed; cut off,290,CLE Urdu top-5000 frequency list,Kaikki+ReadUrdu,True,False,True,"extinct; conclusive; severed, cut off","adj. severed, cut off; concluded, settled, decided; disconnected (ie. interrupted) | Platts: (act. part. of اِنْقطع 'to be broken, cut off, or detached,' &c., vii (and quasi-pass.) of قطع 'to cut off,'…",disconnected; His; phone; s; '
2277,کمرہ,room; chamber; compartment (of an aeroplane or train),289,CLE Urdu top-5000 frequency list,Kaikki+ReadUrdu+word2word,True,True,True,"room, chamber; compartment (of an aeroplane or train)","room, chamber; compartment (of an aeroplane or train)",room; This; clean; stare; service
2278,لہسن,garlic,289,CLE Urdu top-5000 frequency list,Kaikki+ReadUrdu,True,False,False,garlic,n. garlic | Platts:,
2279,تعاقب,pursuit,288,CLE Urdu top-5000 frequency list,ReadUrdu+word2word,False,False,True,,"s.m. Following, pursuit; persecution (syn. pīćhā); alternating, alternation, alternate succession",Can; track; trace; pursuit; far
2280,ناکارہ,useless; redundant,288,CLE Urdu top-5000 frequency list,Kaikki+ReadUrdu,True,False,False,useless; redundant,useless; redundant,
2281,مجرموں,plural,287,CLE Urdu top-5000 frequency list,ReadUrdu+word2word,False,False,True,,"plural oblique of مُجْرِم (mujrim — criminal, offender)",criminals; outlaws; concerned; Criminals; weeds
2282,مزہ,fun; pleasure; enjoyment; delight,287,CLE Urdu top-5000 frequency list,Kaikki+ReadUrdu+word2word,True,True,True,"fun, pleasure, enjoyment, delight","n. fun, pleasure, enjoyment, delight | Platts:",fun; FUN; following; meatspace; cyberspace
2283,جانچ,test; checking,286,CLE Urdu top-5000 frequency list,ReadUrdu+word2word,False,False,True,,"inspection, analysis, enquiry; exam, test; checking",test; Weapons; check; inspecting; Victoria
2284,مانگنے,infinitive indirect of مان٘گْنا (māṅgnā — to ask for),285,CLE Urdu top-5000 frequency list,ReadUrdu+word2word,False,False,True,,infinitive indirect of مان٘گْنا (māṅgnā — to ask for),pains; gains; ask; solve; Great
2285,بربادی,waste; havoc; overthrow; destruction,284,CLE Urdu top-5000 frequency list,Kaikki+ReadUrdu,True,False,False,"waste, havoc, overthrow, destruction, devastation","n. waste, havoc, overthrow, destruction, devastation | Platts:",
2286,پوشیدہ,hidden; concealed; secret; not visible,284,CLE Urdu top-5000 frequency list,Kaikki+ReadUrdu,True,False,False,"hidden, concealed, secret, not visible","adj. hidden, concealed, secret, not visible | Platts: (perf. part. of poshīdan: see posh), part. adj. Concealed, hidden, secret; covered, veiled, clothed, dressed…",invisible; lay; become; stayed; again
2287,تبادلے,plural direct of تَبادِلَہ (tabādilah — exchange,284,CLE Urdu top-5000 frequency list,ReadUrdu+word2word,False,False,True,,"plural direct of تَبادِلَہ (tabādilah — exchange, transfer)",exchange; exchanges; sort; stable; beans
2288,زیارت,a holy visitation; pilgrimage,284,CLE Urdu top-5000 frequency list,Kaikki+ReadUrdu,True,False,False,"ziyarat; a holy visitation, pilgrimage","n. visit; pilgrimage | Platts: (for A. زيارة, inf. n. of زور 'to visit')",
2289,سواری,s.f. Riding; anything on which one rides,284,CLE Urdu top-5000 frequency list,ReadUrdu+word2word,False,False,True,,"s.f. Riding; horsemanship; anything on which one rides, vehicle (beast, horse, &c.), conveyance; equipage,…",ride; Couldn; shotgun; GT-R; riding
2290,ابال,anger; rage; boil; boiling,283,CLE Urdu top-5000 frequency list,Kaikki+ReadUrdu,True,False,False,"anger, rage; boil, boiling, coction","boil, boiling, coction; anger, rage",
2291,حمد,hymn; praise (of God); eulogy; commendation,283,CLE Urdu top-5000 frequency list,Kaikki+ReadUrdu,True,False,False,"hymn; praise (of God); eulogy, commendation","n. praise (of God); hymn; eulogy, commendation | Platts: (inf. n. of حمد 'to praise')",
2292,حنا,henna (the plant (Lawsonia inermis) and the dye prepared from it),283,CLE Urdu top-5000 frequency list,Kaikki+ReadUrdu,True,False,False,henna (the plant (Lawsonia inermis) and the dye prepared from it),henna (the plant (Lawsonia inermis) and the dye prepared from it),
2293,طیب,good; pleasant; agreeable; sweet,283,CLE Urdu top-5000 frequency list,Kaikki+ReadUrdu,True,False,False,"good, pleasant, agreeable, sweet; a fragrant substance, a perfume, odour; the most excellent (of any sort or thing), the essence, the cream (of)","adj. good, pleasant, agreeable, sweet | n. a fragrant substance, a perfume, odour; the most excellent (of any sort or thing), the essence, the cream (of) | Platts: (inf. n. of طيب 'to be good, or pleasant,' &c.)",
2294,فہم,understanding; comprehension,283,CLE Urdu top-5000 frequency list,Kaikki+ReadUrdu+word2word,True,True,True,"understanding, comprehension","n. understanding, comprehension | Platts: (inf. n. of فہم 'to understand,' &c.)",understanding; Are; flatter; liar; used
2295,کاپی,copy,283,CLE Urdu top-5000 frequency list,Kaikki+ReadUrdu+word2word,True,True,True,copy,copy; notebook; copybook; exercise book,copy; Copy; shouts; COPY; Helo
2296,مواصلات,satellite; communications; telecommunications,283,CLE Urdu top-5000 frequency list,Kaikki+ReadUrdu+word2word,True,True,True,"satellite; communications, telecommunications","communications, telecommunications; satellite",lines; communication; physical; owned; communications
2297,منہدم,ravaged; demolished; destroyed,282,CLE Urdu top-5000 frequency list,Kaikki+ReadUrdu,True,False,False,"ravaged, demolished, destroyed","adj. ravaged, demolished, destroyed | Platts: (act. part. of انہدم 'to be thrown down, to be demolished,' &c., vii of هدم 'to ruin, demolish'), part. adj.…",RE; WE; COLLAPSED; ALREADY; GETTING
2298,مویشی,herd; drove,282,CLE Urdu top-5000 frequency list,Kaikki+ReadUrdu,True,False,False,herd; drove,"n. herd; drove | Platts: (by imāla, fr. mawāshī",Animal
2299,ٹینک,tank (vehicle),282,CLE Urdu top-5000 frequency list,Kaikki+ReadUrdu+word2word,True,True,True,tank (vehicle),tank (vehicle),tank; ripped; tanks; hit; Fill
2300,اشتہار,advertisement; notification; poster; renown,281,CLE Urdu top-5000 frequency list,Kaikki+ReadUrdu,True,False,False,"advertisement, notification, poster, renown, reputation","n. advertisement, notification, poster, renown, reputation | Platts:",
2301,اکیس,twenty-one,281,CLE Urdu top-5000 frequency list,Kaikki+ReadUrdu,True,False,False,twenty-one,num. twenty-one | Platts:,21; found; since; days; been
2302,بسنے,oblique infinitive of بَسْنا (basnā — to settle down; to settle in,281,CLE Urdu top-5000 frequency list,ReadUrdu+word2word,False,False,True,,"oblique infinitive of بَسْنا (basnā — to settle down, to settle in, to prosper)",land; settle; Let; Arabs; promised
2303,پیٹرول,petrol; gasoline,281,CLE Urdu top-5000 frequency list,Kaikki+ReadUrdu,True,False,False,"petrol, gasoline","petrol, gasoline",
2304,نایاب,precious; rare; scarce,281,CLE Urdu top-5000 frequency list,Kaikki+ReadUrdu+word2word,True,True,True,"precious; rare, scarce","rare, scarce; precious",rare; rarest; FALCO; NEVADA; presented
2305,اماں,mom; mother; mommy; mummy,280,CLE Urdu top-5000 frequency list,Kaikki+ReadUrdu+word2word,True,True,True,"mom, mother; mommy, mummy","mom, mother; mommy, mummy",Mom; saying; Hey; mean; like
2306,پڑوسی,neighbour (living next-door or adjacent to land),280,CLE Urdu top-5000 frequency list,Kaikki+ReadUrdu,True,False,False,neighbour (living next-door or adjacent to land),neighbour (living next-door or adjacent to land),
2307,چیخ,shriek; squeal; scream; screech,280,CLE Urdu top-5000 frequency list,Kaikki+ReadUrdu+word2word,True,True,True,shriek; squeal; scream; screech,n. scream; screech; shriek; squeal | Platts: (see ćīkhnā),RUMBLING; SCREAMS; noise; DANIEL; shouting
2308,جغرافیائی,geographical; geographic,279,CLE Urdu top-5000 frequency list,Kaikki+ReadUrdu,True,False,False,"geographical, geographic","geographical, geographic",
2309,ویکسین,vaccine,279,CLE Urdu top-5000 frequency list,ReadUrdu+word2word,False,False,True,,vaccine; vaccination,discovering; vaccine; To; would; him
2310,اخلاص,candour; love; purity; selflessness,278,CLE Urdu top-5000 frequency list,Kaikki+ReadUrdu,True,False,False,"candour, love, purity, selflessness, sincerity","n. candour, love, purity, selflessness, sincerity | Platts:",
2311,سستا,cheap; inexpensive,278,CLE Urdu top-5000 frequency list,Kaikki+ReadUrdu+word2word,True,True,True,"cheap, inexpensive","adj. cheap, inexpensive | Platts: adj. (f. -ī), Easily procured, cheap, low-priced",jokes; cheap; Or; his; one
2312,خوابوں,“dream”),277,CLE Urdu top-5000 frequency list,ReadUrdu+word2word,False,False,True,,"oblique plural of خْوَاب (xvāb, “dream”)",nightmares; dreams; Still; having; pot
2313,اڑ,infinitive of اُڑْنا (uṛnā — to fly,276,CLE Urdu top-5000 frequency list,ReadUrdu+word2word,False,False,True,,"infinitive of اُڑْنا (uṛnā — to fly, glide)",fly; breach; YOU; FLY; ANYWHERE
2314,پہنچنا,to feel; to arrive; to reach,276,CLE Urdu top-5000 frequency list,Kaikki+ReadUrdu+word2word,True,True,True,"to feel; to arrive, to reach","v. to arrive, to reach; to feel | Platts: v.n. To arrive, reach, come (upon), come (to or up to); to accrue, extend, befall; to have access (to)",Yeah; deeply; reach; To; tricks
2315,جنون,obsession; madness,275,CLE Urdu top-5000 frequency list,Kaikki+ReadUrdu,True,False,False,"obsession; lunacy, insanity, madness, craziness","obsession, madness, passion",
2316,منا,darling; dear; boy (especially of a child),275,CLE Urdu top-5000 frequency list,Kaikki+ReadUrdu,True,False,False,"darling, dear, boy (especially of a child)","n. darling, dear, boy (especially of a child) | Platts: v.n. See مننا mannā",business; each; stay; other; And
2317,اخراج,ousting; expulsion; efflux; relegation,274,CLE Urdu top-5000 frequency list,Kaikki+ReadUrdu,True,False,False,"ousting; expulsion, efflux, relegation","n. expulsion, efflux, relegation; ousting | Platts:",Emission; signature; unusual; is
2318,قومیت,nationality,274,CLE Urdu top-5000 frequency list,Kaikki+ReadUrdu+word2word,True,True,True,nationality,"n. nationality | Platts: (for A. قومية, abst. s. fr. qaumī)",Jake; nationality; vest; Want; has
2319,مخلوط,complex; mixed; mingled; blended,274,CLE Urdu top-5000 frequency list,Kaikki+ReadUrdu,True,False,False,"complex; mixed, mingled; blended; confused","adj. mixed, mingled; blended; confused; complex | Platts: (pass. part. of خلط 'to mix or mingle,' &c.). part. Mixed, mingled; blended; confused",redefining; Jon; passionate; Sixteen; baddest
2320,احوال,event; narrative; ongoing,273,CLE Urdu top-5000 frequency list,Kaikki+ReadUrdu,True,False,False,"event, narrative, ongoing","n. event, narrative, ongoing | Platts:",
2321,بہو,daughter-in-law (son's wife); bride; wife – the newly wedded wife in the family,273,CLE Urdu top-5000 frequency list,Kaikki+ReadUrdu,True,False,False,daughter-in-law (son's wife); bride; wife – the newly wedded wife in the family,n. daughter-in-law (son's wife); bride; wife – the newly wedded wife in the family | Platts:,
2322,تجاوز,transgression; trespass; limit; deviation,273,CLE Urdu top-5000 frequency list,Kaikki+ReadUrdu,True,False,False,"transgression; trespass, limit; deviation, excess","n. deviation, excess; trespass, limit; transgression | Platts:",exceeding; jurisdiction; overreach; filing; abuse
2323,بحر,sea; meter; ocean,272,CLE Urdu top-5000 frequency list,Kaikki+ReadUrdu+word2word,True,True,False,sea; meter; ocean,poetic meter; sea,Ocean; Indian; turned; Seaboard; wipe
2324,پاکستان,Pakistan (a country in South Asia; official name: اسلامی جمہوریہ پاکستان (islāmī jamhūriya-e pākistān; “Islamic Republic of Pakistan”); capital: اسلام آباد (islām-ābād,Zipf 6.50,wordfreq Urdu multi-corpus ranking (supplemental),Kaikki+ReadUrdu+word2word,True,True,True,"Pakistan (a country in South Asia; official name: اسلامی جمہوریہ پاکستان (islāmī jamhūriya-e pākistān, “Islamic Republic of Pakistan”); capital: اسلام آباد (islām-ābād, “Islamabad”))","Pakistan (a country in South Asia; official name: اسلامی جمہوریہ پاکستان (islāmī jamhūriya-e pākistān,…",Pakistan; Paks; Pakistani; low-level; Mullah-crack-a-dulla
2325,اللہ,God; Allah,Zipf 6.44,wordfreq Urdu multi-corpus ranking (supplemental),Kaikki+ReadUrdu+word2word,True,True,True,God; Allah,"n. Allah; God | Platts: (i.e. al ilāh, 'the God,' by way of eminence)",Allahu; Akbar; Allah; Bismillah; al-Rahim
2326,پھر,then; again,Zipf 6.17,wordfreq Urdu multi-corpus ranking (supplemental),ReadUrdu+word2word,False,False,True,,"then, afterwards; so; again",again; Then; then; Turk; Or
2327,اسلام,Islam,Zipf 6.01,wordfreq Urdu multi-corpus ranking (supplemental),Kaikki+ReadUrdu+word2word,True,True,True,Islam,name: Islam | Platts:,Islam; religion; Balawi; 45; Islamabad
2328,محمد,the Islamic prophet Muhammad; a male given name; Muhammad; Mohammed,Zipf 5.95,wordfreq Urdu multi-corpus ranking (supplemental),Kaikki+ReadUrdu+word2word,True,True,True,"the Islamic prophet Muhammad; a male given name, Muhammad, Mohammed, or Mohammad, from Arabic","name: the Islamic prophet Muhammad; a male given name, Muhammad, Mohammed, or Mohammad, from Arabic | Platts: (pass. part. of حمّد 'to praise much or repeatedly,' ii of حمد 'to praise'), part. Greatly (or highly)…",Shaikh; Mohammed; facilitators; Mohamed; messenger
2329,پنجاب,Punjab (a province in Pakistan); Punjab (a state in northern India); Punjab (a geographical region in South Asia; politically divided between India and Pakistan),Zipf 5.83,wordfreq Urdu multi-corpus ranking (supplemental),Kaikki+ReadUrdu,True,False,False,"Punjab (a province in Pakistan); Punjab (a state in northern India); Punjab (a geographical region in South Asia, politically divided between India and Pakistan)","Punjab (a geographical region in South Asia, politically divided between India and Pakistan); Punjab (a state in northern India); Punjab (a province in Pakistan)",
2330,لاہور,Lahore (the second largest city of Pakistan and the provincial capital of Punjab; located on the Ravi river),Zipf 5.73,wordfreq Urdu multi-corpus ranking (supplemental),Kaikki+ReadUrdu+word2word,True,True,True,Lahore (the second largest city of Pakistan and the provincial capital of Punjab; located on the Ravi river),"name: Lahore (the second largest city of Pakistan and the provincial capital of Punjab; located on the Ravi river) | Platts: prop. n. The city of Lahor, the capital of the Panjāb",Lahore; ISI; chased; slow-rolling; bitch
2331,امریکہ,America; United States of America (a country in North America; United States of America); the Americas (a supercontinent consisting of North America,Zipf 5.72,wordfreq Urdu multi-corpus ranking (supplemental),Kaikki+ReadUrdu+word2word,True,True,True,"America, United States of America (a country in North America; in full, United States of America); America, the Americas (a supercontinent consisting of North America, Central America and South America regarded as a whole; in full, the Americas)","America, the United States",America; States; United; closed; enter
2332,عمران,a male given name from Arabic; equivalent to English Imran,Zipf 5.70,wordfreq Urdu multi-corpus ranking (supplemental),Kaikki+ReadUrdu,True,False,False,"a male given name from Arabic, equivalent to English Imran","a male given name from Arabic, equivalent to English Imran",
2333,اردو,army; camp; the Urdu language; Rekhta (the Hindustani language),Zipf 5.69,wordfreq Urdu multi-corpus ranking (supplemental),Kaikki+ReadUrdu,True,False,False,"army, camp; the Urdu language; Rekhta (the Hindustani language)","name: the Urdu language; Rekhta (the Hindustani language) | n. army, camp | Platts:",
2334,جبکہ,while,Zipf 5.68,wordfreq Urdu multi-corpus ranking (supplemental),ReadUrdu+word2word,False,False,True,,"whereas, while",While; while; OUR; Son; standing
2335,قرآن,Qur'an,Zipf 5.68,wordfreq Urdu multi-corpus ranking (supplemental),Kaikki+ReadUrdu,True,False,False,Qur'an,n. Qur'an | Platts: (inf. n. of قرا 'to read'),
2336,کراچی,Karachi (the largest city in Pakistan situated along the Arabian Sea; as well as the provincial capital of Sindh Province),Zipf 5.68,wordfreq Urdu multi-corpus ranking (supplemental),Kaikki+ReadUrdu+word2word,True,True,True,"Karachi (the largest city in Pakistan situated along the Arabian Sea, as well as the provincial capital of Sindh Province)","Karachi (the largest city in Pakistan situated along the Arabian Sea, as well as the provincial capital of…",Karachi; In; 2004; 2003; About
2337,بھارت,India,Zipf 5.66,wordfreq Urdu multi-corpus ranking (supplemental),Kaikki+ReadUrdu,True,False,False,"India, Bharat (a country in South Asia); Hindustan, the undivided Indian subcontinent",India,
2338,دیکھ,infinitive of دیکْھنا (dekhnā — to look; see; watch),Zipf 5.61,wordfreq Urdu multi-corpus ranking (supplemental),ReadUrdu+word2word,False,False,True,,"infinitive of دیکْھنا (dekhnā — to look, see, watch)",see; watching; looking; seeing; Good
2339,صلی,only used in صلیٰ اللہ علیہ وسلم (sallā-llāhu 'alayhi wa-sallam),Zipf 5.61,wordfreq Urdu multi-corpus ranking (supplemental),Kaikki+ReadUrdu,True,False,False,only used in صلیٰ اللہ علیہ وسلم (sallā-llāhu 'alayhi wa-sallam),phrase only used in صلیٰ اللہ علیہ وسلم (sallā-llāhu 'alayhi wa-sallam) | Platts: 3rd.,advancing; prow; sudden; Of; its
2340,بھر,"full, whole",Zipf 5.58,wordfreq Urdu multi-corpus ranking (supplemental),ReadUrdu+word2word,False,False,True,,"full, whole, throughout (دن بھر = all day)",across; OVER; Blackout; effect; full
2341,دیکھا,saw (of دیکھنا),Zipf 5.57,wordfreq Urdu multi-corpus ranking (supplemental),ReadUrdu+word2word,False,False,True,,saw (of دیکھنا),seen; saw; watched; YouTube; haven
2342,کشمیر,Jammu Kashmir (a union territory of India; Azad Kashmir (an autonomous territory administered by Pakistan; located between (and de facto divided between) India,Zipf 5.56,wordfreq Urdu multi-corpus ranking (supplemental),Kaikki+ReadUrdu+word2word,True,True,True,"Jammu Kashmir (a union territory of India; capitals: Srinagar and Jammu); Azad Kashmir (an autonomous territory administered by Pakistan; capital: Muzaffarabad); Kashmir (a contested geographic region of South Asia in the northern part of the Indian subcontinent, located between (and de facto divided between) India, Pakistan and China)","name: Kashmir (a contested geographic region of South Asia in the northern part of the Indian subcontinent, located… | Platts:",towns; medium-sized; hypothesis; current; Kashmir
2343,سندھ,Sindh (a province of Pakistan); Sind; Scinde (a province of British India),Zipf 5.51,wordfreq Urdu multi-corpus ranking (supplemental),Kaikki+ReadUrdu,True,False,False,"Sindh (a province of Pakistan); Sind, Scinde (a province of British India)","Sindh (a province of Pakistan); Indus (a river in the provinces of Sindh, Punjab and Khyber Pakhtunkhwa and the administrative territory of…; Sind, Scinde (a province of British India)",
2344,رکھا,kept,Zipf 5.48,wordfreq Urdu multi-corpus ranking (supplemental),ReadUrdu+word2word,False,False,True,,"kept, placed (of رکھنا)",kept; care; took; awake; gave
2345,کہہ,say (stem of کہنا,Zipf 5.47,wordfreq Urdu multi-corpus ranking (supplemental),ReadUrdu+word2word,False,False,True,,"say (stem of کہنا, as in کہہ دیا)",saying; telling; sayin; screams; Say
2346,ایران,Iran (a country in West Asia),Zipf 5.44,wordfreq Urdu multi-corpus ranking (supplemental),Kaikki+ReadUrdu+word2word,True,True,True,Iran (a country in West Asia),Iran,Iran; said; Are; Venezuela; or
2347,افغانستان,Afghanistan (a landlocked country between Central Asia and South Asia),Zipf 5.43,wordfreq Urdu multi-corpus ranking (supplemental),Kaikki+ReadUrdu+word2word,True,True,True,Afghanistan (a landlocked country between Central Asia and South Asia),Afghanistan,Afghanistan; alike; Camp; Chapman; invaded
2348,ہندوستان,India (a country in South Asia); Hindustan,Zipf 5.40,wordfreq Urdu multi-corpus ranking (supplemental),Kaikki+ReadUrdu,True,False,False,"The Mughal Empire; India (a country in South Asia); Hindustan, the Indian subcontinent","India, Hindustan",
2349,پیچھے,behind,Zipf 5.35,wordfreq Urdu multi-corpus ranking (supplemental),ReadUrdu+word2word,False,False,True,,behind,behind; Back; Put; Slaves; Stand
2350,لندن,London (a city in Ontario; London (the capital city of the United Kingdom; the capital city of England),Zipf 5.28,wordfreq Urdu multi-corpus ranking (supplemental),Kaikki+ReadUrdu+word2word,True,True,True,"London (a city in Ontario, Canada); London (the capital city of the United Kingdom; the capital city of England)",London (the capital city of the United Kingdom; the capital city of England),London; followed; Blackout; effect; throughout
2351,اسرائیل,Israel (a country in Asia),Zipf 5.25,wordfreq Urdu multi-corpus ranking (supplemental),Kaikki+ReadUrdu+word2word,True,True,True,Israel (a country in Asia),Israel,Israel; immunity; contradict; Israelis; Anything
2352,مسیح,Christ; Messiah,Zipf 5.25,wordfreq Urdu multi-corpus ranking (supplemental),Kaikki+ReadUrdu+word2word,True,True,True,"Christ, Messiah","n. Christ, Messiah | Platts:",Christ; Death; pagans; moonlighting; Applebee
2353,بلوچستان,a mountainous region of Afghanistan; Balochistan (a province of Pakistan); Sistan and Baluchestan (a province of Iran),Zipf 5.24,wordfreq Urdu multi-corpus ranking (supplemental),Kaikki+ReadUrdu,True,False,False,a mountainous region of Afghanistan; Balochistan (a province of Pakistan); Sistan and Baluchestan (a province of Iran),Balochistan (a province of Pakistan); Balochistan (a region between the Middle East and South Asia),
2354,امریکا,America; the Americas (a supercontinent consisting of North America; Central America and South America regarded as a whole; in full,Zipf 5.22,wordfreq Urdu multi-corpus ranking (supplemental),Kaikki+ReadUrdu+word2word,True,True,True,"America, the Americas (a supercontinent consisting of North America, Central America and South America regarded as a whole; in full, the Americas); America, United States of America (a country in North America; in full, United States of America; official name: ریاستہائے متحدہ (riyāsat’hā-e-muttahida))","America, the Americas (a supercontinent consisting of North America, Central America and South America…; America, United States of America (a country in North America; in full, United States of America; official…",States; United; mother; how
2355,برطانیہ,Britain (the United Kingdom,Zipf 5.22,wordfreq Urdu multi-corpus ranking (supplemental),Kaikki+ReadUrdu,True,False,False,"Britain (the United Kingdom, a kingdom and country in Northern Europe including the island of Great Britain as well as Northern Ireland on the northeastern portion of the island of Ireland)",Britain,bombings; U.K; did; right; You
2356,گنتی,counting; calculation; reckoning; Numbers (book of the Bible),Zipf 5.19,wordfreq Urdu multi-corpus ranking (supplemental),Kaikki+ReadUrdu+word2word,True,True,True,"counting; calculation, reckoning; Numbers (book of the Bible)","n. counting; calculation, reckoning; Numbers (book of the Bible) | Platts:",counting; snuck; who; right; half
2357,انڈیا,synonym of ہندوستان (hindūstān),Zipf 5.18,wordfreq Urdu multi-corpus ranking (supplemental),Kaikki+ReadUrdu,True,False,False,synonym of ہندوستان (hindūstān),synonym of ہندوستان (hindūstān),India; assaulting; 1979; officer; wanted
2358,روس,Russia (a transcontinental country in Eastern Europe and North Asia),Zipf 5.18,wordfreq Urdu multi-corpus ranking (supplemental),Kaikki+ReadUrdu+word2word,True,True,True,Russia (a transcontinental country in Eastern Europe and North Asia),Russia,Russia; 1.5; billion; collection; twice
2359,اگست,August,Zipf 5.17,wordfreq Urdu multi-corpus ranking (supplemental),Kaikki+ReadUrdu,True,False,False,August,n. August | Platts: (corr. of the English),
2360,یمن,Yemen (a country in West Asia in the Middle East),Zipf 5.17,wordfreq Urdu multi-corpus ranking (supplemental),Kaikki+ReadUrdu,True,False,False,Yemen (a country in West Asia in the Middle East),name: Yemen (a country in West Asia in the Middle East) | Platts:,
2361,سمجھتے,plural masculine of سَمَجْھنَا (samajhnā — to understand),Zipf 5.15,wordfreq Urdu multi-corpus ranking (supplemental),ReadUrdu+word2word,False,False,True,,plural masculine of سَمَجْھنَا (samajhnā — to understand),understand; Don; THAT; UNDERSTAND; nor
2362,پشاور,Peshawar (a city; the provincial capital of Khyber Pakhtunkhwa; Pakistan),Zipf 5.12,wordfreq Urdu multi-corpus ranking (supplemental),Kaikki+ReadUrdu,True,False,False,"Peshawar (a city, the provincial capital of Khyber Pakhtunkhwa, Pakistan)","Peshawar (a city, the provincial capital of Khyber Pakhtunkhwa, Pakistan)",Pesh; d; Lahore; Street; 30
2363,یوسف,Yusuf; Joseph; a male given name from Arabic; Joseph (12th sura (chapter) of the Quran),Zipf 5.12,wordfreq Urdu multi-corpus ranking (supplemental),Kaikki+ReadUrdu+word2word,True,True,True,"Yusuf, Joseph; a male given name from Arabic; Joseph (12th sura (chapter) of the Quran)","name: Yusuf, Joseph; a male given name from Arabic; Joseph (12th sura (chapter) of the Quran) | Platts:",Joseph; Ramzi; Yousef; 90s; Hazem
2364,دیکھتے,see; watch),Zipf 5.11,wordfreq Urdu multi-corpus ranking (supplemental),ReadUrdu+word2word,False,False,True,,"plural masculine of دیکْھنا (dekhnā — to look, see, watch)",see; watch; Let; strut; Delta
2365,رکھتا,keeps (masculine),Zipf 5.11,wordfreq Urdu multi-corpus ranking (supplemental),ReadUrdu+word2word,False,False,True,,keeps (masculine),belongs; keeps; believes; holds; limit
2366,بیٹھ,infinitive of بَیٹھنا (baiṭhnā — to sit),Zipf 5.08,wordfreq Urdu multi-corpus ranking (supplemental),ReadUrdu+word2word,False,False,True,,infinitive of بَیٹھنا (baiṭhnā — to sit),down; Sit; sit; tight; sitting
2367,پڑھ,form of پَڑْھنا (paṛhnā — to read (ie. a book etc.)),Zipf 5.08,wordfreq Urdu multi-corpus ranking (supplemental),ReadUrdu+word2word,False,False,True,,form of پَڑْھنا (paṛhnā — to read (ie. a book etc.)),reading; read; paper; passage; proportion
2368,کھڑا,erect; standing,Zipf 5.08,wordfreq Urdu multi-corpus ranking (supplemental),Kaikki+ReadUrdu+word2word,True,True,True,erect; standing,standing; erect,standing; stands; oak; Her; seek
2369,جولائی,July,Zipf 5.06,wordfreq Urdu multi-corpus ranking (supplemental),Kaikki+ReadUrdu,True,False,False,July,July,Obstructed; fading; view; Signal; steroids
2370,یورپ,Europe (a continent located west of Asia and north of Africa),Zipf 5.03,wordfreq Urdu multi-corpus ranking (supplemental),Kaikki+ReadUrdu+word2word,True,True,True,"ellipsis of یورپی اتحاد (yūrapī ittihād, “European Union”); Europe (a continent located west of Asia and north of Africa)",Europe,Europe; ravage; continues; War; heavily
2371,ستمبر,September,Zipf 5.02,wordfreq Urdu multi-corpus ranking (supplemental),Kaikki+ReadUrdu,True,False,False,September,September,Nine; one; still; Western; hijacker
2372,ہندو,Indian; a follower of Hinduism,Zipf 5.02,wordfreq Urdu multi-corpus ranking (supplemental),Kaikki+ReadUrdu,True,False,True,Indian; a follower of Hinduism,"n. Hindu, a follower of Hinduism; Indian; Any subject regarding to Delhi Sultanate, or any other Islamic regime in any part of the Indian subcontinent | Platts: fem. haṅdī [prob. Prk.",Hah; blowing; crossing; storm; Hindu
2373,نومبر,November,Zipf 5.01,wordfreq Urdu multi-corpus ranking (supplemental),Kaikki+ReadUrdu+word2word,True,True,True,November,November,BELGIUM; NOVEMBER; 1918; November; Plate
2374,کھلاڑی,player,Zipf 5.01,wordfreq Urdu multi-corpus ranking (supplemental),ReadUrdu+word2word,False,False,True,,"player, athlete",player; sportsmanship; Abroad; Great; baseball
2375,اکتوبر,October,Zipf 5.00,wordfreq Urdu multi-corpus ranking (supplemental),Kaikki+ReadUrdu+word2word,True,True,True,October,n. October | Platts: (corr. from the English),October; 2006; bump; conversation; having
2376,عثمان,Uthman (Uthman bin Affan; third Islamic caliph and a companion of Muhammad); a male given name; Osman or Usman,Zipf 4.99,wordfreq Urdu multi-corpus ranking (supplemental),Kaikki+ReadUrdu,True,False,False,"Uthman (Uthman bin Affan, third Islamic caliph and a companion of Muhammad); a male given name, Osman or Usman, from Arabic, equivalent to English Uthman","Uthman (Uthman bin Affan, third Islamic caliph and a companion of Muhammad); a male given name, Osman or Usman, from Arabic, equivalent to English Uthman",
2377,عراق,Iraq (a country in West Asia in the Middle East),Zipf 4.98,wordfreq Urdu multi-corpus ranking (supplemental),Kaikki+ReadUrdu+word2word,True,True,True,Iraq (a country in West Asia in the Middle East),Iraq,Iraq; convoys; WMD; calling; taken
2378,ابراہیم,Abraham (prophet); a male given name from Arabic إِبْرَاهِيم (ʔibrāhīm),Zipf 4.97,wordfreq Urdu multi-corpus ranking (supplemental),Kaikki+ReadUrdu,True,False,False,Abraham (prophet); a male given name from Arabic إِبْرَاهِيم (ʔibrāhīm),name: Abraham (prophet); a male given name from Arabic إِبْرَاهِيم (ʔibrāhīm) | Platts: prop. n.m. Abraham (the patriarch),Ibrahim; Sayeed; popped; yeah; true
2379,دیکھیں,see,Zipf 4.96,wordfreq Urdu multi-corpus ranking (supplemental),ReadUrdu+word2word,False,False,True,,"infinitive of دیکْھنا (dekhnā — to look, see, watch)",see; -Did; inside; sees; dared
2380,راولپنڈی,Rawalpindi (a city in Rawalpindi district; Punjab; Pakistan),Zipf 4.96,wordfreq Urdu multi-corpus ranking (supplemental),Kaikki+ReadUrdu+word2word,True,True,True,"Rawalpindi (a city in Rawalpindi district, Punjab, Pakistan)","Rawalpindi (a city in Rawalpindi district, Punjab, Pakistan)",Rawalpindi; calls; close; guess; making
2381,آسٹریلیا,Australia (a continent consisting of the land on the Australian tectonic plate; i.e. Australia; New Guinea and intervening islands),Zipf 4.95,wordfreq Urdu multi-corpus ranking (supplemental),Kaikki+ReadUrdu,True,False,False,"Australia (a continent consisting of the land on the Australian tectonic plate, i.e. Australia, New Guinea and intervening islands); Australia (a country consisting of a main island, the island of Tasmania and other smaller islands, located in Oceania; historically, a collection of former colonies of the British Empire)","Australia (a country consisting of a main island, the island of Tasmania and other smaller islands, located…; Australia (a continent consisting of the land on the Australian tectonic plate, i.e. Australia, New Guinea…",
2382,دیکھے,watch),Zipf 4.95,wordfreq Urdu multi-corpus ranking (supplemental),ReadUrdu+word2word,False,False,True,,"plural masculine of دیکْھنا (dekhnā — to look, see, watch)",watching; starts; establish; relationship; junk
2383,واشنگٹن,Washington; Washington State (a state in the Pacific Northwest region of the United States),Zipf 4.95,wordfreq Urdu multi-corpus ranking (supplemental),ReadUrdu+word2word,False,False,True,,"Washington, Washington State (a state in the Pacific Northwest region of the United States); Washington, Washington, D.C. (the capital city of the United States)",Washington; D.C; send; encoded; plane
2384,اپریل,April,Zipf 4.94,wordfreq Urdu multi-corpus ranking (supplemental),Kaikki+ReadUrdu+word2word,True,True,True,April,n. April | Platts: (corr. from the English),April; improved; In; lot; situation
2385,جمعہ,Friday,Zipf 4.94,wordfreq Urdu multi-corpus ranking (supplemental),Kaikki+ReadUrdu+word2word,True,True,True,Friday,"n. Friday; Jumu'ah (Friday prayer); a gym, arena (tournament which takes place on a Friday) | Platts: (for A. جمعة jumʻat, fem.)",Friday; Huh; There; go; Lola
2386,ممبئی,Mumbai (a megacity; the capital of Maharashtra; India; also known as Bombay),Zipf 4.94,wordfreq Urdu multi-corpus ranking (supplemental),Kaikki+ReadUrdu,True,False,False,"Mumbai (a megacity, the capital of Maharashtra, India, also known as Bombay)","Mumbai (a megacity, the capital of Maharashtra, India, also known as Bombay)",
2387,جرمنی,Germany (a country in Central Europe),Zipf 4.93,wordfreq Urdu multi-corpus ranking (supplemental),Kaikki+ReadUrdu+word2word,True,True,True,Germany (a country in Central Europe),Germany,Germany; U.K.; passport; clean; Before
2388,جنوری,January,Zipf 4.93,wordfreq Urdu multi-corpus ranking (supplemental),Kaikki+ReadUrdu+word2word,True,True,True,January,January,January; 4th; correct; Is; hire
2389,دسمبر,December,Zipf 4.93,wordfreq Urdu multi-corpus ranking (supplemental),Kaikki+ReadUrdu,True,False,False,December,December,
2390,اسماعیل,Ismail; Ishmael; a male given name from Arabic,Zipf 4.92,wordfreq Urdu multi-corpus ranking (supplemental),Kaikki+ReadUrdu+word2word,True,True,True,"Ismail, Ishmael; a male given name from Arabic","name: Ismail, Ishmael; a male given name from Arabic | Platts: prop. n. Ishmael, son of Abraham",Ishmael
2391,ملتان,Multan (a city in Multan district; Punjab; Pakistan),Zipf 4.92,wordfreq Urdu multi-corpus ranking (supplemental),Kaikki+ReadUrdu,True,False,False,"Multan (a city in Multan district, Punjab, Pakistan)","Multan (a city in Multan district, Punjab, Pakistan)",
2392,پتھر,stone; rock,Zipf 4.92,wordfreq Urdu multi-corpus ranking (supplemental),Kaikki+ReadUrdu+word2word,True,True,True,"stone, rock","stone, rock",stone; stones; lead; rock; into
2393,دیکھنا,to consider; ponder; to look; see,Zipf 4.91,wordfreq Urdu multi-corpus ranking (supplemental),Kaikki+ReadUrdu+word2word,True,True,True,"to consider, ponder; to look, see, watch; to look after, care of","to look, see, watch; to consider, ponder; to look after, care of",see; suburban; EMCEE; MICROPHONE; Maryland
2394,کوئٹہ,Quetta (a city in Quetta district; Balochistan; Pakistan),Zipf 4.91,wordfreq Urdu multi-corpus ranking (supplemental),Kaikki+ReadUrdu,True,False,False,"Quetta (a city in Quetta district, Balochistan, Pakistan)","Quetta (a city in Quetta district, Balochistan, Pakistan)",
2395,ہند,Indo; Indo-; India (ISO); the Indian subcontinent,Zipf 4.91,wordfreq Urdu multi-corpus ranking (supplemental),Kaikki+ReadUrdu+word2word,True,True,True,"Indo, Indo-; IND, India (ISO); the Indian subcontinent","name: India (a country in South Asia); the Indian subcontinent; Indo, Indo- | Platts:",Ocean; Indian; turned; something; Lying
2396,دھماکے,plural direct of دَھماکَہ (dhamākah — explosion,Zipf 4.89,wordfreq Urdu multi-corpus ranking (supplemental),ReadUrdu+word2word,False,False,True,,"plural direct of دَھماکَہ (dhamākah — explosion, boom)",EXPLOSION; bang; Exploded; flash; crash
2397,مفتی,mufti,Zipf 4.88,wordfreq Urdu multi-corpus ranking (supplemental),Kaikki+ReadUrdu,True,False,False,mufti,"n. mufti | Platts: (for A. مفتٍ muftiṉ, act. part. of افتي 'to notify the decision of the law,' iv of فتو…",
2398,عیسی,Jesus; a male given name; Isa; from Arabic,Zipf 4.87,wordfreq Urdu multi-corpus ranking (supplemental),Kaikki+ReadUrdu,True,False,False,"Jesus; a male given name, Isa, from Arabic, of Muslim usage","name: Jesus; a male given name, Isa, from Arabic, of Muslim usage | Platts: prop. n. Jesus: — ʻīsā-masīḥ, Jesus the Messiah, Jesus Christ",Ray; pal; waiting; her; save
2399,لکھتے,form of لِکْھنا (likhnā — to write),Zipf 4.87,wordfreq Urdu multi-corpus ranking (supplemental),ReadUrdu+word2word,False,False,True,,form of لِکْھنا (likhnā — to write),write; report; Why; don; just
2400,افریقہ,Africa (the continent south of Europe and between the Atlantic and Indian Oceans); Africa (a former province of the Roman Empire; containing what is now Tunisia and portions of coastal Algeria and Libya),Zipf 4.86,wordfreq Urdu multi-corpus ranking (supplemental),Kaikki+ReadUrdu+word2word,True,True,True,"Africa (the continent south of Europe and between the Atlantic and Indian Oceans); Africa (a former province of the Roman Empire, containing what is now Tunisia and portions of coastal Algeria and Libya)","Africa (the continent south of Europe and between the Atlantic and Indian Oceans); Africa (a former province of the Roman Empire, containing what is now Tunisia and portions of coastal Algeria…",Africa; experimental; rebels; US; providing
2401,ایشیا,Asia (the largest continent; Asia (an ancient province of the Roman Empire in western Anatolia,Zipf 4.86,wordfreq Urdu multi-corpus ranking (supplemental),Kaikki+ReadUrdu,True,False,False,"Asia (the largest continent, located between Europe and the Pacific Ocean); Asia (an ancient province of the Roman Empire in western Anatolia, existing between 133 BC (during the Roman Republic) and the 7th century AD)",Asia,
2402,فرانس,France (a country located primarily in Western Europe),Zipf 4.86,wordfreq Urdu multi-corpus ranking (supplemental),Kaikki+ReadUrdu+word2word,True,True,True,France (a country located primarily in Western Europe),France,France; ran; dad; Belleau; Wood
2403,مقبوضہ,seized; captured; occupied; annexed,Zipf 4.86,wordfreq Urdu multi-corpus ranking (supplemental),Kaikki+ReadUrdu,True,False,False,"seized, captured; occupied, annexed, possessed","adj. occupied, annexed, possessed; seized, captured | Platts: (for A. مقبوضة maqbūẓat, fem. of maqbūẓ) = A مقبوض maqbūẓ (pass. part. of قبض 'tograsp, seize, take…",
2404,پڑھنے,oblique infinitive of پَڑْھنا (paṛhnā — to read (ie. a book etc.)),Zipf 4.85,wordfreq Urdu multi-corpus ranking (supplemental),ReadUrdu+word2word,False,False,True,,oblique infinitive of پَڑْھنا (paṛhnā — to read (ie. a book etc.)),read; Lola; reading; hit; Buckle
2405,ساتھی,companion; partner; ally,Zipf 4.84,wordfreq Urdu multi-corpus ranking (supplemental),Kaikki+ReadUrdu+word2word,True,True,True,"comrade; companion; partner, ally","companion; friend, pal, mate; partner, ally",partner; colleague; fellow; plates; partners
2406,آنکھ,eye; glance; look,Zipf 4.83,wordfreq Urdu multi-corpus ranking (supplemental),Kaikki+ReadUrdu+word2word,True,True,True,"eye; glance, look","eye; glance, look",Eye; eye; s-eye; God; DRAMATIC
2407,فروری,February,Zipf 4.83,wordfreq Urdu multi-corpus ranking (supplemental),Kaikki+ReadUrdu+word2word,True,True,True,February,February,February; fine; providing; made; since
2408,گاندھی,perfumer; Mohandas Karamchand Gandhi (1869–1948); a surname; Gandhi,Zipf 4.83,wordfreq Urdu multi-corpus ranking (supplemental),Kaikki+ReadUrdu,True,False,False,"perfumer; Mohandas Karamchand Gandhi (1869–1948); a surname, Gandhi, originating as an occupation","name: a surname, Gandhi, originating as an occupation | n. perfumer",
2409,تفسیر,explanation; exposition; commentary,Zipf 4.82,wordfreq Urdu multi-corpus ranking (supplemental),Kaikki+ReadUrdu,True,False,False,"explanation; exposition, commentary","n. exposition, commentary; explanation | Platts:",
2410,شیطان,Satan,Zipf 4.82,wordfreq Urdu multi-corpus ranking (supplemental),Kaikki+ReadUrdu,True,False,True,"Satan; mischievous; wicked, evil","devil, Satan",devil; GOING; TO; Devil; better
2411,چھوٹا,little; small; subordinate; inferior,Zipf 4.82,wordfreq Urdu multi-corpus ranking (supplemental),Kaikki+ReadUrdu+word2word,True,True,True,"little, small; subordinate, inferior, common; younger, junior, minor, lesser","little, small; younger, junior, minor, lesser; subordinate, inferior, common",small; smaller; little; seems; young
2412,ہتھیار,weapon,Zipf 4.82,wordfreq Urdu multi-corpus ranking (supplemental),Kaikki+ReadUrdu+word2word,True,True,True,weapon,weapon,weapon; weapons; overcame; forgeries; ease
2413,دیکھو,infinitive of دیکْھنا (dekhnā — to look; see; watch),Zipf 4.80,wordfreq Urdu multi-corpus ranking (supplemental),ReadUrdu+word2word,False,False,True,,"infinitive of دیکْھنا (dekhnā — to look, see, watch)",Look; look; See; at; Watch
2414,فلسطین,Palestine; Palestine (a country in Western Asia; the State of Palestine,Zipf 4.80,wordfreq Urdu multi-corpus ranking (supplemental),Kaikki+ReadUrdu+word2word,True,True,True,"Palestine (the region in Western Asia in the Middle East between the Mediterranean Sea and the Jordan River); Palestine (a country in Western Asia, in the Middle East; the State of Palestine; the homeland of the Palestinian people)",Palestine,Palestine; where; didn; nation; Buddy
2415,پڑھا,perfective masculine of پَڑْھنا (paṛhnā — to read (ie. a book etc.)),Zipf 4.80,wordfreq Urdu multi-corpus ranking (supplemental),ReadUrdu+word2word,False,False,True,,perfective masculine of پَڑْھنا (paṛhnā — to read (ie. a book etc.)),read; curves; teach; written; Do
2416,سمجھتا,masculine,Zipf 4.79,wordfreq Urdu multi-corpus ranking (supplemental),ReadUrdu+word2word,False,False,True,,masculine singular of سَمَجْھنَا (samajhnā — to understand),understand; Move; wheel-kicking; massacre; Does
2417,کھڑی,direct feminine,Zipf 4.78,wordfreq Urdu multi-corpus ranking (supplemental),Kaikki+ReadUrdu,True,False,False,direct feminine singular of کھڑا; vocative feminine singular of کھڑا,direct feminine singular of کھڑا; indirect feminine singular of کھڑا; vocative feminine singular of کھڑا,problems; cause; stand; safer; perhaps
2418,بھلا,good,Zipf 4.77,wordfreq Urdu multi-corpus ranking (supplemental),ReadUrdu+word2word,False,False,True,,"good; righteous; honest, respectable",good; Condemn; help; He; To
2419,کافر,kafir; infidel; unbeliever,Zipf 4.77,wordfreq Urdu multi-corpus ranking (supplemental),Kaikki+ReadUrdu,True,False,False,kafir; infidel; unbeliever,"n. unbeliever; infidel; kafir | Platts: (act. part. of کفر 'to be unbelieving,' &c.)",pagan; worshipping; symbols; visiting; temples
2420,کشی,decay,Zipf 4.77,wordfreq Urdu multi-corpus ranking (supplemental),Kaikki+ReadUrdu,True,False,False,decay,n. decay | Platts:,life; committing; suicide; own; newspapers
2421,جاپان,Japan (a country in East Asia),Zipf 4.76,wordfreq Urdu multi-corpus ranking (supplemental),Kaikki+ReadUrdu+word2word,True,True,True,Japan (a country in East Asia),Japan,Japan; JAPAN; IT; Okinawa; Krauts
2422,داعش,ISIS; ISIL; Daesh,Zipf 4.76,wordfreq Urdu multi-corpus ranking (supplemental),Kaikki+ReadUrdu,True,False,False,"ISIS, ISIL, Daesh","ISIS, ISIL, Daesh",
2423,دبئی,the United Arab Emirates; Dubai (the capital city of Dubai emirate; United Arab Emirates),Zipf 4.76,wordfreq Urdu multi-corpus ranking (supplemental),Kaikki+ReadUrdu,True,False,False,"the United Arab Emirates; Dubai (the capital city of Dubai emirate, United Arab Emirates)","Dubai (an emirate of the United Arab Emirates); Dubai (the capital city of Dubai emirate, United Arab Emirates); the United Arab Emirates",
2424,تھوڑا,some; a little; small (amount of),Zipf 4.75,wordfreq Urdu multi-corpus ranking (supplemental),Kaikki+ReadUrdu+word2word,True,True,True,"some, a little; small (amount of)","some, a little; small (amount of)",bit; little; LITTLE; Slide; unravel
2425,سرگودھا,Sargodha (a city in Sargodha district; Punjab; Pakistan),Zipf 4.75,wordfreq Urdu multi-corpus ranking (supplemental),Kaikki+ReadUrdu,True,False,False,"Sargodha (a city in Sargodha district, Punjab, Pakistan)","Sargodha (a city in Sargodha district, Punjab, Pakistan)",
2426,سمجھنے,infinitive indirect of سَمَجْھنَا (samajhnā — to understand),Zipf 4.75,wordfreq Urdu multi-corpus ranking (supplemental),ReadUrdu+word2word,False,False,True,,infinitive indirect of سَمَجْھنَا (samajhnā — to understand),understand; confusion; -you; concept; paradigm
2427,گڑھ,castle; bastion; citadel; fortress,Zipf 4.73,wordfreq Urdu multi-corpus ranking (supplemental),Kaikki+ReadUrdu,True,False,False,"castle, bastion; citadel, fortress; stronghold, defenses","stronghold, defenses; citadel, fortress; castle, bastion",
2428,ب,called بے (be) and written in the Arabic script,Zipf 4.72,wordfreq Urdu multi-corpus ranking (supplemental),Kaikki+word2word,False,True,False,"The second letter of the Urdu alphabet, called بے (be) and written in the Arabic script",,call; To; sure; walk; well-defined
2429,سیالکوٹ,Sialkot (a city in Sialkot district; Punjab; Pakistan),Zipf 4.72,wordfreq Urdu multi-corpus ranking (supplemental),Kaikki+ReadUrdu,True,False,False,"Sialkot (a city in Sialkot district, Punjab, Pakistan)","Sialkot (a city in Sialkot district, Punjab, Pakistan)",
2430,جہنم,hell,Zipf 4.71,wordfreq Urdu multi-corpus ranking (supplemental),Kaikki+ReadUrdu+word2word,True,True,True,hell,hell,hell; Hell; HELL; THERE; hellfire
2431,گلگت,Gilgit (a river in Gilgit-Baltistan; Pakistan); Gilgit District (a district of Gilgit-Baltistan); Gilgit Division (a division of Gilgit-Baltistan),Zipf 4.71,wordfreq Urdu multi-corpus ranking (supplemental),Kaikki+ReadUrdu,True,False,False,"Gilgit (a river in Gilgit-Baltistan, Pakistan); Gilgit District (a district of Gilgit-Baltistan); Gilgit Division (a division of Gilgit-Baltistan)","Gilgit (the capital city of Gilgit-Baltistan, Pakistan); Gilgit District (a district of Gilgit-Baltistan); Gilgit Division (a division of Gilgit-Baltistan)",
2432,انگلینڈ,England (a constituent country of the United Kingdom),Zipf 4.70,wordfreq Urdu multi-corpus ranking (supplemental),Kaikki+ReadUrdu+word2word,True,True,True,England (a constituent country of the United Kingdom),England (a constituent country of the United Kingdom),ENGLAND; LONDON; shipping; England; thing
2433,بھائیوں,“brother”),Zipf 4.70,wordfreq Urdu multi-corpus ranking (supplemental),ReadUrdu+word2word,False,False,True,,"oblique plural of بھائی (bhāī, “brother”)",brothers; BROTHERS; Grieve; imprison; missed
2434,چھٹی,holiday; day off; leave; absence from work,Zipf 4.69,wordfreq Urdu multi-corpus ranking (supplemental),Kaikki+ReadUrdu+word2word,True,True,True,"holiday, day off; leave, absence from work","leave, absence from work; holiday, day off",confirms; HOLIDAY; TAKE; HE; lead
2435,گجرات,Gujarat (a state in western India); Gujrat (a city in Punjab; Pakistan),Zipf 4.69,wordfreq Urdu multi-corpus ranking (supplemental),Kaikki+ReadUrdu,True,False,False,"Gujarat (a state in western India); Gujrat (a city in Punjab, Pakistan)","name: Gujrat (a city in Punjab, Pakistan); Gujarat (a state in western India) | Platts:",
2436,بیعت,act of swearing allegiance; fealty (especially religiously),Zipf 4.68,wordfreq Urdu multi-corpus ranking (supplemental),Kaikki+ReadUrdu,True,False,False,act of swearing allegiance; fealty (especially religiously),n. act of swearing allegiance; fealty (especially religiously) | Platts: (for A. بيعة),
2437,بھوک,appetite; hunger; craving (for food),Zipf 4.67,wordfreq Urdu multi-corpus ranking (supplemental),Kaikki+ReadUrdu,True,False,False,"appetite, hunger; craving (for food)","appetite, hunger; craving (for food)",hungry; Hungry; starving; Thanks; given
2438,وقار,dignity,Zipf 4.67,wordfreq Urdu multi-corpus ranking (supplemental),Kaikki+ReadUrdu+word2word,True,True,True,"consistency, resolution; dignity, honour, prestige; serenity, solemnity, modesty","dignity, gravity",dignity; Gents; restless; eventually; Allow
2439,پھانسی,hanging; execution,Zipf 4.67,wordfreq Urdu multi-corpus ranking (supplemental),Kaikki+ReadUrdu+word2word,True,True,True,"noose; gallows; hanging, execution","hanging, execution",hang; hanging; laugh; culprit; executed
2440,جمہوریہ,republic,Zipf 4.66,wordfreq Urdu multi-corpus ranking (supplemental),Kaikki+ReadUrdu+word2word,True,True,True,republic,republic,Republic; leadership; under; write; including
2441,دکھا,infinitive of دِکھانا (dikhānā — to show),Zipf 4.66,wordfreq Urdu multi-corpus ranking (supplemental),ReadUrdu+word2word,False,False,True,,infinitive of دِکھانا (dikhānā — to show),showing; show; Show; clemency; netted
2442,پردیش,province; foreign land; overseas; abroad,Zipf 4.66,wordfreq Urdu multi-corpus ranking (supplemental),Kaikki+ReadUrdu,True,False,False,"province; foreign land, overseas, abroad","n. province; foreign land, overseas, abroad | Platts:",
2443,جہلم,Jhelum (a city in Jhelum district; province of Punjab; Pakistan); Jhelum (a river in the Punjab of Pakistan and the union territory of Jammu and Kashmir,Zipf 4.65,wordfreq Urdu multi-corpus ranking (supplemental),Kaikki+ReadUrdu,True,False,False,"Jhelum (a city in Jhelum district, province of Punjab, Pakistan); Jhelum (a river in the Punjab of Pakistan and the union territory of Jammu and Kashmir, India)","name: Jhelum (a city in Jhelum district, province of Punjab, Pakistan); Jhelum (a river in the Punjab of Pakistan and the union territory of Jammu and Kashmir, India) | Platts:",
2444,ضد,contrary; opposite; egotism; selfishness,Zipf 4.65,wordfreq Urdu multi-corpus ranking (supplemental),Kaikki+ReadUrdu,True,False,True,"antonym; contrary; opposite; egotism, selfishness","adj. contrary; opposite | n. stubbornness (connoted with ego; anger); egotism, selfishness; opposition, enmity, contrariety",Pride; stubbornness; and
2445,کابل,Kabul (a province of Afghanistan); Kabul (the capital city of Afghanistan),Zipf 4.65,wordfreq Urdu multi-corpus ranking (supplemental),Kaikki+ReadUrdu+word2word,True,True,True,Kabul (a province of Afghanistan); Kabul (the capital city of Afghanistan),"name: Kabul (the capital city of Afghanistan); Kabul (a province of Afghanistan) | Platts: prop. n. Kābul (or Cabul), the capital of Afgānistan (formerly a province of the Mogal empire)",Kabul; Amman; via; flew; yeah
2446,گوجرانوالہ,Gujranwala (a city in Punjab; Pakistan),Zipf 4.65,wordfreq Urdu multi-corpus ranking (supplemental),Kaikki+ReadUrdu,True,False,False,"Gujranwala (a city in Punjab, Pakistan)","Gujranwala (a city in Punjab, Pakistan)",
2447,ایوب,Ayyub; Job; a male given name from Arabic,Zipf 4.64,wordfreq Urdu multi-corpus ranking (supplemental),Kaikki+ReadUrdu,True,False,False,"Ayyub, Job; a male given name from Arabic","name: Ayyub, Job; a male given name from Arabic | Platts: prop. n. Job",INTERVIEWING; KIND; WHAT; FOR; ARE
2448,تجھے,dative of تُو (tū),Zipf 4.64,wordfreq Urdu multi-corpus ranking (supplemental),Kaikki+ReadUrdu,True,False,False,dative of تُو (tū),dative of تُو (tū),offense; junk; checks; female; colleague
2449,گیم,game,Zipf 4.64,wordfreq Urdu multi-corpus ranking (supplemental),ReadUrdu+word2word,False,False,True,,game,games; cause; around; two; fucking
2450,سمجھے,plural masculine of سَمَجْھنَا (samajhnā — to understand),Zipf 4.63,wordfreq Urdu multi-corpus ranking (supplemental),ReadUrdu+word2word,False,False,True,,plural masculine of سَمَجْھنَا (samajhnā — to understand),Got; understand; Understood; beacons; misunderstood
2451,سندھی,Sindhi,Zipf 4.63,wordfreq Urdu multi-corpus ranking (supplemental),Kaikki+ReadUrdu,True,False,False,Sindhi,adj. Sindhi | n. a Sindhi; the Sindhi language,
2452,تخت,throne,Zipf 4.62,wordfreq Urdu multi-corpus ranking (supplemental),Kaikki+ReadUrdu+word2word,True,True,True,throne,n. throne | Platts:,throne; heir; hopes; rebellion; wants
2453,سوات,Swat (a river in Khyber Pakhtunkhwa,Zipf 4.61,wordfreq Urdu multi-corpus ranking (supplemental),ReadUrdu+word2word,False,False,True,,"Swat (a river in Khyber Pakhtunkhwa, Pakistan)",SWAT; Got; any; friends; at
2454,چیت,Chaitra,Zipf 4.60,wordfreq Urdu multi-corpus ranking (supplemental),Kaikki+ReadUrdu,True,False,False,Chaitra,name: Chaitra | Platts:,conversation; discuss; ROE; RESPONDERS; COMMUNICATE
2455,یسوع,Jesus; Jesus of Nazareth,Zipf 4.60,wordfreq Urdu multi-corpus ranking (supplemental),Kaikki+ReadUrdu+word2word,True,True,True,Jesus; Jesus of Nazareth,Jesus; Jesus of Nazareth,Jesus; JESUS; Kim; forgiving; drunks
2456,پوچھ,questioning,Zipf 4.59,wordfreq Urdu multi-corpus ranking (supplemental),ReadUrdu+word2word,False,False,True,,"questioning, curiosity; request, want",asking; ask; Can; question; general
2457,پڑھی,perfective feminine of پَڑْھنا (paṛhnā — to read (ie. a book etc.)),Zipf 4.59,wordfreq Urdu multi-corpus ranking (supplemental),ReadUrdu+word2word,False,False,True,,perfective feminine of پَڑْھنا (paṛhnā — to read (ie. a book etc.)),-Did; -Yes; read; report; the
2458,گھریلو,domestic; household; familial,Zipf 4.59,wordfreq Urdu multi-corpus ranking (supplemental),Kaikki+ReadUrdu+word2word,True,True,True,"domestic; household, familial","domestic; household, familial",domestic; attached; Without; d; scared
2459,پروردگار,cherisher,Zipf 4.58,wordfreq Urdu multi-corpus ranking (supplemental),Kaikki+ReadUrdu,True,False,False,founder; inventor; cherisher,God; providence; cherisher,
2460,خاقان,khagan,Zipf 4.57,wordfreq Urdu multi-corpus ranking (supplemental),Kaikki+ReadUrdu,True,False,False,khagan,n. khagan | Platts: (prob. = ḵẖān-ḵẖān),
2461,دکھانے,infinitive indirect of دِکھانا (dikhānā — to show),Zipf 4.57,wordfreq Urdu multi-corpus ranking (supplemental),ReadUrdu+word2word,False,False,True,,infinitive indirect of دِکھانا (dikhānā — to show),show; invited; glance; disdain; Little
2462,سلیمان,Sulayman; Solomon; a male given name; Suleman or Sulaiman,Zipf 4.57,wordfreq Urdu multi-corpus ranking (supplemental),Kaikki+ReadUrdu,True,False,False,"Sulayman, Solomon; a male given name, Suleman or Sulaiman, from Arabic","name: Sulayman, Solomon; a male given name, Suleman or Sulaiman, from Arabic | Platts: prop. n. Solomon (the son of David)",
2463,پھل,fruit; reward,Zipf 4.57,wordfreq Urdu multi-corpus ranking (supplemental),Kaikki+ReadUrdu+word2word,True,True,True,fruit; reward; benefit,fruit; reward; consequence,Ripe; fruit; his; hate
2464,ہتھیاروں,plural,Zipf 4.57,wordfreq Urdu multi-corpus ranking (supplemental),ReadUrdu+word2word,False,False,True,,plural oblique of ہَتِھیار (hathiyār — weapon),weapons; Weapons; arms; Control; free
2465,دھاندلی,fraud; dishonesty; cheating; deceptive manipulation,Zipf 4.56,wordfreq Urdu multi-corpus ranking (supplemental),Kaikki+ReadUrdu,True,False,False,"fraud; dishonesty, cheating; deceptive manipulation, rigging","deceptive manipulation, rigging; dishonesty, cheating; fraud",
2466,جنوب,south,Zipf 4.55,wordfreq Urdu multi-corpus ranking (supplemental),Kaikki+ReadUrdu+word2word,True,True,True,south,south,south; Heading; southeast; THIRTY-FIVE; SOUTHEAST
2467,سکھ,comfort; peace; happiness; Sikh,Zipf 4.55,wordfreq Urdu multi-corpus ranking (supplemental),Kaikki+ReadUrdu,True,False,False,"comfort; peace; happiness; Sikh, a follower of Sikhism (سکھ مت)","peace; happiness; comfort; Sikh, a follower of Sikhism (سکھ مت)",
2468,ڈیڑھ,half past one; one and a half,Zipf 4.55,wordfreq Urdu multi-corpus ranking (supplemental),Kaikki+ReadUrdu,True,False,False,half past one; 1:30; one and a half; 1.5,one and a half; 1.5; half past one; 1:30,30; Um; 1; why; say
2469,بیشک,could; maybe; perhaps; undoubtedly,Zipf 4.54,wordfreq Urdu multi-corpus ranking (supplemental),Kaikki+ReadUrdu,True,False,False,"could, maybe, perhaps, or; undoubtedly, without a doubt, totally","undoubtedly, without a doubt, totally; could, maybe, perhaps, or",Lo; indeed; didn; Plain; slacks
2470,نقاب,mask; veil,Zipf 4.54,wordfreq Urdu multi-corpus ranking (supplemental),Kaikki+ReadUrdu,True,False,False,hood; mask; veil,"veil, mask",exposed; great; gonna; think; boy
2471,کینیڈا,Canada (a country in North America),Zipf 4.54,wordfreq Urdu multi-corpus ranking (supplemental),Kaikki+ReadUrdu+word2word,True,True,True,Canada (a country in North America),Canada (a country in North America),Canada; protecting; surveillance; under; Medicine
2472,آفتاب,Sun,Zipf 4.53,wordfreq Urdu multi-corpus ranking (supplemental),Kaikki+ReadUrdu,True,False,False,Sun; beauty; wine; goblet,sun,
2473,برصغیر,subcontinent,Zipf 4.53,wordfreq Urdu multi-corpus ranking (supplemental),Kaikki+ReadUrdu,True,False,False,subcontinent,Indian subcontinent (a subcontinent in South Asia); subcontinent,
2474,حرم,sacred; temple; forbidden,Zipf 4.53,wordfreq Urdu multi-corpus ranking (supplemental),Kaikki+ReadUrdu,True,False,True,sacred; temple; forbidden,"adj. forbidden; sacred | n. sanctuary; temple; harem, seraglio",sanctuary; venerable; disease; harem; spread
2475,خطبہ,sermon; khutbah,Zipf 4.53,wordfreq Urdu multi-corpus ranking (supplemental),Kaikki+ReadUrdu,True,False,False,sermon; khutbah; a lecture,"n. khutbah; sermon; discourse, speech | Platts: (for A. خطبة ḵẖut̤bat, fem.; v.n. fr. خطب 'to recite')",
2476,بھروسہ,faith; trust,Zipf 4.52,wordfreq Urdu multi-corpus ranking (supplemental),Kaikki+ReadUrdu+word2word,True,True,True,faith; trust,trust; faith,default; confiding; Jords; trusting; rely
2477,یونس,Book of Jonah; Jonah; Jonas (prophet),Zipf 4.52,wordfreq Urdu multi-corpus ranking (supplemental),Kaikki+ReadUrdu,True,False,False,"Book of Jonah; Jonah, Jonas (prophet)","name: Jonah, Jonas (prophet); Book of Jonah | Platts:",
2478,تارکین,immigrants; sacrificers,Zipf 4.51,wordfreq Urdu multi-corpus ranking (supplemental),Kaikki+ReadUrdu+word2word,True,True,True,immigrants; sacrificers,immigrants; sacrificers,victims; immigrants; clearer; turf; picture
2479,سبھا,meeting; association; assembly; council,Zipf 4.51,wordfreq Urdu multi-corpus ranking (supplemental),Kaikki+ReadUrdu,True,False,False,"meeting; association; assembly, council","assembly, council; meeting; association",
2480,سجدہ,prayer; prostration,Zipf 4.51,wordfreq Urdu multi-corpus ranking (supplemental),Kaikki+ReadUrdu,True,False,False,prayer; prostration; the name of the 32nd chapter of the Qur'an,prostration (in prayer),
2481,فقہ,fiqh; jurisprudence; knowledge; understanding,Zipf 4.51,wordfreq Urdu multi-corpus ranking (supplemental),Kaikki+ReadUrdu,True,False,False,"fiqh, jurisprudence; knowledge, understanding","n. knowledge, understanding; fiqh, jurisprudence | Platts: (inf. n. of فقه 'to possess knowledge' (esp. of the law))",
2482,کلمہ,word; saying; speech,Zipf 4.51,wordfreq Urdu multi-corpus ranking (supplemental),Kaikki+ReadUrdu,True,False,False,word; saying; speech,n. word; speech; saying | Platts: (for A. کلمة kalimat; see kalām),
2483,اصحاب,masters; lords,Zipf 4.49,wordfreq Urdu multi-corpus ranking (supplemental),Kaikki+ReadUrdu,True,False,False,"masters, lords","n. masters, lords | Platts:",
2484,انگلستان,England; Inglistan (a constituent country of the United Kingdom),Zipf 4.49,wordfreq Urdu multi-corpus ranking (supplemental),Kaikki+ReadUrdu,True,False,False,"England, Inglistan (a constituent country of the United Kingdom)","name: England, Inglistan (a constituent country of the United Kingdom) | Platts: (i.e. 'English'+stān)",
2485,تجھ,thee; Early Modern English thee; second-person singular objective personal pronoun; intimate or very polite: thee,Zipf 4.49,wordfreq Urdu multi-corpus ranking (supplemental),Kaikki+ReadUrdu,True,False,False,"you, thee, Early Modern English thee; second-person singular objective personal pronoun, intimate or very polite: thee; second-person singular objective personal pronoun: (oblique case) you, thee; Early Modern English thee","pron. second-person singular objective personal pronoun: (oblique case) you, thee; Early Modern English thee.; second-person singular objective personal pronoun, intimate or very polite: thee | det. you, thee, Early Modern English thee.",Looking; respect; huh; Why; should
2486,لعنت,curse; anathema; imprecation,Zipf 4.49,wordfreq Urdu multi-corpus ranking (supplemental),Kaikki+ReadUrdu+word2word,True,True,True,"curse, anathema, imprecation","n. curse, anathema, imprecation | Platts: (for A. لعنة, n. of un. fr. laʻn",Fuck; curse; Shit; fuck; cursed
2487,گھنٹہ,hour,Zipf 4.49,wordfreq Urdu multi-corpus ranking (supplemental),Kaikki+ReadUrdu+word2word,True,True,True,bell; hour; clock,hour,hour; YEAH; 242; per; unidentified
2488,سچا,true,Zipf 4.48,wordfreq Urdu multi-corpus ranking (supplemental),Kaikki+ReadUrdu+word2word,True,True,True,true; loyal; strong,"adj. truthful, honest; true; real, genuine | Platts: adj. (f. -ī), True, genuine, real; pure, unalloyed; truthful, veracious; ingenuous, honest, sincere;…",true; True; prince; friend; library
2489,فرشتے,“angel”):,Zipf 4.48,wordfreq Urdu multi-corpus ranking (supplemental),ReadUrdu+word2word,False,False,True,direct plural; oblique/vocative singular,"inflection of فَرِشْتَہ (fariśta, “angel”):",angels; are; Ahmet; Do; cry
2490,مسیحی,Christian,Zipf 4.48,wordfreq Urdu multi-corpus ranking (supplemental),Kaikki+ReadUrdu+word2word,True,True,True,Christian,adj. Christian; relating to Christianity or Christ.; Anno Domini; Christian Era | n. Christian,baptized; heathen; Christians; yourself; Two
2491,نصیحت,advice; counsel,Zipf 4.48,wordfreq Urdu multi-corpus ranking (supplemental),Kaikki+ReadUrdu,True,False,False,"advice, counsel, suggestion","counsel, moral advice",son; packing; rucksack; while; her
2492,بھٹی,furnace,Zipf 4.47,wordfreq Urdu multi-corpus ranking (supplemental),Kaikki+ReadUrdu,True,False,False,furnace,furnace,
2493,بیٹھنے,infinitive indirect of بَیٹھنا (baiṭhnā — to sit),Zipf 4.47,wordfreq Urdu multi-corpus ranking (supplemental),ReadUrdu+word2word,False,False,True,,infinitive indirect of بَیٹھنا (baiṭhnā — to sit),sit; dither; fuck; -l; think
2494,مچھلی,fish,Zipf 4.47,wordfreq Urdu multi-corpus ranking (supplemental),Kaikki+ReadUrdu+word2word,True,True,True,fish,fish,fish; feeder; goldfish; receipt; gives
2495,گھڑی,hour; time; clock; watch,Zipf 4.47,wordfreq Urdu multi-corpus ranking (supplemental),Kaikki+ReadUrdu+word2word,True,True,True,"hour, time; clock, watch","clock, watch; hour, time",watch; Sandglass; Lord; Opening; seal
2496,۵,5 (five),Zipf 4.47,wordfreq Urdu multi-corpus ranking (supplemental),Kaikki+word2word,False,True,False,5 (five),,"five; ""; Phandu; Wazir; Bagh"
2497,باغی,mutineer; insurgent; recalcitrant,Zipf 4.46,wordfreq Urdu multi-corpus ranking (supplemental),Kaikki+ReadUrdu,True,False,False,mutineer; insurgent; recalcitrant,"adj. rebel, rebellious, disloyal; recalcitrant; grown in plantation or a garden. | n. traitor, rebel; insurgent; mutineer | Platts: (act. part. of بغي, 'to seek,' &c.), adj. &",revolting; is; He; !
2498,بت,line; mark,Zipf 4.46,wordfreq Urdu multi-corpus ranking (supplemental),Kaikki+ReadUrdu,True,False,False,line; mark; statue,n. shipworm; line; mark | Platts:,idol; biggest; from; appreciation; idea
2499,بھرتی,enlistment,Zipf 4.46,wordfreq Urdu multi-corpus ranking (supplemental),ReadUrdu+word2word,False,False,True,,"filling, stocking; enlistment; enrolment, admittance",enlistment; enlisted; Recruits; enlisting; twice
2500,پڑھتے,form of پَڑْھنا (paṛhnā — to read (ie. a book etc.)),Zipf 4.46,wordfreq Urdu multi-corpus ranking (supplemental),ReadUrdu+word2word,False,False,True,,form of پَڑْھنا (paṛhnā — to read (ie. a book etc.)),read; posters; correctly; someplace; If
2501,پیرس,Paris (the capital and largest city of France),Zipf 4.46,wordfreq Urdu multi-corpus ranking (supplemental),Kaikki+ReadUrdu+word2word,True,True,True,Paris (the capital and largest city of France),Paris (the capital and largest city of France),Paris; wonderful; Out; mess; watching
2502,گمراہ,misled,Zipf 4.46,wordfreq Urdu multi-corpus ranking (supplemental),ReadUrdu+word2word,False,False,True,,"losing the way, wandering; misled; gone astray",stray; Mother; Follow; path; misled
2503,بحریہ,navy,Zipf 4.45,wordfreq Urdu multi-corpus ranking (supplemental),Kaikki+ReadUrdu+word2word,True,True,True,navy,navy,Navy; pals; soften; Trouble; Our
2504,تہ,origin; root; intent; meaning,Zipf 4.45,wordfreq Urdu multi-corpus ranking (supplemental),Kaikki+ReadUrdu,True,False,False,"origin, root; intent, meaning; bottom, underneath, depth, deepness","n. bottom, underneath, depth, deepness; intent, meaning; origin, root | Platts: [S.",
2505,شعیب,Shuaib; a male given name from Arabic,Zipf 4.45,wordfreq Urdu multi-corpus ranking (supplemental),Kaikki+ReadUrdu,True,False,False,Shuaib; a male given name from Arabic,Shuaib; a male given name from Arabic,
2506,فرعون,pharaoh,Zipf 4.45,wordfreq Urdu multi-corpus ranking (supplemental),Kaikki+ReadUrdu,True,False,False,pharaoh; a haughty person,n. pharaoh | Platts:,
2507,ماہی,fish,Zipf 4.45,wordfreq Urdu multi-corpus ranking (supplemental),Kaikki+ReadUrdu,True,False,False,fish,n. fish | Platts:,league; quarter; further; A; good
2508,وزیرستان,Waziristan (a mountainous region in northwestern Pakistan),Zipf 4.45,wordfreq Urdu multi-corpus ranking (supplemental),Kaikki+ReadUrdu+word2word,True,True,True,Waziristan (a mountainous region in northwestern Pakistan),Waziristan (a mountainous region in northwestern Pakistan),Lights; Waziristan; over; gentlemen
2509,کھولنے,infinitive indirect of کھولْنا (kholnā — to open),Zipf 4.45,wordfreq Urdu multi-corpus ranking (supplemental),ReadUrdu+word2word,False,False,True,,infinitive indirect of کھولْنا (kholnā — to open),open; Em; presents; triggered; difficult
2510,ازیں,hereto,Zipf 4.44,wordfreq Urdu multi-corpus ranking (supplemental),Kaikki+ReadUrdu,True,False,False,hereto,hereto,
2511,اقرار,promise,Zipf 4.44,wordfreq Urdu multi-corpus ranking (supplemental),Kaikki+ReadUrdu,True,False,False,pledge; promise; agreement,"acknowledgment, confession, promise",ungodliness; declared; confess; public; lovely
2512,اٹھانا,to pick up; remove,Zipf 4.44,wordfreq Urdu multi-corpus ranking (supplemental),Kaikki+ReadUrdu,True,False,False,to raise; to pick up; remove; to answer (a phonecall),to awaken (ie. from sleep); to lift up; to pick up; remove,suffered; Plus; To; earthquake; lied
2513,بولتے,form of بولْنا (bolnā — to speak),Zipf 4.44,wordfreq Urdu multi-corpus ranking (supplemental),ReadUrdu+word2word,False,False,True,,form of بولْنا (bolnā — to speak),speak; Portuguese; bit; languages; Bro
2514,تہران,Tehran (a province of Iran); Tehran (the capital city of Iran),Zipf 4.44,wordfreq Urdu multi-corpus ranking (supplemental),Kaikki+ReadUrdu,True,False,False,Tehran (a province of Iran); Tehran (the capital city of Iran),Tehran (the capital city of Iran); Tehran (a province of Iran),
2515,ساٹھ,sixty,Zipf 4.44,wordfreq Urdu multi-corpus ranking (supplemental),Kaikki+ReadUrdu+word2word,True,True,True,sixty,sixty,Sixty; sixty; concur; 60; Hello
2516,سیدھا,direct; straight; upright; erect,Zipf 4.44,wordfreq Urdu multi-corpus ranking (supplemental),Kaikki+ReadUrdu,True,False,False,"direct; straight; upright, erect","direct; straight; upright, erect",May; show; ..; Pain; teaches
2517,لیبیا,Libya (a country in North Africa),Zipf 4.44,wordfreq Urdu multi-corpus ranking (supplemental),Kaikki+ReadUrdu+word2word,True,True,True,Libya (a country in North Africa),Libya (a country in North Africa),Libyan; Libya; excuse; uh; some
2518,چوتھی,fourth (feminine),Zipf 4.44,wordfreq Urdu multi-corpus ranking (supplemental),ReadUrdu+word2word,False,False,True,,fourth (feminine),fourth; grade; she; had; almost
2519,چھت,ceiling; roof; terrace,Zipf 4.44,wordfreq Urdu multi-corpus ranking (supplemental),Kaikki+ReadUrdu+word2word,True,True,True,ceiling; roof; terrace,ceiling; roof; terrace,roof; ROOF; GET; THE; TO
2520,ڈھیر,heap,Zipf 4.44,wordfreq Urdu multi-corpus ranking (supplemental),Kaikki+ReadUrdu,True,False,False,heap,heap,pile; scrubbing; Go; popped; funding
2521,کھیلا,play; sport; game; performance (of dance,Zipf 4.44,wordfreq Urdu multi-corpus ranking (supplemental),Kaikki+ReadUrdu+word2word,True,True,True,"play, sport, game; performance (of dance, drama, etc.); masculine singular perfective participle","n. play, sport, game; performance (of dance, drama, etc.) | v. inflection of کھیلْنَا (khelnā):",really; played; well; You
2522,تلنگانہ,Telangana (a state in south-central India; created in 2014 by separation from Andhra Pradesh),Zipf 4.43,wordfreq Urdu multi-corpus ranking (supplemental),Kaikki+ReadUrdu,True,False,False,"Telangana (a state in south-central India, created in 2014 by separation from Andhra Pradesh)","Telangana (a state in south-central India, created in 2014 by separation from Andhra Pradesh)",
2523,غزہ,Gaza (a city in the Gaza Strip; Palestine in the Levant; in full; Gaza City),Zipf 4.43,wordfreq Urdu multi-corpus ranking (supplemental),Kaikki+ReadUrdu,True,False,False,"Gaza (a city in the Gaza Strip, Palestine in the Levant; in full, Gaza City)","Gaza (a city in the Gaza Strip, Palestine in the Levant; in full, Gaza City)",Gazza; course; Harbor; set; Nogaza
2524,لکھیں,plural perfective of لِکْھنا (likhnā — to write),Zipf 4.43,wordfreq Urdu multi-corpus ranking (supplemental),ReadUrdu+word2word,False,False,True,,plural perfective of لِکْھنا (likhnā — to write),down; -; Write; pencil; write
2525,ماننا,to believe; to accept; agree,Zipf 4.43,wordfreq Urdu multi-corpus ranking (supplemental),Kaikki+ReadUrdu,True,False,False,"to believe; to accept, agree; to confess; admit","v. to believe; to accept, agree; to suppose, imagine | Platts: v.t. To respect, revere, esteem; to regard, heed, mind, attend to, observe, obey; to believe, trust, credit;…",probability; deal; acknowledge; power; 60
2526,پھولوں,“flower”),Zipf 4.43,wordfreq Urdu multi-corpus ranking (supplemental),ReadUrdu+word2word,False,False,True,,"oblique plural of پُھول (phūl, “flower”)",flowers; missing; Even; their; dangers
2527,ابا,father,Zipf 4.42,wordfreq Urdu multi-corpus ranking (supplemental),Kaikki+ReadUrdu+word2word,True,True,True,father,n. father | Platts:,Father; robe; poisoned; alone; God
2528,بائبل,the Bible,Zipf 4.42,wordfreq Urdu multi-corpus ranking (supplemental),Kaikki+ReadUrdu+word2word,True,True,True,the Bible,the Bible,Bible; My; my; Scriptures; half
2529,توحید,monotheism,Zipf 4.42,wordfreq Urdu multi-corpus ranking (supplemental),Kaikki+ReadUrdu,True,False,False,monotheism,n. monotheism | Platts:,
2530,فرزند,child; offspring; son or daughter,Zipf 4.42,wordfreq Urdu multi-corpus ranking (supplemental),Kaikki+ReadUrdu,True,False,False,child; offspring; son or daughter,n. child; offspring; son or daughter | Platts:,
2531,لکھنا,to write,Zipf 4.42,wordfreq Urdu multi-corpus ranking (supplemental),Kaikki+ReadUrdu,True,False,False,to name; to write; to destine,to write,Considering; saves; cat; editorial; puff
2532,لہجہ,accent (ie. pronunciation),Zipf 4.42,wordfreq Urdu multi-corpus ranking (supplemental),Kaikki+ReadUrdu,True,False,False,"pitch, tune; style (of poetry); accent (ie. pronunciation)","tone, accent",hard; dialect; translate; speak; may
2533,میانوالی,Mianwali (a city in Mianwali district; province of Punjab; Pakistan),Zipf 4.42,wordfreq Urdu multi-corpus ranking (supplemental),Kaikki+ReadUrdu,True,False,False,"Mianwali (a city in Mianwali district, province of Punjab, Pakistan)","Mianwali (a city in Mianwali district, province of Punjab, Pakistan)",
2534,ناتھ,lord; patron,Zipf 4.42,wordfreq Urdu multi-corpus ranking (supplemental),Kaikki+ReadUrdu,True,False,False,lord; master; patron,lord; protector; patron,
2535,ولایت,dominion; government; jurisdiction; province,Zipf 4.42,wordfreq Urdu multi-corpus ranking (supplemental),Kaikki+ReadUrdu,True,False,False,"Kabulistan; Persia; dominion, government, jurisdiction; province, state, realm, inhabited country or region","n. province, state, realm, inhabited country or region; dominion, government, jurisdiction; a foreign country, especially one in the West (Europe and North America) | Platts: (for A. ولاية, inf. n. of وَلِيَ 'to be master (of),' &c.)",
2536,دیکھئے,see,Zipf 4.41,wordfreq Urdu multi-corpus ranking (supplemental),ReadUrdu+word2word,False,False,True,,"infinitive of دیکْھنا (dekhnā — to look, see, watch)",See; ?
2537,معتبر,credible; reliable,Zipf 4.41,wordfreq Urdu multi-corpus ranking (supplemental),Kaikki+ReadUrdu,True,False,False,"credible, reliable","adj. credible, reliable | Platts: (pass. part of اعتبر 'to hold in high estimation or regard,' &c., viii of عبر 'to study; to examine; to try,'…",
2538,یروشلم,Jerusalem (a district of Israel; Palestine); Jerusalem (a city in Israel; a city in Palestine),Zipf 4.41,wordfreq Urdu multi-corpus ranking (supplemental),Kaikki+ReadUrdu+word2word,True,True,True,"Jerusalem (a district of Israel, Palestine); Jerusalem (a city in Israel; a city in Palestine)","Jerusalem (a city in Israel; a city in Palestine); Jerusalem (a district of Israel, Palestine)",They; Jerusalem; loose; set; hell
2539,یہود,Jewry,Zipf 4.41,wordfreq Urdu multi-corpus ranking (supplemental),Kaikki+ReadUrdu,True,False,False,Jewry,n. plural of یَہُودِی (yahūdī); Jewry | Platts:,Jews; Damn; !; without; Where
2540,سوری,Syrian,Zipf 4.40,wordfreq Urdu multi-corpus ranking (supplemental),Kaikki+ReadUrdu,True,False,False,Syrian,adj. Syrian | n. Syrian (person) | Platts:,Sorry; Fucking; checkpoints; liked; lead
2541,آدھا,half,Zipf 4.39,wordfreq Urdu multi-corpus ranking (supplemental),Kaikki+ReadUrdu+word2word,True,True,True,half,adj. half | n. half,half; meter; thick; eight; high
2542,جھوٹا,counterfeit; false; untrue; liar,Zipf 4.39,wordfreq Urdu multi-corpus ranking (supplemental),Kaikki+ReadUrdu+word2word,True,True,True,"counterfeit; false, untrue; liar, charlatan","adj. false, untrue; counterfeit | n. liar, charlatan",liar; Your; brother; s; a
2543,دکھائے,plural masculine of دِکھانا (dikhānā — to show),Zipf 4.39,wordfreq Urdu multi-corpus ranking (supplemental),ReadUrdu+word2word,False,False,True,,plural masculine of دِکھانا (dikhānā — to show),show; `; May; ..; ll
2544,دھوپ,the Sun; incense; frankincense,Zipf 4.39,wordfreq Urdu multi-corpus ranking (supplemental),Kaikki+ReadUrdu,True,False,False,"the Sun; incense, frankincense","sunlight, sunshine; heat of the Sun; the Sun; incense, frankincense",scrambling; 29-year-old; jets; No; uh
2545,ذلت,humiliation,Zipf 4.39,wordfreq Urdu multi-corpus ranking (supplemental),Kaikki+ReadUrdu,True,False,True,"dishonour, insult, humiliation","humiliation, disgrace",disgrace; area; your; Doss; is
2546,رسالہ,journal; message,Zipf 4.39,wordfreq Urdu multi-corpus ranking (supplemental),Kaikki+ReadUrdu,True,False,False,letter; journal; message,"n. message; magazine, periodical; journal | Platts: (for A. رسالة; see risālat)",
2547,شہریت,civility; township; citizenship,Zipf 4.39,wordfreq Urdu multi-corpus ranking (supplemental),Kaikki+ReadUrdu,True,False,False,civility; township; citizenship,n. citizenship; township; civility | Platts: (shahr,
2548,فرشتوں,“angel”),Zipf 4.39,wordfreq Urdu multi-corpus ranking (supplemental),ReadUrdu+word2word,False,False,True,,"oblique plural of فَرِشْتَہ (fariśta, “angel”)",angels; singing; heavenly; ain; Like
2549,کتے,“dog”):,Zipf 4.39,wordfreq Urdu multi-corpus ranking (supplemental),ReadUrdu+word2word,False,False,True,direct plural; oblique/vocative singular,"n. inflection of کُتّا (kuttā, “dog”): | Platts: (corr. of kahte, or kahtī), part.",dog; possessed; Buried; PM; response
2550,کلیدی,key,Zipf 4.39,wordfreq Urdu multi-corpus ranking (supplemental),Kaikki+word2word,False,True,False,"key, essential, basic, central, pivotal",,Key; hot; is; KEY; FORGET
2551,کمائی,capital; earning; income,Zipf 4.39,wordfreq Urdu multi-corpus ranking (supplemental),Kaikki+ReadUrdu,True,False,False,"capital; earning, income","n. earning, income; capital | Platts:",
2552,اشتعال,combustion; infuriation; agitation; ignition,Zipf 4.38,wordfreq Urdu multi-corpus ranking (supplemental),Kaikki+ReadUrdu,True,False,False,"combustion, infuriation, agitation, ignition, provocation","n. combustion, infuriation, agitation, ignition, provocation | Platts:",
2553,بنگال,Bengal ),Zipf 4.38,wordfreq Urdu multi-corpus ranking (supplemental),Kaikki+ReadUrdu,True,False,False,Bengal (a geographic region in the northeast of South Asia today divided between Bangladesh and India (particularly the state of West Bengal)),Bengal (a geographic region in the northeast of South Asia today divided between Bangladesh and India…,
2554,بہادری,bravery; heroism,Zipf 4.38,wordfreq Urdu multi-corpus ranking (supplemental),Kaikki+ReadUrdu+word2word,True,True,True,"bravery, heroism","n. bravery, heroism | Platts:",bravery; frankly; courage; His; Everybody
2555,جھیل,lake; pool,Zipf 4.38,wordfreq Urdu multi-corpus ranking (supplemental),Kaikki+ReadUrdu+word2word,True,True,True,lake; pool; swamp,"name: a female given name, Jheel | n. lake; lagoon; pool",LAKE; HAVASU; NEEDLES; BLYTHE; LAUGHLIN
2556,صفت,adjective,Zipf 4.38,wordfreq Urdu multi-corpus ranking (supplemental),Kaikki+ReadUrdu,True,False,False,mode; manner; adjective,"n. adjective; description; attribute | Platts: (for A. صفة, inf. n. of وصف 'to describe,' &c.)",
2557,میانمار,Myanmar (a country in Southeast Asia),Zipf 4.38,wordfreq Urdu multi-corpus ranking (supplemental),Kaikki+ReadUrdu,True,False,False,Myanmar (a country in Southeast Asia),Myanmar (a country in Southeast Asia),
2558,نسخہ,a cure; recipe,Zipf 4.38,wordfreq Urdu multi-corpus ranking (supplemental),Kaikki+ReadUrdu,True,False,False,a cure; recipe; version,"n. prescription (for medicine or of medical notes); a cure; recipe | Platts: (for A. نسخة nusḵẖat, fr. نسخ 'to copy.' &c.)",her; mama; adding; pepper; turning
2559,پڑھائی,reading; education; learning; study,Zipf 4.38,wordfreq Urdu multi-corpus ranking (supplemental),Kaikki+ReadUrdu,True,False,False,"reading; education; learning, study","learning, study; education; reading",
2560,گوادر,Gwadar (a port city in Balochistan; Pakistan),Zipf 4.38,wordfreq Urdu multi-corpus ranking (supplemental),Kaikki+ReadUrdu,True,False,False,"Gwadar (a port city in Balochistan, Pakistan)","Gwadar (a port city in Balochistan, Pakistan)",
2561,آقا,Mr,Zipf 4.37,wordfreq Urdu multi-corpus ranking (supplemental),Kaikki+ReadUrdu,True,False,False,Mr; lord; owner,"Mr.; sir, gentleman; master",
2562,امامت,leadership; an office or jurisdiction of an imam,Zipf 4.37,wordfreq Urdu multi-corpus ranking (supplemental),Kaikki+ReadUrdu,True,False,False,leadership; an office or jurisdiction of an imam,n. leadership; an office or jurisdiction of an imam. | Platts: (for A. امامة),
2563,انتقام,revenge,Zipf 4.37,wordfreq Urdu multi-corpus ranking (supplemental),Kaikki+ReadUrdu,True,False,False,"revenge, vengeance",revenge,Vulnerable; retaliation; to
2564,انجیل,gospel,Zipf 4.37,wordfreq Urdu multi-corpus ranking (supplemental),Kaikki+ReadUrdu,True,False,False,gospel,n. gospel | Platts:,
2565,اٹھارہ,eighteen,Zipf 4.37,wordfreq Urdu multi-corpus ranking (supplemental),Kaikki+ReadUrdu,True,False,False,eighteen,eighteen,18; airlines; energy; started; dedicated
2566,برقی,electric; electrical; electronic,Zipf 4.37,wordfreq Urdu multi-corpus ranking (supplemental),Kaikki+ReadUrdu,True,False,False,"electric, electrical, electronic","adj. electric, electrical, electronic | Platts: adj. Pertaining or relating to lightning; electric (e.g. tār-ě-barqī",
2567,بغداد,Baghdad (the capital city of Iraq); Baghdad (a governorate of Iraq),Zipf 4.37,wordfreq Urdu multi-corpus ranking (supplemental),ReadUrdu+word2word,False,False,True,,Baghdad (the capital city of Iraq); Baghdad (a governorate of Iraq),Baghdad; Coalition; Shiite; insurgent; picked
2568,جہان,world; universe,Zipf 4.37,wordfreq Urdu multi-corpus ranking (supplemental),Kaikki+ReadUrdu,True,False,False,world; universe,n. world; universe | Platts: prov.,
2569,دھیان,attention; meditation; reflection; consideration,Zipf 4.37,wordfreq Urdu multi-corpus ranking (supplemental),Kaikki+ReadUrdu,True,False,False,"attention; meditation, reflection; consideration, notice, heedfulness, care","attention; consideration, notice, heedfulness, care; meditation, reflection",OUT; WATCH; family; concentrate; keeping
2570,غضب,violence; oppression,Zipf 4.37,wordfreq Urdu multi-corpus ranking (supplemental),Kaikki+ReadUrdu,True,False,False,angry; violence; oppression,n. anger; rage; violence; oppression,
2571,لبنان,Lebanon (a country in West Asia in the Middle East),Zipf 4.37,wordfreq Urdu multi-corpus ranking (supplemental),Kaikki+ReadUrdu+word2word,True,True,True,Lebanon (a country in West Asia in the Middle East),name: Lebanon (a country in West Asia in the Middle East) | Platts: prop. n. Mount Libanus,studied; Lebanon; engineering; set; Buddy
2572,ماسکو,Moscow (a federal city; the capital of Russia),Zipf 4.37,wordfreq Urdu multi-corpus ranking (supplemental),Kaikki+ReadUrdu+word2word,True,True,True,"Moscow (a federal city, the capital of Russia)","Moscow (a federal city, the capital of Russia)",Moscow; link; First; direct; boarded
2573,مشغول,occupied; engaged; busy,Zipf 4.37,wordfreq Urdu multi-corpus ranking (supplemental),Kaikki+ReadUrdu+word2word,True,True,True,"occupied, engaged, busy","adj. occupied, engaged, busy | Platts: (pass. part. of شغل 'to busy, occupy,' &c.), part. Busied, busy, occup ed, employed, engaged (in); wholly…",engage; engaged; started; debate; engaging
2574,نوح,Nuh; Noah; a male given name from Arabic,Zipf 4.37,wordfreq Urdu multi-corpus ranking (supplemental),Kaikki+ReadUrdu,True,False,False,"Nuh, Noah; a male given name from Arabic","name: Nuh, Noah; a male given name from Arabic | Platts: prop. n. The patriarch Noah",
2575,گنبد,dome,Zipf 4.37,wordfreq Urdu multi-corpus ranking (supplemental),Kaikki+ReadUrdu+word2word,True,True,True,"dome, cupola",dome,dome; mandatory; testing; All; report
2576,یحیی,Yahya; a male given name from Arabic,Zipf 4.37,wordfreq Urdu multi-corpus ranking (supplemental),Kaikki+ReadUrdu,True,False,False,Yahya; a male given name from Arabic,Yahya; a male given name from Arabic,
2577,افریقی,African,Zipf 4.36,wordfreq Urdu multi-corpus ranking (supplemental),Kaikki+ReadUrdu,True,False,False,African,n. an African,
2578,جوانی,youth,Zipf 4.36,wordfreq Urdu multi-corpus ranking (supplemental),Kaikki+ReadUrdu+word2word,True,True,True,youth; manhood; puberty,youth,youth; my; It; cost; beauty
2579,جھوٹی,untrue),Zipf 4.36,wordfreq Urdu multi-corpus ranking (supplemental),ReadUrdu+word2word,False,False,True,,"feminine of جُھوٹا (jhūṭā — false, untrue)",treated; Partial; lie; evolving; untrue
2580,حرمت,reverence; respect; honour; dignity,Zipf 4.36,wordfreq Urdu multi-corpus ranking (supplemental),Kaikki+ReadUrdu,True,False,False,"reverence, respect, honour, dignity; 'a thing that should be sacred or inviolable,' (hence) honour, reputation, character; chastity","n. reverence, respect, honour, dignity; 'a thing that should be sacred or inviolable,' (hence) honour,… | Platts: (for A. حرمة, inf. n. of حر 'to be forbidden,' &c.)",
2581,سمجھی,feminine,Zipf 4.36,wordfreq Urdu multi-corpus ranking (supplemental),ReadUrdu+word2word,False,False,True,,feminine singular of سَمَجْھنَا (samajhnā — to understand),THAT; understand; LIP; CLASSIC; LIKE
2582,فتنہ,tumult; evil; chaos; doom,Zipf 4.36,wordfreq Urdu multi-corpus ranking (supplemental),Kaikki+ReadUrdu+word2word,True,True,True,"tumult; evil, chaos, doom; trial, temptation, misdirection (to disbelief)","n. evil, chaos, doom; trial, temptation, misdirection (to disbelief); tumult | Platts: (for فتنة fitnat, quasi-inf. n. of فتن 'to burn'; to try by fire,' &c.)",temptation; dying; looking; which; tell
2583,فریب,deceit; deception,Zipf 4.36,wordfreq Urdu multi-corpus ranking (supplemental),Kaikki+ReadUrdu+word2word,True,True,False,"deceit, deception; used a suffix to indicate temptation","deception, fraud",deceit; dispel; Are; curse; through
2584,فضائیہ,air force,Zipf 4.36,wordfreq Urdu multi-corpus ranking (supplemental),Kaikki+ReadUrdu,True,False,False,air force,air force,
2585,مردان,Mardan (a city in Mardan district; Khyber Pakhtunkhwa; Pakistan),Zipf 4.36,wordfreq Urdu multi-corpus ranking (supplemental),Kaikki+ReadUrdu,True,False,False,"Mardan (a city in Mardan district, Khyber Pakhtunkhwa, Pakistan)","name: Mardan (a city in Mardan district, Khyber Pakhtunkhwa, Pakistan) | Platts:",
2586,میٹرو,metro,Zipf 4.36,wordfreq Urdu multi-corpus ranking (supplemental),ReadUrdu+word2word,False,False,True,,"metro, subway",METRO; THIS; IS; CONNECT; HER
2587,ہجری,Hijri (Islamic calendar),Zipf 4.36,wordfreq Urdu multi-corpus ranking (supplemental),Kaikki+ReadUrdu,True,False,False,AH (Anno Hegirae); Hijri (Islamic calendar),name: Hijri (Islamic calendar),
2588,ارض,land; earth; region; territory,Zipf 4.35,wordfreq Urdu multi-corpus ranking (supplemental),Kaikki+ReadUrdu,True,False,False,"land, earth, region, territory","n. land, earth, region, territory | Platts:",
2589,جنتا,group; crowd; people; public,Zipf 4.35,wordfreq Urdu multi-corpus ranking (supplemental),Kaikki+ReadUrdu,True,False,False,"group, crowd; people, public, common folk – synonym of عَوَام ('avām)","n. people, public, common folk – synonym of عَوَام ('avām); group, crowd | Platts:",
2590,سمجھنا,to perceive; to comprehend,Zipf 4.35,wordfreq Urdu multi-corpus ranking (supplemental),Kaikki+ReadUrdu,True,False,True,to think; to perceive; to comprehend,to understand; to comprehend; to perceive,understand; want; fucking; happened; true
2591,قدموں,plural,Zipf 4.35,wordfreq Urdu multi-corpus ranking (supplemental),ReadUrdu+word2word,False,False,True,,"plural oblique of قَدَم (qadam — footstep, step)",footsteps; feet; Follow; gods; walks
2592,نیل,bruise; indigo (dye); indigo (color),Zipf 4.35,wordfreq Urdu multi-corpus ranking (supplemental),Kaikki+ReadUrdu,True,False,False,bruise; indigo (dye); indigo (color),n. indigo (dye); indigo (plant from which the bluish dye is obtained); bruise (bruise),stretches; Euphrates; Nile; one
2593,وچ,sun; parrot,Zipf 4.35,wordfreq Urdu multi-corpus ranking (supplemental),Kaikki+ReadUrdu,True,False,False,sun; parrot,n. sun; parrot | Platts:,Talk; things; way; were; about
2594,چاپ,arc; bow,Zipf 4.35,wordfreq Urdu multi-corpus ranking (supplemental),Kaikki+ReadUrdu,True,False,False,arc; bow,n. bow; arc | Platts:,
2595,یونانی,Greek; pertaining to Unani medicine; Unani (Muslim traditional medicine based on the Hellenistic concept of four humours),Zipf 4.35,wordfreq Urdu multi-corpus ranking (supplemental),Kaikki+ReadUrdu+word2word,True,True,True,Greek; pertaining to Unani medicine; Unani (Muslim traditional medicine based on the Hellenistic concept of four humours),"adj. Greek; pertaining to Unani medicine | n. Greek (language); Greek (person); Unani (Muslim traditional medicine based on the Hellenistic concept of four humours) | Platts: (rel. n. fr. yūnān), adj. &",Greek; Philanthropist; comes; word; George
2596,اتوار,Sunday; the Sabbath day,Zipf 4.34,wordfreq Urdu multi-corpus ranking (supplemental),Kaikki+ReadUrdu+word2word,True,True,True,Sunday; the Sabbath day,n. Sunday; the Sabbath day | Platts:,Sunday; during; SUNDAY; AFTERNOON; Tajikistan
2597,اورنگزیب,a male given name; Aurangzeb; from Persian,Zipf 4.34,wordfreq Urdu multi-corpus ranking (supplemental),Kaikki+ReadUrdu,True,False,False,"a male given name, Aurangzeb, from Persian","a male given name, Aurangzeb, from Persian",
2598,اکیلے,alone; by oneself,Zipf 4.34,wordfreq Urdu multi-corpus ranking (supplemental),Kaikki+ReadUrdu+word2word,True,True,True,"alone, by oneself; oblique/vocative masculine singular; direct/oblique/vocative masculine plural","adv. alone, by oneself",alone; wander; Always; Being; Hello
2599,نجم,horoscope; star; planet,Zipf 4.34,wordfreq Urdu multi-corpus ranking (supplemental),Kaikki+ReadUrdu,True,False,False,"horoscope; white pearl; star, planet","n. star, planet; fortune, fate; horoscope | Platts:",
2600,وصیت,legacy; bequest; will; testament,Zipf 4.34,wordfreq Urdu multi-corpus ranking (supplemental),Kaikki+ReadUrdu+word2word,True,True,True,"legacy, bequest; will, testament; precept, command","n. will, testament; legacy, bequest; precept, command | Platts: (A. وصية, v.n. of the measure فَعِيلةَ, fr. وَصَي; see waṣī)",will; serve; testament; as; This
2601,تھانہ,police station,Zipf 4.33,wordfreq Urdu multi-corpus ranking (supplemental),Kaikki+ReadUrdu,True,False,False,police station,police station,
2602,درود,blessing; salutation; ellipsis of دُرُود شَرِیف (durūd śarīf); Salawat,Zipf 4.33,wordfreq Urdu multi-corpus ranking (supplemental),Kaikki+ReadUrdu,True,False,False,"blessing, salutation; ellipsis of دُرُود شَرِیف (durūd śarīf); Salawat (durood – the uttering of specific phrases to bless the prophet Muhammad and his family whenever he is mentioned or encountered in a text)","n. blessing, salutation; Salawat (durood – the uttering of specific phrases to bless the prophet Muhammad and his family whenever he…; ellipsis of دُرُود شَرِیف (durūd śarīf) | Platts:",
2603,ذلیل,despicable; insulting; humiliated; dishonoured,Zipf 4.33,wordfreq Urdu multi-corpus ranking (supplemental),Kaikki+ReadUrdu,True,False,False,"despicable, insulting; humiliated; dishonoured","humiliated; dishonoured; despicable, insulting",Would; Condemn; done; dick; resemblance
2604,لوہے,“iron”):,Zipf 4.33,wordfreq Urdu multi-corpus ranking (supplemental),ReadUrdu+word2word,False,False,True,direct plural; oblique/vocative singular,"inflection of لوہا (lohā, “iron”):",Gives; hit; iron; chance; trapped
2605,محافظ,protector; guard,Zipf 4.33,wordfreq Urdu multi-corpus ranking (supplemental),Kaikki+ReadUrdu,True,False,False,protector; guard,"n. protector; guard | Platts: (act. part. of حافظ 'to defend, to preserve,' &c., iii of حفظ 'to keep, preserve, guard,' &c.), part.",conqueror; savior; marriage; both; Your
2606,مہربان,a friend; loving; affectionate; friendly,Zipf 4.33,wordfreq Urdu multi-corpus ranking (supplemental),Kaikki+ReadUrdu+word2word,True,True,True,"a friend; loving, affectionate, friendly, kind, benevolent, beneficent, favouring, indulgent, gracious, propitious; compassionate, merciful","adj. loving, affectionate, friendly, kind, benevolent, beneficent, favouring, indulgent, gracious, propitious;… | n. a friend | Platts: (mihr+bān, q",those; fair; friend; isn; always
2607,نظریں,gaze,Zipf 4.33,wordfreq Urdu multi-corpus ranking (supplemental),ReadUrdu+word2word,False,False,True,,"plural direct of نَظَر (nazar — look, gaze, glance)",Gaze; envy; upon; reason; eyes
2608,پوچھے,plural masculine of پُوچْھنا (pūchnā — to ask,Zipf 4.33,wordfreq Urdu multi-corpus ranking (supplemental),ReadUrdu+word2word,False,False,True,,"plural masculine of پُوچْھنا (pūchnā — to ask, enquire)",Maya; Please; everyone; ask; fucking
2609,کھائی,ditch,Zipf 4.33,wordfreq Urdu multi-corpus ranking (supplemental),ReadUrdu+word2word,False,False,True,,"ditch, moat; trench",means; ditch; MREs; dodging; mortar
2610,اکٹھا,together; gathered; in all; collected,Zipf 4.32,wordfreq Urdu multi-corpus ranking (supplemental),Kaikki+ReadUrdu,True,False,False,"together, gathered, in all, collected","together, gathered, in all, collected",combine; If; forces; were; we
2611,بنت,daughter,Zipf 4.32,wordfreq Urdu multi-corpus ranking (supplemental),Kaikki+ReadUrdu,True,False,False,daughter,n. daughter | Platts:,
2612,ٹھوس,firm; solid,Zipf 4.32,wordfreq Urdu multi-corpus ranking (supplemental),Kaikki+ReadUrdu,True,False,False,firm; solid; significant,solid; substantial; firm,concrete; substantive; repeatedly; point; data
2613,استدلال,demonstration; reasoning,Zipf 4.31,wordfreq Urdu multi-corpus ranking (supplemental),Kaikki+ReadUrdu,True,False,False,"demonstration, reasoning, justification, induction, debate, inference","s.m. Seeking proof, arguments or reasons; proof, demonstration, argument ( = دليل dalīl",
2614,انڈونیشیا,Indonesia (a country in the Southeast Asia; Asia),Zipf 4.31,wordfreq Urdu multi-corpus ranking (supplemental),Kaikki+ReadUrdu,True,False,False,"Indonesia (a country in the Southeast Asia, Asia)","Indonesia (a country in the Southeast Asia, Asia)",
2615,بلوچی,Baluchi,Zipf 4.31,wordfreq Urdu multi-corpus ranking (supplemental),ReadUrdu+word2word,False,False,True,,"Baluchi, Balochi (language)",Al-Baluchi; Baluchi; famous; courier; working
2616,تقلید,forgery; conformity; conformation,Zipf 4.31,wordfreq Urdu multi-corpus ranking (supplemental),Kaikki+ReadUrdu,True,False,False,"forgery; counterfeit; conformity, conformation","n. imitation, representation; forgery; conformity, conformation | Platts:",
2617,تھوک,spit; saliva,Zipf 4.31,wordfreq Urdu multi-corpus ranking (supplemental),Kaikki+ReadUrdu,True,False,False,spit; saliva,spit; saliva,
2618,جمعرات,Thursday,Zipf 4.31,wordfreq Urdu multi-corpus ranking (supplemental),Kaikki+ReadUrdu+word2word,True,True,True,Thursday,Thursday,Ammar; Thursday; which; day; calmly
2619,دھند,fog (haze; mist; of weather),Zipf 4.31,wordfreq Urdu multi-corpus ranking (supplemental),Kaikki+ReadUrdu+word2word,True,True,True,"fog (haze; mist, of weather)","fog (haze; mist, of weather)",Disappeared; mist; fine; like; morning
2620,پڑھتا,masculine,Zipf 4.31,wordfreq Urdu multi-corpus ranking (supplemental),ReadUrdu+word2word,False,False,True,,masculine singular of پَڑْھنا (paṛhnā — to read (ie. a book etc.)),Reading; Timothy; first; from; letter
2621,ایندھن,fuel,Zipf 4.30,wordfreq Urdu multi-corpus ranking (supplemental),Kaikki+ReadUrdu+word2word,True,True,True,fuel,fuel,WE; gas; FUEL; run; US
2622,برما,drill; borer,Zipf 4.30,wordfreq Urdu multi-corpus ranking (supplemental),Kaikki+ReadUrdu,True,False,False,"drill, borer; Burma, Myanmar (country in Southeast Asia)","n. drill, borer | Platts:",
2623,جنگجو,warrior,Zipf 4.30,wordfreq Urdu multi-corpus ranking (supplemental),Kaikki+ReadUrdu,True,False,False,warrior,warrior,-They; acted; combatant; rogue; rescue
2624,جھنگ,Jhang (a city in Punjab; Pakistan),Zipf 4.30,wordfreq Urdu multi-corpus ranking (supplemental),Kaikki+ReadUrdu,True,False,False,"Jhang (a city in Punjab, Pakistan)","Jhang (a city in Punjab, Pakistan)",
2625,جھگڑا,row; fight,Zipf 4.30,wordfreq Urdu multi-corpus ranking (supplemental),Kaikki+ReadUrdu,True,False,False,row; fight,fight; row,trouble; want; any; through; we
2626,خداوند,God; the Lord; An epithet for Jesus,Zipf 4.30,wordfreq Urdu multi-corpus ranking (supplemental),Kaikki+ReadUrdu+word2word,True,True,True,husband; God; the Lord; An epithet for Jesus,"An epithet for Jesus.; God; Lord; owner, possessor","Lord; please; ""; more; When"
2627,دوری,distance,Zipf 4.30,wordfreq Urdu multi-corpus ranking (supplemental),Kaikki+ReadUrdu,True,False,False,absence; breadth; distance,n. distance; remoteness; separation | Platts: (see dūr),within; him; 10; re; We
2628,دوزخ,hell,Zipf 4.30,wordfreq Urdu multi-corpus ranking (supplemental),Kaikki+ReadUrdu+word2word,True,True,True,"hell, hellfire; Nafs al-Ammara (the human inclination or ego towards sin); the stomach (especially one that is hungry), an empty stomach, belly",hell,em; hell; `; give; fast
2629,عبرت,cautionary lesson,Zipf 4.30,wordfreq Urdu multi-corpus ranking (supplemental),ReadUrdu+word2word,False,False,True,,"cautionary lesson, warning example",deterrent; passes; lesson; learn; As
2630,لمبا,tall (of people); expanded; great; large,Zipf 4.30,wordfreq Urdu multi-corpus ranking (supplemental),Kaikki+ReadUrdu+word2word,True,True,True,"tall (of people); spacious, capacious; expanded, great, large","adj. tall (of people); long (of objects, duration, etc); expanded, great, large | Platts:",tall; terrible; On; too; She
2631,پتی,leaf; husband,Zipf 4.30,wordfreq Urdu multi-corpus ranking (supplemental),Kaikki+ReadUrdu,True,False,False,leaf; husband,n. leaf; husband | Platts:,handles; billionaires; bunch; whole; bank
2632,ڈالنا,to pour; to place; to deliver,Zipf 4.30,wordfreq Urdu multi-corpus ranking (supplemental),Kaikki+ReadUrdu,True,False,False,to pour; to place; to deliver,"to pour; to put, place; to deliver",sidewalk; Putting; slow-rolling; bitch; meeting
2633,اردن,"Jordan (a country in West Asia in the Middle East); Jordan (a river in West Asia in the Middle East, that empties into the Dead Sea; flowing through Israel",Zipf 4.29,wordfreq Urdu multi-corpus ranking (supplemental),Kaikki+ReadUrdu,True,False,False,"Jordan (a country in West Asia in the Middle East); Jordan (a river in West Asia in the Middle East, that empties into the Dead Sea, flowing through Israel, the Golan Heights, the West Bank and Jordan)","name: Jordan (a country in West Asia in the Middle East); Jordan (a river in West Asia in the Middle East, that empties into the Dead Sea, flowing through Israel, the… | Platts:",Jords; Humam; Khalil; al-Balawi; Jordanian
2634,درگاہ,Sufi shrine,Zipf 4.29,wordfreq Urdu multi-corpus ranking (supplemental),Kaikki+ReadUrdu,True,False,False,"threshold; dargah, Sufi shrine",shrine (of a saint),
2635,دمشق,Damascus (the capital city of Syria; an ancient settlement; the ancient capital of various polities; most notably the Umayyad Caliphate from 661 to 744 CE and Aram-Damascus,Zipf 4.29,wordfreq Urdu multi-corpus ranking (supplemental),Kaikki+ReadUrdu,True,False,False,"Damascus (the capital city of Syria; an ancient settlement, the ancient capital of various polities, most notably the Umayyad Caliphate from 661 to 744 CE and Aram-Damascus, existing from the 12th to 8th centuries BCE)","Damascus (the capital city of Syria; an ancient settlement, the ancient capital of various polities, most…",
2636,شکوہ,resentment (ie. a complaint); grandeur; inconvenience (or a complaint due to an illness or pain),Zipf 4.29,wordfreq Urdu multi-corpus ranking (supplemental),Kaikki+ReadUrdu,True,False,False,"grievance, resentment (ie. a complaint); grandeur; pomp; majesty; magnificence; awe; inconvenience (or a complaint due to an illness or pain)",complaint (shikwa); grandeur (shukoh),
2637,فلک,sky; heaven,Zipf 4.29,wordfreq Urdu multi-corpus ranking (supplemental),Kaikki+ReadUrdu,True,False,False,sky; heaven,heaven; sky,
2638,لاہوری,Lahorite (person); Lahori (of or relating to Lahore),Zipf 4.29,wordfreq Urdu multi-corpus ranking (supplemental),Kaikki+ReadUrdu,True,False,False,Lahorite (person); Lahori (of or relating to Lahore),adj. Lahori (of or relating to Lahore) | name: Lahorite (person) | Platts: adj. &,
2639,مانسہرہ,Mansehra (a city in Mansehra district; Khyber Pakhtunkhwa; Pakistan),Zipf 4.29,wordfreq Urdu multi-corpus ranking (supplemental),Kaikki+ReadUrdu,True,False,False,"Mansehra (a city in Mansehra district, Khyber Pakhtunkhwa, Pakistan)","Mansehra (a city in Mansehra district, Khyber Pakhtunkhwa, Pakistan)",
2640,وضو,wudu (a ritual washing of the forearms; head; and feet; required after minor impurity,Zipf 4.29,wordfreq Urdu multi-corpus ranking (supplemental),Kaikki+ReadUrdu,True,False,False,"wudu (a ritual washing of the forearms, head, and feet, required after minor impurity, frequently performed immediately before prayer)","n. wudu (a ritual washing of the forearms, head, and feet, required after minor impurity, frequently performed… | Platts: (for A. وضوء waẓūʼ, v.n. fr. وضأ)",
2641,پذیر,taking; receiving; accepting; admitting,Zipf 4.29,wordfreq Urdu multi-corpus ranking (supplemental),Kaikki+ReadUrdu,True,False,False,"taking, receiving; accepting, admitting; accepter, receiver, host","n. accepting, admitting; taking, receiving; accepter, receiver, host | Platts: part.",Profound; biodegradation; decaying; cells; Kryptonian
2642,پڑھنا,to read (ie. a book etc.); to read out (aloud,Zipf 4.29,wordfreq Urdu multi-corpus ranking (supplemental),ReadUrdu+word2word,False,False,True,"to chant; to cast a spell; to study, learn","to read (ie. a book etc.); to read out (aloud; such a notification, announcement etc.); to decipher; understand",films; reading; started; That; actually
2643,آڑ,covering,Zipf 4.28,wordfreq Urdu multi-corpus ranking (supplemental),ReadUrdu+word2word,False,False,True,,"covering, shade; shelter; obstruction, blockage, hindrance",cover; under; Come; going; on
2644,اجر,earning; meed; payment; wage,Zipf 4.28,wordfreq Urdu multi-corpus ranking (supplemental),Kaikki+ReadUrdu,True,False,False,"earning, meed, payment, wage, salary","n. earning, meed, payment, wage, salary | Platts:",reward; injuries; gave; facility; as
2645,اجنبی,stranger,Zipf 4.28,wordfreq Urdu multi-corpus ranking (supplemental),Kaikki+ReadUrdu+word2word,True,True,True,"stranger; strange, foreign, unfamiliar","stranger, foreigner",alien; strangers; meeting; stranger; SUPERMAN=ILLEGAL
2646,استنبول,Istanbul (a major city and province of Turkey),Zipf 4.28,wordfreq Urdu multi-corpus ranking (supplemental),Kaikki+ReadUrdu+word2word,True,True,True,Istanbul (a major city and province of Turkey),Istanbul (a major city and province of Turkey),Istanbul; kept; same; saying; You
2647,القاعدہ,al-Qaeda,Zipf 4.28,wordfreq Urdu multi-corpus ranking (supplemental),ReadUrdu+word2word,False,False,True,,al-Qaeda,al-Qaeda; eat; motivated; cells; rewards
2648,اندھا,dumb; blind; unbeliever; stray,Zipf 4.28,wordfreq Urdu multi-corpus ranking (supplemental),Kaikki+ReadUrdu+word2word,True,True,True,"dumb; blind; unbeliever, stray","adj. blind; dirty, unclean (mirror, glass); dumb | n. blind man; unbeliever, stray",blind; blinded; thought; swooped; stepsisters
2649,بیجنگ,Beijing (a direct-administered municipality; the capital city of China),Zipf 4.28,wordfreq Urdu multi-corpus ranking (supplemental),Kaikki+ReadUrdu,True,False,False,"Beijing (a direct-administered municipality, the capital city of China)","Beijing (a direct-administered municipality, the capital city of China)",announcing; arrival; 9435; Beiijing; Customer
2650,بیٹیاں,“daughter”),Zipf 4.28,wordfreq Urdu multi-corpus ranking (supplemental),ReadUrdu+word2word,False,False,True,,"direct plural of بیٹی (beṭī, “daughter”)",daughters; Have; Who; own; had
2651,داڑھی,beard,Zipf 4.28,wordfreq Urdu multi-corpus ranking (supplemental),Kaikki+ReadUrdu+word2word,True,True,True,beard,beard,eldest; Tall; beards; beard; Isn
2652,درویش,poor; unworldly; a beggar,Zipf 4.28,wordfreq Urdu multi-corpus ranking (supplemental),Kaikki+ReadUrdu,True,False,False,poor; unworldly; a beggar; faqir,"adj. poor; unworldly | n. a beggar; fakir; poor; Dervish; dervish | Platts: (fr. Zend driwis, nom. of driwi; or fr. dareghusćiṭ, nom. of drighu; rt. drigh, 'to be poor, to beg'; cf. S.…",
2653,ستارہ,star,Zipf 4.28,wordfreq Urdu multi-corpus ranking (supplemental),Kaikki+ReadUrdu+word2word,True,True,True,"star; fate, destiny, fortune; a white mark on a horse's head",star,star; He; was; real; a
2654,سوویت,Soviet,Zipf 4.28,wordfreq Urdu multi-corpus ranking (supplemental),Kaikki+ReadUrdu+word2word,True,True,True,Soviet,adj. Soviet | n. Soviet,Soviet; frontier
2655,عالی,high; elevated; exalted; eminent,Zipf 4.28,wordfreq Urdu multi-corpus ranking (supplemental),Kaikki+ReadUrdu,True,False,False,"high, elevated, exalted, eminent, noble, grand, sublime","adj. high, elevated, exalted, eminent, noble, grand, sublime | Platts: (for A. عالٍ ʻāliṉ, act. part. of علو 'to be high,' &c.), adj. High, elevated, exalted, eminent, noble,…",found; Lord; been; It; HASSASINS
2656,غسل,bath; ghusl,Zipf 4.28,wordfreq Urdu multi-corpus ranking (supplemental),Kaikki+ReadUrdu+word2word,True,True,True,bath; ghusl,n. bath; ghusl | Platts: (inf. n. of غسل 'to wash'),bath; BAER; :; Daddy; 21
2657,لوٹا,turncoat; renegade; masculine singular perfect indicative : looted,Zipf 4.28,wordfreq Urdu multi-corpus ranking (supplemental),Kaikki+ReadUrdu,True,False,False,turncoat; renegade; masculine singular perfective participle; masculine singular perfect indicative : looted,"v. inflection of لُوٹْنَا (lūṭnā, “to loot”):; inflection of لَوٹنَا (lauṭnā, “to return; come back”): | n. lota, pot (used to hold water, especially for istinja); turncoat; renegade",
2658,مؤثر,effective,Zipf 4.28,wordfreq Urdu multi-corpus ranking (supplemental),Kaikki+ReadUrdu+word2word,True,True,True,effective,"n. effective | Platts: (act. part. of أثّر 'to leave or make a mark, or impression, &c. (upon),' ii of أثر 'to make a mark in, or…",effective; most; Currently; 3D; manuever
2659,نان,naan; A type of round; flat bread baked in a tandoor popular in South and Central Asian cuisine,Zipf 4.28,wordfreq Urdu multi-corpus ranking (supplemental),Kaikki+ReadUrdu,True,False,False,"naan, A type of round, flat bread baked in a tandoor popular in South and Central Asian cuisine","n. naan, A type of round, flat bread baked in a tandoor popular in South and Central Asian cuisine. | Platts:",
2660,پکارا,s.m. Call,Zipf 4.28,wordfreq Urdu multi-corpus ranking (supplemental),ReadUrdu+word2word,False,False,True,,"s.m. Call, shout, &c. = pukār; noisiness, report, pretension, renown, fame, notoriety.",cried; cringing; oarsmen; budget; call
2661,کرناٹک,Karnataka (a state in southern India),Zipf 4.28,wordfreq Urdu multi-corpus ranking (supplemental),Kaikki+ReadUrdu,True,False,False,Karnataka (a state in southern India),Karnataka (a state in southern India),
2662,ہنس,A goose,Zipf 4.28,wordfreq Urdu multi-corpus ranking (supplemental),ReadUrdu+word2word,False,False,True,,"s.m. (f. -ī), A goose, gander; swan; duck; — flamingo; — the living soul; — one of the vital airs; — an…",`; goose; cooked; truly; head
2663,اقلیت,minority,Zipf 4.27,wordfreq Urdu multi-corpus ranking (supplemental),Kaikki+ReadUrdu+word2word,True,True,True,minority,minority,minority; nation; own; our; Jews
2664,بندوق,gun; rifle,Zipf 4.27,wordfreq Urdu multi-corpus ranking (supplemental),Kaikki+ReadUrdu+word2word,True,True,True,"gun, rifle","n. gun, rifle | Platts: (from بندق bunduq, 'bullet,' 'ball,' the Arabicized form of the Persian funduq)",gun; bullet; Each; barrel; issue
2665,تاریک,dark,Zipf 4.27,wordfreq Urdu multi-corpus ranking (supplemental),Kaikki+ReadUrdu+word2word,True,True,True,dark,"adj. dark | Platts: adj. Dark, obscure: — tārīk-ćashm, adj. Dim-sighted, short-sighted; blind",dark; There; too; darkest; depths
2666,خوشاب,Khushab (a city in Khushab district; Punjab; Pakistan),Zipf 4.27,wordfreq Urdu multi-corpus ranking (supplemental),Kaikki+ReadUrdu,True,False,False,"Khushab (a city in Khushab district, Punjab, Pakistan)","Khushab (a city in Khushab district, Punjab, Pakistan)",
2667,روی,sun,Zipf 4.27,wordfreq Urdu multi-corpus ranking (supplemental),Kaikki+ReadUrdu,True,False,False,sun,n. sun | Platts:,
2668,طلوع,sunrise; moonrise,Zipf 4.27,wordfreq Urdu multi-corpus ranking (supplemental),Kaikki+ReadUrdu,True,False,True,"sunrise, moonrise","n. sunrise, moonrise | Platts: (inf. n. of طلع 'to rise' (as the sun, &c.), 'to appear')",HIGH-RISES; THESE; HEAD; D; ONE
2669,لکھنؤ,Lucknow (the state capital of Uttar Pradesh; India),Zipf 4.27,wordfreq Urdu multi-corpus ranking (supplemental),Kaikki+ReadUrdu,True,False,False,"Lucknow (the state capital of Uttar Pradesh, India)","Lucknow (the state capital of Uttar Pradesh, India)",
2670,ناپاک,unclean; impure,Zipf 4.27,wordfreq Urdu multi-corpus ranking (supplemental),Kaikki+ReadUrdu,True,False,False,"unclean, impure","unclean, impure",pollute; Promised; Land; will; You
2671,پاکیزہ,pure,Zipf 4.27,wordfreq Urdu multi-corpus ranking (supplemental),Kaikki+ReadUrdu,True,False,False,pure,adj. pure | Platts: (pāk,
2672,یونان,Ancient Greece; Greece (a country in Southeastern Europe),Zipf 4.27,wordfreq Urdu multi-corpus ranking (supplemental),Kaikki+ReadUrdu,True,False,False,Ancient Greece; Greece (a country in Southeastern Europe),name: Greece (a country in Southeast Europe); Ancient Greece | Platts: prop. n. Ionia; Greece (so called till subdued by the Romans; since then the term Rūm has been applied to the…,
2673,اگلا,next; first,Zipf 4.26,wordfreq Urdu multi-corpus ranking (supplemental),Kaikki+ReadUrdu+word2word,True,True,True,next; first,"adj. next; first | Platts: adj. (f. -ī), Foremost, first, chief, principal; prior, previous, preceding, former, anterior; late, recent,…",Back; next; category; Next; pharma
2674,بادشاہت,monarchy; kingdom; sovereignty; dominion,Zipf 4.26,wordfreq Urdu multi-corpus ranking (supplemental),Kaikki+ReadUrdu,True,False,False,"monarchy; kingdom, sovereignty; dominion, empire, state","n. monarchy; dominion, empire, state; kingdom, sovereignty | Platts:",crimes; communicate; hope; Whatever; public
2675,ذیلی,sub; lower part of something,Zipf 4.26,wordfreq Urdu multi-corpus ranking (supplemental),Kaikki+ReadUrdu,True,False,False,"sub, lower part of something","sub, lower part of something",
2676,راجا,king,Zipf 4.26,wordfreq Urdu multi-corpus ranking (supplemental),Kaikki+ReadUrdu,True,False,False,king; lord; master,n. king; monarch; sovereign | Platts:,
2677,راہداری,means of transportation; travel document; landing; hallway,Zipf 4.26,wordfreq Urdu multi-corpus ranking (supplemental),Kaikki+ReadUrdu,True,False,False,"means of transportation; passport, travel document; landing; hallway; corridor","passage (ie. corridor, an allowed or safe route for travel); landing; hallway; corridor; means of transportation",
2678,ساکھ,trust; goodwill,Zipf 4.26,wordfreq Urdu multi-corpus ranking (supplemental),Kaikki+ReadUrdu,True,False,True,trust; credit; goodwill,trust; goodwill; credibility,credibility; reputation; intimidating; destroyed; larger
2679,چھوٹ,freedom; impunity,Zipf 4.26,wordfreq Urdu multi-corpus ranking (supplemental),Kaikki+ReadUrdu,True,False,False,"freedom, impunity; omission, excision; separation; divorce","escape, deliverance, letting go; freedom, impunity; discount, exemption; concession",waiver; miss; figuring; systems; spent
2680,گالی,abuse; insult,Zipf 4.26,wordfreq Urdu multi-corpus ranking (supplemental),Kaikki+ReadUrdu,True,False,False,abuse; insult,n. abuse; insult | Platts:,
2681,ہالینڈ,Holland (a historical province of the Netherlands); Holland,Zipf 4.26,wordfreq Urdu multi-corpus ranking (supplemental),ReadUrdu+word2word,False,False,True,,"Holland (a historical province of the Netherlands); Holland, the Netherlands (a country in Western Europe)",Bank; at; Densk; Holland; Direct
2682,صحبت,discourse; conversation; companionship; society,Zipf 4.25,wordfreq Urdu multi-corpus ranking (supplemental),Kaikki+ReadUrdu,True,False,False,"discourse, conversation; companionship, society, company","n. companionship, society, company; discourse, conversation | Platts: (for A. صحبة, inf. n. of صحب 'to associate with,' &c.)",
2683,طب,medicine (field of study),Zipf 4.25,wordfreq Urdu multi-corpus ranking (supplemental),Kaikki+ReadUrdu,True,False,False,medicine (field of study),n. medicine (field of study) | Platts: (inf. n. of طبّ 'to treat medically'),Hampshire; Twenty-six; Med; kid; A
2684,قلندر,qalandar,Zipf 4.25,wordfreq Urdu multi-corpus ranking (supplemental),Kaikki+ReadUrdu,True,False,False,qalandar,n. qalandar | Platts: (for orig. کلندر 'a rough unshaped block or log'; fr. kaland or kuland = kanand…,
2685,مع,alongside,Zipf 4.25,wordfreq Urdu multi-corpus ranking (supplemental),Kaikki+ReadUrdu,True,False,False,"with, alongside","prep with, alongside | Platts: (as though including the iẓāfat with which it is used), prep. With, along with, together with…",
2686,معبود,deity; god,Zipf 4.25,wordfreq Urdu multi-corpus ranking (supplemental),Kaikki+ReadUrdu,True,False,False,"adored; deity, god; worshipped","n. deity, god",
2687,وفادار,loyal,Zipf 4.25,wordfreq Urdu multi-corpus ranking (supplemental),ReadUrdu+word2word,False,False,True,,"loyal, truthful, trustworthy, faithful",loyal; subjects; address; wishes; made
2688,پٹھان,Afghan; Kabuli; Pashtun; Pathan,Zipf 4.25,wordfreq Urdu multi-corpus ranking (supplemental),Kaikki+ReadUrdu,True,False,False,"Afghan, Kabuli; Pashtun, Pathan; warrior; fighter","name: Pashtun, Pathan; Afghan, Kabuli",
2689,آداب,greetings,Zipf 4.24,wordfreq Urdu multi-corpus ranking (supplemental),Kaikki+ReadUrdu,True,False,False,etiquette; decorum; greetings; salutation; adaab! (a traditional South Asian greeting),interj. greetings; welcome | n. plural of ادب (adab); | Platts:,Hello; shooting; they; princess; manners
2690,اثنا,midst,Zipf 4.24,wordfreq Urdu multi-corpus ranking (supplemental),Kaikki+ReadUrdu,True,False,False,midst,n. midst | Platts:,Axis; high; price; Meanwhile; never
2691,تسبیح,glorification of God; tasbih; misbaha; prayer beads,Zipf 4.24,wordfreq Urdu multi-corpus ranking (supplemental),Kaikki+ReadUrdu,True,False,False,"glorification of God, tasbih; misbaha, prayer beads, rosary","n. misbaha, prayer beads, rosary; glorification of God, tasbih | Platts:",
2692,حیا,veil; honour; modesty,Zipf 4.24,wordfreq Urdu multi-corpus ranking (supplemental),Kaikki+ReadUrdu,True,False,False,veil; honour; modesty,"n. modesty; honour; veil | Platts: (inf. n. of حيي), Shame, sense of shame, modesty; pudency; shyness, bashfulness: — ḥayā-dār",
2693,زینت,splendour; elegance; grace; beauty,Zipf 4.24,wordfreq Urdu multi-corpus ranking (supplemental),Kaikki+ReadUrdu,True,False,False,"splendour; elegance, grace, beauty; embellishment, adornment","name: a female given name, Zeenat, from Arabic | n. elegance, grace, beauty; embellishment, adornment; splendour | Platts: (for A. زينة, v.n. fr. زين 'to adorn')",
2694,لذت,delight; pleasure; taste; flavour,Zipf 4.24,wordfreq Urdu multi-corpus ranking (supplemental),Kaikki+ReadUrdu,True,False,False,delight; pleasure; taste; flavour; deliciousness (of food),n. delight; pleasure; taste; flavour; deliciousness (of food) | Platts: (for A. لذة),
2695,مرگ,deer; death; antelope,Zipf 4.24,wordfreq Urdu multi-corpus ranking (supplemental),Kaikki+ReadUrdu,True,False,False,deer; death; antelope,n. death; deer; antelope | Platts:,
2696,منحصر,dependent (on); limited; confined; encompassed,Zipf 4.24,wordfreq Urdu multi-corpus ranking (supplemental),Kaikki+ReadUrdu,True,False,False,"dependent (on); limited, confined, encompassed","adj. limited, confined, encompassed; dependent (on) | Platts: (act. part. of اِنْحصر 'to be or become restrained,' &c., vii of حصر 'to straiten; to surround,' &c.), part.…",up; depends; RD; beholder; definition
2697,موج,whim; caprice; emotion; ecstasy,Zipf 4.24,wordfreq Urdu multi-corpus ranking (supplemental),Kaikki+ReadUrdu,True,False,False,"whim, caprice; emotion, ecstasy; a wave, surge, billow","n. a wave, surge, billow; whim, caprice; emotion, ecstasy | Platts: 1˚",sex; SNORES; (; ); They
2698,پادری,a missionary; Jesuit; clergyman; Christian priest,Zipf 4.24,wordfreq Urdu multi-corpus ranking (supplemental),Kaikki+ReadUrdu,True,False,False,a missionary; Jesuit; clergyman; Christian priest,n. clergyman; Christian priest; a missionary; Jesuit | Platts:,Bishop; Cyrene; He; annihilation; calling
2699,چرچ,building of a church,Zipf 4.24,wordfreq Urdu multi-corpus ranking (supplemental),Kaikki+ReadUrdu+word2word,True,True,True,building of a church,building of a church,CHURCH; INTO; STOPPED; Church; St
2700,چھاپہ,raid; stamp; seal; printing press,Zipf 4.24,wordfreq Urdu multi-corpus ranking (supplemental),Kaikki+ReadUrdu+word2word,True,True,True,"raid; stamp, seal; printing press","raid; stamp, seal; edition, printing, impression",Rooting; rutabaga; Raiding; arugula; Preferably
2701,گرہن,eclipse,Zipf 4.24,wordfreq Urdu multi-corpus ranking (supplemental),Kaikki+ReadUrdu,True,False,False,eclipse,n. eclipse | Platts:,
2702,ہلا,s.f. The earth,Zipf 4.24,wordfreq Urdu multi-corpus ranking (supplemental),ReadUrdu+word2word,False,False,True,,s.f. The earth; — water; — spirituous liquor; wine.,shake; Couldn; shook; SHOOK; EARTH
2703,بحرین,Bahrain (a town in Swat district; Khyber Pakhtunkhwa; Pakistan); Bahrain (an archipelago,Zipf 4.23,wordfreq Urdu multi-corpus ranking (supplemental),Kaikki+ReadUrdu,True,False,False,"Bahrain (a town in Swat district, Khyber Pakhtunkhwa, Pakistan); Bahrain (an archipelago, island, and country in West Asia in the Persian Gulf)","name: Bahrain (an archipelago, island, and country in West Asia in the Persian Gulf); Bahrain (a town in Swat district, Khyber Pakhtunkhwa, Pakistan) | Platts: (dual of baḥr)",
2704,بیچنے,infinitive indirect of بیچْنا (becnā — to sell),Zipf 4.23,wordfreq Urdu multi-corpus ranking (supplemental),ReadUrdu+word2word,False,False,True,,infinitive indirect of بیچْنا (becnā — to sell),sell; weren; guns; let; food
2705,جزیرہ,island,Zipf 4.23,wordfreq Urdu multi-corpus ranking (supplemental),Kaikki+ReadUrdu+word2word,True,True,True,island,"n. island | Platts: (for A. جزيرة jazirat, fem.)",Island; Stryker; Cyclone; Coney; Remember
2706,جھلک,glimpse,Zipf 4.23,wordfreq Urdu multi-corpus ranking (supplemental),ReadUrdu+word2word,False,False,True,,"glance, glimpse",glimpse; semblance; procedure; say; They
2707,خارجی,foreign; external,Zipf 4.23,wordfreq Urdu multi-corpus ranking (supplemental),Kaikki+ReadUrdu,True,False,False,foreign; external,"adj. foreign; external | Platts: (rel. n. of ḵẖārij), adj. &",pushing; carriage; People; baby; front
2708,سوالوں,“question”),Zipf 4.23,wordfreq Urdu multi-corpus ranking (supplemental),ReadUrdu+word2word,False,False,True,,"oblique plural of سَوَال (savāl, “question”)",semantics; charity; suppose; whether; question
2709,سپاہ,army,Zipf 4.23,wordfreq Urdu multi-corpus ranking (supplemental),Kaikki+ReadUrdu,True,False,False,army,n. army | Platts:,
2710,سیارے,“planet”):,Zipf 4.23,wordfreq Urdu multi-corpus ranking (supplemental),ReadUrdu+word2word,False,False,True,direct plural; oblique/vocative singular,"inflection of سَیَّارَہ (sayyāra, “planet”):",planet; toughest; Gods; locate; brightness
2711,قصبے,“town”):,Zipf 4.23,wordfreq Urdu multi-corpus ranking (supplemental),ReadUrdu+word2word,False,False,True,direct plural; oblique/vocative singular,"inflection of قَصْبَہ (qasba, “town”):",A; TRAPPED; TOWN; THERE; CAR
2712,مسکراہٹ,a smile; smirk; grin,Zipf 4.23,wordfreq Urdu multi-corpus ranking (supplemental),Kaikki+ReadUrdu+word2word,True,True,True,a smile; smirk; grin,a smile; smirk; grin,smile; repaid; hadn; gave; anything
2713,نانا,maternal grandfather; Imam Hussain and (by extension) his grandfather Muhammad,Zipf 4.23,wordfreq Urdu multi-corpus ranking (supplemental),Kaikki+ReadUrdu,True,False,False,maternal grandfather; Imam Hussain and (by extension) his grandfather Muhammad,n. maternal grandfather; Imam Hussain and (by extension) his grandfather Muhammad. | Platts: .,
2714,پولس,police; Paul (of Tarsus); author of several books of the New Testament; a male given name from Ancient Greek,Zipf 4.23,wordfreq Urdu multi-corpus ranking (supplemental),Kaikki+ReadUrdu+word2word,True,True,True,"police; Paul (of Tarsus), author of several books of the New Testament; a male given name from Ancient Greek, equivalent to English Paul","n. police | name: Paul (of Tarsus), author of several books of the New Testament; a male given name from Ancient Greek, equivalent to English Paul | Platts: (corr. from the English)","Paul; ""; parallel; twin; evil"
2715,چشمہ,spectacles; glasses; a fountain (ie. spring; source),Zipf 4.23,wordfreq Urdu multi-corpus ranking (supplemental),Kaikki+ReadUrdu,True,False,False,"spectacles, glasses; a fountain (ie. spring, source)","n. a fountain (ie. spring, source); spectacles, glasses | Platts: (rel. n. fr. ćashm)",eyes; your; have; We
2716,کویت,Kuwait (a country in West Asia in the Middle East),Zipf 4.23,wordfreq Urdu multi-corpus ranking (supplemental),Kaikki+ReadUrdu+word2word,True,True,True,Kuwait (a country in West Asia in the Middle East),Kuwait (a country in West Asia in the Middle East),Kuwait; repercussions; Family; lives; called
2717,آمریت,dictatorship,Zipf 4.22,wordfreq Urdu multi-corpus ranking (supplemental),Kaikki+ReadUrdu,True,False,False,dictatorship,dictatorship,
2718,آہ,oh; ah; sigh (usually of sorrow or despair),Zipf 4.22,wordfreq Urdu multi-corpus ranking (supplemental),Kaikki+ReadUrdu+word2word,True,True,True,"oh, ah; sigh (usually of sorrow or despair)","interj. oh, ah | n. sigh (usually of sorrow or despair)",Ah; AH; Aw; AAH; Ahh
2719,اکیلا,alone,Zipf 4.22,wordfreq Urdu multi-corpus ranking (supplemental),Kaikki+ReadUrdu+word2word,True,True,True,alone,"adj. alone | Platts: adj. (f. -ī), Single sole; solitary, lonely; — akelā, akele",alone; ALONE; LEAVE; DON; ME
2720,بابو,clerk; sir; mister; papa,Zipf 4.22,wordfreq Urdu multi-corpus ranking (supplemental),Kaikki+ReadUrdu,True,False,False,"clerk; sir, mister; papa, father","n. papa, father; clerk; sir, mister | Platts:",
2721,برازیل,Brazil (a large Portuguese-speaking country in South America),Zipf 4.22,wordfreq Urdu multi-corpus ranking (supplemental),Kaikki+ReadUrdu+word2word,True,True,True,Brazil (a large Portuguese-speaking country in South America),Brazil (a large Portuguese-speaking country in South America),Brazil; Every; bring; webbing; leaves
2722,بقا,survival; continuation,Zipf 4.22,wordfreq Urdu multi-corpus ranking (supplemental),Kaikki+ReadUrdu+word2word,True,True,True,survival; continuation,"n. survival; continuation | Platts: (inf. n. of بقي 'to remain,' &c.)",survival; vital; They; humanity; are
2723,تھک,infinitive of تَھکْنَا (thaknā — to become tired,Zipf 4.22,wordfreq Urdu multi-corpus ranking (supplemental),ReadUrdu+word2word,False,False,True,,"infinitive of تَھکْنَا (thaknā — to become tired, exhausted)",needs; rest; tired; under; burning
2724,جلوہ,manifestation; splendor,Zipf 4.22,wordfreq Urdu multi-corpus ranking (supplemental),Kaikki+ReadUrdu,True,False,False,"manifestation; splendor, luster; the ceremony when the bridegroom sees the bride in a mirror","manifestation, splendor, display",
2725,جوڑا,a pair; a match; a couple,Zipf 4.22,wordfreq Urdu multi-corpus ranking (supplemental),Kaikki+ReadUrdu+word2word,True,True,True,a pair; a match; a couple,a pair; a couple; a match,common; pair; rumored; linked; cartels
2726,دیوبندی,Deobandi,Zipf 4.22,wordfreq Urdu multi-corpus ranking (supplemental),Kaikki+ReadUrdu,True,False,False,Deobandi,Deobandi,
2727,رہبر,leader; conductor; guide,Zipf 4.22,wordfreq Urdu multi-corpus ranking (supplemental),Kaikki+ReadUrdu,True,False,False,"leader, conductor, guide","leader, conductor, guide",
2728,سنے,plural perfective of سُنْنا (sunnā — to listen,Zipf 4.22,wordfreq Urdu multi-corpus ranking (supplemental),ReadUrdu+word2word,False,False,True,,"plural perfective of سُنْنا (sunnā — to listen, to hear)",listens; Yes; hope; brother; have
2729,عثمانی,Ottoman; a surname; Usmani,Zipf 4.22,wordfreq Urdu multi-corpus ranking (supplemental),Kaikki+ReadUrdu,True,False,False,"Ottoman; a surname, Usmani","adj. Ottoman | n. Ottoman (member of the Ottoman dynasty); Ottoman (citizen of the Ottoman Empire) | name: a surname, Usmani",
2730,عیب,faultiness; unsoundness; imperfection; something amiss,Zipf 4.22,wordfreq Urdu multi-corpus ranking (supplemental),Kaikki+ReadUrdu,True,False,False,"faultiness, unsoundness, imperfection, something amiss, fault, defect, blemish, infirmity, vice, crime, sin; disgrace, infamy","n. faultiness, unsoundness, imperfection, something amiss, fault, defect, blemish, infirmity, vice, crime, sin;… | Platts: (inf. n. of عيب 'to be faulty, or unsound,' &c.)",
2731,نظامی,Nizami Ganjawi,Zipf 4.22,wordfreq Urdu multi-corpus ranking (supplemental),Kaikki+ReadUrdu,True,False,False,Nizami Ganjawi,Nizami Ganjawi,
2732,وراثت,inheritance; heritage,Zipf 4.22,wordfreq Urdu multi-corpus ranking (supplemental),Kaikki+ReadUrdu,True,False,False,"heredity; pangenesis; inheritance, heritage, birthright","inheritance, heritage",
2733,ٹوپی,hat; royal crown; rule; reign,Zipf 4.22,wordfreq Urdu multi-corpus ranking (supplemental),Kaikki+ReadUrdu+word2word,True,True,True,"hat; royal crown; rule, reign","hat; royal crown; rule, reign",hat; TIP; HAT; THE; Cap
2734,چوتھا,fourth,Zipf 4.22,wordfreq Urdu multi-corpus ranking (supplemental),Kaikki+ReadUrdu,True,False,False,fourth,fourth,descending; Rashad; Evans; Stephan; Bonnar
2735,گونج,echo; resonance; reverberation,Zipf 4.22,wordfreq Urdu multi-corpus ranking (supplemental),Kaikki+ReadUrdu,True,False,False,"echo, resonance, reverberation","n. echo, resonance, reverberation | Platts:",
2736,اذان,call to prayer; adhan; a male given name from Arabic,Zipf 4.21,wordfreq Urdu multi-corpus ranking (supplemental),Kaikki+ReadUrdu+word2word,True,True,True,"call to prayer, adhan; a male given name from Arabic","n. call to prayer, adhan | name: a male given name from Arabic | Platts:",call; answering; somehow; Mosque; P.A
2737,اٹک,doubt; obstacle; stoppage,Zipf 4.21,wordfreq Urdu multi-corpus ranking (supplemental),Kaikki+ReadUrdu,True,False,False,doubt; obstacle; stoppage,obstacle; stoppage; doubt,
2738,بمقابلہ,versus; in opposition to; compared with; as opposed to,Zipf 4.21,wordfreq Urdu multi-corpus ranking (supplemental),Kaikki+ReadUrdu,True,False,False,"versus; in opposition to; versus; compared with, as opposed to","versus; in opposition to; versus; compared with, as opposed to",vs; Day; man; night; Bat
2739,داماد,bridegroom; son-in-law (daughter's husband),Zipf 4.21,wordfreq Urdu multi-corpus ranking (supplemental),Kaikki+ReadUrdu,True,False,False,bridegroom; son-in-law (daughter's husband),s.m. A son-in-law; a bridegroom,
2740,سکھر,Sukkur (a city in Sukkur district; Sindh; Pakistan),Zipf 4.21,wordfreq Urdu multi-corpus ranking (supplemental),Kaikki+ReadUrdu,True,False,False,"Sukkur (a city in Sukkur district, Sindh, Pakistan)","Sukkur (a city in Sukkur district, Sindh, Pakistan)",
2741,شاد,happy; glad; cheerful; joyful,Zipf 4.21,wordfreq Urdu multi-corpus ranking (supplemental),Kaikki+ReadUrdu,True,False,False,"happy, glad, cheerful, joyful","adj. happy, glad, cheerful, joyful | Platts: adj. Pleased, delighted, exulting, joyful, happy, glad, cheerful, rejoicing (in); (in comp.) full (of); much:…",
2742,شرمناک,shameful,Zipf 4.21,wordfreq Urdu multi-corpus ranking (supplemental),ReadUrdu+word2word,False,False,True,,"shameful, deplorable, disgraceful",shameful; things; ?
2743,صحن,courtyard,Zipf 4.21,wordfreq Urdu multi-corpus ranking (supplemental),Kaikki+ReadUrdu,True,False,False,courtyard,n. courtyard | Platts:,yard; fights; toughest; d; start
2744,غار,pit; cavern; cave; a terrible wound,Zipf 4.21,wordfreq Urdu multi-corpus ranking (supplemental),Kaikki+ReadUrdu+word2word,True,True,True,pit; cavern; cave; a terrible wound,"n. cavern; cave; pit; a terrible wound. | Platts: (act. part. of غرّ 'to deceive,' &c.)",cave; interconnected; global; cells; run
2745,مٹھی,fist,Zipf 4.21,wordfreq Urdu multi-corpus ranking (supplemental),Kaikki+ReadUrdu+word2word,True,True,True,fist,fist,fist; intervened; abominations; deliver; hammer
2746,نغمہ,musical note; melody; song; tune,Zipf 4.21,wordfreq Urdu multi-corpus ranking (supplemental),Kaikki+ReadUrdu,True,False,False,"musical note; melody, song, tune; a a sweet, soft voice","n. melody, song, tune; musical note; a a sweet, soft voice | name: a female given name, Naghma, from Arabic | Platts: (for A. نغمة nag̠mat, n. of un. fr. nagm), = A نغم nag̠am (inf. n. of نغم 'to read or sing' (in a low…",
2747,نیپال,Nepal (a country in South Asia; located between China and India),Zipf 4.21,wordfreq Urdu multi-corpus ranking (supplemental),Kaikki+ReadUrdu,True,False,False,"Nepal (a country in South Asia, located between China and India)","name: Nepal (a country in South Asia, located between China and India) | Platts:",
2748,ٹھنڈا,cold; apathetic; impotent; eunuch,Zipf 4.21,wordfreq Urdu multi-corpus ranking (supplemental),Kaikki+ReadUrdu,True,False,False,"cold; apathetic; impotent, eunuch","adj. cold; apathetic; impotent, eunuch | n. a cold, refreshing drink",cool; TOTALLY; COOL; eased; clearance
2749,چندر,moon,Zipf 4.21,wordfreq Urdu multi-corpus ranking (supplemental),Kaikki+ReadUrdu,True,False,False,"moon; understanding, comprehension",n. moon | Platts:,
2750,کتا,dog,Zipf 4.21,wordfreq Urdu multi-corpus ranking (supplemental),Kaikki+ReadUrdu+word2word,True,True,True,dog,n. dog | Platts:,dog; corporation; garbage; -Come; clarification
2751,ہلال,crescent,Zipf 4.21,wordfreq Urdu multi-corpus ranking (supplemental),Kaikki+ReadUrdu,True,False,False,crescent,adj. crescent | Platts:,
2752,ہونٹ,lip,Zipf 4.21,wordfreq Urdu multi-corpus ranking (supplemental),Kaikki+ReadUrdu+word2word,True,True,True,lip,lip,THAT; LIP; CLASSIC; LIKE; THING
2753,ارے,hey; ho; oh; whew,Zipf 4.20,wordfreq Urdu multi-corpus ranking (supplemental),Kaikki+ReadUrdu+word2word,True,True,True,"hey, ho, oh, whew, yo (used chiefly in calling to or addressing inferiors)","interj. hey, ho, oh, whew, yo (used chiefly in calling to or addressing inferiors) | Platts: (fem. arī), intj. (used chiefly in calling to or addressing inferiors), Holla! ho! O! Sirrah! hark ye!: —…",Hey; Shit; HEY; hey; whoa
2754,بھیڑ,ewe; sheep; crowd; mob,Zipf 4.20,wordfreq Urdu multi-corpus ranking (supplemental),Kaikki+ReadUrdu+word2word,True,True,True,"ewe; sheep; crowd, mob, swarm","sheep; ewe; crowd, mob, swarm",crowd; WHAT; WE; hordes; refugees
2755,تختہ,shelf; plot; terrain; board,Zipf 4.20,wordfreq Urdu multi-corpus ranking (supplemental),Kaikki+ReadUrdu,True,False,False,"shelf; plot, terrain; board, plank, tablet","n. board, plank, tablet; shelf; plot, terrain | Platts: (see taḵẖt)",Later; Saint; Church; declared; Doctor
2756,تکبر,arrogance,Zipf 4.20,wordfreq Urdu multi-corpus ranking (supplemental),Kaikki+ReadUrdu,True,False,False,"arrogance, pride, egotism","arrogance, haughtiness",PICKY; PROUD; OR; NOT; M
2757,جاسوسی,s.f. Spying; espionage; the office or duty of a spy: — jāsūsī karnā; v.n. To act or play the spy,Zipf 4.20,wordfreq Urdu multi-corpus ranking (supplemental),ReadUrdu+word2word,False,False,True,,"s.f. Spying, espionage; the office or duty of a spy: — jāsūsī karnā, v.n. To act or play the spy",Espionage; spying; Times; York; spy
2758,جاہل,idiotic; ignorant; uneducated; foolish,Zipf 4.20,wordfreq Urdu multi-corpus ranking (supplemental),Kaikki+ReadUrdu,True,False,True,"idiotic, ignorant, uneducated, foolish","adj. idiotic, ignorant, uneducated, foolish | Platts: (act. part. of جہل), adj. Ignorant, illiterate, barbarous; uncivilized, rude, ill-mannered; silly, foolish;…",horde; illiterate; descended; riding; upon
2759,دھواں,smoke,Zipf 4.20,wordfreq Urdu multi-corpus ranking (supplemental),Kaikki+ReadUrdu+word2word,True,True,True,smoke,smoke,Silly; songs; scented; smoke; little
2760,صغیر,junior; minor; small; inferior,Zipf 4.20,wordfreq Urdu multi-corpus ranking (supplemental),Kaikki+ReadUrdu,True,False,False,"junior, minor, small; inferior, contemptible","junior, minor, small; inferior, contemptible",
2761,عیاں,obvious; evident; clear; manifest,Zipf 4.20,wordfreq Urdu multi-corpus ranking (supplemental),Kaikki+ReadUrdu,True,False,False,"obvious, evident, clear, manifest","obvious, evident, clear, manifest",
2762,فراق,separation,Zipf 4.20,wordfreq Urdu multi-corpus ranking (supplemental),Kaikki+ReadUrdu,True,False,False,"separation, parting; anxiety, grief, regret (on account of absence)",separation (from the beloved),
2763,فرشتہ,angel,Zipf 4.20,wordfreq Urdu multi-corpus ranking (supplemental),Kaikki+ReadUrdu+word2word,True,True,True,"angel; a messenger, apostle; a pure-hearted, selfless person",angel,Angel; angel; Be; their; him
2764,لاڑکانہ,Larkana (a city in Larkana district; Sindh; Pakistan),Zipf 4.20,wordfreq Urdu multi-corpus ranking (supplemental),Kaikki+ReadUrdu,True,False,False,"Larkana (a city in Larkana district, Sindh, Pakistan)","Larkana (a city in Larkana district, Sindh, Pakistan)",
2765,لغت,dictionary; lexicon; language; dialect,Zipf 4.20,wordfreq Urdu multi-corpus ranking (supplemental),Kaikki+ReadUrdu,True,False,False,"dictionary, lexicon; language, dialect, idiom","n. dictionary, lexicon; language, dialect, idiom | Platts: (for A. لغة, v.n. fr. لغو 'to speak')",
2766,ناراضگی,disappointment; sadness; dissatisfaction,Zipf 4.20,wordfreq Urdu multi-corpus ranking (supplemental),Kaikki+ReadUrdu,True,False,False,"disappointment, sadness, dissatisfaction","disappointment, sadness, dissatisfaction",
2767,ندی,river,Zipf 4.20,wordfreq Urdu multi-corpus ranking (supplemental),Kaikki+ReadUrdu,True,False,False,river,river,
2768,پنڈت,pundit (a Hindu scholar),Zipf 4.20,wordfreq Urdu multi-corpus ranking (supplemental),Kaikki+ReadUrdu,True,False,False,pundit (a Hindu scholar),pundit (a Hindu scholar),Erudite; surrender; Attack; screening; smartest
2769,پیسوں,“money,Zipf 4.20,wordfreq Urdu multi-corpus ranking (supplemental),ReadUrdu+word2word,False,False,True,,"oblique plural of پَیسَہ (paisa, “money; cash”)",money; earn; About; count; One
2770,چھاپے,plural direct of چھاپَہ (chāpa — raid),Zipf 4.20,wordfreq Urdu multi-corpus ranking (supplemental),ReadUrdu+word2word,False,False,True,,plural direct of چھاپَہ (chāpa — raid),raid; rigged; single; concerns; unavoidable
2771,گھاس,hay; sod; grass,Zipf 4.20,wordfreq Urdu multi-corpus ranking (supplemental),Kaikki+ReadUrdu+word2word,True,True,True,hay; sod; grass,grass; sod; hay,grass; worms; dirt; eaten; covered
2772,بخشش,pardon,Zipf 4.19,wordfreq Urdu multi-corpus ranking (supplemental),Kaikki+ReadUrdu,True,False,False,pardon,n. pardon | Platts: (abst. s. fr. baḵẖsh,TIP; HAT; THE; ?
2773,برج,tower; turret; bastion,Zipf 4.19,wordfreq Urdu multi-corpus ranking (supplemental),Kaikki+ReadUrdu,True,False,False,tower; turret; bastion,n. bastion; tower; turret | Platts:,
2774,بندرگاہ,port,Zipf 4.19,wordfreq Urdu multi-corpus ranking (supplemental),ReadUrdu+word2word,False,False,True,,"port, harbour",port; Contracts; globe; base; tracked
2775,خانم,a lady; a woman of rank; a princess; title of the wife of a ḵẖān,Zipf 4.19,wordfreq Urdu multi-corpus ranking (supplemental),Kaikki+ReadUrdu,True,False,False,"a lady, a woman of rank, a princess; title of the wife of a ḵẖān","n. a lady, a woman of rank, a princess; title of the wife of a ḵẖān | Platts: (fem. of ḵẖān)",
2776,لقب,surname; nickname; title; appellation,Zipf 4.19,wordfreq Urdu multi-corpus ranking (supplemental),Kaikki+ReadUrdu,True,False,False,"surname; nickname; title, appellation, epithet","n. title, appellation, epithet; surname; nickname | Platts:",
2777,میکسیکو,Mexico (a country in North America),Zipf 4.19,wordfreq Urdu multi-corpus ranking (supplemental),Kaikki+ReadUrdu+word2word,True,True,True,Mexico (a country in North America),Mexico (a country in North America),Mexico; cartels; jurisdiction; Especially; specialty
2778,نکالنا,to extract; to remove; take out,Zipf 4.19,wordfreq Urdu multi-corpus ranking (supplemental),Kaikki+ReadUrdu,True,False,False,"to extract; to remove, take out","v. to remove, take out; to extract | Platts: v.t To pull or draw out; to take out (of, -se); to extract; to express; to distil; — to extricate; — to pick…",them; disclose; needs; head; responsible
2779,ٹھنڈی,feminine,Zipf 4.19,wordfreq Urdu multi-corpus ranking (supplemental),ReadUrdu+word2word,False,False,True,,feminine singular of ٹَھنْڈا (ṭhanḍā — cold),Cool; cold; get; don; want
2780,ٹھہر,stay,Zipf 4.19,wordfreq Urdu multi-corpus ranking (supplemental),ReadUrdu+word2word,False,False,True,,"form of ٹَھہَرْنا (ṭhaharnā — to wait, stay, stop)",keep; quiet; Stay; and; here
2781,پوچھتے,plural masculine of پُوچْھنا (pūchnā — to ask,Zipf 4.19,wordfreq Urdu multi-corpus ranking (supplemental),ReadUrdu+word2word,False,False,True,,"plural masculine of پُوچْھنا (pūchnā — to ask, enquire)",ask; coffee; let; gotta; guys
2782,گھی,ghee; clarified butter,Zipf 4.19,wordfreq Urdu multi-corpus ranking (supplemental),Kaikki+ReadUrdu,True,False,False,ghee; clarified butter,ghee; clarified butter,
2783,ترانہ,anthem; melody,Zipf 4.18,wordfreq Urdu multi-corpus ranking (supplemental),Kaikki+ReadUrdu,True,False,False,"anthem, melody","n. anthem, melody | Platts: (S.",
2784,حسرت,longing,Zipf 4.18,wordfreq Urdu multi-corpus ranking (supplemental),Kaikki+ReadUrdu,True,False,False,"grief, wistfulness; longing, wish, desire","unfulfilled longing, regret",
2785,شرک,polytheism; idolatry,Zipf 4.18,wordfreq Urdu multi-corpus ranking (supplemental),Kaikki+ReadUrdu,True,False,False,"polytheism, idolatry","n. polytheism, idolatry | Platts: (inf. n. of شرك 'to share,' &c.)",
2786,قاتلوں,plural,Zipf 4.18,wordfreq Urdu multi-corpus ranking (supplemental),ReadUrdu+word2word,False,False,True,,"plural oblique of قاتِل (qātil — killer, murderer, assassin)",killers; ain; cutthroat; murderers; murdered
2787,قوی,robust; strong; mighty,Zipf 4.18,wordfreq Urdu multi-corpus ranking (supplemental),Kaikki+ReadUrdu,True,False,False,"robust, strong, mighty","adj. robust, strong, mighty | n. irregular plural of قوت (quvvat, “strength, force”) | Platts:",
2788,لمبائی,height; length,Zipf 4.18,wordfreq Urdu multi-corpus ranking (supplemental),Kaikki+ReadUrdu,True,False,False,height; length,n. length; height | Platts:,
2789,لڑتے,plural masculine of لَڑْنا (laṛnā — to fight,Zipf 4.18,wordfreq Urdu multi-corpus ranking (supplemental),ReadUrdu+word2word,False,False,True,,"plural masculine of لَڑْنا (laṛnā — to fight, combat; battle)",fight; RINGING; CELL; PHONE; (
2790,ملائیشیا,Malaysia (a country in Southeast Asia),Zipf 4.18,wordfreq Urdu multi-corpus ranking (supplemental),Kaikki+ReadUrdu+word2word,True,True,True,Malaysia (a country in Southeast Asia),Malaysia (a country in Southeast Asia),guy; Malaysia; Malaysian; nephew; station
2791,ڈھاکہ,Dhaka (the capital city of Bangladesh); Dhaka District (a district of Bangladesh); Dhaka Division (a division of Bangladesh),Zipf 4.18,wordfreq Urdu multi-corpus ranking (supplemental),Kaikki+ReadUrdu,True,False,False,Dhaka (the capital city of Bangladesh); Dhaka District (a district of Bangladesh); Dhaka Division (a division of Bangladesh),Dhaka (the capital city of Bangladesh); Dhaka District (a district of Bangladesh); Dhaka Division (a division of Bangladesh),
2792,کنارہ,edge,Zipf 4.18,wordfreq Urdu multi-corpus ranking (supplemental),Kaikki+ReadUrdu,True,False,False,edge; side; limit,"edge, bank, shore",torch; tie; end; Now; this
2793,ہاتھی,elephant,Zipf 4.18,wordfreq Urdu multi-corpus ranking (supplemental),Kaikki+ReadUrdu,True,False,False,elephant,elephant,
2794,ہوس,curiosity; lust; greed; inordinate desire,Zipf 4.18,wordfreq Urdu multi-corpus ranking (supplemental),Kaikki+ReadUrdu,True,False,False,"curiosity; lust, greed, inordinate desire","n. lust, greed, inordinate desire; curiosity | Platts:",
2795,الیاس,Ilyas,Zipf 4.17,wordfreq Urdu multi-corpus ranking (supplemental),Kaikki+ReadUrdu,True,False,False,Ilyas,"Ilyas; a male given name, Ilyas, from Arabic إِلْيَاس (ʔilyās)",
2796,تعجب,surprise; astonishment,Zipf 4.17,wordfreq Urdu multi-corpus ranking (supplemental),Kaikki+ReadUrdu+word2word,True,True,False,"surprise, astonishment",astonishment,surprise; Yo; Sheriff; proceedings; someone
2797,خزاں,autumn; fall; autumn (season of the year),Zipf 4.17,wordfreq Urdu multi-corpus ranking (supplemental),Kaikki+ReadUrdu+word2word,True,True,True,"decay; autumn, old age; fall, autumn (season of the year)",autumn,fall; Israelis; autumn; All; caught
2798,خطیب,a reader; an orator; preacher (one who delivers a sermon); representative (one who speaks for a community,Zipf 4.17,wordfreq Urdu multi-corpus ranking (supplemental),Kaikki+ReadUrdu,True,False,False,"a reader; an orator, preacher (one who delivers a sermon); representative (one who speaks for a community; group)","n. an orator, preacher (one who delivers a sermon); representative (one who speaks for a community; group); a reader | Platts: (fr. خطب 'to recite')",
2799,راجستھان,Rajasthan (a state in northwestern India; created in 1949 and replacing the former province of Rajputana),Zipf 4.17,wordfreq Urdu multi-corpus ranking (supplemental),Kaikki+ReadUrdu,True,False,False,"Rajasthan (a state in northwestern India, created in 1949 and replacing the former province of Rajputana)","Rajasthan (a state in northwestern India, created in 1949 and replacing the former province of Rajputana)",
2800,ستون,obelisk; pillar; support; column,Zipf 4.17,wordfreq Urdu multi-corpus ranking (supplemental),Kaikki+ReadUrdu,True,False,False,"obelisk,; pillar, support, column, prop, beam","n. pillar, support, column, prop, beam; obelisk, | Platts:",
2801,سنیں,plural perfective of سُنْنا (sunnā — to listen,Zipf 4.17,wordfreq Urdu multi-corpus ranking (supplemental),ReadUrdu+word2word,False,False,True,,"plural perfective of سُنْنا (sunnā — to listen, to hear)",listen; Listen; CRAZY; SOUNDS; LISTEN
2802,غلاموں,servant”),Zipf 4.17,wordfreq Urdu multi-corpus ranking (supplemental),ReadUrdu+word2word,False,False,True,,"oblique plural of غُلام (ġulām, “slave; servant”)",slaves; servants; valley; Lurs; headed
2803,لطیفہ,a meme; joke; jest; a strange,Zipf 4.17,wordfreq Urdu multi-corpus ranking (supplemental),Kaikki+ReadUrdu,True,False,False,"a meme; joke, jest; a strange; unique thing","n. joke, jest; a meme.; a strange; unique thing. | Platts: (for A. لطيفة lat̤īfat, fem. of lat̤īf)",
2804,ویزا,visa,Zipf 4.17,wordfreq Urdu multi-corpus ranking (supplemental),ReadUrdu+word2word,False,False,True,,visa,visa; secure; knowing; Which; stamps
2805,پوجا,worship; puja; a Hindu ritual offered to various deities; distinguished persons,Zipf 4.17,wordfreq Urdu multi-corpus ranking (supplemental),Kaikki+ReadUrdu,True,False,False,"worship; puja, a Hindu ritual offered to various deities, distinguished persons, or special guests","n. worship; puja, a Hindu ritual offered to various deities, distinguished persons, or special guests. | Platts:",
2806,پیج,solemn declaration; agreement; engagement; promise,Zipf 4.17,wordfreq Urdu multi-corpus ranking (supplemental),Kaikki+ReadUrdu,True,False,False,"solemn declaration, agreement, engagement, promise, vow","n. solemn declaration, agreement, engagement, promise, vow | Platts:",Page; Unger; only; medics; area
2807,چنا,chickpea (Cicer arietinum),Zipf 4.17,wordfreq Urdu multi-corpus ranking (supplemental),Kaikki+ReadUrdu,True,False,False,"chana, chickpea (Cicer arietinum)","s.m. The chick-pea, Cicer arietenum, commonly called 'gram': — ćane bhūnnā, ćane-se bhūnnā or bhūn-denā, v.t.…",
2808,کمان,arc; bow,Zipf 4.17,wordfreq Urdu multi-corpus ranking (supplemental),Kaikki+ReadUrdu,True,False,False,arc; bow,n. bow; arch; arc | Platts:,
2809,ہوشیار,clever; smart,Zipf 4.17,wordfreq Urdu multi-corpus ranking (supplemental),Kaikki+ReadUrdu+word2word,True,True,True,"clever, smart","clever, smart",smart; careful; Be; Attention; clever
2810,یوٹیوب,YouTube (online video sharing platform),Zipf 4.17,wordfreq Urdu multi-corpus ranking (supplemental),ReadUrdu+word2word,False,False,True,,YouTube (online video sharing platform),"47,000; hits; YouTube; already; ransom"
2811,آسمانی,sky blue; of or relating to the sky; celestial; heavenly,Zipf 4.16,wordfreq Urdu multi-corpus ranking (supplemental),Kaikki+ReadUrdu+word2word,True,True,True,"sky blue; of or relating to the sky; celestial, heavenly","adj. sky blue; of or relating to the sky; celestial, heavenly | Platts: adj. Heavenly, celestial; from heaven, divine; sky-coloured, azure, cerulean…",angels; heavenly; Like; Mom; host
2812,بارود,gunpowder,Zipf 4.16,wordfreq Urdu multi-corpus ranking (supplemental),Kaikki+ReadUrdu,True,False,False,gunpowder,gunpowder,Ammo; gun; fast; permit; yet
2813,باہم,mutually; conjointly; together; jointly,Zipf 4.16,wordfreq Urdu multi-corpus ranking (supplemental),Kaikki+ReadUrdu,True,False,False,"mutually, conjointly, together, jointly","mutually, conjointly, together, jointly",
2814,بحیرہ,sea,Zipf 4.16,wordfreq Urdu multi-corpus ranking (supplemental),Kaikki+ReadUrdu,True,False,False,sea,n. sea | Platts: (dim. of baḥr),stretched; steppes; shores; Mediterranean; rose
2815,بخت,fortune; luck; prosperity; fate,Zipf 4.16,wordfreq Urdu multi-corpus ranking (supplemental),Kaikki+ReadUrdu,True,False,False,"fortune, luck, prosperity, fate","n. fortune, luck, prosperity, fate | Platts:",
2816,جانشین,heir; successor,Zipf 4.16,wordfreq Urdu multi-corpus ranking (supplemental),Kaikki+ReadUrdu,True,False,False,"son; heir, successor; substitute, vicegerent","successor, heir",
2817,دکھائیں,infinitive of دِکھانا (dikhānā — to show),Zipf 4.16,wordfreq Urdu multi-corpus ranking (supplemental),ReadUrdu+word2word,False,False,True,,infinitive of دِکھانا (dikhānā — to show),Show; Exit; teeth; show; OK
2818,دھرتی,earth; soil; ground,Zipf 4.16,wordfreq Urdu multi-corpus ranking (supplemental),Kaikki+ReadUrdu,True,False,False,"earth, soil, ground","earth, soil, ground",
2819,سالار,head,Zipf 4.16,wordfreq Urdu multi-corpus ranking (supplemental),ReadUrdu+word2word,False,False,True,,"s.m. lit. 'Advanced in years'; chieftain, prince, chief, head, leader, captain, commander, general: —…",ride; head; at; Army; Persian
2820,سننا,to listen; to hear,Zipf 4.16,wordfreq Urdu multi-corpus ranking (supplemental),Kaikki+ReadUrdu+word2word,True,True,True,"to listen, to hear","v. to listen, to hear | Platts: (see the trans. sānnā), v.n. To be impregnated; to be soiled, be stained, be smeared, be defiled; to be mixed…",listen; hear; YOU; -Don; REGRETTED
2821,صوابی,Swabi (a city in Swabi district; Khyber Pakhtunkhwa; Pakistan),Zipf 4.16,wordfreq Urdu multi-corpus ranking (supplemental),Kaikki+ReadUrdu,True,False,False,"Swabi (a city in Swabi district, Khyber Pakhtunkhwa, Pakistan)","Swabi (a city in Swabi district, Khyber Pakhtunkhwa, Pakistan)",
2822,عیسائیوں,plural,Zipf 4.16,wordfreq Urdu multi-corpus ranking (supplemental),ReadUrdu+word2word,False,False,True,,plural oblique of عِیسائی ('īsāī — Christian),Christians; perhaps; add; enter; Library
2823,فحش,immoral; pornography; smut; pornographic,Zipf 4.16,wordfreq Urdu multi-corpus ranking (supplemental),Kaikki+ReadUrdu,True,False,False,"immoral; pornography, smut; pornographic, smutty","adj. vulgar, obscene, indecent; pornographic, smutty; immoral | n. vulgarity, obscenity; pornography, smut | Platts: (inf. n. of فحش 'to be gross, or lewd, or indecent,' &c.)",
2824,منشور,a manifesto,Zipf 4.16,wordfreq Urdu multi-corpus ranking (supplemental),Kaikki+ReadUrdu,True,False,False,a prism; diffused; a manifesto,n. a manifesto; diploma; patent; constitution; regulation; law,
2825,موتی,star; pearl,Zipf 4.16,wordfreq Urdu multi-corpus ranking (supplemental),Kaikki+ReadUrdu+word2word,True,True,True,star; pearl; a given name for a dog,n. pearl; star | Platts:,or; ...; braided; pearls; expensive
2826,مہاراشٹر,Maharashtra (a state in western India),Zipf 4.16,wordfreq Urdu multi-corpus ranking (supplemental),Kaikki+ReadUrdu,True,False,False,Maharashtra (a state in western India),Maharashtra (a state in western India),
2827,پٹ,crack,Zipf 4.16,wordfreq Urdu multi-corpus ranking (supplemental),Kaikki+ReadUrdu,True,False,False,crack,crack,input; cockpit; exercise; needed; anybody
2828,استقامت,adherence; rectitude; uprightness,Zipf 4.15,wordfreq Urdu multi-corpus ranking (supplemental),Kaikki+ReadUrdu,True,False,False,"adherence, rectitude, uprightness","n. adherence, rectitude, uprightness | Platts:",
2829,اونچا,high; tall; lofty; high-minded,Zipf 4.15,wordfreq Urdu multi-corpus ranking (supplemental),Kaikki+ReadUrdu,True,False,False,"high, tall, lofty; high-minded, aloof","high, tall, lofty; high-minded, aloof",
2830,ذرہ,atom; particle; mote; speck,Zipf 4.15,wordfreq Urdu multi-corpus ranking (supplemental),Kaikki+ReadUrdu,True,False,False,"atom; particle, mote, speck","n. particle, mote, speck; atom | Platts: (for A. ذرة ẕarrat, n. of un. fr. ذرّ 'to sprinkle, scatter,' &c.)",
2831,رانجھا,beloved; lover; a surname; Ranjha,Zipf 4.15,wordfreq Urdu multi-corpus ranking (supplemental),Kaikki+ReadUrdu,True,False,False,"beloved, lover; a surname, Ranjha, from Punjabi; Ranjha (the hero of the folk tragedy Heer Ranjha.)","name: a surname, Ranjha, from Punjabi | n. beloved, lover",
2832,رومی,a Grecian; a native of Rūm,Zipf 4.15,wordfreq Urdu multi-corpus ranking (supplemental),Kaikki+ReadUrdu,True,False,False,"a Turk; a Grecian,; a native of Rūm","adj. of or belonging to Rūm,; a native of Rūm,; a Grecian, | Platts: (rel. n. fr. rūm",Haider; Roomi; Taimur; Mmm-hmm; Said
2833,عرش,throne; heaven (sky); roof; canopy,Zipf 4.15,wordfreq Urdu multi-corpus ranking (supplemental),Kaikki+ReadUrdu,True,False,False,"throne; heaven (sky); roof, canopy","n. heaven (sky); throne; roof, canopy | Platts: (inf. n. of عرش 'to construct a house,' &c.)",
2834,عیسوی,Christian Era (Gregorian calendar); CE (Christian Era),Zipf 4.15,wordfreq Urdu multi-corpus ranking (supplemental),Kaikki+ReadUrdu,True,False,False,"Christian Era (Gregorian calendar); CE (Christian Era), AD (Anno Domini)",name: Christian Era (Gregorian calendar),
2835,غرق,drowned; immersed; sunk,Zipf 4.15,wordfreq Urdu multi-corpus ranking (supplemental),Kaikki+ReadUrdu+word2word,True,True,True,"drowned, immersed, sunk","drowned, sunk, immersed",drown; Let; them; ?
2836,قسط,tax; share; portion,Zipf 4.15,wordfreq Urdu multi-corpus ranking (supplemental),Kaikki+ReadUrdu,True,False,False,"tax; share, portion; equality; justice","n. share, portion; installment (ie. partial payment of a loan or debt); tax | Platts: (inf. n. of قسط 'to appoint what is just,' &c.)",Favorite; episode; Doomsday; cames; loose
2837,قطار,queue; line; row; train,Zipf 4.15,wordfreq Urdu multi-corpus ranking (supplemental),Kaikki+ReadUrdu+word2word,True,True,True,"queue, line, row; train, railway vehicle","queue, line, row; train, railway vehicle",row; Line; remembers; Women; lining
2838,لاٹھی,stick,Zipf 4.15,wordfreq Urdu multi-corpus ranking (supplemental),Kaikki+word2word,False,True,False,"stick, club, cudgel, staff; lathi (bamboo used by police)",,laptops; USB; electronic; sticks; devices
2839,ماموں,snake; maternal uncle,Zipf 4.15,wordfreq Urdu multi-corpus ranking (supplemental),Kaikki+ReadUrdu,True,False,False,snake; maternal uncle,maternal uncle; snake,
2840,مبلغ,a missionary; a sum of money,Zipf 4.15,wordfreq Urdu multi-corpus ranking (supplemental),Kaikki+ReadUrdu,True,False,False,"a missionary; a sum of money; amount, quantity","n. a missionary.; limit, reach, access; a sum of money | Platts: corr. mublag̠ (n. of place fr. بلغ 'to reach,' &c.)",WARM; D; SAFE; BE; AND
2841,وارد,incident; occurrence,Zipf 4.15,wordfreq Urdu multi-corpus ranking (supplemental),Kaikki+ReadUrdu,True,False,False,"incident, occurrence","n. incident, occurrence | Platts: (S. vāri-da)",
2842,پارہ,bribe; portion; bit; piece,Zipf 4.15,wordfreq Urdu multi-corpus ranking (supplemental),Kaikki+ReadUrdu,True,False,False,"bribe; portion, bit, piece, slip, scrap, fragment; juz; any of thirty parts of varying length into which the Qur'an is sometimes divided","n. portion, bit, piece, slip, scrap, fragment; juz; any of thirty parts of varying length into which the Qur'an is sometimes divided; bribe | Platts:",
2843,پیچھا,chase,Zipf 4.15,wordfreq Urdu multi-corpus ranking (supplemental),ReadUrdu+word2word,False,False,True,,"rear, hind part; chase, pursuit",stalking; chase; princes; buck; aware
2844,چکوال,Chakwal; a city in Punjab; Pakistan. It is the capital of Chakwal District,Zipf 4.15,wordfreq Urdu multi-corpus ranking (supplemental),Kaikki+ReadUrdu,True,False,False,"Chakwal, a city in Punjab, Pakistan. It is the capital of Chakwal District","Chakwal, a city in Punjab, Pakistan. It is the capital of Chakwal District",
2845,کیمرہ,camera,Zipf 4.15,wordfreq Urdu multi-corpus ranking (supplemental),Kaikki+ReadUrdu+word2word,True,True,True,camera,camera,camera; cameras; shitholes; bored; Moses
2846,گلا,neck; voice; throat,Zipf 4.15,wordfreq Urdu multi-corpus ranking (supplemental),Kaikki+ReadUrdu,True,False,False,neck; voice; throat,n. neck; throat; voice | Platts:,strangled; numb; nuts; yourself; smother
2847,گنگا,Ganges (a major river in the states of Uttarakhand; Uttar Pradesh; Bihar and West Bengal; India,Zipf 4.15,wordfreq Urdu multi-corpus ranking (supplemental),Kaikki+ReadUrdu,True,False,False,"Ganges (a major river in the states of Uttarakhand, Uttar Pradesh, Bihar and West Bengal, India; a major river in Rajshahi, Dhaka, Chittagong and Barisal Divisions, Bangladesh)","name: Ganges (a major river in the states of Uttarakhand, Uttar Pradesh, Bihar and West Bengal, India; a major… | Platts:",
2848,بندگی,worship; obedience; devotion; servitude,Zipf 4.14,wordfreq Urdu multi-corpus ranking (supplemental),Kaikki+ReadUrdu,True,False,False,"worship, obedience, devotion; servitude, mode of salutation, slavery","n. servitude, mode of salutation, slavery; worship, obedience, devotion | Platts: (from banda)",
2849,جزوی,partial,Zipf 4.14,wordfreq Urdu multi-corpus ranking (supplemental),Kaikki+ReadUrdu+word2word,True,True,True,partial,"adj. partial. | Platts: adj. Relating to a part or portion, pantial, in part, few; particular; trivial, petty; —",partly; fault; neglect; partial; picture
2850,حسد,jealousy; envy; jealous,Zipf 4.14,wordfreq Urdu multi-corpus ranking (supplemental),Kaikki+ReadUrdu+word2word,True,True,True,"emulation, ambition; jealousy, envy, malevolence, jealous","envy, jealousy",-; Gaze; envy; upon; jealous
2851,ذبح,slaughter; slaughtering; sacrifice,Zipf 4.14,wordfreq Urdu multi-corpus ranking (supplemental),Kaikki+ReadUrdu,True,False,False,"slaughter, slaughtering, sacrifice","n. slaughter, slaughtering, sacrifice | Platts: (inf. n. of ذبح 'to slaughter,' &c.)",unkillable; saying; it; m; s
2852,سنو,subjunctive of سُنْنا (sunnā — to listen,Zipf 4.14,wordfreq Urdu multi-corpus ranking (supplemental),ReadUrdu+word2word,False,False,True,,"subjunctive of سُنْنا (sunnā — to listen, to hear)",Listen; listen; secure; Talk; Target
2853,سیاح,tourist; traveller,Zipf 4.14,wordfreq Urdu multi-corpus ranking (supplemental),Kaikki+ReadUrdu,True,False,False,"tourist, traveller","tourist, traveller",looks; BAER; :; government; like
2854,ضعیف,the old; weak; feeble; old (of a person),Zipf 4.14,wordfreq Urdu multi-corpus ranking (supplemental),Kaikki+ReadUrdu,True,False,False,the old; weak; feeble; old (of a person),adj. weak; feeble; old (of a person); weak; slow (of mind; opinion etc.) | n. a weak; old; poor (person or man); the old,
2855,غنیمت,boon; blessing; loot; booty,Zipf 4.14,wordfreq Urdu multi-corpus ranking (supplemental),Kaikki+ReadUrdu,True,False,False,"boon, blessing; loot, booty, plunder; good luck, good fortune","n. loot, booty, plunder; boon, blessing; good luck, good fortune | Platts: (for A. غنيمة, inf. n. of غنم 'to get, or take, as spoil,' &c.)",
2856,محمدی,a Muslim; Mohammedan; pertaining to Muhammad; for example in comparison with other prophets,Zipf 4.14,wordfreq Urdu multi-corpus ranking (supplemental),Kaikki+ReadUrdu,True,False,False,"a Muslim, Mohammedan; pertaining to Muhammad, for example in comparison with other prophets","adj. pertaining to Muhammad, for example in comparison with other prophets. | n. a Muslim, Mohammedan. | Platts: adj. Of Muḥammad; Muḥammadan",
2857,پایہ,status; foundation; foot or leg of an object,Zipf 4.14,wordfreq Urdu multi-corpus ranking (supplemental),Kaikki+ReadUrdu,True,False,False,status; foundation; foot or leg of an object,n. foot or leg of an object; foundation; status | Platts: (see pā),
2858,ہیرا,diamond,Zipf 4.14,wordfreq Urdu multi-corpus ranking (supplemental),Kaikki+ReadUrdu,True,False,False,"unique; diamond; fine, delicate",n. diamond; a necklace made from precious stones,jewel; hilt; presented; fewer; waited
2859,اوکاڑہ,Okara (a city in Okara district; Punjab; Pakistan),Zipf 4.13,wordfreq Urdu multi-corpus ranking (supplemental),Kaikki+ReadUrdu,True,False,False,"Okara (a city in Okara district, Punjab, Pakistan)","Okara (a city in Okara district, Punjab, Pakistan)",
2860,بادشاہوں,plural,Zipf 4.13,wordfreq Urdu multi-corpus ranking (supplemental),ReadUrdu+word2word,False,False,True,,"plural oblique of بَادْشَاہ (bādśāh — king, monarch)",kings; disbanded; force; ordered; killing
2861,باور,belief,Zipf 4.13,wordfreq Urdu multi-corpus ranking (supplemental),Kaikki+ReadUrdu,True,False,False,belief,n. belief | Platts:,
2862,برلن,Berlin (the capital and largest city of Germany); Berlin (a state of Germany; containing the capital city),Zipf 4.13,wordfreq Urdu multi-corpus ranking (supplemental),Kaikki+ReadUrdu+word2word,True,True,True,"Berlin (the capital and largest city of Germany); Berlin (a state of Germany, containing the capital city)","Berlin (the capital and largest city of Germany); Berlin (a state of Germany, containing the capital city)",Berlin; nervous; folks; edit; newest
2863,بغض,s.m. Malice,Zipf 4.13,wordfreq Urdu multi-corpus ranking (supplemental),ReadUrdu+word2word,False,False,True,,"s.m. Malice, spite, animosity, resentment, grudge, hatred, rancour, malignity, revenge: — bug̠ẓ-ě-liʼl-lāhī,…",malice; This; than; more; is
2864,تاثیر,effect; impression,Zipf 4.13,wordfreq Urdu multi-corpus ranking (supplemental),Kaikki+ReadUrdu,True,False,False,effect; impression; penetration,"n. impression; effect; result, outcome | Platts:",
2865,تقدس,sanctity (ie. sacredness; holiness),Zipf 4.13,wordfreq Urdu multi-corpus ranking (supplemental),Kaikki+ReadUrdu,True,False,False,"sanctity (ie. sacredness, holiness)","n. sanctity (ie. sacredness, holiness) | Platts: lit. 'He is sanctified or holy'; (optat.) may (He) be sanctified; —",
2866,جلانے,oblique infinitive of جَلانا (jalānā — to burn),Zipf 4.13,wordfreq Urdu multi-corpus ranking (supplemental),ReadUrdu+word2word,False,False,True,,oblique infinitive of جَلانا (jalānā — to burn),wagon-burning; son; bitch; -; of
2867,سوراخ,s.m. Hole,Zipf 4.13,wordfreq Urdu multi-corpus ranking (supplemental),ReadUrdu+word2word,False,False,True,,"s.m. Hole, opening, orifice; foramen; perforation; passage, inlet, outlet; eye, eyelet: — sūrāḵẖ-dār",hole; holes; inches; Death; shorter
2868,سوڈان,Sudan (a country in North Africa and East Africa),Zipf 4.13,wordfreq Urdu multi-corpus ranking (supplemental),Kaikki+ReadUrdu+word2word,True,True,True,Sudan (a country in North Africa and East Africa),Sudan (a country in North Africa and East Africa),Sudan; warriors; heart; In; known
2869,صلہ,reward; connection; recompense,Zipf 4.13,wordfreq Urdu multi-corpus ranking (supplemental),Kaikki+ReadUrdu,True,False,False,reward; connection; recompense,"n. reward; recompense; connection | Platts: (for A. صلة, inf. n. of وصل 'to join, unite,' &c.)",
2870,فرش,floor; pavement; carpet; carpeting,Zipf 4.13,wordfreq Urdu multi-corpus ranking (supplemental),Kaikki+ReadUrdu+word2word,True,True,True,"floor; pavement; carpet, carpeting, rug","n. carpet, carpeting, rug; floor; pavement | Platts: (inf. n. of فرش 'to spread')",floor; Sweeping; dropped; rules; follow
2871,قاہرہ,Cairo (the capital city of Egypt); Cairo (a governorate of Egypt; containing the capital city),Zipf 4.13,wordfreq Urdu multi-corpus ranking (supplemental),Kaikki+ReadUrdu,True,False,False,"Cairo (the capital city of Egypt); Cairo (a governorate of Egypt, containing the capital city)","name: Cairo (the capital city of Egypt); Cairo (a governorate of Egypt, containing the capital city) | Platts: f. (for A. قاهرة qāhirat, fem. of qāhir). = A قاهر qāhir, m. (act. part. of قہر, 'toconquer,' &c.)",
2872,نظارہ,view,Zipf 4.13,wordfreq Urdu multi-corpus ranking (supplemental),Kaikki+ReadUrdu,True,False,False,"scene; panorama; sight, view","view, spectacle",
2873,نوشہرہ,Nowshera (a city in Nowshera district; Khyber Pakhtunkhwa; Pakistan),Zipf 4.13,wordfreq Urdu multi-corpus ranking (supplemental),Kaikki+ReadUrdu,True,False,False,"Nowshera (a city in Nowshera district, Khyber Pakhtunkhwa, Pakistan)","Nowshera (a city in Nowshera district, Khyber Pakhtunkhwa, Pakistan)",
2874,چھوڑنا,to let go,Zipf 4.13,wordfreq Urdu multi-corpus ranking (supplemental),Kaikki+ReadUrdu,True,False,True,to let go; to pardon; to abstain from,to let go; to drop (ie. drop off or drop on the floor); to leave (ie. leave behind items or reminiscence),leave; done; messages; bad; trying
2875,آہنگ,sound; design,Zipf 4.12,wordfreq Urdu multi-corpus ranking (supplemental),Kaikki+ReadUrdu,True,False,False,"sound; design; method, manner","n. tune, melody, song, composition; sound; design | Platts:",
2876,اینٹ,brick; ingot; diamond,Zipf 4.12,wordfreq Urdu multi-corpus ranking (supplemental),Kaikki+ReadUrdu,True,False,False,brick; ingot; diamond,brick; ingot; diamond,
2877,بتاؤ,infinitive of بَتانا (batānā — to tell,Zipf 4.12,wordfreq Urdu multi-corpus ranking (supplemental),ReadUrdu+word2word,False,False,True,,"infinitive of بَتانا (batānā — to tell, to inform)",Tell; tell; Russian-speakers; descendants; émigrés
2878,بعید,adj. Far; far off; adj. Far removed from reason,Zipf 4.12,wordfreq Urdu multi-corpus ranking (supplemental),ReadUrdu+word2word,False,False,True,,"adj. Far, far off, distant, remote: — baʻīduʼl-ʻaql, baʻīd aql-se, adj. Far removed from reason,…",Far; eagle; an; soar; will
2879,بولنا,to say; to tell; to speak,Zipf 4.12,wordfreq Urdu multi-corpus ranking (supplemental),Kaikki+ReadUrdu+word2word,True,True,True,to say; to tell; to speak,"v. to speak; to tell; to say | Platts: v.n. To speak, talk, tell, say, utter, pronounce, declare, give utterance to; to bid (at an auction); to cry…",Lying; Nah; especially; learn; speak
2880,جاسوس,spy; detective,Zipf 4.12,wordfreq Urdu multi-corpus ranking (supplemental),Kaikki+ReadUrdu+word2word,True,True,True,spy; detective,"n. spy; detective | Platts: (rt. جسّ 'to feel,' &c.)",spy; Detective; truth; knows; Collier
2881,جستجو,search; finding,Zipf 4.12,wordfreq Urdu multi-corpus ranking (supplemental),Kaikki+ReadUrdu,True,False,False,"search, finding","search, finding",
2882,ساہیوال,Sahiwal (a city in Sahiwal district; Punjab; Pakistan),Zipf 4.12,wordfreq Urdu multi-corpus ranking (supplemental),Kaikki+ReadUrdu,True,False,False,"Sahiwal (a city in Sahiwal district, Punjab, Pakistan)","Sahiwal (a city in Sahiwal district, Punjab, Pakistan)",
2883,شفا,cure; healing,Zipf 4.12,wordfreq Urdu multi-corpus ranking (supplemental),Kaikki+ReadUrdu+word2word,True,True,True,"cure, remedy; healing, recovery","healing, cure",protective; regeneration; healing; Create; system
2884,شہنشاہ,emperor; shahanshah; king of kings,Zipf 4.12,wordfreq Urdu multi-corpus ranking (supplemental),Kaikki+ReadUrdu,True,False,False,emperor; shahanshah; king of kings,shahanshah; king of kings; emperor,of; Supreme; Head; provinces; Orient
2885,شیریں,a female given name; Shirin; from Persian,Zipf 4.12,wordfreq Urdu multi-corpus ranking (supplemental),Kaikki+ReadUrdu,True,False,False,"sweet; pleasant; a female given name, Shirin, from Persian","name: a female given name, Shirin, from Persian",
2886,لالہ,older brother; tulip (plant); a title for a Hindu man,Zipf 4.12,wordfreq Urdu multi-corpus ranking (supplemental),Kaikki+ReadUrdu,True,False,False,older brother; tulip (plant); a title for a Hindu man,"n. tulip (plant); a title for a Hindu man; older brother | Platts: (rel. n. fr. lāl, 'red,'",
2887,لوٹے,direct plural,Zipf 4.12,wordfreq Urdu multi-corpus ranking (supplemental),Kaikki+ReadUrdu,True,False,False,direct plural; oblique/vocative singular,"plural perfective of لُوٹنا (lūṭnā — to loot, steal)",
2888,ماتم,mourning; lamentation,Zipf 4.12,wordfreq Urdu multi-corpus ranking (supplemental),Kaikki+ReadUrdu,True,False,False,"regret, sorrow; mourning, grief; lamentation, beating the chest","mourning, lamentation",
2889,مانچسٹر,Manchester (a city in England),Zipf 4.12,wordfreq Urdu multi-corpus ranking (supplemental),Kaikki+ReadUrdu,True,False,False,Manchester (a city in England),Manchester (a city in England),
2890,معرکہ,dispute; quarrel; battle; battlefield,Zipf 4.12,wordfreq Urdu multi-corpus ranking (supplemental),Kaikki+ReadUrdu,True,False,False,"dispute, quarrel; battle, battlefield, arena","n. battle, battlefield, arena; dispute, quarrel | Platts: (for A. معرکة maʻrakat, n. of place fr. عرك 'to rub, press, scrape,' &c.)",
2891,ممنوع,forbidden; prohibited,Zipf 4.12,wordfreq Urdu multi-corpus ranking (supplemental),Kaikki+ReadUrdu+word2word,True,True,True,"forbidden, prohibited","adj. forbidden, prohibited | Platts: (pass. part. of منع 'to prohibit,' &c.), = P ممنوعه mamnūʻa (for A. ممنوعةmamnūʻat, fem. of mamnūʻ), part.…",forbidden; Yes; but; it; s
2892,منشی,secretary; munshi; accountant; writer,Zipf 4.12,wordfreq Urdu multi-corpus ranking (supplemental),Kaikki+ReadUrdu,True,False,False,"secretary, munshi; accountant, writer, scribe; intoxicant; alcohol, narcotic, drug","n. secretary, munshi; accountant, writer, scribe; intoxicant; alcohol, narcotic, drug | Platts: (act. part. of انشأ 'to create, or produce; to compose,' &c., iv of نشأ 'to grow, to spring up,' &c.)",
2893,مکتب,primary school; school; maktab; school of thought,Zipf 4.12,wordfreq Urdu multi-corpus ranking (supplemental),Kaikki+ReadUrdu,True,False,False,"primary school; school, maktab; school of thought","n. school, maktab; primary school; school of thought | Platts: (n. of place fr. کتب 'to write')",
2894,پیٹھ,back; support; aid,Zipf 4.12,wordfreq Urdu multi-corpus ranking (supplemental),Kaikki+ReadUrdu+word2word,True,True,True,"back, support, aid","back, support, aid",back; Don; BACK; MY; give
2895,ڈھائی,half past two; two and a half,Zipf 4.12,wordfreq Urdu multi-corpus ranking (supplemental),Kaikki+ReadUrdu,True,False,False,half past two; two and a half,two and a half; half past two,
2896,گلستان,poetry collection; rose garden; flower garden; garden,Zipf 4.12,wordfreq Urdu multi-corpus ranking (supplemental),Kaikki+ReadUrdu,True,False,False,"poetry collection; rose garden, flower garden, garden, flower-bed","rose garden, flower garden, garden, flower-bed; poetry collection",
2897,یوکرین,Ukraine (a country in Europe; capital: Kyiv),Zipf 4.12,wordfreq Urdu multi-corpus ranking (supplemental),Kaikki+ReadUrdu,True,False,False,Ukraine (a country in Europe; capital: Kyiv),Ukraine (a country in Europe; capital: Kyiv),
2898,تالاب,s.m. Pond,Zipf 4.11,wordfreq Urdu multi-corpus ranking (supplemental),ReadUrdu+word2word,False,False,True,,"s.m. Pond, pool, tank, reservoir of water ( = talāʼo; cf. tāl)",ponds; Over; castles; fields; out
2899,دھن,wealth; riches; money; property,Zipf 4.11,wordfreq Urdu multi-corpus ranking (supplemental),Kaikki+ReadUrdu,True,False,False,"wealth, riches, money, property; melody, tune, modulation (of music)","melody, tune, modulation (of music); wealth, riches, money, property",
2900,دھول,dust,Zipf 4.11,wordfreq Urdu multi-corpus ranking (supplemental),Kaikki+ReadUrdu+word2word,True,True,True,dust,dust,dust; gone; are; cloud; And
2901,ریشم,silk,Zipf 4.11,wordfreq Urdu multi-corpus ranking (supplemental),Kaikki+ReadUrdu,True,False,False,silk,n. silk | Platts: (prob. = reshmān = resmān,
2902,سستے,plural masculine of سَسْتا (sastā — cheap,Zipf 4.11,wordfreq Urdu multi-corpus ranking (supplemental),ReadUrdu+word2word,False,False,True,,"plural masculine of سَسْتا (sastā — cheap, inexpensive)",Taking; cheap; more; time; shot
2903,سوامی,saint; husband; master; lord,Zipf 4.11,wordfreq Urdu multi-corpus ranking (supplemental),Kaikki+ReadUrdu,True,False,False,"saint; husband; master, lord, owner","n. master, lord, owner; husband; saint | Platts:",
2904,شیخوپورہ,Sheikhupura (a city in Sheikhupura district; Punjab; Pakistan),Zipf 4.11,wordfreq Urdu multi-corpus ranking (supplemental),Kaikki+ReadUrdu,True,False,False,"Sheikhupura (a city in Sheikhupura district, Punjab, Pakistan)","Sheikhupura (a city in Sheikhupura district, Punjab, Pakistan)",
2905,عیسائیت,Christianity,Zipf 4.11,wordfreq Urdu multi-corpus ranking (supplemental),Kaikki+ReadUrdu,True,False,False,Christianity,Christianity,dignitaries; Christian; embrace; yet; faith
2906,فانی,mortal; perishable,Zipf 4.11,wordfreq Urdu multi-corpus ranking (supplemental),Kaikki+ReadUrdu,True,False,False,mortal; perishable,"adj. mortal; perishable | Platts: (for A. فانٍ fāniṉ, act. part. of فني 'to pass away,' &c.), adj…",recuperate; nape; destroyed; Titan; able
2907,فریاد,cry; crying out for help or succour; complaint,Zipf 4.11,wordfreq Urdu multi-corpus ranking (supplemental),Kaikki+ReadUrdu,True,False,False,"cry; shout, crying out for help or succour; lamentation, complaint, plaint, supplication","cry for help, complaint",
2908,قاعدہ,law; rule; custom; practice,Zipf 4.11,wordfreq Urdu multi-corpus ranking (supplemental),Kaikki+ReadUrdu,True,False,False,"law, rule; principle; custom, practice","n. abecedarium, primer; custom, practice; law, rule | Platts: (for A. قاعدة qāʻidat, fem. of qāʻid, act. part. of قعد 'to sit,' &c.)",
2909,مہلت,respite; grace period (extra time before a deadline or before something bad incurs),Zipf 4.11,wordfreq Urdu multi-corpus ranking (supplemental),Kaikki+ReadUrdu,True,False,False,"respite, delay; extension; grace period (extra time before a deadline or before something bad incurs)","respite, grace period",
2910,میرپور,short for میرپور خاص (“Mirpur Khas”); Mirpur (a union council in Abbottabad district; Khyber Pakhtunkhwa; Pakistan),Zipf 4.11,wordfreq Urdu multi-corpus ranking (supplemental),Kaikki+ReadUrdu,True,False,False,"short for میرپور خاص (“Mirpur Khas”); Mirpur (a union council in Abbottabad district, Khyber Pakhtunkhwa, Pakistan); Mirpur (the second largest city in Azad Kashmir, Pakistan, located in the Mirpur district)","Mirpur (the second largest city in Azad Kashmir, Pakistan, located in the Mirpur district); short for میرپور خاص (“Mirpur Khas”); Mirpur (a union council in Abbottabad district, Khyber Pakhtunkhwa, Pakistan)",
2911,واں,-th (suffix used to form ordinals from numerals),Zipf 4.11,wordfreq Urdu multi-corpus ranking (supplemental),Kaikki+ReadUrdu,True,False,False,-th (suffix used to form ordinals from numerals),-th (suffix used to form ordinals from numerals),
2912,وہم,illusion,Zipf 4.11,wordfreq Urdu multi-corpus ranking (supplemental),Kaikki+ReadUrdu,True,False,False,"delusion, illusion, superstition","illusion, false notion",
2913,پینا,to drink; to smoke (cigarettes); to take (medication in liquid; oral solution),Zipf 4.11,wordfreq Urdu multi-corpus ranking (supplemental),Kaikki+ReadUrdu+word2word,True,True,True,to drink; to smoke (cigarettes); to take (medication in liquid / oral solution),"v. to drink; to smoke (cigarettes); to take (medication in liquid / oral solution) | Platts: v.t. To drink, imbibe; to absorb, suck, take in; to smoke; &c. (see pī-jānā); —",Bite; eat; d; drink; coordinating
2914,ڈھانچہ,skeleton; frame; structure,Zipf 4.11,wordfreq Urdu multi-corpus ranking (supplemental),Kaikki+ReadUrdu,True,False,False,"skeleton; frame, structure","frame, structure; skeleton",physical; owned; communications; their; systems
2915,گدھے,jerk; ass!,Zipf 4.11,wordfreq Urdu multi-corpus ranking (supplemental),Kaikki+ReadUrdu,True,False,False,"jerk, ass!; direct plural; oblique/vocative singular","n. inflection of گَدھا (gadhā, “donkey”): | interj. jerk, ass!",asses; Heads; lower; line; From
2916,آکسیجن,oxygen,Zipf 4.10,wordfreq Urdu multi-corpus ranking (supplemental),Kaikki+ReadUrdu+word2word,True,True,True,oxygen,oxygen,oxygen; logo; markings; Won; Use
2917,اجداد,forefathers,Zipf 4.10,wordfreq Urdu multi-corpus ranking (supplemental),Kaikki+ReadUrdu,True,False,False,forefathers,"(pl. of جد jadd), Ancestors, forefathers. (See ābā.)",
2918,اصلاحی,meliorative; reform,Zipf 4.10,wordfreq Urdu multi-corpus ranking (supplemental),Kaikki+ReadUrdu,True,False,False,"meliorative, reform","meliorative, reform",
2919,ایماندار,true; honest; believer,Zipf 4.10,wordfreq Urdu multi-corpus ranking (supplemental),Kaikki+ReadUrdu+word2word,True,True,True,true; honest; believer,adj. faithful; honest; true | n. believer,honest; either; judge; fit; exactly
2920,برادر,s.m. Brother; s.m. Step-brother…,Zipf 4.10,wordfreq Urdu multi-corpus ranking (supplemental),ReadUrdu+word2word,False,False,True,,"s.m. Brother; relation, relative, kinsman: — birādar-ě-aḵẖyāfī, s.m. Step-brother…",Brother; !
2921,بھیک,begging; alms,Zipf 4.10,wordfreq Urdu multi-corpus ranking (supplemental),Kaikki+ReadUrdu,True,False,False,begging; alms,begging; alms,Wait; !; beg; please; you
2922,تاریکی,darkness,Zipf 4.10,wordfreq Urdu multi-corpus ranking (supplemental),Kaikki+ReadUrdu,True,False,False,darkness,darkness,
2923,جنازے,“funeral”):,Zipf 4.10,wordfreq Urdu multi-corpus ranking (supplemental),ReadUrdu+word2word,False,False,True,direct plural; oblique/vocative singular,"inflection of جَنازَہ (janāza, “funeral”):",funeral; remains; instead; At; Are
2924,دری,a big bright star; Dari; Dari Persian,Zipf 4.10,wordfreq Urdu multi-corpus ranking (supplemental),Kaikki+ReadUrdu,True,False,False,"a big bright star; Dari, Dari Persian","n. a big bright star | name: Dari, Dari Persian | Platts:",robbing; Raping; He; me; was
2925,دوستانہ,friendly; friendship,Zipf 4.10,wordfreq Urdu multi-corpus ranking (supplemental),Kaikki+ReadUrdu,True,False,False,friendly; friendship,adj. friendly | n. friendship | Platts: adj. &,amicably; Then; leave; reasonable; Ask
2926,دھرم,dharma; religion (especially a Dharmic religion),Zipf 4.10,wordfreq Urdu multi-corpus ranking (supplemental),Kaikki+ReadUrdu,True,False,False,dharma; religion (especially a Dharmic religion),religion (especially a Dharmic religion); dharma,
2927,سائیں,husband; mister; sir; master,Zipf 4.10,wordfreq Urdu multi-corpus ranking (supplemental),Kaikki+ReadUrdu,True,False,False,"husband; mister, sir; master, lord","master, lord; husband; mister, sir",
2928,سمجھوتہ,compromise; agreement; deal,Zipf 4.10,wordfreq Urdu multi-corpus ranking (supplemental),Kaikki+ReadUrdu+word2word,True,True,True,"compromise, agreement, deal","compromise, agreement, deal",conviction; compromise; compromising; somebody; anyone
2929,مرتے,form of مَرْنا (marnā — to die,Zipf 4.10,wordfreq Urdu multi-corpus ranking (supplemental),ReadUrdu+word2word,False,False,True,,"form of مَرْنا (marnā — to die, to be dead)",die; dying; deserted; Nips; People
2930,ناشتہ,breakfast; light food,Zipf 4.10,wordfreq Urdu multi-corpus ranking (supplemental),Kaikki+ReadUrdu,True,False,False,breakfast; light food,breakfast; light food,
2931,ٹھہرے,stay,Zipf 4.10,wordfreq Urdu multi-corpus ranking (supplemental),ReadUrdu+word2word,False,False,True,,"plural perfective of ٹَھہَرْنا (ṭhaharnā — to wait, stay, stop)",stayed; glad; at; 15; right
2932,کنور,child; son; prince; lordship,Zipf 4.10,wordfreq Urdu multi-corpus ranking (supplemental),Kaikki+ReadUrdu,True,False,False,"child, son; prince; lordship","n. prince; lordship; child, son | Platts:",
2933,گستاخی,arrogance; insolence,Zipf 4.10,wordfreq Urdu multi-corpus ranking (supplemental),Kaikki+ReadUrdu,True,False,False,"arrogance, insolence","n. arrogance, insolence | Platts:",
2934,اورنگ,throne,Zipf 4.09,wordfreq Urdu multi-corpus ranking (supplemental),Kaikki+ReadUrdu,True,False,False,throne,n. throne | Platts:,
2935,دکھاتے,plural masculine of دِکھانا (dikhānā — to show),Zipf 4.09,wordfreq Urdu multi-corpus ranking (supplemental),ReadUrdu+word2word,False,False,True,,plural masculine of دِکھانا (dikhānā — to show),show; outsmart; Ph; D; trying
2936,سامعین,audience; listeners,Zipf 4.09,wordfreq Urdu multi-corpus ranking (supplemental),Kaikki+ReadUrdu+word2word,True,True,True,"audience, listeners","audience, listeners",Dear; listeners; romantic; beautiful; this
2937,سخی,generous; bountiful,Zipf 4.09,wordfreq Urdu multi-corpus ranking (supplemental),Kaikki+ReadUrdu+word2word,True,True,True,"generous, bountiful","adj. generous, bountiful | n. generous, bountiful",generous; very; ...; You; are
2938,سہل,easy,Zipf 4.09,wordfreq Urdu multi-corpus ranking (supplemental),Kaikki+ReadUrdu,True,False,False,easy,easy,
2939,لڑیں,infinitive of لَڑْنا (laṛnā — to fight,Zipf 4.09,wordfreq Urdu multi-corpus ranking (supplemental),ReadUrdu+word2word,False,False,True,,"infinitive of لَڑْنا (laṛnā — to fight, combat; battle)",Decent; folk; prepared; fight; me
2940,منکر,denial,Zipf 4.09,wordfreq Urdu multi-corpus ranking (supplemental),Kaikki+ReadUrdu,True,False,False,denial,"n. denial | Platts: (act. part. of انکر 'to deny; to reject,' &c., iv of نکر 'to ignore; to deny,' &c.), part.",
2941,نجیب,a hero; generous; excellent,Zipf 4.09,wordfreq Urdu multi-corpus ranking (supplemental),Kaikki+ReadUrdu,True,False,False,a hero; generous; excellent,"adj. generous; excellent; of noble birth, noble, praiseworthy, honourable | n. a hero; a subaltern; a volunteer",
2942,نوکر,employee; servant; domestic; attendant,Zipf 4.09,wordfreq Urdu multi-corpus ranking (supplemental),Kaikki+ReadUrdu,True,False,False,"employee; servant, domestic, attendant","n. servant, domestic, attendant; employee | Platts:",
2943,ٹانگ,leg,Zipf 4.09,wordfreq Urdu multi-corpus ranking (supplemental),Kaikki+ReadUrdu+word2word,True,True,True,leg,leg,leg; FOR; LEG; BEIN; WANNA
2944,پونے,a quarter less; quarter to (time),Zipf 4.09,wordfreq Urdu multi-corpus ranking (supplemental),Kaikki+ReadUrdu,True,False,False,a quarter less; quarter to (time),a quarter less; quarter to (time),
2945,کانسی,bronze,Zipf 4.09,wordfreq Urdu multi-corpus ranking (supplemental),Kaikki+ReadUrdu,True,False,False,bronze,n. bronze | Platts:,
2946,کھیلنا,to play (a game; a sport),Zipf 4.09,wordfreq Urdu multi-corpus ranking (supplemental),Kaikki+ReadUrdu+word2word,True,True,True,"to play (a game, a sport)","to play (a game, a sport)",admission; toys; play; price; If
2947,اساس,base; pedestal; foundation; ground,Zipf 4.08,wordfreq Urdu multi-corpus ranking (supplemental),Kaikki+ReadUrdu,True,False,False,"base; pedestal; foundation, ground, basis","n. foundation, ground, basis; pedestal; base | Platts:",
2948,الٹی,vomit; sick,Zipf 4.08,wordfreq Urdu multi-corpus ranking (supplemental),Kaikki+ReadUrdu,True,False,False,"vomit, sick","n. vomit, sick",
2949,بوٹ,boot,Zipf 4.08,wordfreq Urdu multi-corpus ranking (supplemental),Kaikki+ReadUrdu+word2word,True,True,True,boot,boot,up; boot; Boot; till; while
2950,جاگ,wake; wakefulness; verbal noun of جاگْنا (jāgnā; “to wake up”),Zipf 4.08,wordfreq Urdu multi-corpus ranking (supplemental),Kaikki+ReadUrdu+word2word,True,True,True,"stem; wake; wakefulness; verbal noun of جاگْنا (jāgnā, “to wake up”)","n. verbal noun of جاگْنا (jāgnā, “to wake up”); wake; wakefulness | Platts:",wake; up; awake; ones; dangerous
2951,سنگاپور,Singapore (an island and city-state in Southeast Asia; located off the southernmost tip of the Malay Peninsula; a former British crown colony and state of Malaysia (1963-1965)),Zipf 4.08,wordfreq Urdu multi-corpus ranking (supplemental),Kaikki+ReadUrdu,True,False,False,"Singapore (an island and city-state in Southeast Asia, located off the southernmost tip of the Malay Peninsula; a former British crown colony and state of Malaysia (1963-1965))","Singapore (an island and city-state in Southeast Asia, located off the southernmost tip of the Malay…",
2952,فرضی,false; fake; assumed; supposed,Zipf 4.08,wordfreq Urdu multi-corpus ranking (supplemental),Kaikki+ReadUrdu,True,False,False,"false, fake; assumed, supposed, adopted","adj. false, fake; assumed, supposed, adopted | Platts: (rel. n. fr. farẓ), adj. Obligatory, binding, incumbent, imperative; — assumed, assumptive, hypothetical;…",
2953,لوہا,a sword; iron (Fe),Zipf 4.08,wordfreq Urdu multi-corpus ranking (supplemental),Kaikki+ReadUrdu,True,False,False,"a sword; iron (Fe); pomp, hold",n. iron (Fe); an object made from metal; a sword,
2954,مدیر,director; manager,Zipf 4.08,wordfreq Urdu multi-corpus ranking (supplemental),Kaikki+ReadUrdu,True,False,False,"director, manager","director, manager",
2955,کھجور,date (fruit and tree); date palm,Zipf 4.08,wordfreq Urdu multi-corpus ranking (supplemental),Kaikki+ReadUrdu,True,False,False,date (fruit and tree); date palm,date (fruit and tree); date palm,Don; what; that; is; know
2956,کیل,pin; tack,Zipf 4.08,wordfreq Urdu multi-corpus ranking (supplemental),Kaikki+ReadUrdu,True,False,True,pin; bolt; tack,n. nail (metal fastener); tack; pin | Platts:,nail; Fucking; A; !; fucking
2957,آئرلینڈ,Ireland (a country in northwestern Europe),Zipf 4.07,wordfreq Urdu multi-corpus ranking (supplemental),Kaikki+ReadUrdu,True,False,False,Ireland (a country in northwestern Europe),Ireland (a country in northwestern Europe),
2958,آمر,dictator; commander; strongman,Zipf 4.07,wordfreq Urdu multi-corpus ranking (supplemental),Kaikki+ReadUrdu,True,False,False,dictator; commander; strongman,"n. dictator; commander; strongman | Platts: act. part. One who orders, commander, ruler",
2959,بوڑھا,old man; aged; old,Zipf 4.07,wordfreq Urdu multi-corpus ranking (supplemental),Kaikki+ReadUrdu+word2word,True,True,True,"old man; aged, old","adj. aged, old | n. old man",am; old; ugly; right; truculent
2960,بچانا,to save; rescue; to defend; protect,Zipf 4.07,wordfreq Urdu multi-corpus ranking (supplemental),Kaikki+ReadUrdu+word2word,True,True,True,"to save, rescue; to defend, protect","v. to save, rescue; to defend, protect | Platts: v.t. To save, preserve, rescue, deliver, extricate, set free; to sustain, support, protect; to secure,…",SAVE; WASN; ABLE; HER; T
2961,بیٹری,battery,Zipf 4.07,wordfreq Urdu multi-corpus ranking (supplemental),ReadUrdu+word2word,False,False,True,,battery,battery; conserve; Okay; life; about
2962,زنا,adultery; fornication; zina; extramarital and premarital sexual intercourse,Zipf 4.07,wordfreq Urdu multi-corpus ranking (supplemental),Kaikki+ReadUrdu,True,False,False,"adultery; fornication; zina, extramarital and premarital sexual intercourse","n. zina, extramarital and premarital sexual intercourse; adultery; fornication | Platts: (inf. n. of زني 'to commit fornication,' &c.)",Used; squeeze; profit; States; much
2963,سیاہی,ink; blackness,Zipf 4.07,wordfreq Urdu multi-corpus ranking (supplemental),Kaikki+ReadUrdu,True,False,False,ink; blackness,ink; blackness,
2964,عیادت,enquiry or visit of well-being (of a patient or sick person),Zipf 4.07,wordfreq Urdu multi-corpus ranking (supplemental),Kaikki+ReadUrdu,True,False,False,enquiry or visit of well-being (of a patient or sick person),"n. enquiry or visit of well-being (of a patient or sick person) | Platts: (for A. عيادة, inf. n. of عود 'to come repeatedly, to visit')",
2965,عیش,life; sensuality; luxury; pleasure,Zipf 4.07,wordfreq Urdu multi-corpus ranking (supplemental),Kaikki+ReadUrdu+word2word,True,True,True,"life; sensuality; luxury, pleasure, delight","n. luxury, pleasure, delight; life; sensuality | Platts: (inf. n. of عيش 'to live'; 'to live a pleasant life')",luxury; holed; had; up; checked
2966,غروب,dusk; sunset,Zipf 4.07,wordfreq Urdu multi-corpus ranking (supplemental),Kaikki+ReadUrdu,True,False,False,"dusk, sunset","n. dusk, sunset | Platts: (inf. n. of غرب 'to be hidden'; 'to set,' &c.)",
2967,معجزہ,miracle,Zipf 4.07,wordfreq Urdu multi-corpus ranking (supplemental),Kaikki+ReadUrdu+word2word,True,True,True,miracle,"n. miracle | Platts: (for A. معجزة mǒʻjizat, intens. of mǒʻjiz",miracle; thanks; ridge; survive; giving
2968,مکالمہ,dialogue,Zipf 4.07,wordfreq Urdu multi-corpus ranking (supplemental),Kaikki+ReadUrdu,True,False,False,"dramatic performance, play, drama; dialogue, conversation, conference",dialogue,
2969,میت,corpose; dead body; the deceased (particularly in a funeral),Zipf 4.07,wordfreq Urdu multi-corpus ranking (supplemental),Kaikki+ReadUrdu,True,False,False,"corpose, dead body; the deceased (particularly in a funeral)","n. corpose, dead body; the deceased (particularly in a funeral) | Platts:",
2970,مے,wine,Zipf 4.07,wordfreq Urdu multi-corpus ranking (supplemental),Kaikki+ReadUrdu,True,False,False,"wine; devotee, lover; liquor, alcohol",wine,
2971,نال,umbilical cord; barrel of a gun; pipe; tube,Zipf 4.07,wordfreq Urdu multi-corpus ranking (supplemental),Kaikki+ReadUrdu,True,False,False,"umbilical cord; barrel of a gun; pipe, tube, navel","name: Nall (a city in Khuzdar district, Balochistan, Pakistan) | n. pipe, tube, navel; barrel of a gun; umbilical cord | Platts:",
2972,پوپ,pop music; pope (head of the Roman Catholic Church),Zipf 4.07,wordfreq Urdu multi-corpus ranking (supplemental),Kaikki+ReadUrdu+word2word,True,True,True,pop music; pope (head of the Roman Catholic Church),n. pope (head of the Roman Catholic Church); pop music | Platts:,Pop; potatoes; Basic; wake; voice
2973,ڈرو,infinitive of ڈَرْنا (ḍarnā — to fear; be scared),Zipf 4.07,wordfreq Urdu multi-corpus ranking (supplemental),ReadUrdu+word2word,False,False,True,,infinitive of ڈَرْنا (ḍarnā — to fear; be scared),Fear; him; be; scared; afraid
2974,گرو,guru; sage; teacher,Zipf 4.07,wordfreq Urdu multi-corpus ranking (supplemental),Kaikki+ReadUrdu,True,False,False,guru; sage; teacher,n. guru; sage; teacher | Platts:,
2975,بدعت,bid'a (heresy; innovation; ie. not conforming to a religion's ideals),Zipf 4.06,wordfreq Urdu multi-corpus ranking (supplemental),Kaikki+ReadUrdu,True,False,False,"bid'a (heresy, innovation, ie. not conforming to a religion's ideals)","n. bid'a (heresy, innovation, ie. not conforming to a religion's ideals) | Platts: (for A. بدعة)",
2976,بمبئی,Bombay (former name of Mumbai; a megacity; the capital of Maharashtra; India),Zipf 4.06,wordfreq Urdu multi-corpus ranking (supplemental),Kaikki+ReadUrdu,True,False,False,"Bombay (former name of Mumbai, a megacity, the capital of Maharashtra, India)","name: Bombay (former name of Mumbai, a megacity, the capital of Maharashtra, India) | Platts:",
2977,بندش,binding; tying; closure; restriction,Zipf 4.06,wordfreq Urdu multi-corpus ranking (supplemental),Kaikki+ReadUrdu,True,False,False,"conspiracy; binding, tying; closure, restriction, stoppage","n. closure, restriction, stoppage; binding, tying; structure, composition (of poetry or a literary work) | Platts: (Zend. band+she)",blackouts; reports; getting; total; northwest
2978,تمیز,recognition; distinction; discrimination; manners,Zipf 4.06,wordfreq Urdu multi-corpus ranking (supplemental),Kaikki+ReadUrdu,True,False,False,"recognition, distinction, discrimination; manners, etiquette, decorum, politeness, respect, sense","n. recognition, distinction, discrimination; manners, etiquette, decorum, politeness, respect, sense | Platts:",decency; propriety; ..; with; and
2979,دکھانا,to show; to cause pain; hurt,Zipf 4.06,wordfreq Urdu multi-corpus ranking (supplemental),Kaikki+ReadUrdu+word2word,True,True,True,to show; to cause pain; hurt,to show; to cause pain; hurt,show; Saudi; wanted; group; needs
2980,دیوتا,god; devatā,Zipf 4.06,wordfreq Urdu multi-corpus ranking (supplemental),Kaikki+ReadUrdu,True,False,False,god; devatā,n. devatā; god | Platts:,
2981,سوم,third,Zipf 4.06,wordfreq Urdu multi-corpus ranking (supplemental),Kaikki+ReadUrdu,True,False,False,third,adj. third | Platts:,EMMA
2982,شاہکار,masterpiece,Zipf 4.06,wordfreq Urdu multi-corpus ranking (supplemental),ReadUrdu+word2word,False,False,True,,"masterpiece, magnum opus",masterpiece; A
2983,شرافت,decency; nobility,Zipf 4.06,wordfreq Urdu multi-corpus ranking (supplemental),Kaikki+ReadUrdu,True,False,False,"civility; decency; nobility, aristocracy; courtesy, good manners","nobility, decency",OF; THE; IT; SHORTENED; VERSION
2984,شیو,Shiva; shave; shaving,Zipf 4.06,wordfreq Urdu multi-corpus ranking (supplemental),Kaikki+ReadUrdu,True,False,False,"Shiva; shave, shaving","name: Shiva | n. shave, shaving | Platts:",
2985,قضا,fatality; death; decree; mandate,Zipf 4.06,wordfreq Urdu multi-corpus ranking (supplemental),Kaikki+ReadUrdu,True,False,False,"fatality, death; judicature, jurisdiction; decree, mandate, judgement","n. predestination, destiny, divine decree, fate; fatality, death; decree, mandate, judgement | Platts: (inf. n. of قضی 'to decree; to appoint,' &c.)",
2986,مکروہ,makruh; disliked; hated; disgusting,Zipf 4.06,wordfreq Urdu multi-corpus ranking (supplemental),Kaikki+ReadUrdu,True,False,False,"makruh; disliked, hated; disgusting, loathsome","adj. disgusting, loathsome; disliked, hated; makruh | Platts: (pass. part. of کره 'to hate, detest, dislike,' &c.), part. adj. Hated, detested, disliked, disapproved;…",
2987,نوبت,instruments played at auspicious times; condition; circumstances; period (favourable for something to happen),Zipf 4.06,wordfreq Urdu multi-corpus ranking (supplemental),Kaikki+ReadUrdu,True,False,False,"instruments played at auspicious times; condition, circumstances, period (favourable for something to happen); a chance","n. condition, circumstances, period (favourable for something to happen); a chance; instruments played at auspicious times | Platts: (for A. نوبة, v.n. of un. of ناب (for نوب) 'to supply the place' (of another), &c.)",
2988,پشتو,Pashto (language),Zipf 4.06,wordfreq Urdu multi-corpus ranking (supplemental),Kaikki+ReadUrdu,True,False,False,Pashto (language),name: Pashto (language) | Platts:,
2989,پوچھیں,infinitive of پُوچْھنا (pūchnā — to ask,Zipf 4.06,wordfreq Urdu multi-corpus ranking (supplemental),ReadUrdu+word2word,False,False,True,,"infinitive of پُوچْھنا (pūchnā — to ask, enquire)",ASK; ask; NEVER; LL; YOU
2990,پیشاب,urine,Zipf 4.06,wordfreq Urdu multi-corpus ranking (supplemental),Kaikki+ReadUrdu,True,False,False,urine,n. urine | Platts: (S.,piss; pee; peach; tea; bucket
2991,چارسدہ,Charsadda (a city in Charsadda district; Khyber Pakhtunkhwa; Pakistan),Zipf 4.06,wordfreq Urdu multi-corpus ranking (supplemental),Kaikki+ReadUrdu,True,False,False,"Charsadda (a city in Charsadda district, Khyber Pakhtunkhwa, Pakistan)","Charsadda (a city in Charsadda district, Khyber Pakhtunkhwa, Pakistan)",
2992,کاؤنٹی,county,Zipf 4.06,wordfreq Urdu multi-corpus ranking (supplemental),ReadUrdu+word2word,False,False,True,,county,county; did; assessment; It; not
2993,کنویں,plural direct of کُن٘واں (kũvā̃ — well (hole in the ground for fetching water)),Zipf 4.06,wordfreq Urdu multi-corpus ranking (supplemental),ReadUrdu+word2word,False,False,True,,plural direct of کُن٘واں (kũvā̃ — well (hole in the ground for fetching water)),fame; wells; cold; their; clean
2994,یرغمال,security; hostage; bail,Zipf 4.06,wordfreq Urdu multi-corpus ranking (supplemental),Kaikki+ReadUrdu,True,False,False,"security; hostage, bail","n. hostage, bail; security | Platts:",others; Any; catch; Christian; ll
2995,بھیانک,scary; horrible; terrifying,Zipf 4.05,wordfreq Urdu multi-corpus ranking (supplemental),Kaikki+ReadUrdu+word2word,True,True,True,"scary, horrible, terrifying","scary, horrible, terrifying",horrible; preferred; spooks; HK; MP-5
2996,تعمیل,carrying out (an order,Zipf 4.05,wordfreq Urdu multi-corpus ranking (supplemental),ReadUrdu+word2word,False,False,True,,"s.f. Causing to act, putting in force (a decree, &c.), carrying out (an order, &c.), executing; execution (of…",Follow; your; orders
2997,تورات,Torah,Zipf 4.05,wordfreq Urdu multi-corpus ranking (supplemental),Kaikki+ReadUrdu+word2word,True,True,True,Torah,Torah,embarrassment; Jewishness; Torah; Thou
2998,جھگڑے,plural direct of جَھگْڑا (jhagṛā — fight),Zipf 4.05,wordfreq Urdu multi-corpus ranking (supplemental),ReadUrdu+word2word,False,False,True,,plural direct of جَھگْڑا (jhagṛā — fight),fights; street; thing; therefore; disputing
2999,جینا,to live,Zipf 4.05,wordfreq Urdu multi-corpus ranking (supplemental),Kaikki+ReadUrdu+word2word,True,True,True,"to live; a female given name, Jeena","v. to live | Platts: v.n. To live, be alive, to exist, to subsist; to enjoy life; to be revived, be restored (to health, &c.); —…",live; care; how; We; have
3000,دروازوں,“door”),Zipf 4.05,wordfreq Urdu multi-corpus ranking (supplemental),ReadUrdu+word2word,False,False,True,,"oblique plural of دَرْوَازَہ (darvāza, “door”)",doors; Beyond; those; slows; RED
