front,zipf,reason
کرنے,6.33,no_two_source_semantic_agreement
رہے,6.31,no_two_source_semantic_agreement
والے,6.27,no_two_source_semantic_agreement
ہونے,6.24,no_two_source_semantic_agreement
جائے,6.23,no_two_source_semantic_agreement
کرتے,6.20,no_two_source_semantic_agreement
رہا,6.16,no_two_source_semantic_agreement
گئی,6.12,no_two_source_semantic_agreement
پی,6.08,no_two_source_semantic_agreement
کریں,6.08,no_two_source_semantic_agreement
انہوں,6.05,no_two_source_semantic_agreement
جاتا,6.05,no_two_source_semantic_agreement
لوگوں,6.05,no_two_source_semantic_agreement
ہوئی,6.05,no_two_source_semantic_agreement
دے,6.04,no_two_source_semantic_agreement
بن,6.02,no_two_source_semantic_agreement
رہی,6.02,no_two_source_semantic_agreement
جا,5.97,no_two_source_semantic_agreement
کیلئے,5.97,no_two_source_semantic_agreement
ہوتی,5.93,no_two_source_semantic_agreement
والی,5.91,no_two_source_semantic_agreement
وسلم,5.88,no_two_source_semantic_agreement
کرے,5.87,no_two_source_semantic_agreement
جانے,5.81,no_two_source_semantic_agreement
ہوتے,5.81,no_two_source_semantic_agreement
ہوگا,5.80,no_two_source_semantic_agreement
ٹی,5.79,no_two_source_semantic_agreement
جاتی,5.78,no_two_source_semantic_agreement
جائیں,5.77,no_two_source_semantic_agreement
ایم,5.75,no_two_source_semantic_agreement
دینے,5.75,no_two_source_semantic_agreement
علیہ,5.75,no_two_source_semantic_agreement
نواز,5.75,no_two_source_semantic_agreement
جیسے,5.74,no_two_source_semantic_agreement
والا,5.74,no_two_source_semantic_agreement
دیں,5.72,no_two_source_semantic_agreement
جاتے,5.71,no_two_source_semantic_agreement
دونوں,5.69,no_two_source_semantic_agreement
علاوہ,5.69,no_two_source_semantic_agreement
کیے,5.69,no_two_source_semantic_agreement
ایس,5.68,no_two_source_semantic_agreement
میڈیا,5.68,no_two_source_semantic_agreement
والوں,5.67,no_two_source_semantic_agreement
لگا,5.65,no_two_source_semantic_agreement
لیگ,5.65,no_two_source_semantic_agreement
بی,5.63,no_two_source_semantic_agreement
تعالی,5.63,no_two_source_semantic_agreement
ڈی,5.63,no_two_source_semantic_agreement
کہتے,5.63,raw_grammatical_metadata_only
علیہ,5.75,no_two_source_semantic_agreement
وزیراعظم,5.62,no_two_source_semantic_agreement
این,5.61,no_two_source_semantic_agreement
دیتے,5.61,no_two_source_semantic_agreement
پوری,5.61,no_two_source_semantic_agreement
ایسی,5.60,no_two_source_semantic_agreement
بنانے,5.60,no_two_source_semantic_agreement
مل,5.60,no_two_source_semantic_agreement
آنے,5.59,no_two_source_semantic_agreement
ترین,5.59,no_two_source_semantic_agreement
ن,5.59,no_two_source_semantic_agreement
اعلان,5.57,no_two_source_semantic_agreement
آف,5.56,no_two_source_semantic_agreement
کرتی,5.56,no_two_source_semantic_agreement
الیکشن,5.54,no_two_source_semantic_agreement
کردیا,5.53,no_two_source_semantic_agreement
مولانا,5.52,no_two_source_semantic_agreement
لیں,5.51,no_two_source_semantic_agreement
کرکے,5.51,no_two_source_semantic_agreement
ہوگی,5.50,no_two_source_semantic_agreement
السلام,5.46,no_two_source_semantic_agreement
اہل,5.46,no_two_source_semantic_agreement
سکتی,5.46,no_two_source_semantic_agreement
نئے,5.46,no_two_source_semantic_agreement
تحت,5.44,no_two_source_semantic_agreement
فرمایا,5.42,no_two_source_semantic_agreement
لینے,5.42,no_two_source_semantic_agreement
مقام,5.42,no_two_source_semantic_agreement
زیر,5.41,no_two_source_semantic_agreement
آتا,5.40,no_two_source_semantic_agreement
حسن,5.40,no_two_source_semantic_agreement
سید,5.40,no_two_source_semantic_agreement
ا,5.39,no_two_source_semantic_agreement
رکھ,5.39,no_two_source_semantic_agreement
رکھنے,5.39,no_two_source_semantic_agreement
لکھا,5.39,no_two_source_semantic_agreement
تر,5.38,no_two_source_semantic_agreement
رکھتے,5.38,no_two_source_semantic_agreement
چھوڑ,5.38,no_two_source_semantic_agreement
گردی,5.38,no_two_source_semantic_agreement
ہوگیا,5.38,no_two_source_semantic_agreement
ادارے,5.37,no_two_source_semantic_agreement
بین,5.37,no_two_source_semantic_agreement
ذریعے,5.37,no_two_source_semantic_agreement
رہیں,5.37,no_two_source_semantic_agreement
سپریم,5.37,no_two_source_semantic_agreement
نبی,5.36,no_two_source_semantic_agreement
پورے,5.36,no_two_source_semantic_agreement
چاہئے,5.36,no_two_source_semantic_agreement
چکا,5.36,no_two_source_semantic_agreement
کیس,5.36,no_two_source_semantic_agreement
آتے,5.35,no_two_source_semantic_agreement
پہنچ,5.35,no_two_source_semantic_agreement
اقبال,5.34,no_two_source_semantic_agreement
کمیشن,5.33,no_two_source_semantic_agreement
ایل,5.32,no_two_source_semantic_agreement
حیثیت,5.32,no_two_source_semantic_agreement
سکے,5.32,no_two_source_semantic_agreement
گرفتار,5.32,no_two_source_semantic_agreement
آتی,5.31,no_two_source_semantic_agreement
جمع,5.31,agreement_without_clean_learner_fragment
باتیں,5.30,no_two_source_semantic_agreement
تمہارے,5.30,no_two_source_semantic_agreement
چوہدری,5.30,no_two_source_semantic_agreement
چکے,5.30,no_two_source_semantic_agreement
ڈال,5.30,no_two_source_semantic_agreement
زخمی,5.29,no_two_source_semantic_agreement
سینٹ,5.29,no_two_source_semantic_agreement
پڑے,5.29,no_two_source_semantic_agreement
گئیں,5.29,no_two_source_semantic_agreement
اتنی,5.28,no_two_source_semantic_agreement
اداروں,5.28,no_two_source_semantic_agreement
بنی,5.28,no_two_source_semantic_agreement
درج,5.28,no_two_source_semantic_agreement
ایف,5.27,no_two_source_semantic_agreement
باوجود,5.27,no_two_source_semantic_agreement
تبدیلی,5.27,no_two_source_semantic_agreement
خطاب,5.27,no_two_source_semantic_agreement
رہنے,5.27,raw_grammatical_metadata_only
نتیجے,5.27,no_two_source_semantic_agreement
ویب,5.27,no_two_source_semantic_agreement
ٹاؤن,5.27,no_two_source_semantic_agreement
تلاش,5.26,no_two_source_semantic_agreement
چل,5.26,no_two_source_semantic_agreement
رہتے,5.25,no_two_source_semantic_agreement
لیتے,5.25,no_two_source_semantic_agreement
چلے,5.25,no_two_source_semantic_agreement
کردہ,5.25,no_two_source_semantic_agreement
الاقوامی,5.24,no_two_source_semantic_agreement
انھوں,5.24,no_two_source_semantic_agreement
رضی,5.24,no_two_source_semantic_agreement
نکل,5.24,no_two_source_semantic_agreement
حوالے,5.23,no_two_source_semantic_agreement
سارے,5.23,no_two_source_semantic_agreement
صوبائی,5.23,no_two_source_semantic_agreement
کونسل,5.23,no_two_source_semantic_agreement
کہنے,5.23,raw_grammatical_metadata_only
ہوگئی,5.23,no_two_source_semantic_agreement
الدین,5.22,no_two_source_semantic_agreement
کئے,5.22,no_two_source_semantic_agreement
اٹھا,5.21,no_two_source_semantic_agreement
رکھے,5.21,no_two_source_semantic_agreement
چھ,5.21,no_two_source_semantic_agreement
حکمران,5.20,no_two_source_semantic_agreement
رکھی,5.20,no_two_source_semantic_agreement
لائن,5.20,no_two_source_semantic_agreement
مقابلہ,5.20,no_two_source_semantic_agreement
نیب,5.20,no_two_source_semantic_agreement
پیپلز,5.20,no_two_source_semantic_agreement
کردی,5.20,no_two_source_semantic_agreement
آئیں,5.19,no_two_source_semantic_agreement
بننے,5.19,no_two_source_semantic_agreement
بھٹو,5.19,no_two_source_semantic_agreement
دیتی,5.19,no_two_source_semantic_agreement
دیر,5.19,no_two_source_semantic_agreement
دیے,5.19,no_two_source_semantic_agreement
محمود,5.19,no_two_source_semantic_agreement
معلومات,5.19,no_two_source_semantic_agreement
چھوٹے,5.19,no_two_source_semantic_agreement
چیئرمین,5.19,no_two_source_semantic_agreement
آصف,5.18,no_two_source_semantic_agreement
رکن,5.18,no_two_source_semantic_agreement
سماجی,5.18,no_two_source_semantic_agreement
شدہ,5.18,no_two_source_semantic_agreement
لگتا,5.18,no_two_source_semantic_agreement
لگی,5.18,no_two_source_semantic_agreement
م,5.18,no_two_source_semantic_agreement
مشتمل,5.18,no_two_source_semantic_agreement
منتقل,5.18,agreement_without_clean_learner_fragment
پڑا,5.18,no_two_source_semantic_agreement
جنہوں,5.17,no_two_source_semantic_agreement
ملنے,5.17,no_two_source_semantic_agreement
میر,5.17,no_two_source_semantic_agreement
نتائج,5.17,no_two_source_semantic_agreement
کھانے,5.17,no_two_source_semantic_agreement
ہوگئے,5.17,no_two_source_semantic_agreement
ای,5.16,no_two_source_semantic_agreement
علامہ,5.16,no_two_source_semantic_agreement
مار,5.16,no_two_source_semantic_agreement
مقرر,5.16,no_two_source_semantic_agreement
کررہے,5.16,no_two_source_semantic_agreement
گرد,5.16,no_two_source_semantic_agreement
بنے,5.15,no_two_source_semantic_agreement
سمجھتے,5.15,raw_grammatical_metadata_only
شریک,5.15,no_two_source_semantic_agreement
شمالی,5.15,no_two_source_semantic_agreement
نیشنل,5.15,no_two_source_semantic_agreement
پروگرام,5.15,no_two_source_semantic_agreement
کرپشن,5.15,no_two_source_semantic_agreement
کہتا,5.15,no_two_source_semantic_agreement
آل,5.14,no_two_source_semantic_agreement
جے,5.14,no_two_source_semantic_agreement
خیبر,5.14,no_two_source_semantic_agreement
سوشل,5.14,no_two_source_semantic_agreement
صورتحال,5.14,no_two_source_semantic_agreement
متاثر,5.14,no_two_source_semantic_agreement
مہم,5.14,no_two_source_semantic_agreement
نکال,5.14,no_two_source_semantic_agreement
انھیں,5.13,no_two_source_semantic_agreement
سلسلے,5.13,no_two_source_semantic_agreement
فرق,5.13,no_two_source_semantic_agreement
لیئے,5.13,no_two_source_semantic_agreement
مودی,5.13,no_two_source_semantic_agreement
یو,5.13,no_two_source_semantic_agreement
انتخابی,5.12,no_two_source_semantic_agreement
بطور,5.12,no_two_source_semantic_agreement
بیٹھے,5.12,no_two_source_semantic_agreement
تعلیمی,5.12,no_two_source_semantic_agreement
زرداری,5.12,no_two_source_semantic_agreement
مقابلے,5.12,no_two_source_semantic_agreement
ایچ,5.11,no_two_source_semantic_agreement
طویل,5.11,no_two_source_semantic_agreement
عنہ,5.11,no_two_source_semantic_agreement
مریم,5.11,no_two_source_semantic_agreement
وزیراعلی,5.11,no_two_source_semantic_agreement
اینڈ,5.10,no_two_source_semantic_agreement
رکھنا,5.10,no_two_source_semantic_agreement
سائٹ,5.10,no_two_source_semantic_agreement
صوبے,5.10,raw_grammatical_metadata_only
کرنی,5.10,no_two_source_semantic_agreement
کروں,5.10,no_two_source_semantic_agreement
ہائی,5.10,no_two_source_semantic_agreement
ہزاروں,5.10,no_two_source_semantic_agreement
الحق,5.09,no_two_source_semantic_agreement
جیسی,5.09,no_two_source_semantic_agreement
رکھیں,5.09,no_two_source_semantic_agreement
سمجھا,5.09,no_two_source_semantic_agreement
عبد,5.09,no_two_source_semantic_agreement
فائرنگ,5.09,no_two_source_semantic_agreement
قائد,5.09,no_two_source_semantic_agreement
لو,5.09,no_two_source_semantic_agreement
لینڈ,5.09,no_two_source_semantic_agreement
لیڈر,5.09,no_two_source_semantic_agreement
پریس,5.09,no_two_source_semantic_agreement
ارکان,5.08,no_two_source_semantic_agreement
رہتی,5.08,no_two_source_semantic_agreement
شخصیت,5.08,no_two_source_semantic_agreement
فیصلے,5.08,raw_grammatical_metadata_only
پایا,5.08,no_two_source_semantic_agreement
پرویز,5.08,no_two_source_semantic_agreement
پوچھا,5.08,no_two_source_semantic_agreement
پڑھ,5.08,raw_grammatical_metadata_only
کاری,5.08,no_two_source_semantic_agreement
یونین,5.08,no_two_source_semantic_agreement
اپوزیشن,5.07,no_two_source_semantic_agreement
برائے,5.07,no_two_source_semantic_agreement
تقریب,5.07,no_two_source_semantic_agreement
جاسکتا,5.07,no_two_source_semantic_agreement
حصے,5.07,raw_grammatical_metadata_only
سنی,5.07,no_two_source_semantic_agreement
لحاظ,5.07,no_two_source_semantic_agreement
گردوں,5.07,no_two_source_semantic_agreement
الرحمن,5.06,no_two_source_semantic_agreement
عرصہ,5.06,no_two_source_semantic_agreement
مرزا,5.06,no_two_source_semantic_agreement
نوازشریف,5.06,no_two_source_semantic_agreement
زائد,5.05,no_two_source_semantic_agreement
سوا,5.05,no_two_source_semantic_agreement
عباس,5.05,no_two_source_semantic_agreement
معاشی,5.05,no_two_source_semantic_agreement
ملتا,5.05,no_two_source_semantic_agreement
چھوٹی,5.05,no_two_source_semantic_agreement
کانگریس,5.05,no_two_source_semantic_agreement
اتنے,5.04,no_two_source_semantic_agreement
دوسروں,5.04,no_two_source_semantic_agreement
سری,5.04,no_two_source_semantic_agreement
لگانے,5.04,no_two_source_semantic_agreement
مین,5.04,no_two_source_semantic_agreement
پائی,5.04,no_two_source_semantic_agreement
پڑتا,5.04,no_two_source_semantic_agreement
ہوجائے,5.04,no_two_source_semantic_agreement
جارہا,5.03,no_two_source_semantic_agreement
حلقے,5.03,no_two_source_semantic_agreement
سعید,5.03,no_two_source_semantic_agreement
شعبہ,5.03,no_two_source_semantic_agreement
عملی,5.03,no_two_source_semantic_agreement
معاشرے,5.03,no_two_source_semantic_agreement
پہنچا,5.03,no_two_source_semantic_agreement
گورنر,5.03,no_two_source_semantic_agreement
یافتہ,5.03,no_two_source_semantic_agreement
باتوں,5.02,no_two_source_semantic_agreement
صحابہ,5.02,no_two_source_semantic_agreement
عرصے,5.02,no_two_source_semantic_agreement
قسمت,5.02,no_two_source_semantic_agreement
نثار,5.02,no_two_source_semantic_agreement
ٹیسٹ,5.02,no_two_source_semantic_agreement
پائے,5.02,no_two_source_semantic_agreement
کیں,5.02,no_two_source_semantic_agreement
الزامات,5.01,no_two_source_semantic_agreement
الہی,5.01,no_two_source_semantic_agreement
بنائے,5.01,no_two_source_semantic_agreement
بک,5.01,no_two_source_semantic_agreement
تمہاری,5.01,no_two_source_semantic_agreement
خطے,5.01,no_two_source_semantic_agreement
قبضہ,5.01,no_two_source_semantic_agreement
مجلس,5.01,no_two_source_semantic_agreement
مجموعی,5.01,no_two_source_semantic_agreement
نمایاں,5.01,no_two_source_semantic_agreement
پچھلے,5.01,no_two_source_semantic_agreement
ھے,5.01,no_two_source_semantic_agreement
اسکے,5.00,no_two_source_semantic_agreement
بولا,5.00,no_two_source_semantic_agreement
جانتا,5.00,no_two_source_semantic_agreement
سردار,5.00,no_two_source_semantic_agreement
لگایا,5.00,no_two_source_semantic_agreement
پڑ,5.00,no_two_source_semantic_agreement
اندازہ,4.99,no_two_source_semantic_agreement
رشتہ,4.99,no_two_source_semantic_agreement
فرما,4.99,no_two_source_semantic_agreement
لکھ,4.99,no_two_source_semantic_agreement
مالی,4.99,no_two_source_semantic_agreement
ملتی,4.99,no_two_source_semantic_agreement
پابندی,4.99,no_two_source_semantic_agreement
اکرم,4.98,no_two_source_semantic_agreement
جارہی,4.98,no_two_source_semantic_agreement
جدوجہد,4.98,no_two_source_semantic_agreement
سیریز,4.98,no_two_source_semantic_agreement
شیعہ,4.98,no_two_source_semantic_agreement
ع,4.98,no_two_source_semantic_agreement
عہدے,4.98,no_two_source_semantic_agreement
متعلقہ,4.98,no_two_source_semantic_agreement
حامل,4.97,no_two_source_semantic_agreement
ریاستی,4.97,no_two_source_semantic_agreement
س,4.97,no_two_source_semantic_agreement
سالوں,4.97,no_two_source_semantic_agreement
فیس,4.97,no_two_source_semantic_agreement
نسبت,4.97,no_two_source_semantic_agreement
ٹیکنالوجی,4.97,no_two_source_semantic_agreement
کیو,4.97,no_two_source_semantic_agreement
گر,4.97,no_two_source_semantic_agreement
ء,4.96,no_two_source_semantic_agreement
اپیل,4.96,no_two_source_semantic_agreement
باب,4.96,no_two_source_semantic_agreement
بھیجا,4.96,no_two_source_semantic_agreement
رکھتی,4.96,no_two_source_semantic_agreement
سکیں,4.96,no_two_source_semantic_agreement
لکھے,4.96,no_two_source_semantic_agreement
منعقد,4.96,no_two_source_semantic_agreement
مکہ,4.96,no_two_source_semantic_agreement
ویسے,4.96,no_two_source_semantic_agreement
پہنچے,4.96,no_two_source_semantic_agreement
کرلیا,4.96,no_two_source_semantic_agreement
کیخلاف,4.96,no_two_source_semantic_agreement
ہوئیں,4.96,no_two_source_semantic_agreement
آن,4.95,no_two_source_semantic_agreement
آنکھیں,4.95,no_two_source_semantic_agreement
بتا,4.95,no_two_source_semantic_agreement
بورڈ,4.95,no_two_source_semantic_agreement
تعاون,4.95,no_two_source_semantic_agreement
ر,4.95,no_two_source_semantic_agreement
سلمان,4.95,no_two_source_semantic_agreement
طلبہ,4.95,no_two_source_semantic_agreement
فروغ,4.95,no_two_source_semantic_agreement
لاکھوں,4.95,no_two_source_semantic_agreement
کارکنوں,4.95,no_two_source_semantic_agreement
کوریا,4.95,no_two_source_semantic_agreement
ہاؤس,4.95,no_two_source_semantic_agreement
اداکارہ,4.94,no_two_source_semantic_agreement
ت,4.94,no_two_source_semantic_agreement
حکومتی,4.94,no_two_source_semantic_agreement
سالہ,4.94,no_two_source_semantic_agreement
فاروق,4.94,no_two_source_semantic_agreement
لائے,4.94,no_two_source_semantic_agreement
لگائے,4.94,no_two_source_semantic_agreement
کربلا,4.94,no_two_source_semantic_agreement
بخاری,4.93,no_two_source_semantic_agreement
دیئے,4.93,no_two_source_semantic_agreement
سیکیورٹی,4.93,no_two_source_semantic_agreement
وابستہ,4.93,no_two_source_semantic_agreement
کتابوں,4.93,no_two_source_semantic_agreement
کھا,4.93,no_two_source_semantic_agreement
گو,4.93,no_two_source_semantic_agreement
اسکی,4.92,no_two_source_semantic_agreement
انڈین,4.92,no_two_source_semantic_agreement
بالا,4.92,no_two_source_semantic_agreement
براہ,4.92,no_two_source_semantic_agreement
حقیقی,4.92,no_two_source_semantic_agreement
راجہ,4.92,no_two_source_semantic_agreement
روایات,4.92,no_two_source_semantic_agreement
عامر,4.92,no_two_source_semantic_agreement
فائنل,4.92,no_two_source_semantic_agreement
فرماتے,4.92,no_two_source_semantic_agreement
ماڈل,4.92,no_two_source_semantic_agreement
بھرپور,4.91,no_two_source_semantic_agreement
خانے,4.91,no_two_source_semantic_agreement
سسٹم,4.91,no_two_source_semantic_agreement
سونے,4.91,no_two_source_semantic_agreement
شان,4.91,no_two_source_semantic_agreement
ص,4.91,no_two_source_semantic_agreement
طریقے,4.91,no_two_source_semantic_agreement
مواد,4.91,no_two_source_semantic_agreement
مہینے,4.91,no_two_source_semantic_agreement
پالیسی,4.91,no_two_source_semantic_agreement
پوسٹ,4.91,no_two_source_semantic_agreement
چیک,4.91,no_two_source_semantic_agreement
ہ,4.91,no_two_source_semantic_agreement
انکے,4.90,no_two_source_semantic_agreement
رقم,4.90,no_two_source_semantic_agreement
پڑی,4.90,no_two_source_semantic_agreement
ڈالا,4.90,no_two_source_semantic_agreement
کتنی,4.90,no_two_source_semantic_agreement
کھول,4.90,no_two_source_semantic_agreement
انکی,4.89,no_two_source_semantic_agreement
تیزی,4.89,no_two_source_semantic_agreement
جاں,4.89,no_two_source_semantic_agreement
حکمرانوں,4.89,no_two_source_semantic_agreement
حیدرآباد,4.89,no_two_source_semantic_agreement
خبریں,4.89,no_two_source_semantic_agreement
دریافت,4.89,no_two_source_semantic_agreement
دھماکے,4.89,raw_grammatical_metadata_only
ذیل,4.89,no_two_source_semantic_agreement
سازی,4.89,no_two_source_semantic_agreement
شہریوں,4.89,raw_grammatical_metadata_only
عباسی,4.89,no_two_source_semantic_agreement
پڑھیں,4.89,no_two_source_semantic_agreement
آپس,4.88,no_two_source_semantic_agreement
بھیج,4.88,no_two_source_semantic_agreement
تجویز,4.88,no_two_source_semantic_agreement
خالد,4.88,no_two_source_semantic_agreement
صادق,4.88,no_two_source_semantic_agreement
نیٹ,4.88,no_two_source_semantic_agreement
کتنے,4.88,raw_grammatical_metadata_only
اثرات,4.87,no_two_source_semantic_agreement
انسانوں,4.87,no_two_source_semantic_agreement
بولنے,4.87,raw_grammatical_metadata_only
بچانے,4.87,no_two_source_semantic_agreement
جاؤ,4.87,no_two_source_semantic_agreement
صدیقی,4.87,no_two_source_semantic_agreement
لانے,4.87,no_two_source_semantic_agreement
لکھتے,4.87,raw_grammatical_metadata_only
لکھی,4.87,no_two_source_semantic_agreement
مارے,4.87,no_two_source_semantic_agreement
ٹیلی,4.87,no_two_source_semantic_agreement
پرانے,4.87,raw_grammatical_metadata_only
ہوکر,4.87,no_two_source_semantic_agreement
احادیث,4.86,no_two_source_semantic_agreement
اٹھانے,4.86,no_two_source_semantic_agreement
تھوڑی,4.86,no_two_source_semantic_agreement
حیدر,4.86,no_two_source_semantic_agreement
د,4.86,no_two_source_semantic_agreement
دئیے,4.86,no_two_source_semantic_agreement
زبردست,4.86,no_two_source_semantic_agreement
سعد,4.86,no_two_source_semantic_agreement
سننے,4.86,raw_grammatical_metadata_only
مر,4.86,no_two_source_semantic_agreement
مسلح,4.86,no_two_source_semantic_agreement
مولوی,4.86,no_two_source_semantic_agreement
وسطی,4.86,no_two_source_semantic_agreement
پرست,4.86,no_two_source_semantic_agreement
پیمانے,4.86,no_two_source_semantic_agreement
چودھری,4.86,no_two_source_semantic_agreement
ڈیم,4.86,no_two_source_semantic_agreement
گزار,4.86,no_two_source_semantic_agreement
ہوسکتا,4.86,no_two_source_semantic_agreement
ہونی,4.86,no_two_source_semantic_agreement
انہی,4.85,no_two_source_semantic_agreement
بحق,4.85,no_two_source_semantic_agreement
بنائیں,4.85,no_two_source_semantic_agreement
حصول,4.85,no_two_source_semantic_agreement
حلقوں,4.85,no_two_source_semantic_agreement
خاتمے,4.85,no_two_source_semantic_agreement
ریلوے,4.85,no_two_source_semantic_agreement
ورلڈ,4.85,no_two_source_semantic_agreement
پڑھنے,4.85,raw_grammatical_metadata_only
ڈائریکٹر,4.85,no_two_source_semantic_agreement
کررہا,4.85,no_two_source_semantic_agreement
کھلاڑیوں,4.85,no_two_source_semantic_agreement
آگیا,4.84,no_two_source_semantic_agreement
اراکین,4.84,no_two_source_semantic_agreement
اقدامات,4.84,no_two_source_semantic_agreement
بھول,4.84,no_two_source_semantic_agreement
تیرے,4.84,no_two_source_semantic_agreement
دوں,4.84,no_two_source_semantic_agreement
دکھائی,4.84,no_two_source_semantic_agreement
روایتی,4.84,no_two_source_semantic_agreement
سڑکوں,4.84,no_two_source_semantic_agreement
شخصیات,4.84,no_two_source_semantic_agreement
مبینہ,4.84,no_two_source_semantic_agreement
مرتب,4.84,no_two_source_semantic_agreement
مفاد,4.84,no_two_source_semantic_agreement
منصوبے,4.84,no_two_source_semantic_agreement
پیپلزپارٹی,4.84,no_two_source_semantic_agreement
چلتا,4.84,no_two_source_semantic_agreement
چلنے,4.84,no_two_source_semantic_agreement
کتابیں,4.84,raw_grammatical_metadata_only
کرام,4.84,no_two_source_semantic_agreement
کھل,4.84,no_two_source_semantic_agreement
بر,4.83,no_two_source_semantic_agreement
تے,4.83,no_two_source_semantic_agreement
حزب,4.83,no_two_source_semantic_agreement
رشید,4.83,no_two_source_semantic_agreement
ساز,4.83,no_two_source_semantic_agreement
شمولیت,4.83,no_two_source_semantic_agreement
عائشہ,4.83,no_two_source_semantic_agreement
علوم,4.83,no_two_source_semantic_agreement
فیض,4.83,no_two_source_semantic_agreement
قدرتی,4.83,no_two_source_semantic_agreement
لڑکیوں,4.83,raw_grammatical_metadata_only
لیکر,4.83,no_two_source_semantic_agreement
ملزمان,4.83,no_two_source_semantic_agreement
وے,4.83,no_two_source_semantic_agreement
ٹریفک,4.83,no_two_source_semantic_agreement
پختونخوا,4.83,no_two_source_semantic_agreement
اشارہ,4.82,no_two_source_semantic_agreement
جتنا,4.82,no_two_source_semantic_agreement
حلف,4.82,no_two_source_semantic_agreement
سربراہی,4.82,no_two_source_semantic_agreement
سلیم,4.82,no_two_source_semantic_agreement
شپ,4.82,no_two_source_semantic_agreement
فائز,4.82,no_two_source_semantic_agreement
نوٹ,4.82,no_two_source_semantic_agreement
وہیں,4.82,no_two_source_semantic_agreement
ڈالنے,4.82,no_two_source_semantic_agreement
کشمیری,4.82,no_two_source_semantic_agreement
اٹھ,4.81,no_two_source_semantic_agreement
بزرگ,4.81,no_two_source_semantic_agreement
بچا,4.81,no_two_source_semantic_agreement
بیشتر,4.81,no_two_source_semantic_agreement
جامع,4.81,no_two_source_semantic_agreement
جتنی,4.81,no_two_source_semantic_agreement
دستیاب,4.81,no_two_source_semantic_agreement
سیکرٹری,4.81,no_two_source_semantic_agreement
عائد,4.81,no_two_source_semantic_agreement
عدلیہ,4.81,no_two_source_semantic_agreement
فاطمہ,4.81,no_two_source_semantic_agreement
قریشی,4.81,no_two_source_semantic_agreement
مصطفی,4.81,no_two_source_semantic_agreement
ورک,4.81,no_two_source_semantic_agreement
وصول,4.81,no_two_source_semantic_agreement
پیک,4.81,no_two_source_semantic_agreement
ڈے,4.81,no_two_source_semantic_agreement
کیساتھ,4.81,no_two_source_semantic_agreement
ہمراہ,4.81,no_two_source_semantic_agreement
آکر,4.80,no_two_source_semantic_agreement
ایکشن,4.80,no_two_source_semantic_agreement
جات,4.80,no_two_source_semantic_agreement
حضرات,4.80,no_two_source_semantic_agreement
سکیورٹی,4.80,no_two_source_semantic_agreement
قریبی,4.80,no_two_source_semantic_agreement
لکھنے,4.80,no_two_source_semantic_agreement
معاملے,4.80,no_two_source_semantic_agreement
ملین,4.80,no_two_source_semantic_agreement
وضاحت,4.80,no_two_source_semantic_agreement
پاکستانیوں,4.80,no_two_source_semantic_agreement
چاہیئے,4.80,no_two_source_semantic_agreement
کرانے,4.80,no_two_source_semantic_agreement
کررہی,4.80,no_two_source_semantic_agreement
کھلے,4.80,no_two_source_semantic_agreement
کہے,4.80,no_two_source_semantic_agreement
ایشن,4.79,no_two_source_semantic_agreement
با,4.79,no_two_source_semantic_agreement
بچ,4.79,no_two_source_semantic_agreement
جنس,4.79,no_two_source_semantic_agreement
ری,4.79,no_two_source_semantic_agreement
طاہر,4.79,no_two_source_semantic_agreement
ق,4.79,no_two_source_semantic_agreement
مداخلت,4.79,no_two_source_semantic_agreement
مردوں,4.79,no_two_source_semantic_agreement
مزار,4.79,no_two_source_semantic_agreement
ممبر,4.79,no_two_source_semantic_agreement
نجات,4.79,no_two_source_semantic_agreement
پردہ,4.79,no_two_source_semantic_agreement
پن,4.79,no_two_source_semantic_agreement
چیلنج,4.79,no_two_source_semantic_agreement
کرلی,4.79,no_two_source_semantic_agreement
ہونگے,4.79,no_two_source_semantic_agreement
ی,4.79,no_two_source_semantic_agreement
آیات,4.78,no_two_source_semantic_agreement
باری,4.78,no_two_source_semantic_agreement
حصوں,4.78,no_two_source_semantic_agreement
سول,4.78,no_two_source_semantic_agreement
سٹی,4.78,no_two_source_semantic_agreement
شعبے,4.78,no_two_source_semantic_agreement
عناصر,4.78,no_two_source_semantic_agreement
فارم,4.78,no_two_source_semantic_agreement
فلموں,4.78,raw_grammatical_metadata_only
ل,4.78,no_two_source_semantic_agreement
لایا,4.78,no_two_source_semantic_agreement
مسعود,4.78,no_two_source_semantic_agreement
وآلہ,4.78,no_two_source_semantic_agreement
کارکن,4.78,no_two_source_semantic_agreement
کالم,4.78,no_two_source_semantic_agreement
کرایا,4.78,no_two_source_semantic_agreement
ہورہی,4.78,no_two_source_semantic_agreement
اداکار,4.77,no_two_source_semantic_agreement
برادری,4.77,no_two_source_semantic_agreement
بٹ,4.77,no_two_source_semantic_agreement
بیٹھا,4.77,no_two_source_semantic_agreement
دیکھی,4.77,no_two_source_semantic_agreement
صدارت,4.77,no_two_source_semantic_agreement
عبداللہ,4.77,no_two_source_semantic_agreement
عسکری,4.77,no_two_source_semantic_agreement
فرمائے,4.77,no_two_source_semantic_agreement
لنکا,4.77,no_two_source_semantic_agreement
مجید,4.77,no_two_source_semantic_agreement
مقاصد,4.77,no_two_source_semantic_agreement
نافذ,4.77,no_two_source_semantic_agreement
ووڈ,4.77,no_two_source_semantic_agreement
پرستی,4.77,no_two_source_semantic_agreement
ہورہا,4.77,no_two_source_semantic_agreement
افسران,4.76,no_two_source_semantic_agreement
راج,4.76,no_two_source_semantic_agreement
روکنے,4.76,no_two_source_semantic_agreement
صدارتی,4.76,no_two_source_semantic_agreement
صوبوں,4.76,no_two_source_semantic_agreement
عظمی,4.76,no_two_source_semantic_agreement
قادری,4.76,no_two_source_semantic_agreement
مابین,4.76,no_two_source_semantic_agreement
مخلوق,4.76,no_two_source_semantic_agreement
مضامین,4.76,no_two_source_semantic_agreement
ملتے,4.76,no_two_source_semantic_agreement
موقف,4.76,agreement_without_clean_learner_fragment
مہر,4.76,no_two_source_semantic_agreement
میڈیکل,4.76,no_two_source_semantic_agreement
پرانی,4.76,no_two_source_semantic_agreement
پہلو,4.76,no_two_source_semantic_agreement
کاٹ,4.76,no_two_source_semantic_agreement
کردیں,4.76,no_two_source_semantic_agreement
ابی,4.75,no_two_source_semantic_agreement
اسحاق,4.75,no_two_source_semantic_agreement
ایسوسی,4.75,no_two_source_semantic_agreement
تیری,4.75,no_two_source_semantic_agreement
جرائم,4.75,no_two_source_semantic_agreement
سوچا,4.75,no_two_source_semantic_agreement
صدیق,4.75,no_two_source_semantic_agreement
مرنے,4.75,raw_grammatical_metadata_only
نعرے,4.75,no_two_source_semantic_agreement
نوجوانوں,4.75,no_two_source_semantic_agreement
نکلے,4.75,no_two_source_semantic_agreement
چلتے,4.75,no_two_source_semantic_agreement
کش,4.75,no_two_source_semantic_agreement
کہتی,4.75,no_two_source_semantic_agreement
یزید,4.75,no_two_source_semantic_agreement
افضل,4.74,no_two_source_semantic_agreement
اہتمام,4.74,no_two_source_semantic_agreement
بناتے,4.74,no_two_source_semantic_agreement
ترقیاتی,4.74,no_two_source_semantic_agreement
جانوروں,4.74,raw_grammatical_metadata_only
جانی,4.74,no_two_source_semantic_agreement
جماعتیں,4.74,no_two_source_semantic_agreement
خاں,4.74,no_two_source_semantic_agreement
دان,4.74,no_two_source_semantic_agreement
دیکھتا,4.74,no_two_source_semantic_agreement
رانا,4.74,no_two_source_semantic_agreement
رفیق,4.74,no_two_source_semantic_agreement
رمضان,4.74,no_two_source_semantic_agreement
زوال,4.74,no_two_source_semantic_agreement
سبھی,4.74,no_two_source_semantic_agreement
غازی,4.74,no_two_source_semantic_agreement
فرائض,4.74,no_two_source_semantic_agreement
فضائی,4.74,no_two_source_semantic_agreement
فورس,4.74,no_two_source_semantic_agreement
لوڈ,4.74,no_two_source_semantic_agreement
لگائی,4.74,no_two_source_semantic_agreement
نصف,4.74,no_two_source_semantic_agreement
ویسٹ,4.74,no_two_source_semantic_agreement
ٹرمپ,4.74,no_two_source_semantic_agreement
چلانے,4.74,no_two_source_semantic_agreement
کثیر,4.74,no_two_source_semantic_agreement
کرائے,4.74,no_two_source_semantic_agreement
کرسکتے,4.74,no_two_source_semantic_agreement
یقینی,4.74,no_two_source_semantic_agreement
ایوارڈ,4.73,no_two_source_semantic_agreement
برعکس,4.73,no_two_source_semantic_agreement
جسمانی,4.73,no_two_source_semantic_agreement
طارق,4.73,no_two_source_semantic_agreement
فرار,4.73,no_two_source_semantic_agreement
مشن,4.73,no_two_source_semantic_agreement
ملت,4.73,no_two_source_semantic_agreement
ممکنہ,4.73,no_two_source_semantic_agreement
نظریات,4.73,no_two_source_semantic_agreement
ویں,4.73,no_two_source_semantic_agreement
ٹوٹ,4.73,no_two_source_semantic_agreement
ڈرامے,4.73,no_two_source_semantic_agreement
کمار,4.73,no_two_source_semantic_agreement
کنارے,4.73,no_two_source_semantic_agreement
کیفیت,4.73,no_two_source_semantic_agreement
کےلئے,4.73,no_two_source_semantic_agreement
اہلکار,4.72,no_two_source_semantic_agreement
اہلکاروں,4.72,no_two_source_semantic_agreement
تذکرہ,4.72,no_two_source_semantic_agreement
جارہے,4.72,no_two_source_semantic_agreement
حاجی,4.72,no_two_source_semantic_agreement
رہنماؤں,4.72,no_two_source_semantic_agreement
ریاستوں,4.72,no_two_source_semantic_agreement
زدہ,4.72,no_two_source_semantic_agreement
سابقہ,4.72,no_two_source_semantic_agreement
سیدنا,4.72,no_two_source_semantic_agreement
سیل,4.72,no_two_source_semantic_agreement
علاقائی,4.72,no_two_source_semantic_agreement
فرد,4.72,no_two_source_semantic_agreement
فوجیوں,4.72,no_two_source_semantic_agreement
فورسز,4.72,no_two_source_semantic_agreement
لازمی,4.72,no_two_source_semantic_agreement
موٹر,4.72,no_two_source_semantic_agreement
ناموں,4.72,no_two_source_semantic_agreement
نکاح,4.72,no_two_source_semantic_agreement
نکلا,4.72,no_two_source_semantic_agreement
پانے,4.72,no_two_source_semantic_agreement
چترال,4.72,no_two_source_semantic_agreement
کاروائی,4.72,no_two_source_semantic_agreement
کشمیریوں,4.72,no_two_source_semantic_agreement
گورنمنٹ,4.72,no_two_source_semantic_agreement
ازاں,4.71,no_two_source_semantic_agreement
بنتا,4.71,no_two_source_semantic_agreement
بیک,4.71,no_two_source_semantic_agreement
سیکورٹی,4.71,no_two_source_semantic_agreement
لڑکے,4.71,raw_grammatical_metadata_only
لگتی,4.71,no_two_source_semantic_agreement
مارا,4.71,no_two_source_semantic_agreement
مخالفین,4.71,no_two_source_semantic_agreement
نبوت,4.71,no_two_source_semantic_agreement
نما,4.71,no_two_source_semantic_agreement
نمائندوں,4.71,no_two_source_semantic_agreement
نیو,4.71,no_two_source_semantic_agreement
نیوزی,4.71,no_two_source_semantic_agreement
وسائل,4.71,no_two_source_semantic_agreement
پار,4.71,no_two_source_semantic_agreement
کروا,4.71,no_two_source_semantic_agreement
کمیونٹی,4.71,no_two_source_semantic_agreement
کوششوں,4.71,no_two_source_semantic_agreement
کھلی,4.71,no_two_source_semantic_agreement
ں,4.71,no_two_source_semantic_agreement
اسلامیہ,4.70,no_two_source_semantic_agreement
اسٹیٹ,4.70,no_two_source_semantic_agreement
اطلاعات,4.70,no_two_source_semantic_agreement
القرآن,4.70,no_two_source_semantic_agreement
ایئر,4.70,no_two_source_semantic_agreement
بلاول,4.70,no_two_source_semantic_agreement
تینوں,4.70,no_two_source_semantic_agreement
دا,4.70,no_two_source_semantic_agreement
درجے,4.70,raw_grammatical_metadata_only
مرحوم,4.70,no_two_source_semantic_agreement
ملازمین,4.70,no_two_source_semantic_agreement
پ,4.70,no_two_source_semantic_agreement
پولنگ,4.70,no_two_source_semantic_agreement
پہنچنے,4.70,raw_grammatical_metadata_only
کروانے,4.70,no_two_source_semantic_agreement
کھلا,4.70,no_two_source_semantic_agreement
آئینی,4.69,no_two_source_semantic_agreement
اختیارات,4.69,raw_grammatical_metadata_only
بلیک,4.69,no_two_source_semantic_agreement
بھری,4.69,no_two_source_semantic_agreement
تبلیغ,4.69,no_two_source_semantic_agreement
ترمیم,4.69,no_two_source_semantic_agreement
جمال,4.69,no_two_source_semantic_agreement
خصوصیات,4.69,no_two_source_semantic_agreement
دورے,4.69,no_two_source_semantic_agreement
رجوع,4.69,no_two_source_semantic_agreement
رسائی,4.69,no_two_source_semantic_agreement
ریلیز,4.69,no_two_source_semantic_agreement
سرگرمیوں,4.69,no_two_source_semantic_agreement
عارف,4.69,no_two_source_semantic_agreement
عدالتوں,4.69,no_two_source_semantic_agreement
فنڈ,4.69,no_two_source_semantic_agreement
مہدی,4.69,no_two_source_semantic_agreement
نکالا,4.69,no_two_source_semantic_agreement
وائرس,4.69,no_two_source_semantic_agreement
پارک,4.69,no_two_source_semantic_agreement
پڑتی,4.69,no_two_source_semantic_agreement
ہٹ,4.69,no_two_source_semantic_agreement
آگئی,4.68,no_two_source_semantic_agreement
اشرف,4.68,no_two_source_semantic_agreement
اشیاء,4.68,no_two_source_semantic_agreement
اصلاحات,4.68,no_two_source_semantic_agreement
اضلاع,4.68,no_two_source_semantic_agreement
ام,4.68,no_two_source_semantic_agreement
امان,4.68,no_two_source_semantic_agreement
بلتستان,4.68,no_two_source_semantic_agreement
دکھایا,4.68,no_two_source_semantic_agreement
رضوی,4.68,no_two_source_semantic_agreement
سمت,4.68,no_two_source_semantic_agreement
عقیدہ,4.68,no_two_source_semantic_agreement
فرمائی,4.68,no_two_source_semantic_agreement
محرم,4.68,no_two_source_semantic_agreement
نشستیں,4.68,no_two_source_semantic_agreement
نوعیت,4.68,no_two_source_semantic_agreement
پشتون,4.68,no_two_source_semantic_agreement
پڑھے,4.68,no_two_source_semantic_agreement
پھیل,4.68,no_two_source_semantic_agreement
چاہیں,4.68,no_two_source_semantic_agreement
کاموں,4.68,no_two_source_semantic_agreement
کروڑوں,4.68,no_two_source_semantic_agreement
کیمپ,4.68,no_two_source_semantic_agreement
ے,4.68,no_two_source_semantic_agreement
آرہی,4.67,no_two_source_semantic_agreement
اشعار,4.67,no_two_source_semantic_agreement
انور,4.67,no_two_source_semantic_agreement
اٹھایا,4.67,no_two_source_semantic_agreement
بڑھتی,4.67,no_two_source_semantic_agreement
بیرون,4.67,no_two_source_semantic_agreement
تعلیمات,4.67,no_two_source_semantic_agreement
ثاقب,4.67,no_two_source_semantic_agreement
رہائشی,4.67,no_two_source_semantic_agreement
سوائے,4.67,no_two_source_semantic_agreement
سورہ,4.67,no_two_source_semantic_agreement
شوکت,4.67,no_two_source_semantic_agreement
لیتی,4.67,no_two_source_semantic_agreement
مثبت,4.67,no_two_source_semantic_agreement
نامزد,4.67,no_two_source_semantic_agreement
نفس,4.67,no_two_source_semantic_agreement
نمائش,4.67,no_two_source_semantic_agreement
نکلنے,4.67,no_two_source_semantic_agreement
پینے,4.67,raw_grammatical_metadata_only
ڈیزائن,4.67,no_two_source_semantic_agreement
ڈیٹا,4.67,no_two_source_semantic_agreement
کہی,4.67,no_two_source_semantic_agreement
ہجرت,4.67,no_two_source_semantic_agreement
آور,4.66,no_two_source_semantic_agreement
بدلے,4.66,no_two_source_semantic_agreement
بڑھا,4.66,no_two_source_semantic_agreement
حکمرانی,4.66,no_two_source_semantic_agreement
سوسائٹی,4.66,no_two_source_semantic_agreement
شماری,4.66,no_two_source_semantic_agreement
علماء,4.66,no_two_source_semantic_agreement
قبضے,4.66,no_two_source_semantic_agreement
ور,4.66,no_two_source_semantic_agreement
کرلیں,4.66,no_two_source_semantic_agreement
ہوجائیں,4.66,no_two_source_semantic_agreement
الطاف,4.65,no_two_source_semantic_agreement
امتیاز,4.65,no_two_source_semantic_agreement
امین,4.65,no_two_source_semantic_agreement
بندوں,4.65,no_two_source_semantic_agreement
توسیع,4.65,no_two_source_semantic_agreement
جلسے,4.65,no_two_source_semantic_agreement
دیکھیے,4.65,no_two_source_semantic_agreement
فراہمی,4.65,no_two_source_semantic_agreement
فواد,4.65,no_two_source_semantic_agreement
فیملی,4.65,no_two_source_semantic_agreement
قبائلی,4.65,no_two_source_semantic_agreement
لگنے,4.65,no_two_source_semantic_agreement
لیک,4.65,no_two_source_semantic_agreement
ما,4.65,no_two_source_semantic_agreement
مسافر,4.65,no_two_source_semantic_agreement
مفادات,4.65,no_two_source_semantic_agreement
منفی,4.65,no_two_source_semantic_agreement
مہیا,4.65,no_two_source_semantic_agreement
میٹنگ,4.65,no_two_source_semantic_agreement
ڈار,4.65,no_two_source_semantic_agreement
کاروں,4.65,no_two_source_semantic_agreement
کلومیٹر,4.65,no_two_source_semantic_agreement
کمشنر,4.65,no_two_source_semantic_agreement
کھاتے,4.65,no_two_source_semantic_agreement
گاڑیوں,4.65,no_two_source_semantic_agreement
ہائیکورٹ,4.65,no_two_source_semantic_agreement
الہ,4.64,no_two_source_semantic_agreement
بھاگ,4.64,no_two_source_semantic_agreement
دشمنوں,4.64,no_two_source_semantic_agreement
دعوے,4.64,no_two_source_semantic_agreement
شفاف,4.64,no_two_source_semantic_agreement
ضمنی,4.64,no_two_source_semantic_agreement
عدالتی,4.64,no_two_source_semantic_agreement
فاٹا,4.64,no_two_source_semantic_agreement
لگتے,4.64,no_two_source_semantic_agreement
مفہوم,4.64,no_two_source_semantic_agreement
منصوبوں,4.64,no_two_source_semantic_agreement
وجوہات,4.64,no_two_source_semantic_agreement
پاور,4.64,no_two_source_semantic_agreement
ڈالے,4.64,no_two_source_semantic_agreement
ڈویژن,4.64,no_two_source_semantic_agreement
کابینہ,4.64,no_two_source_semantic_agreement
کفر,4.64,no_two_source_semantic_agreement
گوئی,4.64,no_two_source_semantic_agreement
گھنٹوں,4.64,no_two_source_semantic_agreement
یہودیوں,4.64,no_two_source_semantic_agreement
آرہا,4.63,no_two_source_semantic_agreement
آگئے,4.63,no_two_source_semantic_agreement
اتار,4.63,no_two_source_semantic_agreement
اسکا,4.63,no_two_source_semantic_agreement
انقلابی,4.63,no_two_source_semantic_agreement
اٹھائے,4.63,no_two_source_semantic_agreement
اکاؤنٹ,4.63,no_two_source_semantic_agreement
بحالی,4.63,no_two_source_semantic_agreement
تنظیموں,4.63,no_two_source_semantic_agreement
ثانی,4.63,no_two_source_semantic_agreement
جتنے,4.63,no_two_source_semantic_agreement
ذوالفقار,4.63,no_two_source_semantic_agreement
سمجھے,4.63,raw_grammatical_metadata_only
سیف,4.63,no_two_source_semantic_agreement
شامی,4.63,no_two_source_semantic_agreement
عقائد,4.63,no_two_source_semantic_agreement
فنڈز,4.63,no_two_source_semantic_agreement
لیاقت,4.63,no_two_source_semantic_agreement
متحرک,4.63,no_two_source_semantic_agreement
معاشرتی,4.63,no_two_source_semantic_agreement
میسر,4.63,no_two_source_semantic_agreement
نیویارک,4.63,no_two_source_semantic_agreement
پلان,4.63,no_two_source_semantic_agreement
ڈبلیو,4.63,no_two_source_semantic_agreement
ہندی,4.63,no_two_source_semantic_agreement
ہوجاتا,4.63,no_two_source_semantic_agreement
ہوچکی,4.63,no_two_source_semantic_agreement
اربوں,4.62,no_two_source_semantic_agreement
الرحمان,4.62,no_two_source_semantic_agreement
بجا,4.62,no_two_source_semantic_agreement
برے,4.62,no_two_source_semantic_agreement
جیتنے,4.62,no_two_source_semantic_agreement
حامد,4.62,no_two_source_semantic_agreement
حتی,4.62,no_two_source_semantic_agreement
حفیظ,4.62,no_two_source_semantic_agreement
خلائی,4.62,no_two_source_semantic_agreement
رشتے,4.62,no_two_source_semantic_agreement
رہو,4.62,no_two_source_semantic_agreement
ریلی,4.62,no_two_source_semantic_agreement
ساتھیوں,4.62,no_two_source_semantic_agreement
سیکریٹری,4.62,no_two_source_semantic_agreement
ف,4.62,no_two_source_semantic_agreement
فعال,4.62,no_two_source_semantic_agreement
قائدین,4.62,no_two_source_semantic_agreement
لگیں,4.62,no_two_source_semantic_agreement
مارشل,4.62,no_two_source_semantic_agreement
مانا,4.62,no_two_source_semantic_agreement
مردم,4.62,no_two_source_semantic_agreement
موضوعات,4.62,no_two_source_semantic_agreement
نکالنے,4.62,no_two_source_semantic_agreement
پسندوں,4.62,no_two_source_semantic_agreement
ڈالی,4.62,no_two_source_semantic_agreement
کارکنان,4.62,no_two_source_semantic_agreement
کال,4.62,no_two_source_semantic_agreement
کردے,4.62,no_two_source_semantic_agreement
کرسکتا,4.62,no_two_source_semantic_agreement
کرنسی,4.62,no_two_source_semantic_agreement
کروایا,4.62,no_two_source_semantic_agreement
کھیلنے,4.62,no_two_source_semantic_agreement
گناہوں,4.62,no_two_source_semantic_agreement
گیلانی,4.62,no_two_source_semantic_agreement
یک,4.62,no_two_source_semantic_agreement
انعقاد,4.61,no_two_source_semantic_agreement
بیانات,4.61,no_two_source_semantic_agreement
توفیق,4.61,no_two_source_semantic_agreement
حسب,4.61,no_two_source_semantic_agreement
خریدنے,4.61,no_two_source_semantic_agreement
دانوں,4.61,no_two_source_semantic_agreement
دھمکی,4.61,no_two_source_semantic_agreement
ریفرنس,4.61,no_two_source_semantic_agreement
لگاتے,4.61,no_two_source_semantic_agreement
ملیں,4.61,no_two_source_semantic_agreement
منافع,4.61,no_two_source_semantic_agreement
وڈ,4.61,no_two_source_semantic_agreement
پوائنٹ,4.61,no_two_source_semantic_agreement
کالعدم,4.61,no_two_source_semantic_agreement
کمانڈر,4.61,no_two_source_semantic_agreement
کیلیے,4.61,no_two_source_semantic_agreement
اسپیکر,4.60,no_two_source_semantic_agreement
اقدام,4.60,no_two_source_semantic_agreement
اقسام,4.60,no_two_source_semantic_agreement
تلے,4.60,no_two_source_semantic_agreement
ج,4.60,no_two_source_semantic_agreement
جیتا,4.60,no_two_source_semantic_agreement
خدشہ,4.60,no_two_source_semantic_agreement
دعائیں,4.60,no_two_source_semantic_agreement
دلی,4.60,no_two_source_semantic_agreement
دہشتگردی,4.60,no_two_source_semantic_agreement
رنز,4.60,no_two_source_semantic_agreement
رک,4.60,no_two_source_semantic_agreement
سند,4.60,no_two_source_semantic_agreement
صدیوں,4.60,no_two_source_semantic_agreement
ضیاء,4.60,no_two_source_semantic_agreement
علمائے,4.60,no_two_source_semantic_agreement
مانتے,4.60,no_two_source_semantic_agreement
مبارکباد,4.60,no_two_source_semantic_agreement
متبادل,4.60,no_two_source_semantic_agreement
متوقع,4.60,no_two_source_semantic_agreement
مذاہب,4.60,no_two_source_semantic_agreement
منصب,4.60,no_two_source_semantic_agreement
مہاجرین,4.60,no_two_source_semantic_agreement
پہنچانے,4.60,no_two_source_semantic_agreement
پے,4.60,no_two_source_semantic_agreement
گانے,4.60,no_two_source_semantic_agreement
ہوجاتی,4.60,no_two_source_semantic_agreement
آرہے,4.59,no_two_source_semantic_agreement
استعفی,4.59,no_two_source_semantic_agreement
انفرادی,4.59,no_two_source_semantic_agreement
ایپ,4.59,no_two_source_semantic_agreement
بابر,4.59,no_two_source_semantic_agreement
بنتے,4.59,no_two_source_semantic_agreement
بولے,4.59,no_two_source_semantic_agreement
تحسین,4.59,no_two_source_semantic_agreement
جہانگیر,4.59,no_two_source_semantic_agreement
حبیب,4.59,no_two_source_semantic_agreement
دستاویزات,4.59,no_two_source_semantic_agreement
دوا,4.59,no_two_source_semantic_agreement
زرعی,4.59,no_two_source_semantic_agreement
شرائط,4.59,no_two_source_semantic_agreement
صفدر,4.59,no_two_source_semantic_agreement
صنعتی,4.59,no_two_source_semantic_agreement
عقیدت,4.59,no_two_source_semantic_agreement
قاسم,4.59,no_two_source_semantic_agreement
لائیں,4.59,no_two_source_semantic_agreement
ماننے,4.59,no_two_source_semantic_agreement
محاذ,4.59,no_two_source_semantic_agreement
ممبران,4.59,no_two_source_semantic_agreement
وسیم,4.59,no_two_source_semantic_agreement
ٹاپ,4.59,no_two_source_semantic_agreement
پرامن,4.59,no_two_source_semantic_agreement
پسندی,4.59,no_two_source_semantic_agreement
چاروں,4.59,no_two_source_semantic_agreement
ڈالیں,4.59,no_two_source_semantic_agreement
کپور,4.59,no_two_source_semantic_agreement
ہیلی,4.59,no_two_source_semantic_agreement
آثار,4.58,no_two_source_semantic_agreement
افتتاح,4.58,no_two_source_semantic_agreement
ایام,4.58,no_two_source_semantic_agreement
برائی,4.58,no_two_source_semantic_agreement
برسوں,4.58,no_two_source_semantic_agreement
خراج,4.58,no_two_source_semantic_agreement
داروں,4.58,no_two_source_semantic_agreement
دھرنے,4.58,no_two_source_semantic_agreement
دہ,4.58,no_two_source_semantic_agreement
رسم,4.58,no_two_source_semantic_agreement
رینجرز,4.58,no_two_source_semantic_agreement
سفارتی,4.58,no_two_source_semantic_agreement
سپرد,4.58,no_two_source_semantic_agreement
عورتیں,4.58,no_two_source_semantic_agreement
فرمائیں,4.58,no_two_source_semantic_agreement
متحد,4.58,no_two_source_semantic_agreement
مدارس,4.58,no_two_source_semantic_agreement
ناقابل,4.58,no_two_source_semantic_agreement
نمائندے,4.58,no_two_source_semantic_agreement
پہنچی,4.58,no_two_source_semantic_agreement
چھوڑنے,4.58,no_two_source_semantic_agreement
ڈیوٹی,4.58,no_two_source_semantic_agreement
کمپنیوں,4.58,no_two_source_semantic_agreement
کھو,4.58,no_two_source_semantic_agreement
کیجئے,4.58,no_two_source_semantic_agreement
کیپٹن,4.58,no_two_source_semantic_agreement
کےلیے,4.58,no_two_source_semantic_agreement
ہال,4.58,no_two_source_semantic_agreement
اجتماعی,4.57,no_two_source_semantic_agreement
افتخار,4.57,no_two_source_semantic_agreement
ایکٹ,4.57,no_two_source_semantic_agreement
باطل,4.57,no_two_source_semantic_agreement
بلاک,4.57,no_two_source_semantic_agreement
بھگ,4.57,no_two_source_semantic_agreement
تعینات,4.57,no_two_source_semantic_agreement
جائیگا,4.57,no_two_source_semantic_agreement
جاسکتی,4.57,no_two_source_semantic_agreement
جلا,4.57,no_two_source_semantic_agreement
حقائق,4.57,no_two_source_semantic_agreement
حکومتوں,4.57,no_two_source_semantic_agreement
خوشحالی,4.57,no_two_source_semantic_agreement
دلائل,4.57,no_two_source_semantic_agreement
روکا,4.57,no_two_source_semantic_agreement
رکھو,4.57,no_two_source_semantic_agreement
سنتے,4.57,no_two_source_semantic_agreement
سچے,4.57,no_two_source_semantic_agreement
ظاہری,4.57,no_two_source_semantic_agreement
عصر,4.57,no_two_source_semantic_agreement
مساجد,4.57,no_two_source_semantic_agreement
مظالم,4.57,no_two_source_semantic_agreement
مظفر,4.57,no_two_source_semantic_agreement
معاون,4.57,no_two_source_semantic_agreement
مواقع,4.57,no_two_source_semantic_agreement
میجر,4.57,no_two_source_semantic_agreement
نبوی,4.57,no_two_source_semantic_agreement
پبلک,4.57,no_two_source_semantic_agreement
پھیلا,4.57,no_two_source_semantic_agreement
ڈسٹرکٹ,4.57,no_two_source_semantic_agreement
ک,4.57,no_two_source_semantic_agreement
کوڈ,4.57,no_two_source_semantic_agreement
گویا,4.57,no_two_source_semantic_agreement
ہتھیاروں,4.57,raw_grammatical_metadata_only
ہیڈ,4.57,no_two_source_semantic_agreement
ابوبکر,4.56,no_two_source_semantic_agreement
باجوہ,4.56,no_two_source_semantic_agreement
بروز,4.56,no_two_source_semantic_agreement
حادثے,4.56,no_two_source_semantic_agreement
دریائے,4.56,no_two_source_semantic_agreement
سینے,4.56,no_two_source_semantic_agreement
شراکت,4.56,no_two_source_semantic_agreement
شیئر,4.56,no_two_source_semantic_agreement
صفحات,4.56,raw_grammatical_metadata_only
فاصلے,4.56,no_two_source_semantic_agreement
مختار,4.56,no_two_source_semantic_agreement
مصنوعات,4.56,no_two_source_semantic_agreement
مفید,4.56,no_two_source_semantic_agreement
منایا,4.56,no_two_source_semantic_agreement
منسوب,4.56,no_two_source_semantic_agreement
چڑھ,4.56,no_two_source_semantic_agreement
ڈاکٹرز,4.56,no_two_source_semantic_agreement
الا,4.55,no_two_source_semantic_agreement
انکا,4.55,no_two_source_semantic_agreement
بالخصوص,4.55,no_two_source_semantic_agreement
جاسکے,4.55,no_two_source_semantic_agreement
حاکم,4.55,no_two_source_semantic_agreement
رجحان,4.55,no_two_source_semantic_agreement
رہنمائی,4.55,no_two_source_semantic_agreement
ریسرچ,4.55,no_two_source_semantic_agreement
سراج,4.55,no_two_source_semantic_agreement
سلم,4.55,no_two_source_semantic_agreement
سکی,4.55,no_two_source_semantic_agreement
طاقتوں,4.55,no_two_source_semantic_agreement
طریقوں,4.55,raw_grammatical_metadata_only
فری,4.55,no_two_source_semantic_agreement
فوٹو,4.55,no_two_source_semantic_agreement
متفق,4.55,agreement_without_clean_learner_fragment
مرشد,4.55,no_two_source_semantic_agreement
مندرجہ,4.55,no_two_source_semantic_agreement
مہربانی,4.55,no_two_source_semantic_agreement
نامور,4.55,no_two_source_semantic_agreement
ٹو,4.55,no_two_source_semantic_agreement
پارٹیوں,4.55,no_two_source_semantic_agreement
کوششیں,4.55,no_two_source_semantic_agreement
کیسا,4.55,no_two_source_semantic_agreement
اخراجات,4.54,no_two_source_semantic_agreement
اک,4.54,no_two_source_semantic_agreement
باندھ,4.54,no_two_source_semantic_agreement
بلدیاتی,4.54,no_two_source_semantic_agreement
جاننے,4.54,no_two_source_semantic_agreement
حمزہ,4.54,no_two_source_semantic_agreement
دوڑ,4.54,no_two_source_semantic_agreement
زخمیوں,4.54,no_two_source_semantic_agreement
سورۃ,4.54,no_two_source_semantic_agreement
سہولیات,4.54,no_two_source_semantic_agreement
سیاستدانوں,4.54,no_two_source_semantic_agreement
طبقے,4.54,no_two_source_semantic_agreement
طیارے,4.54,no_two_source_semantic_agreement
عکس,4.54,no_two_source_semantic_agreement
فیلڈ,4.54,no_two_source_semantic_agreement
مارنے,4.54,no_two_source_semantic_agreement
مذکورہ,4.54,no_two_source_semantic_agreement
مورخ,4.54,no_two_source_semantic_agreement
ندیم,4.54,no_two_source_semantic_agreement
نصب,4.54,no_two_source_semantic_agreement
نعیم,4.54,no_two_source_semantic_agreement
نوازا,4.54,no_two_source_semantic_agreement
وائٹ,4.54,no_two_source_semantic_agreement
پوزیشن,4.54,no_two_source_semantic_agreement
ڈاؤن,4.54,no_two_source_semantic_agreement
کہو,4.54,no_two_source_semantic_agreement
آجائے,4.53,no_two_source_semantic_agreement
انتظامات,4.53,no_two_source_semantic_agreement
انحصار,4.53,no_two_source_semantic_agreement
ایجوکیشن,4.53,no_two_source_semantic_agreement
تعین,4.53,no_two_source_semantic_agreement
جعفر,4.53,no_two_source_semantic_agreement
جھوٹے,4.53,no_two_source_semantic_agreement
خواہشات,4.53,no_two_source_semantic_agreement
دخل,4.53,no_two_source_semantic_agreement
رواج,4.53,no_two_source_semantic_agreement
سرفراز,4.53,no_two_source_semantic_agreement
سوچنے,4.53,no_two_source_semantic_agreement
سہ,4.53,no_two_source_semantic_agreement
صلح,4.53,no_two_source_semantic_agreement
عدل,4.53,no_two_source_semantic_agreement
غصے,4.53,no_two_source_semantic_agreement
غلامی,4.53,no_two_source_semantic_agreement
فیصلوں,4.53,raw_grammatical_metadata_only
قائداعظم,4.53,no_two_source_semantic_agreement
لگانا,4.53,no_two_source_semantic_agreement
ماتحت,4.53,no_two_source_semantic_agreement
مظہر,4.53,no_two_source_semantic_agreement
معاویہ,4.53,no_two_source_semantic_agreement
موڑ,4.53,no_two_source_semantic_agreement
نشستوں,4.53,no_two_source_semantic_agreement
نظروں,4.53,no_two_source_semantic_agreement
ٹائمز,4.53,no_two_source_semantic_agreement
پارلیمان,4.53,no_two_source_semantic_agreement
گرنے,4.53,no_two_source_semantic_agreement
ہےکہ,4.53,no_two_source_semantic_agreement
آمین,4.52,no_two_source_semantic_agreement
اعوان,4.52,no_two_source_semantic_agreement
افزائی,4.52,no_two_source_semantic_agreement
بتائے,4.52,raw_grammatical_metadata_only
بقول,4.52,no_two_source_semantic_agreement
جاکر,4.52,no_two_source_semantic_agreement
جمعیت,4.52,no_two_source_semantic_agreement
جگہوں,4.52,no_two_source_semantic_agreement
دھوکہ,4.52,no_two_source_semantic_agreement
رابطے,4.52,raw_grammatical_metadata_only
رے,4.52,no_two_source_semantic_agreement
سافٹ,4.52,no_two_source_semantic_agreement
صارفین,4.52,no_two_source_semantic_agreement
صف,4.52,agreement_without_clean_learner_fragment
ضروریات,4.52,no_two_source_semantic_agreement
مالیاتی,4.52,no_two_source_semantic_agreement
مقدمات,4.52,no_two_source_semantic_agreement
ٹیکساس,4.52,no_two_source_semantic_agreement
پانچویں,4.52,no_two_source_semantic_agreement
چاہا,4.52,no_two_source_semantic_agreement
چھپا,4.52,no_two_source_semantic_agreement
کروائی,4.52,no_two_source_semantic_agreement
کوچ,4.52,no_two_source_semantic_agreement
کیسی,4.52,no_two_source_semantic_agreement
گزرے,4.52,no_two_source_semantic_agreement
ہا,4.52,no_two_source_semantic_agreement
ہاکی,4.52,no_two_source_semantic_agreement
یکساں,4.52,no_two_source_semantic_agreement
ابلاغ,4.51,no_two_source_semantic_agreement
اسکولوں,4.51,no_two_source_semantic_agreement
اعجاز,4.51,no_two_source_semantic_agreement
الاسلام,4.51,no_two_source_semantic_agreement
بڑھانے,4.51,no_two_source_semantic_agreement
بھرے,4.51,no_two_source_semantic_agreement
بھیجنے,4.51,no_two_source_semantic_agreement
تجربات,4.51,no_two_source_semantic_agreement
جمیل,4.51,no_two_source_semantic_agreement
حفظ,4.51,no_two_source_semantic_agreement
حمید,4.51,no_two_source_semantic_agreement
خیز,4.51,no_two_source_semantic_agreement
رسالت,4.51,no_two_source_semantic_agreement
سینئر,4.51,no_two_source_semantic_agreement
سینکڑوں,4.51,no_two_source_semantic_agreement
شعبوں,4.51,no_two_source_semantic_agreement
ضرب,4.51,no_two_source_semantic_agreement
فوت,4.51,no_two_source_semantic_agreement
قیمتوں,4.51,no_two_source_semantic_agreement
لوک,4.51,no_two_source_semantic_agreement
لیگی,4.51,no_two_source_semantic_agreement
مرحلے,4.51,no_two_source_semantic_agreement
منانے,4.51,no_two_source_semantic_agreement
منسٹر,4.51,no_two_source_semantic_agreement
میک,4.51,no_two_source_semantic_agreement
نظریاتی,4.51,no_two_source_semantic_agreement
پھیلانے,4.51,no_two_source_semantic_agreement
پہنچایا,4.51,no_two_source_semantic_agreement
چھوڑا,4.51,no_two_source_semantic_agreement
کھیلوں,4.51,no_two_source_semantic_agreement
ہاشمی,4.51,no_two_source_semantic_agreement
ہسپتالوں,4.51,no_two_source_semantic_agreement
یونٹ,4.51,no_two_source_semantic_agreement
استفادہ,4.50,no_two_source_semantic_agreement
انگیز,4.50,no_two_source_semantic_agreement
بتاتے,4.50,no_two_source_semantic_agreement
بدلنے,4.50,no_two_source_semantic_agreement
بشمول,4.50,no_two_source_semantic_agreement
بننا,4.50,no_two_source_semantic_agreement
بھرا,4.50,no_two_source_semantic_agreement
تاجر,4.50,no_two_source_semantic_agreement
تھام,4.50,no_two_source_semantic_agreement
جاؤں,4.50,no_two_source_semantic_agreement
خالص,4.50,no_two_source_semantic_agreement
خاندانوں,4.50,raw_grammatical_metadata_only
خاندانی,4.50,no_two_source_semantic_agreement
خطوط,4.50,no_two_source_semantic_agreement
راوی,4.50,no_two_source_semantic_agreement
زیب,4.50,no_two_source_semantic_agreement
زید,4.50,no_two_source_semantic_agreement
سعادت,4.50,no_two_source_semantic_agreement
سنائی,4.50,no_two_source_semantic_agreement
سپورٹ,4.50,no_two_source_semantic_agreement
صلاحیتوں,4.50,raw_grammatical_metadata_only
طبقات,4.50,no_two_source_semantic_agreement
غنی,4.50,no_two_source_semantic_agreement
لسٹ,4.50,no_two_source_semantic_agreement
لمحے,4.50,no_two_source_semantic_agreement
کرینگے,4.50,no_two_source_semantic_agreement
گروہوں,4.50,no_two_source_semantic_agreement
ھو,4.50,no_two_source_semantic_agreement
آرڈر,4.49,no_two_source_semantic_agreement
اسلم,4.49,no_two_source_semantic_agreement
اصولوں,4.49,no_two_source_semantic_agreement
ایٹمی,4.49,no_two_source_semantic_agreement
خزانے,4.49,no_two_source_semantic_agreement
خیبرپختونخوا,4.49,no_two_source_semantic_agreement
رحمۃ,4.49,no_two_source_semantic_agreement
شہزاد,4.49,no_two_source_semantic_agreement
فقط,4.49,no_two_source_semantic_agreement
لائی,4.49,no_two_source_semantic_agreement
لگائیں,4.49,no_two_source_semantic_agreement
معین,4.49,no_two_source_semantic_agreement
منصور,4.49,no_two_source_semantic_agreement
میزائل,4.49,no_two_source_semantic_agreement
نااہل,4.49,no_two_source_semantic_agreement
واسطے,4.49,no_two_source_semantic_agreement
گہری,4.49,no_two_source_semantic_agreement
ہمدردی,4.49,no_two_source_semantic_agreement
اختلافات,4.48,no_two_source_semantic_agreement
الحسن,4.48,no_two_source_semantic_agreement
امجد,4.48,no_two_source_semantic_agreement
اوور,4.48,no_two_source_semantic_agreement
بحری,4.48,no_two_source_semantic_agreement
بحیثیت,4.48,no_two_source_semantic_agreement
بلایا,4.48,no_two_source_semantic_agreement
بلندی,4.48,no_two_source_semantic_agreement
بچنے,4.48,no_two_source_semantic_agreement
بیٹھی,4.48,no_two_source_semantic_agreement
تحقیقی,4.48,no_two_source_semantic_agreement
تقریبات,4.48,no_two_source_semantic_agreement
جبر,4.48,no_two_source_semantic_agreement
جوانوں,4.48,no_two_source_semantic_agreement
دوچار,4.48,no_two_source_semantic_agreement
دھرنا,4.48,no_two_source_semantic_agreement
زبیر,4.48,no_two_source_semantic_agreement
سپیکر,4.48,no_two_source_semantic_agreement
شرعی,4.48,no_two_source_semantic_agreement
علما,4.48,no_two_source_semantic_agreement
قرارداد,4.48,no_two_source_semantic_agreement
لبیک,4.48,no_two_source_semantic_agreement
لفظوں,4.48,no_two_source_semantic_agreement
لیس,4.48,no_two_source_semantic_agreement
مثالیں,4.48,no_two_source_semantic_agreement
مرکوز,4.48,no_two_source_semantic_agreement
ملتوی,4.48,no_two_source_semantic_agreement
مہینوں,4.48,no_two_source_semantic_agreement
ٹوئٹر,4.48,no_two_source_semantic_agreement
چوتھے,4.48,no_two_source_semantic_agreement
کرائی,4.48,no_two_source_semantic_agreement
ھیں,4.48,no_two_source_semantic_agreement
ہورہے,4.48,no_two_source_semantic_agreement
ہوسکتی,4.48,no_two_source_semantic_agreement
یکجہتی,4.48,no_two_source_semantic_agreement
ارشد,4.47,no_two_source_semantic_agreement
انجن,4.47,no_two_source_semantic_agreement
انصاری,4.47,no_two_source_semantic_agreement
اکٹھے,4.47,no_two_source_semantic_agreement
بنیں,4.47,no_two_source_semantic_agreement
تفتیش,4.47,no_two_source_semantic_agreement
تفصیلی,4.47,no_two_source_semantic_agreement
تیرا,4.47,no_two_source_semantic_agreement
حتمی,4.47,no_two_source_semantic_agreement
را,4.47,no_two_source_semantic_agreement
راؤ,4.47,no_two_source_semantic_agreement
رائج,4.47,no_two_source_semantic_agreement
راشد,4.47,no_two_source_semantic_agreement
سزائے,4.47,no_two_source_semantic_agreement
سنہ,4.47,no_two_source_semantic_agreement
سچی,4.47,no_two_source_semantic_agreement
عرفان,4.47,no_two_source_semantic_agreement
علوی,4.47,no_two_source_semantic_agreement
قربانیاں,4.47,no_two_source_semantic_agreement
لائق,4.47,no_two_source_semantic_agreement
لطیف,4.47,no_two_source_semantic_agreement
لنک,4.47,no_two_source_semantic_agreement
مراحل,4.47,no_two_source_semantic_agreement
مریضوں,4.47,no_two_source_semantic_agreement
مصنوعی,4.47,no_two_source_semantic_agreement
نقوی,4.47,no_two_source_semantic_agreement
نمائندہ,4.47,no_two_source_semantic_agreement
وائی,4.47,no_two_source_semantic_agreement
ووٹوں,4.47,no_two_source_semantic_agreement
پارلیمانی,4.47,no_two_source_semantic_agreement
چلائی,4.47,no_two_source_semantic_agreement
چلتی,4.47,no_two_source_semantic_agreement
چھین,4.47,no_two_source_semantic_agreement
کرپٹ,4.47,no_two_source_semantic_agreement
کہانیاں,4.47,raw_grammatical_metadata_only
گراؤنڈ,4.47,no_two_source_semantic_agreement
گری,4.47,no_two_source_semantic_agreement
ہزارہ,4.47,no_two_source_semantic_agreement
۵,4.47,agreement_without_clean_learner_fragment
استحصال,4.46,no_two_source_semantic_agreement
اسکو,4.46,no_two_source_semantic_agreement
اضافے,4.46,no_two_source_semantic_agreement
افسانے,4.46,no_two_source_semantic_agreement
انگریزوں,4.46,no_two_source_semantic_agreement
اڈے,4.46,no_two_source_semantic_agreement
اینٹی,4.46,no_two_source_semantic_agreement
بزنس,4.46,no_two_source_semantic_agreement
بسر,4.46,no_two_source_semantic_agreement
بنو,4.46,no_two_source_semantic_agreement
بھیجے,4.46,no_two_source_semantic_agreement
حساس,4.46,no_two_source_semantic_agreement
زمینی,4.46,no_two_source_semantic_agreement
سہی,4.46,no_two_source_semantic_agreement
ش,4.46,no_two_source_semantic_agreement
شہبازشریف,4.46,no_two_source_semantic_agreement
صوفی,4.46,no_two_source_semantic_agreement
غریبوں,4.46,no_two_source_semantic_agreement
فلمیں,4.46,raw_grammatical_metadata_only
فیڈریشن,4.46,no_two_source_semantic_agreement
نذر,4.46,agreement_without_clean_learner_fragment
واٹر,4.46,no_two_source_semantic_agreement
ویئر,4.46,no_two_source_semantic_agreement
پائیں,4.46,no_two_source_semantic_agreement
پاناما,4.46,no_two_source_semantic_agreement
پڑھتے,4.46,raw_grammatical_metadata_only
پہن,4.46,no_two_source_semantic_agreement
کارروائیوں,4.46,no_two_source_semantic_agreement
کمرے,4.46,no_two_source_semantic_agreement
کٹ,4.46,no_two_source_semantic_agreement
گرین,4.46,no_two_source_semantic_agreement
گمان,4.46,no_two_source_semantic_agreement
ہلاکتوں,4.46,no_two_source_semantic_agreement
ہوسکتے,4.46,no_two_source_semantic_agreement
یعقوب,4.46,no_two_source_semantic_agreement
اسباب,4.45,no_two_source_semantic_agreement
ایکس,4.45,no_two_source_semantic_agreement
خصوصیت,4.45,no_two_source_semantic_agreement
زد,4.45,no_two_source_semantic_agreement
زینب,4.45,no_two_source_semantic_agreement
سروے,4.45,no_two_source_semantic_agreement
شمسی,4.45,no_two_source_semantic_agreement
صدقہ,4.45,no_two_source_semantic_agreement
عن,4.45,no_two_source_semantic_agreement
فاضل,4.45,no_two_source_semantic_agreement
فہمی,4.45,no_two_source_semantic_agreement
قرضے,4.45,no_two_source_semantic_agreement
قیاس,4.45,no_two_source_semantic_agreement
قیدیوں,4.45,no_two_source_semantic_agreement
لوگو,4.45,no_two_source_semantic_agreement
لیکس,4.45,no_two_source_semantic_agreement
مشیر,4.45,no_two_source_semantic_agreement
معمول,4.45,no_two_source_semantic_agreement
مقابل,4.45,no_two_source_semantic_agreement
موصوف,4.45,no_two_source_semantic_agreement
نفسیاتی,4.45,no_two_source_semantic_agreement
ورکرز,4.45,no_two_source_semantic_agreement
پھینک,4.45,no_two_source_semantic_agreement
کالونی,4.45,no_two_source_semantic_agreement
کیسز,4.45,no_two_source_semantic_agreement
گزرنے,4.45,no_two_source_semantic_agreement
گولیاں,4.45,no_two_source_semantic_agreement
گیٹ,4.45,no_two_source_semantic_agreement
ہوچکا,4.45,no_two_source_semantic_agreement
اظہر,4.44,no_two_source_semantic_agreement
انسٹی,4.44,no_two_source_semantic_agreement
اٹھاتے,4.44,no_two_source_semantic_agreement
اٹھے,4.44,no_two_source_semantic_agreement
بنوں,4.44,no_two_source_semantic_agreement
بولتے,4.44,raw_grammatical_metadata_only
بڑھے,4.44,no_two_source_semantic_agreement
تحفظات,4.44,no_two_source_semantic_agreement
تصادم,4.44,no_two_source_semantic_agreement
جنھوں,4.44,no_two_source_semantic_agreement
دہائیوں,4.44,no_two_source_semantic_agreement
دیجئے,4.44,no_two_source_semantic_agreement
ذمے,4.44,no_two_source_semantic_agreement
راس,4.44,no_two_source_semantic_agreement
ز,4.44,no_two_source_semantic_agreement
زاہد,4.44,no_two_source_semantic_agreement
زبانی,4.44,no_two_source_semantic_agreement
سرے,4.44,no_two_source_semantic_agreement
سیمی,4.44,no_two_source_semantic_agreement
عبور,4.44,no_two_source_semantic_agreement
عصمت,4.44,no_two_source_semantic_agreement
فاؤنڈیشن,4.44,no_two_source_semantic_agreement
فوائد,4.44,no_two_source_semantic_agreement
قریش,4.44,no_two_source_semantic_agreement
لوں,4.44,no_two_source_semantic_agreement
لہجے,4.44,no_two_source_semantic_agreement
مرحلہ,4.44,no_two_source_semantic_agreement
مقابلوں,4.44,no_two_source_semantic_agreement
منتقلی,4.44,no_two_source_semantic_agreement
نگاری,4.44,no_two_source_semantic_agreement
ورزی,4.44,no_two_source_semantic_agreement
وسط,4.44,no_two_source_semantic_agreement
ٹیمیں,4.44,no_two_source_semantic_agreement
پچھلی,4.44,no_two_source_semantic_agreement
پہاڑوں,4.44,raw_grammatical_metadata_only
پیارے,4.44,no_two_source_semantic_agreement
کالے,4.44,no_two_source_semantic_agreement
کلک,4.44,no_two_source_semantic_agreement
ہوچکے,4.44,no_two_source_semantic_agreement
ائیر,4.43,no_two_source_semantic_agreement
ارد,4.43,no_two_source_semantic_agreement
اللہصلی,0.00,no_two_source_semantic_agreement
انشاء,4.43,no_two_source_semantic_agreement
اٹلی,4.43,no_two_source_semantic_agreement
اکیڈمی,4.43,no_two_source_semantic_agreement
بکر,4.43,no_two_source_semantic_agreement
بیٹوں,4.43,no_two_source_semantic_agreement
تعصب,4.43,no_two_source_semantic_agreement
خبروں,4.43,no_two_source_semantic_agreement
دائر,4.43,no_two_source_semantic_agreement
دفاتر,4.43,no_two_source_semantic_agreement
فائر,4.43,no_two_source_semantic_agreement
فطری,4.43,no_two_source_semantic_agreement
فلمی,4.43,no_two_source_semantic_agreement
للہ,4.43,no_two_source_semantic_agreement
لمبے,4.43,no_two_source_semantic_agreement
لکھیں,4.43,raw_grammatical_metadata_only
متعین,4.43,no_two_source_semantic_agreement
محتاج,4.43,no_two_source_semantic_agreement
نااہلی,4.43,no_two_source_semantic_agreement
نامے,4.43,no_two_source_semantic_agreement
نون,4.43,no_two_source_semantic_agreement
ورانہ,4.43,no_two_source_semantic_agreement
چلو,4.43,no_two_source_semantic_agreement
کورونا,4.43,no_two_source_semantic_agreement
کیجیے,4.43,no_two_source_semantic_agreement
گامزن,4.43,no_two_source_semantic_agreement
گرا,4.43,no_two_source_semantic_agreement
گھوڑے,4.43,no_two_source_semantic_agreement
ہوے,4.43,no_two_source_semantic_agreement
انڈسٹری,4.42,no_two_source_semantic_agreement
اوسط,4.42,no_two_source_semantic_agreement
ایکسپریس,4.42,no_two_source_semantic_agreement
برگ,4.42,no_two_source_semantic_agreement
خور,4.42,no_two_source_semantic_agreement
خٹک,4.42,no_two_source_semantic_agreement
درانی,4.42,no_two_source_semantic_agreement
رحمتہ,4.42,no_two_source_semantic_agreement
زمان,4.42,no_two_source_semantic_agreement
سکریٹری,4.42,no_two_source_semantic_agreement
سہیل,4.42,no_two_source_semantic_agreement
شعری,4.42,no_two_source_semantic_agreement
شوگر,4.42,no_two_source_semantic_agreement
فقیر,4.42,no_two_source_semantic_agreement
قادر,4.42,no_two_source_semantic_agreement
قادیانی,4.42,no_two_source_semantic_agreement
موثر,4.42,no_two_source_semantic_agreement
نسلوں,4.42,no_two_source_semantic_agreement
ٹکڑے,4.42,no_two_source_semantic_agreement
پکڑا,4.42,no_two_source_semantic_agreement
پیچیدہ,4.42,no_two_source_semantic_agreement
چلیں,4.42,no_two_source_semantic_agreement
ڈرائیور,4.42,no_two_source_semantic_agreement
کلچر,4.42,no_two_source_semantic_agreement
اتھارٹی,4.41,no_two_source_semantic_agreement
اسٹیبلشمنٹ,4.41,no_two_source_semantic_agreement
انٹر,4.41,no_two_source_semantic_agreement
اوپن,4.41,no_two_source_semantic_agreement
ایئرپورٹ,4.41,no_two_source_semantic_agreement
بائیکاٹ,4.41,no_two_source_semantic_agreement
باشندوں,4.41,no_two_source_semantic_agreement
بدقسمتی,4.41,no_two_source_semantic_agreement
بھال,4.41,no_two_source_semantic_agreement
حنیف,4.41,no_two_source_semantic_agreement
شرف,4.41,no_two_source_semantic_agreement
صاحبہ,4.41,no_two_source_semantic_agreement
غلبہ,4.41,no_two_source_semantic_agreement
فلاح,4.41,no_two_source_semantic_agreement
قرآنی,4.41,no_two_source_semantic_agreement
لڑکیاں,4.41,raw_grammatical_metadata_only
مانگی,4.41,no_two_source_semantic_agreement
متفقہ,4.41,no_two_source_semantic_agreement
مسلک,4.41,no_two_source_semantic_agreement
مسٹر,4.41,no_two_source_semantic_agreement
ملٹری,4.41,no_two_source_semantic_agreement
میئر,4.41,no_two_source_semantic_agreement
نذیر,4.41,no_two_source_semantic_agreement
نزول,4.41,no_two_source_semantic_agreement
نقش,4.41,no_two_source_semantic_agreement
ولادت,4.41,no_two_source_semantic_agreement
چارہ,4.41,no_two_source_semantic_agreement
چینلز,4.41,no_two_source_semantic_agreement
کامران,4.41,no_two_source_semantic_agreement
کسانوں,4.41,no_two_source_semantic_agreement
کمپنیاں,4.41,no_two_source_semantic_agreement
کیاگیا,4.41,no_two_source_semantic_agreement
کیریئر,4.41,no_two_source_semantic_agreement
ہمہ,4.41,no_two_source_semantic_agreement
آؤ,4.40,no_two_source_semantic_agreement
آرٹیکل,4.40,no_two_source_semantic_agreement
الحال,4.40,no_two_source_semantic_agreement
اڑا,4.40,no_two_source_semantic_agreement
بائی,4.40,no_two_source_semantic_agreement
بھلائی,4.40,no_two_source_semantic_agreement
تصنیف,4.40,no_two_source_semantic_agreement
جانیں,4.40,no_two_source_semantic_agreement
جدہ,4.40,no_two_source_semantic_agreement
دئے,4.40,no_two_source_semantic_agreement
دھماکوں,4.40,no_two_source_semantic_agreement
دیہی,4.40,no_two_source_semantic_agreement
ردعمل,4.40,no_two_source_semantic_agreement
ریل,4.40,no_two_source_semantic_agreement
سجاد,4.40,no_two_source_semantic_agreement
سختی,4.40,no_two_source_semantic_agreement
سرگرمیاں,4.40,no_two_source_semantic_agreement
عاصم,4.40,no_two_source_semantic_agreement
متن,4.40,no_two_source_semantic_agreement
مخلص,4.40,no_two_source_semantic_agreement
مشتاق,4.40,no_two_source_semantic_agreement
معنوں,4.40,no_two_source_semantic_agreement
موصول,4.40,no_two_source_semantic_agreement
نیازی,4.40,no_two_source_semantic_agreement
وائس,4.40,no_two_source_semantic_agreement
وصال,4.40,no_two_source_semantic_agreement
ٹیوٹ,4.40,no_two_source_semantic_agreement
ڈیوڈ,4.40,no_two_source_semantic_agreement
کاپٹر,4.40,no_two_source_semantic_agreement
گوگل,4.40,no_two_source_semantic_agreement
ہوگئیں,4.40,no_two_source_semantic_agreement
آرٹ,4.39,no_two_source_semantic_agreement
آوازیں,4.39,no_two_source_semantic_agreement
احکامات,4.39,no_two_source_semantic_agreement
افکار,4.39,no_two_source_semantic_agreement
اقدار,4.39,no_two_source_semantic_agreement
انگلش,4.39,no_two_source_semantic_agreement
ایمرجنسی,4.39,no_two_source_semantic_agreement
باکس,4.39,no_two_source_semantic_agreement
بزرگوں,4.39,no_two_source_semantic_agreement
بڑھنے,4.39,no_two_source_semantic_agreement
تبدیلیاں,4.39,no_two_source_semantic_agreement
تناسب,4.39,no_two_source_semantic_agreement
جیو,4.39,no_two_source_semantic_agreement
حارث,4.39,no_two_source_semantic_agreement
دانشور,4.39,no_two_source_semantic_agreement
دکھائے,4.39,raw_grammatical_metadata_only
راحیل,4.39,no_two_source_semantic_agreement
ریڈ,4.39,no_two_source_semantic_agreement
سنبھال,4.39,no_two_source_semantic_agreement
سیشن,4.39,no_two_source_semantic_agreement
عہدوں,4.39,no_two_source_semantic_agreement
فیشن,4.39,no_two_source_semantic_agreement
قبلہ,4.39,no_two_source_semantic_agreement
لیٹر,4.39,no_two_source_semantic_agreement
مغفرت,4.39,no_two_source_semantic_agreement
موومنٹ,4.39,no_two_source_semantic_agreement
نظیر,4.39,no_two_source_semantic_agreement
نکلتا,4.39,no_two_source_semantic_agreement
ٹارگٹ,4.39,no_two_source_semantic_agreement
پاشا,4.39,no_two_source_semantic_agreement
پراجیکٹ,4.39,no_two_source_semantic_agreement
پٹرول,4.39,no_two_source_semantic_agreement
ڈرون,4.39,no_two_source_semantic_agreement
کورس,4.39,no_two_source_semantic_agreement
کھیلے,4.39,no_two_source_semantic_agreement
ہدایات,4.39,no_two_source_semantic_agreement
ہوم,4.39,no_two_source_semantic_agreement
آدھی,4.38,no_two_source_semantic_agreement
اداکاری,4.38,no_two_source_semantic_agreement
اٹھائیں,4.38,no_two_source_semantic_agreement
اکاؤنٹس,4.38,no_two_source_semantic_agreement
ایجنڈے,4.38,no_two_source_semantic_agreement
باضابطہ,4.38,no_two_source_semantic_agreement
بقیہ,4.38,no_two_source_semantic_agreement
بناتا,4.38,no_two_source_semantic_agreement
جرنیل,4.38,no_two_source_semantic_agreement
جنھیں,4.38,no_two_source_semantic_agreement
حجم,4.38,no_two_source_semantic_agreement
ضلعی,4.38,no_two_source_semantic_agreement
عوامل,4.38,no_two_source_semantic_agreement
غیرملکی,4.38,no_two_source_semantic_agreement
فار,4.38,no_two_source_semantic_agreement
فسادات,4.38,no_two_source_semantic_agreement
قبائل,4.38,no_two_source_semantic_agreement
قیدی,4.38,no_two_source_semantic_agreement
لمیٹڈ,4.38,no_two_source_semantic_agreement
ٹیموں,4.38,no_two_source_semantic_agreement
پڑیں,4.38,no_two_source_semantic_agreement
چھپ,4.38,no_two_source_semantic_agreement
کرسکے,4.38,no_two_source_semantic_agreement
کھایا,4.38,no_two_source_semantic_agreement
گروپوں,4.38,no_two_source_semantic_agreement
ہلکی,4.38,no_two_source_semantic_agreement
ہندوؤں,4.38,no_two_source_semantic_agreement
اسٹار,4.37,no_two_source_semantic_agreement
اموات,4.37,no_two_source_semantic_agreement
انتشار,4.37,no_two_source_semantic_agreement
انڈیز,4.37,no_two_source_semantic_agreement
اونچی,4.37,no_two_source_semantic_agreement
ایڈیٹر,4.37,no_two_source_semantic_agreement
بیلٹ,4.37,no_two_source_semantic_agreement
جایا,4.37,no_two_source_semantic_agreement
خوشگوار,4.37,no_two_source_semantic_agreement
دھو,4.37,no_two_source_semantic_agreement
رجب,4.37,no_two_source_semantic_agreement
رحمہ,4.37,no_two_source_semantic_agreement
روابط,4.37,no_two_source_semantic_agreement
سوچتے,4.37,no_two_source_semantic_agreement
شہداء,4.37,no_two_source_semantic_agreement
طلباء,4.37,no_two_source_semantic_agreement
طول,4.37,no_two_source_semantic_agreement
عادل,4.37,no_two_source_semantic_agreement
عامہ,4.37,no_two_source_semantic_agreement
فاتحہ,4.37,no_two_source_semantic_agreement
فرنٹ,4.37,no_two_source_semantic_agreement
قدمی,4.37,no_two_source_semantic_agreement
لانڈرنگ,4.37,no_two_source_semantic_agreement
لڑکوں,4.37,no_two_source_semantic_agreement
مائل,4.37,no_two_source_semantic_agreement
مجاہد,4.37,no_two_source_semantic_agreement
محلے,4.37,no_two_source_semantic_agreement
مقدر,4.37,no_two_source_semantic_agreement
مقدمے,4.37,no_two_source_semantic_agreement
وا,4.37,no_two_source_semantic_agreement
پرنسپل,4.37,no_two_source_semantic_agreement
پڑتے,4.37,no_two_source_semantic_agreement
چاہئیں,4.37,no_two_source_semantic_agreement
ڈان,4.37,no_two_source_semantic_agreement
کیوایم,4.37,no_two_source_semantic_agreement
گنجائش,4.37,no_two_source_semantic_agreement
ہنر,4.37,no_two_source_semantic_agreement
ہوجاتے,4.37,no_two_source_semantic_agreement
آبائی,4.36,no_two_source_semantic_agreement
اسٹاک,4.36,no_two_source_semantic_agreement
اشارے,4.36,no_two_source_semantic_agreement
اطلاق,4.36,no_two_source_semantic_agreement
انوار,4.36,no_two_source_semantic_agreement
اہلسنت,4.36,no_two_source_semantic_agreement
بارگاہ,4.36,no_two_source_semantic_agreement
بتائی,4.36,no_two_source_semantic_agreement
برپا,4.36,no_two_source_semantic_agreement
بناکر,4.36,no_two_source_semantic_agreement
بڑھتے,4.36,no_two_source_semantic_agreement
تنازعات,4.36,no_two_source_semantic_agreement
جانتی,4.36,no_two_source_semantic_agreement
جذبے,4.36,no_two_source_semantic_agreement
حالی,4.36,no_two_source_semantic_agreement
خلیل,4.36,no_two_source_semantic_agreement
خوشخبری,4.36,no_two_source_semantic_agreement
دہشتگردوں,4.36,no_two_source_semantic_agreement
راتوں,4.36,no_two_source_semantic_agreement
رحمان,4.36,no_two_source_semantic_agreement
ستار,4.36,no_two_source_semantic_agreement
سرپرستی,4.36,no_two_source_semantic_agreement
سرچ,4.36,no_two_source_semantic_agreement
سمجھیں,4.36,no_two_source_semantic_agreement
سکولوں,4.36,no_two_source_semantic_agreement
سیدہ,4.36,no_two_source_semantic_agreement
صحابی,4.36,no_two_source_semantic_agreement
صفات,4.36,no_two_source_semantic_agreement
عمارتوں,4.36,no_two_source_semantic_agreement
فکری,4.36,no_two_source_semantic_agreement
قوتوں,4.36,no_two_source_semantic_agreement
قوموں,4.36,no_two_source_semantic_agreement
لاشیں,4.36,no_two_source_semantic_agreement
لواحقین,4.36,no_two_source_semantic_agreement
مانی,4.36,no_two_source_semantic_agreement
مجاہدین,4.36,no_two_source_semantic_agreement
مربوط,4.36,no_two_source_semantic_agreement
مس,4.36,no_two_source_semantic_agreement
مطلوب,4.36,no_two_source_semantic_agreement
نقصانات,4.36,no_two_source_semantic_agreement
پلے,4.36,no_two_source_semantic_agreement
پیشکش,4.36,no_two_source_semantic_agreement
کارپوریشن,4.36,no_two_source_semantic_agreement
کھینچ,4.36,no_two_source_semantic_agreement
گاڑیاں,4.36,no_two_source_semantic_agreement
گہرے,4.36,no_two_source_semantic_agreement
ہٹا,4.36,no_two_source_semantic_agreement
یوتھ,4.36,no_two_source_semantic_agreement
آئینہ,4.35,no_two_source_semantic_agreement
آنحضرت,4.35,no_two_source_semantic_agreement
اسلئے,4.35,no_two_source_semantic_agreement
انکوائری,4.35,no_two_source_semantic_agreement
بتاتا,4.35,no_two_source_semantic_agreement
بذریعہ,4.35,no_two_source_semantic_agreement
بینکوں,4.35,no_two_source_semantic_agreement
تشویش,4.35,no_two_source_semantic_agreement
تقاضا,4.35,no_two_source_semantic_agreement
تقویت,4.35,no_two_source_semantic_agreement
توازن,4.35,no_two_source_semantic_agreement
تکنیکی,4.35,no_two_source_semantic_agreement
جملے,4.35,no_two_source_semantic_agreement
خریداری,4.35,no_two_source_semantic_agreement
خلوص,4.35,no_two_source_semantic_agreement
دیکر,4.35,no_two_source_semantic_agreement
ذخائر,4.35,no_two_source_semantic_agreement
رہاہے,4.35,no_two_source_semantic_agreement
طیبہ,4.35,no_two_source_semantic_agreement
علامات,4.35,no_two_source_semantic_agreement
فجر,4.35,no_two_source_semantic_agreement
قدموں,4.35,raw_grammatical_metadata_only
قیصر,4.35,no_two_source_semantic_agreement
لاء,4.35,no_two_source_semantic_agreement
لوڈشیڈنگ,4.35,no_two_source_semantic_agreement
لین,4.35,no_two_source_semantic_agreement
ماحولیاتی,4.35,no_two_source_semantic_agreement
متنازع,4.35,no_two_source_semantic_agreement
مطالعے,4.35,no_two_source_semantic_agreement
مطلق,4.35,no_two_source_semantic_agreement
مظاہرے,4.35,no_two_source_semantic_agreement
ملز,4.35,no_two_source_semantic_agreement
میرٹ,4.35,no_two_source_semantic_agreement
نشین,4.35,no_two_source_semantic_agreement
نفسیات,4.35,no_two_source_semantic_agreement
نکلی,4.35,no_two_source_semantic_agreement
پڑنے,4.35,no_two_source_semantic_agreement
چن,4.35,no_two_source_semantic_agreement
ڈوب,4.35,no_two_source_semantic_agreement
کرانا,4.35,no_two_source_semantic_agreement
کرکٹر,4.35,no_two_source_semantic_agreement
گریڈ,4.35,no_two_source_semantic_agreement
گہرائی,4.35,no_two_source_semantic_agreement
ہری,4.35,no_two_source_semantic_agreement
ہوتیں,4.35,no_two_source_semantic_agreement
آپکو,4.34,no_two_source_semantic_agreement
الحرام,4.34,no_two_source_semantic_agreement
اوباما,4.34,no_two_source_semantic_agreement
بارشوں,4.34,no_two_source_semantic_agreement
بہانے,4.34,no_two_source_semantic_agreement
بیورو,4.34,no_two_source_semantic_agreement
بیٹنگ,4.34,no_two_source_semantic_agreement
جابر,4.34,no_two_source_semantic_agreement
جارحیت,4.34,no_two_source_semantic_agreement
دیواروں,4.34,no_two_source_semantic_agreement
ریٹائرڈ,4.34,no_two_source_semantic_agreement
سرحدوں,4.34,no_two_source_semantic_agreement
سنٹر,4.34,no_two_source_semantic_agreement
شجاعت,4.34,no_two_source_semantic_agreement
طبع,4.34,no_two_source_semantic_agreement
عبدالرحمن,4.34,no_two_source_semantic_agreement
قاسمی,4.34,no_two_source_semantic_agreement
قرضوں,4.34,no_two_source_semantic_agreement
لبرل,4.34,no_two_source_semantic_agreement
محققین,4.34,no_two_source_semantic_agreement
مدنی,4.34,no_two_source_semantic_agreement
مراعات,4.34,no_two_source_semantic_agreement
مساوات,4.34,no_two_source_semantic_agreement
نظریے,4.34,no_two_source_semantic_agreement
وال,4.34,no_two_source_semantic_agreement
ٹیک,4.34,no_two_source_semantic_agreement
پودے,4.34,no_two_source_semantic_agreement
چانسلر,4.34,no_two_source_semantic_agreement
ڈرتے,4.34,no_two_source_semantic_agreement
ڈیل,4.34,no_two_source_semantic_agreement
کراس,4.34,no_two_source_semantic_agreement
کفار,4.34,no_two_source_semantic_agreement
گ,4.34,no_two_source_semantic_agreement
گالیاں,4.34,no_two_source_semantic_agreement
گنج,4.34,no_two_source_semantic_agreement
ہنسی,4.34,no_two_source_semantic_agreement
ہوتاہے,4.34,no_two_source_semantic_agreement
آسمانوں,4.33,no_two_source_semantic_agreement
االلہ,0.00,no_two_source_semantic_agreement
احد,4.33,no_two_source_semantic_agreement
اسم,4.33,no_two_source_semantic_agreement
ال,4.33,no_two_source_semantic_agreement
الٹ,4.33,no_two_source_semantic_agreement
اندھیرے,4.33,no_two_source_semantic_agreement
انس,4.33,no_two_source_semantic_agreement
ایگزیکٹو,4.33,no_two_source_semantic_agreement
بردار,4.33,no_two_source_semantic_agreement
برداری,4.33,no_two_source_semantic_agreement
بلدیہ,4.33,no_two_source_semantic_agreement
بنیادوں,4.33,no_two_source_semantic_agreement
بہا,4.33,no_two_source_semantic_agreement
تنازعہ,4.33,no_two_source_semantic_agreement
جنگلات,4.33,no_two_source_semantic_agreement
حروف,4.33,no_two_source_semantic_agreement
خانوں,4.33,no_two_source_semantic_agreement
دبا,4.33,no_two_source_semantic_agreement
درجنوں,4.33,no_two_source_semantic_agreement
رول,4.33,no_two_source_semantic_agreement
سیدھی,4.33,no_two_source_semantic_agreement
سینٹرل,4.33,no_two_source_semantic_agreement
فاتح,4.33,no_two_source_semantic_agreement
فاروقی,4.33,no_two_source_semantic_agreement
فتوی,4.33,no_two_source_semantic_agreement
فنی,4.33,no_two_source_semantic_agreement
قبیلے,4.33,no_two_source_semantic_agreement
قربانیوں,4.33,no_two_source_semantic_agreement
مانیٹرنگ,4.33,no_two_source_semantic_agreement
متنازعہ,4.33,no_two_source_semantic_agreement
مجبوری,4.33,no_two_source_semantic_agreement
محدث,4.33,no_two_source_semantic_agreement
مسند,4.33,no_two_source_semantic_agreement
مناسبت,4.33,no_two_source_semantic_agreement
نمونے,4.33,no_two_source_semantic_agreement
نکلتے,4.33,no_two_source_semantic_agreement
وحی,4.33,no_two_source_semantic_agreement
پاتے,4.33,no_two_source_semantic_agreement
پرہیز,4.33,no_two_source_semantic_agreement
پلٹ,4.33,no_two_source_semantic_agreement
پورہ,4.33,no_two_source_semantic_agreement
پوچھے,4.33,raw_grammatical_metadata_only
پھیر,4.33,no_two_source_semantic_agreement
پیرا,4.33,no_two_source_semantic_agreement
ڈالرز,4.33,no_two_source_semantic_agreement
ڈونلڈ,4.33,no_two_source_semantic_agreement
کاسٹ,4.33,no_two_source_semantic_agreement
کڑی,4.33,no_two_source_semantic_agreement
گار,4.33,no_two_source_semantic_agreement
گرامی,4.33,no_two_source_semantic_agreement
گزرا,4.33,no_two_source_semantic_agreement
آزادانہ,4.32,no_two_source_semantic_agreement
آپکے,4.32,no_two_source_semantic_agreement
ئی,4.32,no_two_source_semantic_agreement
ائمہ,4.32,no_two_source_semantic_agreement
اترپردیش,4.32,no_two_source_semantic_agreement
اجزاء,4.32,no_two_source_semantic_agreement
اسٹاف,4.32,no_two_source_semantic_agreement
الیکٹرانک,4.32,no_two_source_semantic_agreement
انچ,4.32,no_two_source_semantic_agreement
انکو,4.32,no_two_source_semantic_agreement
بدلیں,4.32,no_two_source_semantic_agreement
برتری,4.32,no_two_source_semantic_agreement
بلال,4.32,no_two_source_semantic_agreement
بلین,4.32,no_two_source_semantic_agreement
تیاریاں,4.32,no_two_source_semantic_agreement
جوڑے,4.32,no_two_source_semantic_agreement
دائرے,4.32,no_two_source_semantic_agreement
دھماکا,4.32,no_two_source_semantic_agreement
ریحام,4.32,no_two_source_semantic_agreement
ساتویں,4.32,no_two_source_semantic_agreement
ساخت,4.32,raw_grammatical_metadata_only
سخن,4.32,no_two_source_semantic_agreement
سمجھتی,4.32,no_two_source_semantic_agreement
سمیع,4.32,no_two_source_semantic_agreement
شجاع,4.32,no_two_source_semantic_agreement
شرما,4.32,no_two_source_semantic_agreement
قونصل,4.32,no_two_source_semantic_agreement
مائی,4.32,no_two_source_semantic_agreement
محب,4.32,no_two_source_semantic_agreement
محیط,4.32,no_two_source_semantic_agreement
مد,4.32,no_two_source_semantic_agreement
مذکور,4.32,no_two_source_semantic_agreement
معزز,4.32,no_two_source_semantic_agreement
موزوں,4.32,no_two_source_semantic_agreement
میٹرک,4.32,no_two_source_semantic_agreement
نی,4.32,no_two_source_semantic_agreement
ٹویٹ,4.32,no_two_source_semantic_agreement
پرائیویٹ,4.32,no_two_source_semantic_agreement
پکڑے,4.32,no_two_source_semantic_agreement
ڈاٹ,4.32,no_two_source_semantic_agreement
کاٹنے,4.32,no_two_source_semantic_agreement
کروائے,4.32,no_two_source_semantic_agreement
کہانیوں,4.32,raw_grammatical_metadata_only
کیاہے,4.32,no_two_source_semantic_agreement
گبول,4.32,no_two_source_semantic_agreement
ہوسکے,4.32,no_two_source_semantic_agreement
ہٹانے,4.32,no_two_source_semantic_agreement
المیہ,4.31,no_two_source_semantic_agreement
اپنایا,4.31,no_two_source_semantic_agreement
ایکڑ,4.31,no_two_source_semantic_agreement
بریفنگ,4.31,no_two_source_semantic_agreement
تاجروں,4.31,no_two_source_semantic_agreement
تحریروں,4.31,no_two_source_semantic_agreement
تمھارے,4.31,no_two_source_semantic_agreement
تنظیمیں,4.31,no_two_source_semantic_agreement
تھانے,4.31,no_two_source_semantic_agreement
جرات,4.31,no_two_source_semantic_agreement
جم,4.31,no_two_source_semantic_agreement
خلاصہ,4.31,no_two_source_semantic_agreement
درہم,4.31,no_two_source_semantic_agreement
دیوبند,4.31,no_two_source_semantic_agreement
دیوی,4.31,no_two_source_semantic_agreement
ذی,4.31,no_two_source_semantic_agreement
رویے,4.31,no_two_source_semantic_agreement
سیاحوں,4.31,no_two_source_semantic_agreement
عسکریت,4.31,no_two_source_semantic_agreement
عقیدے,4.31,no_two_source_semantic_agreement
عمرو,4.31,no_two_source_semantic_agreement
عملے,4.31,no_two_source_semantic_agreement
قافلے,4.31,no_two_source_semantic_agreement
لائٹ,4.31,no_two_source_semantic_agreement
لاگو,4.31,no_two_source_semantic_agreement
لکھتا,4.31,no_two_source_semantic_agreement
متاثرین,4.31,no_two_source_semantic_agreement
مجرموں,4.31,raw_grammatical_metadata_only
مزدوروں,4.31,no_two_source_semantic_agreement
منورہ,4.31,no_two_source_semantic_agreement
منیر,4.31,no_two_source_semantic_agreement
مہنگی,4.31,no_two_source_semantic_agreement
نکالی,4.31,no_two_source_semantic_agreement
نکالے,4.31,no_two_source_semantic_agreement
پرواہ,4.31,no_two_source_semantic_agreement
پھیلی,4.31,no_two_source_semantic_agreement
چندہ,4.31,no_two_source_semantic_agreement
ڈالتے,4.31,no_two_source_semantic_agreement
کاظمی,4.31,no_two_source_semantic_agreement
کشش,4.31,no_two_source_semantic_agreement
کلنٹن,4.31,no_two_source_semantic_agreement
کونے,4.31,no_two_source_semantic_agreement
گھس,4.31,no_two_source_semantic_agreement
الحمد,4.30,no_two_source_semantic_agreement
القادری,4.30,no_two_source_semantic_agreement
انصار,4.30,no_two_source_semantic_agreement
بنچ,4.30,no_two_source_semantic_agreement
بنک,4.30,no_two_source_semantic_agreement
بڑھایا,4.30,no_two_source_semantic_agreement
بڑھتا,4.30,no_two_source_semantic_agreement
تردید,4.30,no_two_source_semantic_agreement
تفریح,4.30,no_two_source_semantic_agreement
جائیگی,4.30,no_two_source_semantic_agreement
ججوں,4.30,no_two_source_semantic_agreement
جعفری,4.30,no_two_source_semantic_agreement
رونے,4.30,no_two_source_semantic_agreement
رپورٹر,4.30,no_two_source_semantic_agreement
سڑکیں,4.30,no_two_source_semantic_agreement
سکندر,4.30,no_two_source_semantic_agreement
سکوں,4.30,no_two_source_semantic_agreement
سیکٹر,4.30,no_two_source_semantic_agreement
صاحبان,4.30,no_two_source_semantic_agreement
ضیا,4.30,no_two_source_semantic_agreement
عبارت,4.30,no_two_source_semantic_agreement
غداری,4.30,no_two_source_semantic_agreement
متاثرہ,4.30,no_two_source_semantic_agreement
مصباح,4.30,no_two_source_semantic_agreement
موسمیات,4.30,no_two_source_semantic_agreement
میزبانی,4.30,no_two_source_semantic_agreement
نریندر,4.30,no_two_source_semantic_agreement
نشاندہی,4.30,no_two_source_semantic_agreement
نیاز,4.30,no_two_source_semantic_agreement
وارانہ,4.30,no_two_source_semantic_agreement
والو,4.30,no_two_source_semantic_agreement
والہ,4.30,no_two_source_semantic_agreement
ووٹرز,4.30,no_two_source_semantic_agreement
ووٹنگ,4.30,no_two_source_semantic_agreement
ٹرافی,4.30,no_two_source_semantic_agreement
ٹوئنٹی,4.30,no_two_source_semantic_agreement
پتھروں,4.30,no_two_source_semantic_agreement
پردے,4.30,no_two_source_semantic_agreement
پلانٹ,4.30,no_two_source_semantic_agreement
پوچھنے,4.30,no_two_source_semantic_agreement
پیپر,4.30,no_two_source_semantic_agreement
چا,4.30,no_two_source_semantic_agreement
چڑھا,4.30,no_two_source_semantic_agreement
ڈاکٹروں,4.30,no_two_source_semantic_agreement
کیاجائے,4.30,no_two_source_semantic_agreement
گرے,4.30,no_two_source_semantic_agreement
گھرانے,4.30,no_two_source_semantic_agreement
آپشن,4.29,no_two_source_semantic_agreement
اثاثے,4.29,no_two_source_semantic_agreement
اسٹیج,4.29,no_two_source_semantic_agreement
اشیا,4.29,no_two_source_semantic_agreement
الشان,4.29,no_two_source_semantic_agreement
بارڈر,4.29,no_two_source_semantic_agreement
بالوں,4.29,no_two_source_semantic_agreement
بیماریوں,4.29,no_two_source_semantic_agreement
تبدیلیوں,4.29,no_two_source_semantic_agreement
تجربے,4.29,no_two_source_semantic_agreement
تخلیقی,4.29,no_two_source_semantic_agreement
تدریس,4.29,no_two_source_semantic_agreement
تلاشی,4.29,no_two_source_semantic_agreement
ثناء,4.29,no_two_source_semantic_agreement
حنفی,4.29,no_two_source_semantic_agreement
درختوں,4.29,no_two_source_semantic_agreement
دھمکیاں,4.29,no_two_source_semantic_agreement
رونما,4.29,no_two_source_semantic_agreement
ریسکیو,4.29,no_two_source_semantic_agreement
سوچتا,4.29,no_two_source_semantic_agreement
سیدھے,4.29,no_two_source_semantic_agreement
ضمن,4.29,no_two_source_semantic_agreement
فرید,4.29,no_two_source_semantic_agreement
فل,4.29,no_two_source_semantic_agreement
لاتے,4.29,no_two_source_semantic_agreement
لعل,4.29,no_two_source_semantic_agreement
مخاطب,4.29,no_two_source_semantic_agreement
نمودار,4.29,no_two_source_semantic_agreement
نکات,4.29,no_two_source_semantic_agreement
نگاروں,4.29,no_two_source_semantic_agreement
ووٹر,4.29,no_two_source_semantic_agreement
ٹرسٹ,4.29,no_two_source_semantic_agreement
پتلی,4.29,no_two_source_semantic_agreement
ڈیجیٹل,4.29,no_two_source_semantic_agreement
ڈیزل,4.29,no_two_source_semantic_agreement
کرسکتی,4.29,no_two_source_semantic_agreement
کریڈٹ,4.29,no_two_source_semantic_agreement
کوارٹر,4.29,no_two_source_semantic_agreement
کھیلتے,4.29,no_two_source_semantic_agreement
ہیلتھ,4.29,no_two_source_semantic_agreement
آئیے,4.28,no_two_source_semantic_agreement
ئے,4.28,no_two_source_semantic_agreement
اتحادیوں,4.28,no_two_source_semantic_agreement
اخلاقیات,4.28,no_two_source_semantic_agreement
اسلامک,4.28,no_two_source_semantic_agreement
افعال,4.28,no_two_source_semantic_agreement
اقوال,4.28,no_two_source_semantic_agreement
امدادی,4.28,no_two_source_semantic_agreement
انبیاء,4.28,no_two_source_semantic_agreement
اندازے,4.28,no_two_source_semantic_agreement
ایاز,4.28,no_two_source_semantic_agreement
ایبٹ,4.28,no_two_source_semantic_agreement
ایڈیشن,4.28,no_two_source_semantic_agreement
تصورات,4.28,no_two_source_semantic_agreement
تصوف,4.28,no_two_source_semantic_agreement
تصویریں,4.28,no_two_source_semantic_agreement
جوابی,4.28,no_two_source_semantic_agreement
جوڈیشل,4.28,no_two_source_semantic_agreement
جٹ,4.28,no_two_source_semantic_agreement
خرم,4.28,no_two_source_semantic_agreement
درحقیقت,4.28,no_two_source_semantic_agreement
دستے,4.28,no_two_source_semantic_agreement
دلانے,4.28,no_two_source_semantic_agreement
شائد,4.28,no_two_source_semantic_agreement
شروعات,4.28,no_two_source_semantic_agreement
غلطیوں,4.28,no_two_source_semantic_agreement
فضیلت,4.28,no_two_source_semantic_agreement
فورم,4.28,no_two_source_semantic_agreement
قبیلہ,4.28,no_two_source_semantic_agreement
لائسنس,4.28,no_two_source_semantic_agreement
لسانی,4.28,no_two_source_semantic_agreement
لوٹنے,4.28,no_two_source_semantic_agreement
لپیٹ,4.28,no_two_source_semantic_agreement
مثل,4.28,no_two_source_semantic_agreement
مون,4.28,no_two_source_semantic_agreement
وزراء,4.28,no_two_source_semantic_agreement
وزرائے,4.28,no_two_source_semantic_agreement
ونگ,4.28,no_two_source_semantic_agreement
پاتا,4.28,no_two_source_semantic_agreement
پانامہ,4.28,no_two_source_semantic_agreement
پروجیکٹ,4.28,no_two_source_semantic_agreement
پروگراموں,4.28,no_two_source_semantic_agreement
پھنس,4.28,no_two_source_semantic_agreement
چھو,4.28,no_two_source_semantic_agreement
کلثوم,4.28,no_two_source_semantic_agreement
گوہر,4.28,no_two_source_semantic_agreement
یونیورسٹیوں,4.28,no_two_source_semantic_agreement
آئل,4.27,no_two_source_semantic_agreement
آرائی,4.27,no_two_source_semantic_agreement
اترے,4.27,no_two_source_semantic_agreement
المقدس,4.27,no_two_source_semantic_agreement
بھیجی,4.27,no_two_source_semantic_agreement
بہاولپور,4.27,no_two_source_semantic_agreement
بہرحال,4.27,no_two_source_semantic_agreement
بیانیہ,4.27,no_two_source_semantic_agreement
بیٹیوں,4.27,no_two_source_semantic_agreement
ترجیحات,4.27,no_two_source_semantic_agreement
تناظر,4.27,no_two_source_semantic_agreement
تھوڑے,4.27,no_two_source_semantic_agreement
جنگجوؤں,4.27,no_two_source_semantic_agreement
جڑے,4.27,no_two_source_semantic_agreement
جیتے,4.27,no_two_source_semantic_agreement
ح,4.27,no_two_source_semantic_agreement
دلا,4.27,no_two_source_semantic_agreement
ربانی,4.27,no_two_source_semantic_agreement
رنج,4.27,no_two_source_semantic_agreement
زخموں,4.27,no_two_source_semantic_agreement
زمبابوے,4.27,no_two_source_semantic_agreement
زمرے,4.27,no_two_source_semantic_agreement
سعود,4.27,no_two_source_semantic_agreement
سنہری,4.27,no_two_source_semantic_agreement
سینٹی,4.27,no_two_source_semantic_agreement
طنز,4.27,no_two_source_semantic_agreement
عکاسی,4.27,no_two_source_semantic_agreement
قطع,4.27,no_two_source_semantic_agreement
قومیں,4.27,no_two_source_semantic_agreement
لالچ,4.27,no_two_source_semantic_agreement
مستند,4.27,no_two_source_semantic_agreement
منور,4.27,no_two_source_semantic_agreement
موازنہ,4.27,no_two_source_semantic_agreement
مک,4.27,no_two_source_semantic_agreement
نافرمانی,4.27,no_two_source_semantic_agreement
نوٹیفکیشن,4.27,no_two_source_semantic_agreement
وژن,4.27,no_two_source_semantic_agreement
پختون,4.27,no_two_source_semantic_agreement
چارج,4.27,no_two_source_semantic_agreement
چلایا,4.27,no_two_source_semantic_agreement
کاغذات,4.27,no_two_source_semantic_agreement
کرلے,4.27,no_two_source_semantic_agreement
گریز,4.27,no_two_source_semantic_agreement
گولڈ,4.27,no_two_source_semantic_agreement
آدھے,4.26,no_two_source_semantic_agreement
آپکی,4.26,no_two_source_semantic_agreement
باللہ,4.26,no_two_source_semantic_agreement
بگاڑ,4.26,no_two_source_semantic_agreement
بہنوں,4.26,no_two_source_semantic_agreement
بہہ,4.26,no_two_source_semantic_agreement
تمھیں,4.26,no_two_source_semantic_agreement
حامیوں,4.26,no_two_source_semantic_agreement
حجر,4.26,no_two_source_semantic_agreement
خوانی,4.26,no_two_source_semantic_agreement
سازشوں,4.26,no_two_source_semantic_agreement
سنن,4.26,no_two_source_semantic_agreement
سورت,4.26,no_two_source_semantic_agreement
سیکھ,4.26,no_two_source_semantic_agreement
شبہ,4.26,no_two_source_semantic_agreement
شرمندہ,4.26,no_two_source_semantic_agreement
شواہد,4.26,no_two_source_semantic_agreement
شہریار,4.26,no_two_source_semantic_agreement
ظہیر,4.26,no_two_source_semantic_agreement
عافیہ,4.26,no_two_source_semantic_agreement
عبدالعزیز,4.26,no_two_source_semantic_agreement
عطیہ,4.26,no_two_source_semantic_agreement
عہدیداروں,4.26,no_two_source_semantic_agreement
فنکار,4.26,no_two_source_semantic_agreement
مادی,4.26,no_two_source_semantic_agreement
مبصرین,4.26,no_two_source_semantic_agreement
مجمع,4.26,no_two_source_semantic_agreement
مزاح,4.26,no_two_source_semantic_agreement
مسافروں,4.26,no_two_source_semantic_agreement
معراج,4.26,no_two_source_semantic_agreement
منصف,4.26,no_two_source_semantic_agreement
منعقدہ,4.26,no_two_source_semantic_agreement
منہاج,4.26,no_two_source_semantic_agreement
مڈل,4.26,no_two_source_semantic_agreement
مکانات,4.26,no_two_source_semantic_agreement
می,4.26,no_two_source_semantic_agreement
نسلی,4.26,no_two_source_semantic_agreement
نشانات,4.26,no_two_source_semantic_agreement
نکتہ,4.26,no_two_source_semantic_agreement
وعدوں,4.26,no_two_source_semantic_agreement
ویسا,4.26,no_two_source_semantic_agreement
ٹیوب,4.26,no_two_source_semantic_agreement
پریشر,4.26,no_two_source_semantic_agreement
چاہئیے,4.26,no_two_source_semantic_agreement
ڈھانچے,4.26,no_two_source_semantic_agreement
کانوں,4.26,no_two_source_semantic_agreement
کرائیں,4.26,no_two_source_semantic_agreement
کرتاہے,4.26,no_two_source_semantic_agreement
کرداروں,4.26,no_two_source_semantic_agreement
کنگ,4.26,no_two_source_semantic_agreement
کھائے,4.26,no_two_source_semantic_agreement
آمادہ,4.25,no_two_source_semantic_agreement
احساسات,4.25,no_two_source_semantic_agreement
ادوار,4.25,no_two_source_semantic_agreement
اقلیتی,4.25,no_two_source_semantic_agreement
امتیازی,4.25,no_two_source_semantic_agreement
امریکیوں,4.25,no_two_source_semantic_agreement
انجینئرنگ,4.25,no_two_source_semantic_agreement
انفارمیشن,4.25,no_two_source_semantic_agreement
بدلتے,4.25,no_two_source_semantic_agreement
بسم,4.25,no_two_source_semantic_agreement
بولتا,4.25,no_two_source_semantic_agreement
تبھی,4.25,no_two_source_semantic_agreement
جنگوں,4.25,no_two_source_semantic_agreement
حجاب,4.25,no_two_source_semantic_agreement
خوبی,4.25,no_two_source_semantic_agreement
خوشحال,4.25,no_two_source_semantic_agreement
دستی,4.25,no_two_source_semantic_agreement
دیوان,4.25,no_two_source_semantic_agreement
دیکھتی,4.25,no_two_source_semantic_agreement
رکنیت,4.25,no_two_source_semantic_agreement
رہوں,4.25,no_two_source_semantic_agreement
سراہا,4.25,no_two_source_semantic_agreement
سربراہان,4.25,no_two_source_semantic_agreement
شکایات,4.25,raw_grammatical_metadata_only
شیڈنگ,4.25,no_two_source_semantic_agreement
طیاروں,4.25,no_two_source_semantic_agreement
لیجئے,4.25,no_two_source_semantic_agreement
لیول,4.25,no_two_source_semantic_agreement
مائیکل,4.25,no_two_source_semantic_agreement
مارک,4.25,no_two_source_semantic_agreement
ماری,4.25,no_two_source_semantic_agreement
مانے,4.25,no_two_source_semantic_agreement
مرتضی,4.25,no_two_source_semantic_agreement
مطلع,4.25,no_two_source_semantic_agreement
منصفانہ,4.25,no_two_source_semantic_agreement
میونسپل,4.25,no_two_source_semantic_agreement
نعمتوں,4.25,no_two_source_semantic_agreement
نہر,4.25,no_two_source_semantic_agreement
وکلا,4.25,no_two_source_semantic_agreement
وکلاء,4.25,no_two_source_semantic_agreement
پالیسیوں,4.25,no_two_source_semantic_agreement
چاہ,4.25,no_two_source_semantic_agreement
چک,4.25,no_two_source_semantic_agreement
چھا,4.25,no_two_source_semantic_agreement
چھپانے,4.25,no_two_source_semantic_agreement
چھپے,4.25,no_two_source_semantic_agreement
چیرمین,4.25,no_two_source_semantic_agreement
چیمہ,4.25,no_two_source_semantic_agreement
کھولا,4.25,no_two_source_semantic_agreement
کہلاتا,4.25,no_two_source_semantic_agreement
گزرتے,4.25,no_two_source_semantic_agreement
گلیوں,4.25,no_two_source_semantic_agreement
گھاٹ,4.25,no_two_source_semantic_agreement
ھ,4.25,no_two_source_semantic_agreement
یاب,4.25,no_two_source_semantic_agreement
ارباب,4.24,no_two_source_semantic_agreement
ازم,4.24,no_two_source_semantic_agreement
المومنین,4.24,no_two_source_semantic_agreement
النبی,4.24,no_two_source_semantic_agreement
برادران,4.24,no_two_source_semantic_agreement
بسا,4.24,no_two_source_semantic_agreement
بینظیر,4.24,no_two_source_semantic_agreement
ترغیب,4.24,no_two_source_semantic_agreement
تی,4.24,no_two_source_semantic_agreement
جاگیر,4.24,no_two_source_semantic_agreement
حفاظتی,4.24,no_two_source_semantic_agreement
خطرات,4.24,no_two_source_semantic_agreement
درخواستیں,4.24,no_two_source_semantic_agreement
دیدیا,4.24,no_two_source_semantic_agreement
ربیع,4.24,no_two_source_semantic_agreement
رسوخ,4.24,no_two_source_semantic_agreement
رقبہ,4.24,no_two_source_semantic_agreement
روئے,4.24,no_two_source_semantic_agreement
زین,4.24,no_two_source_semantic_agreement
سین,4.24,no_two_source_semantic_agreement
عطاء,4.24,no_two_source_semantic_agreement
مالیت,4.24,no_two_source_semantic_agreement
مجموعے,4.24,no_two_source_semantic_agreement
معانی,4.24,no_two_source_semantic_agreement
معرفت,4.24,no_two_source_semantic_agreement
ممنون,4.24,no_two_source_semantic_agreement
موڈ,4.24,no_two_source_semantic_agreement
مکی,4.24,no_two_source_semantic_agreement
وارڈ,4.24,no_two_source_semantic_agreement
وقفے,4.24,no_two_source_semantic_agreement
ویڈیوز,4.24,no_two_source_semantic_agreement
ٹرائل,4.24,no_two_source_semantic_agreement
ٹریڈنگ,4.24,no_two_source_semantic_agreement
پھٹ,4.24,no_two_source_semantic_agreement
کرائم,4.24,no_two_source_semantic_agreement
کھائیں,4.24,no_two_source_semantic_agreement
گزارنے,4.24,no_two_source_semantic_agreement
ہاشم,4.24,no_two_source_semantic_agreement
ہنگامہ,4.24,no_two_source_semantic_agreement
اثاثہ,4.23,no_two_source_semantic_agreement
اسمبلیوں,4.23,no_two_source_semantic_agreement
ایڈووکیٹ,4.23,no_two_source_semantic_agreement
بالائی,4.23,no_two_source_semantic_agreement
برانڈ,4.23,no_two_source_semantic_agreement
بریلوی,4.23,no_two_source_semantic_agreement
بھارتیہ,4.23,no_two_source_semantic_agreement
بھگت,4.23,no_two_source_semantic_agreement
تسلط,4.23,no_two_source_semantic_agreement
جزو,4.23,no_two_source_semantic_agreement
جنید,4.23,no_two_source_semantic_agreement
جہازوں,4.23,no_two_source_semantic_agreement
حجاج,4.23,no_two_source_semantic_agreement
حکومتیں,4.23,no_two_source_semantic_agreement
خیالی,4.23,no_two_source_semantic_agreement
رنگوں,4.23,no_two_source_semantic_agreement
سائے,4.23,no_two_source_semantic_agreement
سنتا,4.23,no_two_source_semantic_agreement
شائقین,4.23,no_two_source_semantic_agreement
شق,4.23,no_two_source_semantic_agreement
صاحبزادے,4.23,no_two_source_semantic_agreement
فضول,4.23,no_two_source_semantic_agreement
قرب,4.23,no_two_source_semantic_agreement
لائف,4.23,no_two_source_semantic_agreement
لاک,4.23,no_two_source_semantic_agreement
لیبر,4.23,no_two_source_semantic_agreement
مانگتے,4.23,no_two_source_semantic_agreement
مختص,4.23,no_two_source_semantic_agreement
مشتبہ,4.23,no_two_source_semantic_agreement
مطالبات,4.23,no_two_source_semantic_agreement
مقتول,4.23,no_two_source_semantic_agreement
موٹی,4.23,no_two_source_semantic_agreement
مہینہ,4.23,no_two_source_semantic_agreement
نکلتی,4.23,no_two_source_semantic_agreement
پارٹیاں,4.23,no_two_source_semantic_agreement
پرستوں,4.23,no_two_source_semantic_agreement
پڑتال,4.23,no_two_source_semantic_agreement
پکڑنے,4.23,no_two_source_semantic_agreement
پھرتے,4.23,no_two_source_semantic_agreement
چہروں,4.23,no_two_source_semantic_agreement
ڈیٹ,4.23,no_two_source_semantic_agreement
گارڈ,4.23,no_two_source_semantic_agreement
گلوکار,4.23,no_two_source_semantic_agreement
آدمیوں,4.22,no_two_source_semantic_agreement
آوروں,4.22,no_two_source_semantic_agreement
اعتزاز,4.22,no_two_source_semantic_agreement
افسوسناک,4.22,no_two_source_semantic_agreement
الاول,4.22,no_two_source_semantic_agreement
العزت,4.22,no_two_source_semantic_agreement
الی,4.22,no_two_source_semantic_agreement
اٹھائی,4.22,no_two_source_semantic_agreement
اکثریتی,4.22,no_two_source_semantic_agreement
اکمل,4.22,no_two_source_semantic_agreement
ایڈ,4.22,no_two_source_semantic_agreement
بخشی,4.22,no_two_source_semantic_agreement
بہبود,4.22,no_two_source_semantic_agreement
تعمیرات,4.22,no_two_source_semantic_agreement
تناؤ,4.22,no_two_source_semantic_agreement
جارج,4.22,no_two_source_semantic_agreement
ججز,4.22,no_two_source_semantic_agreement
جلسوں,4.22,no_two_source_semantic_agreement
جمشید,4.22,no_two_source_semantic_agreement
جڑی,4.22,no_two_source_semantic_agreement
خبردار,4.22,no_two_source_semantic_agreement
خدائی,4.22,no_two_source_semantic_agreement
خیل,4.22,no_two_source_semantic_agreement
دعاؤں,4.22,no_two_source_semantic_agreement
دلائی,4.22,no_two_source_semantic_agreement
دہانی,4.22,no_two_source_semantic_agreement
ربط,4.22,no_two_source_semantic_agreement
رشتوں,4.22,no_two_source_semantic_agreement
رفت,4.22,no_two_source_semantic_agreement
رگ,4.22,no_two_source_semantic_agreement
ریڈی,4.22,no_two_source_semantic_agreement
سنے,4.22,raw_grammatical_metadata_only
سیزن,4.22,no_two_source_semantic_agreement
شعراء,4.22,no_two_source_semantic_agreement
عزائم,4.22,no_two_source_semantic_agreement
فنون,4.22,no_two_source_semantic_agreement
قحط,4.22,no_two_source_semantic_agreement
لائیو,4.22,no_two_source_semantic_agreement
لاشوں,4.22,no_two_source_semantic_agreement
لڑی,4.22,no_two_source_semantic_agreement
لیفٹیننٹ,4.22,no_two_source_semantic_agreement
لیٹ,4.22,no_two_source_semantic_agreement
ملاقاتیں,4.22,no_two_source_semantic_agreement
میگزین,4.22,no_two_source_semantic_agreement
وحدت,4.22,no_two_source_semantic_agreement
وفاداری,4.22,no_two_source_semantic_agreement
ٹیبل,4.22,no_two_source_semantic_agreement
پتے,4.22,no_two_source_semantic_agreement
پختونخواہ,4.22,no_two_source_semantic_agreement
پرائمری,4.22,no_two_source_semantic_agreement
پروان,4.22,no_two_source_semantic_agreement
پیدل,4.22,no_two_source_semantic_agreement
چیمپئن,4.22,no_two_source_semantic_agreement
ڈیفنس,4.22,no_two_source_semantic_agreement
کوفہ,4.22,no_two_source_semantic_agreement
گزاری,4.22,no_two_source_semantic_agreement
ھی,4.22,no_two_source_semantic_agreement
ہالی,4.22,no_two_source_semantic_agreement
ہمدرد,4.22,no_two_source_semantic_agreement
آسٹریلوی,4.21,no_two_source_semantic_agreement
آہنگی,4.21,no_two_source_semantic_agreement
اتارا,4.21,no_two_source_semantic_agreement
ارادے,4.21,no_two_source_semantic_agreement
اسپین,4.21,no_two_source_semantic_agreement
الحدیث,4.21,no_two_source_semantic_agreement
انعامات,4.21,no_two_source_semantic_agreement
اوائل,4.21,no_two_source_semantic_agreement
اورنج,4.21,no_two_source_semantic_agreement
اولیاء,4.21,no_two_source_semantic_agreement
ایشین,4.21,no_two_source_semantic_agreement
بالادستی,4.21,no_two_source_semantic_agreement
بسی,4.21,no_two_source_semantic_agreement
بلاشبہ,4.21,no_two_source_semantic_agreement
بنادیا,4.21,no_two_source_semantic_agreement
بوڑھے,4.21,no_two_source_semantic_agreement
بھلے,4.21,no_two_source_semantic_agreement
بیڈ,4.21,no_two_source_semantic_agreement
تاب,4.21,no_two_source_semantic_agreement
تحلیل,4.21,no_two_source_semantic_agreement
ترمذی,4.21,no_two_source_semantic_agreement
تھائی,4.21,no_two_source_semantic_agreement
جاتاہے,4.21,no_two_source_semantic_agreement
جذباتی,4.21,no_two_source_semantic_agreement
حریف,4.21,no_two_source_semantic_agreement
خو,4.21,no_two_source_semantic_agreement
داخلے,4.21,no_two_source_semantic_agreement
دارالعلوم,4.21,no_two_source_semantic_agreement
داریاں,4.21,no_two_source_semantic_agreement
راغب,4.21,no_two_source_semantic_agreement
زاد,4.21,no_two_source_semantic_agreement
سور,4.21,no_two_source_semantic_agreement
سیٹھی,4.21,no_two_source_semantic_agreement
شاکر,4.21,no_two_source_semantic_agreement
شعرا,4.21,no_two_source_semantic_agreement
شفیع,4.21,no_two_source_semantic_agreement
شوری,4.21,no_two_source_semantic_agreement
عبوری,4.21,no_two_source_semantic_agreement
عنہا,4.21,no_two_source_semantic_agreement
قصے,4.21,no_two_source_semantic_agreement
قطرے,4.21,no_two_source_semantic_agreement
مارکس,4.21,no_two_source_semantic_agreement
مانگا,4.21,no_two_source_semantic_agreement
محقق,4.21,no_two_source_semantic_agreement
مظاہروں,4.21,no_two_source_semantic_agreement
منافق,4.21,no_two_source_semantic_agreement
منت,4.21,no_two_source_semantic_agreement
مکانی,4.21,no_two_source_semantic_agreement
میچوں,4.21,no_two_source_semantic_agreement
نشے,4.21,no_two_source_semantic_agreement
نصیر,4.21,no_two_source_semantic_agreement
نکلیں,4.21,no_two_source_semantic_agreement
واردات,4.21,no_two_source_semantic_agreement
واٹس,4.21,no_two_source_semantic_agreement
ورژن,4.21,no_two_source_semantic_agreement
ٹریک,4.21,no_two_source_semantic_agreement
ٹھکانے,4.21,no_two_source_semantic_agreement
پائلٹ,4.21,no_two_source_semantic_agreement
چھپی,4.21,no_two_source_semantic_agreement
کمیونسٹ,4.21,no_two_source_semantic_agreement
کھاتا,4.21,no_two_source_semantic_agreement
گزارا,4.21,no_two_source_semantic_agreement
گلزار,4.21,no_two_source_semantic_agreement
ھم,4.21,no_two_source_semantic_agreement
ہونٹوں,4.21,no_two_source_semantic_agreement
۲,4.21,no_two_source_semantic_agreement
اعلامیہ,4.20,no_two_source_semantic_agreement
الٹا,4.20,no_two_source_semantic_agreement
املاک,4.20,no_two_source_semantic_agreement
امکانات,4.20,raw_grammatical_metadata_only
انچارج,4.20,no_two_source_semantic_agreement
اوراس,4.20,no_two_source_semantic_agreement
باشندے,4.20,no_two_source_semantic_agreement
بٹھا,4.20,no_two_source_semantic_agreement
تابع,4.20,no_two_source_semantic_agreement
تاحال,4.20,no_two_source_semantic_agreement
تجدید,4.20,no_two_source_semantic_agreement
تضاد,4.20,no_two_source_semantic_agreement
تعمیراتی,4.20,no_two_source_semantic_agreement
تھری,4.20,no_two_source_semantic_agreement
جماعتی,4.20,no_two_source_semantic_agreement
حسینی,4.20,no_two_source_semantic_agreement
حقانی,4.20,no_two_source_semantic_agreement
دیدی,4.20,no_two_source_semantic_agreement
روتے,4.20,no_two_source_semantic_agreement
ریٹ,4.20,no_two_source_semantic_agreement
سیکڑوں,4.20,no_two_source_semantic_agreement
شاعروں,4.20,no_two_source_semantic_agreement
شہاب,4.20,no_two_source_semantic_agreement
شہزادے,4.20,no_two_source_semantic_agreement
شیشے,4.20,no_two_source_semantic_agreement
عربوں,4.20,no_two_source_semantic_agreement
عنقریب,4.20,no_two_source_semantic_agreement
غلطیاں,4.20,no_two_source_semantic_agreement
فرقے,4.20,no_two_source_semantic_agreement
فرماتا,4.20,no_two_source_semantic_agreement
فضائل,4.20,no_two_source_semantic_agreement
فوڈ,4.20,no_two_source_semantic_agreement
فیڈرل,4.20,no_two_source_semantic_agreement
موقعہ,4.20,no_two_source_semantic_agreement
نبیصلی,0.00,no_two_source_semantic_agreement
نظمیں,4.20,no_two_source_semantic_agreement
نگران,4.20,no_two_source_semantic_agreement
پروین,4.20,no_two_source_semantic_agreement
پڑھیے,4.20,no_two_source_semantic_agreement
پہل,4.20,no_two_source_semantic_agreement
پہلوؤں,4.20,no_two_source_semantic_agreement
پہنچتا,4.20,no_two_source_semantic_agreement
پہنچیں,4.20,no_two_source_semantic_agreement
پین,4.20,no_two_source_semantic_agreement
چھاپے,4.20,raw_grammatical_metadata_only
ڈ,4.20,no_two_source_semantic_agreement
ڈیموکریٹک,4.20,no_two_source_semantic_agreement
کرد,4.20,no_two_source_semantic_agreement
کریک,4.20,no_two_source_semantic_agreement
کنونشن,4.20,no_two_source_semantic_agreement
گھوم,4.20,no_two_source_semantic_agreement
آجائیں,4.19,no_two_source_semantic_agreement
احمدیہ,4.19,no_two_source_semantic_agreement
اسامہ,4.19,no_two_source_semantic_agreement
اسسٹنٹ,4.19,no_two_source_semantic_agreement
اسپیشل,4.19,no_two_source_semantic_agreement
اشرافیہ,4.19,no_two_source_semantic_agreement
الرحیم,4.19,no_two_source_semantic_agreement
العالمین,4.19,no_two_source_semantic_agreement
الناس,4.19,no_two_source_semantic_agreement
اڈیالہ,4.19,no_two_source_semantic_agreement
ایجنڈا,4.19,no_two_source_semantic_agreement
ایریا,4.19,no_two_source_semantic_agreement
ایکسچینج,4.19,no_two_source_semantic_agreement
بناتی,4.19,no_two_source_semantic_agreement
تبلیغی,4.19,no_two_source_semantic_agreement
تدفین,4.19,no_two_source_semantic_agreement
توثیق,4.19,no_two_source_semantic_agreement
تہہ,4.19,no_two_source_semantic_agreement
جد,4.19,no_two_source_semantic_agreement
جسکی,4.19,no_two_source_semantic_agreement
جلیل,4.19,no_two_source_semantic_agreement
جھک,4.19,no_two_source_semantic_agreement
حوصلے,4.19,no_two_source_semantic_agreement
ذہانت,4.19,no_two_source_semantic_agreement
راگ,4.19,no_two_source_semantic_agreement
روزی,4.19,no_two_source_semantic_agreement
رکوع,4.19,no_two_source_semantic_agreement
زیدی,4.19,no_two_source_semantic_agreement
سائنسدانوں,4.19,no_two_source_semantic_agreement
سروسز,4.19,no_two_source_semantic_agreement
سکرین,4.19,no_two_source_semantic_agreement
سیکھا,4.19,no_two_source_semantic_agreement
شی,4.19,no_two_source_semantic_agreement
ظالموں,4.19,no_two_source_semantic_agreement
فلاحی,4.19,no_two_source_semantic_agreement
فلیٹ,4.19,no_two_source_semantic_agreement
قبروں,4.19,no_two_source_semantic_agreement
مجاز,4.19,no_two_source_semantic_agreement
محدثین,4.19,no_two_source_semantic_agreement
مدرسے,4.19,no_two_source_semantic_agreement
مزدوری,4.19,no_two_source_semantic_agreement
معاہدوں,4.19,no_two_source_semantic_agreement
مقالہ,4.19,no_two_source_semantic_agreement
مکرمہ,4.19,no_two_source_semantic_agreement
میلے,4.19,no_two_source_semantic_agreement
نظموں,4.19,no_two_source_semantic_agreement
ٹویٹر,4.19,no_two_source_semantic_agreement
پوچھتے,4.19,raw_grammatical_metadata_only
پھوٹ,4.19,no_two_source_semantic_agreement
چ,4.19,no_two_source_semantic_agreement
چلاتے,4.19,no_two_source_semantic_agreement
چھوڑے,4.19,no_two_source_semantic_agreement
ڈیسک,4.19,no_two_source_semantic_agreement
ڈیلی,4.19,no_two_source_semantic_agreement
کردیتے,4.19,no_two_source_semantic_agreement
کنگز,4.19,no_two_source_semantic_agreement
کونسی,4.19,no_two_source_semantic_agreement
کےساتھ,4.19,no_two_source_semantic_agreement
گریٹ,4.19,no_two_source_semantic_agreement
گولہ,4.19,no_two_source_semantic_agreement
ہوتو,4.19,no_two_source_semantic_agreement
اسٹیل,4.18,no_two_source_semantic_agreement
اعضاء,4.18,no_two_source_semantic_agreement
اہداف,4.18,no_two_source_semantic_agreement
اینکر,4.18,no_two_source_semantic_agreement
بخوبی,4.18,no_two_source_semantic_agreement
بڑوں,4.18,no_two_source_semantic_agreement
بہر,4.18,no_two_source_semantic_agreement
تحریکوں,4.18,no_two_source_semantic_agreement
تری,4.18,no_two_source_semantic_agreement
تفریق,4.18,no_two_source_semantic_agreement
تنقیدی,4.18,no_two_source_semantic_agreement
ثنا,4.18,no_two_source_semantic_agreement
جنگلی,4.18,no_two_source_semantic_agreement
جیمز,4.18,no_two_source_semantic_agreement
حقدار,4.18,no_two_source_semantic_agreement
خدشات,4.18,no_two_source_semantic_agreement
سبحان,4.18,no_two_source_semantic_agreement
سفیان,4.18,no_two_source_semantic_agreement
سنبھالنے,4.18,no_two_source_semantic_agreement
سیکھنے,4.18,no_two_source_semantic_agreement
طبعی,4.18,no_two_source_semantic_agreement
عمری,4.18,no_two_source_semantic_agreement
غذائی,4.18,no_two_source_semantic_agreement
فر,4.18,no_two_source_semantic_agreement
قاتلوں,4.18,raw_grammatical_metadata_only
قلت,4.18,no_two_source_semantic_agreement
لڑتے,4.18,raw_grammatical_metadata_only
مثالی,4.18,no_two_source_semantic_agreement
محکمے,4.18,no_two_source_semantic_agreement
مرکب,4.18,no_two_source_semantic_agreement
مساوی,4.18,no_two_source_semantic_agreement
مظاہر,4.18,no_two_source_semantic_agreement
معاوضہ,4.18,no_two_source_semantic_agreement
معاونت,4.18,no_two_source_semantic_agreement
مہنگے,4.18,no_two_source_semantic_agreement
ناقص,4.18,no_two_source_semantic_agreement
ٹریننگ,4.18,no_two_source_semantic_agreement
پودوں,4.18,no_two_source_semantic_agreement
پھیلے,4.18,no_two_source_semantic_agreement
پہنا,4.18,no_two_source_semantic_agreement
ڈیپارٹمنٹ,4.18,no_two_source_semantic_agreement
کردیتا,4.18,no_two_source_semantic_agreement
کیمرے,4.18,no_two_source_semantic_agreement
گاہوں,4.18,no_two_source_semantic_agreement
گرمیوں,4.18,no_two_source_semantic_agreement
یارک,4.18,no_two_source_semantic_agreement
آمدید,4.17,no_two_source_semantic_agreement
ادویات,4.17,no_two_source_semantic_agreement
اسکرین,4.17,no_two_source_semantic_agreement
اسکینڈل,4.17,no_two_source_semantic_agreement
انکشافات,4.17,no_two_source_semantic_agreement
ایشو,4.17,no_two_source_semantic_agreement
بزدار,4.17,no_two_source_semantic_agreement
بچاؤ,4.17,no_two_source_semantic_agreement
بہاؤ,4.17,no_two_source_semantic_agreement
تھر,4.17,no_two_source_semantic_agreement
جاہلیت,4.17,no_two_source_semantic_agreement
حادثات,4.17,no_two_source_semantic_agreement
خاصا,4.17,no_two_source_semantic_agreement
خریدا,4.17,no_two_source_semantic_agreement
دسویں,4.17,no_two_source_semantic_agreement
دماغی,4.17,no_two_source_semantic_agreement
دھوکا,4.17,no_two_source_semantic_agreement
زائرین,4.17,no_two_source_semantic_agreement
سنیں,4.17,raw_grammatical_metadata_only
شافعی,4.17,no_two_source_semantic_agreement
شخصی,4.17,no_two_source_semantic_agreement
طاری,4.17,no_two_source_semantic_agreement
طواف,4.17,no_two_source_semantic_agreement
غیب,4.17,no_two_source_semantic_agreement
فلسفے,4.17,no_two_source_semantic_agreement
قذافی,4.17,no_two_source_semantic_agreement
مدار,4.17,no_two_source_semantic_agreement
مصلحت,4.17,no_two_source_semantic_agreement
ملحقہ,4.17,no_two_source_semantic_agreement
منتشر,4.17,no_two_source_semantic_agreement
مودودی,4.17,no_two_source_semantic_agreement
نکلنا,4.17,no_two_source_semantic_agreement
نہرو,4.17,no_two_source_semantic_agreement
نیٹو,4.17,no_two_source_semantic_agreement
وڈیو,4.17,no_two_source_semantic_agreement
ٹرانسپورٹ,4.17,no_two_source_semantic_agreement
پروٹوکول,4.17,no_two_source_semantic_agreement
پوائنٹس,4.17,no_two_source_semantic_agreement
پیس,4.17,no_two_source_semantic_agreement
پیشی,4.17,no_two_source_semantic_agreement
پیکج,4.17,no_two_source_semantic_agreement
ڈھونڈ,4.17,no_two_source_semantic_agreement
کردیے,4.17,no_two_source_semantic_agreement
کیمپس,4.17,no_two_source_semantic_agreement
گزری,4.17,no_two_source_semantic_agreement
ہےاور,4.17,no_two_source_semantic_agreement
یمنی,4.17,no_two_source_semantic_agreement
یکجا,4.17,no_two_source_semantic_agreement
آمیز,4.16,no_two_source_semantic_agreement
افسانوں,4.16,no_two_source_semantic_agreement
اقدس,4.16,no_two_source_semantic_agreement
انڈر,4.16,no_two_source_semantic_agreement
اٹھتا,4.16,no_two_source_semantic_agreement
ایٹم,4.16,no_two_source_semantic_agreement
بادشاہی,4.16,no_two_source_semantic_agreement
بریک,4.16,no_two_source_semantic_agreement
بہانہ,4.16,no_two_source_semantic_agreement
ترویج,4.16,no_two_source_semantic_agreement
خ,4.16,no_two_source_semantic_agreement
داس,4.16,no_two_source_semantic_agreement
دہشتگرد,4.16,no_two_source_semantic_agreement
رضوان,4.16,no_two_source_semantic_agreement
روٹ,4.16,no_two_source_semantic_agreement
روکے,4.16,no_two_source_semantic_agreement
ریس,4.16,no_two_source_semantic_agreement
سائبر,4.16,no_two_source_semantic_agreement
سائٹس,4.16,no_two_source_semantic_agreement
سوچیں,4.16,no_two_source_semantic_agreement
سکھوں,4.16,no_two_source_semantic_agreement
شبلی,4.16,no_two_source_semantic_agreement
شہدا,4.16,no_two_source_semantic_agreement
علیم,4.16,no_two_source_semantic_agreement
علیکم,4.16,no_two_source_semantic_agreement
عیسائیوں,4.16,raw_grammatical_metadata_only
غیرقانونی,4.16,no_two_source_semantic_agreement
فرحت,4.16,no_two_source_semantic_agreement
فریم,4.16,no_two_source_semantic_agreement
فنا,4.16,no_two_source_semantic_agreement
فنکاروں,4.16,no_two_source_semantic_agreement
فوجوں,4.16,raw_grammatical_metadata_only
فیسٹیول,4.16,no_two_source_semantic_agreement
قارئین,4.16,no_two_source_semantic_agreement
لنگر,4.16,no_two_source_semantic_agreement
لۓ,4.16,no_two_source_semantic_agreement
مترادف,4.16,no_two_source_semantic_agreement
مطلوبہ,4.16,no_two_source_semantic_agreement
مچا,4.16,no_two_source_semantic_agreement
میوزک,4.16,no_two_source_semantic_agreement
ناقدین,4.16,no_two_source_semantic_agreement
نامکمل,4.16,no_two_source_semantic_agreement
نقد,4.16,no_two_source_semantic_agreement
نواحی,4.16,no_two_source_semantic_agreement
ٹھہرا,4.16,no_two_source_semantic_agreement
پوش,4.16,no_two_source_semantic_agreement
پیتے,4.16,no_two_source_semantic_agreement
چارے,4.16,no_two_source_semantic_agreement
کلمات,4.16,no_two_source_semantic_agreement
کلیم,4.16,no_two_source_semantic_agreement
کوبھی,4.16,no_two_source_semantic_agreement
گیری,4.16,no_two_source_semantic_agreement
یونائیٹڈ,4.16,no_two_source_semantic_agreement
آٹھویں,4.15,no_two_source_semantic_agreement
اتارنے,4.15,no_two_source_semantic_agreement
افغانی,4.15,no_two_source_semantic_agreement
ایجنسیوں,4.15,no_two_source_semantic_agreement
باقاعدگی,4.15,no_two_source_semantic_agreement
بالاتر,4.15,no_two_source_semantic_agreement
ببر,4.15,no_two_source_semantic_agreement
بتاتی,4.15,no_two_source_semantic_agreement
بربریت,4.15,no_two_source_semantic_agreement
بشارت,4.15,no_two_source_semantic_agreement
ترکیب,4.15,no_two_source_semantic_agreement
تسکین,4.15,no_two_source_semantic_agreement
جاندار,4.15,no_two_source_semantic_agreement
خاتم,4.15,no_two_source_semantic_agreement
خدیجہ,4.15,no_two_source_semantic_agreement
ذہین,4.15,no_two_source_semantic_agreement
رنگین,4.15,no_two_source_semantic_agreement
روش,4.15,no_two_source_semantic_agreement
رکاوٹیں,4.15,no_two_source_semantic_agreement
ریٹائرمنٹ,4.15,no_two_source_semantic_agreement
سروں,4.15,no_two_source_semantic_agreement
سنانے,4.15,no_two_source_semantic_agreement
سپاہیوں,4.15,no_two_source_semantic_agreement
سہارے,4.15,no_two_source_semantic_agreement
عزوجل,4.15,no_two_source_semantic_agreement
فیاض,4.15,no_two_source_semantic_agreement
فیروز,4.15,no_two_source_semantic_agreement
قاصر,4.15,no_two_source_semantic_agreement
لارڈ,4.15,no_two_source_semantic_agreement
لیڈی,4.15,no_two_source_semantic_agreement
مانتا,4.15,no_two_source_semantic_agreement
مروی,4.15,no_two_source_semantic_agreement
مٹ,4.15,no_two_source_semantic_agreement
مہذب,4.15,no_two_source_semantic_agreement
مینڈیٹ,4.15,no_two_source_semantic_agreement
نارتھ,4.15,no_two_source_semantic_agreement
نعروں,4.15,no_two_source_semantic_agreement
نگاہوں,4.15,no_two_source_semantic_agreement
وائرل,4.15,no_two_source_semantic_agreement
وقوف,4.15,no_two_source_semantic_agreement
ٹ,4.15,no_two_source_semantic_agreement
پرفارمنس,4.15,no_two_source_semantic_agreement
چئیرمین,4.15,no_two_source_semantic_agreement
کالجوں,4.15,no_two_source_semantic_agreement
کیئے,4.15,no_two_source_semantic_agreement
کینٹ,4.15,no_two_source_semantic_agreement
کیڑے,4.15,no_two_source_semantic_agreement
گنے,4.15,no_two_source_semantic_agreement
یاسر,4.15,no_two_source_semantic_agreement
آراستہ,4.14,no_two_source_semantic_agreement
آڈٹ,4.14,no_two_source_semantic_agreement
اسٹریٹ,4.14,no_two_source_semantic_agreement
المبارک,4.14,no_two_source_semantic_agreement
اٹھتے,4.14,no_two_source_semantic_agreement
اکرام,4.14,no_two_source_semantic_agreement
ایسٹ,4.14,no_two_source_semantic_agreement
ایمانداری,4.14,no_two_source_semantic_agreement
باطنی,4.14,no_two_source_semantic_agreement
بچیوں,4.14,no_two_source_semantic_agreement
تربیتی,4.14,no_two_source_semantic_agreement
تشخیص,4.14,no_two_source_semantic_agreement
تقرری,4.14,no_two_source_semantic_agreement
تھاکہ,4.14,no_two_source_semantic_agreement
تہذیبی,4.14,no_two_source_semantic_agreement
جارحانہ,4.14,no_two_source_semantic_agreement
جبری,4.14,no_two_source_semantic_agreement
جوڑی,4.14,no_two_source_semantic_agreement
حس,4.14,no_two_source_semantic_agreement
حشر,4.14,no_two_source_semantic_agreement
خودی,4.14,no_two_source_semantic_agreement
دانشوروں,4.14,no_two_source_semantic_agreement
دستوں,4.14,no_two_source_semantic_agreement
رجحانات,4.14,no_two_source_semantic_agreement
رپورٹس,4.14,no_two_source_semantic_agreement
زمینوں,4.14,no_two_source_semantic_agreement
سرطان,4.14,no_two_source_semantic_agreement
سرفہرست,4.14,no_two_source_semantic_agreement
سنٹرل,4.14,no_two_source_semantic_agreement
سپلائی,4.14,no_two_source_semantic_agreement
شارٹ,4.14,no_two_source_semantic_agreement
شاپنگ,4.14,no_two_source_semantic_agreement
شہ,4.14,no_two_source_semantic_agreement
عاصمہ,4.14,no_two_source_semantic_agreement
عالمگیر,4.14,no_two_source_semantic_agreement
علموں,4.14,no_two_source_semantic_agreement
علیہم,4.14,no_two_source_semantic_agreement
غفور,4.14,no_two_source_semantic_agreement
قال,4.14,no_two_source_semantic_agreement
قدرے,4.14,no_two_source_semantic_agreement
قلیل,4.14,no_two_source_semantic_agreement
لاتا,4.14,no_two_source_semantic_agreement
لانگ,4.14,no_two_source_semantic_agreement
لمحوں,4.14,no_two_source_semantic_agreement
لیڈروں,4.14,no_two_source_semantic_agreement
متصل,4.14,no_two_source_semantic_agreement
مجوزہ,4.14,no_two_source_semantic_agreement
مشترک,4.14,no_two_source_semantic_agreement
مطابقت,4.14,no_two_source_semantic_agreement
منائی,4.14,no_two_source_semantic_agreement
منطق,4.14,no_two_source_semantic_agreement
میدانوں,4.14,no_two_source_semantic_agreement
نفیس,4.14,no_two_source_semantic_agreement
وحید,4.14,no_two_source_semantic_agreement
ولید,4.14,no_two_source_semantic_agreement
ٹریڈ,4.14,no_two_source_semantic_agreement
ٹکرا,4.14,no_two_source_semantic_agreement
پسماندہ,4.14,no_two_source_semantic_agreement
پلاننگ,4.14,no_two_source_semantic_agreement
چنے,4.14,no_two_source_semantic_agreement
چہ,4.14,no_two_source_semantic_agreement
کافروں,4.14,no_two_source_semantic_agreement
کانگ,4.14,no_two_source_semantic_agreement
کبھار,4.14,no_two_source_semantic_agreement
کردیئے,4.14,no_two_source_semantic_agreement
کروائیں,4.14,no_two_source_semantic_agreement
کلبھوشن,4.14,no_two_source_semantic_agreement
کمپلیکس,4.14,no_two_source_semantic_agreement
کونسلر,4.14,no_two_source_semantic_agreement
کوڑے,4.14,no_two_source_semantic_agreement
کھولے,4.14,no_two_source_semantic_agreement
گزرتا,4.14,no_two_source_semantic_agreement
گیمز,4.14,no_two_source_semantic_agreement
آزما,4.13,no_two_source_semantic_agreement
اسپورٹس,4.13,no_two_source_semantic_agreement
اقلیتوں,4.13,no_two_source_semantic_agreement
الیکٹرک,4.13,no_two_source_semantic_agreement
اوصاف,4.13,no_two_source_semantic_agreement
اٹارنی,4.13,no_two_source_semantic_agreement
اٹھنے,4.13,no_two_source_semantic_agreement
بادشاہوں,4.13,raw_grammatical_metadata_only
باقر,4.13,no_two_source_semantic_agreement
بدلا,4.13,no_two_source_semantic_agreement
برخلاف,4.13,no_two_source_semantic_agreement
بلاگ,4.13,no_two_source_semantic_agreement
بلڈ,4.13,no_two_source_semantic_agreement
بڑ,4.13,no_two_source_semantic_agreement
بیداری,4.13,no_two_source_semantic_agreement
تحقیقاتی,4.13,no_two_source_semantic_agreement
تنخواہوں,4.13,no_two_source_semantic_agreement
جانبدار,4.13,no_two_source_semantic_agreement
جزیرے,4.13,no_two_source_semantic_agreement
جلانے,4.13,raw_grammatical_metadata_only
رہنماء,4.13,no_two_source_semantic_agreement
زبانیں,4.13,no_two_source_semantic_agreement
ساختہ,4.13,no_two_source_semantic_agreement
سراغ,4.13,no_two_source_semantic_agreement
سوتے,4.13,no_two_source_semantic_agreement
سکتیں,4.13,no_two_source_semantic_agreement
سیٹوں,4.13,no_two_source_semantic_agreement
شاء,4.13,no_two_source_semantic_agreement
شاگردوں,4.13,no_two_source_semantic_agreement
شفافیت,4.13,no_two_source_semantic_agreement
عملدرآمد,4.13,no_two_source_semantic_agreement
لوکل,4.13,no_two_source_semantic_agreement
ماحولیات,4.13,no_two_source_semantic_agreement
محبوبہ,4.13,no_two_source_semantic_agreement
محرومی,4.13,no_two_source_semantic_agreement
مرید,4.13,no_two_source_semantic_agreement
مسرت,4.13,no_two_source_semantic_agreement
مفصل,4.13,no_two_source_semantic_agreement
نادرا,4.13,no_two_source_semantic_agreement
نہتے,4.13,no_two_source_semantic_agreement
واللہ,4.13,no_two_source_semantic_agreement
واپڈا,4.13,no_two_source_semantic_agreement
وقتی,4.13,no_two_source_semantic_agreement
وید,4.13,no_two_source_semantic_agreement
پروف,4.13,no_two_source_semantic_agreement
چاہنے,4.13,no_two_source_semantic_agreement
کامرس,4.13,no_two_source_semantic_agreement
کسے,4.13,no_two_source_semantic_agreement
گندے,4.13,no_two_source_semantic_agreement
ہانگ,4.13,no_two_source_semantic_agreement
ہوجانے,4.13,no_two_source_semantic_agreement
ینگ,4.13,no_two_source_semantic_agreement
آجاتا,4.12,no_two_source_semantic_agreement
آجکل,4.12,no_two_source_semantic_agreement
اجتہاد,4.12,no_two_source_semantic_agreement
استدعا,4.12,no_two_source_semantic_agreement
اعتراضات,4.12,no_two_source_semantic_agreement
الملک,4.12,no_two_source_semantic_agreement
امیدیں,4.12,no_two_source_semantic_agreement
اٹھی,4.12,no_two_source_semantic_agreement
ایشیاء,4.12,no_two_source_semantic_agreement
بااثر,4.12,no_two_source_semantic_agreement
برانچ,4.12,no_two_source_semantic_agreement
برہم,4.12,no_two_source_semantic_agreement
تجاویز,4.12,no_two_source_semantic_agreement
تمدن,4.12,no_two_source_semantic_agreement
تنویر,4.12,no_two_source_semantic_agreement
توں,4.12,no_two_source_semantic_agreement
تھیٹر,4.12,no_two_source_semantic_agreement
خا,4.12,no_two_source_semantic_agreement
خطا,4.12,no_two_source_semantic_agreement
خوشیاں,4.12,no_two_source_semantic_agreement
خیرات,4.12,no_two_source_semantic_agreement
رونق,4.12,no_two_source_semantic_agreement
سائیڈ,4.12,no_two_source_semantic_agreement
سام,4.12,no_two_source_semantic_agreement
سرپرست,4.12,no_two_source_semantic_agreement
سینا,4.12,no_two_source_semantic_agreement
سیکشن,4.12,no_two_source_semantic_agreement
شبیر,4.12,no_two_source_semantic_agreement
شرمندگی,4.12,no_two_source_semantic_agreement
شیعوں,4.12,no_two_source_semantic_agreement
صنعتوں,4.12,no_two_source_semantic_agreement
عبدالقادر,4.12,no_two_source_semantic_agreement
عبید,4.12,no_two_source_semantic_agreement
فرسٹ,4.12,no_two_source_semantic_agreement
قائمہ,4.12,no_two_source_semantic_agreement
قدامت,4.12,no_two_source_semantic_agreement
قریبا,4.12,no_two_source_semantic_agreement
لائنز,4.12,no_two_source_semantic_agreement
مامور,4.12,no_two_source_semantic_agreement
مانگے,4.12,no_two_source_semantic_agreement
متوسط,4.12,agreement_without_clean_learner_fragment
مجروح,4.12,no_two_source_semantic_agreement
مجیب,4.12,no_two_source_semantic_agreement
مشرکین,4.12,no_two_source_semantic_agreement
مقررہ,4.12,no_two_source_semantic_agreement
منٹو,4.12,no_two_source_semantic_agreement
مہمانوں,4.12,no_two_source_semantic_agreement
ناظرین,4.12,no_two_source_semantic_agreement
نظرانداز,4.12,no_two_source_semantic_agreement
نہی,4.12,no_two_source_semantic_agreement
واریت,4.12,no_two_source_semantic_agreement
وامان,4.12,no_two_source_semantic_agreement
ولیم,4.12,no_two_source_semantic_agreement
ونڈوز,4.12,no_two_source_semantic_agreement
ویل,4.12,no_two_source_semantic_agreement
پالش,4.12,no_two_source_semantic_agreement
پامال,4.12,no_two_source_semantic_agreement
چوروں,4.12,no_two_source_semantic_agreement
چھوڑی,4.12,no_two_source_semantic_agreement
کمانے,4.12,no_two_source_semantic_agreement
کونسا,4.12,no_two_source_semantic_agreement
۱,4.12,no_two_source_semantic_agreement
آجاتی,4.11,no_two_source_semantic_agreement
آوٹ,4.11,no_two_source_semantic_agreement
آگاہی,4.11,no_two_source_semantic_agreement
ادیبوں,4.11,no_two_source_semantic_agreement
اغواء,4.11,no_two_source_semantic_agreement
الرشید,4.11,no_two_source_semantic_agreement
الشیخ,4.11,no_two_source_semantic_agreement
ایونٹ,4.11,no_two_source_semantic_agreement
ایڈیشنل,4.11,no_two_source_semantic_agreement
برہان,4.11,no_two_source_semantic_agreement
بزم,4.11,no_two_source_semantic_agreement
بلانے,4.11,no_two_source_semantic_agreement
بھرنے,4.11,no_two_source_semantic_agreement
ترجمانی,4.11,no_two_source_semantic_agreement
تلقین,4.11,no_two_source_semantic_agreement
تڑپ,4.11,no_two_source_semantic_agreement
جاسکتے,4.11,no_two_source_semantic_agreement
جونز,4.11,no_two_source_semantic_agreement
حسی,4.11,no_two_source_semantic_agreement
خاکہ,4.11,no_two_source_semantic_agreement
دستبردار,4.11,no_two_source_semantic_agreement
رحمن,4.11,no_two_source_semantic_agreement
روحانیت,4.11,no_two_source_semantic_agreement
سستے,4.11,raw_grammatical_metadata_only
سلمہ,4.11,no_two_source_semantic_agreement
سنبھالا,4.11,no_two_source_semantic_agreement
سپین,4.11,no_two_source_semantic_agreement
شعبان,4.11,no_two_source_semantic_agreement
شکیل,4.11,no_two_source_semantic_agreement
طریق,4.11,no_two_source_semantic_agreement
عاطف,4.11,no_two_source_semantic_agreement
فتوحات,4.11,no_two_source_semantic_agreement
فرصت,4.11,no_two_source_semantic_agreement
لیجیے,4.11,no_two_source_semantic_agreement
لیپ,4.11,no_two_source_semantic_agreement
مبارکہ,4.11,no_two_source_semantic_agreement
مرہ,4.11,no_two_source_semantic_agreement
مطبوعہ,4.11,no_two_source_semantic_agreement
مو,4.11,no_two_source_semantic_agreement
نمٹنے,4.11,no_two_source_semantic_agreement
وظیفہ,4.11,no_two_source_semantic_agreement
ویمن,4.11,no_two_source_semantic_agreement
پرجوش,4.11,no_two_source_semantic_agreement
پھنسے,4.11,no_two_source_semantic_agreement
ڈراموں,4.11,no_two_source_semantic_agreement
ڈینگی,4.11,no_two_source_semantic_agreement
کرچکے,4.11,no_two_source_semantic_agreement
کپڑوں,4.11,no_two_source_semantic_agreement
کیمپوں,4.11,no_two_source_semantic_agreement
گلوبل,4.11,no_two_source_semantic_agreement
گوشہ,4.11,no_two_source_semantic_agreement
گولیوں,4.11,no_two_source_semantic_agreement
یونہی,4.11,no_two_source_semantic_agreement
۳,4.11,no_two_source_semantic_agreement
العین,4.10,no_two_source_semantic_agreement
انضمام,4.10,no_two_source_semantic_agreement
انگلیاں,4.10,no_two_source_semantic_agreement
ایوانوں,4.10,no_two_source_semantic_agreement
بخشا,4.10,no_two_source_semantic_agreement
بنام,4.10,no_two_source_semantic_agreement
بگ,4.10,no_two_source_semantic_agreement
تحمل,4.10,no_two_source_semantic_agreement
تعظیم,4.10,no_two_source_semantic_agreement
تمھاری,4.10,no_two_source_semantic_agreement
جامعات,4.10,no_two_source_semantic_agreement
جرنل,4.10,no_two_source_semantic_agreement
جڑیں,4.10,no_two_source_semantic_agreement
جھٹکے,4.10,no_two_source_semantic_agreement
جیلانی,4.10,no_two_source_semantic_agreement
خواہشمند,4.10,no_two_source_semantic_agreement
داران,4.10,no_two_source_semantic_agreement
رسائل,4.10,no_two_source_semantic_agreement
رسومات,4.10,no_two_source_semantic_agreement
روبرو,4.10,no_two_source_semantic_agreement
ریپ,4.10,no_two_source_semantic_agreement
سالی,4.10,no_two_source_semantic_agreement
سرا,4.10,no_two_source_semantic_agreement
سوانح,4.10,no_two_source_semantic_agreement
سٹاک,4.10,no_two_source_semantic_agreement
سکیم,4.10,no_two_source_semantic_agreement
شرجیل,4.10,no_two_source_semantic_agreement
عدنان,4.10,no_two_source_semantic_agreement
غ,4.10,no_two_source_semantic_agreement
فتاوی,4.10,no_two_source_semantic_agreement
فرقوں,4.10,no_two_source_semantic_agreement
فریضہ,4.10,no_two_source_semantic_agreement
قسمیں,4.10,no_two_source_semantic_agreement
لازوال,4.10,no_two_source_semantic_agreement
لگاتا,4.10,no_two_source_semantic_agreement
مجالس,4.10,no_two_source_semantic_agreement
مدھیہ,4.10,no_two_source_semantic_agreement
مرتے,4.10,raw_grammatical_metadata_only
مسکرا,4.10,no_two_source_semantic_agreement
مقدم,4.10,no_two_source_semantic_agreement
ملالہ,4.10,no_two_source_semantic_agreement
منزلیں,4.10,no_two_source_semantic_agreement
موہن,4.10,no_two_source_semantic_agreement
مینار,4.10,no_two_source_semantic_agreement
نائن,4.10,no_two_source_semantic_agreement
نسب,4.10,no_two_source_semantic_agreement
نورانی,4.10,no_two_source_semantic_agreement
نوشی,4.10,no_two_source_semantic_agreement
والسلام,4.10,no_two_source_semantic_agreement
ولا,4.10,no_two_source_semantic_agreement
وکالت,4.10,no_two_source_semantic_agreement
ٹوئٹ,4.10,no_two_source_semantic_agreement
ٹینس,4.10,no_two_source_semantic_agreement
پٹیل,4.10,no_two_source_semantic_agreement
پھیلنے,4.10,no_two_source_semantic_agreement
پہنچانا,4.10,no_two_source_semantic_agreement
پیا,4.10,no_two_source_semantic_agreement
چشتی,4.10,no_two_source_semantic_agreement
چھوڑیں,4.10,no_two_source_semantic_agreement
ڈویلپمنٹ,4.10,no_two_source_semantic_agreement
کاربن,4.10,no_two_source_semantic_agreement
کردوں,4.10,no_two_source_semantic_agreement
کرسکیں,4.10,no_two_source_semantic_agreement
کلین,4.10,no_two_source_semantic_agreement
کھوسہ,4.10,no_two_source_semantic_agreement
گراں,4.10,no_two_source_semantic_agreement
گزارے,4.10,no_two_source_semantic_agreement
ہونیوالے,4.10,no_two_source_semantic_agreement
آرائش,4.09,no_two_source_semantic_agreement
آفات,4.09,no_two_source_semantic_agreement
اترا,4.09,no_two_source_semantic_agreement
اترنے,4.09,no_two_source_semantic_agreement
اعظمی,4.09,no_two_source_semantic_agreement
امتحانات,4.09,no_two_source_semantic_agreement
انسپکٹر,4.09,no_two_source_semantic_agreement
اولمپکس,4.09,no_two_source_semantic_agreement
ایدھی,4.09,no_two_source_semantic_agreement
بلوچوں,4.09,no_two_source_semantic_agreement
بچائے,4.09,no_two_source_semantic_agreement
بیسویں,4.09,no_two_source_semantic_agreement
بیٹھیں,4.09,no_two_source_semantic_agreement
جمالی,4.09,no_two_source_semantic_agreement
جیٹ,4.09,no_two_source_semantic_agreement
حوثی,4.09,no_two_source_semantic_agreement
خواص,4.09,no_two_source_semantic_agreement
خوری,4.09,no_two_source_semantic_agreement
دت,4.09,no_two_source_semantic_agreement
درجات,4.09,no_two_source_semantic_agreement
دکھاتے,4.09,raw_grammatical_metadata_only
دیاگیا,4.09,no_two_source_semantic_agreement
سان,4.09,no_two_source_semantic_agreement
سقوط,4.09,no_two_source_semantic_agreement
سوز,4.09,no_two_source_semantic_agreement
سیکرٹریٹ,4.09,no_two_source_semantic_agreement
سیکولر,4.09,no_two_source_semantic_agreement
شری,4.09,no_two_source_semantic_agreement
شیڈول,4.09,no_two_source_semantic_agreement
طالبات,4.09,no_two_source_semantic_agreement
غارت,4.09,no_two_source_semantic_agreement
فلسطینیوں,4.09,no_two_source_semantic_agreement
فکشن,4.09,no_two_source_semantic_agreement
لاس,4.09,no_two_source_semantic_agreement
مادے,4.09,no_two_source_semantic_agreement
ملکر,4.09,no_two_source_semantic_agreement
منقول,4.09,no_two_source_semantic_agreement
مینجمنٹ,4.09,no_two_source_semantic_agreement
نویں,4.09,no_two_source_semantic_agreement
وزرا,4.09,no_two_source_semantic_agreement
وین,4.09,no_two_source_semantic_agreement
پھیلاؤ,4.09,no_two_source_semantic_agreement
پہنچتی,4.09,no_two_source_semantic_agreement
چاہوں,4.09,no_two_source_semantic_agreement
چوہان,4.09,no_two_source_semantic_agreement
چھیڑ,4.09,no_two_source_semantic_agreement
کرب,4.09,no_two_source_semantic_agreement
کرتیں,4.09,no_two_source_semantic_agreement
کرکٹرز,4.09,no_two_source_semantic_agreement
کنی,4.09,no_two_source_semantic_agreement
کوریج,4.09,no_two_source_semantic_agreement
کیانی,4.09,no_two_source_semantic_agreement
گزرتی,4.09,no_two_source_semantic_agreement
ین,4.09,no_two_source_semantic_agreement
؎,4.08,no_two_source_semantic_agreement
افسروں,4.08,no_two_source_semantic_agreement
المسلمین,4.08,no_two_source_semantic_agreement
بستیوں,4.08,no_two_source_semantic_agreement
بچایا,4.08,no_two_source_semantic_agreement
بینی,4.08,no_two_source_semantic_agreement
تغیر,4.08,no_two_source_semantic_agreement
توقعات,4.08,no_two_source_semantic_agreement
جاوے,4.08,no_two_source_semantic_agreement
جریدے,4.08,no_two_source_semantic_agreement
جوائنٹ,4.08,no_two_source_semantic_agreement
جھنڈے,4.08,no_two_source_semantic_agreement
حرکات,4.08,no_two_source_semantic_agreement
خسارے,4.08,no_two_source_semantic_agreement
دنیائے,4.08,no_two_source_semantic_agreement
رح,4.08,no_two_source_semantic_agreement
رضامندی,4.08,no_two_source_semantic_agreement
زئی,4.08,no_two_source_semantic_agreement
زندگیوں,4.08,no_two_source_semantic_agreement
ساکن,4.08,no_two_source_semantic_agreement
سراپا,4.08,no_two_source_semantic_agreement
سردیوں,4.08,no_two_source_semantic_agreement
سوشلسٹ,4.08,no_two_source_semantic_agreement
سویلین,4.08,no_two_source_semantic_agreement
شا,4.08,no_two_source_semantic_agreement
شورش,4.08,no_two_source_semantic_agreement
صفوں,4.08,no_two_source_semantic_agreement
عدالتیں,4.08,no_two_source_semantic_agreement
عصری,4.08,no_two_source_semantic_agreement
فکسنگ,4.08,no_two_source_semantic_agreement
قران,4.08,no_two_source_semantic_agreement
قیمتیں,4.08,no_two_source_semantic_agreement
لاؤ,4.08,no_two_source_semantic_agreement
لادن,4.08,no_two_source_semantic_agreement
لڑے,4.08,no_two_source_semantic_agreement
لیاری,4.08,no_two_source_semantic_agreement
لینی,4.08,no_two_source_semantic_agreement
مارتے,4.08,no_two_source_semantic_agreement
مایہ,4.08,no_two_source_semantic_agreement
مزارات,4.08,no_two_source_semantic_agreement
مسودہ,4.08,no_two_source_semantic_agreement
مفسرین,4.08,no_two_source_semantic_agreement
مٹا,4.08,no_two_source_semantic_agreement
مہلک,4.08,no_two_source_semantic_agreement
ناموس,4.08,no_two_source_semantic_agreement
ندوی,4.08,no_two_source_semantic_agreement
نقطۂ,4.08,no_two_source_semantic_agreement
واعظ,4.08,no_two_source_semantic_agreement
وقاص,4.08,no_two_source_semantic_agreement
وں,4.08,no_two_source_semantic_agreement
ٹاسک,4.08,no_two_source_semantic_agreement
پلاٹ,4.08,no_two_source_semantic_agreement
پنڈ,4.08,no_two_source_semantic_agreement
پنڈی,4.08,no_two_source_semantic_agreement
پھاڑ,4.08,no_two_source_semantic_agreement
پھوڑ,4.08,no_two_source_semantic_agreement
پیسٹ,4.08,no_two_source_semantic_agreement
پیشرفت,4.08,no_two_source_semantic_agreement
پیشے,4.08,no_two_source_semantic_agreement
چلائیں,4.08,no_two_source_semantic_agreement
چلائے,4.08,no_two_source_semantic_agreement
ڈرا,4.08,no_two_source_semantic_agreement
ڈٹ,4.08,no_two_source_semantic_agreement
کارروائیاں,4.08,no_two_source_semantic_agreement
کالجز,4.08,no_two_source_semantic_agreement
کشیدہ,4.08,no_two_source_semantic_agreement
کلنگ,4.08,no_two_source_semantic_agreement
کوالٹی,4.08,no_two_source_semantic_agreement
کچی,4.08,no_two_source_semantic_agreement
کھیتوں,4.08,no_two_source_semantic_agreement
گرینڈ,4.08,no_two_source_semantic_agreement
ہیومن,4.08,no_two_source_semantic_agreement
ہیکل,4.08,no_two_source_semantic_agreement
یادو,4.08,no_two_source_semantic_agreement
آفاق,4.07,no_two_source_semantic_agreement
اجمل,4.07,no_two_source_semantic_agreement
ارتقا,4.07,no_two_source_semantic_agreement
استغفار,4.07,no_two_source_semantic_agreement
اسناد,4.07,no_two_source_semantic_agreement
اسکیم,4.07,no_two_source_semantic_agreement
الوطنی,4.07,no_two_source_semantic_agreement
الیون,4.07,no_two_source_semantic_agreement
اندازی,4.07,no_two_source_semantic_agreement
اوران,4.07,no_two_source_semantic_agreement
بروقت,4.07,no_two_source_semantic_agreement
بصیرت,4.07,no_two_source_semantic_agreement
بڑھی,4.07,no_two_source_semantic_agreement
بھئی,4.07,no_two_source_semantic_agreement
بینڈ,4.07,no_two_source_semantic_agreement
تالیف,4.07,no_two_source_semantic_agreement
ترجمے,4.07,no_two_source_semantic_agreement
تھ,4.07,no_two_source_semantic_agreement
جہادی,4.07,no_two_source_semantic_agreement
جینے,4.07,no_two_source_semantic_agreement
حضورصلی,3.08,no_two_source_semantic_agreement
حنیفہ,4.07,no_two_source_semantic_agreement
خلیات,4.07,no_two_source_semantic_agreement
خمینی,4.07,no_two_source_semantic_agreement
خونی,4.07,no_two_source_semantic_agreement
دجال,4.07,no_two_source_semantic_agreement
درپیش,4.07,no_two_source_semantic_agreement
دشوار,4.07,no_two_source_semantic_agreement
دلت,4.07,no_two_source_semantic_agreement
دیواریں,4.07,no_two_source_semantic_agreement
رٹ,4.07,no_two_source_semantic_agreement
رکھنی,4.07,no_two_source_semantic_agreement
ریمانڈ,4.07,no_two_source_semantic_agreement
ساجد,4.07,no_two_source_semantic_agreement
سازشیں,4.07,no_two_source_semantic_agreement
سناتے,4.07,no_two_source_semantic_agreement
سوٹ,4.07,no_two_source_semantic_agreement
سٹاف,4.07,no_two_source_semantic_agreement
سپہ,4.07,no_two_source_semantic_agreement
سپیشل,4.07,no_two_source_semantic_agreement
سکو,4.07,no_two_source_semantic_agreement
شہدائے,4.07,no_two_source_semantic_agreement
عقلی,4.07,no_two_source_semantic_agreement
عمارتیں,4.07,no_two_source_semantic_agreement
عہدیدار,4.07,no_two_source_semantic_agreement
غوث,4.07,no_two_source_semantic_agreement
فروش,4.07,no_two_source_semantic_agreement
فقہی,4.07,no_two_source_semantic_agreement
قادیانیوں,4.07,no_two_source_semantic_agreement
لائحہ,4.07,no_two_source_semantic_agreement
مانگتا,4.07,no_two_source_semantic_agreement
مزاحیہ,4.07,no_two_source_semantic_agreement
معاذ,4.07,no_two_source_semantic_agreement
مڑ,4.07,no_two_source_semantic_agreement
مکاتب,4.07,no_two_source_semantic_agreement
مہمند,4.07,no_two_source_semantic_agreement
نعمان,4.07,no_two_source_semantic_agreement
ورثہ,4.07,no_two_source_semantic_agreement
پہنے,4.07,no_two_source_semantic_agreement
پیمرا,4.07,no_two_source_semantic_agreement
پیکیج,4.07,no_two_source_semantic_agreement
کانام,4.07,no_two_source_semantic_agreement
کلر,4.07,no_two_source_semantic_agreement
گاوں,4.07,no_two_source_semantic_agreement
گذر,4.07,no_two_source_semantic_agreement
ہواؤں,4.07,no_two_source_semantic_agreement
ہونگی,4.07,no_two_source_semantic_agreement
آراء,4.06,no_two_source_semantic_agreement
اداکاروں,4.06,no_two_source_semantic_agreement
اسماء,4.06,no_two_source_semantic_agreement
اعشاریہ,4.06,no_two_source_semantic_agreement
افراط,4.06,no_two_source_semantic_agreement
اندھے,4.06,no_two_source_semantic_agreement
اونچے,4.06,no_two_source_semantic_agreement
باخبر,4.06,no_two_source_semantic_agreement
باطن,4.06,no_two_source_semantic_agreement
بشر,4.06,no_two_source_semantic_agreement
بلور,4.06,no_two_source_semantic_agreement
بنگالی,4.06,no_two_source_semantic_agreement
بچن,4.06,no_two_source_semantic_agreement
بگٹی,4.06,no_two_source_semantic_agreement
بھاگنے,4.06,no_two_source_semantic_agreement
تحریریں,4.06,no_two_source_semantic_agreement
تنخواہیں,4.06,no_two_source_semantic_agreement
تنگی,4.06,no_two_source_semantic_agreement
جاتیں,4.06,no_two_source_semantic_agreement
جز,4.06,no_two_source_semantic_agreement
جسکے,4.06,no_two_source_semantic_agreement
جوئی,4.06,no_two_source_semantic_agreement
جہد,4.06,no_two_source_semantic_agreement
خاصہ,4.06,no_two_source_semantic_agreement
خوبیاں,4.06,no_two_source_semantic_agreement
خوشیوں,4.06,no_two_source_semantic_agreement
دھاتوں,4.06,no_two_source_semantic_agreement
دینگے,4.06,no_two_source_semantic_agreement
ریٹائر,4.06,no_two_source_semantic_agreement
زیاد,4.06,no_two_source_semantic_agreement
سجا,4.06,no_two_source_semantic_agreement
سمٹ,4.06,no_two_source_semantic_agreement
سوچے,4.06,no_two_source_semantic_agreement
سکور,4.06,no_two_source_semantic_agreement
شیروں,4.06,no_two_source_semantic_agreement
طلحہ,4.06,no_two_source_semantic_agreement
فائدے,4.06,no_two_source_semantic_agreement
فاسٹ,4.06,no_two_source_semantic_agreement
فصلوں,4.06,no_two_source_semantic_agreement
قربت,4.06,no_two_source_semantic_agreement
ماؤں,4.06,no_two_source_semantic_agreement
متضاد,4.06,no_two_source_semantic_agreement
مصروفیات,4.06,no_two_source_semantic_agreement
مماثلت,4.06,no_two_source_semantic_agreement
منطقی,4.06,no_two_source_semantic_agreement
موصل,4.06,no_two_source_semantic_agreement
موٹرسائیکل,4.06,no_two_source_semantic_agreement
میڈل,4.06,no_two_source_semantic_agreement
نارمل,4.06,no_two_source_semantic_agreement
نامزدگی,4.06,no_two_source_semantic_agreement
نفری,4.06,no_two_source_semantic_agreement
نقاد,4.06,no_two_source_semantic_agreement
نچلے,4.06,no_two_source_semantic_agreement
وارداتوں,4.06,no_two_source_semantic_agreement
ٹوٹنے,4.06,no_two_source_semantic_agreement
پراپرٹی,4.06,no_two_source_semantic_agreement
پرسکون,4.06,no_two_source_semantic_agreement
پروڈکشن,4.06,no_two_source_semantic_agreement
پینٹ,4.06,no_two_source_semantic_agreement
چائنا,4.06,no_two_source_semantic_agreement
ڈانس,4.06,no_two_source_semantic_agreement
کاوشوں,4.06,no_two_source_semantic_agreement
کتوں,4.06,no_two_source_semantic_agreement
کردیتی,4.06,no_two_source_semantic_agreement
کرنٹ,4.06,no_two_source_semantic_agreement
کمرشل,4.06,no_two_source_semantic_agreement
کنویں,4.06,raw_grammatical_metadata_only
گلہ,4.06,no_two_source_semantic_agreement
گنگ,4.06,no_two_source_semantic_agreement
گوارا,4.06,no_two_source_semantic_agreement
ہن,4.06,no_two_source_semantic_agreement
ہڈیوں,4.06,raw_grammatical_metadata_only
آرگنائزیشن,4.05,no_two_source_semantic_agreement
آپصلی,0.00,no_two_source_semantic_agreement
ائیرپورٹ,4.05,no_two_source_semantic_agreement
احتیاطی,4.05,no_two_source_semantic_agreement
احمدی,4.05,no_two_source_semantic_agreement
اسلحے,4.05,no_two_source_semantic_agreement
اشتہارات,4.05,no_two_source_semantic_agreement
اعتقاد,4.05,no_two_source_semantic_agreement
العزیز,4.05,no_two_source_semantic_agreement
النساء,4.05,no_two_source_semantic_agreement
اناج,4.05,no_two_source_semantic_agreement
ایسڈ,4.05,no_two_source_semantic_agreement
بالترتیب,4.05,no_two_source_semantic_agreement
بھیجیں,4.05,no_two_source_semantic_agreement
تابعین,4.05,no_two_source_semantic_agreement
جونیئر,4.05,no_two_source_semantic_agreement
جھگڑے,4.05,raw_grammatical_metadata_only
حاشیہ,4.05,no_two_source_semantic_agreement
حرمین,4.05,no_two_source_semantic_agreement
حماد,4.05,no_two_source_semantic_agreement
داعی,4.05,no_two_source_semantic_agreement
دانیال,4.05,no_two_source_semantic_agreement
ذرات,4.05,no_two_source_semantic_agreement
راہنما,4.05,no_two_source_semantic_agreement
رجسٹریشن,4.05,no_two_source_semantic_agreement
رفاقت,4.05,no_two_source_semantic_agreement
روزمرہ,4.05,no_two_source_semantic_agreement
روزگاری,4.05,no_two_source_semantic_agreement
سورۂ,4.05,no_two_source_semantic_agreement
سکھایا,4.05,no_two_source_semantic_agreement
سیٹیں,4.05,no_two_source_semantic_agreement
شنگھائی,4.05,no_two_source_semantic_agreement
طورپر,4.05,no_two_source_semantic_agreement
عثمانیہ,4.05,no_two_source_semantic_agreement
لمحات,4.05,no_two_source_semantic_agreement
لنکن,4.05,no_two_source_semantic_agreement
لوح,4.05,no_two_source_semantic_agreement
لگاؤ,4.05,no_two_source_semantic_agreement
ماجد,4.05,no_two_source_semantic_agreement
ماریہ,4.05,no_two_source_semantic_agreement
محاصرہ,4.05,no_two_source_semantic_agreement
معارف,4.05,no_two_source_semantic_agreement
ناحق,4.05,no_two_source_semantic_agreement
نقشے,4.05,no_two_source_semantic_agreement
نوری,4.05,no_two_source_semantic_agreement
نکالیں,4.05,no_two_source_semantic_agreement
نیلے,4.05,no_two_source_semantic_agreement
وانی,4.05,no_two_source_semantic_agreement
وسیلہ,4.05,no_two_source_semantic_agreement
وقتا,4.05,no_two_source_semantic_agreement
ٹائپ,4.05,no_two_source_semantic_agreement
پروڈیوسر,4.05,no_two_source_semantic_agreement
پست,4.05,no_two_source_semantic_agreement
پوچھتا,4.05,no_two_source_semantic_agreement
پھینکنے,4.05,no_two_source_semantic_agreement
پہنچتے,4.05,no_two_source_semantic_agreement
پیپرز,4.05,no_two_source_semantic_agreement
چھٹے,4.05,no_two_source_semantic_agreement
ڈالتا,4.05,no_two_source_semantic_agreement
کارنامے,4.05,no_two_source_semantic_agreement
کامیابیوں,4.05,no_two_source_semantic_agreement
کیاتھا,4.05,no_two_source_semantic_agreement
کےخلاف,4.05,no_two_source_semantic_agreement
گزین,4.05,no_two_source_semantic_agreement
گھبرا,4.05,no_two_source_semantic_agreement
ہاوس,4.05,no_two_source_semantic_agreement
ہنستے,4.05,no_two_source_semantic_agreement
یادوں,4.05,no_two_source_semantic_agreement
آئس,4.04,no_two_source_semantic_agreement
آڈیو,4.04,no_two_source_semantic_agreement
اجزا,4.04,no_two_source_semantic_agreement
الثانی,4.04,no_two_source_semantic_agreement
الرٹ,4.04,no_two_source_semantic_agreement
انحراف,4.04,no_two_source_semantic_agreement
انسٹیٹیوٹ,4.04,no_two_source_semantic_agreement
انقرہ,4.04,no_two_source_semantic_agreement
ایوارڈز,4.04,no_two_source_semantic_agreement
باڈی,4.04,no_two_source_semantic_agreement
بسنے,4.04,raw_grammatical_metadata_only
بلڈنگ,4.04,no_two_source_semantic_agreement
بنگلور,4.04,no_two_source_semantic_agreement
بیکار,4.04,no_two_source_semantic_agreement
تشہیر,4.04,no_two_source_semantic_agreement
توسط,4.04,no_two_source_semantic_agreement
جراثیم,4.04,no_two_source_semantic_agreement
جلتی,4.04,no_two_source_semantic_agreement
جوابات,4.04,no_two_source_semantic_agreement
جھکا,4.04,no_two_source_semantic_agreement
خوار,4.04,no_two_source_semantic_agreement
دبانے,4.04,no_two_source_semantic_agreement
درباری,4.04,no_two_source_semantic_agreement
دھوکے,4.04,no_two_source_semantic_agreement
راجیہ,4.04,no_two_source_semantic_agreement
رسالے,4.04,no_two_source_semantic_agreement
رساں,4.04,no_two_source_semantic_agreement
رستہ,4.04,no_two_source_semantic_agreement
رسولصلی,0.00,no_two_source_semantic_agreement
رفیع,4.04,no_two_source_semantic_agreement
روانی,4.04,no_two_source_semantic_agreement
سرتاج,4.04,no_two_source_semantic_agreement
سنایا,4.04,no_two_source_semantic_agreement
سٹیڈیم,4.04,no_two_source_semantic_agreement
سینما,4.04,no_two_source_semantic_agreement
ضوابط,4.04,no_two_source_semantic_agreement
طفیل,4.04,no_two_source_semantic_agreement
فام,4.04,no_two_source_semantic_agreement
فراڈ,4.04,no_two_source_semantic_agreement
فریقین,4.04,no_two_source_semantic_agreement
فوقتا,4.04,no_two_source_semantic_agreement
لانچ,4.04,no_two_source_semantic_agreement
مارٹن,4.04,no_two_source_semantic_agreement
ماہنامہ,4.04,no_two_source_semantic_agreement
مختاری,4.04,no_two_source_semantic_agreement
مرا,4.04,no_two_source_semantic_agreement
مستعمل,4.04,no_two_source_semantic_agreement
مضبوطی,4.04,no_two_source_semantic_agreement
معقول,4.04,no_two_source_semantic_agreement
میوزیم,4.04,no_two_source_semantic_agreement
نمو,4.04,no_two_source_semantic_agreement
نوائے,4.04,no_two_source_semantic_agreement
نوبل,4.04,no_two_source_semantic_agreement
وزیرداخلہ,4.04,no_two_source_semantic_agreement
پابندیوں,4.04,no_two_source_semantic_agreement
پرتشدد,4.04,no_two_source_semantic_agreement
چاہو,4.04,no_two_source_semantic_agreement
چھکے,4.04,no_two_source_semantic_agreement
کانٹے,4.04,no_two_source_semantic_agreement
کریگا,4.04,no_two_source_semantic_agreement
کک,4.04,no_two_source_semantic_agreement
کھرب,4.04,no_two_source_semantic_agreement
ہارٹ,4.04,no_two_source_semantic_agreement
ہلکے,4.04,no_two_source_semantic_agreement
آدھ,4.03,no_two_source_semantic_agreement
آرا,4.03,no_two_source_semantic_agreement
آرٹس,4.03,no_two_source_semantic_agreement
اسکور,4.03,no_two_source_semantic_agreement
افادیت,4.03,no_two_source_semantic_agreement
اقتباس,4.03,no_two_source_semantic_agreement
انجم,4.03,no_two_source_semantic_agreement
اڈوں,4.03,no_two_source_semantic_agreement
باغات,4.03,no_two_source_semantic_agreement
بریگیڈ,4.03,no_two_source_semantic_agreement
بش,4.03,no_two_source_semantic_agreement
بگڑ,4.03,no_two_source_semantic_agreement
بھیجتے,4.03,no_two_source_semantic_agreement
تراشی,4.03,no_two_source_semantic_agreement
تکالیف,4.03,no_two_source_semantic_agreement
تکلف,4.03,no_two_source_semantic_agreement
جوزف,4.03,no_two_source_semantic_agreement
حاملہ,4.03,no_two_source_semantic_agreement
حجت,4.03,no_two_source_semantic_agreement
حرج,4.03,no_two_source_semantic_agreement
خریدے,4.03,no_two_source_semantic_agreement
خلفاء,4.03,no_two_source_semantic_agreement
داریوں,4.03,no_two_source_semantic_agreement
دانتوں,4.03,no_two_source_semantic_agreement
دریں,4.03,no_two_source_semantic_agreement
دسترس,4.03,no_two_source_semantic_agreement
دھار,4.03,no_two_source_semantic_agreement
رائٹس,4.03,no_two_source_semantic_agreement
رسوا,4.03,no_two_source_semantic_agreement
روضہ,4.03,no_two_source_semantic_agreement
سلیکشن,4.03,no_two_source_semantic_agreement
سنسنی,4.03,no_two_source_semantic_agreement
سورة,4.03,no_two_source_semantic_agreement
سون,4.03,no_two_source_semantic_agreement
شکلیں,4.03,no_two_source_semantic_agreement
صحافتی,4.03,no_two_source_semantic_agreement
صفحے,4.03,no_two_source_semantic_agreement
عشرت,4.03,no_two_source_semantic_agreement
فتوے,4.03,no_two_source_semantic_agreement
فرخ,4.03,no_two_source_semantic_agreement
فوجیں,4.03,no_two_source_semantic_agreement
قدس,4.03,no_two_source_semantic_agreement
لڑا,4.03,no_two_source_semantic_agreement
مانیں,4.03,no_two_source_semantic_agreement
مجسمہ,4.03,no_two_source_semantic_agreement
محو,4.03,no_two_source_semantic_agreement
مسکراتے,4.03,no_two_source_semantic_agreement
مشابہت,4.03,no_two_source_semantic_agreement
ملانے,4.03,no_two_source_semantic_agreement
مناتے,4.03,no_two_source_semantic_agreement
موٹروے,4.03,no_two_source_semantic_agreement
میچز,4.03,no_two_source_semantic_agreement
ناگزیر,4.03,no_two_source_semantic_agreement
نمازیں,4.03,no_two_source_semantic_agreement
وزیرخارجہ,4.03,no_two_source_semantic_agreement
ٹانگیں,4.03,no_two_source_semantic_agreement
ٹاون,4.03,no_two_source_semantic_agreement
ٹکڑوں,4.03,no_two_source_semantic_agreement
پتوں,4.03,no_two_source_semantic_agreement
پرساد,4.03,no_two_source_semantic_agreement
پرعزم,4.03,no_two_source_semantic_agreement
پریشانیوں,4.03,no_two_source_semantic_agreement
پناہی,4.03,no_two_source_semantic_agreement
پولیو,4.03,no_two_source_semantic_agreement
پیکر,4.03,no_two_source_semantic_agreement
چھٹکارا,4.03,no_two_source_semantic_agreement
ڈھونڈنے,4.03,no_two_source_semantic_agreement
کرنیوالے,4.03,no_two_source_semantic_agreement
کمانڈ,4.03,no_two_source_semantic_agreement
کنندہ,4.03,no_two_source_semantic_agreement
گائوں,4.03,no_two_source_semantic_agreement
گراف,4.03,no_two_source_semantic_agreement
ہراساں,4.03,no_two_source_semantic_agreement
ہیرے,4.03,no_two_source_semantic_agreement
یادیں,4.03,no_two_source_semantic_agreement
آئند,4.02,no_two_source_semantic_agreement
آنی,4.02,no_two_source_semantic_agreement
آپریٹنگ,4.02,no_two_source_semantic_agreement
احاطے,4.02,no_two_source_semantic_agreement
ازکم,4.02,no_two_source_semantic_agreement
الفور,4.02,no_two_source_semantic_agreement
امیہ,4.02,no_two_source_semantic_agreement
انشورنس,4.02,no_two_source_semantic_agreement
انصافی,4.02,no_two_source_semantic_agreement
اننگز,4.02,no_two_source_semantic_agreement
اکابر,4.02,no_two_source_semantic_agreement
باتھ,4.02,no_two_source_semantic_agreement
باس,4.02,no_two_source_semantic_agreement
برابری,4.02,no_two_source_semantic_agreement
بشری,4.02,no_two_source_semantic_agreement
بلکل,4.02,no_two_source_semantic_agreement
بھٹ,4.02,no_two_source_semantic_agreement
تجاوزات,4.02,no_two_source_semantic_agreement
تراجم,4.02,no_two_source_semantic_agreement
تصانیف,4.02,no_two_source_semantic_agreement
توکل,4.02,no_two_source_semantic_agreement
حواس,4.02,no_two_source_semantic_agreement
حیائی,4.02,no_two_source_semantic_agreement
خروش,4.02,no_two_source_semantic_agreement
خوا,4.02,no_two_source_semantic_agreement
خیانت,4.02,no_two_source_semantic_agreement
دریاؤں,4.02,no_two_source_semantic_agreement
دورانیہ,4.02,no_two_source_semantic_agreement
دھارے,4.02,no_two_source_semantic_agreement
دھیرے,4.02,no_two_source_semantic_agreement
دیانت,4.02,no_two_source_semantic_agreement
رابرٹ,4.02,no_two_source_semantic_agreement
راہیں,4.02,no_two_source_semantic_agreement
رش,4.02,no_two_source_semantic_agreement
زیرو,4.02,no_two_source_semantic_agreement
ساؤتھ,4.02,no_two_source_semantic_agreement
سرسید,4.02,no_two_source_semantic_agreement
سرکردہ,4.02,no_two_source_semantic_agreement
سمجھو,4.02,no_two_source_semantic_agreement
سودے,4.02,no_two_source_semantic_agreement
سٹیٹ,4.02,no_two_source_semantic_agreement
سیاحتی,4.02,no_two_source_semantic_agreement
شادیاں,4.02,no_two_source_semantic_agreement
شنکر,4.02,no_two_source_semantic_agreement
صاحبزادی,4.02,no_two_source_semantic_agreement
صدور,4.02,no_two_source_semantic_agreement
صورتوں,4.02,no_two_source_semantic_agreement
ضامن,4.02,no_two_source_semantic_agreement
طرفہ,4.02,no_two_source_semantic_agreement
عقیل,4.02,no_two_source_semantic_agreement
فور,4.02,no_two_source_semantic_agreement
قلعے,4.02,no_two_source_semantic_agreement
لفظی,4.02,no_two_source_semantic_agreement
لیڈران,4.02,no_two_source_semantic_agreement
مروت,4.02,no_two_source_semantic_agreement
مروجہ,4.02,no_two_source_semantic_agreement
مشتعل,4.02,no_two_source_semantic_agreement
ممانعت,4.02,no_two_source_semantic_agreement
مندی,4.02,no_two_source_semantic_agreement
نکالتے,4.02,no_two_source_semantic_agreement
وعظ,4.02,no_two_source_semantic_agreement
وکٹیں,4.02,no_two_source_semantic_agreement
ویسی,4.02,no_two_source_semantic_agreement
ویلز,4.02,no_two_source_semantic_agreement
پسندانہ,4.02,no_two_source_semantic_agreement
پلس,4.02,no_two_source_semantic_agreement
پوشی,4.02,no_two_source_semantic_agreement
کامیابیاں,4.02,no_two_source_semantic_agreement
کود,4.02,no_two_source_semantic_agreement
کھیتی,4.02,no_two_source_semantic_agreement
کہلاتے,4.02,no_two_source_semantic_agreement
گالہ,4.02,no_two_source_semantic_agreement
گستاخانہ,4.02,no_two_source_semantic_agreement
گوٹھ,4.02,no_two_source_semantic_agreement
گینگ,4.02,no_two_source_semantic_agreement
ہوسکی,4.02,no_two_source_semantic_agreement
یابی,4.02,no_two_source_semantic_agreement
یورو,4.02,no_two_source_semantic_agreement
یکے,4.02,no_two_source_semantic_agreement
اتباع,4.01,no_two_source_semantic_agreement
اسٹیشنوں,4.01,no_two_source_semantic_agreement
اسپتالوں,4.01,no_two_source_semantic_agreement
اعدادوشمار,4.01,no_two_source_semantic_agreement
القدر,4.01,no_two_source_semantic_agreement
امیدوں,4.01,no_two_source_semantic_agreement
بج,4.01,no_two_source_semantic_agreement
بذات,4.01,no_two_source_semantic_agreement
بقاء,4.01,no_two_source_semantic_agreement
بھڑک,4.01,no_two_source_semantic_agreement
بینکنگ,4.01,no_two_source_semantic_agreement
تامل,4.01,no_two_source_semantic_agreement
تخمینہ,4.01,no_two_source_semantic_agreement
تقاضے,4.01,no_two_source_semantic_agreement
تکنیک,4.01,no_two_source_semantic_agreement
جمہور,4.01,no_two_source_semantic_agreement
جواہر,4.01,no_two_source_semantic_agreement
خریدار,4.01,no_two_source_semantic_agreement
خم,4.01,no_two_source_semantic_agreement
دلاتا,4.01,no_two_source_semantic_agreement
دھرنوں,4.01,no_two_source_semantic_agreement
دہندگان,4.01,no_two_source_semantic_agreement
دیجیے,4.01,no_two_source_semantic_agreement
ذاکر,4.01,no_two_source_semantic_agreement
رقبے,4.01,no_two_source_semantic_agreement
ریزرو,4.01,no_two_source_semantic_agreement
زہرا,4.01,no_two_source_semantic_agreement
سزائیں,4.01,no_two_source_semantic_agreement
سمجھانے,4.01,no_two_source_semantic_agreement
سٹیج,4.01,no_two_source_semantic_agreement
سکینڈل,4.01,no_two_source_semantic_agreement
سگنل,4.01,no_two_source_semantic_agreement
سیال,4.01,no_two_source_semantic_agreement
شباب,4.01,no_two_source_semantic_agreement
شمیم,4.01,no_two_source_semantic_agreement
صل,4.01,no_two_source_semantic_agreement
علمبردار,4.01,no_two_source_semantic_agreement
فقدان,4.01,no_two_source_semantic_agreement
فہد,4.01,no_two_source_semantic_agreement
قسمتی,4.01,no_two_source_semantic_agreement
لیکچر,4.01,no_two_source_semantic_agreement
مانگیں,4.01,no_two_source_semantic_agreement
مباحث,4.01,no_two_source_semantic_agreement
مستقیم,4.01,no_two_source_semantic_agreement
مشائخ,4.01,no_two_source_semantic_agreement
نائٹ,4.01,no_two_source_semantic_agreement
نشانیاں,4.01,no_two_source_semantic_agreement
نشتر,4.01,no_two_source_semantic_agreement
نفی,4.01,no_two_source_semantic_agreement
نقوش,4.01,no_two_source_semantic_agreement
ٹائیگر,4.01,no_two_source_semantic_agreement
ٹاور,4.01,no_two_source_semantic_agreement
ٹوٹے,4.01,no_two_source_semantic_agreement
پائیدار,4.01,no_two_source_semantic_agreement
پرو,4.01,no_two_source_semantic_agreement
پہنچائے,4.01,no_two_source_semantic_agreement
پیاری,4.01,no_two_source_semantic_agreement
پیغامات,4.01,no_two_source_semantic_agreement
پینل,4.01,no_two_source_semantic_agreement
ڈھال,4.01,no_two_source_semantic_agreement
کرفیو,4.01,no_two_source_semantic_agreement
کرواتے,4.01,no_two_source_semantic_agreement
کٹھ,4.01,no_two_source_semantic_agreement
گرانٹ,4.01,no_two_source_semantic_agreement
گنہگار,4.01,no_two_source_semantic_agreement
ہادی,4.01,no_two_source_semantic_agreement
یورپین,4.01,no_two_source_semantic_agreement
یے,4.01,no_two_source_semantic_agreement
آبرو,4.00,no_two_source_semantic_agreement
آوری,4.00,no_two_source_semantic_agreement
ائی,4.00,no_two_source_semantic_agreement
استعفے,4.00,no_two_source_semantic_agreement
افتتاحی,4.00,no_two_source_semantic_agreement
الفضل,4.00,no_two_source_semantic_agreement
امیگریشن,4.00,no_two_source_semantic_agreement
اپنانے,4.00,no_two_source_semantic_agreement
اہلیت,4.00,no_two_source_semantic_agreement
بالواسطہ,4.00,no_two_source_semantic_agreement
بان,4.00,no_two_source_semantic_agreement
بتوں,4.00,no_two_source_semantic_agreement
بشانہ,4.00,no_two_source_semantic_agreement
بصری,4.00,no_two_source_semantic_agreement
بلوم,4.00,no_two_source_semantic_agreement
تاثرات,4.00,no_two_source_semantic_agreement
توڑا,4.00,no_two_source_semantic_agreement
جیک,4.00,no_two_source_semantic_agreement
خطوں,4.00,no_two_source_semantic_agreement
خلاء,4.00,no_two_source_semantic_agreement
دائمی,4.00,no_two_source_semantic_agreement
رینج,4.00,no_two_source_semantic_agreement
ساغر,4.00,no_two_source_semantic_agreement
سمیٹ,4.00,no_two_source_semantic_agreement
شادیوں,4.00,no_two_source_semantic_agreement
شوٹنگ,4.00,no_two_source_semantic_agreement
طاقتیں,4.00,no_two_source_semantic_agreement
طلال,4.00,no_two_source_semantic_agreement
عضب,4.00,no_two_source_semantic_agreement
عینی,4.00,no_two_source_semantic_agreement
فوزیہ,4.00,no_two_source_semantic_agreement
مائیں,4.00,no_two_source_semantic_agreement
مصلح,4.00,no_two_source_semantic_agreement
مصنفین,4.00,no_two_source_semantic_agreement
مطالبے,4.00,no_two_source_semantic_agreement
مقالے,4.00,no_two_source_semantic_agreement
ملیر,4.00,no_two_source_semantic_agreement
موافق,4.00,no_two_source_semantic_agreement
موسمی,4.00,no_two_source_semantic_agreement
مٹانے,4.00,no_two_source_semantic_agreement
نسائی,4.00,no_two_source_semantic_agreement
نسلیں,4.00,no_two_source_semantic_agreement
ننگے,4.00,no_two_source_semantic_agreement
وجوہ,4.00,no_two_source_semantic_agreement
وحشت,4.00,no_two_source_semantic_agreement
وردی,4.00,no_two_source_semantic_agreement
ورق,4.00,no_two_source_semantic_agreement
وطنی,4.00,no_two_source_semantic_agreement
ویزے,4.00,no_two_source_semantic_agreement
پہننے,4.00,no_two_source_semantic_agreement
پہنچائیں,4.00,no_two_source_semantic_agreement
پیڈ,4.00,no_two_source_semantic_agreement
چوپڑا,4.00,no_two_source_semantic_agreement
چی,4.00,no_two_source_semantic_agreement
کردینا,4.00,no_two_source_semantic_agreement
کھاؤ,4.00,no_two_source_semantic_agreement
گجر,4.00,no_two_source_semantic_agreement
گرانے,4.00,no_two_source_semantic_agreement
گرلز,4.00,no_two_source_semantic_agreement
گلوکارہ,4.00,no_two_source_semantic_agreement
یاسین,4.00,no_two_source_semantic_agreement
یوپی,4.00,no_two_source_semantic_agreement
آبادیوں,3.99,no_two_source_semantic_agreement
آسکتی,3.99,no_two_source_semantic_agreement
اثاثوں,3.99,no_two_source_semantic_agreement
استاذ,3.99,no_two_source_semantic_agreement
اسٹائل,3.99,no_two_source_semantic_agreement
اشخاص,3.99,no_two_source_semantic_agreement
اشد,3.99,no_two_source_semantic_agreement
اصطلاحات,3.99,no_two_source_semantic_agreement
امتزاج,3.99,no_two_source_semantic_agreement
اٹھاتا,3.99,no_two_source_semantic_agreement
اپنوں,3.99,no_two_source_semantic_agreement
بانٹ,3.99,no_two_source_semantic_agreement
بخشنے,3.99,no_two_source_semantic_agreement
بخود,3.99,no_two_source_semantic_agreement
براؤن,3.99,no_two_source_semantic_agreement
براجمان,3.99,no_two_source_semantic_agreement
برطرف,3.99,no_two_source_semantic_agreement
بچو,3.99,no_two_source_semantic_agreement
بھابھی,3.99,no_two_source_semantic_agreement
بہنیں,3.99,no_two_source_semantic_agreement
بیویاں,3.99,no_two_source_semantic_agreement
تدبیر,3.99,no_two_source_semantic_agreement
تلہ,3.99,no_two_source_semantic_agreement
تنصیبات,3.99,no_two_source_semantic_agreement
جارہاہے,3.99,no_two_source_semantic_agreement
جزا,3.99,no_two_source_semantic_agreement
جیپ,3.99,no_two_source_semantic_agreement
حصار,3.99,no_two_source_semantic_agreement
حصص,3.99,no_two_source_semantic_agreement
داؤ,3.99,no_two_source_semantic_agreement
دارانہ,3.99,no_two_source_semantic_agreement
دکھی,3.99,no_two_source_semantic_agreement
ذہنوں,3.99,no_two_source_semantic_agreement
رسوائی,3.99,no_two_source_semantic_agreement
رکے,3.99,no_two_source_semantic_agreement
ریفرنڈم,3.99,no_two_source_semantic_agreement
ریمارکس,3.99,no_two_source_semantic_agreement
ریٹرننگ,3.99,no_two_source_semantic_agreement
سالمیت,3.99,no_two_source_semantic_agreement
سرانجام,3.99,no_two_source_semantic_agreement
سرشار,3.99,no_two_source_semantic_agreement
سم,3.99,no_two_source_semantic_agreement
سنجیدگی,3.99,no_two_source_semantic_agreement
سپورٹس,3.99,no_two_source_semantic_agreement
شوز,3.99,no_two_source_semantic_agreement
شہیدوں,3.99,no_two_source_semantic_agreement
صادر,3.99,no_two_source_semantic_agreement
صبا,3.99,no_two_source_semantic_agreement
عبادات,3.99,no_two_source_semantic_agreement
عشرہ,3.99,no_two_source_semantic_agreement
عشرے,3.99,no_two_source_semantic_agreement
فٹبال,3.99,no_two_source_semantic_agreement
قبولیت,3.99,no_two_source_semantic_agreement
لاگ,3.99,no_two_source_semantic_agreement
متواتر,3.99,no_two_source_semantic_agreement
مجدد,3.99,no_two_source_semantic_agreement
مدتی,3.99,no_two_source_semantic_agreement
مرحومہ,3.99,no_two_source_semantic_agreement
مظفرآباد,3.99,no_two_source_semantic_agreement
مفکر,3.99,no_two_source_semantic_agreement
ملیشیا,3.99,no_two_source_semantic_agreement
منافقت,3.99,no_two_source_semantic_agreement
مولی,3.99,no_two_source_semantic_agreement
میعاد,3.99,no_two_source_semantic_agreement
نسخے,3.99,raw_grammatical_metadata_only
نمی,3.99,no_two_source_semantic_agreement
ننھے,3.99,no_two_source_semantic_agreement
نواح,3.99,no_two_source_semantic_agreement
واک,3.99,no_two_source_semantic_agreement
ورکر,3.99,no_two_source_semantic_agreement
ٹسٹ,3.99,no_two_source_semantic_agreement
ٹیگ,3.99,no_two_source_semantic_agreement
پائن,3.99,no_two_source_semantic_agreement
پرنٹ,3.99,no_two_source_semantic_agreement
کراتے,3.99,no_two_source_semantic_agreement
کرامت,3.99,no_two_source_semantic_agreement
کمشن,3.99,no_two_source_semantic_agreement
کیفیات,3.99,no_two_source_semantic_agreement
کین,3.99,no_two_source_semantic_agreement
کیپر,3.99,no_two_source_semantic_agreement
گاہیں,3.99,no_two_source_semantic_agreement
گرل,3.99,no_two_source_semantic_agreement
گزرنا,3.99,no_two_source_semantic_agreement
گزینوں,3.99,no_two_source_semantic_agreement
گورننس,3.99,no_two_source_semantic_agreement
آجاتے,3.98,no_two_source_semantic_agreement
آمدن,3.98,no_two_source_semantic_agreement
اترتے,3.98,raw_grammatical_metadata_only
انٹیلی,3.98,no_two_source_semantic_agreement
اوز,3.98,no_two_source_semantic_agreement
اچکزئی,3.98,no_two_source_semantic_agreement
اڑانے,3.98,no_two_source_semantic_agreement
بدستور,3.98,no_two_source_semantic_agreement
برآں,3.98,no_two_source_semantic_agreement
برحق,3.98,no_two_source_semantic_agreement
بساط,3.98,no_two_source_semantic_agreement
بولو,3.98,no_two_source_semantic_agreement
بکثرت,3.98,no_two_source_semantic_agreement
بھتہ,3.98,no_two_source_semantic_agreement
بیانی,3.98,no_two_source_semantic_agreement
تاکید,3.98,no_two_source_semantic_agreement
تخلیقات,3.98,no_two_source_semantic_agreement
ترامیم,3.98,no_two_source_semantic_agreement
تشیع,3.98,no_two_source_semantic_agreement
تقی,3.98,no_two_source_semantic_agreement
تھپڑ,3.98,no_two_source_semantic_agreement
جدیدیت,3.98,no_two_source_semantic_agreement
جلتے,3.98,no_two_source_semantic_agreement
جیتی,3.98,no_two_source_semantic_agreement
خانی,3.98,no_two_source_semantic_agreement
خاور,3.98,no_two_source_semantic_agreement
دواں,3.98,no_two_source_semantic_agreement
دکن,3.98,no_two_source_semantic_agreement
دھونے,3.98,no_two_source_semantic_agreement
دیار,3.98,no_two_source_semantic_agreement
دیہاتی,3.98,no_two_source_semantic_agreement
ریزی,3.98,no_two_source_semantic_agreement
زلمی,3.98,no_two_source_semantic_agreement
زوجہ,3.98,no_two_source_semantic_agreement
ستی,3.98,no_two_source_semantic_agreement
سعدی,3.98,no_two_source_semantic_agreement
سمری,3.98,no_two_source_semantic_agreement
