Front,Back
پاکستان,"Rank: 1001

Meaning: Pakistan

Frequency evidence: wordfreq Zipf 6.50
Frequency source: wordfreq Urdu multi-corpus ranking

Semantic verification: direct dictionary sense corroborated — Kaikki+ReadUrdu+word2word

Sources:
- wordfreq Urdu — Unicode multi-corpus frequency ordering
- Kaikki/Wiktextract — bilingual lexicographic evidence
- ReadUrdu — independent Urdu-English bilingual evidence
- word2word — independent corpus-derived bilingual evidence"
اللہ,"Rank: 1002

Meaning: Allah; God

Frequency evidence: wordfreq Zipf 6.44
Frequency source: wordfreq Urdu multi-corpus ranking

Semantic verification: direct dictionary sense corroborated — Kaikki+ReadUrdu+word2word

Sources:
- wordfreq Urdu — Unicode multi-corpus frequency ordering
- Kaikki/Wiktextract — bilingual lexicographic evidence
- ReadUrdu — independent Urdu-English bilingual evidence
- word2word — independent corpus-derived bilingual evidence"
پھر,"Rank: 1003

Meaning: then; again

Frequency evidence: wordfreq Zipf 6.17
Frequency source: wordfreq Urdu multi-corpus ranking

Semantic verification: direct dictionary sense corroborated — ReadUrdu+word2word

Sources:
- wordfreq Urdu — Unicode multi-corpus frequency ordering
- Kaikki/Wiktextract — bilingual lexicographic evidence
- ReadUrdu — independent Urdu-English bilingual evidence
- word2word — independent corpus-derived bilingual evidence"
گئے,"Rank: 1004

Meaning: went

Frequency evidence: wordfreq Zipf 6.17
Frequency source: wordfreq Urdu multi-corpus ranking

Semantic verification: direct dictionary sense corroborated — ReadUrdu+word2word

Sources:
- wordfreq Urdu — Unicode multi-corpus frequency ordering
- Kaikki/Wiktextract — bilingual lexicographic evidence
- ReadUrdu — independent Urdu-English bilingual evidence
- word2word — independent corpus-derived bilingual evidence"
اسلام,"Rank: 1005

Meaning: Islam

Frequency evidence: wordfreq Zipf 6.01
Frequency source: wordfreq Urdu multi-corpus ranking

Semantic verification: direct dictionary sense corroborated — Kaikki+ReadUrdu+word2word

Sources:
- wordfreq Urdu — Unicode multi-corpus frequency ordering
- Kaikki/Wiktextract — bilingual lexicographic evidence
- ReadUrdu — independent Urdu-English bilingual evidence
- word2word — independent corpus-derived bilingual evidence"
کہا,"Rank: 1006

Meaning: said

Frequency evidence: wordfreq Zipf 6.00
Frequency source: wordfreq Urdu multi-corpus ranking

Semantic verification: direct dictionary sense corroborated — ReadUrdu+word2word

Sources:
- wordfreq Urdu — Unicode multi-corpus frequency ordering
- Kaikki/Wiktextract — bilingual lexicographic evidence
- ReadUrdu — independent Urdu-English bilingual evidence
- word2word — independent corpus-derived bilingual evidence"
محمد,"Rank: 1007

Meaning: Mohammed; a male given name

Frequency evidence: wordfreq Zipf 5.95
Frequency source: wordfreq Urdu multi-corpus ranking

Semantic verification: direct dictionary sense corroborated — Kaikki+ReadUrdu+word2word

Sources:
- wordfreq Urdu — Unicode multi-corpus frequency ordering
- Kaikki/Wiktextract — bilingual lexicographic evidence
- ReadUrdu — independent Urdu-English bilingual evidence
- word2word — independent corpus-derived bilingual evidence"
کرتا,"Rank: 1008

Meaning: does

Frequency evidence: wordfreq Zipf 5.90
Frequency source: wordfreq Urdu multi-corpus ranking

Semantic verification: direct dictionary sense corroborated — ReadUrdu+word2word

Sources:
- wordfreq Urdu — Unicode multi-corpus frequency ordering
- Kaikki/Wiktextract — bilingual lexicographic evidence
- ReadUrdu — independent Urdu-English bilingual evidence
- word2word — independent corpus-derived bilingual evidence"
مطابق,"Rank: 1009

Meaning: according to

Frequency evidence: wordfreq Zipf 5.87
Frequency source: wordfreq Urdu multi-corpus ranking

Semantic verification: direct dictionary sense corroborated — ReadUrdu+word2word

Sources:
- wordfreq Urdu — Unicode multi-corpus frequency ordering
- Kaikki/Wiktextract — bilingual lexicographic evidence
- ReadUrdu — independent Urdu-English bilingual evidence
- word2word — independent corpus-derived bilingual evidence"
لیا,"Rank: 1010

Meaning: took

Frequency evidence: wordfreq Zipf 5.86
Frequency source: wordfreq Urdu multi-corpus ranking

Semantic verification: direct dictionary sense corroborated — ReadUrdu+word2word

Sources:
- wordfreq Urdu — Unicode multi-corpus frequency ordering
- Kaikki/Wiktextract — bilingual lexicographic evidence
- ReadUrdu — independent Urdu-English bilingual evidence
- word2word — independent corpus-derived bilingual evidence"
سکتا,"Rank: 1011

Meaning: Can

Frequency evidence: wordfreq Zipf 5.85
Frequency source: wordfreq Urdu multi-corpus ranking

Semantic verification: direct dictionary sense corroborated — ReadUrdu+word2word

Sources:
- wordfreq Urdu — Unicode multi-corpus frequency ordering
- Kaikki/Wiktextract — bilingual lexicographic evidence
- ReadUrdu — independent Urdu-English bilingual evidence
- word2word — independent corpus-derived bilingual evidence"
پنجاب,"Rank: 1012

Meaning: Punjab

Frequency evidence: wordfreq Zipf 5.83
Frequency source: wordfreq Urdu multi-corpus ranking

Semantic verification: direct dictionary sense corroborated — Kaikki+ReadUrdu

Sources:
- wordfreq Urdu — Unicode multi-corpus frequency ordering
- Kaikki/Wiktextract — bilingual lexicographic evidence
- ReadUrdu — independent Urdu-English bilingual evidence
- word2word — independent corpus-derived bilingual evidence"
پولیس,"Rank: 1013

Meaning: police

Frequency evidence: wordfreq Zipf 5.80
Frequency source: wordfreq Urdu multi-corpus ranking

Semantic verification: direct dictionary sense corroborated — ReadUrdu+word2word

Sources:
- wordfreq Urdu — Unicode multi-corpus frequency ordering
- Kaikki/Wiktextract — bilingual lexicographic evidence
- ReadUrdu — independent Urdu-English bilingual evidence
- word2word — independent corpus-derived bilingual evidence"
آئے,"Rank: 1014

Meaning: came

Frequency evidence: wordfreq Zipf 5.75
Frequency source: wordfreq Urdu multi-corpus ranking

Semantic verification: direct dictionary sense corroborated — ReadUrdu+word2word

Sources:
- wordfreq Urdu — Unicode multi-corpus frequency ordering
- Kaikki/Wiktextract — bilingual lexicographic evidence
- ReadUrdu — independent Urdu-English bilingual evidence
- word2word — independent corpus-derived bilingual evidence"
امریکی,"Rank: 1015

Meaning: American

Frequency evidence: wordfreq Zipf 5.75
Frequency source: wordfreq Urdu multi-corpus ranking

Semantic verification: direct dictionary sense corroborated — ReadUrdu+word2word

Sources:
- wordfreq Urdu — Unicode multi-corpus frequency ordering
- Kaikki/Wiktextract — bilingual lexicographic evidence
- ReadUrdu — independent Urdu-English bilingual evidence
- word2word — independent corpus-derived bilingual evidence"
لاہور,"Rank: 1016

Meaning: Lahore

Frequency evidence: wordfreq Zipf 5.73
Frequency source: wordfreq Urdu multi-corpus ranking

Semantic verification: direct dictionary sense corroborated — Kaikki+ReadUrdu+word2word

Sources:
- wordfreq Urdu — Unicode multi-corpus frequency ordering
- Kaikki/Wiktextract — bilingual lexicographic evidence
- ReadUrdu — independent Urdu-English bilingual evidence
- word2word — independent corpus-derived bilingual evidence"
امریکہ,"Rank: 1017

Meaning: America

Frequency evidence: wordfreq Zipf 5.72
Frequency source: wordfreq Urdu multi-corpus ranking

Semantic verification: direct dictionary sense corroborated — Kaikki+ReadUrdu+word2word

Sources:
- wordfreq Urdu — Unicode multi-corpus frequency ordering
- Kaikki/Wiktextract — bilingual lexicographic evidence
- ReadUrdu — independent Urdu-English bilingual evidence
- word2word — independent corpus-derived bilingual evidence"
عمران,"Rank: 1018

Meaning: equivalent to English Imran

Frequency evidence: wordfreq Zipf 5.70
Frequency source: wordfreq Urdu multi-corpus ranking

Semantic verification: direct dictionary sense corroborated — Kaikki+ReadUrdu

Sources:
- wordfreq Urdu — Unicode multi-corpus frequency ordering
- Kaikki/Wiktextract — bilingual lexicographic evidence
- ReadUrdu — independent Urdu-English bilingual evidence
- word2word — independent corpus-derived bilingual evidence"
اردو,"Rank: 1019

Meaning: army; the Urdu language

Frequency evidence: wordfreq Zipf 5.69
Frequency source: wordfreq Urdu multi-corpus ranking

Semantic verification: direct dictionary sense corroborated — Kaikki+ReadUrdu

Sources:
- wordfreq Urdu — Unicode multi-corpus frequency ordering
- Kaikki/Wiktextract — bilingual lexicographic evidence
- ReadUrdu — independent Urdu-English bilingual evidence
- word2word — independent corpus-derived bilingual evidence"
جبکہ,"Rank: 1020

Meaning: while

Frequency evidence: wordfreq Zipf 5.68
Frequency source: wordfreq Urdu multi-corpus ranking

Semantic verification: direct dictionary sense corroborated — ReadUrdu+word2word

Sources:
- wordfreq Urdu — Unicode multi-corpus frequency ordering
- Kaikki/Wiktextract — bilingual lexicographic evidence
- ReadUrdu — independent Urdu-English bilingual evidence
- word2word — independent corpus-derived bilingual evidence"
قرآن,"Rank: 1021

Meaning: Qur'an

Frequency evidence: wordfreq Zipf 5.68
Frequency source: wordfreq Urdu multi-corpus ranking

Semantic verification: direct dictionary sense corroborated — Kaikki+ReadUrdu

Sources:
- wordfreq Urdu — Unicode multi-corpus frequency ordering
- Kaikki/Wiktextract — bilingual lexicographic evidence
- ReadUrdu — independent Urdu-English bilingual evidence
- word2word — independent corpus-derived bilingual evidence"
کراچی,"Rank: 1022

Meaning: Karachi

Frequency evidence: wordfreq Zipf 5.68
Frequency source: wordfreq Urdu multi-corpus ranking

Semantic verification: direct dictionary sense corroborated — Kaikki+ReadUrdu+word2word

Sources:
- wordfreq Urdu — Unicode multi-corpus frequency ordering
- Kaikki/Wiktextract — bilingual lexicographic evidence
- ReadUrdu — independent Urdu-English bilingual evidence
- word2word — independent corpus-derived bilingual evidence"
سکتے,"Rank: 1023

Meaning: can

Frequency evidence: wordfreq Zipf 5.67
Frequency source: wordfreq Urdu multi-corpus ranking

Semantic verification: direct dictionary sense corroborated — ReadUrdu+word2word

Sources:
- wordfreq Urdu — Unicode multi-corpus frequency ordering
- Kaikki/Wiktextract — bilingual lexicographic evidence
- ReadUrdu — independent Urdu-English bilingual evidence
- word2word — independent corpus-derived bilingual evidence"
بھارت,"Rank: 1024

Meaning: India

Frequency evidence: wordfreq Zipf 5.66
Frequency source: wordfreq Urdu multi-corpus ranking

Semantic verification: direct dictionary sense corroborated — Kaikki+ReadUrdu

Sources:
- wordfreq Urdu — Unicode multi-corpus frequency ordering
- Kaikki/Wiktextract — bilingual lexicographic evidence
- ReadUrdu — independent Urdu-English bilingual evidence
- word2word — independent corpus-derived bilingual evidence"
لیگ,"Rank: 1025

Meaning: league

Frequency evidence: wordfreq Zipf 5.65
Frequency source: wordfreq Urdu multi-corpus ranking

Semantic verification: direct dictionary sense corroborated — ReadUrdu+word2word

Sources:
- wordfreq Urdu — Unicode multi-corpus frequency ordering
- Kaikki/Wiktextract — bilingual lexicographic evidence
- ReadUrdu — independent Urdu-English bilingual evidence
- word2word — independent corpus-derived bilingual evidence"
کہتے,"Rank: 1026

Meaning: say

Frequency evidence: wordfreq Zipf 5.63
Frequency source: wordfreq Urdu multi-corpus ranking

Semantic verification: direct dictionary sense corroborated — ReadUrdu+word2word

Sources:
- wordfreq Urdu — Unicode multi-corpus frequency ordering
- Kaikki/Wiktextract — bilingual lexicographic evidence
- ReadUrdu — independent Urdu-English bilingual evidence
- word2word — independent corpus-derived bilingual evidence"
بارے,"Rank: 1027

Meaning: about

Frequency evidence: wordfreq Zipf 5.62
Frequency source: wordfreq Urdu multi-corpus ranking

Semantic verification: direct dictionary sense corroborated — ReadUrdu+word2word

Sources:
- wordfreq Urdu — Unicode multi-corpus frequency ordering
- Kaikki/Wiktextract — bilingual lexicographic evidence
- ReadUrdu — independent Urdu-English bilingual evidence
- word2word — independent corpus-derived bilingual evidence"
دیکھ,"Rank: 1028

Meaning: see

Frequency evidence: wordfreq Zipf 5.61
Frequency source: wordfreq Urdu multi-corpus ranking

Semantic verification: direct dictionary sense corroborated — ReadUrdu+word2word

Sources:
- wordfreq Urdu — Unicode multi-corpus frequency ordering
- Kaikki/Wiktextract — bilingual lexicographic evidence
- ReadUrdu — independent Urdu-English bilingual evidence
- word2word — independent corpus-derived bilingual evidence"
چاہیے,"Rank: 1029

Meaning: should

Frequency evidence: wordfreq Zipf 5.61
Frequency source: wordfreq Urdu multi-corpus ranking

Semantic verification: direct dictionary sense corroborated — ReadUrdu+word2word

Sources:
- wordfreq Urdu — Unicode multi-corpus frequency ordering
- Kaikki/Wiktextract — bilingual lexicographic evidence
- ReadUrdu — independent Urdu-English bilingual evidence
- word2word — independent corpus-derived bilingual evidence"
بھر,"Rank: 1030

Meaning: full

Frequency evidence: wordfreq Zipf 5.58
Frequency source: wordfreq Urdu multi-corpus ranking

Semantic verification: direct dictionary sense corroborated — ReadUrdu+word2word

Sources:
- wordfreq Urdu — Unicode multi-corpus frequency ordering
- Kaikki/Wiktextract — bilingual lexicographic evidence
- ReadUrdu — independent Urdu-English bilingual evidence
- word2word — independent corpus-derived bilingual evidence"
ٹیم,"Rank: 1031

Meaning: team

Frequency evidence: wordfreq Zipf 5.58
Frequency source: wordfreq Urdu multi-corpus ranking

Semantic verification: direct dictionary sense corroborated — ReadUrdu+word2word

Sources:
- wordfreq Urdu — Unicode multi-corpus frequency ordering
- Kaikki/Wiktextract — bilingual lexicographic evidence
- ReadUrdu — independent Urdu-English bilingual evidence
- word2word — independent corpus-derived bilingual evidence"
چیف,"Rank: 1032

Meaning: chief

Frequency evidence: wordfreq Zipf 5.58
Frequency source: wordfreq Urdu multi-corpus ranking

Semantic verification: direct dictionary sense corroborated — ReadUrdu+word2word

Sources:
- wordfreq Urdu — Unicode multi-corpus frequency ordering
- Kaikki/Wiktextract — bilingual lexicographic evidence
- ReadUrdu — independent Urdu-English bilingual evidence
- word2word — independent corpus-derived bilingual evidence"
اسمبلی,"Rank: 1033

Meaning: assembly

Frequency evidence: wordfreq Zipf 5.57
Frequency source: wordfreq Urdu multi-corpus ranking

Semantic verification: direct dictionary sense corroborated — ReadUrdu+word2word

Sources:
- wordfreq Urdu — Unicode multi-corpus frequency ordering
- Kaikki/Wiktextract — bilingual lexicographic evidence
- ReadUrdu — independent Urdu-English bilingual evidence
- word2word — independent corpus-derived bilingual evidence"
اعلان,"Rank: 1034

Meaning: announcement

Frequency evidence: wordfreq Zipf 5.57
Frequency source: wordfreq Urdu multi-corpus ranking

Semantic verification: direct dictionary sense corroborated — ReadUrdu+word2word

Sources:
- wordfreq Urdu — Unicode multi-corpus frequency ordering
- Kaikki/Wiktextract — bilingual lexicographic evidence
- ReadUrdu — independent Urdu-English bilingual evidence
- word2word — independent corpus-derived bilingual evidence"
دیکھا,"Rank: 1035

Meaning: saw

Frequency evidence: wordfreq Zipf 5.57
Frequency source: wordfreq Urdu multi-corpus ranking

Semantic verification: direct dictionary sense corroborated — ReadUrdu+word2word

Sources:
- wordfreq Urdu — Unicode multi-corpus frequency ordering
- Kaikki/Wiktextract — bilingual lexicographic evidence
- ReadUrdu — independent Urdu-English bilingual evidence
- word2word — independent corpus-derived bilingual evidence"
عالمی,"Rank: 1036

Meaning: global

Frequency evidence: wordfreq Zipf 5.56
Frequency source: wordfreq Urdu multi-corpus ranking

Semantic verification: direct dictionary sense corroborated — ReadUrdu+word2word

Sources:
- wordfreq Urdu — Unicode multi-corpus frequency ordering
- Kaikki/Wiktextract — bilingual lexicographic evidence
- ReadUrdu — independent Urdu-English bilingual evidence
- word2word — independent corpus-derived bilingual evidence"
کشمیر,"Rank: 1037

Meaning: Kashmir

Frequency evidence: wordfreq Zipf 5.56
Frequency source: wordfreq Urdu multi-corpus ranking

Semantic verification: direct dictionary sense corroborated — ReadUrdu+word2word

Sources:
- wordfreq Urdu — Unicode multi-corpus frequency ordering
- Kaikki/Wiktextract — bilingual lexicographic evidence
- ReadUrdu — independent Urdu-English bilingual evidence
- word2word — independent corpus-derived bilingual evidence"
کہیں,"Rank: 1038

Meaning: anywhere

Frequency evidence: wordfreq Zipf 5.54
Frequency source: wordfreq Urdu multi-corpus ranking

Semantic verification: direct dictionary sense corroborated — ReadUrdu+word2word

Sources:
- wordfreq Urdu — Unicode multi-corpus frequency ordering
- Kaikki/Wiktextract — bilingual lexicographic evidence
- ReadUrdu — independent Urdu-English bilingual evidence
- word2word — independent corpus-derived bilingual evidence"
جسٹس,"Rank: 1039

Meaning: justice

Frequency evidence: wordfreq Zipf 5.52
Frequency source: wordfreq Urdu multi-corpus ranking

Semantic verification: direct dictionary sense corroborated — ReadUrdu+word2word

Sources:
- wordfreq Urdu — Unicode multi-corpus frequency ordering
- Kaikki/Wiktextract — bilingual lexicographic evidence
- ReadUrdu — independent Urdu-English bilingual evidence
- word2word — independent corpus-derived bilingual evidence"
کورٹ,"Rank: 1040

Meaning: court

Frequency evidence: wordfreq Zipf 5.52
Frequency source: wordfreq Urdu multi-corpus ranking

Semantic verification: direct dictionary sense corroborated — ReadUrdu+word2word

Sources:
- wordfreq Urdu — Unicode multi-corpus frequency ordering
- Kaikki/Wiktextract — bilingual lexicographic evidence
- ReadUrdu — independent Urdu-English bilingual evidence
- word2word — independent corpus-derived bilingual evidence"
سندھ,"Rank: 1041

Meaning: Sindh

Frequency evidence: wordfreq Zipf 5.51
Frequency source: wordfreq Urdu multi-corpus ranking

Semantic verification: direct dictionary sense corroborated — Kaikki+ReadUrdu

Sources:
- wordfreq Urdu — Unicode multi-corpus frequency ordering
- Kaikki/Wiktextract — bilingual lexicographic evidence
- ReadUrdu — independent Urdu-English bilingual evidence
- word2word — independent corpus-derived bilingual evidence"
دیتا,"Rank: 1042

Meaning: gives

Frequency evidence: wordfreq Zipf 5.50
Frequency source: wordfreq Urdu multi-corpus ranking

Semantic verification: direct dictionary sense corroborated — ReadUrdu+word2word

Sources:
- wordfreq Urdu — Unicode multi-corpus frequency ordering
- Kaikki/Wiktextract — bilingual lexicographic evidence
- ReadUrdu — independent Urdu-English bilingual evidence
- word2word — independent corpus-derived bilingual evidence"
رکھا,"Rank: 1043

Meaning: kept

Frequency evidence: wordfreq Zipf 5.48
Frequency source: wordfreq Urdu multi-corpus ranking

Semantic verification: direct dictionary sense corroborated — ReadUrdu+word2word

Sources:
- wordfreq Urdu — Unicode multi-corpus frequency ordering
- Kaikki/Wiktextract — bilingual lexicographic evidence
- ReadUrdu — independent Urdu-English bilingual evidence
- word2word — independent corpus-derived bilingual evidence"
سرکاری,"Rank: 1044

Meaning: official

Frequency evidence: wordfreq Zipf 5.48
Frequency source: wordfreq Urdu multi-corpus ranking

Semantic verification: direct dictionary sense corroborated — ReadUrdu+word2word

Sources:
- wordfreq Urdu — Unicode multi-corpus frequency ordering
- Kaikki/Wiktextract — bilingual lexicographic evidence
- ReadUrdu — independent Urdu-English bilingual evidence
- word2word — independent corpus-derived bilingual evidence"
کہہ,"Rank: 1045

Meaning: say

Frequency evidence: wordfreq Zipf 5.47
Frequency source: wordfreq Urdu multi-corpus ranking

Semantic verification: direct dictionary sense corroborated — ReadUrdu+word2word

Sources:
- wordfreq Urdu — Unicode multi-corpus frequency ordering
- Kaikki/Wiktextract — bilingual lexicographic evidence
- ReadUrdu — independent Urdu-English bilingual evidence
- word2word — independent corpus-derived bilingual evidence"
بنایا,"Rank: 1046

Meaning: made; built

Frequency evidence: wordfreq Zipf 5.46
Frequency source: wordfreq Urdu multi-corpus ranking

Semantic verification: direct dictionary sense corroborated — ReadUrdu+word2word

Sources:
- wordfreq Urdu — Unicode multi-corpus frequency ordering
- Kaikki/Wiktextract — bilingual lexicographic evidence
- ReadUrdu — independent Urdu-English bilingual evidence
- word2word — independent corpus-derived bilingual evidence"
ایران,"Rank: 1047

Meaning: Iran

Frequency evidence: wordfreq Zipf 5.44
Frequency source: wordfreq Urdu multi-corpus ranking

Semantic verification: direct dictionary sense corroborated — Kaikki+ReadUrdu+word2word

Sources:
- wordfreq Urdu — Unicode multi-corpus frequency ordering
- Kaikki/Wiktextract — bilingual lexicographic evidence
- ReadUrdu — independent Urdu-English bilingual evidence
- word2word — independent corpus-derived bilingual evidence"
چاہتے,"Rank: 1048

Meaning: want

Frequency evidence: wordfreq Zipf 5.44
Frequency source: wordfreq Urdu multi-corpus ranking

Semantic verification: direct dictionary sense corroborated — ReadUrdu+word2word

Sources:
- wordfreq Urdu — Unicode multi-corpus frequency ordering
- Kaikki/Wiktextract — bilingual lexicographic evidence
- ReadUrdu — independent Urdu-English bilingual evidence
- word2word — independent corpus-derived bilingual evidence"
افغانستان,"Rank: 1049

Meaning: Afghanistan

Frequency evidence: wordfreq Zipf 5.43
Frequency source: wordfreq Urdu multi-corpus ranking

Semantic verification: direct dictionary sense corroborated — Kaikki+ReadUrdu+word2word

Sources:
- wordfreq Urdu — Unicode multi-corpus frequency ordering
- Kaikki/Wiktextract — bilingual lexicographic evidence
- ReadUrdu — independent Urdu-English bilingual evidence
- word2word — independent corpus-derived bilingual evidence"
لی,"Rank: 1050

Meaning: took

Frequency evidence: wordfreq Zipf 5.42
Frequency source: wordfreq Urdu multi-corpus ranking

Semantic verification: direct dictionary sense corroborated — ReadUrdu+word2word

Sources:
- wordfreq Urdu — Unicode multi-corpus frequency ordering
- Kaikki/Wiktextract — bilingual lexicographic evidence
- ReadUrdu — independent Urdu-English bilingual evidence
- word2word — independent corpus-derived bilingual evidence"
زیر,"Rank: 1051

Meaning: under

Frequency evidence: wordfreq Zipf 5.41
Frequency source: wordfreq Urdu multi-corpus ranking

Semantic verification: direct dictionary sense corroborated — ReadUrdu+word2word

Sources:
- wordfreq Urdu — Unicode multi-corpus frequency ordering
- Kaikki/Wiktextract — bilingual lexicographic evidence
- ReadUrdu — independent Urdu-English bilingual evidence
- word2word — independent corpus-derived bilingual evidence"
آتا,"Rank: 1052

Meaning: One who comes

Frequency evidence: wordfreq Zipf 5.40
Frequency source: wordfreq Urdu multi-corpus ranking

Semantic verification: direct dictionary sense corroborated — ReadUrdu+word2word

Sources:
- wordfreq Urdu — Unicode multi-corpus frequency ordering
- Kaikki/Wiktextract — bilingual lexicographic evidence
- ReadUrdu — independent Urdu-English bilingual evidence
- word2word — independent corpus-derived bilingual evidence"
حدیث,"Rank: 1053

Meaning: a narration; hadith

Frequency evidence: wordfreq Zipf 5.40
Frequency source: wordfreq Urdu multi-corpus ranking

Semantic verification: direct dictionary sense corroborated — Kaikki+ReadUrdu

Sources:
- wordfreq Urdu — Unicode multi-corpus frequency ordering
- Kaikki/Wiktextract — bilingual lexicographic evidence
- ReadUrdu — independent Urdu-English bilingual evidence
- word2word — independent corpus-derived bilingual evidence"
ہندوستان,"Rank: 1054

Meaning: India; Hindustan

Frequency evidence: wordfreq Zipf 5.40
Frequency source: wordfreq Urdu multi-corpus ranking

Semantic verification: direct dictionary sense corroborated — Kaikki+ReadUrdu

Sources:
- wordfreq Urdu — Unicode multi-corpus frequency ordering
- Kaikki/Wiktextract — bilingual lexicographic evidence
- ReadUrdu — independent Urdu-English bilingual evidence
- word2word — independent corpus-derived bilingual evidence"
نیوز,"Rank: 1055

Meaning: news

Frequency evidence: wordfreq Zipf 5.38
Frequency source: wordfreq Urdu multi-corpus ranking

Semantic verification: direct dictionary sense corroborated — ReadUrdu+word2word

Sources:
- wordfreq Urdu — Unicode multi-corpus frequency ordering
- Kaikki/Wiktextract — bilingual lexicographic evidence
- ReadUrdu — independent Urdu-English bilingual evidence
- word2word — independent corpus-derived bilingual evidence"
ابن,"Rank: 1056

Meaning: son; child

Frequency evidence: wordfreq Zipf 5.37
Frequency source: wordfreq Urdu multi-corpus ranking

Semantic verification: direct dictionary sense corroborated — Kaikki+ReadUrdu

Sources:
- wordfreq Urdu — Unicode multi-corpus frequency ordering
- Kaikki/Wiktextract — bilingual lexicographic evidence
- ReadUrdu — independent Urdu-English bilingual evidence
- word2word — independent corpus-derived bilingual evidence"
بین,"Rank: 1057

Meaning: middle

Frequency evidence: wordfreq Zipf 5.37
Frequency source: wordfreq Urdu multi-corpus ranking

Semantic verification: direct dictionary sense corroborated — Kaikki+ReadUrdu

Sources:
- wordfreq Urdu — Unicode multi-corpus frequency ordering
- Kaikki/Wiktextract — bilingual lexicographic evidence
- ReadUrdu — independent Urdu-English bilingual evidence
- word2word — independent corpus-derived bilingual evidence"
حالات,"Rank: 1058

Meaning: circumstances; conditions

Frequency evidence: wordfreq Zipf 5.37
Frequency source: wordfreq Urdu multi-corpus ranking

Semantic verification: direct dictionary sense corroborated — ReadUrdu+word2word

Sources:
- wordfreq Urdu — Unicode multi-corpus frequency ordering
- Kaikki/Wiktextract — bilingual lexicographic evidence
- ReadUrdu — independent Urdu-English bilingual evidence
- word2word — independent corpus-derived bilingual evidence"
ملا,"Rank: 1059

Meaning: met

Frequency evidence: wordfreq Zipf 5.37
Frequency source: wordfreq Urdu multi-corpus ranking

Semantic verification: direct dictionary sense corroborated — ReadUrdu+word2word

Sources:
- wordfreq Urdu — Unicode multi-corpus frequency ordering
- Kaikki/Wiktextract — bilingual lexicographic evidence
- ReadUrdu — independent Urdu-English bilingual evidence
- word2word — independent corpus-derived bilingual evidence"
بہترین,"Rank: 1060

Meaning: best

Frequency evidence: wordfreq Zipf 5.36
Frequency source: wordfreq Urdu multi-corpus ranking

Semantic verification: direct dictionary sense corroborated — ReadUrdu+word2word

Sources:
- wordfreq Urdu — Unicode multi-corpus frequency ordering
- Kaikki/Wiktextract — bilingual lexicographic evidence
- ReadUrdu — independent Urdu-English bilingual evidence
- word2word — independent corpus-derived bilingual evidence"
نا,"Rank: 1061

Meaning: no

Frequency evidence: wordfreq Zipf 5.36
Frequency source: wordfreq Urdu multi-corpus ranking

Semantic verification: direct dictionary sense corroborated — Kaikki+ReadUrdu

Sources:
- wordfreq Urdu — Unicode multi-corpus frequency ordering
- Kaikki/Wiktextract — bilingual lexicographic evidence
- ReadUrdu — independent Urdu-English bilingual evidence
- word2word — independent corpus-derived bilingual evidence"
شمار,"Rank: 1062

Meaning: Counting

Frequency evidence: wordfreq Zipf 5.35
Frequency source: wordfreq Urdu multi-corpus ranking

Semantic verification: direct dictionary sense corroborated — ReadUrdu+word2word

Sources:
- wordfreq Urdu — Unicode multi-corpus frequency ordering
- Kaikki/Wiktextract — bilingual lexicographic evidence
- ReadUrdu — independent Urdu-English bilingual evidence
- word2word — independent corpus-derived bilingual evidence"
پہنچ,"Rank: 1063

Meaning: to reach

Frequency evidence: wordfreq Zipf 5.35
Frequency source: wordfreq Urdu multi-corpus ranking

Semantic verification: direct dictionary sense corroborated — ReadUrdu+word2word

Sources:
- wordfreq Urdu — Unicode multi-corpus frequency ordering
- Kaikki/Wiktextract — bilingual lexicographic evidence
- ReadUrdu — independent Urdu-English bilingual evidence
- word2word — independent corpus-derived bilingual evidence"
پیچھے,"Rank: 1064

Meaning: behind

Frequency evidence: wordfreq Zipf 5.35
Frequency source: wordfreq Urdu multi-corpus ranking

Semantic verification: direct dictionary sense corroborated — ReadUrdu+word2word

Sources:
- wordfreq Urdu — Unicode multi-corpus frequency ordering
- Kaikki/Wiktextract — bilingual lexicographic evidence
- ReadUrdu — independent Urdu-English bilingual evidence
- word2word — independent corpus-derived bilingual evidence"
تعمیر,"Rank: 1065

Meaning: building

Frequency evidence: wordfreq Zipf 5.34
Frequency source: wordfreq Urdu multi-corpus ranking

Semantic verification: direct dictionary sense corroborated — ReadUrdu+word2word

Sources:
- wordfreq Urdu — Unicode multi-corpus frequency ordering
- Kaikki/Wiktextract — bilingual lexicographic evidence
- ReadUrdu — independent Urdu-English bilingual evidence
- word2word — independent corpus-derived bilingual evidence"
رپورٹ,"Rank: 1066

Meaning: report

Frequency evidence: wordfreq Zipf 5.34
Frequency source: wordfreq Urdu multi-corpus ranking

Semantic verification: direct dictionary sense corroborated — ReadUrdu+word2word

Sources:
- wordfreq Urdu — Unicode multi-corpus frequency ordering
- Kaikki/Wiktextract — bilingual lexicographic evidence
- ReadUrdu — independent Urdu-English bilingual evidence
- word2word — independent corpus-derived bilingual evidence"
چاہتا,"Rank: 1067

Meaning: wants

Frequency evidence: wordfreq Zipf 5.34
Frequency source: wordfreq Urdu multi-corpus ranking

Semantic verification: direct dictionary sense corroborated — ReadUrdu+word2word

Sources:
- wordfreq Urdu — Unicode multi-corpus frequency ordering
- Kaikki/Wiktextract — bilingual lexicographic evidence
- ReadUrdu — independent Urdu-English bilingual evidence
- word2word — independent corpus-derived bilingual evidence"
یونیورسٹی,"Rank: 1068

Meaning: university

Frequency evidence: wordfreq Zipf 5.34
Frequency source: wordfreq Urdu multi-corpus ranking

Semantic verification: direct dictionary sense corroborated — ReadUrdu+word2word

Sources:
- wordfreq Urdu — Unicode multi-corpus frequency ordering
- Kaikki/Wiktextract — bilingual lexicographic evidence
- ReadUrdu — independent Urdu-English bilingual evidence
- word2word — independent corpus-derived bilingual evidence"
ایمان,"Rank: 1069

Meaning: faith; belief

Frequency evidence: wordfreq Zipf 5.33
Frequency source: wordfreq Urdu multi-corpus ranking

Semantic verification: direct dictionary sense corroborated — Kaikki+ReadUrdu+word2word

Sources:
- wordfreq Urdu — Unicode multi-corpus frequency ordering
- Kaikki/Wiktextract — bilingual lexicographic evidence
- ReadUrdu — independent Urdu-English bilingual evidence
- word2word — independent corpus-derived bilingual evidence"
قیام,"Rank: 1070

Meaning: stay

Frequency evidence: wordfreq Zipf 5.33
Frequency source: wordfreq Urdu multi-corpus ranking

Semantic verification: direct dictionary sense corroborated — ReadUrdu+word2word

Sources:
- wordfreq Urdu — Unicode multi-corpus frequency ordering
- Kaikki/Wiktextract — bilingual lexicographic evidence
- ReadUrdu — independent Urdu-English bilingual evidence
- word2word — independent corpus-derived bilingual evidence"
نمبر,"Rank: 1071

Meaning: number

Frequency evidence: wordfreq Zipf 5.33
Frequency source: wordfreq Urdu multi-corpus ranking

Semantic verification: direct dictionary sense corroborated — ReadUrdu+word2word

Sources:
- wordfreq Urdu — Unicode multi-corpus frequency ordering
- Kaikki/Wiktextract — bilingual lexicographic evidence
- ReadUrdu — independent Urdu-English bilingual evidence
- word2word — independent corpus-derived bilingual evidence"
میچ,"Rank: 1072

Meaning: match

Frequency evidence: wordfreq Zipf 5.32
Frequency source: wordfreq Urdu multi-corpus ranking

Semantic verification: direct dictionary sense corroborated — ReadUrdu+word2word

Sources:
- wordfreq Urdu — Unicode multi-corpus frequency ordering
- Kaikki/Wiktextract — bilingual lexicographic evidence
- ReadUrdu — independent Urdu-English bilingual evidence
- word2word — independent corpus-derived bilingual evidence"
گرفتار,"Rank: 1073

Meaning: arrested; captured

Frequency evidence: wordfreq Zipf 5.32
Frequency source: wordfreq Urdu multi-corpus ranking

Semantic verification: direct dictionary sense corroborated — ReadUrdu+word2word

Sources:
- wordfreq Urdu — Unicode multi-corpus frequency ordering
- Kaikki/Wiktextract — bilingual lexicographic evidence
- ReadUrdu — independent Urdu-English bilingual evidence
- word2word — independent corpus-derived bilingual evidence"
جمع,"Rank: 1074

Meaning: A collection

Frequency evidence: wordfreq Zipf 5.31
Frequency source: wordfreq Urdu multi-corpus ranking

Semantic verification: direct dictionary sense corroborated — ReadUrdu+word2word

Sources:
- wordfreq Urdu — Unicode multi-corpus frequency ordering
- Kaikki/Wiktextract — bilingual lexicographic evidence
- ReadUrdu — independent Urdu-English bilingual evidence
- word2word — independent corpus-derived bilingual evidence"
ووٹ,"Rank: 1075

Meaning: vote

Frequency evidence: wordfreq Zipf 5.30
Frequency source: wordfreq Urdu multi-corpus ranking

Semantic verification: direct dictionary sense corroborated — ReadUrdu+word2word

Sources:
- wordfreq Urdu — Unicode multi-corpus frequency ordering
- Kaikki/Wiktextract — bilingual lexicographic evidence
- ReadUrdu — independent Urdu-English bilingual evidence
- word2word — independent corpus-derived bilingual evidence"
ڈالر,"Rank: 1076

Meaning: dollar

Frequency evidence: wordfreq Zipf 5.30
Frequency source: wordfreq Urdu multi-corpus ranking

Semantic verification: direct dictionary sense corroborated — ReadUrdu+word2word

Sources:
- wordfreq Urdu — Unicode multi-corpus frequency ordering
- Kaikki/Wiktextract — bilingual lexicographic evidence
- ReadUrdu — independent Urdu-English bilingual evidence
- word2word — independent corpus-derived bilingual evidence"
کانفرنس,"Rank: 1077

Meaning: conference

Frequency evidence: wordfreq Zipf 5.30
Frequency source: wordfreq Urdu multi-corpus ranking

Semantic verification: direct dictionary sense corroborated — ReadUrdu+word2word

Sources:
- wordfreq Urdu — Unicode multi-corpus frequency ordering
- Kaikki/Wiktextract — bilingual lexicographic evidence
- ReadUrdu — independent Urdu-English bilingual evidence
- word2word — independent corpus-derived bilingual evidence"
کمپنی,"Rank: 1078

Meaning: company

Frequency evidence: wordfreq Zipf 5.30
Frequency source: wordfreq Urdu multi-corpus ranking

Semantic verification: direct dictionary sense corroborated — ReadUrdu+word2word

Sources:
- wordfreq Urdu — Unicode multi-corpus frequency ordering
- Kaikki/Wiktextract — bilingual lexicographic evidence
- ReadUrdu — independent Urdu-English bilingual evidence
- word2word — independent corpus-derived bilingual evidence"
زخمی,"Rank: 1079

Meaning: & f. Wounded

Frequency evidence: wordfreq Zipf 5.29
Frequency source: wordfreq Urdu multi-corpus ranking

Semantic verification: direct dictionary sense corroborated — ReadUrdu+word2word

Sources:
- wordfreq Urdu — Unicode multi-corpus frequency ordering
- Kaikki/Wiktextract — bilingual lexicographic evidence
- ReadUrdu — independent Urdu-English bilingual evidence
- word2word — independent corpus-derived bilingual evidence"
ملے,"Rank: 1080

Meaning: met

Frequency evidence: wordfreq Zipf 5.29
Frequency source: wordfreq Urdu multi-corpus ranking

Semantic verification: direct dictionary sense corroborated — ReadUrdu+word2word

Sources:
- wordfreq Urdu — Unicode multi-corpus frequency ordering
- Kaikki/Wiktextract — bilingual lexicographic evidence
- ReadUrdu — independent Urdu-English bilingual evidence
- word2word — independent corpus-derived bilingual evidence"
چلا,"Rank: 1081

Meaning: went

Frequency evidence: wordfreq Zipf 5.29
Frequency source: wordfreq Urdu multi-corpus ranking

Semantic verification: direct dictionary sense corroborated — ReadUrdu+word2word

Sources:
- wordfreq Urdu — Unicode multi-corpus frequency ordering
- Kaikki/Wiktextract — bilingual lexicographic evidence
- ReadUrdu — independent Urdu-English bilingual evidence
- word2word — independent corpus-derived bilingual evidence"
تب,"Rank: 1082

Meaning: then

Frequency evidence: wordfreq Zipf 5.28
Frequency source: wordfreq Urdu multi-corpus ranking

Semantic verification: direct dictionary sense corroborated — Kaikki+ReadUrdu+word2word

Sources:
- wordfreq Urdu — Unicode multi-corpus frequency ordering
- Kaikki/Wiktextract — bilingual lexicographic evidence
- ReadUrdu — independent Urdu-English bilingual evidence
- word2word — independent corpus-derived bilingual evidence"
لفظ,"Rank: 1083

Meaning: word

Frequency evidence: wordfreq Zipf 5.28
Frequency source: wordfreq Urdu multi-corpus ranking

Semantic verification: direct dictionary sense corroborated — Kaikki+ReadUrdu+word2word

Sources:
- wordfreq Urdu — Unicode multi-corpus frequency ordering
- Kaikki/Wiktextract — bilingual lexicographic evidence
- ReadUrdu — independent Urdu-English bilingual evidence
- word2word — independent corpus-derived bilingual evidence"
لندن,"Rank: 1084

Meaning: London

Frequency evidence: wordfreq Zipf 5.28
Frequency source: wordfreq Urdu multi-corpus ranking

Semantic verification: direct dictionary sense corroborated — Kaikki+ReadUrdu+word2word

Sources:
- wordfreq Urdu — Unicode multi-corpus frequency ordering
- Kaikki/Wiktextract — bilingual lexicographic evidence
- ReadUrdu — independent Urdu-English bilingual evidence
- word2word — independent corpus-derived bilingual evidence"
حساب,"Rank: 1085

Meaning: account; calculation

Frequency evidence: wordfreq Zipf 5.27
Frequency source: wordfreq Urdu multi-corpus ranking

Semantic verification: direct dictionary sense corroborated — Kaikki+ReadUrdu

Sources:
- wordfreq Urdu — Unicode multi-corpus frequency ordering
- Kaikki/Wiktextract — bilingual lexicographic evidence
- ReadUrdu — independent Urdu-English bilingual evidence
- word2word — independent corpus-derived bilingual evidence"
خطاب,"Rank: 1086

Meaning: speech

Frequency evidence: wordfreq Zipf 5.27
Frequency source: wordfreq Urdu multi-corpus ranking

Semantic verification: direct dictionary sense corroborated — ReadUrdu+word2word

Sources:
- wordfreq Urdu — Unicode multi-corpus frequency ordering
- Kaikki/Wiktextract — bilingual lexicographic evidence
- ReadUrdu — independent Urdu-English bilingual evidence
- word2word — independent corpus-derived bilingual evidence"
رہنے,"Rank: 1087

Meaning: live

Frequency evidence: wordfreq Zipf 5.27
Frequency source: wordfreq Urdu multi-corpus ranking

Semantic verification: direct dictionary sense corroborated — ReadUrdu+word2word

Sources:
- wordfreq Urdu — Unicode multi-corpus frequency ordering
- Kaikki/Wiktextract — bilingual lexicographic evidence
- ReadUrdu — independent Urdu-English bilingual evidence
- word2word — independent corpus-derived bilingual evidence"
آیت,"Rank: 1088

Meaning: verse

Frequency evidence: wordfreq Zipf 5.26
Frequency source: wordfreq Urdu multi-corpus ranking

Semantic verification: direct dictionary sense corroborated — Kaikki+ReadUrdu+word2word

Sources:
- wordfreq Urdu — Unicode multi-corpus frequency ordering
- Kaikki/Wiktextract — bilingual lexicographic evidence
- ReadUrdu — independent Urdu-English bilingual evidence
- word2word — independent corpus-derived bilingual evidence"
تلاش,"Rank: 1089

Meaning: Search

Frequency evidence: wordfreq Zipf 5.26
Frequency source: wordfreq Urdu multi-corpus ranking

Semantic verification: direct dictionary sense corroborated — ReadUrdu+word2word

Sources:
- wordfreq Urdu — Unicode multi-corpus frequency ordering
- Kaikki/Wiktextract — bilingual lexicographic evidence
- ReadUrdu — independent Urdu-English bilingual evidence
- word2word — independent corpus-derived bilingual evidence"
مطالبہ,"Rank: 1090

Meaning: demand

Frequency evidence: wordfreq Zipf 5.26
Frequency source: wordfreq Urdu multi-corpus ranking

Semantic verification: direct dictionary sense corroborated — ReadUrdu+word2word

Sources:
- wordfreq Urdu — Unicode multi-corpus frequency ordering
- Kaikki/Wiktextract — bilingual lexicographic evidence
- ReadUrdu — independent Urdu-English bilingual evidence
- word2word — independent corpus-derived bilingual evidence"
چل,"Rank: 1091

Meaning: Going

Frequency evidence: wordfreq Zipf 5.26
Frequency source: wordfreq Urdu multi-corpus ranking

Semantic verification: direct dictionary sense corroborated — ReadUrdu+word2word

Sources:
- wordfreq Urdu — Unicode multi-corpus frequency ordering
- Kaikki/Wiktextract — bilingual lexicographic evidence
- ReadUrdu — independent Urdu-English bilingual evidence
- word2word — independent corpus-derived bilingual evidence"
اسرائیل,"Rank: 1092

Meaning: Israel

Frequency evidence: wordfreq Zipf 5.25
Frequency source: wordfreq Urdu multi-corpus ranking

Semantic verification: direct dictionary sense corroborated — Kaikki+ReadUrdu+word2word

Sources:
- wordfreq Urdu — Unicode multi-corpus frequency ordering
- Kaikki/Wiktextract — bilingual lexicographic evidence
- ReadUrdu — independent Urdu-English bilingual evidence
- word2word — independent corpus-derived bilingual evidence"
رہتے,"Rank: 1093

Meaning: live

Frequency evidence: wordfreq Zipf 5.25
Frequency source: wordfreq Urdu multi-corpus ranking

Semantic verification: direct dictionary sense corroborated — ReadUrdu+word2word

Sources:
- wordfreq Urdu — Unicode multi-corpus frequency ordering
- Kaikki/Wiktextract — bilingual lexicographic evidence
- ReadUrdu — independent Urdu-English bilingual evidence
- word2word — independent corpus-derived bilingual evidence"
مسیح,"Rank: 1094

Meaning: Christ; Messiah

Frequency evidence: wordfreq Zipf 5.25
Frequency source: wordfreq Urdu multi-corpus ranking

Semantic verification: direct dictionary sense corroborated — Kaikki+ReadUrdu+word2word

Sources:
- wordfreq Urdu — Unicode multi-corpus frequency ordering
- Kaikki/Wiktextract — bilingual lexicographic evidence
- ReadUrdu — independent Urdu-English bilingual evidence
- word2word — independent corpus-derived bilingual evidence"
بلوچستان,"Rank: 1095

Meaning: Balochistan

Frequency evidence: wordfreq Zipf 5.24
Frequency source: wordfreq Urdu multi-corpus ranking

Semantic verification: direct dictionary sense corroborated — Kaikki+ReadUrdu

Sources:
- wordfreq Urdu — Unicode multi-corpus frequency ordering
- Kaikki/Wiktextract — bilingual lexicographic evidence
- ReadUrdu — independent Urdu-English bilingual evidence
- word2word — independent corpus-derived bilingual evidence"
کہنے,"Rank: 1096

Meaning: say

Frequency evidence: wordfreq Zipf 5.23
Frequency source: wordfreq Urdu multi-corpus ranking

Semantic verification: direct dictionary sense corroborated — ReadUrdu+word2word

Sources:
- wordfreq Urdu — Unicode multi-corpus frequency ordering
- Kaikki/Wiktextract — bilingual lexicographic evidence
- ReadUrdu — independent Urdu-English bilingual evidence
- word2word — independent corpus-derived bilingual evidence"
امریکا,"Rank: 1097

Meaning: America

Frequency evidence: wordfreq Zipf 5.22
Frequency source: wordfreq Urdu multi-corpus ranking

Semantic verification: direct dictionary sense corroborated — Kaikki+ReadUrdu

Sources:
- wordfreq Urdu — Unicode multi-corpus frequency ordering
- Kaikki/Wiktextract — bilingual lexicographic evidence
- ReadUrdu — independent Urdu-English bilingual evidence
- word2word — independent corpus-derived bilingual evidence"
برطانیہ,"Rank: 1098

Meaning: Britain

Frequency evidence: wordfreq Zipf 5.22
Frequency source: wordfreq Urdu multi-corpus ranking

Semantic verification: direct dictionary sense corroborated — Kaikki+ReadUrdu

Sources:
- wordfreq Urdu — Unicode multi-corpus frequency ordering
- Kaikki/Wiktextract — bilingual lexicographic evidence
- ReadUrdu — independent Urdu-English bilingual evidence
- word2word — independent corpus-derived bilingual evidence"
رب,"Rank: 1099

Meaning: Lord

Frequency evidence: wordfreq Zipf 5.22
Frequency source: wordfreq Urdu multi-corpus ranking

Semantic verification: direct dictionary sense corroborated — Kaikki+ReadUrdu+word2word

Sources:
- wordfreq Urdu — Unicode multi-corpus frequency ordering
- Kaikki/Wiktextract — bilingual lexicographic evidence
- ReadUrdu — independent Urdu-English bilingual evidence
- word2word — independent corpus-derived bilingual evidence"
رہتا,"Rank: 1100

Meaning: live

Frequency evidence: wordfreq Zipf 5.22
Frequency source: wordfreq Urdu multi-corpus ranking

Semantic verification: direct dictionary sense corroborated — ReadUrdu+word2word

Sources:
- wordfreq Urdu — Unicode multi-corpus frequency ordering
- Kaikki/Wiktextract — bilingual lexicographic evidence
- ReadUrdu — independent Urdu-English bilingual evidence
- word2word — independent corpus-derived bilingual evidence"
جناب,"Rank: 1101

Meaning: sir; mister

Frequency evidence: wordfreq Zipf 5.21
Frequency source: wordfreq Urdu multi-corpus ranking

Semantic verification: direct dictionary sense corroborated — Kaikki+ReadUrdu+word2word

Sources:
- wordfreq Urdu — Unicode multi-corpus frequency ordering
- Kaikki/Wiktextract — bilingual lexicographic evidence
- ReadUrdu — independent Urdu-English bilingual evidence
- word2word — independent corpus-derived bilingual evidence"
شائع,"Rank: 1102

Meaning: published

Frequency evidence: wordfreq Zipf 5.21
Frequency source: wordfreq Urdu multi-corpus ranking

Semantic verification: direct dictionary sense corroborated — ReadUrdu+word2word

Sources:
- wordfreq Urdu — Unicode multi-corpus frequency ordering
- Kaikki/Wiktextract — bilingual lexicographic evidence
- ReadUrdu — independent Urdu-English bilingual evidence
- word2word — independent corpus-derived bilingual evidence"
پیپلز,"Rank: 1103

Meaning: People's

Frequency evidence: wordfreq Zipf 5.20
Frequency source: wordfreq Urdu multi-corpus ranking

Semantic verification: direct dictionary sense corroborated — ReadUrdu+word2word

Sources:
- wordfreq Urdu — Unicode multi-corpus frequency ordering
- Kaikki/Wiktextract — bilingual lexicographic evidence
- ReadUrdu — independent Urdu-English bilingual evidence
- word2word — independent corpus-derived bilingual evidence"
ہسپتال,"Rank: 1104

Meaning: hospital

Frequency evidence: wordfreq Zipf 5.20
Frequency source: wordfreq Urdu multi-corpus ranking

Semantic verification: direct dictionary sense corroborated — ReadUrdu+word2word

Sources:
- wordfreq Urdu — Unicode multi-corpus frequency ordering
- Kaikki/Wiktextract — bilingual lexicographic evidence
- ReadUrdu — independent Urdu-English bilingual evidence
- word2word — independent corpus-derived bilingual evidence"
آپریشن,"Rank: 1105

Meaning: operation

Frequency evidence: wordfreq Zipf 5.19
Frequency source: wordfreq Urdu multi-corpus ranking

Semantic verification: direct dictionary sense corroborated — ReadUrdu+word2word

Sources:
- wordfreq Urdu — Unicode multi-corpus frequency ordering
- Kaikki/Wiktextract — bilingual lexicographic evidence
- ReadUrdu — independent Urdu-English bilingual evidence
- word2word — independent corpus-derived bilingual evidence"
طالبان,"Rank: 1106

Meaning: Taliban

Frequency evidence: wordfreq Zipf 5.19
Frequency source: wordfreq Urdu multi-corpus ranking

Semantic verification: direct dictionary sense corroborated — Kaikki+ReadUrdu+word2word

Sources:
- wordfreq Urdu — Unicode multi-corpus frequency ordering
- Kaikki/Wiktextract — bilingual lexicographic evidence
- ReadUrdu — independent Urdu-English bilingual evidence
- word2word — independent corpus-derived bilingual evidence"
گنتی,"Rank: 1107

Meaning: counting; Numbers

Frequency evidence: wordfreq Zipf 5.19
Frequency source: wordfreq Urdu multi-corpus ranking

Semantic verification: direct dictionary sense corroborated — Kaikki+ReadUrdu+word2word

Sources:
- wordfreq Urdu — Unicode multi-corpus frequency ordering
- Kaikki/Wiktextract — bilingual lexicographic evidence
- ReadUrdu — independent Urdu-English bilingual evidence
- word2word — independent corpus-derived bilingual evidence"
روس,"Rank: 1108

Meaning: Russia

Frequency evidence: wordfreq Zipf 5.18
Frequency source: wordfreq Urdu multi-corpus ranking

Semantic verification: direct dictionary sense corroborated — Kaikki+ReadUrdu+word2word

Sources:
- wordfreq Urdu — Unicode multi-corpus frequency ordering
- Kaikki/Wiktextract — bilingual lexicographic evidence
- ReadUrdu — independent Urdu-English bilingual evidence
- word2word — independent corpus-derived bilingual evidence"
زمانہ,"Rank: 1109

Meaning: world

Frequency evidence: wordfreq Zipf 5.18
Frequency source: wordfreq Urdu multi-corpus ranking

Semantic verification: direct dictionary sense corroborated — Kaikki+ReadUrdu

Sources:
- wordfreq Urdu — Unicode multi-corpus frequency ordering
- Kaikki/Wiktextract — bilingual lexicographic evidence
- ReadUrdu — independent Urdu-English bilingual evidence
- word2word — independent corpus-derived bilingual evidence"
اگست,"Rank: 1110

Meaning: August

Frequency evidence: wordfreq Zipf 5.17
Frequency source: wordfreq Urdu multi-corpus ranking

Semantic verification: direct dictionary sense corroborated — Kaikki+ReadUrdu

Sources:
- wordfreq Urdu — Unicode multi-corpus frequency ordering
- Kaikki/Wiktextract — bilingual lexicographic evidence
- ReadUrdu — independent Urdu-English bilingual evidence
- word2word — independent corpus-derived bilingual evidence"
نتائج,"Rank: 1111

Meaning: consequences

Frequency evidence: wordfreq Zipf 5.17
Frequency source: wordfreq Urdu multi-corpus ranking

Semantic verification: direct dictionary sense corroborated — ReadUrdu+word2word

Sources:
- wordfreq Urdu — Unicode multi-corpus frequency ordering
- Kaikki/Wiktextract — bilingual lexicographic evidence
- ReadUrdu — independent Urdu-English bilingual evidence
- word2word — independent corpus-derived bilingual evidence"
پارلیمنٹ,"Rank: 1112

Meaning: parliament

Frequency evidence: wordfreq Zipf 5.17
Frequency source: wordfreq Urdu multi-corpus ranking

Semantic verification: direct dictionary sense corroborated — ReadUrdu+word2word

Sources:
- wordfreq Urdu — Unicode multi-corpus frequency ordering
- Kaikki/Wiktextract — bilingual lexicographic evidence
- ReadUrdu — independent Urdu-English bilingual evidence
- word2word — independent corpus-derived bilingual evidence"
گناہ,"Rank: 1113

Meaning: sin; fault

Frequency evidence: wordfreq Zipf 5.17
Frequency source: wordfreq Urdu multi-corpus ranking

Semantic verification: direct dictionary sense corroborated — Kaikki+ReadUrdu+word2word

Sources:
- wordfreq Urdu — Unicode multi-corpus frequency ordering
- Kaikki/Wiktextract — bilingual lexicographic evidence
- ReadUrdu — independent Urdu-English bilingual evidence
- word2word — independent corpus-derived bilingual evidence"
یمن,"Rank: 1114

Meaning: Yemen

Frequency evidence: wordfreq Zipf 5.17
Frequency source: wordfreq Urdu multi-corpus ranking

Semantic verification: direct dictionary sense corroborated — Kaikki+ReadUrdu

Sources:
- wordfreq Urdu — Unicode multi-corpus frequency ordering
- Kaikki/Wiktextract — bilingual lexicographic evidence
- ReadUrdu — independent Urdu-English bilingual evidence
- word2word — independent corpus-derived bilingual evidence"
بتایا,"Rank: 1115

Meaning: told

Frequency evidence: wordfreq Zipf 5.16
Frequency source: wordfreq Urdu multi-corpus ranking

Semantic verification: direct dictionary sense corroborated — ReadUrdu+word2word

Sources:
- wordfreq Urdu — Unicode multi-corpus frequency ordering
- Kaikki/Wiktextract — bilingual lexicographic evidence
- ReadUrdu — independent Urdu-English bilingual evidence
- word2word — independent corpus-derived bilingual evidence"
ترکی,"Rank: 1116

Meaning: Turkish; Turkey

Frequency evidence: wordfreq Zipf 5.16
Frequency source: wordfreq Urdu multi-corpus ranking

Semantic verification: direct dictionary sense corroborated — Kaikki+ReadUrdu+word2word

Sources:
- wordfreq Urdu — Unicode multi-corpus frequency ordering
- Kaikki/Wiktextract — bilingual lexicographic evidence
- ReadUrdu — independent Urdu-English bilingual evidence
- word2word — independent corpus-derived bilingual evidence"
جانتے,"Rank: 1117

Meaning: know

Frequency evidence: wordfreq Zipf 5.16
Frequency source: wordfreq Urdu multi-corpus ranking

Semantic verification: direct dictionary sense corroborated — ReadUrdu+word2word

Sources:
- wordfreq Urdu — Unicode multi-corpus frequency ordering
- Kaikki/Wiktextract — bilingual lexicographic evidence
- ReadUrdu — independent Urdu-English bilingual evidence
- word2word — independent corpus-derived bilingual evidence"
مار,"Rank: 1118

Meaning: Killing

Frequency evidence: wordfreq Zipf 5.16
Frequency source: wordfreq Urdu multi-corpus ranking

Semantic verification: direct dictionary sense corroborated — ReadUrdu+word2word

Sources:
- wordfreq Urdu — Unicode multi-corpus frequency ordering
- Kaikki/Wiktextract — bilingual lexicographic evidence
- ReadUrdu — independent Urdu-English bilingual evidence
- word2word — independent corpus-derived bilingual evidence"
معنی,"Rank: 1119

Meaning: meaning; intent

Frequency evidence: wordfreq Zipf 5.16
Frequency source: wordfreq Urdu multi-corpus ranking

Semantic verification: direct dictionary sense corroborated — Kaikki+ReadUrdu+word2word

Sources:
- wordfreq Urdu — Unicode multi-corpus frequency ordering
- Kaikki/Wiktextract — bilingual lexicographic evidence
- ReadUrdu — independent Urdu-English bilingual evidence
- word2word — independent corpus-derived bilingual evidence"
سمجھتے,"Rank: 1120

Meaning: understand

Frequency evidence: wordfreq Zipf 5.15
Frequency source: wordfreq Urdu multi-corpus ranking

Semantic verification: direct dictionary sense corroborated — ReadUrdu+word2word

Sources:
- wordfreq Urdu — Unicode multi-corpus frequency ordering
- Kaikki/Wiktextract — bilingual lexicographic evidence
- ReadUrdu — independent Urdu-English bilingual evidence
- word2word — independent corpus-derived bilingual evidence"
شہباز,"Rank: 1121

Meaning: a male given name; from Persian

Frequency evidence: wordfreq Zipf 5.15
Frequency source: wordfreq Urdu multi-corpus ranking

Semantic verification: direct dictionary sense corroborated — Kaikki+ReadUrdu

Sources:
- wordfreq Urdu — Unicode multi-corpus frequency ordering
- Kaikki/Wiktextract — bilingual lexicographic evidence
- ReadUrdu — independent Urdu-English bilingual evidence
- word2word — independent corpus-derived bilingual evidence"
مت,"Rank: 1122

Meaning: don't

Frequency evidence: wordfreq Zipf 5.15
Frequency source: wordfreq Urdu multi-corpus ranking

Semantic verification: direct dictionary sense corroborated — Kaikki+ReadUrdu

Sources:
- wordfreq Urdu — Unicode multi-corpus frequency ordering
- Kaikki/Wiktextract — bilingual lexicographic evidence
- ReadUrdu — independent Urdu-English bilingual evidence
- word2word — independent corpus-derived bilingual evidence"
کہتا,"Rank: 1123

Meaning: say

Frequency evidence: wordfreq Zipf 5.15
Frequency source: wordfreq Urdu multi-corpus ranking

Semantic verification: direct dictionary sense corroborated — ReadUrdu+word2word

Sources:
- wordfreq Urdu — Unicode multi-corpus frequency ordering
- Kaikki/Wiktextract — bilingual lexicographic evidence
- ReadUrdu — independent Urdu-English bilingual evidence
- word2word — independent corpus-derived bilingual evidence"
بندی,"Rank: 1124

Meaning: slave; captive

Frequency evidence: wordfreq Zipf 5.14
Frequency source: wordfreq Urdu multi-corpus ranking

Semantic verification: direct dictionary sense corroborated — Kaikki+ReadUrdu

Sources:
- wordfreq Urdu — Unicode multi-corpus frequency ordering
- Kaikki/Wiktextract — bilingual lexicographic evidence
- ReadUrdu — independent Urdu-English bilingual evidence
- word2word — independent corpus-derived bilingual evidence"
شک,"Rank: 1125

Meaning: doubt

Frequency evidence: wordfreq Zipf 5.13
Frequency source: wordfreq Urdu multi-corpus ranking

Semantic verification: direct dictionary sense corroborated — Kaikki+ReadUrdu+word2word

Sources:
- wordfreq Urdu — Unicode multi-corpus frequency ordering
- Kaikki/Wiktextract — bilingual lexicographic evidence
- ReadUrdu — independent Urdu-English bilingual evidence
- word2word — independent corpus-derived bilingual evidence"
ظلم,"Rank: 1126

Meaning: oppression; cruelty

Frequency evidence: wordfreq Zipf 5.12
Frequency source: wordfreq Urdu multi-corpus ranking

Semantic verification: direct dictionary sense corroborated — Kaikki+ReadUrdu+word2word

Sources:
- wordfreq Urdu — Unicode multi-corpus frequency ordering
- Kaikki/Wiktextract — bilingual lexicographic evidence
- ReadUrdu — independent Urdu-English bilingual evidence
- word2word — independent corpus-derived bilingual evidence"
وفاقی,"Rank: 1127

Meaning: federal

Frequency evidence: wordfreq Zipf 5.12
Frequency source: wordfreq Urdu multi-corpus ranking

Semantic verification: direct dictionary sense corroborated — ReadUrdu+word2word

Sources:
- wordfreq Urdu — Unicode multi-corpus frequency ordering
- Kaikki/Wiktextract — bilingual lexicographic evidence
- ReadUrdu — independent Urdu-English bilingual evidence
- word2word — independent corpus-derived bilingual evidence"
پشاور,"Rank: 1128

Meaning: Peshawar

Frequency evidence: wordfreq Zipf 5.12
Frequency source: wordfreq Urdu multi-corpus ranking

Semantic verification: direct dictionary sense corroborated — Kaikki+ReadUrdu+word2word

Sources:
- wordfreq Urdu — Unicode multi-corpus frequency ordering
- Kaikki/Wiktextract — bilingual lexicographic evidence
- ReadUrdu — independent Urdu-English bilingual evidence
- word2word — independent corpus-derived bilingual evidence"
یوسف,"Rank: 1129

Meaning: Joseph; Joseph of the Quran)

Frequency evidence: wordfreq Zipf 5.12
Frequency source: wordfreq Urdu multi-corpus ranking

Semantic verification: direct dictionary sense corroborated — Kaikki+ReadUrdu+word2word

Sources:
- wordfreq Urdu — Unicode multi-corpus frequency ordering
- Kaikki/Wiktextract — bilingual lexicographic evidence
- ReadUrdu — independent Urdu-English bilingual evidence
- word2word — independent corpus-derived bilingual evidence"
دیکھتے,"Rank: 1130

Meaning: see

Frequency evidence: wordfreq Zipf 5.11
Frequency source: wordfreq Urdu multi-corpus ranking

Semantic verification: direct dictionary sense corroborated — ReadUrdu+word2word

Sources:
- wordfreq Urdu — Unicode multi-corpus frequency ordering
- Kaikki/Wiktextract — bilingual lexicographic evidence
- ReadUrdu — independent Urdu-English bilingual evidence
- word2word — independent corpus-derived bilingual evidence"
رکھتا,"Rank: 1131

Meaning: keeps

Frequency evidence: wordfreq Zipf 5.11
Frequency source: wordfreq Urdu multi-corpus ranking

Semantic verification: direct dictionary sense corroborated — ReadUrdu+word2word

Sources:
- wordfreq Urdu — Unicode multi-corpus frequency ordering
- Kaikki/Wiktextract — bilingual lexicographic evidence
- ReadUrdu — independent Urdu-English bilingual evidence
- word2word — independent corpus-derived bilingual evidence"
ریکارڈ,"Rank: 1132

Meaning: record

Frequency evidence: wordfreq Zipf 5.11
Frequency source: wordfreq Urdu multi-corpus ranking

Semantic verification: direct dictionary sense corroborated — ReadUrdu+word2word

Sources:
- wordfreq Urdu — Unicode multi-corpus frequency ordering
- Kaikki/Wiktextract — bilingual lexicographic evidence
- ReadUrdu — independent Urdu-English bilingual evidence
- word2word — independent corpus-derived bilingual evidence"
مریم,"Rank: 1133

Meaning: a female given name; Mary

Frequency evidence: wordfreq Zipf 5.11
Frequency source: wordfreq Urdu multi-corpus ranking

Semantic verification: direct dictionary sense corroborated — Kaikki+ReadUrdu

Sources:
- wordfreq Urdu — Unicode multi-corpus frequency ordering
- Kaikki/Wiktextract — bilingual lexicographic evidence
- ReadUrdu — independent Urdu-English bilingual evidence
- word2word — independent corpus-derived bilingual evidence"
روح,"Rank: 1134

Meaning: soul; spirit

Frequency evidence: wordfreq Zipf 5.10
Frequency source: wordfreq Urdu multi-corpus ranking

Semantic verification: direct dictionary sense corroborated — Kaikki+ReadUrdu+word2word

Sources:
- wordfreq Urdu — Unicode multi-corpus frequency ordering
- Kaikki/Wiktextract — bilingual lexicographic evidence
- ReadUrdu — independent Urdu-English bilingual evidence
- word2word — independent corpus-derived bilingual evidence"
ثبوت,"Rank: 1135

Meaning: proof; evidence

Frequency evidence: wordfreq Zipf 5.09
Frequency source: wordfreq Urdu multi-corpus ranking

Semantic verification: direct dictionary sense corroborated — Kaikki+ReadUrdu+word2word

Sources:
- wordfreq Urdu — Unicode multi-corpus frequency ordering
- Kaikki/Wiktextract — bilingual lexicographic evidence
- ReadUrdu — independent Urdu-English bilingual evidence
- word2word — independent corpus-derived bilingual evidence"
بیٹھ,"Rank: 1136

Meaning: Sit

Frequency evidence: wordfreq Zipf 5.08
Frequency source: wordfreq Urdu multi-corpus ranking

Semantic verification: direct dictionary sense corroborated — ReadUrdu+word2word

Sources:
- wordfreq Urdu — Unicode multi-corpus frequency ordering
- Kaikki/Wiktextract — bilingual lexicographic evidence
- ReadUrdu — independent Urdu-English bilingual evidence
- word2word — independent corpus-derived bilingual evidence"
شخصیت,"Rank: 1137

Meaning: personality

Frequency evidence: wordfreq Zipf 5.08
Frequency source: wordfreq Urdu multi-corpus ranking

Semantic verification: direct dictionary sense corroborated — ReadUrdu+word2word

Sources:
- wordfreq Urdu — Unicode multi-corpus frequency ordering
- Kaikki/Wiktextract — bilingual lexicographic evidence
- ReadUrdu — independent Urdu-English bilingual evidence
- word2word — independent corpus-derived bilingual evidence"
کھڑا,"Rank: 1138

Meaning: standing; erect

Frequency evidence: wordfreq Zipf 5.08
Frequency source: wordfreq Urdu multi-corpus ranking

Semantic verification: direct dictionary sense corroborated — Kaikki+ReadUrdu+word2word

Sources:
- wordfreq Urdu — Unicode multi-corpus frequency ordering
- Kaikki/Wiktextract — bilingual lexicographic evidence
- ReadUrdu — independent Urdu-English bilingual evidence
- word2word — independent corpus-derived bilingual evidence"
بدل,"Rank: 1139

Meaning: Change

Frequency evidence: wordfreq Zipf 5.07
Frequency source: wordfreq Urdu multi-corpus ranking

Semantic verification: direct dictionary sense corroborated — ReadUrdu+word2word

Sources:
- wordfreq Urdu — Unicode multi-corpus frequency ordering
- Kaikki/Wiktextract — bilingual lexicographic evidence
- ReadUrdu — independent Urdu-English bilingual evidence
- word2word — independent corpus-derived bilingual evidence"
بیٹا,"Rank: 1140

Meaning: son; boy

Frequency evidence: wordfreq Zipf 5.07
Frequency source: wordfreq Urdu multi-corpus ranking

Semantic verification: direct dictionary sense corroborated — Kaikki+ReadUrdu+word2word

Sources:
- wordfreq Urdu — Unicode multi-corpus frequency ordering
- Kaikki/Wiktextract — bilingual lexicographic evidence
- ReadUrdu — independent Urdu-English bilingual evidence
- word2word — independent corpus-derived bilingual evidence"
سنی,"Rank: 1141

Meaning: listened

Frequency evidence: wordfreq Zipf 5.07
Frequency source: wordfreq Urdu multi-corpus ranking

Semantic verification: direct dictionary sense corroborated — ReadUrdu+word2word

Sources:
- wordfreq Urdu — Unicode multi-corpus frequency ordering
- Kaikki/Wiktextract — bilingual lexicographic evidence
- ReadUrdu — independent Urdu-English bilingual evidence
- word2word — independent corpus-derived bilingual evidence"
احتساب,"Rank: 1142

Meaning: accountability

Frequency evidence: wordfreq Zipf 5.06
Frequency source: wordfreq Urdu multi-corpus ranking

Semantic verification: direct dictionary sense corroborated — Kaikki+ReadUrdu

Sources:
- wordfreq Urdu — Unicode multi-corpus frequency ordering
- Kaikki/Wiktextract — bilingual lexicographic evidence
- ReadUrdu — independent Urdu-English bilingual evidence
- word2word — independent corpus-derived bilingual evidence"
ترجمہ,"Rank: 1143

Meaning: translation

Frequency evidence: wordfreq Zipf 5.06
Frequency source: wordfreq Urdu multi-corpus ranking

Semantic verification: direct dictionary sense corroborated — Kaikki+ReadUrdu+word2word

Sources:
- wordfreq Urdu — Unicode multi-corpus frequency ordering
- Kaikki/Wiktextract — bilingual lexicographic evidence
- ReadUrdu — independent Urdu-English bilingual evidence
- word2word — independent corpus-derived bilingual evidence"
جولائی,"Rank: 1144

Meaning: July

Frequency evidence: wordfreq Zipf 5.06
Frequency source: wordfreq Urdu multi-corpus ranking

Semantic verification: direct dictionary sense corroborated — Kaikki+ReadUrdu

Sources:
- wordfreq Urdu — Unicode multi-corpus frequency ordering
- Kaikki/Wiktextract — bilingual lexicographic evidence
- ReadUrdu — independent Urdu-English bilingual evidence
- word2word — independent corpus-derived bilingual evidence"
جہاز,"Rank: 1145

Meaning: ship; plane

Frequency evidence: wordfreq Zipf 5.06
Frequency source: wordfreq Urdu multi-corpus ranking

Semantic verification: direct dictionary sense corroborated — Kaikki+ReadUrdu+word2word

Sources:
- wordfreq Urdu — Unicode multi-corpus frequency ordering
- Kaikki/Wiktextract — bilingual lexicographic evidence
- ReadUrdu — independent Urdu-English bilingual evidence
- word2word — independent corpus-derived bilingual evidence"
سربراہ,"Rank: 1146

Meaning: head

Frequency evidence: wordfreq Zipf 5.06
Frequency source: wordfreq Urdu multi-corpus ranking

Semantic verification: direct dictionary sense corroborated — ReadUrdu+word2word

Sources:
- wordfreq Urdu — Unicode multi-corpus frequency ordering
- Kaikki/Wiktextract — bilingual lexicographic evidence
- ReadUrdu — independent Urdu-English bilingual evidence
- word2word — independent corpus-derived bilingual evidence"
عربی,"Rank: 1147

Meaning: Arabic

Frequency evidence: wordfreq Zipf 5.06
Frequency source: wordfreq Urdu multi-corpus ranking

Semantic verification: direct dictionary sense corroborated — Kaikki+ReadUrdu

Sources:
- wordfreq Urdu — Unicode multi-corpus frequency ordering
- Kaikki/Wiktextract — bilingual lexicographic evidence
- ReadUrdu — independent Urdu-English bilingual evidence
- word2word — independent corpus-derived bilingual evidence"
قربانی,"Rank: 1148

Meaning: sacrifice

Frequency evidence: wordfreq Zipf 5.06
Frequency source: wordfreq Urdu multi-corpus ranking

Semantic verification: direct dictionary sense corroborated — Kaikki+ReadUrdu

Sources:
- wordfreq Urdu — Unicode multi-corpus frequency ordering
- Kaikki/Wiktextract — bilingual lexicographic evidence
- ReadUrdu — independent Urdu-English bilingual evidence
- word2word — independent corpus-derived bilingual evidence"
مضمون,"Rank: 1149

Meaning: article; subject

Frequency evidence: wordfreq Zipf 5.06
Frequency source: wordfreq Urdu multi-corpus ranking

Semantic verification: direct dictionary sense corroborated — ReadUrdu+word2word

Sources:
- wordfreq Urdu — Unicode multi-corpus frequency ordering
- Kaikki/Wiktextract — bilingual lexicographic evidence
- ReadUrdu — independent Urdu-English bilingual evidence
- word2word — independent corpus-derived bilingual evidence"
اولاد,"Rank: 1150

Meaning: offspring; descendant

Frequency evidence: wordfreq Zipf 5.05
Frequency source: wordfreq Urdu multi-corpus ranking

Semantic verification: direct dictionary sense corroborated — Kaikki+ReadUrdu

Sources:
- wordfreq Urdu — Unicode multi-corpus frequency ordering
- Kaikki/Wiktextract — bilingual lexicographic evidence
- ReadUrdu — independent Urdu-English bilingual evidence
- word2word — independent corpus-derived bilingual evidence"
سنا,"Rank: 1151

Meaning: ever; always

Frequency evidence: wordfreq Zipf 5.05
Frequency source: wordfreq Urdu multi-corpus ranking

Semantic verification: direct dictionary sense corroborated — Kaikki+ReadUrdu

Sources:
- wordfreq Urdu — Unicode multi-corpus frequency ordering
- Kaikki/Wiktextract — bilingual lexicographic evidence
- ReadUrdu — independent Urdu-English bilingual evidence
- word2word — independent corpus-derived bilingual evidence"
مدینہ,"Rank: 1152

Meaning: Medina

Frequency evidence: wordfreq Zipf 5.05
Frequency source: wordfreq Urdu multi-corpus ranking

Semantic verification: direct dictionary sense corroborated — Kaikki+ReadUrdu

Sources:
- wordfreq Urdu — Unicode multi-corpus frequency ordering
- Kaikki/Wiktextract — bilingual lexicographic evidence
- ReadUrdu — independent Urdu-English bilingual evidence
- word2word — independent corpus-derived bilingual evidence"
ویڈیو,"Rank: 1153

Meaning: video

Frequency evidence: wordfreq Zipf 5.05
Frequency source: wordfreq Urdu multi-corpus ranking

Semantic verification: direct dictionary sense corroborated — ReadUrdu+word2word

Sources:
- wordfreq Urdu — Unicode multi-corpus frequency ordering
- Kaikki/Wiktextract — bilingual lexicographic evidence
- ReadUrdu — independent Urdu-English bilingual evidence
- word2word — independent corpus-derived bilingual evidence"
پروفیسر,"Rank: 1154

Meaning: professor

Frequency evidence: wordfreq Zipf 5.05
Frequency source: wordfreq Urdu multi-corpus ranking

Semantic verification: direct dictionary sense corroborated — ReadUrdu+word2word

Sources:
- wordfreq Urdu — Unicode multi-corpus frequency ordering
- Kaikki/Wiktextract — bilingual lexicographic evidence
- ReadUrdu — independent Urdu-English bilingual evidence
- word2word — independent corpus-derived bilingual evidence"
چھوٹی,"Rank: 1155

Meaning: release

Frequency evidence: wordfreq Zipf 5.05
Frequency source: wordfreq Urdu multi-corpus ranking

Semantic verification: direct dictionary sense corroborated — ReadUrdu+word2word

Sources:
- wordfreq Urdu — Unicode multi-corpus frequency ordering
- Kaikki/Wiktextract — bilingual lexicographic evidence
- ReadUrdu — independent Urdu-English bilingual evidence
- word2word — independent corpus-derived bilingual evidence"
انقلاب,"Rank: 1156

Meaning: revolution

Frequency evidence: wordfreq Zipf 5.04
Frequency source: wordfreq Urdu multi-corpus ranking

Semantic verification: direct dictionary sense corroborated — Kaikki+ReadUrdu+word2word

Sources:
- wordfreq Urdu — Unicode multi-corpus frequency ordering
- Kaikki/Wiktextract — bilingual lexicographic evidence
- ReadUrdu — independent Urdu-English bilingual evidence
- word2word — independent corpus-derived bilingual evidence"
ترک,"Rank: 1157

Meaning: a Turkic person; a Turkish person

Frequency evidence: wordfreq Zipf 5.04
Frequency source: wordfreq Urdu multi-corpus ranking

Semantic verification: direct dictionary sense corroborated — Kaikki+ReadUrdu

Sources:
- wordfreq Urdu — Unicode multi-corpus frequency ordering
- Kaikki/Wiktextract — bilingual lexicographic evidence
- ReadUrdu — independent Urdu-English bilingual evidence
- word2word — independent corpus-derived bilingual evidence"
سمندر,"Rank: 1158

Meaning: sea; ocean

Frequency evidence: wordfreq Zipf 5.04
Frequency source: wordfreq Urdu multi-corpus ranking

Semantic verification: direct dictionary sense corroborated — Kaikki+ReadUrdu+word2word

Sources:
- wordfreq Urdu — Unicode multi-corpus frequency ordering
- Kaikki/Wiktextract — bilingual lexicographic evidence
- ReadUrdu — independent Urdu-English bilingual evidence
- word2word — independent corpus-derived bilingual evidence"
سنت,"Rank: 1159

Meaning: habit; custom

Frequency evidence: wordfreq Zipf 5.04
Frequency source: wordfreq Urdu multi-corpus ranking

Semantic verification: direct dictionary sense corroborated — Kaikki+ReadUrdu

Sources:
- wordfreq Urdu — Unicode multi-corpus frequency ordering
- Kaikki/Wiktextract — bilingual lexicographic evidence
- ReadUrdu — independent Urdu-English bilingual evidence
- word2word — independent corpus-derived bilingual evidence"
نامی,"Rank: 1160

Meaning: having a good reputation; famous

Frequency evidence: wordfreq Zipf 5.04
Frequency source: wordfreq Urdu multi-corpus ranking

Semantic verification: direct dictionary sense corroborated — Kaikki+ReadUrdu

Sources:
- wordfreq Urdu — Unicode multi-corpus frequency ordering
- Kaikki/Wiktextract — bilingual lexicographic evidence
- ReadUrdu — independent Urdu-English bilingual evidence
- word2word — independent corpus-derived bilingual evidence"
عبادت,"Rank: 1161

Meaning: worship

Frequency evidence: wordfreq Zipf 5.03
Frequency source: wordfreq Urdu multi-corpus ranking

Semantic verification: direct dictionary sense corroborated — Kaikki+ReadUrdu+word2word

Sources:
- wordfreq Urdu — Unicode multi-corpus frequency ordering
- Kaikki/Wiktextract — bilingual lexicographic evidence
- ReadUrdu — independent Urdu-English bilingual evidence
- word2word — independent corpus-derived bilingual evidence"
عملی,"Rank: 1162

Meaning: Practical

Frequency evidence: wordfreq Zipf 5.03
Frequency source: wordfreq Urdu multi-corpus ranking

Semantic verification: direct dictionary sense corroborated — ReadUrdu+word2word

Sources:
- wordfreq Urdu — Unicode multi-corpus frequency ordering
- Kaikki/Wiktextract — bilingual lexicographic evidence
- ReadUrdu — independent Urdu-English bilingual evidence
- word2word — independent corpus-derived bilingual evidence"
مقامات,"Rank: 1163

Meaning: Places

Frequency evidence: wordfreq Zipf 5.03
Frequency source: wordfreq Urdu multi-corpus ranking

Semantic verification: direct dictionary sense corroborated — ReadUrdu+word2word

Sources:
- wordfreq Urdu — Unicode multi-corpus frequency ordering
- Kaikki/Wiktextract — bilingual lexicographic evidence
- ReadUrdu — independent Urdu-English bilingual evidence
- word2word — independent corpus-derived bilingual evidence"
پہنچا,"Rank: 1164

Meaning: reached

Frequency evidence: wordfreq Zipf 5.03
Frequency source: wordfreq Urdu multi-corpus ranking

Semantic verification: direct dictionary sense corroborated — ReadUrdu+word2word

Sources:
- wordfreq Urdu — Unicode multi-corpus frequency ordering
- Kaikki/Wiktextract — bilingual lexicographic evidence
- ReadUrdu — independent Urdu-English bilingual evidence
- word2word — independent corpus-derived bilingual evidence"
یورپ,"Rank: 1165

Meaning: Europe

Frequency evidence: wordfreq Zipf 5.03
Frequency source: wordfreq Urdu multi-corpus ranking

Semantic verification: direct dictionary sense corroborated — Kaikki+ReadUrdu+word2word

Sources:
- wordfreq Urdu — Unicode multi-corpus frequency ordering
- Kaikki/Wiktextract — bilingual lexicographic evidence
- ReadUrdu — independent Urdu-English bilingual evidence
- word2word — independent corpus-derived bilingual evidence"
یوم,"Rank: 1166

Meaning: day; period

Frequency evidence: wordfreq Zipf 5.03
Frequency source: wordfreq Urdu multi-corpus ranking

Semantic verification: direct dictionary sense corroborated — Kaikki+ReadUrdu

Sources:
- wordfreq Urdu — Unicode multi-corpus frequency ordering
- Kaikki/Wiktextract — bilingual lexicographic evidence
- ReadUrdu — independent Urdu-English bilingual evidence
- word2word — independent corpus-derived bilingual evidence"
بیت,"Rank: 1167

Meaning: house; church

Frequency evidence: wordfreq Zipf 5.02
Frequency source: wordfreq Urdu multi-corpus ranking

Semantic verification: direct dictionary sense corroborated — Kaikki+ReadUrdu

Sources:
- wordfreq Urdu — Unicode multi-corpus frequency ordering
- Kaikki/Wiktextract — bilingual lexicographic evidence
- ReadUrdu — independent Urdu-English bilingual evidence
- word2word — independent corpus-derived bilingual evidence"
ستمبر,"Rank: 1168

Meaning: September

Frequency evidence: wordfreq Zipf 5.02
Frequency source: wordfreq Urdu multi-corpus ranking

Semantic verification: direct dictionary sense corroborated — Kaikki+ReadUrdu

Sources:
- wordfreq Urdu — Unicode multi-corpus frequency ordering
- Kaikki/Wiktextract — bilingual lexicographic evidence
- ReadUrdu — independent Urdu-English bilingual evidence
- word2word — independent corpus-derived bilingual evidence"
شرح,"Rank: 1169

Meaning: rate

Frequency evidence: wordfreq Zipf 5.02
Frequency source: wordfreq Urdu multi-corpus ranking

Semantic verification: direct dictionary sense corroborated — ReadUrdu+word2word

Sources:
- wordfreq Urdu — Unicode multi-corpus frequency ordering
- Kaikki/Wiktextract — bilingual lexicographic evidence
- ReadUrdu — independent Urdu-English bilingual evidence
- word2word — independent corpus-derived bilingual evidence"
مشرف,"Rank: 1170

Meaning: Musharraf

Frequency evidence: wordfreq Zipf 5.02
Frequency source: wordfreq Urdu multi-corpus ranking

Semantic verification: direct dictionary sense corroborated — ReadUrdu+word2word

Sources:
- wordfreq Urdu — Unicode multi-corpus frequency ordering
- Kaikki/Wiktextract — bilingual lexicographic evidence
- ReadUrdu — independent Urdu-English bilingual evidence
- word2word — independent corpus-derived bilingual evidence"
نوٹس,"Rank: 1171

Meaning: notice

Frequency evidence: wordfreq Zipf 5.02
Frequency source: wordfreq Urdu multi-corpus ranking

Semantic verification: direct dictionary sense corroborated — ReadUrdu+word2word

Sources:
- wordfreq Urdu — Unicode multi-corpus frequency ordering
- Kaikki/Wiktextract — bilingual lexicographic evidence
- ReadUrdu — independent Urdu-English bilingual evidence
- word2word — independent corpus-derived bilingual evidence"
نگار,"Rank: 1172

Meaning: writer; painting

Frequency evidence: wordfreq Zipf 5.02
Frequency source: wordfreq Urdu multi-corpus ranking

Semantic verification: direct dictionary sense corroborated — Kaikki+ReadUrdu

Sources:
- wordfreq Urdu — Unicode multi-corpus frequency ordering
- Kaikki/Wiktextract — bilingual lexicographic evidence
- ReadUrdu — independent Urdu-English bilingual evidence
- word2word — independent corpus-derived bilingual evidence"
گروہ,"Rank: 1173

Meaning: group; gang

Frequency evidence: wordfreq Zipf 5.02
Frequency source: wordfreq Urdu multi-corpus ranking

Semantic verification: direct dictionary sense corroborated — Kaikki+ReadUrdu+word2word

Sources:
- wordfreq Urdu — Unicode multi-corpus frequency ordering
- Kaikki/Wiktextract — bilingual lexicographic evidence
- ReadUrdu — independent Urdu-English bilingual evidence
- word2word — independent corpus-derived bilingual evidence"
ہندو,"Rank: 1174

Meaning: Indian; Hindu

Frequency evidence: wordfreq Zipf 5.02
Frequency source: wordfreq Urdu multi-corpus ranking

Semantic verification: direct dictionary sense corroborated — Kaikki+ReadUrdu+word2word

Sources:
- wordfreq Urdu — Unicode multi-corpus frequency ordering
- Kaikki/Wiktextract — bilingual lexicographic evidence
- ReadUrdu — independent Urdu-English bilingual evidence
- word2word — independent corpus-derived bilingual evidence"
آرمی,"Rank: 1175

Meaning: army

Frequency evidence: wordfreq Zipf 5.01
Frequency source: wordfreq Urdu multi-corpus ranking

Semantic verification: direct dictionary sense corroborated — Kaikki+ReadUrdu

Sources:
- wordfreq Urdu — Unicode multi-corpus frequency ordering
- Kaikki/Wiktextract — bilingual lexicographic evidence
- ReadUrdu — independent Urdu-English bilingual evidence
- word2word — independent corpus-derived bilingual evidence"
بازی,"Rank: 1176

Meaning: bet; wager

Frequency evidence: wordfreq Zipf 5.01
Frequency source: wordfreq Urdu multi-corpus ranking

Semantic verification: direct dictionary sense corroborated — Kaikki+ReadUrdu

Sources:
- wordfreq Urdu — Unicode multi-corpus frequency ordering
- Kaikki/Wiktextract — bilingual lexicographic evidence
- ReadUrdu — independent Urdu-English bilingual evidence
- word2word — independent corpus-derived bilingual evidence"
بد,"Rank: 1177

Meaning: bad; evil

Frequency evidence: wordfreq Zipf 5.01
Frequency source: wordfreq Urdu multi-corpus ranking

Semantic verification: direct dictionary sense corroborated — Kaikki+ReadUrdu

Sources:
- wordfreq Urdu — Unicode multi-corpus frequency ordering
- Kaikki/Wiktextract — bilingual lexicographic evidence
- ReadUrdu — independent Urdu-English bilingual evidence
- word2word — independent corpus-derived bilingual evidence"
بنائی,"Rank: 1178

Meaning: made

Frequency evidence: wordfreq Zipf 5.01
Frequency source: wordfreq Urdu multi-corpus ranking

Semantic verification: direct dictionary sense corroborated — ReadUrdu+word2word

Sources:
- wordfreq Urdu — Unicode multi-corpus frequency ordering
- Kaikki/Wiktextract — bilingual lexicographic evidence
- ReadUrdu — independent Urdu-English bilingual evidence
- word2word — independent corpus-derived bilingual evidence"
بہ,"Rank: 1179

Meaning: in

Frequency evidence: wordfreq Zipf 5.01
Frequency source: wordfreq Urdu multi-corpus ranking

Semantic verification: direct dictionary sense corroborated — Kaikki+ReadUrdu

Sources:
- wordfreq Urdu — Unicode multi-corpus frequency ordering
- Kaikki/Wiktextract — bilingual lexicographic evidence
- ReadUrdu — independent Urdu-English bilingual evidence
- word2word — independent corpus-derived bilingual evidence"
صحافی,"Rank: 1180

Meaning: journalist

Frequency evidence: wordfreq Zipf 5.01
Frequency source: wordfreq Urdu multi-corpus ranking

Semantic verification: direct dictionary sense corroborated — Kaikki+ReadUrdu+word2word

Sources:
- wordfreq Urdu — Unicode multi-corpus frequency ordering
- Kaikki/Wiktextract — bilingual lexicographic evidence
- ReadUrdu — independent Urdu-English bilingual evidence
- word2word — independent corpus-derived bilingual evidence"
نومبر,"Rank: 1181

Meaning: November

Frequency evidence: wordfreq Zipf 5.01
Frequency source: wordfreq Urdu multi-corpus ranking

Semantic verification: direct dictionary sense corroborated — Kaikki+ReadUrdu+word2word

Sources:
- wordfreq Urdu — Unicode multi-corpus frequency ordering
- Kaikki/Wiktextract — bilingual lexicographic evidence
- ReadUrdu — independent Urdu-English bilingual evidence
- word2word — independent corpus-derived bilingual evidence"
کھلاڑی,"Rank: 1182

Meaning: player

Frequency evidence: wordfreq Zipf 5.01
Frequency source: wordfreq Urdu multi-corpus ranking

Semantic verification: direct dictionary sense corroborated — ReadUrdu+word2word

Sources:
- wordfreq Urdu — Unicode multi-corpus frequency ordering
- Kaikki/Wiktextract — bilingual lexicographic evidence
- ReadUrdu — independent Urdu-English bilingual evidence
- word2word — independent corpus-derived bilingual evidence"
اصول,"Rank: 1183

Meaning: principles; maxim

Frequency evidence: wordfreq Zipf 5.00
Frequency source: wordfreq Urdu multi-corpus ranking

Semantic verification: direct dictionary sense corroborated — Kaikki+ReadUrdu+word2word

Sources:
- wordfreq Urdu — Unicode multi-corpus frequency ordering
- Kaikki/Wiktextract — bilingual lexicographic evidence
- ReadUrdu — independent Urdu-English bilingual evidence
- word2word — independent corpus-derived bilingual evidence"
اکتوبر,"Rank: 1184

Meaning: October

Frequency evidence: wordfreq Zipf 5.00
Frequency source: wordfreq Urdu multi-corpus ranking

Semantic verification: direct dictionary sense corroborated — Kaikki+ReadUrdu+word2word

Sources:
- wordfreq Urdu — Unicode multi-corpus frequency ordering
- Kaikki/Wiktextract — bilingual lexicographic evidence
- ReadUrdu — independent Urdu-English bilingual evidence
- word2word — independent corpus-derived bilingual evidence"
توڑ,"Rank: 1185

Meaning: Break

Frequency evidence: wordfreq Zipf 5.00
Frequency source: wordfreq Urdu multi-corpus ranking

Semantic verification: direct dictionary sense corroborated — ReadUrdu+word2word

Sources:
- wordfreq Urdu — Unicode multi-corpus frequency ordering
- Kaikki/Wiktextract — bilingual lexicographic evidence
- ReadUrdu — independent Urdu-English bilingual evidence
- word2word — independent corpus-derived bilingual evidence"
راست,"Rank: 1186

Meaning: straight

Frequency evidence: wordfreq Zipf 5.00
Frequency source: wordfreq Urdu multi-corpus ranking

Semantic verification: direct dictionary sense corroborated — ReadUrdu+word2word

Sources:
- wordfreq Urdu — Unicode multi-corpus frequency ordering
- Kaikki/Wiktextract — bilingual lexicographic evidence
- ReadUrdu — independent Urdu-English bilingual evidence
- word2word — independent corpus-derived bilingual evidence"
فہرست,"Rank: 1187

Meaning: list; index

Frequency evidence: wordfreq Zipf 5.00
Frequency source: wordfreq Urdu multi-corpus ranking

Semantic verification: direct dictionary sense corroborated — Kaikki+ReadUrdu+word2word

Sources:
- wordfreq Urdu — Unicode multi-corpus frequency ordering
- Kaikki/Wiktextract — bilingual lexicographic evidence
- ReadUrdu — independent Urdu-English bilingual evidence
- word2word — independent corpus-derived bilingual evidence"
نشان,"Rank: 1188

Meaning: mark; sign

Frequency evidence: wordfreq Zipf 5.00
Frequency source: wordfreq Urdu multi-corpus ranking

Semantic verification: direct dictionary sense corroborated — Kaikki+ReadUrdu+word2word

Sources:
- wordfreq Urdu — Unicode multi-corpus frequency ordering
- Kaikki/Wiktextract — bilingual lexicographic evidence
- ReadUrdu — independent Urdu-English bilingual evidence
- word2word — independent corpus-derived bilingual evidence"
وعدہ,"Rank: 1189

Meaning: promise

Frequency evidence: wordfreq Zipf 5.00
Frequency source: wordfreq Urdu multi-corpus ranking

Semantic verification: direct dictionary sense corroborated — Kaikki+ReadUrdu+word2word

Sources:
- wordfreq Urdu — Unicode multi-corpus frequency ordering
- Kaikki/Wiktextract — bilingual lexicographic evidence
- ReadUrdu — independent Urdu-English bilingual evidence
- word2word — independent corpus-derived bilingual evidence"
ولی,"Rank: 1190

Meaning: favorite with God; saint

Frequency evidence: wordfreq Zipf 5.00
Frequency source: wordfreq Urdu multi-corpus ranking

Semantic verification: direct dictionary sense corroborated — Kaikki+ReadUrdu

Sources:
- wordfreq Urdu — Unicode multi-corpus frequency ordering
- Kaikki/Wiktextract — bilingual lexicographic evidence
- ReadUrdu — independent Urdu-English bilingual evidence
- word2word — independent corpus-derived bilingual evidence"
جنت,"Rank: 1191

Meaning: heaven; paradise

Frequency evidence: wordfreq Zipf 4.99
Frequency source: wordfreq Urdu multi-corpus ranking

Semantic verification: direct dictionary sense corroborated — Kaikki+ReadUrdu+word2word

Sources:
- wordfreq Urdu — Unicode multi-corpus frequency ordering
- Kaikki/Wiktextract — bilingual lexicographic evidence
- ReadUrdu — independent Urdu-English bilingual evidence
- word2word — independent corpus-derived bilingual evidence"
جون,"Rank: 1192

Meaning: June

Frequency evidence: wordfreq Zipf 4.99
Frequency source: wordfreq Urdu multi-corpus ranking

Semantic verification: direct dictionary sense corroborated — Kaikki+ReadUrdu+word2word

Sources:
- wordfreq Urdu — Unicode multi-corpus frequency ordering
- Kaikki/Wiktextract — bilingual lexicographic evidence
- ReadUrdu — independent Urdu-English bilingual evidence
- word2word — independent corpus-derived bilingual evidence"
حرام,"Rank: 1193

Meaning: forbidden; unlawful

Frequency evidence: wordfreq Zipf 4.99
Frequency source: wordfreq Urdu multi-corpus ranking

Semantic verification: direct dictionary sense corroborated — Kaikki+ReadUrdu+word2word

Sources:
- wordfreq Urdu — Unicode multi-corpus frequency ordering
- Kaikki/Wiktextract — bilingual lexicographic evidence
- ReadUrdu — independent Urdu-English bilingual evidence
- word2word — independent corpus-derived bilingual evidence"
عثمان,"Rank: 1194

Meaning: a male given name; equivalent to English Uthman

Frequency evidence: wordfreq Zipf 4.99
Frequency source: wordfreq Urdu multi-corpus ranking

Semantic verification: direct dictionary sense corroborated — Kaikki+ReadUrdu

Sources:
- wordfreq Urdu — Unicode multi-corpus frequency ordering
- Kaikki/Wiktextract — bilingual lexicographic evidence
- ReadUrdu — independent Urdu-English bilingual evidence
- word2word — independent corpus-derived bilingual evidence"
لکھ,"Rank: 1195

Meaning: write

Frequency evidence: wordfreq Zipf 4.99
Frequency source: wordfreq Urdu multi-corpus ranking

Semantic verification: direct dictionary sense corroborated — ReadUrdu+word2word

Sources:
- wordfreq Urdu — Unicode multi-corpus frequency ordering
- Kaikki/Wiktextract — bilingual lexicographic evidence
- ReadUrdu — independent Urdu-English bilingual evidence
- word2word — independent corpus-derived bilingual evidence"
موسی,"Rank: 1196

Meaning: Moses

Frequency evidence: wordfreq Zipf 4.99
Frequency source: wordfreq Urdu multi-corpus ranking

Semantic verification: direct dictionary sense corroborated — Kaikki+ReadUrdu

Sources:
- wordfreq Urdu — Unicode multi-corpus frequency ordering
- Kaikki/Wiktextract — bilingual lexicographic evidence
- ReadUrdu — independent Urdu-English bilingual evidence
- word2word — independent corpus-derived bilingual evidence"
نامہ,"Rank: 1197

Meaning: book; letter

Frequency evidence: wordfreq Zipf 4.99
Frequency source: wordfreq Urdu multi-corpus ranking

Semantic verification: direct dictionary sense corroborated — Kaikki+ReadUrdu

Sources:
- wordfreq Urdu — Unicode multi-corpus frequency ordering
- Kaikki/Wiktextract — bilingual lexicographic evidence
- ReadUrdu — independent Urdu-English bilingual evidence
- word2word — independent corpus-derived bilingual evidence"
افواج,"Rank: 1198

Meaning: forces

Frequency evidence: wordfreq Zipf 4.98
Frequency source: wordfreq Urdu multi-corpus ranking

Semantic verification: direct dictionary sense corroborated — ReadUrdu+word2word

Sources:
- wordfreq Urdu — Unicode multi-corpus frequency ordering
- Kaikki/Wiktextract — bilingual lexicographic evidence
- ReadUrdu — independent Urdu-English bilingual evidence
- word2word — independent corpus-derived bilingual evidence"
برقرار,"Rank: 1199

Meaning: maintained

Frequency evidence: wordfreq Zipf 4.98
Frequency source: wordfreq Urdu multi-corpus ranking

Semantic verification: direct dictionary sense corroborated — ReadUrdu+word2word

Sources:
- wordfreq Urdu — Unicode multi-corpus frequency ordering
- Kaikki/Wiktextract — bilingual lexicographic evidence
- ReadUrdu — independent Urdu-English bilingual evidence
- word2word — independent corpus-derived bilingual evidence"
جدوجہد,"Rank: 1200

Meaning: struggle

Frequency evidence: wordfreq Zipf 4.98
Frequency source: wordfreq Urdu multi-corpus ranking

Semantic verification: direct dictionary sense corroborated — ReadUrdu+word2word

Sources:
- wordfreq Urdu — Unicode multi-corpus frequency ordering
- Kaikki/Wiktextract — bilingual lexicographic evidence
- ReadUrdu — independent Urdu-English bilingual evidence
- word2word — independent corpus-derived bilingual evidence"
رحمت,"Rank: 1201

Meaning: Mercy

Frequency evidence: wordfreq Zipf 4.98
Frequency source: wordfreq Urdu multi-corpus ranking

Semantic verification: direct dictionary sense corroborated — ReadUrdu+word2word

Sources:
- wordfreq Urdu — Unicode multi-corpus frequency ordering
- Kaikki/Wiktextract — bilingual lexicographic evidence
- ReadUrdu — independent Urdu-English bilingual evidence
- word2word — independent corpus-derived bilingual evidence"
عراق,"Rank: 1202

Meaning: Iraq

Frequency evidence: wordfreq Zipf 4.98
Frequency source: wordfreq Urdu multi-corpus ranking

Semantic verification: direct dictionary sense corroborated — Kaikki+ReadUrdu+word2word

Sources:
- wordfreq Urdu — Unicode multi-corpus frequency ordering
- Kaikki/Wiktextract — bilingual lexicographic evidence
- ReadUrdu — independent Urdu-English bilingual evidence
- word2word — independent corpus-derived bilingual evidence"
وکیل,"Rank: 1203

Meaning: lawyer

Frequency evidence: wordfreq Zipf 4.98
Frequency source: wordfreq Urdu multi-corpus ranking

Semantic verification: direct dictionary sense corroborated — ReadUrdu+word2word

Sources:
- wordfreq Urdu — Unicode multi-corpus frequency ordering
- Kaikki/Wiktextract — bilingual lexicographic evidence
- ReadUrdu — independent Urdu-English bilingual evidence
- word2word — independent corpus-derived bilingual evidence"
یورپی,"Rank: 1204

Meaning: European

Frequency evidence: wordfreq Zipf 4.98
Frequency source: wordfreq Urdu multi-corpus ranking

Semantic verification: direct dictionary sense corroborated — ReadUrdu+word2word

Sources:
- wordfreq Urdu — Unicode multi-corpus frequency ordering
- Kaikki/Wiktextract — bilingual lexicographic evidence
- ReadUrdu — independent Urdu-English bilingual evidence
- word2word — independent corpus-derived bilingual evidence"
ابراہیم,"Rank: 1205

Meaning: Abraham

Frequency evidence: wordfreq Zipf 4.97
Frequency source: wordfreq Urdu multi-corpus ranking

Semantic verification: direct dictionary sense corroborated — Kaikki+ReadUrdu

Sources:
- wordfreq Urdu — Unicode multi-corpus frequency ordering
- Kaikki/Wiktextract — bilingual lexicographic evidence
- ReadUrdu — independent Urdu-English bilingual evidence
- word2word — independent corpus-derived bilingual evidence"
در,"Rank: 1206

Meaning: door

Frequency evidence: wordfreq Zipf 4.97
Frequency source: wordfreq Urdu multi-corpus ranking

Semantic verification: direct dictionary sense corroborated — Kaikki+ReadUrdu

Sources:
- wordfreq Urdu — Unicode multi-corpus frequency ordering
- Kaikki/Wiktextract — bilingual lexicographic evidence
- ReadUrdu — independent Urdu-English bilingual evidence
- word2word — independent corpus-derived bilingual evidence"
شہادت,"Rank: 1207

Meaning: martyrdom; testimony

Frequency evidence: wordfreq Zipf 4.97
Frequency source: wordfreq Urdu multi-corpus ranking

Semantic verification: direct dictionary sense corroborated — Kaikki+ReadUrdu+word2word

Sources:
- wordfreq Urdu — Unicode multi-corpus frequency ordering
- Kaikki/Wiktextract — bilingual lexicographic evidence
- ReadUrdu — independent Urdu-English bilingual evidence
- word2word — independent corpus-derived bilingual evidence"
علمی,"Rank: 1208

Meaning: academic; scientific

Frequency evidence: wordfreq Zipf 4.97
Frequency source: wordfreq Urdu multi-corpus ranking

Semantic verification: direct dictionary sense corroborated — Kaikki+ReadUrdu

Sources:
- wordfreq Urdu — Unicode multi-corpus frequency ordering
- Kaikki/Wiktextract — bilingual lexicographic evidence
- ReadUrdu — independent Urdu-English bilingual evidence
- word2word — independent corpus-derived bilingual evidence"
غلطی,"Rank: 1209

Meaning: mistake

Frequency evidence: wordfreq Zipf 4.97
Frequency source: wordfreq Urdu multi-corpus ranking

Semantic verification: direct dictionary sense corroborated — Kaikki+ReadUrdu+word2word

Sources:
- wordfreq Urdu — Unicode multi-corpus frequency ordering
- Kaikki/Wiktextract — bilingual lexicographic evidence
- ReadUrdu — independent Urdu-English bilingual evidence
- word2word — independent corpus-derived bilingual evidence"
مئی,"Rank: 1210

Meaning: May

Frequency evidence: wordfreq Zipf 4.97
Frequency source: wordfreq Urdu multi-corpus ranking

Semantic verification: direct dictionary sense corroborated — Kaikki+ReadUrdu+word2word

Sources:
- wordfreq Urdu — Unicode multi-corpus frequency ordering
- Kaikki/Wiktextract — bilingual lexicographic evidence
- ReadUrdu — independent Urdu-English bilingual evidence
- word2word — independent corpus-derived bilingual evidence"
مشرقی,"Rank: 1211

Meaning: eastern

Frequency evidence: wordfreq Zipf 4.97
Frequency source: wordfreq Urdu multi-corpus ranking

Semantic verification: direct dictionary sense corroborated — ReadUrdu+word2word

Sources:
- wordfreq Urdu — Unicode multi-corpus frequency ordering
- Kaikki/Wiktextract — bilingual lexicographic evidence
- ReadUrdu — independent Urdu-English bilingual evidence
- word2word — independent corpus-derived bilingual evidence"
نیک,"Rank: 1212

Meaning: good; kind-hearted

Frequency evidence: wordfreq Zipf 4.97
Frequency source: wordfreq Urdu multi-corpus ranking

Semantic verification: direct dictionary sense corroborated — Kaikki+ReadUrdu+word2word

Sources:
- wordfreq Urdu — Unicode multi-corpus frequency ordering
- Kaikki/Wiktextract — bilingual lexicographic evidence
- ReadUrdu — independent Urdu-English bilingual evidence
- word2word — independent corpus-derived bilingual evidence"
توانائی,"Rank: 1213

Meaning: energy; power

Frequency evidence: wordfreq Zipf 4.96
Frequency source: wordfreq Urdu multi-corpus ranking

Semantic verification: direct dictionary sense corroborated — Kaikki+ReadUrdu+word2word

Sources:
- wordfreq Urdu — Unicode multi-corpus frequency ordering
- Kaikki/Wiktextract — bilingual lexicographic evidence
- ReadUrdu — independent Urdu-English bilingual evidence
- word2word — independent corpus-derived bilingual evidence"
دارالحکومت,"Rank: 1214

Meaning: capital city; seat of government

Frequency evidence: wordfreq Zipf 4.96
Frequency source: wordfreq Urdu multi-corpus ranking

Semantic verification: direct dictionary sense corroborated — Kaikki+ReadUrdu

Sources:
- wordfreq Urdu — Unicode multi-corpus frequency ordering
- Kaikki/Wiktextract — bilingual lexicographic evidence
- ReadUrdu — independent Urdu-English bilingual evidence
- word2word — independent corpus-derived bilingual evidence"
دیکھیں,"Rank: 1215

Meaning: see

Frequency evidence: wordfreq Zipf 4.96
Frequency source: wordfreq Urdu multi-corpus ranking

Semantic verification: direct dictionary sense corroborated — ReadUrdu+word2word

Sources:
- wordfreq Urdu — Unicode multi-corpus frequency ordering
- Kaikki/Wiktextract — bilingual lexicographic evidence
- ReadUrdu — independent Urdu-English bilingual evidence
- word2word — independent corpus-derived bilingual evidence"
راولپنڈی,"Rank: 1216

Meaning: Rawalpindi

Frequency evidence: wordfreq Zipf 4.96
Frequency source: wordfreq Urdu multi-corpus ranking

Semantic verification: direct dictionary sense corroborated — Kaikki+ReadUrdu+word2word

Sources:
- wordfreq Urdu — Unicode multi-corpus frequency ordering
- Kaikki/Wiktextract — bilingual lexicographic evidence
- ReadUrdu — independent Urdu-English bilingual evidence
- word2word — independent corpus-derived bilingual evidence"
رو,"Rank: 1217

Meaning: Cry

Frequency evidence: wordfreq Zipf 4.96
Frequency source: wordfreq Urdu multi-corpus ranking

Semantic verification: direct dictionary sense corroborated — ReadUrdu+word2word

Sources:
- wordfreq Urdu — Unicode multi-corpus frequency ordering
- Kaikki/Wiktextract — bilingual lexicographic evidence
- ReadUrdu — independent Urdu-English bilingual evidence
- word2word — independent corpus-derived bilingual evidence"
قیامت,"Rank: 1218

Meaning: doom; calamity

Frequency evidence: wordfreq Zipf 4.96
Frequency source: wordfreq Urdu multi-corpus ranking

Semantic verification: direct dictionary sense corroborated — Kaikki+ReadUrdu

Sources:
- wordfreq Urdu — Unicode multi-corpus frequency ordering
- Kaikki/Wiktextract — bilingual lexicographic evidence
- ReadUrdu — independent Urdu-English bilingual evidence
- word2word — independent corpus-derived bilingual evidence"
ٹیکس,"Rank: 1219

Meaning: tax

Frequency evidence: wordfreq Zipf 4.96
Frequency source: wordfreq Urdu multi-corpus ranking

Semantic verification: direct dictionary sense corroborated — ReadUrdu+word2word

Sources:
- wordfreq Urdu — Unicode multi-corpus frequency ordering
- Kaikki/Wiktextract — bilingual lexicographic evidence
- ReadUrdu — independent Urdu-English bilingual evidence
- word2word — independent corpus-derived bilingual evidence"
پہنچے,"Rank: 1220

Meaning: arrived

Frequency evidence: wordfreq Zipf 4.96
Frequency source: wordfreq Urdu multi-corpus ranking

Semantic verification: direct dictionary sense corroborated — ReadUrdu+word2word

Sources:
- wordfreq Urdu — Unicode multi-corpus frequency ordering
- Kaikki/Wiktextract — bilingual lexicographic evidence
- ReadUrdu — independent Urdu-English bilingual evidence
- word2word — independent corpus-derived bilingual evidence"
آسٹریلیا,"Rank: 1221

Meaning: Australia

Frequency evidence: wordfreq Zipf 4.95
Frequency source: wordfreq Urdu multi-corpus ranking

Semantic verification: direct dictionary sense corroborated — Kaikki+ReadUrdu

Sources:
- wordfreq Urdu — Unicode multi-corpus frequency ordering
- Kaikki/Wiktextract — bilingual lexicographic evidence
- ReadUrdu — independent Urdu-English bilingual evidence
- word2word — independent corpus-derived bilingual evidence"
بابا,"Rank: 1222

Meaning: father

Frequency evidence: wordfreq Zipf 4.95
Frequency source: wordfreq Urdu multi-corpus ranking

Semantic verification: direct dictionary sense corroborated — Kaikki+ReadUrdu

Sources:
- wordfreq Urdu — Unicode multi-corpus frequency ordering
- Kaikki/Wiktextract — bilingual lexicographic evidence
- ReadUrdu — independent Urdu-English bilingual evidence
- word2word — independent corpus-derived bilingual evidence"
بتا,"Rank: 1223

Meaning: tell

Frequency evidence: wordfreq Zipf 4.95
Frequency source: wordfreq Urdu multi-corpus ranking

Semantic verification: direct dictionary sense corroborated — ReadUrdu+word2word

Sources:
- wordfreq Urdu — Unicode multi-corpus frequency ordering
- Kaikki/Wiktextract — bilingual lexicographic evidence
- ReadUrdu — independent Urdu-English bilingual evidence
- word2word — independent corpus-derived bilingual evidence"
دیکھے,"Rank: 1224

Meaning: watching

Frequency evidence: wordfreq Zipf 4.95
Frequency source: wordfreq Urdu multi-corpus ranking

Semantic verification: direct dictionary sense corroborated — ReadUrdu+word2word

Sources:
- wordfreq Urdu — Unicode multi-corpus frequency ordering
- Kaikki/Wiktextract — bilingual lexicographic evidence
- ReadUrdu — independent Urdu-English bilingual evidence
- word2word — independent corpus-derived bilingual evidence"
عقل,"Rank: 1225

Meaning: understanding

Frequency evidence: wordfreq Zipf 4.95
Frequency source: wordfreq Urdu multi-corpus ranking

Semantic verification: direct dictionary sense corroborated — Kaikki+word2word

Sources:
- wordfreq Urdu — Unicode multi-corpus frequency ordering
- Kaikki/Wiktextract — bilingual lexicographic evidence
- ReadUrdu — independent Urdu-English bilingual evidence
- word2word — independent corpus-derived bilingual evidence"
مبنی,"Rank: 1226

Meaning: based; foundation

Frequency evidence: wordfreq Zipf 4.95
Frequency source: wordfreq Urdu multi-corpus ranking

Semantic verification: direct dictionary sense corroborated — Kaikki+ReadUrdu+word2word

Sources:
- wordfreq Urdu — Unicode multi-corpus frequency ordering
- Kaikki/Wiktextract — bilingual lexicographic evidence
- ReadUrdu — independent Urdu-English bilingual evidence
- word2word — independent corpus-derived bilingual evidence"
مذمت,"Rank: 1227

Meaning: abuse; condemnation

Frequency evidence: wordfreq Zipf 4.95
Frequency source: wordfreq Urdu multi-corpus ranking

Semantic verification: direct dictionary sense corroborated — Kaikki+ReadUrdu

Sources:
- wordfreq Urdu — Unicode multi-corpus frequency ordering
- Kaikki/Wiktextract — bilingual lexicographic evidence
- ReadUrdu — independent Urdu-English bilingual evidence
- word2word — independent corpus-derived bilingual evidence"
واشنگٹن,"Rank: 1228

Meaning: Washington

Frequency evidence: wordfreq Zipf 4.95
Frequency source: wordfreq Urdu multi-corpus ranking

Semantic verification: direct dictionary sense corroborated — ReadUrdu+word2word

Sources:
- wordfreq Urdu — Unicode multi-corpus frequency ordering
- Kaikki/Wiktextract — bilingual lexicographic evidence
- ReadUrdu — independent Urdu-English bilingual evidence
- word2word — independent corpus-derived bilingual evidence"
اپریل,"Rank: 1229

Meaning: April

Frequency evidence: wordfreq Zipf 4.94
Frequency source: wordfreq Urdu multi-corpus ranking

Semantic verification: direct dictionary sense corroborated — Kaikki+ReadUrdu+word2word

Sources:
- wordfreq Urdu — Unicode multi-corpus frequency ordering
- Kaikki/Wiktextract — bilingual lexicographic evidence
- ReadUrdu — independent Urdu-English bilingual evidence
- word2word — independent corpus-derived bilingual evidence"
تقریر,"Rank: 1230

Meaning: speech

Frequency evidence: wordfreq Zipf 4.94
Frequency source: wordfreq Urdu multi-corpus ranking

Semantic verification: direct dictionary sense corroborated — Kaikki+ReadUrdu+word2word

Sources:
- wordfreq Urdu — Unicode multi-corpus frequency ordering
- Kaikki/Wiktextract — bilingual lexicographic evidence
- ReadUrdu — independent Urdu-English bilingual evidence
- word2word — independent corpus-derived bilingual evidence"
جمعہ,"Rank: 1231

Meaning: Friday

Frequency evidence: wordfreq Zipf 4.94
Frequency source: wordfreq Urdu multi-corpus ranking

Semantic verification: direct dictionary sense corroborated — Kaikki+ReadUrdu+word2word

Sources:
- wordfreq Urdu — Unicode multi-corpus frequency ordering
- Kaikki/Wiktextract — bilingual lexicographic evidence
- ReadUrdu — independent Urdu-English bilingual evidence
- word2word — independent corpus-derived bilingual evidence"
لیتا,"Rank: 1232

Meaning: takes

Frequency evidence: wordfreq Zipf 4.94
Frequency source: wordfreq Urdu multi-corpus ranking

Semantic verification: direct dictionary sense corroborated — ReadUrdu+word2word

Sources:
- wordfreq Urdu — Unicode multi-corpus frequency ordering
- Kaikki/Wiktextract — bilingual lexicographic evidence
- ReadUrdu — independent Urdu-English bilingual evidence
- word2word — independent corpus-derived bilingual evidence"
مختصر,"Rank: 1233

Meaning: short; brief

Frequency evidence: wordfreq Zipf 4.94
Frequency source: wordfreq Urdu multi-corpus ranking

Semantic verification: direct dictionary sense corroborated — Kaikki+ReadUrdu+word2word

Sources:
- wordfreq Urdu — Unicode multi-corpus frequency ordering
- Kaikki/Wiktextract — bilingual lexicographic evidence
- ReadUrdu — independent Urdu-English bilingual evidence
- word2word — independent corpus-derived bilingual evidence"
ممبئی,"Rank: 1234

Meaning: Mumbai

Frequency evidence: wordfreq Zipf 4.94
Frequency source: wordfreq Urdu multi-corpus ranking

Semantic verification: direct dictionary sense corroborated — Kaikki+ReadUrdu

Sources:
- wordfreq Urdu — Unicode multi-corpus frequency ordering
- Kaikki/Wiktextract — bilingual lexicographic evidence
- ReadUrdu — independent Urdu-English bilingual evidence
- word2word — independent corpus-derived bilingual evidence"
میٹر,"Rank: 1235

Meaning: meter

Frequency evidence: wordfreq Zipf 4.94
Frequency source: wordfreq Urdu multi-corpus ranking

Semantic verification: direct dictionary sense corroborated — ReadUrdu+word2word

Sources:
- wordfreq Urdu — Unicode multi-corpus frequency ordering
- Kaikki/Wiktextract — bilingual lexicographic evidence
- ReadUrdu — independent Urdu-English bilingual evidence
- word2word — independent corpus-derived bilingual evidence"
گاہ,"Rank: 1236

Meaning: time; place

Frequency evidence: wordfreq Zipf 4.94
Frequency source: wordfreq Urdu multi-corpus ranking

Semantic verification: direct dictionary sense corroborated — Kaikki+ReadUrdu

Sources:
- wordfreq Urdu — Unicode multi-corpus frequency ordering
- Kaikki/Wiktextract — bilingual lexicographic evidence
- ReadUrdu — independent Urdu-English bilingual evidence
- word2word — independent corpus-derived bilingual evidence"
امت,"Rank: 1237

Meaning: ummah

Frequency evidence: wordfreq Zipf 4.93
Frequency source: wordfreq Urdu multi-corpus ranking

Semantic verification: direct dictionary sense corroborated — Kaikki+ReadUrdu

Sources:
- wordfreq Urdu — Unicode multi-corpus frequency ordering
- Kaikki/Wiktextract — bilingual lexicographic evidence
- ReadUrdu — independent Urdu-English bilingual evidence
- word2word — independent corpus-derived bilingual evidence"
جرمنی,"Rank: 1238

Meaning: Germany

Frequency evidence: wordfreq Zipf 4.93
Frequency source: wordfreq Urdu multi-corpus ranking

Semantic verification: direct dictionary sense corroborated — Kaikki+ReadUrdu+word2word

Sources:
- wordfreq Urdu — Unicode multi-corpus frequency ordering
- Kaikki/Wiktextract — bilingual lexicographic evidence
- ReadUrdu — independent Urdu-English bilingual evidence
- word2word — independent corpus-derived bilingual evidence"
جنوری,"Rank: 1239

Meaning: January

Frequency evidence: wordfreq Zipf 4.93
Frequency source: wordfreq Urdu multi-corpus ranking

Semantic verification: direct dictionary sense corroborated — Kaikki+ReadUrdu+word2word

Sources:
- wordfreq Urdu — Unicode multi-corpus frequency ordering
- Kaikki/Wiktextract — bilingual lexicographic evidence
- ReadUrdu — independent Urdu-English bilingual evidence
- word2word — independent corpus-derived bilingual evidence"
حاضر,"Rank: 1240

Meaning: present

Frequency evidence: wordfreq Zipf 4.93
Frequency source: wordfreq Urdu multi-corpus ranking

Semantic verification: direct dictionary sense corroborated — Kaikki+ReadUrdu

Sources:
- wordfreq Urdu — Unicode multi-corpus frequency ordering
- Kaikki/Wiktextract — bilingual lexicographic evidence
- ReadUrdu — independent Urdu-English bilingual evidence
- word2word — independent corpus-derived bilingual evidence"
حوصلہ,"Rank: 1241

Meaning: courage; morale

Frequency evidence: wordfreq Zipf 4.93
Frequency source: wordfreq Urdu multi-corpus ranking

Semantic verification: direct dictionary sense corroborated — Kaikki+ReadUrdu

Sources:
- wordfreq Urdu — Unicode multi-corpus frequency ordering
- Kaikki/Wiktextract — bilingual lexicographic evidence
- ReadUrdu — independent Urdu-English bilingual evidence
- word2word — independent corpus-derived bilingual evidence"
دسمبر,"Rank: 1242

Meaning: December

Frequency evidence: wordfreq Zipf 4.93
Frequency source: wordfreq Urdu multi-corpus ranking

Semantic verification: direct dictionary sense corroborated — Kaikki+ReadUrdu

Sources:
- wordfreq Urdu — Unicode multi-corpus frequency ordering
- Kaikki/Wiktextract — bilingual lexicographic evidence
- ReadUrdu — independent Urdu-English bilingual evidence
- word2word — independent corpus-derived bilingual evidence"
سفید,"Rank: 1243

Meaning: white; clean

Frequency evidence: wordfreq Zipf 4.93
Frequency source: wordfreq Urdu multi-corpus ranking

Semantic verification: direct dictionary sense corroborated — Kaikki+ReadUrdu+word2word

Sources:
- wordfreq Urdu — Unicode multi-corpus frequency ordering
- Kaikki/Wiktextract — bilingual lexicographic evidence
- ReadUrdu — independent Urdu-English bilingual evidence
- word2word — independent corpus-derived bilingual evidence"
عجیب,"Rank: 1244

Meaning: strange; weird

Frequency evidence: wordfreq Zipf 4.93
Frequency source: wordfreq Urdu multi-corpus ranking

Semantic verification: direct dictionary sense corroborated — Kaikki+ReadUrdu+word2word

Sources:
- wordfreq Urdu — Unicode multi-corpus frequency ordering
- Kaikki/Wiktextract — bilingual lexicographic evidence
- ReadUrdu — independent Urdu-English bilingual evidence
- word2word — independent corpus-derived bilingual evidence"
لال,"Rank: 1245

Meaning: red; darling

Frequency evidence: wordfreq Zipf 4.93
Frequency source: wordfreq Urdu multi-corpus ranking

Semantic verification: direct dictionary sense corroborated — Kaikki+ReadUrdu+word2word

Sources:
- wordfreq Urdu — Unicode multi-corpus frequency ordering
- Kaikki/Wiktextract — bilingual lexicographic evidence
- ReadUrdu — independent Urdu-English bilingual evidence
- word2word — independent corpus-derived bilingual evidence"
لوٹ,"Rank: 1246

Meaning: return; loot

Frequency evidence: wordfreq Zipf 4.93
Frequency source: wordfreq Urdu multi-corpus ranking

Semantic verification: direct dictionary sense corroborated — Kaikki+ReadUrdu+word2word

Sources:
- wordfreq Urdu — Unicode multi-corpus frequency ordering
- Kaikki/Wiktextract — bilingual lexicographic evidence
- ReadUrdu — independent Urdu-English bilingual evidence
- word2word — independent corpus-derived bilingual evidence"
مقبول,"Rank: 1247

Meaning: known; accepted

Frequency evidence: wordfreq Zipf 4.93
Frequency source: wordfreq Urdu multi-corpus ranking

Semantic verification: direct dictionary sense corroborated — Kaikki+ReadUrdu

Sources:
- wordfreq Urdu — Unicode multi-corpus frequency ordering
- Kaikki/Wiktextract — bilingual lexicographic evidence
- ReadUrdu — independent Urdu-English bilingual evidence
- word2word — independent corpus-derived bilingual evidence"
مقدمہ,"Rank: 1248

Meaning: case; lawsuit

Frequency evidence: wordfreq Zipf 4.93
Frequency source: wordfreq Urdu multi-corpus ranking

Semantic verification: direct dictionary sense corroborated — Kaikki+ReadUrdu

Sources:
- wordfreq Urdu — Unicode multi-corpus frequency ordering
- Kaikki/Wiktextract — bilingual lexicographic evidence
- ReadUrdu — independent Urdu-English bilingual evidence
- word2word — independent corpus-derived bilingual evidence"
وفات,"Rank: 1249

Meaning: death; demise

Frequency evidence: wordfreq Zipf 4.93
Frequency source: wordfreq Urdu multi-corpus ranking

Semantic verification: direct dictionary sense corroborated — Kaikki+ReadUrdu

Sources:
- wordfreq Urdu — Unicode multi-corpus frequency ordering
- Kaikki/Wiktextract — bilingual lexicographic evidence
- ReadUrdu — independent Urdu-English bilingual evidence
- word2word — independent corpus-derived bilingual evidence"
اسماعیل,"Rank: 1250

Meaning: Ishmael; Ismail

Frequency evidence: wordfreq Zipf 4.92
Frequency source: wordfreq Urdu multi-corpus ranking

Semantic verification: direct dictionary sense corroborated — Kaikki+ReadUrdu+word2word

Sources:
- wordfreq Urdu — Unicode multi-corpus frequency ordering
- Kaikki/Wiktextract — bilingual lexicographic evidence
- ReadUrdu — independent Urdu-English bilingual evidence
- word2word — independent corpus-derived bilingual evidence"
ایوان,"Rank: 1251

Meaning: hall; palace

Frequency evidence: wordfreq Zipf 4.92
Frequency source: wordfreq Urdu multi-corpus ranking

Semantic verification: direct dictionary sense corroborated — Kaikki+ReadUrdu

Sources:
- wordfreq Urdu — Unicode multi-corpus frequency ordering
- Kaikki/Wiktextract — bilingual lexicographic evidence
- ReadUrdu — independent Urdu-English bilingual evidence
- word2word — independent corpus-derived bilingual evidence"
بیگم,"Rank: 1252

Meaning: wife; begum

Frequency evidence: wordfreq Zipf 4.92
Frequency source: wordfreq Urdu multi-corpus ranking

Semantic verification: direct dictionary sense corroborated — Kaikki+ReadUrdu

Sources:
- wordfreq Urdu — Unicode multi-corpus frequency ordering
- Kaikki/Wiktextract — bilingual lexicographic evidence
- ReadUrdu — independent Urdu-English bilingual evidence
- word2word — independent corpus-derived bilingual evidence"
حقیقی,"Rank: 1253

Meaning: real; true

Frequency evidence: wordfreq Zipf 4.92
Frequency source: wordfreq Urdu multi-corpus ranking

Semantic verification: direct dictionary sense corroborated — ReadUrdu+word2word

Sources:
- wordfreq Urdu — Unicode multi-corpus frequency ordering
- Kaikki/Wiktextract — bilingual lexicographic evidence
- ReadUrdu — independent Urdu-English bilingual evidence
- word2word — independent corpus-derived bilingual evidence"
حوالہ,"Rank: 1254

Meaning: charge; money laundering

Frequency evidence: wordfreq Zipf 4.92
Frequency source: wordfreq Urdu multi-corpus ranking

Semantic verification: direct dictionary sense corroborated — Kaikki+ReadUrdu

Sources:
- wordfreq Urdu — Unicode multi-corpus frequency ordering
- Kaikki/Wiktextract — bilingual lexicographic evidence
- ReadUrdu — independent Urdu-English bilingual evidence
- word2word — independent corpus-derived bilingual evidence"
سلام,"Rank: 1255

Meaning: greeting; farewell

Frequency evidence: wordfreq Zipf 4.92
Frequency source: wordfreq Urdu multi-corpus ranking

Semantic verification: direct dictionary sense corroborated — Kaikki+ReadUrdu+word2word

Sources:
- wordfreq Urdu — Unicode multi-corpus frequency ordering
- Kaikki/Wiktextract — bilingual lexicographic evidence
- ReadUrdu — independent Urdu-English bilingual evidence
- word2word — independent corpus-derived bilingual evidence"
سورج,"Rank: 1256

Meaning: Sun; sunshine

Frequency evidence: wordfreq Zipf 4.92
Frequency source: wordfreq Urdu multi-corpus ranking

Semantic verification: direct dictionary sense corroborated — Kaikki+ReadUrdu+word2word

Sources:
- wordfreq Urdu — Unicode multi-corpus frequency ordering
- Kaikki/Wiktextract — bilingual lexicographic evidence
- ReadUrdu — independent Urdu-English bilingual evidence
- word2word — independent corpus-derived bilingual evidence"
عذاب,"Rank: 1257

Meaning: doom; torment

Frequency evidence: wordfreq Zipf 4.92
Frequency source: wordfreq Urdu multi-corpus ranking

Semantic verification: direct dictionary sense corroborated — Kaikki+ReadUrdu+word2word

Sources:
- wordfreq Urdu — Unicode multi-corpus frequency ordering
- Kaikki/Wiktextract — bilingual lexicographic evidence
- ReadUrdu — independent Urdu-English bilingual evidence
- word2word — independent corpus-derived bilingual evidence"
فروخت,"Rank: 1258

Meaning: t. To sell

Frequency evidence: wordfreq Zipf 4.92
Frequency source: wordfreq Urdu multi-corpus ranking

Semantic verification: direct dictionary sense corroborated — ReadUrdu+word2word

Sources:
- wordfreq Urdu — Unicode multi-corpus frequency ordering
- Kaikki/Wiktextract — bilingual lexicographic evidence
- ReadUrdu — independent Urdu-English bilingual evidence
- word2word — independent corpus-derived bilingual evidence"
قدیم,"Rank: 1259

Meaning: old; ancient

Frequency evidence: wordfreq Zipf 4.92
Frequency source: wordfreq Urdu multi-corpus ranking

Semantic verification: direct dictionary sense corroborated — Kaikki+ReadUrdu

Sources:
- wordfreq Urdu — Unicode multi-corpus frequency ordering
- Kaikki/Wiktextract — bilingual lexicographic evidence
- ReadUrdu — independent Urdu-English bilingual evidence
- word2word — independent corpus-derived bilingual evidence"
لڑائی,"Rank: 1260

Meaning: fight; war

Frequency evidence: wordfreq Zipf 4.92
Frequency source: wordfreq Urdu multi-corpus ranking

Semantic verification: direct dictionary sense corroborated — Kaikki+ReadUrdu+word2word

Sources:
- wordfreq Urdu — Unicode multi-corpus frequency ordering
- Kaikki/Wiktextract — bilingual lexicographic evidence
- ReadUrdu — independent Urdu-English bilingual evidence
- word2word — independent corpus-derived bilingual evidence"
مرضی,"Rank: 1261

Meaning: will; need

Frequency evidence: wordfreq Zipf 4.92
Frequency source: wordfreq Urdu multi-corpus ranking

Semantic verification: direct dictionary sense corroborated — Kaikki+ReadUrdu+word2word

Sources:
- wordfreq Urdu — Unicode multi-corpus frequency ordering
- Kaikki/Wiktextract — bilingual lexicographic evidence
- ReadUrdu — independent Urdu-English bilingual evidence
- word2word — independent corpus-derived bilingual evidence"
مشورہ,"Rank: 1262

Meaning: advice; consultation

Frequency evidence: wordfreq Zipf 4.92
Frequency source: wordfreq Urdu multi-corpus ranking

Semantic verification: direct dictionary sense corroborated — Kaikki+ReadUrdu+word2word

Sources:
- wordfreq Urdu — Unicode multi-corpus frequency ordering
- Kaikki/Wiktextract — bilingual lexicographic evidence
- ReadUrdu — independent Urdu-English bilingual evidence
- word2word — independent corpus-derived bilingual evidence"
ملتان,"Rank: 1263

Meaning: Multan

Frequency evidence: wordfreq Zipf 4.92
Frequency source: wordfreq Urdu multi-corpus ranking

Semantic verification: direct dictionary sense corroborated — Kaikki+ReadUrdu

Sources:
- wordfreq Urdu — Unicode multi-corpus frequency ordering
- Kaikki/Wiktextract — bilingual lexicographic evidence
- ReadUrdu — independent Urdu-English bilingual evidence
- word2word — independent corpus-derived bilingual evidence"
پتھر,"Rank: 1264

Meaning: stone; rock

Frequency evidence: wordfreq Zipf 4.92
Frequency source: wordfreq Urdu multi-corpus ranking

Semantic verification: direct dictionary sense corroborated — Kaikki+ReadUrdu+word2word

Sources:
- wordfreq Urdu — Unicode multi-corpus frequency ordering
- Kaikki/Wiktextract — bilingual lexicographic evidence
- ReadUrdu — independent Urdu-English bilingual evidence
- word2word — independent corpus-derived bilingual evidence"
پیداوار,"Rank: 1265

Meaning: produce; production

Frequency evidence: wordfreq Zipf 4.92
Frequency source: wordfreq Urdu multi-corpus ranking

Semantic verification: direct dictionary sense corroborated — ReadUrdu+word2word

Sources:
- wordfreq Urdu — Unicode multi-corpus frequency ordering
- Kaikki/Wiktextract — bilingual lexicographic evidence
- ReadUrdu — independent Urdu-English bilingual evidence
- word2word — independent corpus-derived bilingual evidence"
چاہتی,"Rank: 1266

Meaning: wants

Frequency evidence: wordfreq Zipf 4.92
Frequency source: wordfreq Urdu multi-corpus ranking

Semantic verification: direct dictionary sense corroborated — ReadUrdu+word2word

Sources:
- wordfreq Urdu — Unicode multi-corpus frequency ordering
- Kaikki/Wiktextract — bilingual lexicographic evidence
- ReadUrdu — independent Urdu-English bilingual evidence
- word2word — independent corpus-derived bilingual evidence"
تکمیل,"Rank: 1267

Meaning: finishing; completion

Frequency evidence: wordfreq Zipf 4.91
Frequency source: wordfreq Urdu multi-corpus ranking

Semantic verification: direct dictionary sense corroborated — Kaikki+ReadUrdu+word2word

Sources:
- wordfreq Urdu — Unicode multi-corpus frequency ordering
- Kaikki/Wiktextract — bilingual lexicographic evidence
- ReadUrdu — independent Urdu-English bilingual evidence
- word2word — independent corpus-derived bilingual evidence"
تہذیب,"Rank: 1268

Meaning: culture

Frequency evidence: wordfreq Zipf 4.91
Frequency source: wordfreq Urdu multi-corpus ranking

Semantic verification: direct dictionary sense corroborated — Kaikki+ReadUrdu

Sources:
- wordfreq Urdu — Unicode multi-corpus frequency ordering
- Kaikki/Wiktextract — bilingual lexicographic evidence
- ReadUrdu — independent Urdu-English bilingual evidence
- word2word — independent corpus-derived bilingual evidence"
دیکھنا,"Rank: 1269

Meaning: see; to look

Frequency evidence: wordfreq Zipf 4.91
Frequency source: wordfreq Urdu multi-corpus ranking

Semantic verification: direct dictionary sense corroborated — Kaikki+ReadUrdu+word2word

Sources:
- wordfreq Urdu — Unicode multi-corpus frequency ordering
- Kaikki/Wiktextract — bilingual lexicographic evidence
- ReadUrdu — independent Urdu-English bilingual evidence
- word2word — independent corpus-derived bilingual evidence"
روحانی,"Rank: 1270

Meaning: spiritual; holy

Frequency evidence: wordfreq Zipf 4.91
Frequency source: wordfreq Urdu multi-corpus ranking

Semantic verification: direct dictionary sense corroborated — Kaikki+ReadUrdu+word2word

Sources:
- wordfreq Urdu — Unicode multi-corpus frequency ordering
- Kaikki/Wiktextract — bilingual lexicographic evidence
- ReadUrdu — independent Urdu-English bilingual evidence
- word2word — independent corpus-derived bilingual evidence"
سکول,"Rank: 1271

Meaning: school

Frequency evidence: wordfreq Zipf 4.91
Frequency source: wordfreq Urdu multi-corpus ranking

Semantic verification: direct dictionary sense corroborated — ReadUrdu+word2word

Sources:
- wordfreq Urdu — Unicode multi-corpus frequency ordering
- Kaikki/Wiktextract — bilingual lexicographic evidence
- ReadUrdu — independent Urdu-English bilingual evidence
- word2word — independent corpus-derived bilingual evidence"
شناخت,"Rank: 1272

Meaning: identification

Frequency evidence: wordfreq Zipf 4.91
Frequency source: wordfreq Urdu multi-corpus ranking

Semantic verification: direct dictionary sense corroborated — Kaikki+ReadUrdu+word2word

Sources:
- wordfreq Urdu — Unicode multi-corpus frequency ordering
- Kaikki/Wiktextract — bilingual lexicographic evidence
- ReadUrdu — independent Urdu-English bilingual evidence
- word2word — independent corpus-derived bilingual evidence"
شوہر,"Rank: 1273

Meaning: husband

Frequency evidence: wordfreq Zipf 4.91
Frequency source: wordfreq Urdu multi-corpus ranking

Semantic verification: direct dictionary sense corroborated — Kaikki+ReadUrdu+word2word

Sources:
- wordfreq Urdu — Unicode multi-corpus frequency ordering
- Kaikki/Wiktextract — bilingual lexicographic evidence
- ReadUrdu — independent Urdu-English bilingual evidence
- word2word — independent corpus-derived bilingual evidence"
پرچم,"Rank: 1274

Meaning: flag; banner

Frequency evidence: wordfreq Zipf 4.91
Frequency source: wordfreq Urdu multi-corpus ranking

Semantic verification: direct dictionary sense corroborated — Kaikki+ReadUrdu+word2word

Sources:
- wordfreq Urdu — Unicode multi-corpus frequency ordering
- Kaikki/Wiktextract — bilingual lexicographic evidence
- ReadUrdu — independent Urdu-English bilingual evidence
- word2word — independent corpus-derived bilingual evidence"
کوئٹہ,"Rank: 1275

Meaning: Quetta

Frequency evidence: wordfreq Zipf 4.91
Frequency source: wordfreq Urdu multi-corpus ranking

Semantic verification: direct dictionary sense corroborated — Kaikki+ReadUrdu

Sources:
- wordfreq Urdu — Unicode multi-corpus frequency ordering
- Kaikki/Wiktextract — bilingual lexicographic evidence
- ReadUrdu — independent Urdu-English bilingual evidence
- word2word — independent corpus-derived bilingual evidence"
ہند,"Rank: 1276

Meaning: India; the Indian subcontinent

Frequency evidence: wordfreq Zipf 4.91
Frequency source: wordfreq Urdu multi-corpus ranking

Semantic verification: direct dictionary sense corroborated — Kaikki+ReadUrdu+word2word

Sources:
- wordfreq Urdu — Unicode multi-corpus frequency ordering
- Kaikki/Wiktextract — bilingual lexicographic evidence
- ReadUrdu — independent Urdu-English bilingual evidence
- word2word — independent corpus-derived bilingual evidence"
تخلیق,"Rank: 1277

Meaning: origin; birth

Frequency evidence: wordfreq Zipf 4.90
Frequency source: wordfreq Urdu multi-corpus ranking

Semantic verification: direct dictionary sense corroborated — Kaikki+ReadUrdu

Sources:
- wordfreq Urdu — Unicode multi-corpus frequency ordering
- Kaikki/Wiktextract — bilingual lexicographic evidence
- ReadUrdu — independent Urdu-English bilingual evidence
- word2word — independent corpus-derived bilingual evidence"
جنسی,"Rank: 1278

Meaning: sexual; related to sex

Frequency evidence: wordfreq Zipf 4.90
Frequency source: wordfreq Urdu multi-corpus ranking

Semantic verification: direct dictionary sense corroborated — Kaikki+ReadUrdu

Sources:
- wordfreq Urdu — Unicode multi-corpus frequency ordering
- Kaikki/Wiktextract — bilingual lexicographic evidence
- ReadUrdu — independent Urdu-English bilingual evidence
- word2word — independent corpus-derived bilingual evidence"
رخ,"Rank: 1279

Meaning: face; direction

Frequency evidence: wordfreq Zipf 4.90
Frequency source: wordfreq Urdu multi-corpus ranking

Semantic verification: direct dictionary sense corroborated — Kaikki+ReadUrdu

Sources:
- wordfreq Urdu — Unicode multi-corpus frequency ordering
- Kaikki/Wiktextract — bilingual lexicographic evidence
- ReadUrdu — independent Urdu-English bilingual evidence
- word2word — independent corpus-derived bilingual evidence"
رد,"Rank: 1280

Meaning: cancelled; rejected

Frequency evidence: wordfreq Zipf 4.90
Frequency source: wordfreq Urdu multi-corpus ranking

Semantic verification: direct dictionary sense corroborated — Kaikki+ReadUrdu

Sources:
- wordfreq Urdu — Unicode multi-corpus frequency ordering
- Kaikki/Wiktextract — bilingual lexicographic evidence
- ReadUrdu — independent Urdu-English bilingual evidence
- word2word — independent corpus-derived bilingual evidence"
پل,"Rank: 1281

Meaning: bridge; moment

Frequency evidence: wordfreq Zipf 4.90
Frequency source: wordfreq Urdu multi-corpus ranking

Semantic verification: direct dictionary sense corroborated — Kaikki+ReadUrdu+word2word

Sources:
- wordfreq Urdu — Unicode multi-corpus frequency ordering
- Kaikki/Wiktextract — bilingual lexicographic evidence
- ReadUrdu — independent Urdu-English bilingual evidence
- word2word — independent corpus-derived bilingual evidence"
کھول,"Rank: 1282

Meaning: open

Frequency evidence: wordfreq Zipf 4.90
Frequency source: wordfreq Urdu multi-corpus ranking

Semantic verification: direct dictionary sense corroborated — ReadUrdu+word2word

Sources:
- wordfreq Urdu — Unicode multi-corpus frequency ordering
- Kaikki/Wiktextract — bilingual lexicographic evidence
- ReadUrdu — independent Urdu-English bilingual evidence
- word2word — independent corpus-derived bilingual evidence"
آسمان,"Rank: 1283

Meaning: sky; heaven

Frequency evidence: wordfreq Zipf 4.89
Frequency source: wordfreq Urdu multi-corpus ranking

Semantic verification: direct dictionary sense corroborated — Kaikki+ReadUrdu+word2word

Sources:
- wordfreq Urdu — Unicode multi-corpus frequency ordering
- Kaikki/Wiktextract — bilingual lexicographic evidence
- ReadUrdu — independent Urdu-English bilingual evidence
- word2word — independent corpus-derived bilingual evidence"
اسرائیلی,"Rank: 1284

Meaning: Israeli

Frequency evidence: wordfreq Zipf 4.89
Frequency source: wordfreq Urdu multi-corpus ranking

Semantic verification: direct dictionary sense corroborated — ReadUrdu+word2word

Sources:
- wordfreq Urdu — Unicode multi-corpus frequency ordering
- Kaikki/Wiktextract — bilingual lexicographic evidence
- ReadUrdu — independent Urdu-English bilingual evidence
- word2word — independent corpus-derived bilingual evidence"
بہادر,"Rank: 1285

Meaning: brave; hero

Frequency evidence: wordfreq Zipf 4.89
Frequency source: wordfreq Urdu multi-corpus ranking

Semantic verification: direct dictionary sense corroborated — Kaikki+ReadUrdu+word2word

Sources:
- wordfreq Urdu — Unicode multi-corpus frequency ordering
- Kaikki/Wiktextract — bilingual lexicographic evidence
- ReadUrdu — independent Urdu-English bilingual evidence
- word2word — independent corpus-derived bilingual evidence"
بہتری,"Rank: 1286

Meaning: improvement

Frequency evidence: wordfreq Zipf 4.89
Frequency source: wordfreq Urdu multi-corpus ranking

Semantic verification: direct dictionary sense corroborated — ReadUrdu+word2word

Sources:
- wordfreq Urdu — Unicode multi-corpus frequency ordering
- Kaikki/Wiktextract — bilingual lexicographic evidence
- ReadUrdu — independent Urdu-English bilingual evidence
- word2word — independent corpus-derived bilingual evidence"
دراصل,"Rank: 1287

Meaning: actually; in reality

Frequency evidence: wordfreq Zipf 4.89
Frequency source: wordfreq Urdu multi-corpus ranking

Semantic verification: direct dictionary sense corroborated — Kaikki+ReadUrdu+word2word

Sources:
- wordfreq Urdu — Unicode multi-corpus frequency ordering
- Kaikki/Wiktextract — bilingual lexicographic evidence
- ReadUrdu — independent Urdu-English bilingual evidence
- word2word — independent corpus-derived bilingual evidence"
روم,"Rank: 1288

Meaning: Asia Minor; Rome

Frequency evidence: wordfreq Zipf 4.89
Frequency source: wordfreq Urdu multi-corpus ranking

Semantic verification: direct dictionary sense corroborated — Kaikki+ReadUrdu+word2word

Sources:
- wordfreq Urdu — Unicode multi-corpus frequency ordering
- Kaikki/Wiktextract — bilingual lexicographic evidence
- ReadUrdu — independent Urdu-English bilingual evidence
- word2word — independent corpus-derived bilingual evidence"
مقدس,"Rank: 1289

Meaning: holy; sacred

Frequency evidence: wordfreq Zipf 4.89
Frequency source: wordfreq Urdu multi-corpus ranking

Semantic verification: direct dictionary sense corroborated — Kaikki+ReadUrdu+word2word

Sources:
- wordfreq Urdu — Unicode multi-corpus frequency ordering
- Kaikki/Wiktextract — bilingual lexicographic evidence
- ReadUrdu — independent Urdu-English bilingual evidence
- word2word — independent corpus-derived bilingual evidence"
پیشہ,"Rank: 1290

Meaning: profession; occupation

Frequency evidence: wordfreq Zipf 4.89
Frequency source: wordfreq Urdu multi-corpus ranking

Semantic verification: direct dictionary sense corroborated — Kaikki+ReadUrdu+word2word

Sources:
- wordfreq Urdu — Unicode multi-corpus frequency ordering
- Kaikki/Wiktextract — bilingual lexicographic evidence
- ReadUrdu — independent Urdu-English bilingual evidence
- word2word — independent corpus-derived bilingual evidence"
چاند,"Rank: 1291

Meaning: moon

Frequency evidence: wordfreq Zipf 4.89
Frequency source: wordfreq Urdu multi-corpus ranking

Semantic verification: direct dictionary sense corroborated — Kaikki+ReadUrdu+word2word

Sources:
- wordfreq Urdu — Unicode multi-corpus frequency ordering
- Kaikki/Wiktextract — bilingual lexicographic evidence
- ReadUrdu — independent Urdu-English bilingual evidence
- word2word — independent corpus-derived bilingual evidence"
کب,"Rank: 1292

Meaning: when

Frequency evidence: wordfreq Zipf 4.89
Frequency source: wordfreq Urdu multi-corpus ranking

Semantic verification: direct dictionary sense corroborated — Kaikki+ReadUrdu+word2word

Sources:
- wordfreq Urdu — Unicode multi-corpus frequency ordering
- Kaikki/Wiktextract — bilingual lexicographic evidence
- ReadUrdu — independent Urdu-English bilingual evidence
- word2word — independent corpus-derived bilingual evidence"
ہندوستانی,"Rank: 1293

Meaning: Indian

Frequency evidence: wordfreq Zipf 4.89
Frequency source: wordfreq Urdu multi-corpus ranking

Semantic verification: direct dictionary sense corroborated — Kaikki+ReadUrdu+word2word

Sources:
- wordfreq Urdu — Unicode multi-corpus frequency ordering
- Kaikki/Wiktextract — bilingual lexicographic evidence
- ReadUrdu — independent Urdu-English bilingual evidence
- word2word — independent corpus-derived bilingual evidence"
اعزاز,"Rank: 1294

Meaning: respect

Frequency evidence: wordfreq Zipf 4.88
Frequency source: wordfreq Urdu multi-corpus ranking

Semantic verification: direct dictionary sense corroborated — ReadUrdu+word2word

Sources:
- wordfreq Urdu — Unicode multi-corpus frequency ordering
- Kaikki/Wiktextract — bilingual lexicographic evidence
- ReadUrdu — independent Urdu-English bilingual evidence
- word2word — independent corpus-derived bilingual evidence"
تحقیقات,"Rank: 1295

Meaning: investigation…

Frequency evidence: wordfreq Zipf 4.88
Frequency source: wordfreq Urdu multi-corpus ranking

Semantic verification: direct dictionary sense corroborated — ReadUrdu+word2word

Sources:
- wordfreq Urdu — Unicode multi-corpus frequency ordering
- Kaikki/Wiktextract — bilingual lexicographic evidence
- ReadUrdu — independent Urdu-English bilingual evidence
- word2word — independent corpus-derived bilingual evidence"
حرکت,"Rank: 1296

Meaning: movement

Frequency evidence: wordfreq Zipf 4.88
Frequency source: wordfreq Urdu multi-corpus ranking

Semantic verification: direct dictionary sense corroborated — ReadUrdu+word2word

Sources:
- wordfreq Urdu — Unicode multi-corpus frequency ordering
- Kaikki/Wiktextract — bilingual lexicographic evidence
- ReadUrdu — independent Urdu-English bilingual evidence
- word2word — independent corpus-derived bilingual evidence"
حیرت,"Rank: 1297

Meaning: surprise; wonder

Frequency evidence: wordfreq Zipf 4.88
Frequency source: wordfreq Urdu multi-corpus ranking

Semantic verification: direct dictionary sense corroborated — Kaikki+ReadUrdu+word2word

Sources:
- wordfreq Urdu — Unicode multi-corpus frequency ordering
- Kaikki/Wiktextract — bilingual lexicographic evidence
- ReadUrdu — independent Urdu-English bilingual evidence
- word2word — independent corpus-derived bilingual evidence"
خاموش,"Rank: 1298

Meaning: quiet; silent

Frequency evidence: wordfreq Zipf 4.88
Frequency source: wordfreq Urdu multi-corpus ranking

Semantic verification: direct dictionary sense corroborated — Kaikki+ReadUrdu+word2word

Sources:
- wordfreq Urdu — Unicode multi-corpus frequency ordering
- Kaikki/Wiktextract — bilingual lexicographic evidence
- ReadUrdu — independent Urdu-English bilingual evidence
- word2word — independent corpus-derived bilingual evidence"
دریا,"Rank: 1299

Meaning: river

Frequency evidence: wordfreq Zipf 4.88
Frequency source: wordfreq Urdu multi-corpus ranking

Semantic verification: direct dictionary sense corroborated — Kaikki+ReadUrdu

Sources:
- wordfreq Urdu — Unicode multi-corpus frequency ordering
- Kaikki/Wiktextract — bilingual lexicographic evidence
- ReadUrdu — independent Urdu-English bilingual evidence
- word2word — independent corpus-derived bilingual evidence"
دیوار,"Rank: 1300

Meaning: wall

Frequency evidence: wordfreq Zipf 4.88
Frequency source: wordfreq Urdu multi-corpus ranking

Semantic verification: direct dictionary sense corroborated — Kaikki+ReadUrdu+word2word

Sources:
- wordfreq Urdu — Unicode multi-corpus frequency ordering
- Kaikki/Wiktextract — bilingual lexicographic evidence
- ReadUrdu — independent Urdu-English bilingual evidence
- word2word — independent corpus-derived bilingual evidence"
سرکار,"Rank: 1301

Meaning: government; sir

Frequency evidence: wordfreq Zipf 4.88
Frequency source: wordfreq Urdu multi-corpus ranking

Semantic verification: direct dictionary sense corroborated — Kaikki+ReadUrdu

Sources:
- wordfreq Urdu — Unicode multi-corpus frequency ordering
- Kaikki/Wiktextract — bilingual lexicographic evidence
- ReadUrdu — independent Urdu-English bilingual evidence
- word2word — independent corpus-derived bilingual evidence"
شکر,"Rank: 1302

Meaning: thanks

Frequency evidence: wordfreq Zipf 4.88
Frequency source: wordfreq Urdu multi-corpus ranking

Semantic verification: direct dictionary sense corroborated — ReadUrdu+word2word

Sources:
- wordfreq Urdu — Unicode multi-corpus frequency ordering
- Kaikki/Wiktextract — bilingual lexicographic evidence
- ReadUrdu — independent Urdu-English bilingual evidence
- word2word — independent corpus-derived bilingual evidence"
فخر,"Rank: 1303

Meaning: pride; glory

Frequency evidence: wordfreq Zipf 4.88
Frequency source: wordfreq Urdu multi-corpus ranking

Semantic verification: direct dictionary sense corroborated — Kaikki+ReadUrdu+word2word

Sources:
- wordfreq Urdu — Unicode multi-corpus frequency ordering
- Kaikki/Wiktextract — bilingual lexicographic evidence
- ReadUrdu — independent Urdu-English bilingual evidence
- word2word — independent corpus-derived bilingual evidence"
مفتی,"Rank: 1304

Meaning: mufti

Frequency evidence: wordfreq Zipf 4.88
Frequency source: wordfreq Urdu multi-corpus ranking

Semantic verification: direct dictionary sense corroborated — Kaikki+ReadUrdu

Sources:
- wordfreq Urdu — Unicode multi-corpus frequency ordering
- Kaikki/Wiktextract — bilingual lexicographic evidence
- ReadUrdu — independent Urdu-English bilingual evidence
- word2word — independent corpus-derived bilingual evidence"
نفرت,"Rank: 1305

Meaning: hate; hatred

Frequency evidence: wordfreq Zipf 4.88
Frequency source: wordfreq Urdu multi-corpus ranking

Semantic verification: direct dictionary sense corroborated — Kaikki+ReadUrdu+word2word

Sources:
- wordfreq Urdu — Unicode multi-corpus frequency ordering
- Kaikki/Wiktextract — bilingual lexicographic evidence
- ReadUrdu — independent Urdu-English bilingual evidence
- word2word — independent corpus-derived bilingual evidence"
اخلاق,"Rank: 1306

Meaning: morals

Frequency evidence: wordfreq Zipf 4.87
Frequency source: wordfreq Urdu multi-corpus ranking

Semantic verification: direct dictionary sense corroborated — Kaikki+ReadUrdu

Sources:
- wordfreq Urdu — Unicode multi-corpus frequency ordering
- Kaikki/Wiktextract — bilingual lexicographic evidence
- ReadUrdu — independent Urdu-English bilingual evidence
- word2word — independent corpus-derived bilingual evidence"
اخلاقی,"Rank: 1307

Meaning: moral; ethical

Frequency evidence: wordfreq Zipf 4.87
Frequency source: wordfreq Urdu multi-corpus ranking

Semantic verification: direct dictionary sense corroborated — Kaikki+ReadUrdu+word2word

Sources:
- wordfreq Urdu — Unicode multi-corpus frequency ordering
- Kaikki/Wiktextract — bilingual lexicographic evidence
- ReadUrdu — independent Urdu-English bilingual evidence
- word2word — independent corpus-derived bilingual evidence"
بولنے,"Rank: 1308

Meaning: speak

Frequency evidence: wordfreq Zipf 4.87
Frequency source: wordfreq Urdu multi-corpus ranking

Semantic verification: direct dictionary sense corroborated — ReadUrdu+word2word

Sources:
- wordfreq Urdu — Unicode multi-corpus frequency ordering
- Kaikki/Wiktextract — bilingual lexicographic evidence
- ReadUrdu — independent Urdu-English bilingual evidence
- word2word — independent corpus-derived bilingual evidence"
بیرونی,"Rank: 1309

Meaning: Outer

Frequency evidence: wordfreq Zipf 4.87
Frequency source: wordfreq Urdu multi-corpus ranking

Semantic verification: direct dictionary sense corroborated — ReadUrdu+word2word

Sources:
- wordfreq Urdu — Unicode multi-corpus frequency ordering
- Kaikki/Wiktextract — bilingual lexicographic evidence
- ReadUrdu — independent Urdu-English bilingual evidence
- word2word — independent corpus-derived bilingual evidence"
عیسی,"Rank: 1310

Meaning: a male given name; Jesus

Frequency evidence: wordfreq Zipf 4.87
Frequency source: wordfreq Urdu multi-corpus ranking

Semantic verification: direct dictionary sense corroborated — Kaikki+ReadUrdu

Sources:
- wordfreq Urdu — Unicode multi-corpus frequency ordering
- Kaikki/Wiktextract — bilingual lexicographic evidence
- ReadUrdu — independent Urdu-English bilingual evidence
- word2word — independent corpus-derived bilingual evidence"
لکھتے,"Rank: 1311

Meaning: write

Frequency evidence: wordfreq Zipf 4.87
Frequency source: wordfreq Urdu multi-corpus ranking

Semantic verification: direct dictionary sense corroborated — ReadUrdu+word2word

Sources:
- wordfreq Urdu — Unicode multi-corpus frequency ordering
- Kaikki/Wiktextract — bilingual lexicographic evidence
- ReadUrdu — independent Urdu-English bilingual evidence
- word2word — independent corpus-derived bilingual evidence"
نیز,"Rank: 1312

Meaning: also

Frequency evidence: wordfreq Zipf 4.87
Frequency source: wordfreq Urdu multi-corpus ranking

Semantic verification: direct dictionary sense corroborated — Kaikki+ReadUrdu

Sources:
- wordfreq Urdu — Unicode multi-corpus frequency ordering
- Kaikki/Wiktextract — bilingual lexicographic evidence
- ReadUrdu — independent Urdu-English bilingual evidence
- word2word — independent corpus-derived bilingual evidence"
وادی,"Rank: 1313

Meaning: valley

Frequency evidence: wordfreq Zipf 4.87
Frequency source: wordfreq Urdu multi-corpus ranking

Semantic verification: direct dictionary sense corroborated — Kaikki+ReadUrdu+word2word

Sources:
- wordfreq Urdu — Unicode multi-corpus frequency ordering
- Kaikki/Wiktextract — bilingual lexicographic evidence
- ReadUrdu — independent Urdu-English bilingual evidence
- word2word — independent corpus-derived bilingual evidence"
وار,"Rank: 1314

Meaning: time; a day of the week

Frequency evidence: wordfreq Zipf 4.87
Frequency source: wordfreq Urdu multi-corpus ranking

Semantic verification: direct dictionary sense corroborated — Kaikki+ReadUrdu

Sources:
- wordfreq Urdu — Unicode multi-corpus frequency ordering
- Kaikki/Wiktextract — bilingual lexicographic evidence
- ReadUrdu — independent Urdu-English bilingual evidence
- word2word — independent corpus-derived bilingual evidence"
پاؤں,"Rank: 1315

Meaning: foot; leg

Frequency evidence: wordfreq Zipf 4.87
Frequency source: wordfreq Urdu multi-corpus ranking

Semantic verification: direct dictionary sense corroborated — Kaikki+ReadUrdu+word2word

Sources:
- wordfreq Urdu — Unicode multi-corpus frequency ordering
- Kaikki/Wiktextract — bilingual lexicographic evidence
- ReadUrdu — independent Urdu-English bilingual evidence
- word2word — independent corpus-derived bilingual evidence"
پیٹ,"Rank: 1316

Meaning: belly; stomach

Frequency evidence: wordfreq Zipf 4.87
Frequency source: wordfreq Urdu multi-corpus ranking

Semantic verification: direct dictionary sense corroborated — Kaikki+ReadUrdu+word2word

Sources:
- wordfreq Urdu — Unicode multi-corpus frequency ordering
- Kaikki/Wiktextract — bilingual lexicographic evidence
- ReadUrdu — independent Urdu-English bilingual evidence
- word2word — independent corpus-derived bilingual evidence"
احسان,"Rank: 1317

Meaning: favour; kindness

Frequency evidence: wordfreq Zipf 4.86
Frequency source: wordfreq Urdu multi-corpus ranking

Semantic verification: direct dictionary sense corroborated — Kaikki+ReadUrdu

Sources:
- wordfreq Urdu — Unicode multi-corpus frequency ordering
- Kaikki/Wiktextract — bilingual lexicographic evidence
- ReadUrdu — independent Urdu-English bilingual evidence
- word2word — independent corpus-derived bilingual evidence"
افریقہ,"Rank: 1318

Meaning: Africa

Frequency evidence: wordfreq Zipf 4.86
Frequency source: wordfreq Urdu multi-corpus ranking

Semantic verification: direct dictionary sense corroborated — Kaikki+ReadUrdu+word2word

Sources:
- wordfreq Urdu — Unicode multi-corpus frequency ordering
- Kaikki/Wiktextract — bilingual lexicographic evidence
- ReadUrdu — independent Urdu-English bilingual evidence
- word2word — independent corpus-derived bilingual evidence"
ایشیا,"Rank: 1319

Meaning: Asia

Frequency evidence: wordfreq Zipf 4.86
Frequency source: wordfreq Urdu multi-corpus ranking

Semantic verification: direct dictionary sense corroborated — Kaikki+ReadUrdu

Sources:
- wordfreq Urdu — Unicode multi-corpus frequency ordering
- Kaikki/Wiktextract — bilingual lexicographic evidence
- ReadUrdu — independent Urdu-English bilingual evidence
- word2word — independent corpus-derived bilingual evidence"
برا,"Rank: 1320

Meaning: bad; dirty

Frequency evidence: wordfreq Zipf 4.86
Frequency source: wordfreq Urdu multi-corpus ranking

Semantic verification: direct dictionary sense corroborated — Kaikki+ReadUrdu+word2word

Sources:
- wordfreq Urdu — Unicode multi-corpus frequency ordering
- Kaikki/Wiktextract — bilingual lexicographic evidence
- ReadUrdu — independent Urdu-English bilingual evidence
- word2word — independent corpus-derived bilingual evidence"
ترتیب,"Rank: 1321

Meaning: order; arrangement

Frequency evidence: wordfreq Zipf 4.86
Frequency source: wordfreq Urdu multi-corpus ranking

Semantic verification: direct dictionary sense corroborated — Kaikki+ReadUrdu+word2word

Sources:
- wordfreq Urdu — Unicode multi-corpus frequency ordering
- Kaikki/Wiktextract — bilingual lexicographic evidence
- ReadUrdu — independent Urdu-English bilingual evidence
- word2word — independent corpus-derived bilingual evidence"
تشریف,"Rank: 1322

Meaning: seat; honour

Frequency evidence: wordfreq Zipf 4.86
Frequency source: wordfreq Urdu multi-corpus ranking

Semantic verification: direct dictionary sense corroborated — Kaikki+ReadUrdu+word2word

Sources:
- wordfreq Urdu — Unicode multi-corpus frequency ordering
- Kaikki/Wiktextract — bilingual lexicographic evidence
- ReadUrdu — independent Urdu-English bilingual evidence
- word2word — independent corpus-derived bilingual evidence"
تصدیق,"Rank: 1323

Meaning: confirmation; verification

Frequency evidence: wordfreq Zipf 4.86
Frequency source: wordfreq Urdu multi-corpus ranking

Semantic verification: direct dictionary sense corroborated — Kaikki+ReadUrdu+word2word

Sources:
- wordfreq Urdu — Unicode multi-corpus frequency ordering
- Kaikki/Wiktextract — bilingual lexicographic evidence
- ReadUrdu — independent Urdu-English bilingual evidence
- word2word — independent corpus-derived bilingual evidence"
جموں,"Rank: 1324

Meaning: Jammu

Frequency evidence: wordfreq Zipf 4.86
Frequency source: wordfreq Urdu multi-corpus ranking

Semantic verification: direct dictionary sense corroborated — Kaikki+ReadUrdu

Sources:
- wordfreq Urdu — Unicode multi-corpus frequency ordering
- Kaikki/Wiktextract — bilingual lexicographic evidence
- ReadUrdu — independent Urdu-English bilingual evidence
- word2word — independent corpus-derived bilingual evidence"
حکام,"Rank: 1325

Meaning: authorities; officials

Frequency evidence: wordfreq Zipf 4.86
Frequency source: wordfreq Urdu multi-corpus ranking

Semantic verification: direct dictionary sense corroborated — ReadUrdu+word2word

Sources:
- wordfreq Urdu — Unicode multi-corpus frequency ordering
- Kaikki/Wiktextract — bilingual lexicographic evidence
- ReadUrdu — independent Urdu-English bilingual evidence
- word2word — independent corpus-derived bilingual evidence"
سننے,"Rank: 1326

Meaning: listening

Frequency evidence: wordfreq Zipf 4.86
Frequency source: wordfreq Urdu multi-corpus ranking

Semantic verification: direct dictionary sense corroborated — ReadUrdu+word2word

Sources:
- wordfreq Urdu — Unicode multi-corpus frequency ordering
- Kaikki/Wiktextract — bilingual lexicographic evidence
- ReadUrdu — independent Urdu-English bilingual evidence
- word2word — independent corpus-derived bilingual evidence"
سینیٹ,"Rank: 1327

Meaning: senate

Frequency evidence: wordfreq Zipf 4.86
Frequency source: wordfreq Urdu multi-corpus ranking

Semantic verification: direct dictionary sense corroborated — ReadUrdu+word2word

Sources:
- wordfreq Urdu — Unicode multi-corpus frequency ordering
- Kaikki/Wiktextract — bilingual lexicographic evidence
- ReadUrdu — independent Urdu-English bilingual evidence
- word2word — independent corpus-derived bilingual evidence"
سیٹ,"Rank: 1328

Meaning: a seat

Frequency evidence: wordfreq Zipf 4.86
Frequency source: wordfreq Urdu multi-corpus ranking

Semantic verification: direct dictionary sense corroborated — ReadUrdu+word2word

Sources:
- wordfreq Urdu — Unicode multi-corpus frequency ordering
- Kaikki/Wiktextract — bilingual lexicographic evidence
- ReadUrdu — independent Urdu-English bilingual evidence
- word2word — independent corpus-derived bilingual evidence"
فرانس,"Rank: 1329

Meaning: France

Frequency evidence: wordfreq Zipf 4.86
Frequency source: wordfreq Urdu multi-corpus ranking

Semantic verification: direct dictionary sense corroborated — Kaikki+ReadUrdu+word2word

Sources:
- wordfreq Urdu — Unicode multi-corpus frequency ordering
- Kaikki/Wiktextract — bilingual lexicographic evidence
- ReadUrdu — independent Urdu-English bilingual evidence
- word2word — independent corpus-derived bilingual evidence"
مر,"Rank: 1330

Meaning: to be dead; die

Frequency evidence: wordfreq Zipf 4.86
Frequency source: wordfreq Urdu multi-corpus ranking

Semantic verification: direct dictionary sense corroborated — ReadUrdu+word2word

Sources:
- wordfreq Urdu — Unicode multi-corpus frequency ordering
- Kaikki/Wiktextract — bilingual lexicographic evidence
- ReadUrdu — independent Urdu-English bilingual evidence
- word2word — independent corpus-derived bilingual evidence"
مقبوضہ,"Rank: 1331

Meaning: occupied; seized

Frequency evidence: wordfreq Zipf 4.86
Frequency source: wordfreq Urdu multi-corpus ranking

Semantic verification: direct dictionary sense corroborated — Kaikki+ReadUrdu

Sources:
- wordfreq Urdu — Unicode multi-corpus frequency ordering
- Kaikki/Wiktextract — bilingual lexicographic evidence
- ReadUrdu — independent Urdu-English bilingual evidence
- word2word — independent corpus-derived bilingual evidence"
واقعی,"Rank: 1332

Meaning: really; truly

Frequency evidence: wordfreq Zipf 4.86
Frequency source: wordfreq Urdu multi-corpus ranking

Semantic verification: direct dictionary sense corroborated — Kaikki+ReadUrdu+word2word

Sources:
- wordfreq Urdu — Unicode multi-corpus frequency ordering
- Kaikki/Wiktextract — bilingual lexicographic evidence
- ReadUrdu — independent Urdu-English bilingual evidence
- word2word — independent corpus-derived bilingual evidence"
وسطی,"Rank: 1333

Meaning: Middle

Frequency evidence: wordfreq Zipf 4.86
Frequency source: wordfreq Urdu multi-corpus ranking

Semantic verification: direct dictionary sense corroborated — ReadUrdu+word2word

Sources:
- wordfreq Urdu — Unicode multi-corpus frequency ordering
- Kaikki/Wiktextract — bilingual lexicographic evidence
- ReadUrdu — independent Urdu-English bilingual evidence
- word2word — independent corpus-derived bilingual evidence"
ٹکٹ,"Rank: 1334

Meaning: ticket

Frequency evidence: wordfreq Zipf 4.86
Frequency source: wordfreq Urdu multi-corpus ranking

Semantic verification: direct dictionary sense corroborated — Kaikki+ReadUrdu+word2word

Sources:
- wordfreq Urdu — Unicode multi-corpus frequency ordering
- Kaikki/Wiktextract — bilingual lexicographic evidence
- ReadUrdu — independent Urdu-English bilingual evidence
- word2word — independent corpus-derived bilingual evidence"
احترام,"Rank: 1335

Meaning: respect; attention

Frequency evidence: wordfreq Zipf 4.85
Frequency source: wordfreq Urdu multi-corpus ranking

Semantic verification: direct dictionary sense corroborated — Kaikki+ReadUrdu+word2word

Sources:
- wordfreq Urdu — Unicode multi-corpus frequency ordering
- Kaikki/Wiktextract — bilingual lexicographic evidence
- ReadUrdu — independent Urdu-English bilingual evidence
- word2word — independent corpus-derived bilingual evidence"
احسن,"Rank: 1336

Meaning: ace

Frequency evidence: wordfreq Zipf 4.85
Frequency source: wordfreq Urdu multi-corpus ranking

Semantic verification: direct dictionary sense corroborated — Kaikki+ReadUrdu

Sources:
- wordfreq Urdu — Unicode multi-corpus frequency ordering
- Kaikki/Wiktextract — bilingual lexicographic evidence
- ReadUrdu — independent Urdu-English bilingual evidence
- word2word — independent corpus-derived bilingual evidence"
توہین,"Rank: 1337

Meaning: insult; contempt

Frequency evidence: wordfreq Zipf 4.85
Frequency source: wordfreq Urdu multi-corpus ranking

Semantic verification: direct dictionary sense corroborated — Kaikki+ReadUrdu+word2word

Sources:
- wordfreq Urdu — Unicode multi-corpus frequency ordering
- Kaikki/Wiktextract — bilingual lexicographic evidence
- ReadUrdu — independent Urdu-English bilingual evidence
- word2word — independent corpus-derived bilingual evidence"
جلدی,"Rank: 1338

Meaning: quickly

Frequency evidence: wordfreq Zipf 4.85
Frequency source: wordfreq Urdu multi-corpus ranking

Semantic verification: direct dictionary sense corroborated — Kaikki+ReadUrdu+word2word

Sources:
- wordfreq Urdu — Unicode multi-corpus frequency ordering
- Kaikki/Wiktextract — bilingual lexicographic evidence
- ReadUrdu — independent Urdu-English bilingual evidence
- word2word — independent corpus-derived bilingual evidence"
حصول,"Rank: 1339

Meaning: Getting

Frequency evidence: wordfreq Zipf 4.85
Frequency source: wordfreq Urdu multi-corpus ranking

Semantic verification: direct dictionary sense corroborated — ReadUrdu+word2word

Sources:
- wordfreq Urdu — Unicode multi-corpus frequency ordering
- Kaikki/Wiktextract — bilingual lexicographic evidence
- ReadUrdu — independent Urdu-English bilingual evidence
- word2word — independent corpus-derived bilingual evidence"
مارکیٹ,"Rank: 1340

Meaning: market

Frequency evidence: wordfreq Zipf 4.85
Frequency source: wordfreq Urdu multi-corpus ranking

Semantic verification: direct dictionary sense corroborated — ReadUrdu+word2word

Sources:
- wordfreq Urdu — Unicode multi-corpus frequency ordering
- Kaikki/Wiktextract — bilingual lexicographic evidence
- ReadUrdu — independent Urdu-English bilingual evidence
- word2word — independent corpus-derived bilingual evidence"
معاہدہ,"Rank: 1341

Meaning: agreement

Frequency evidence: wordfreq Zipf 4.85
Frequency source: wordfreq Urdu multi-corpus ranking

Semantic verification: direct dictionary sense corroborated — Kaikki+ReadUrdu+word2word

Sources:
- wordfreq Urdu — Unicode multi-corpus frequency ordering
- Kaikki/Wiktextract — bilingual lexicographic evidence
- ReadUrdu — independent Urdu-English bilingual evidence
- word2word — independent corpus-derived bilingual evidence"
منزل,"Rank: 1342

Meaning: destination

Frequency evidence: wordfreq Zipf 4.85
Frequency source: wordfreq Urdu multi-corpus ranking

Semantic verification: direct dictionary sense corroborated — Kaikki+ReadUrdu+word2word

Sources:
- wordfreq Urdu — Unicode multi-corpus frequency ordering
- Kaikki/Wiktextract — bilingual lexicographic evidence
- ReadUrdu — independent Urdu-English bilingual evidence
- word2word — independent corpus-derived bilingual evidence"
پکڑ,"Rank: 1343

Meaning: holding

Frequency evidence: wordfreq Zipf 4.85
Frequency source: wordfreq Urdu multi-corpus ranking

Semantic verification: direct dictionary sense corroborated — ReadUrdu+word2word

Sources:
- wordfreq Urdu — Unicode multi-corpus frequency ordering
- Kaikki/Wiktextract — bilingual lexicographic evidence
- ReadUrdu — independent Urdu-English bilingual evidence
- word2word — independent corpus-derived bilingual evidence"
چوری,"Rank: 1344

Meaning: theft

Frequency evidence: wordfreq Zipf 4.85
Frequency source: wordfreq Urdu multi-corpus ranking

Semantic verification: direct dictionary sense corroborated — Kaikki+ReadUrdu

Sources:
- wordfreq Urdu — Unicode multi-corpus frequency ordering
- Kaikki/Wiktextract — bilingual lexicographic evidence
- ReadUrdu — independent Urdu-English bilingual evidence
- word2word — independent corpus-derived bilingual evidence"
بھول,"Rank: 1345

Meaning: Forget

Frequency evidence: wordfreq Zipf 4.84
Frequency source: wordfreq Urdu multi-corpus ranking

Semantic verification: direct dictionary sense corroborated — ReadUrdu+word2word

Sources:
- wordfreq Urdu — Unicode multi-corpus frequency ordering
- Kaikki/Wiktextract — bilingual lexicographic evidence
- ReadUrdu — independent Urdu-English bilingual evidence
- word2word — independent corpus-derived bilingual evidence"
جنگی,"Rank: 1346

Meaning: military; martial

Frequency evidence: wordfreq Zipf 4.84
Frequency source: wordfreq Urdu multi-corpus ranking

Semantic verification: direct dictionary sense corroborated — Kaikki+ReadUrdu

Sources:
- wordfreq Urdu — Unicode multi-corpus frequency ordering
- Kaikki/Wiktextract — bilingual lexicographic evidence
- ReadUrdu — independent Urdu-English bilingual evidence
- word2word — independent corpus-derived bilingual evidence"
خلافت,"Rank: 1347

Meaning: caliphate

Frequency evidence: wordfreq Zipf 4.84
Frequency source: wordfreq Urdu multi-corpus ranking

Semantic verification: direct dictionary sense corroborated — Kaikki+ReadUrdu

Sources:
- wordfreq Urdu — Unicode multi-corpus frequency ordering
- Kaikki/Wiktextract — bilingual lexicographic evidence
- ReadUrdu — independent Urdu-English bilingual evidence
- word2word — independent corpus-derived bilingual evidence"
ساتھی,"Rank: 1348

Meaning: partner; companion

Frequency evidence: wordfreq Zipf 4.84
Frequency source: wordfreq Urdu multi-corpus ranking

Semantic verification: direct dictionary sense corroborated — Kaikki+ReadUrdu+word2word

Sources:
- wordfreq Urdu — Unicode multi-corpus frequency ordering
- Kaikki/Wiktextract — bilingual lexicographic evidence
- ReadUrdu — independent Urdu-English bilingual evidence
- word2word — independent corpus-derived bilingual evidence"
قلم,"Rank: 1349

Meaning: pen

Frequency evidence: wordfreq Zipf 4.84
Frequency source: wordfreq Urdu multi-corpus ranking

Semantic verification: direct dictionary sense corroborated — Kaikki+ReadUrdu

Sources:
- wordfreq Urdu — Unicode multi-corpus frequency ordering
- Kaikki/Wiktextract — bilingual lexicographic evidence
- ReadUrdu — independent Urdu-English bilingual evidence
- word2word — independent corpus-derived bilingual evidence"
متعارف,"Rank: 1350

Meaning: known to each other; already introduced

Frequency evidence: wordfreq Zipf 4.84
Frequency source: wordfreq Urdu multi-corpus ranking

Semantic verification: direct dictionary sense corroborated — Kaikki+ReadUrdu

Sources:
- wordfreq Urdu — Unicode multi-corpus frequency ordering
- Kaikki/Wiktextract — bilingual lexicographic evidence
- ReadUrdu — independent Urdu-English bilingual evidence
- word2word — independent corpus-derived bilingual evidence"
معاف,"Rank: 1351

Meaning: forgiven; pardoned

Frequency evidence: wordfreq Zipf 4.84
Frequency source: wordfreq Urdu multi-corpus ranking

Semantic verification: direct dictionary sense corroborated — Kaikki+ReadUrdu+word2word

Sources:
- wordfreq Urdu — Unicode multi-corpus frequency ordering
- Kaikki/Wiktextract — bilingual lexicographic evidence
- ReadUrdu — independent Urdu-English bilingual evidence
- word2word — independent corpus-derived bilingual evidence"
ناول,"Rank: 1352

Meaning: novel

Frequency evidence: wordfreq Zipf 4.84
Frequency source: wordfreq Urdu multi-corpus ranking

Semantic verification: direct dictionary sense corroborated — Kaikki+ReadUrdu

Sources:
- wordfreq Urdu — Unicode multi-corpus frequency ordering
- Kaikki/Wiktextract — bilingual lexicographic evidence
- ReadUrdu — independent Urdu-English bilingual evidence
- word2word — independent corpus-derived bilingual evidence"
والدہ,"Rank: 1353

Meaning: mother

Frequency evidence: wordfreq Zipf 4.84
Frequency source: wordfreq Urdu multi-corpus ranking

Semantic verification: direct dictionary sense corroborated — ReadUrdu+word2word

Sources:
- wordfreq Urdu — Unicode multi-corpus frequency ordering
- Kaikki/Wiktextract — bilingual lexicographic evidence
- ReadUrdu — independent Urdu-English bilingual evidence
- word2word — independent corpus-derived bilingual evidence"
ہائے,"Rank: 1354

Meaning: alas!; an exclamation of distress

Frequency evidence: wordfreq Zipf 4.84
Frequency source: wordfreq Urdu multi-corpus ranking

Semantic verification: direct dictionary sense corroborated — Kaikki+ReadUrdu

Sources:
- wordfreq Urdu — Unicode multi-corpus frequency ordering
- Kaikki/Wiktextract — bilingual lexicographic evidence
- ReadUrdu — independent Urdu-English bilingual evidence
- word2word — independent corpus-derived bilingual evidence"
آلہ,"Rank: 1355

Meaning: device; weapon

Frequency evidence: wordfreq Zipf 4.83
Frequency source: wordfreq Urdu multi-corpus ranking

Semantic verification: direct dictionary sense corroborated — Kaikki+ReadUrdu+word2word

Sources:
- wordfreq Urdu — Unicode multi-corpus frequency ordering
- Kaikki/Wiktextract — bilingual lexicographic evidence
- ReadUrdu — independent Urdu-English bilingual evidence
- word2word — independent corpus-derived bilingual evidence"
آنکھ,"Rank: 1356

Meaning: eye; look

Frequency evidence: wordfreq Zipf 4.83
Frequency source: wordfreq Urdu multi-corpus ranking

Semantic verification: direct dictionary sense corroborated — Kaikki+ReadUrdu+word2word

Sources:
- wordfreq Urdu — Unicode multi-corpus frequency ordering
- Kaikki/Wiktextract — bilingual lexicographic evidence
- ReadUrdu — independent Urdu-English bilingual evidence
- word2word — independent corpus-derived bilingual evidence"
اتر,"Rank: 1357

Meaning: north; answer

Frequency evidence: wordfreq Zipf 4.83
Frequency source: wordfreq Urdu multi-corpus ranking

Semantic verification: direct dictionary sense corroborated — Kaikki+ReadUrdu

Sources:
- wordfreq Urdu — Unicode multi-corpus frequency ordering
- Kaikki/Wiktextract — bilingual lexicographic evidence
- ReadUrdu — independent Urdu-English bilingual evidence
- word2word — independent corpus-derived bilingual evidence"
تمہارا,"Rank: 1358

Meaning: grammatically plural: your; Early Modern English your

Frequency evidence: wordfreq Zipf 4.83
Frequency source: wordfreq Urdu multi-corpus ranking

Semantic verification: direct dictionary sense corroborated — Kaikki+ReadUrdu

Sources:
- wordfreq Urdu — Unicode multi-corpus frequency ordering
- Kaikki/Wiktextract — bilingual lexicographic evidence
- ReadUrdu — independent Urdu-English bilingual evidence
- word2word — independent corpus-derived bilingual evidence"
تنگ,"Rank: 1359

Meaning: tight; narrow

Frequency evidence: wordfreq Zipf 4.83
Frequency source: wordfreq Urdu multi-corpus ranking

Semantic verification: direct dictionary sense corroborated — Kaikki+ReadUrdu+word2word

Sources:
- wordfreq Urdu — Unicode multi-corpus frequency ordering
- Kaikki/Wiktextract — bilingual lexicographic evidence
- ReadUrdu — independent Urdu-English bilingual evidence
- word2word — independent corpus-derived bilingual evidence"
حیران,"Rank: 1360

Meaning: surprised; amazed

Frequency evidence: wordfreq Zipf 4.83
Frequency source: wordfreq Urdu multi-corpus ranking

Semantic verification: direct dictionary sense corroborated — Kaikki+ReadUrdu+word2word

Sources:
- wordfreq Urdu — Unicode multi-corpus frequency ordering
- Kaikki/Wiktextract — bilingual lexicographic evidence
- ReadUrdu — independent Urdu-English bilingual evidence
- word2word — independent corpus-derived bilingual evidence"
رام,"Rank: 1361

Meaning: a male given name; Ram or Rāma

Frequency evidence: wordfreq Zipf 4.83
Frequency source: wordfreq Urdu multi-corpus ranking

Semantic verification: direct dictionary sense corroborated — Kaikki+ReadUrdu

Sources:
- wordfreq Urdu — Unicode multi-corpus frequency ordering
- Kaikki/Wiktextract — bilingual lexicographic evidence
- ReadUrdu — independent Urdu-English bilingual evidence
- word2word — independent corpus-derived bilingual evidence"
روسی,"Rank: 1362

Meaning: Russian

Frequency evidence: wordfreq Zipf 4.83
Frequency source: wordfreq Urdu multi-corpus ranking

Semantic verification: direct dictionary sense corroborated — Kaikki+ReadUrdu+word2word

Sources:
- wordfreq Urdu — Unicode multi-corpus frequency ordering
- Kaikki/Wiktextract — bilingual lexicographic evidence
- ReadUrdu — independent Urdu-English bilingual evidence
- word2word — independent corpus-derived bilingual evidence"
زیادتی,"Rank: 1363

Meaning: rape; sexual assault

Frequency evidence: wordfreq Zipf 4.83
Frequency source: wordfreq Urdu multi-corpus ranking

Semantic verification: direct dictionary sense corroborated — Kaikki+ReadUrdu

Sources:
- wordfreq Urdu — Unicode multi-corpus frequency ordering
- Kaikki/Wiktextract — bilingual lexicographic evidence
- ReadUrdu — independent Urdu-English bilingual evidence
- word2word — independent corpus-derived bilingual evidence"
فروری,"Rank: 1364

Meaning: February

Frequency evidence: wordfreq Zipf 4.83
Frequency source: wordfreq Urdu multi-corpus ranking

Semantic verification: direct dictionary sense corroborated — Kaikki+ReadUrdu+word2word

Sources:
- wordfreq Urdu — Unicode multi-corpus frequency ordering
- Kaikki/Wiktextract — bilingual lexicographic evidence
- ReadUrdu — independent Urdu-English bilingual evidence
- word2word — independent corpus-derived bilingual evidence"
قدرتی,"Rank: 1365

Meaning: natural

Frequency evidence: wordfreq Zipf 4.83
Frequency source: wordfreq Urdu multi-corpus ranking

Semantic verification: direct dictionary sense corroborated — ReadUrdu+word2word

Sources:
- wordfreq Urdu — Unicode multi-corpus frequency ordering
- Kaikki/Wiktextract — bilingual lexicographic evidence
- ReadUrdu — independent Urdu-English bilingual evidence
- word2word — independent corpus-derived bilingual evidence"
منی,"Rank: 1366

Meaning: semen; jewel

Frequency evidence: wordfreq Zipf 4.83
Frequency source: wordfreq Urdu multi-corpus ranking

Semantic verification: direct dictionary sense corroborated — Kaikki+ReadUrdu

Sources:
- wordfreq Urdu — Unicode multi-corpus frequency ordering
- Kaikki/Wiktextract — bilingual lexicographic evidence
- ReadUrdu — independent Urdu-English bilingual evidence
- word2word — independent corpus-derived bilingual evidence"
مومن,"Rank: 1367

Meaning: true believer; devout Muslim

Frequency evidence: wordfreq Zipf 4.83
Frequency source: wordfreq Urdu multi-corpus ranking

Semantic verification: direct dictionary sense corroborated — Kaikki+ReadUrdu

Sources:
- wordfreq Urdu — Unicode multi-corpus frequency ordering
- Kaikki/Wiktextract — bilingual lexicographic evidence
- ReadUrdu — independent Urdu-English bilingual evidence
- word2word — independent corpus-derived bilingual evidence"
کائنات,"Rank: 1368

Meaning: the universe; a female given name

Frequency evidence: wordfreq Zipf 4.83
Frequency source: wordfreq Urdu multi-corpus ranking

Semantic verification: direct dictionary sense corroborated — Kaikki+ReadUrdu+word2word

Sources:
- wordfreq Urdu — Unicode multi-corpus frequency ordering
- Kaikki/Wiktextract — bilingual lexicographic evidence
- ReadUrdu — independent Urdu-English bilingual evidence
- word2word — independent corpus-derived bilingual evidence"
گاندھی,"Rank: 1369

Meaning: a surname; Gandhi

Frequency evidence: wordfreq Zipf 4.83
Frequency source: wordfreq Urdu multi-corpus ranking

Semantic verification: direct dictionary sense corroborated — Kaikki+ReadUrdu

Sources:
- wordfreq Urdu — Unicode multi-corpus frequency ordering
- Kaikki/Wiktextract — bilingual lexicographic evidence
- ReadUrdu — independent Urdu-English bilingual evidence
- word2word — independent corpus-derived bilingual evidence"
اسد,"Rank: 1370

Meaning: lion; Leo

Frequency evidence: wordfreq Zipf 4.82
Frequency source: wordfreq Urdu multi-corpus ranking

Semantic verification: direct dictionary sense corroborated — Kaikki+ReadUrdu

Sources:
- wordfreq Urdu — Unicode multi-corpus frequency ordering
- Kaikki/Wiktextract — bilingual lexicographic evidence
- ReadUrdu — independent Urdu-English bilingual evidence
- word2word — independent corpus-derived bilingual evidence"
انعام,"Rank: 1371

Meaning: prize; reward

Frequency evidence: wordfreq Zipf 4.82
Frequency source: wordfreq Urdu multi-corpus ranking

Semantic verification: direct dictionary sense corroborated — Kaikki+ReadUrdu+word2word

Sources:
- wordfreq Urdu — Unicode multi-corpus frequency ordering
- Kaikki/Wiktextract — bilingual lexicographic evidence
- ReadUrdu — independent Urdu-English bilingual evidence
- word2word — independent corpus-derived bilingual evidence"
بیچ,"Rank: 1372

Meaning: in the midst; middle

Frequency evidence: wordfreq Zipf 4.82
Frequency source: wordfreq Urdu multi-corpus ranking

Semantic verification: direct dictionary sense corroborated — Kaikki+ReadUrdu

Sources:
- wordfreq Urdu — Unicode multi-corpus frequency ordering
- Kaikki/Wiktextract — bilingual lexicographic evidence
- ReadUrdu — independent Urdu-English bilingual evidence
- word2word — independent corpus-derived bilingual evidence"
تفسیر,"Rank: 1373

Meaning: explanation; commentary

Frequency evidence: wordfreq Zipf 4.82
Frequency source: wordfreq Urdu multi-corpus ranking

Semantic verification: direct dictionary sense corroborated — Kaikki+ReadUrdu

Sources:
- wordfreq Urdu — Unicode multi-corpus frequency ordering
- Kaikki/Wiktextract — bilingual lexicographic evidence
- ReadUrdu — independent Urdu-English bilingual evidence
- word2word — independent corpus-derived bilingual evidence"
جتنا,"Rank: 1374

Meaning: As much as

Frequency evidence: wordfreq Zipf 4.82
Frequency source: wordfreq Urdu multi-corpus ranking

Semantic verification: direct dictionary sense corroborated — ReadUrdu+word2word

Sources:
- wordfreq Urdu — Unicode multi-corpus frequency ordering
- Kaikki/Wiktextract — bilingual lexicographic evidence
- ReadUrdu — independent Urdu-English bilingual evidence
- word2word — independent corpus-derived bilingual evidence"
جعلی,"Rank: 1375

Meaning: fake; counterfeit

Frequency evidence: wordfreq Zipf 4.82
Frequency source: wordfreq Urdu multi-corpus ranking

Semantic verification: direct dictionary sense corroborated — Kaikki+ReadUrdu+word2word

Sources:
- wordfreq Urdu — Unicode multi-corpus frequency ordering
- Kaikki/Wiktextract — bilingual lexicographic evidence
- ReadUrdu — independent Urdu-English bilingual evidence
- word2word — independent corpus-derived bilingual evidence"
خفیہ,"Rank: 1376

Meaning: secret; concealed

Frequency evidence: wordfreq Zipf 4.82
Frequency source: wordfreq Urdu multi-corpus ranking

Semantic verification: direct dictionary sense corroborated — Kaikki+ReadUrdu+word2word

Sources:
- wordfreq Urdu — Unicode multi-corpus frequency ordering
- Kaikki/Wiktextract — bilingual lexicographic evidence
- ReadUrdu — independent Urdu-English bilingual evidence
- word2word — independent corpus-derived bilingual evidence"
خلیفہ,"Rank: 1377

Meaning: successor; caliph

Frequency evidence: wordfreq Zipf 4.82
Frequency source: wordfreq Urdu multi-corpus ranking

Semantic verification: direct dictionary sense corroborated — Kaikki+ReadUrdu

Sources:
- wordfreq Urdu — Unicode multi-corpus frequency ordering
- Kaikki/Wiktextract — bilingual lexicographic evidence
- ReadUrdu — independent Urdu-English bilingual evidence
- word2word — independent corpus-derived bilingual evidence"
درخت,"Rank: 1378

Meaning: tree

Frequency evidence: wordfreq Zipf 4.82
Frequency source: wordfreq Urdu multi-corpus ranking

Semantic verification: direct dictionary sense corroborated — Kaikki+ReadUrdu+word2word

Sources:
- wordfreq Urdu — Unicode multi-corpus frequency ordering
- Kaikki/Wiktextract — bilingual lexicographic evidence
- ReadUrdu — independent Urdu-English bilingual evidence
- word2word — independent corpus-derived bilingual evidence"
سازش,"Rank: 1379

Meaning: conspiracy; plot

Frequency evidence: wordfreq Zipf 4.82
Frequency source: wordfreq Urdu multi-corpus ranking

Semantic verification: direct dictionary sense corroborated — Kaikki+ReadUrdu+word2word

Sources:
- wordfreq Urdu — Unicode multi-corpus frequency ordering
- Kaikki/Wiktextract — bilingual lexicographic evidence
- ReadUrdu — independent Urdu-English bilingual evidence
- word2word — independent corpus-derived bilingual evidence"
شکریہ,"Rank: 1380

Meaning: thank; gratitude

Frequency evidence: wordfreq Zipf 4.82
Frequency source: wordfreq Urdu multi-corpus ranking

Semantic verification: direct dictionary sense corroborated — Kaikki+ReadUrdu+word2word

Sources:
- wordfreq Urdu — Unicode multi-corpus frequency ordering
- Kaikki/Wiktextract — bilingual lexicographic evidence
- ReadUrdu — independent Urdu-English bilingual evidence
- word2word — independent corpus-derived bilingual evidence"
شیطان,"Rank: 1381

Meaning: devil; Satan

Frequency evidence: wordfreq Zipf 4.82
Frequency source: wordfreq Urdu multi-corpus ranking

Semantic verification: direct dictionary sense corroborated — Kaikki+ReadUrdu+word2word

Sources:
- wordfreq Urdu — Unicode multi-corpus frequency ordering
- Kaikki/Wiktextract — bilingual lexicographic evidence
- ReadUrdu — independent Urdu-English bilingual evidence
- word2word — independent corpus-derived bilingual evidence"
عزم,"Rank: 1382

Meaning: determination; resolve

Frequency evidence: wordfreq Zipf 4.82
Frequency source: wordfreq Urdu multi-corpus ranking

Semantic verification: direct dictionary sense corroborated — Kaikki+ReadUrdu+word2word

Sources:
- wordfreq Urdu — Unicode multi-corpus frequency ordering
- Kaikki/Wiktextract — bilingual lexicographic evidence
- ReadUrdu — independent Urdu-English bilingual evidence
- word2word — independent corpus-derived bilingual evidence"
قرض,"Rank: 1383

Meaning: loan; debt

Frequency evidence: wordfreq Zipf 4.82
Frequency source: wordfreq Urdu multi-corpus ranking

Semantic verification: direct dictionary sense corroborated — Kaikki+ReadUrdu+word2word

Sources:
- wordfreq Urdu — Unicode multi-corpus frequency ordering
- Kaikki/Wiktextract — bilingual lexicographic evidence
- ReadUrdu — independent Urdu-English bilingual evidence
- word2word — independent corpus-derived bilingual evidence"
مفت,"Rank: 1384

Meaning: free of charge

Frequency evidence: wordfreq Zipf 4.82
Frequency source: wordfreq Urdu multi-corpus ranking

Semantic verification: direct dictionary sense corroborated — Kaikki+ReadUrdu

Sources:
- wordfreq Urdu — Unicode multi-corpus frequency ordering
- Kaikki/Wiktextract — bilingual lexicographic evidence
- ReadUrdu — independent Urdu-English bilingual evidence
- word2word — independent corpus-derived bilingual evidence"
مٹی,"Rank: 1385

Meaning: dust; earth

Frequency evidence: wordfreq Zipf 4.82
Frequency source: wordfreq Urdu multi-corpus ranking

Semantic verification: direct dictionary sense corroborated — Kaikki+ReadUrdu+word2word

Sources:
- wordfreq Urdu — Unicode multi-corpus frequency ordering
- Kaikki/Wiktextract — bilingual lexicographic evidence
- ReadUrdu — independent Urdu-English bilingual evidence
- word2word — independent corpus-derived bilingual evidence"
ناصر,"Rank: 1386

Meaning: assistant; defender

Frequency evidence: wordfreq Zipf 4.82
Frequency source: wordfreq Urdu multi-corpus ranking

Semantic verification: direct dictionary sense corroborated — Kaikki+ReadUrdu

Sources:
- wordfreq Urdu — Unicode multi-corpus frequency ordering
- Kaikki/Wiktextract — bilingual lexicographic evidence
- ReadUrdu — independent Urdu-English bilingual evidence
- word2word — independent corpus-derived bilingual evidence"
چھوٹا,"Rank: 1387

Meaning: little; small

Frequency evidence: wordfreq Zipf 4.82
Frequency source: wordfreq Urdu multi-corpus ranking

Semantic verification: direct dictionary sense corroborated — Kaikki+ReadUrdu+word2word

Sources:
- wordfreq Urdu — Unicode multi-corpus frequency ordering
- Kaikki/Wiktextract — bilingual lexicographic evidence
- ReadUrdu — independent Urdu-English bilingual evidence
- word2word — independent corpus-derived bilingual evidence"
ڈپٹی,"Rank: 1388

Meaning: deputy

Frequency evidence: wordfreq Zipf 4.82
Frequency source: wordfreq Urdu multi-corpus ranking

Semantic verification: direct dictionary sense corroborated — ReadUrdu+word2word

Sources:
- wordfreq Urdu — Unicode multi-corpus frequency ordering
- Kaikki/Wiktextract — bilingual lexicographic evidence
- ReadUrdu — independent Urdu-English bilingual evidence
- word2word — independent corpus-derived bilingual evidence"
کان,"Rank: 1389

Meaning: ear

Frequency evidence: wordfreq Zipf 4.82
Frequency source: wordfreq Urdu multi-corpus ranking

Semantic verification: direct dictionary sense corroborated — Kaikki+ReadUrdu+word2word

Sources:
- wordfreq Urdu — Unicode multi-corpus frequency ordering
- Kaikki/Wiktextract — bilingual lexicographic evidence
- ReadUrdu — independent Urdu-English bilingual evidence
- word2word — independent corpus-derived bilingual evidence"
ہتھیار,"Rank: 1390

Meaning: weapon

Frequency evidence: wordfreq Zipf 4.82
Frequency source: wordfreq Urdu multi-corpus ranking

Semantic verification: direct dictionary sense corroborated — Kaikki+ReadUrdu+word2word

Sources:
- wordfreq Urdu — Unicode multi-corpus frequency ordering
- Kaikki/Wiktextract — bilingual lexicographic evidence
- ReadUrdu — independent Urdu-English bilingual evidence
- word2word — independent corpus-derived bilingual evidence"
بچپن,"Rank: 1391

Meaning: childhood; childishness

Frequency evidence: wordfreq Zipf 4.81
Frequency source: wordfreq Urdu multi-corpus ranking

Semantic verification: direct dictionary sense corroborated — Kaikki+ReadUrdu+word2word

Sources:
- wordfreq Urdu — Unicode multi-corpus frequency ordering
- Kaikki/Wiktextract — bilingual lexicographic evidence
- ReadUrdu — independent Urdu-English bilingual evidence
- word2word — independent corpus-derived bilingual evidence"
تفصیل,"Rank: 1392

Meaning: detail; particular

Frequency evidence: wordfreq Zipf 4.81
Frequency source: wordfreq Urdu multi-corpus ranking

Semantic verification: direct dictionary sense corroborated — Kaikki+ReadUrdu+word2word

Sources:
- wordfreq Urdu — Unicode multi-corpus frequency ordering
- Kaikki/Wiktextract — bilingual lexicographic evidence
- ReadUrdu — independent Urdu-English bilingual evidence
- word2word — independent corpus-derived bilingual evidence"
جذبات,"Rank: 1393

Meaning: feelings

Frequency evidence: wordfreq Zipf 4.81
Frequency source: wordfreq Urdu multi-corpus ranking

Semantic verification: direct dictionary sense corroborated — ReadUrdu+word2word

Sources:
- wordfreq Urdu — Unicode multi-corpus frequency ordering
- Kaikki/Wiktextract — bilingual lexicographic evidence
- ReadUrdu — independent Urdu-English bilingual evidence
- word2word — independent corpus-derived bilingual evidence"
رحم,"Rank: 1394

Meaning: mercy

Frequency evidence: wordfreq Zipf 4.81
Frequency source: wordfreq Urdu multi-corpus ranking

Semantic verification: direct dictionary sense corroborated — ReadUrdu+word2word

Sources:
- wordfreq Urdu — Unicode multi-corpus frequency ordering
- Kaikki/Wiktextract — bilingual lexicographic evidence
- ReadUrdu — independent Urdu-English bilingual evidence
- word2word — independent corpus-derived bilingual evidence"
شریعت,"Rank: 1395

Meaning: divine law; shari'a

Frequency evidence: wordfreq Zipf 4.81
Frequency source: wordfreq Urdu multi-corpus ranking

Semantic verification: direct dictionary sense corroborated — Kaikki+ReadUrdu

Sources:
- wordfreq Urdu — Unicode multi-corpus frequency ordering
- Kaikki/Wiktextract — bilingual lexicographic evidence
- ReadUrdu — independent Urdu-English bilingual evidence
- word2word — independent corpus-derived bilingual evidence"
شور,"Rank: 1396

Meaning: noise; uproar

Frequency evidence: wordfreq Zipf 4.81
Frequency source: wordfreq Urdu multi-corpus ranking

Semantic verification: direct dictionary sense corroborated — Kaikki+ReadUrdu+word2word

Sources:
- wordfreq Urdu — Unicode multi-corpus frequency ordering
- Kaikki/Wiktextract — bilingual lexicographic evidence
- ReadUrdu — independent Urdu-English bilingual evidence
- word2word — independent corpus-derived bilingual evidence"
صبر,"Rank: 1397

Meaning: patience

Frequency evidence: wordfreq Zipf 4.81
Frequency source: wordfreq Urdu multi-corpus ranking

Semantic verification: direct dictionary sense corroborated — Kaikki+ReadUrdu

Sources:
- wordfreq Urdu — Unicode multi-corpus frequency ordering
- Kaikki/Wiktextract — bilingual lexicographic evidence
- ReadUrdu — independent Urdu-English bilingual evidence
- word2word — independent corpus-derived bilingual evidence"
کتنا,"Rank: 1398

Meaning: how many

Frequency evidence: wordfreq Zipf 4.81
Frequency source: wordfreq Urdu multi-corpus ranking

Semantic verification: direct dictionary sense corroborated — Kaikki+ReadUrdu

Sources:
- wordfreq Urdu — Unicode multi-corpus frequency ordering
- Kaikki/Wiktextract — bilingual lexicographic evidence
- ReadUrdu — independent Urdu-English bilingual evidence
- word2word — independent corpus-derived bilingual evidence"
آخرت,"Rank: 1399

Meaning: afterlife; hereafter

Frequency evidence: wordfreq Zipf 4.80
Frequency source: wordfreq Urdu multi-corpus ranking

Semantic verification: direct dictionary sense corroborated — Kaikki+ReadUrdu

Sources:
- wordfreq Urdu — Unicode multi-corpus frequency ordering
- Kaikki/Wiktextract — bilingual lexicographic evidence
- ReadUrdu — independent Urdu-English bilingual evidence
- word2word — independent corpus-derived bilingual evidence"
خرید,"Rank: 1400

Meaning: buying

Frequency evidence: wordfreq Zipf 4.80
Frequency source: wordfreq Urdu multi-corpus ranking

Semantic verification: direct dictionary sense corroborated — ReadUrdu+word2word

Sources:
- wordfreq Urdu — Unicode multi-corpus frequency ordering
- Kaikki/Wiktextract — bilingual lexicographic evidence
- ReadUrdu — independent Urdu-English bilingual evidence
- word2word — independent corpus-derived bilingual evidence"
دلچسپی,"Rank: 1401

Meaning: interest

Frequency evidence: wordfreq Zipf 4.80
Frequency source: wordfreq Urdu multi-corpus ranking

Semantic verification: direct dictionary sense corroborated — ReadUrdu+word2word

Sources:
- wordfreq Urdu — Unicode multi-corpus frequency ordering
- Kaikki/Wiktextract — bilingual lexicographic evidence
- ReadUrdu — independent Urdu-English bilingual evidence
- word2word — independent corpus-derived bilingual evidence"
دیکھو,"Rank: 1402

Meaning: Look

Frequency evidence: wordfreq Zipf 4.80
Frequency source: wordfreq Urdu multi-corpus ranking

Semantic verification: direct dictionary sense corroborated — ReadUrdu+word2word

Sources:
- wordfreq Urdu — Unicode multi-corpus frequency ordering
- Kaikki/Wiktextract — bilingual lexicographic evidence
- ReadUrdu — independent Urdu-English bilingual evidence
- word2word — independent corpus-derived bilingual evidence"
سادہ,"Rank: 1403

Meaning: simple; plain

Frequency evidence: wordfreq Zipf 4.80
Frequency source: wordfreq Urdu multi-corpus ranking

Semantic verification: direct dictionary sense corroborated — Kaikki+ReadUrdu+word2word

Sources:
- wordfreq Urdu — Unicode multi-corpus frequency ordering
- Kaikki/Wiktextract — bilingual lexicographic evidence
- ReadUrdu — independent Urdu-English bilingual evidence
- word2word — independent corpus-derived bilingual evidence"
شہرت,"Rank: 1404

Meaning: fame

Frequency evidence: wordfreq Zipf 4.80
Frequency source: wordfreq Urdu multi-corpus ranking

Semantic verification: direct dictionary sense corroborated — Kaikki+ReadUrdu

Sources:
- wordfreq Urdu — Unicode multi-corpus frequency ordering
- Kaikki/Wiktextract — bilingual lexicographic evidence
- ReadUrdu — independent Urdu-English bilingual evidence
- word2word — independent corpus-derived bilingual evidence"
فلسطین,"Rank: 1405

Meaning: Palestine

Frequency evidence: wordfreq Zipf 4.80
Frequency source: wordfreq Urdu multi-corpus ranking

Semantic verification: direct dictionary sense corroborated — Kaikki+ReadUrdu+word2word

Sources:
- wordfreq Urdu — Unicode multi-corpus frequency ordering
- Kaikki/Wiktextract — bilingual lexicographic evidence
- ReadUrdu — independent Urdu-English bilingual evidence
- word2word — independent corpus-derived bilingual evidence"
لکھنے,"Rank: 1406

Meaning: writing

Frequency evidence: wordfreq Zipf 4.80
Frequency source: wordfreq Urdu multi-corpus ranking

Semantic verification: direct dictionary sense corroborated — ReadUrdu+word2word

Sources:
- wordfreq Urdu — Unicode multi-corpus frequency ordering
- Kaikki/Wiktextract — bilingual lexicographic evidence
- ReadUrdu — independent Urdu-English bilingual evidence
- word2word — independent corpus-derived bilingual evidence"
نگر,"Rank: 1407

Meaning: city; town

Frequency evidence: wordfreq Zipf 4.80
Frequency source: wordfreq Urdu multi-corpus ranking

Semantic verification: direct dictionary sense corroborated — Kaikki+ReadUrdu

Sources:
- wordfreq Urdu — Unicode multi-corpus frequency ordering
- Kaikki/Wiktextract — bilingual lexicographic evidence
- ReadUrdu — independent Urdu-English bilingual evidence
- word2word — independent corpus-derived bilingual evidence"
چائے,"Rank: 1408

Meaning: tea; cha

Frequency evidence: wordfreq Zipf 4.80
Frequency source: wordfreq Urdu multi-corpus ranking

Semantic verification: direct dictionary sense corroborated — Kaikki+ReadUrdu+word2word

Sources:
- wordfreq Urdu — Unicode multi-corpus frequency ordering
- Kaikki/Wiktextract — bilingual lexicographic evidence
- ReadUrdu — independent Urdu-English bilingual evidence
- word2word — independent corpus-derived bilingual evidence"
آفس,"Rank: 1409

Meaning: office

Frequency evidence: wordfreq Zipf 4.79
Frequency source: wordfreq Urdu multi-corpus ranking

Semantic verification: direct dictionary sense corroborated — ReadUrdu+word2word

Sources:
- wordfreq Urdu — Unicode multi-corpus frequency ordering
- Kaikki/Wiktextract — bilingual lexicographic evidence
- ReadUrdu — independent Urdu-English bilingual evidence
- word2word — independent corpus-derived bilingual evidence"
ایجنسی,"Rank: 1410

Meaning: agency

Frequency evidence: wordfreq Zipf 4.79
Frequency source: wordfreq Urdu multi-corpus ranking

Semantic verification: direct dictionary sense corroborated — ReadUrdu+word2word

Sources:
- wordfreq Urdu — Unicode multi-corpus frequency ordering
- Kaikki/Wiktextract — bilingual lexicographic evidence
- ReadUrdu — independent Urdu-English bilingual evidence
- word2word — independent corpus-derived bilingual evidence"
بول,"Rank: 1411

Meaning: speaking; air

Frequency evidence: wordfreq Zipf 4.79
Frequency source: wordfreq Urdu multi-corpus ranking

Semantic verification: direct dictionary sense corroborated — Kaikki+ReadUrdu+word2word

Sources:
- wordfreq Urdu — Unicode multi-corpus frequency ordering
- Kaikki/Wiktextract — bilingual lexicographic evidence
- ReadUrdu — independent Urdu-English bilingual evidence
- word2word — independent corpus-derived bilingual evidence"
بچی,"Rank: 1412

Meaning: girl

Frequency evidence: wordfreq Zipf 4.79
Frequency source: wordfreq Urdu multi-corpus ranking

Semantic verification: direct dictionary sense corroborated — ReadUrdu+word2word

Sources:
- wordfreq Urdu — Unicode multi-corpus frequency ordering
- Kaikki/Wiktextract — bilingual lexicographic evidence
- ReadUrdu — independent Urdu-English bilingual evidence
- word2word — independent corpus-derived bilingual evidence"
تباہی,"Rank: 1413

Meaning: destruction

Frequency evidence: wordfreq Zipf 4.79
Frequency source: wordfreq Urdu multi-corpus ranking

Semantic verification: direct dictionary sense corroborated — ReadUrdu+word2word

Sources:
- wordfreq Urdu — Unicode multi-corpus frequency ordering
- Kaikki/Wiktextract — bilingual lexicographic evidence
- ReadUrdu — independent Urdu-English bilingual evidence
- word2word — independent corpus-derived bilingual evidence"
جرمن,"Rank: 1414

Meaning: German

Frequency evidence: wordfreq Zipf 4.79
Frequency source: wordfreq Urdu multi-corpus ranking

Semantic verification: direct dictionary sense corroborated — Kaikki+ReadUrdu+word2word

Sources:
- wordfreq Urdu — Unicode multi-corpus frequency ordering
- Kaikki/Wiktextract — bilingual lexicographic evidence
- ReadUrdu — independent Urdu-English bilingual evidence
- word2word — independent corpus-derived bilingual evidence"
سروس,"Rank: 1415

Meaning: service

Frequency evidence: wordfreq Zipf 4.79
Frequency source: wordfreq Urdu multi-corpus ranking

Semantic verification: direct dictionary sense corroborated — ReadUrdu+word2word

Sources:
- wordfreq Urdu — Unicode multi-corpus frequency ordering
- Kaikki/Wiktextract — bilingual lexicographic evidence
- ReadUrdu — independent Urdu-English bilingual evidence
- word2word — independent corpus-derived bilingual evidence"
سفیر,"Rank: 1416

Meaning: ambassador; envoy

Frequency evidence: wordfreq Zipf 4.79
Frequency source: wordfreq Urdu multi-corpus ranking

Semantic verification: direct dictionary sense corroborated — Kaikki+ReadUrdu+word2word

Sources:
- wordfreq Urdu — Unicode multi-corpus frequency ordering
- Kaikki/Wiktextract — bilingual lexicographic evidence
- ReadUrdu — independent Urdu-English bilingual evidence
- word2word — independent corpus-derived bilingual evidence"
سمجھتا,"Rank: 1417

Meaning: understand

Frequency evidence: wordfreq Zipf 4.79
Frequency source: wordfreq Urdu multi-corpus ranking

Semantic verification: direct dictionary sense corroborated — ReadUrdu+word2word

Sources:
- wordfreq Urdu — Unicode multi-corpus frequency ordering
- Kaikki/Wiktextract — bilingual lexicographic evidence
- ReadUrdu — independent Urdu-English bilingual evidence
- word2word — independent corpus-derived bilingual evidence"
ضمانت,"Rank: 1418

Meaning: guarantee; bail

Frequency evidence: wordfreq Zipf 4.79
Frequency source: wordfreq Urdu multi-corpus ranking

Semantic verification: direct dictionary sense corroborated — Kaikki+ReadUrdu+word2word

Sources:
- wordfreq Urdu — Unicode multi-corpus frequency ordering
- Kaikki/Wiktextract — bilingual lexicographic evidence
- ReadUrdu — independent Urdu-English bilingual evidence
- word2word — independent corpus-derived bilingual evidence"
فرقہ,"Rank: 1419

Meaning: religious sect; faith

Frequency evidence: wordfreq Zipf 4.79
Frequency source: wordfreq Urdu multi-corpus ranking

Semantic verification: direct dictionary sense corroborated — Kaikki+ReadUrdu

Sources:
- wordfreq Urdu — Unicode multi-corpus frequency ordering
- Kaikki/Wiktextract — bilingual lexicographic evidence
- ReadUrdu — independent Urdu-English bilingual evidence
- word2word — independent corpus-derived bilingual evidence"
نجات,"Rank: 1420

Meaning: deliverance

Frequency evidence: wordfreq Zipf 4.79
Frequency source: wordfreq Urdu multi-corpus ranking

Semantic verification: direct dictionary sense corroborated — ReadUrdu+word2word

Sources:
- wordfreq Urdu — Unicode multi-corpus frequency ordering
- Kaikki/Wiktextract — bilingual lexicographic evidence
- ReadUrdu — independent Urdu-English bilingual evidence
- word2word — independent corpus-derived bilingual evidence"
نگاہ,"Rank: 1421

Meaning: look

Frequency evidence: wordfreq Zipf 4.79
Frequency source: wordfreq Urdu multi-corpus ranking

Semantic verification: direct dictionary sense corroborated — Kaikki+ReadUrdu

Sources:
- wordfreq Urdu — Unicode multi-corpus frequency ordering
- Kaikki/Wiktextract — bilingual lexicographic evidence
- ReadUrdu — independent Urdu-English bilingual evidence
- word2word — independent corpus-derived bilingual evidence"
کاروباری,"Rank: 1422

Meaning: pertaining to business; businessman

Frequency evidence: wordfreq Zipf 4.79
Frequency source: wordfreq Urdu multi-corpus ranking

Semantic verification: direct dictionary sense corroborated — Kaikki+ReadUrdu

Sources:
- wordfreq Urdu — Unicode multi-corpus frequency ordering
- Kaikki/Wiktextract — bilingual lexicographic evidence
- ReadUrdu — independent Urdu-English bilingual evidence
- word2word — independent corpus-derived bilingual evidence"
کارڈ,"Rank: 1423

Meaning: card

Frequency evidence: wordfreq Zipf 4.79
Frequency source: wordfreq Urdu multi-corpus ranking

Semantic verification: direct dictionary sense corroborated — Kaikki+ReadUrdu+word2word

Sources:
- wordfreq Urdu — Unicode multi-corpus frequency ordering
- Kaikki/Wiktextract — bilingual lexicographic evidence
- ReadUrdu — independent Urdu-English bilingual evidence
- word2word — independent corpus-derived bilingual evidence"
یہودی,"Rank: 1424

Meaning: Jew; Jewish

Frequency evidence: wordfreq Zipf 4.79
Frequency source: wordfreq Urdu multi-corpus ranking

Semantic verification: direct dictionary sense corroborated — Kaikki+ReadUrdu+word2word

Sources:
- wordfreq Urdu — Unicode multi-corpus frequency ordering
- Kaikki/Wiktextract — bilingual lexicographic evidence
- ReadUrdu — independent Urdu-English bilingual evidence
- word2word — independent corpus-derived bilingual evidence"
اصلاح,"Rank: 1425

Meaning: improvement; correction

Frequency evidence: wordfreq Zipf 4.78
Frequency source: wordfreq Urdu multi-corpus ranking

Semantic verification: direct dictionary sense corroborated — Kaikki+ReadUrdu

Sources:
- wordfreq Urdu — Unicode multi-corpus frequency ordering
- Kaikki/Wiktextract — bilingual lexicographic evidence
- ReadUrdu — independent Urdu-English bilingual evidence
- word2word — independent corpus-derived bilingual evidence"
بہار,"Rank: 1426

Meaning: spring; bloom

Frequency evidence: wordfreq Zipf 4.78
Frequency source: wordfreq Urdu multi-corpus ranking

Semantic verification: direct dictionary sense corroborated — Kaikki+ReadUrdu+word2word

Sources:
- wordfreq Urdu — Unicode multi-corpus frequency ordering
- Kaikki/Wiktextract — bilingual lexicographic evidence
- ReadUrdu — independent Urdu-English bilingual evidence
- word2word — independent corpus-derived bilingual evidence"
جامعہ,"Rank: 1427

Meaning: university

Frequency evidence: wordfreq Zipf 4.78
Frequency source: wordfreq Urdu multi-corpus ranking

Semantic verification: direct dictionary sense corroborated — Kaikki+ReadUrdu

Sources:
- wordfreq Urdu — Unicode multi-corpus frequency ordering
- Kaikki/Wiktextract — bilingual lexicographic evidence
- ReadUrdu — independent Urdu-English bilingual evidence
- word2word — independent corpus-derived bilingual evidence"
جانور,"Rank: 1428

Meaning: animal; beast

Frequency evidence: wordfreq Zipf 4.78
Frequency source: wordfreq Urdu multi-corpus ranking

Semantic verification: direct dictionary sense corroborated — Kaikki+ReadUrdu+word2word

Sources:
- wordfreq Urdu — Unicode multi-corpus frequency ordering
- Kaikki/Wiktextract — bilingual lexicographic evidence
- ReadUrdu — independent Urdu-English bilingual evidence
- word2word — independent corpus-derived bilingual evidence"
جنم,"Rank: 1429

Meaning: birth; emergence

Frequency evidence: wordfreq Zipf 4.78
Frequency source: wordfreq Urdu multi-corpus ranking

Semantic verification: direct dictionary sense corroborated — Kaikki+ReadUrdu

Sources:
- wordfreq Urdu — Unicode multi-corpus frequency ordering
- Kaikki/Wiktextract — bilingual lexicographic evidence
- ReadUrdu — independent Urdu-English bilingual evidence
- word2word — independent corpus-derived bilingual evidence"
سیاہ,"Rank: 1430

Meaning: black

Frequency evidence: wordfreq Zipf 4.78
Frequency source: wordfreq Urdu multi-corpus ranking

Semantic verification: direct dictionary sense corroborated — Kaikki+ReadUrdu+word2word

Sources:
- wordfreq Urdu — Unicode multi-corpus frequency ordering
- Kaikki/Wiktextract — bilingual lexicographic evidence
- ReadUrdu — independent Urdu-English bilingual evidence
- word2word — independent corpus-derived bilingual evidence"
شعور,"Rank: 1431

Meaning: wisdom; good sense

Frequency evidence: wordfreq Zipf 4.78
Frequency source: wordfreq Urdu multi-corpus ranking

Semantic verification: direct dictionary sense corroborated — Kaikki+ReadUrdu+word2word

Sources:
- wordfreq Urdu — Unicode multi-corpus frequency ordering
- Kaikki/Wiktextract — bilingual lexicographic evidence
- ReadUrdu — independent Urdu-English bilingual evidence
- word2word — independent corpus-derived bilingual evidence"
محبوب,"Rank: 1432

Meaning: beloved

Frequency evidence: wordfreq Zipf 4.78
Frequency source: wordfreq Urdu multi-corpus ranking

Semantic verification: direct dictionary sense corroborated — ReadUrdu+word2word

Sources:
- wordfreq Urdu — Unicode multi-corpus frequency ordering
- Kaikki/Wiktextract — bilingual lexicographic evidence
- ReadUrdu — independent Urdu-English bilingual evidence
- word2word — independent corpus-derived bilingual evidence"
معصوم,"Rank: 1433

Meaning: innocent

Frequency evidence: wordfreq Zipf 4.78
Frequency source: wordfreq Urdu multi-corpus ranking

Semantic verification: direct dictionary sense corroborated — Kaikki+ReadUrdu+word2word

Sources:
- wordfreq Urdu — Unicode multi-corpus frequency ordering
- Kaikki/Wiktextract — bilingual lexicographic evidence
- ReadUrdu — independent Urdu-English bilingual evidence
- word2word — independent corpus-derived bilingual evidence"
منسلک,"Rank: 1434

Meaning: attached; joined

Frequency evidence: wordfreq Zipf 4.78
Frequency source: wordfreq Urdu multi-corpus ranking

Semantic verification: direct dictionary sense corroborated — Kaikki+ReadUrdu+word2word

Sources:
- wordfreq Urdu — Unicode multi-corpus frequency ordering
- Kaikki/Wiktextract — bilingual lexicographic evidence
- ReadUrdu — independent Urdu-English bilingual evidence
- word2word — independent corpus-derived bilingual evidence"
پتا,"Rank: 1435

Meaning: father; direction

Frequency evidence: wordfreq Zipf 4.78
Frequency source: wordfreq Urdu multi-corpus ranking

Semantic verification: direct dictionary sense corroborated — Kaikki+ReadUrdu

Sources:
- wordfreq Urdu — Unicode multi-corpus frequency ordering
- Kaikki/Wiktextract — bilingual lexicographic evidence
- ReadUrdu — independent Urdu-English bilingual evidence
- word2word — independent corpus-derived bilingual evidence"
آرام,"Rank: 1436

Meaning: rest; comfort

Frequency evidence: wordfreq Zipf 4.77
Frequency source: wordfreq Urdu multi-corpus ranking

Semantic verification: direct dictionary sense corroborated — Kaikki+ReadUrdu+word2word

Sources:
- wordfreq Urdu — Unicode multi-corpus frequency ordering
- Kaikki/Wiktextract — bilingual lexicographic evidence
- ReadUrdu — independent Urdu-English bilingual evidence
- word2word — independent corpus-derived bilingual evidence"
برادری,"Rank: 1437

Meaning: fraternity

Frequency evidence: wordfreq Zipf 4.77
Frequency source: wordfreq Urdu multi-corpus ranking

Semantic verification: direct dictionary sense corroborated — ReadUrdu+word2word

Sources:
- wordfreq Urdu — Unicode multi-corpus frequency ordering
- Kaikki/Wiktextract — bilingual lexicographic evidence
- ReadUrdu — independent Urdu-English bilingual evidence
- word2word — independent corpus-derived bilingual evidence"
بھلا,"Rank: 1438

Meaning: good

Frequency evidence: wordfreq Zipf 4.77
Frequency source: wordfreq Urdu multi-corpus ranking

Semantic verification: direct dictionary sense corroborated — ReadUrdu+word2word

Sources:
- wordfreq Urdu — Unicode multi-corpus frequency ordering
- Kaikki/Wiktextract — bilingual lexicographic evidence
- ReadUrdu — independent Urdu-English bilingual evidence
- word2word — independent corpus-derived bilingual evidence"
جائز,"Rank: 1439

Meaning: just; allowed

Frequency evidence: wordfreq Zipf 4.77
Frequency source: wordfreq Urdu multi-corpus ranking

Semantic verification: direct dictionary sense corroborated — Kaikki+ReadUrdu

Sources:
- wordfreq Urdu — Unicode multi-corpus frequency ordering
- Kaikki/Wiktextract — bilingual lexicographic evidence
- ReadUrdu — independent Urdu-English bilingual evidence
- word2word — independent corpus-derived bilingual evidence"
جلسہ,"Rank: 1440

Meaning: public gathering; event

Frequency evidence: wordfreq Zipf 4.77
Frequency source: wordfreq Urdu multi-corpus ranking

Semantic verification: direct dictionary sense corroborated — Kaikki+ReadUrdu

Sources:
- wordfreq Urdu — Unicode multi-corpus frequency ordering
- Kaikki/Wiktextract — bilingual lexicographic evidence
- ReadUrdu — independent Urdu-English bilingual evidence
- word2word — independent corpus-derived bilingual evidence"
جوان,"Rank: 1441

Meaning: young; a soldier

Frequency evidence: wordfreq Zipf 4.77
Frequency source: wordfreq Urdu multi-corpus ranking

Semantic verification: direct dictionary sense corroborated — Kaikki+ReadUrdu+word2word

Sources:
- wordfreq Urdu — Unicode multi-corpus frequency ordering
- Kaikki/Wiktextract — bilingual lexicographic evidence
- ReadUrdu — independent Urdu-English bilingual evidence
- word2word — independent corpus-derived bilingual evidence"
شراب,"Rank: 1442

Meaning: alcohol; wine

Frequency evidence: wordfreq Zipf 4.77
Frequency source: wordfreq Urdu multi-corpus ranking

Semantic verification: direct dictionary sense corroborated — Kaikki+ReadUrdu+word2word

Sources:
- wordfreq Urdu — Unicode multi-corpus frequency ordering
- Kaikki/Wiktextract — bilingual lexicographic evidence
- ReadUrdu — independent Urdu-English bilingual evidence
- word2word — independent corpus-derived bilingual evidence"
عرض,"Rank: 1443

Meaning: request; width

Frequency evidence: wordfreq Zipf 4.77
Frequency source: wordfreq Urdu multi-corpus ranking

Semantic verification: direct dictionary sense corroborated — Kaikki+ReadUrdu

Sources:
- wordfreq Urdu — Unicode multi-corpus frequency ordering
- Kaikki/Wiktextract — bilingual lexicographic evidence
- ReadUrdu — independent Urdu-English bilingual evidence
- word2word — independent corpus-derived bilingual evidence"
عسکری,"Rank: 1444

Meaning: military

Frequency evidence: wordfreq Zipf 4.77
Frequency source: wordfreq Urdu multi-corpus ranking

Semantic verification: direct dictionary sense corroborated — ReadUrdu+word2word

Sources:
- wordfreq Urdu — Unicode multi-corpus frequency ordering
- Kaikki/Wiktextract — bilingual lexicographic evidence
- ReadUrdu — independent Urdu-English bilingual evidence
- word2word — independent corpus-derived bilingual evidence"
عنوان,"Rank: 1445

Meaning: title

Frequency evidence: wordfreq Zipf 4.77
Frequency source: wordfreq Urdu multi-corpus ranking

Semantic verification: direct dictionary sense corroborated — ReadUrdu+word2word

Sources:
- wordfreq Urdu — Unicode multi-corpus frequency ordering
- Kaikki/Wiktextract — bilingual lexicographic evidence
- ReadUrdu — independent Urdu-English bilingual evidence
- word2word — independent corpus-derived bilingual evidence"
لباس,"Rank: 1446

Meaning: clothes; attire

Frequency evidence: wordfreq Zipf 4.77
Frequency source: wordfreq Urdu multi-corpus ranking

Semantic verification: direct dictionary sense corroborated — Kaikki+ReadUrdu

Sources:
- wordfreq Urdu — Unicode multi-corpus frequency ordering
- Kaikki/Wiktextract — bilingual lexicographic evidence
- ReadUrdu — independent Urdu-English bilingual evidence
- word2word — independent corpus-derived bilingual evidence"
محل,"Rank: 1447

Meaning: palace

Frequency evidence: wordfreq Zipf 4.77
Frequency source: wordfreq Urdu multi-corpus ranking

Semantic verification: direct dictionary sense corroborated — Kaikki+ReadUrdu+word2word

Sources:
- wordfreq Urdu — Unicode multi-corpus frequency ordering
- Kaikki/Wiktextract — bilingual lexicographic evidence
- ReadUrdu — independent Urdu-English bilingual evidence
- word2word — independent corpus-derived bilingual evidence"
ناک,"Rank: 1448

Meaning: nose

Frequency evidence: wordfreq Zipf 4.77
Frequency source: wordfreq Urdu multi-corpus ranking

Semantic verification: direct dictionary sense corroborated — Kaikki+ReadUrdu+word2word

Sources:
- wordfreq Urdu — Unicode multi-corpus frequency ordering
- Kaikki/Wiktextract — bilingual lexicographic evidence
- ReadUrdu — independent Urdu-English bilingual evidence
- word2word — independent corpus-derived bilingual evidence"
چہرہ,"Rank: 1449

Meaning: face

Frequency evidence: wordfreq Zipf 4.77
Frequency source: wordfreq Urdu multi-corpus ranking

Semantic verification: direct dictionary sense corroborated — ReadUrdu+word2word

Sources:
- wordfreq Urdu — Unicode multi-corpus frequency ordering
- Kaikki/Wiktextract — bilingual lexicographic evidence
- ReadUrdu — independent Urdu-English bilingual evidence
- word2word — independent corpus-derived bilingual evidence"
کافر,"Rank: 1450

Meaning: infidel; unbeliever

Frequency evidence: wordfreq Zipf 4.77
Frequency source: wordfreq Urdu multi-corpus ranking

Semantic verification: direct dictionary sense corroborated — Kaikki+ReadUrdu

Sources:
- wordfreq Urdu — Unicode multi-corpus frequency ordering
- Kaikki/Wiktextract — bilingual lexicographic evidence
- ReadUrdu — independent Urdu-English bilingual evidence
- word2word — independent corpus-derived bilingual evidence"
کرم,"Rank: 1451

Meaning: kindness

Frequency evidence: wordfreq Zipf 4.77
Frequency source: wordfreq Urdu multi-corpus ranking

Semantic verification: direct dictionary sense corroborated — Kaikki+ReadUrdu

Sources:
- wordfreq Urdu — Unicode multi-corpus frequency ordering
- Kaikki/Wiktextract — bilingual lexicographic evidence
- ReadUrdu — independent Urdu-English bilingual evidence
- word2word — independent corpus-derived bilingual evidence"
کشی,"Rank: 1452

Meaning: decay

Frequency evidence: wordfreq Zipf 4.77
Frequency source: wordfreq Urdu multi-corpus ranking

Semantic verification: direct dictionary sense corroborated — Kaikki+ReadUrdu

Sources:
- wordfreq Urdu — Unicode multi-corpus frequency ordering
- Kaikki/Wiktextract — bilingual lexicographic evidence
- ReadUrdu — independent Urdu-English bilingual evidence
- word2word — independent corpus-derived bilingual evidence"
گرفتاری,"Rank: 1453

Meaning: arrest

Frequency evidence: wordfreq Zipf 4.77
Frequency source: wordfreq Urdu multi-corpus ranking

Semantic verification: direct dictionary sense corroborated — ReadUrdu+word2word

Sources:
- wordfreq Urdu — Unicode multi-corpus frequency ordering
- Kaikki/Wiktextract — bilingual lexicographic evidence
- ReadUrdu — independent Urdu-English bilingual evidence
- word2word — independent corpus-derived bilingual evidence"
اسٹیڈیم,"Rank: 1454

Meaning: stadium

Frequency evidence: wordfreq Zipf 4.76
Frequency source: wordfreq Urdu multi-corpus ranking

Semantic verification: direct dictionary sense corroborated — Kaikki+ReadUrdu+word2word

Sources:
- wordfreq Urdu — Unicode multi-corpus frequency ordering
- Kaikki/Wiktextract — bilingual lexicographic evidence
- ReadUrdu — independent Urdu-English bilingual evidence
- word2word — independent corpus-derived bilingual evidence"
انکشاف,"Rank: 1455

Meaning: discovery; revelation

Frequency evidence: wordfreq Zipf 4.76
Frequency source: wordfreq Urdu multi-corpus ranking

Semantic verification: direct dictionary sense corroborated — Kaikki+ReadUrdu

Sources:
- wordfreq Urdu — Unicode multi-corpus frequency ordering
- Kaikki/Wiktextract — bilingual lexicographic evidence
- ReadUrdu — independent Urdu-English bilingual evidence
- word2word — independent corpus-derived bilingual evidence"
تجزیہ,"Rank: 1456

Meaning: analysis; dissolution

Frequency evidence: wordfreq Zipf 4.76
Frequency source: wordfreq Urdu multi-corpus ranking

Semantic verification: direct dictionary sense corroborated — Kaikki+ReadUrdu

Sources:
- wordfreq Urdu — Unicode multi-corpus frequency ordering
- Kaikki/Wiktextract — bilingual lexicographic evidence
- ReadUrdu — independent Urdu-English bilingual evidence
- word2word — independent corpus-derived bilingual evidence"
توبہ,"Rank: 1457

Meaning: repentance

Frequency evidence: wordfreq Zipf 4.76
Frequency source: wordfreq Urdu multi-corpus ranking

Semantic verification: direct dictionary sense corroborated — Kaikki+ReadUrdu

Sources:
- wordfreq Urdu — Unicode multi-corpus frequency ordering
- Kaikki/Wiktextract — bilingual lexicographic evidence
- ReadUrdu — independent Urdu-English bilingual evidence
- word2word — independent corpus-derived bilingual evidence"
جاپان,"Rank: 1458

Meaning: Japan

Frequency evidence: wordfreq Zipf 4.76
Frequency source: wordfreq Urdu multi-corpus ranking

Semantic verification: direct dictionary sense corroborated — Kaikki+ReadUrdu+word2word

Sources:
- wordfreq Urdu — Unicode multi-corpus frequency ordering
- Kaikki/Wiktextract — bilingual lexicographic evidence
- ReadUrdu — independent Urdu-English bilingual evidence
- word2word — independent corpus-derived bilingual evidence"
حکیم,"Rank: 1459

Meaning: doctor; physician

Frequency evidence: wordfreq Zipf 4.76
Frequency source: wordfreq Urdu multi-corpus ranking

Semantic verification: direct dictionary sense corroborated — Kaikki+ReadUrdu

Sources:
- wordfreq Urdu — Unicode multi-corpus frequency ordering
- Kaikki/Wiktextract — bilingual lexicographic evidence
- ReadUrdu — independent Urdu-English bilingual evidence
- word2word — independent corpus-derived bilingual evidence"
داعش,"Rank: 1460

Meaning: ISIS; ISIL

Frequency evidence: wordfreq Zipf 4.76
Frequency source: wordfreq Urdu multi-corpus ranking

Semantic verification: direct dictionary sense corroborated — Kaikki+ReadUrdu

Sources:
- wordfreq Urdu — Unicode multi-corpus frequency ordering
- Kaikki/Wiktextract — bilingual lexicographic evidence
- ReadUrdu — independent Urdu-English bilingual evidence
- word2word — independent corpus-derived bilingual evidence"
دبئی,"Rank: 1461

Meaning: the United Arab Emirates; Dubai

Frequency evidence: wordfreq Zipf 4.76
Frequency source: wordfreq Urdu multi-corpus ranking

Semantic verification: direct dictionary sense corroborated — Kaikki+ReadUrdu

Sources:
- wordfreq Urdu — Unicode multi-corpus frequency ordering
- Kaikki/Wiktextract — bilingual lexicographic evidence
- ReadUrdu — independent Urdu-English bilingual evidence
- word2word — independent corpus-derived bilingual evidence"
دروازہ,"Rank: 1462

Meaning: door; gate

Frequency evidence: wordfreq Zipf 4.76
Frequency source: wordfreq Urdu multi-corpus ranking

Semantic verification: direct dictionary sense corroborated — Kaikki+ReadUrdu+word2word

Sources:
- wordfreq Urdu — Unicode multi-corpus frequency ordering
- Kaikki/Wiktextract — bilingual lexicographic evidence
- ReadUrdu — independent Urdu-English bilingual evidence
- word2word — independent corpus-derived bilingual evidence"
راج,"Rank: 1463

Meaning: rule; reign

Frequency evidence: wordfreq Zipf 4.76
Frequency source: wordfreq Urdu multi-corpus ranking

Semantic verification: direct dictionary sense corroborated — Kaikki+ReadUrdu

Sources:
- wordfreq Urdu — Unicode multi-corpus frequency ordering
- Kaikki/Wiktextract — bilingual lexicographic evidence
- ReadUrdu — independent Urdu-English bilingual evidence
- word2word — independent corpus-derived bilingual evidence"
سرزمین,"Rank: 1464

Meaning: land; soil

Frequency evidence: wordfreq Zipf 4.76
Frequency source: wordfreq Urdu multi-corpus ranking

Semantic verification: direct dictionary sense corroborated — Kaikki+ReadUrdu+word2word

Sources:
- wordfreq Urdu — Unicode multi-corpus frequency ordering
- Kaikki/Wiktextract — bilingual lexicographic evidence
- ReadUrdu — independent Urdu-English bilingual evidence
- word2word — independent corpus-derived bilingual evidence"
سکون,"Rank: 1465

Meaning: peace; tranquility

Frequency evidence: wordfreq Zipf 4.76
Frequency source: wordfreq Urdu multi-corpus ranking

Semantic verification: direct dictionary sense corroborated — Kaikki+ReadUrdu

Sources:
- wordfreq Urdu — Unicode multi-corpus frequency ordering
- Kaikki/Wiktextract — bilingual lexicographic evidence
- ReadUrdu — independent Urdu-English bilingual evidence
- word2word — independent corpus-derived bilingual evidence"
سینٹر,"Rank: 1466

Meaning: centre; center

Frequency evidence: wordfreq Zipf 4.76
Frequency source: wordfreq Urdu multi-corpus ranking

Semantic verification: direct dictionary sense corroborated — Kaikki+ReadUrdu

Sources:
- wordfreq Urdu — Unicode multi-corpus frequency ordering
- Kaikki/Wiktextract — bilingual lexicographic evidence
- ReadUrdu — independent Urdu-English bilingual evidence
- word2word — independent corpus-derived bilingual evidence"
ضائع,"Rank: 1467

Meaning: wasted; lost

Frequency evidence: wordfreq Zipf 4.76
Frequency source: wordfreq Urdu multi-corpus ranking

Semantic verification: direct dictionary sense corroborated — Kaikki+ReadUrdu+word2word

Sources:
- wordfreq Urdu — Unicode multi-corpus frequency ordering
- Kaikki/Wiktextract — bilingual lexicographic evidence
- ReadUrdu — independent Urdu-English bilingual evidence
- word2word — independent corpus-derived bilingual evidence"
عظمت,"Rank: 1468

Meaning: greatness; grandeur

Frequency evidence: wordfreq Zipf 4.76
Frequency source: wordfreq Urdu multi-corpus ranking

Semantic verification: direct dictionary sense corroborated — Kaikki+ReadUrdu+word2word

Sources:
- wordfreq Urdu — Unicode multi-corpus frequency ordering
- Kaikki/Wiktextract — bilingual lexicographic evidence
- ReadUrdu — independent Urdu-English bilingual evidence
- word2word — independent corpus-derived bilingual evidence"
مقیم,"Rank: 1469

Meaning: resident

Frequency evidence: wordfreq Zipf 4.76
Frequency source: wordfreq Urdu multi-corpus ranking

Semantic verification: direct dictionary sense corroborated — Kaikki+ReadUrdu

Sources:
- wordfreq Urdu — Unicode multi-corpus frequency ordering
- Kaikki/Wiktextract — bilingual lexicographic evidence
- ReadUrdu — independent Urdu-English bilingual evidence
- word2word — independent corpus-derived bilingual evidence"
نصیب,"Rank: 1470

Meaning: fortune; destiny

Frequency evidence: wordfreq Zipf 4.76
Frequency source: wordfreq Urdu multi-corpus ranking

Semantic verification: direct dictionary sense corroborated — Kaikki+ReadUrdu

Sources:
- wordfreq Urdu — Unicode multi-corpus frequency ordering
- Kaikki/Wiktextract — bilingual lexicographic evidence
- ReadUrdu — independent Urdu-English bilingual evidence
- word2word — independent corpus-derived bilingual evidence"
چاندی,"Rank: 1471

Meaning: silver

Frequency evidence: wordfreq Zipf 4.76
Frequency source: wordfreq Urdu multi-corpus ranking

Semantic verification: direct dictionary sense corroborated — Kaikki+ReadUrdu+word2word

Sources:
- wordfreq Urdu — Unicode multi-corpus frequency ordering
- Kaikki/Wiktextract — bilingual lexicographic evidence
- ReadUrdu — independent Urdu-English bilingual evidence
- word2word — independent corpus-derived bilingual evidence"
اسحاق,"Rank: 1472

Meaning: a male given name; Isaac

Frequency evidence: wordfreq Zipf 4.75
Frequency source: wordfreq Urdu multi-corpus ranking

Semantic verification: direct dictionary sense corroborated — Kaikki+ReadUrdu

Sources:
- wordfreq Urdu — Unicode multi-corpus frequency ordering
- Kaikki/Wiktextract — bilingual lexicographic evidence
- ReadUrdu — independent Urdu-English bilingual evidence
- word2word — independent corpus-derived bilingual evidence"
تھوڑا,"Rank: 1473

Meaning: a little; some

Frequency evidence: wordfreq Zipf 4.75
Frequency source: wordfreq Urdu multi-corpus ranking

Semantic verification: direct dictionary sense corroborated — Kaikki+ReadUrdu+word2word

Sources:
- wordfreq Urdu — Unicode multi-corpus frequency ordering
- Kaikki/Wiktextract — bilingual lexicographic evidence
- ReadUrdu — independent Urdu-English bilingual evidence
- word2word — independent corpus-derived bilingual evidence"
خاموشی,"Rank: 1474

Meaning: silence

Frequency evidence: wordfreq Zipf 4.75
Frequency source: wordfreq Urdu multi-corpus ranking

Semantic verification: direct dictionary sense corroborated — Kaikki+ReadUrdu+word2word

Sources:
- wordfreq Urdu — Unicode multi-corpus frequency ordering
- Kaikki/Wiktextract — bilingual lexicographic evidence
- ReadUrdu — independent Urdu-English bilingual evidence
- word2word — independent corpus-derived bilingual evidence"
سرگودھا,"Rank: 1475

Meaning: Sargodha

Frequency evidence: wordfreq Zipf 4.75
Frequency source: wordfreq Urdu multi-corpus ranking

Semantic verification: direct dictionary sense corroborated — Kaikki+ReadUrdu

Sources:
- wordfreq Urdu — Unicode multi-corpus frequency ordering
- Kaikki/Wiktextract — bilingual lexicographic evidence
- ReadUrdu — independent Urdu-English bilingual evidence
- word2word — independent corpus-derived bilingual evidence"
سمجھنے,"Rank: 1476

Meaning: understand

Frequency evidence: wordfreq Zipf 4.75
Frequency source: wordfreq Urdu multi-corpus ranking

Semantic verification: direct dictionary sense corroborated — ReadUrdu+word2word

Sources:
- wordfreq Urdu — Unicode multi-corpus frequency ordering
- Kaikki/Wiktextract — bilingual lexicographic evidence
- ReadUrdu — independent Urdu-English bilingual evidence
- word2word — independent corpus-derived bilingual evidence"
عروج,"Rank: 1477

Meaning: rise

Frequency evidence: wordfreq Zipf 4.75
Frequency source: wordfreq Urdu multi-corpus ranking

Semantic verification: direct dictionary sense corroborated — Kaikki+ReadUrdu

Sources:
- wordfreq Urdu — Unicode multi-corpus frequency ordering
- Kaikki/Wiktextract — bilingual lexicographic evidence
- ReadUrdu — independent Urdu-English bilingual evidence
- word2word — independent corpus-derived bilingual evidence"
قبر,"Rank: 1478

Meaning: grave

Frequency evidence: wordfreq Zipf 4.75
Frequency source: wordfreq Urdu multi-corpus ranking

Semantic verification: direct dictionary sense corroborated — Kaikki+ReadUrdu+word2word

Sources:
- wordfreq Urdu — Unicode multi-corpus frequency ordering
- Kaikki/Wiktextract — bilingual lexicographic evidence
- ReadUrdu — independent Urdu-English bilingual evidence
- word2word — independent corpus-derived bilingual evidence"
مرنے,"Rank: 1479

Meaning: die

Frequency evidence: wordfreq Zipf 4.75
Frequency source: wordfreq Urdu multi-corpus ranking

Semantic verification: direct dictionary sense corroborated — ReadUrdu+word2word

Sources:
- wordfreq Urdu — Unicode multi-corpus frequency ordering
- Kaikki/Wiktextract — bilingual lexicographic evidence
- ReadUrdu — independent Urdu-English bilingual evidence
- word2word — independent corpus-derived bilingual evidence"
مشکلات,"Rank: 1480

Meaning: Difficulties

Frequency evidence: wordfreq Zipf 4.75
Frequency source: wordfreq Urdu multi-corpus ranking

Semantic verification: direct dictionary sense corroborated — ReadUrdu+word2word

Sources:
- wordfreq Urdu — Unicode multi-corpus frequency ordering
- Kaikki/Wiktextract — bilingual lexicographic evidence
- ReadUrdu — independent Urdu-English bilingual evidence
- word2word — independent corpus-derived bilingual evidence"
ملازمت,"Rank: 1481

Meaning: job; employment

Frequency evidence: wordfreq Zipf 4.75
Frequency source: wordfreq Urdu multi-corpus ranking

Semantic verification: direct dictionary sense corroborated — Kaikki+ReadUrdu+word2word

Sources:
- wordfreq Urdu — Unicode multi-corpus frequency ordering
- Kaikki/Wiktextract — bilingual lexicographic evidence
- ReadUrdu — independent Urdu-English bilingual evidence
- word2word — independent corpus-derived bilingual evidence"
وزن,"Rank: 1482

Meaning: weight; measure

Frequency evidence: wordfreq Zipf 4.75
Frequency source: wordfreq Urdu multi-corpus ranking

Semantic verification: direct dictionary sense corroborated — Kaikki+ReadUrdu+word2word

Sources:
- wordfreq Urdu — Unicode multi-corpus frequency ordering
- Kaikki/Wiktextract — bilingual lexicographic evidence
- ReadUrdu — independent Urdu-English bilingual evidence
- word2word — independent corpus-derived bilingual evidence"
چینل,"Rank: 1483

Meaning: channel

Frequency evidence: wordfreq Zipf 4.75
Frequency source: wordfreq Urdu multi-corpus ranking

Semantic verification: direct dictionary sense corroborated — ReadUrdu+word2word

Sources:
- wordfreq Urdu — Unicode multi-corpus frequency ordering
- Kaikki/Wiktextract — bilingual lexicographic evidence
- ReadUrdu — independent Urdu-English bilingual evidence
- word2word — independent corpus-derived bilingual evidence"
ہمت,"Rank: 1484

Meaning: courage

Frequency evidence: wordfreq Zipf 4.75
Frequency source: wordfreq Urdu multi-corpus ranking

Semantic verification: direct dictionary sense corroborated — Kaikki+ReadUrdu+word2word

Sources:
- wordfreq Urdu — Unicode multi-corpus frequency ordering
- Kaikki/Wiktextract — bilingual lexicographic evidence
- ReadUrdu — independent Urdu-English bilingual evidence
- word2word — independent corpus-derived bilingual evidence"
آدم,"Rank: 1485

Meaning: man; Adam

Frequency evidence: wordfreq Zipf 4.74
Frequency source: wordfreq Urdu multi-corpus ranking

Semantic verification: direct dictionary sense corroborated — Kaikki+ReadUrdu

Sources:
- wordfreq Urdu — Unicode multi-corpus frequency ordering
- Kaikki/Wiktextract — bilingual lexicographic evidence
- ReadUrdu — independent Urdu-English bilingual evidence
- word2word — independent corpus-derived bilingual evidence"
اندرونی,"Rank: 1486

Meaning: inner; internal

Frequency evidence: wordfreq Zipf 4.74
Frequency source: wordfreq Urdu multi-corpus ranking

Semantic verification: direct dictionary sense corroborated — ReadUrdu+word2word

Sources:
- wordfreq Urdu — Unicode multi-corpus frequency ordering
- Kaikki/Wiktextract — bilingual lexicographic evidence
- ReadUrdu — independent Urdu-English bilingual evidence
- word2word — independent corpus-derived bilingual evidence"
انٹرویو,"Rank: 1487

Meaning: interview

Frequency evidence: wordfreq Zipf 4.74
Frequency source: wordfreq Urdu multi-corpus ranking

Semantic verification: direct dictionary sense corroborated — ReadUrdu+word2word

Sources:
- wordfreq Urdu — Unicode multi-corpus frequency ordering
- Kaikki/Wiktextract — bilingual lexicographic evidence
- ReadUrdu — independent Urdu-English bilingual evidence
- word2word — independent corpus-derived bilingual evidence"
بانی,"Rank: 1488

Meaning: founder

Frequency evidence: wordfreq Zipf 4.74
Frequency source: wordfreq Urdu multi-corpus ranking

Semantic verification: direct dictionary sense corroborated — Kaikki+ReadUrdu

Sources:
- wordfreq Urdu — Unicode multi-corpus frequency ordering
- Kaikki/Wiktextract — bilingual lexicographic evidence
- ReadUrdu — independent Urdu-English bilingual evidence
- word2word — independent corpus-derived bilingual evidence"
بغاوت,"Rank: 1489

Meaning: rebellion; revolt

Frequency evidence: wordfreq Zipf 4.74
Frequency source: wordfreq Urdu multi-corpus ranking

Semantic verification: direct dictionary sense corroborated — Kaikki+ReadUrdu

Sources:
- wordfreq Urdu — Unicode multi-corpus frequency ordering
- Kaikki/Wiktextract — bilingual lexicographic evidence
- ReadUrdu — independent Urdu-English bilingual evidence
- word2word — independent corpus-derived bilingual evidence"
رمضان,"Rank: 1490

Meaning: Ramadan

Frequency evidence: wordfreq Zipf 4.74
Frequency source: wordfreq Urdu multi-corpus ranking

Semantic verification: direct dictionary sense corroborated — Kaikki+ReadUrdu

Sources:
- wordfreq Urdu — Unicode multi-corpus frequency ordering
- Kaikki/Wiktextract — bilingual lexicographic evidence
- ReadUrdu — independent Urdu-English bilingual evidence
- word2word — independent corpus-derived bilingual evidence"
سرخ,"Rank: 1491

Meaning: red; a communist or socialist

Frequency evidence: wordfreq Zipf 4.74
Frequency source: wordfreq Urdu multi-corpus ranking

Semantic verification: direct dictionary sense corroborated — Kaikki+ReadUrdu+word2word

Sources:
- wordfreq Urdu — Unicode multi-corpus frequency ordering
- Kaikki/Wiktextract — bilingual lexicographic evidence
- ReadUrdu — independent Urdu-English bilingual evidence
- word2word — independent corpus-derived bilingual evidence"
سلوک,"Rank: 1492

Meaning: treatment; amiability

Frequency evidence: wordfreq Zipf 4.74
Frequency source: wordfreq Urdu multi-corpus ranking

Semantic verification: direct dictionary sense corroborated — Kaikki+ReadUrdu+word2word

Sources:
- wordfreq Urdu — Unicode multi-corpus frequency ordering
- Kaikki/Wiktextract — bilingual lexicographic evidence
- ReadUrdu — independent Urdu-English bilingual evidence
- word2word — independent corpus-derived bilingual evidence"
عادت,"Rank: 1493

Meaning: mode; habit

Frequency evidence: wordfreq Zipf 4.74
Frequency source: wordfreq Urdu multi-corpus ranking

Semantic verification: direct dictionary sense corroborated — Kaikki+ReadUrdu+word2word

Sources:
- wordfreq Urdu — Unicode multi-corpus frequency ordering
- Kaikki/Wiktextract — bilingual lexicographic evidence
- ReadUrdu — independent Urdu-English bilingual evidence
- word2word — independent corpus-derived bilingual evidence"
نصف,"Rank: 1494

Meaning: The half

Frequency evidence: wordfreq Zipf 4.74
Frequency source: wordfreq Urdu multi-corpus ranking

Semantic verification: direct dictionary sense corroborated — ReadUrdu+word2word

Sources:
- wordfreq Urdu — Unicode multi-corpus frequency ordering
- Kaikki/Wiktextract — bilingual lexicographic evidence
- ReadUrdu — independent Urdu-English bilingual evidence
- word2word — independent corpus-derived bilingual evidence"
نیند,"Rank: 1495

Meaning: sleep; dream

Frequency evidence: wordfreq Zipf 4.74
Frequency source: wordfreq Urdu multi-corpus ranking

Semantic verification: direct dictionary sense corroborated — Kaikki+ReadUrdu+word2word

Sources:
- wordfreq Urdu — Unicode multi-corpus frequency ordering
- Kaikki/Wiktextract — bilingual lexicographic evidence
- ReadUrdu — independent Urdu-English bilingual evidence
- word2word — independent corpus-derived bilingual evidence"
یقینی,"Rank: 1496

Meaning: sure; Certain

Frequency evidence: wordfreq Zipf 4.74
Frequency source: wordfreq Urdu multi-corpus ranking

Semantic verification: direct dictionary sense corroborated — ReadUrdu+word2word

Sources:
- wordfreq Urdu — Unicode multi-corpus frequency ordering
- Kaikki/Wiktextract — bilingual lexicographic evidence
- ReadUrdu — independent Urdu-English bilingual evidence
- word2word — independent corpus-derived bilingual evidence"
اسلحہ,"Rank: 1497

Meaning: weapons; ammunitions

Frequency evidence: wordfreq Zipf 4.73
Frequency source: wordfreq Urdu multi-corpus ranking

Semantic verification: direct dictionary sense corroborated — Kaikki+ReadUrdu+word2word

Sources:
- wordfreq Urdu — Unicode multi-corpus frequency ordering
- Kaikki/Wiktextract — bilingual lexicographic evidence
- ReadUrdu — independent Urdu-English bilingual evidence
- word2word — independent corpus-derived bilingual evidence"
خزانہ,"Rank: 1498

Meaning: treasure; treasury

Frequency evidence: wordfreq Zipf 4.73
Frequency source: wordfreq Urdu multi-corpus ranking

Semantic verification: direct dictionary sense corroborated — Kaikki+ReadUrdu+word2word

Sources:
- wordfreq Urdu — Unicode multi-corpus frequency ordering
- Kaikki/Wiktextract — bilingual lexicographic evidence
- ReadUrdu — independent Urdu-English bilingual evidence
- word2word — independent corpus-derived bilingual evidence"
سانس,"Rank: 1499

Meaning: breath

Frequency evidence: wordfreq Zipf 4.73
Frequency source: wordfreq Urdu multi-corpus ranking

Semantic verification: direct dictionary sense corroborated — Kaikki+ReadUrdu+word2word

Sources:
- wordfreq Urdu — Unicode multi-corpus frequency ordering
- Kaikki/Wiktextract — bilingual lexicographic evidence
- ReadUrdu — independent Urdu-English bilingual evidence
- word2word — independent corpus-derived bilingual evidence"
سنگ,"Rank: 1500

Meaning: stone; weight

Frequency evidence: wordfreq Zipf 4.73
Frequency source: wordfreq Urdu multi-corpus ranking

Semantic verification: direct dictionary sense corroborated — Kaikki+ReadUrdu

Sources:
- wordfreq Urdu — Unicode multi-corpus frequency ordering
- Kaikki/Wiktextract — bilingual lexicographic evidence
- ReadUrdu — independent Urdu-English bilingual evidence
- word2word — independent corpus-derived bilingual evidence"
علامت,"Rank: 1501

Meaning: sign; symbol

Frequency evidence: wordfreq Zipf 4.73
Frequency source: wordfreq Urdu multi-corpus ranking

Semantic verification: direct dictionary sense corroborated — Kaikki+ReadUrdu+word2word

Sources:
- wordfreq Urdu — Unicode multi-corpus frequency ordering
- Kaikki/Wiktextract — bilingual lexicographic evidence
- ReadUrdu — independent Urdu-English bilingual evidence
- word2word — independent corpus-derived bilingual evidence"
فارسی,"Rank: 1502

Meaning: Persian; Persic

Frequency evidence: wordfreq Zipf 4.73
Frequency source: wordfreq Urdu multi-corpus ranking

Semantic verification: direct dictionary sense corroborated — Kaikki+ReadUrdu+word2word

Sources:
- wordfreq Urdu — Unicode multi-corpus frequency ordering
- Kaikki/Wiktextract — bilingual lexicographic evidence
- ReadUrdu — independent Urdu-English bilingual evidence
- word2word — independent corpus-derived bilingual evidence"
فیکٹری,"Rank: 1503

Meaning: factory

Frequency evidence: wordfreq Zipf 4.73
Frequency source: wordfreq Urdu multi-corpus ranking

Semantic verification: direct dictionary sense corroborated — ReadUrdu+word2word

Sources:
- wordfreq Urdu — Unicode multi-corpus frequency ordering
- Kaikki/Wiktextract — bilingual lexicographic evidence
- ReadUrdu — independent Urdu-English bilingual evidence
- word2word — independent corpus-derived bilingual evidence"
معافی,"Rank: 1504

Meaning: forgiveness; pardon

Frequency evidence: wordfreq Zipf 4.73
Frequency source: wordfreq Urdu multi-corpus ranking

Semantic verification: direct dictionary sense corroborated — Kaikki+ReadUrdu+word2word

Sources:
- wordfreq Urdu — Unicode multi-corpus frequency ordering
- Kaikki/Wiktextract — bilingual lexicographic evidence
- ReadUrdu — independent Urdu-English bilingual evidence
- word2word — independent corpus-derived bilingual evidence"
پیسہ,"Rank: 1505

Meaning: money; cash

Frequency evidence: wordfreq Zipf 4.73
Frequency source: wordfreq Urdu multi-corpus ranking

Semantic verification: direct dictionary sense corroborated — Kaikki+ReadUrdu+word2word

Sources:
- wordfreq Urdu — Unicode multi-corpus frequency ordering
- Kaikki/Wiktextract — bilingual lexicographic evidence
- ReadUrdu — independent Urdu-English bilingual evidence
- word2word — independent corpus-derived bilingual evidence"
گڑھ,"Rank: 1506

Meaning: castle; stronghold

Frequency evidence: wordfreq Zipf 4.73
Frequency source: wordfreq Urdu multi-corpus ranking

Semantic verification: direct dictionary sense corroborated — Kaikki+ReadUrdu

Sources:
- wordfreq Urdu — Unicode multi-corpus frequency ordering
- Kaikki/Wiktextract — bilingual lexicographic evidence
- ReadUrdu — independent Urdu-English bilingual evidence
- word2word — independent corpus-derived bilingual evidence"
آؤٹ,"Rank: 1507

Meaning: out

Frequency evidence: wordfreq Zipf 4.72
Frequency source: wordfreq Urdu multi-corpus ranking

Semantic verification: direct dictionary sense corroborated — ReadUrdu+word2word

Sources:
- wordfreq Urdu — Unicode multi-corpus frequency ordering
- Kaikki/Wiktextract — bilingual lexicographic evidence
- ReadUrdu — independent Urdu-English bilingual evidence
- word2word — independent corpus-derived bilingual evidence"
بولی,"Rank: 1508

Meaning: speech; language

Frequency evidence: wordfreq Zipf 4.72
Frequency source: wordfreq Urdu multi-corpus ranking

Semantic verification: direct dictionary sense corroborated — Kaikki+ReadUrdu

Sources:
- wordfreq Urdu — Unicode multi-corpus frequency ordering
- Kaikki/Wiktextract — bilingual lexicographic evidence
- ReadUrdu — independent Urdu-English bilingual evidence
- word2word — independent corpus-derived bilingual evidence"
بیگ,"Rank: 1509

Meaning: bag; beg

Frequency evidence: wordfreq Zipf 4.72
Frequency source: wordfreq Urdu multi-corpus ranking

Semantic verification: direct dictionary sense corroborated — Kaikki+ReadUrdu+word2word

Sources:
- wordfreq Urdu — Unicode multi-corpus frequency ordering
- Kaikki/Wiktextract — bilingual lexicographic evidence
- ReadUrdu — independent Urdu-English bilingual evidence
- word2word — independent corpus-derived bilingual evidence"
دستخط,"Rank: 1510

Meaning: signature; handwriting

Frequency evidence: wordfreq Zipf 4.72
Frequency source: wordfreq Urdu multi-corpus ranking

Semantic verification: direct dictionary sense corroborated — Kaikki+ReadUrdu+word2word

Sources:
- wordfreq Urdu — Unicode multi-corpus frequency ordering
- Kaikki/Wiktextract — bilingual lexicographic evidence
- ReadUrdu — independent Urdu-English bilingual evidence
- word2word — independent corpus-derived bilingual evidence"
سیالکوٹ,"Rank: 1511

Meaning: Sialkot

Frequency evidence: wordfreq Zipf 4.72
Frequency source: wordfreq Urdu multi-corpus ranking

Semantic verification: direct dictionary sense corroborated — Kaikki+ReadUrdu

Sources:
- wordfreq Urdu — Unicode multi-corpus frequency ordering
- Kaikki/Wiktextract — bilingual lexicographic evidence
- ReadUrdu — independent Urdu-English bilingual evidence
- word2word — independent corpus-derived bilingual evidence"
مان,"Rank: 1512

Meaning: like; honor

Frequency evidence: wordfreq Zipf 4.72
Frequency source: wordfreq Urdu multi-corpus ranking

Semantic verification: direct dictionary sense corroborated — Kaikki+ReadUrdu

Sources:
- wordfreq Urdu — Unicode multi-corpus frequency ordering
- Kaikki/Wiktextract — bilingual lexicographic evidence
- ReadUrdu — independent Urdu-English bilingual evidence
- word2word — independent corpus-derived bilingual evidence"
مجرم,"Rank: 1513

Meaning: criminal; offender

Frequency evidence: wordfreq Zipf 4.72
Frequency source: wordfreq Urdu multi-corpus ranking

Semantic verification: direct dictionary sense corroborated — Kaikki+ReadUrdu+word2word

Sources:
- wordfreq Urdu — Unicode multi-corpus frequency ordering
- Kaikki/Wiktextract — bilingual lexicographic evidence
- ReadUrdu — independent Urdu-English bilingual evidence
- word2word — independent corpus-derived bilingual evidence"
مزاج,"Rank: 1514

Meaning: humor; temperament

Frequency evidence: wordfreq Zipf 4.72
Frequency source: wordfreq Urdu multi-corpus ranking

Semantic verification: direct dictionary sense corroborated — Kaikki+ReadUrdu

Sources:
- wordfreq Urdu — Unicode multi-corpus frequency ordering
- Kaikki/Wiktextract — bilingual lexicographic evidence
- ReadUrdu — independent Urdu-English bilingual evidence
- word2word — independent corpus-derived bilingual evidence"
نمائندگی,"Rank: 1515

Meaning: representation

Frequency evidence: wordfreq Zipf 4.72
Frequency source: wordfreq Urdu multi-corpus ranking

Semantic verification: direct dictionary sense corroborated — Kaikki+ReadUrdu+word2word

Sources:
- wordfreq Urdu — Unicode multi-corpus frequency ordering
- Kaikki/Wiktextract — bilingual lexicographic evidence
- ReadUrdu — independent Urdu-English bilingual evidence
- word2word — independent corpus-derived bilingual evidence"
پہچان,"Rank: 1516

Meaning: identity; recognition

Frequency evidence: wordfreq Zipf 4.72
Frequency source: wordfreq Urdu multi-corpus ranking

Semantic verification: direct dictionary sense corroborated — Kaikki+ReadUrdu

Sources:
- wordfreq Urdu — Unicode multi-corpus frequency ordering
- Kaikki/Wiktextract — bilingual lexicographic evidence
- ReadUrdu — independent Urdu-English bilingual evidence
- word2word — independent corpus-derived bilingual evidence"
ڈیرہ,"Rank: 1517

Meaning: settlement

Frequency evidence: wordfreq Zipf 4.72
Frequency source: wordfreq Urdu multi-corpus ranking

Semantic verification: direct dictionary sense corroborated — Kaikki+ReadUrdu

Sources:
- wordfreq Urdu — Unicode multi-corpus frequency ordering
- Kaikki/Wiktextract — bilingual lexicographic evidence
- ReadUrdu — independent Urdu-English bilingual evidence
- word2word — independent corpus-derived bilingual evidence"
گن,"Rank: 1518

Meaning: quality; condition

Frequency evidence: wordfreq Zipf 4.72
Frequency source: wordfreq Urdu multi-corpus ranking

Semantic verification: direct dictionary sense corroborated — Kaikki+ReadUrdu

Sources:
- wordfreq Urdu — Unicode multi-corpus frequency ordering
- Kaikki/Wiktextract — bilingual lexicographic evidence
- ReadUrdu — independent Urdu-English bilingual evidence
- word2word — independent corpus-derived bilingual evidence"
تیس,"Rank: 1519

Meaning: thirty

Frequency evidence: wordfreq Zipf 4.71
Frequency source: wordfreq Urdu multi-corpus ranking

Semantic verification: direct dictionary sense corroborated — Kaikki+word2word

Sources:
- wordfreq Urdu — Unicode multi-corpus frequency ordering
- Kaikki/Wiktextract — bilingual lexicographic evidence
- ReadUrdu — independent Urdu-English bilingual evidence
- word2word — independent corpus-derived bilingual evidence"
جہنم,"Rank: 1520

Meaning: hell

Frequency evidence: wordfreq Zipf 4.71
Frequency source: wordfreq Urdu multi-corpus ranking

Semantic verification: direct dictionary sense corroborated — Kaikki+ReadUrdu+word2word

Sources:
- wordfreq Urdu — Unicode multi-corpus frequency ordering
- Kaikki/Wiktextract — bilingual lexicographic evidence
- ReadUrdu — independent Urdu-English bilingual evidence
- word2word — independent corpus-derived bilingual evidence"
حرارت,"Rank: 1521

Meaning: heat; to have a temperature

Frequency evidence: wordfreq Zipf 4.71
Frequency source: wordfreq Urdu multi-corpus ranking

Semantic verification: direct dictionary sense corroborated — Kaikki+ReadUrdu+word2word

Sources:
- wordfreq Urdu — Unicode multi-corpus frequency ordering
- Kaikki/Wiktextract — bilingual lexicographic evidence
- ReadUrdu — independent Urdu-English bilingual evidence
- word2word — independent corpus-derived bilingual evidence"
دلیل,"Rank: 1522

Meaning: argument

Frequency evidence: wordfreq Zipf 4.71
Frequency source: wordfreq Urdu multi-corpus ranking

Semantic verification: direct dictionary sense corroborated — ReadUrdu+word2word

Sources:
- wordfreq Urdu — Unicode multi-corpus frequency ordering
- Kaikki/Wiktextract — bilingual lexicographic evidence
- ReadUrdu — independent Urdu-English bilingual evidence
- word2word — independent corpus-derived bilingual evidence"
شاہی,"Rank: 1523

Meaning: royal; befitting or worthy of royalty

Frequency evidence: wordfreq Zipf 4.71
Frequency source: wordfreq Urdu multi-corpus ranking

Semantic verification: direct dictionary sense corroborated — Kaikki+ReadUrdu+word2word

Sources:
- wordfreq Urdu — Unicode multi-corpus frequency ordering
- Kaikki/Wiktextract — bilingual lexicographic evidence
- ReadUrdu — independent Urdu-English bilingual evidence
- word2word — independent corpus-derived bilingual evidence"
طوفان,"Rank: 1524

Meaning: storm

Frequency evidence: wordfreq Zipf 4.71
Frequency source: wordfreq Urdu multi-corpus ranking

Semantic verification: direct dictionary sense corroborated — Kaikki+ReadUrdu+word2word

Sources:
- wordfreq Urdu — Unicode multi-corpus frequency ordering
- Kaikki/Wiktextract — bilingual lexicographic evidence
- ReadUrdu — independent Urdu-English bilingual evidence
- word2word — independent corpus-derived bilingual evidence"
عین,"Rank: 1525

Meaning: eye; spring

Frequency evidence: wordfreq Zipf 4.71
Frequency source: wordfreq Urdu multi-corpus ranking

Semantic verification: direct dictionary sense corroborated — Kaikki+ReadUrdu

Sources:
- wordfreq Urdu — Unicode multi-corpus frequency ordering
- Kaikki/Wiktextract — bilingual lexicographic evidence
- ReadUrdu — independent Urdu-English bilingual evidence
- word2word — independent corpus-derived bilingual evidence"
غربت,"Rank: 1526

Meaning: poverty

Frequency evidence: wordfreq Zipf 4.71
Frequency source: wordfreq Urdu multi-corpus ranking

Semantic verification: direct dictionary sense corroborated — ReadUrdu+word2word

Sources:
- wordfreq Urdu — Unicode multi-corpus frequency ordering
- Kaikki/Wiktextract — bilingual lexicographic evidence
- ReadUrdu — independent Urdu-English bilingual evidence
- word2word — independent corpus-derived bilingual evidence"
قصور,"Rank: 1527

Meaning: fault; guilt

Frequency evidence: wordfreq Zipf 4.71
Frequency source: wordfreq Urdu multi-corpus ranking

Semantic verification: direct dictionary sense corroborated — Kaikki+ReadUrdu

Sources:
- wordfreq Urdu — Unicode multi-corpus frequency ordering
- Kaikki/Wiktextract — bilingual lexicographic evidence
- ReadUrdu — independent Urdu-English bilingual evidence
- word2word — independent corpus-derived bilingual evidence"
قمر,"Rank: 1528

Meaning: moon

Frequency evidence: wordfreq Zipf 4.71
Frequency source: wordfreq Urdu multi-corpus ranking

Semantic verification: direct dictionary sense corroborated — Kaikki+ReadUrdu

Sources:
- wordfreq Urdu — Unicode multi-corpus frequency ordering
- Kaikki/Wiktextract — bilingual lexicographic evidence
- ReadUrdu — independent Urdu-English bilingual evidence
- word2word — independent corpus-derived bilingual evidence"
لازم,"Rank: 1529

Meaning: necessary; imperative

Frequency evidence: wordfreq Zipf 4.71
Frequency source: wordfreq Urdu multi-corpus ranking

Semantic verification: direct dictionary sense corroborated — Kaikki+ReadUrdu

Sources:
- wordfreq Urdu — Unicode multi-corpus frequency ordering
- Kaikki/Wiktextract — bilingual lexicographic evidence
- ReadUrdu — independent Urdu-English bilingual evidence
- word2word — independent corpus-derived bilingual evidence"
لشکر,"Rank: 1530

Meaning: army; armed force

Frequency evidence: wordfreq Zipf 4.71
Frequency source: wordfreq Urdu multi-corpus ranking

Semantic verification: direct dictionary sense corroborated — Kaikki+ReadUrdu

Sources:
- wordfreq Urdu — Unicode multi-corpus frequency ordering
- Kaikki/Wiktextract — bilingual lexicographic evidence
- ReadUrdu — independent Urdu-English bilingual evidence
- word2word — independent corpus-derived bilingual evidence"
محترم,"Rank: 1531

Meaning: honored; respectable

Frequency evidence: wordfreq Zipf 4.71
Frequency source: wordfreq Urdu multi-corpus ranking

Semantic verification: direct dictionary sense corroborated — Kaikki+ReadUrdu

Sources:
- wordfreq Urdu — Unicode multi-corpus frequency ordering
- Kaikki/Wiktextract — bilingual lexicographic evidence
- ReadUrdu — independent Urdu-English bilingual evidence
- word2word — independent corpus-derived bilingual evidence"
محترمہ,"Rank: 1532

Meaning: lady

Frequency evidence: wordfreq Zipf 4.71
Frequency source: wordfreq Urdu multi-corpus ranking

Semantic verification: direct dictionary sense corroborated — Kaikki+ReadUrdu+word2word

Sources:
- wordfreq Urdu — Unicode multi-corpus frequency ordering
- Kaikki/Wiktextract — bilingual lexicographic evidence
- ReadUrdu — independent Urdu-English bilingual evidence
- word2word — independent corpus-derived bilingual evidence"
نازل,"Rank: 1533

Meaning: arriving-at; revealed

Frequency evidence: wordfreq Zipf 4.71
Frequency source: wordfreq Urdu multi-corpus ranking

Semantic verification: direct dictionary sense corroborated — Kaikki+ReadUrdu

Sources:
- wordfreq Urdu — Unicode multi-corpus frequency ordering
- Kaikki/Wiktextract — bilingual lexicographic evidence
- ReadUrdu — independent Urdu-English bilingual evidence
- word2word — independent corpus-derived bilingual evidence"
ناکامی,"Rank: 1534

Meaning: failure

Frequency evidence: wordfreq Zipf 4.71
Frequency source: wordfreq Urdu multi-corpus ranking

Semantic verification: direct dictionary sense corroborated — ReadUrdu+word2word

Sources:
- wordfreq Urdu — Unicode multi-corpus frequency ordering
- Kaikki/Wiktextract — bilingual lexicographic evidence
- ReadUrdu — independent Urdu-English bilingual evidence
- word2word — independent corpus-derived bilingual evidence"
نیت,"Rank: 1535

Meaning: intention; led

Frequency evidence: wordfreq Zipf 4.71
Frequency source: wordfreq Urdu multi-corpus ranking

Semantic verification: direct dictionary sense corroborated — Kaikki+ReadUrdu+word2word

Sources:
- wordfreq Urdu — Unicode multi-corpus frequency ordering
- Kaikki/Wiktextract — bilingual lexicographic evidence
- ReadUrdu — independent Urdu-English bilingual evidence
- word2word — independent corpus-derived bilingual evidence"
ڈر,"Rank: 1536

Meaning: scared

Frequency evidence: wordfreq Zipf 4.71
Frequency source: wordfreq Urdu multi-corpus ranking

Semantic verification: direct dictionary sense corroborated — ReadUrdu+word2word

Sources:
- wordfreq Urdu — Unicode multi-corpus frequency ordering
- Kaikki/Wiktextract — bilingual lexicographic evidence
- ReadUrdu — independent Urdu-English bilingual evidence
- word2word — independent corpus-derived bilingual evidence"
ڈگری,"Rank: 1537

Meaning: degree

Frequency evidence: wordfreq Zipf 4.71
Frequency source: wordfreq Urdu multi-corpus ranking

Semantic verification: direct dictionary sense corroborated — ReadUrdu+word2word

Sources:
- wordfreq Urdu — Unicode multi-corpus frequency ordering
- Kaikki/Wiktextract — bilingual lexicographic evidence
- ReadUrdu — independent Urdu-English bilingual evidence
- word2word — independent corpus-derived bilingual evidence"
گلگت,"Rank: 1538

Meaning: Gilgit District; Gilgit Division

Frequency evidence: wordfreq Zipf 4.71
Frequency source: wordfreq Urdu multi-corpus ranking

Semantic verification: direct dictionary sense corroborated — Kaikki+ReadUrdu

Sources:
- wordfreq Urdu — Unicode multi-corpus frequency ordering
- Kaikki/Wiktextract — bilingual lexicographic evidence
- ReadUrdu — independent Urdu-English bilingual evidence
- word2word — independent corpus-derived bilingual evidence"
احتجاجی,"Rank: 1539

Meaning: protestor

Frequency evidence: wordfreq Zipf 4.70
Frequency source: wordfreq Urdu multi-corpus ranking

Semantic verification: direct dictionary sense corroborated — Kaikki+ReadUrdu

Sources:
- wordfreq Urdu — Unicode multi-corpus frequency ordering
- Kaikki/Wiktextract — bilingual lexicographic evidence
- ReadUrdu — independent Urdu-English bilingual evidence
- word2word — independent corpus-derived bilingual evidence"
انگلینڈ,"Rank: 1540

Meaning: England

Frequency evidence: wordfreq Zipf 4.70
Frequency source: wordfreq Urdu multi-corpus ranking

Semantic verification: direct dictionary sense corroborated — Kaikki+ReadUrdu+word2word

Sources:
- wordfreq Urdu — Unicode multi-corpus frequency ordering
- Kaikki/Wiktextract — bilingual lexicographic evidence
- ReadUrdu — independent Urdu-English bilingual evidence
- word2word — independent corpus-derived bilingual evidence"
بائیں,"Rank: 1541

Meaning: to the left

Frequency evidence: wordfreq Zipf 4.70
Frequency source: wordfreq Urdu multi-corpus ranking

Semantic verification: direct dictionary sense corroborated — ReadUrdu+word2word

Sources:
- wordfreq Urdu — Unicode multi-corpus frequency ordering
- Kaikki/Wiktextract — bilingual lexicographic evidence
- ReadUrdu — independent Urdu-English bilingual evidence
- word2word — independent corpus-derived bilingual evidence"
جنازہ,"Rank: 1542

Meaning: funeral; bier

Frequency evidence: wordfreq Zipf 4.70
Frequency source: wordfreq Urdu multi-corpus ranking

Semantic verification: direct dictionary sense corroborated — Kaikki+ReadUrdu+word2word

Sources:
- wordfreq Urdu — Unicode multi-corpus frequency ordering
- Kaikki/Wiktextract — bilingual lexicographic evidence
- ReadUrdu — independent Urdu-English bilingual evidence
- word2word — independent corpus-derived bilingual evidence"
درس,"Rank: 1543

Meaning: reading; lesson

Frequency evidence: wordfreq Zipf 4.70
Frequency source: wordfreq Urdu multi-corpus ranking

Semantic verification: direct dictionary sense corroborated — Kaikki+ReadUrdu

Sources:
- wordfreq Urdu — Unicode multi-corpus frequency ordering
- Kaikki/Wiktextract — bilingual lexicographic evidence
- ReadUrdu — independent Urdu-English bilingual evidence
- word2word — independent corpus-derived bilingual evidence"
سوار,"Rank: 1544

Meaning: rider; horseman

Frequency evidence: wordfreq Zipf 4.70
Frequency source: wordfreq Urdu multi-corpus ranking

Semantic verification: direct dictionary sense corroborated — Kaikki+ReadUrdu+word2word

Sources:
- wordfreq Urdu — Unicode multi-corpus frequency ordering
- Kaikki/Wiktextract — bilingual lexicographic evidence
- ReadUrdu — independent Urdu-English bilingual evidence
- word2word — independent corpus-derived bilingual evidence"
شو,"Rank: 1545

Meaning: show; corpse

Frequency evidence: wordfreq Zipf 4.70
Frequency source: wordfreq Urdu multi-corpus ranking

Semantic verification: direct dictionary sense corroborated — Kaikki+ReadUrdu+word2word

Sources:
- wordfreq Urdu — Unicode multi-corpus frequency ordering
- Kaikki/Wiktextract — bilingual lexicographic evidence
- ReadUrdu — independent Urdu-English bilingual evidence
- word2word — independent corpus-derived bilingual evidence"
فرمان,"Rank: 1546

Meaning: order; a royal decree

Frequency evidence: wordfreq Zipf 4.70
Frequency source: wordfreq Urdu multi-corpus ranking

Semantic verification: direct dictionary sense corroborated — Kaikki+ReadUrdu

Sources:
- wordfreq Urdu — Unicode multi-corpus frequency ordering
- Kaikki/Wiktextract — bilingual lexicographic evidence
- ReadUrdu — independent Urdu-English bilingual evidence
- word2word — independent corpus-derived bilingual evidence"
مصنف,"Rank: 1547

Meaning: author; writer

Frequency evidence: wordfreq Zipf 4.70
Frequency source: wordfreq Urdu multi-corpus ranking

Semantic verification: direct dictionary sense corroborated — Kaikki+ReadUrdu+word2word

Sources:
- wordfreq Urdu — Unicode multi-corpus frequency ordering
- Kaikki/Wiktextract — bilingual lexicographic evidence
- ReadUrdu — independent Urdu-English bilingual evidence
- word2word — independent corpus-derived bilingual evidence"
منظم,"Rank: 1548

Meaning: orderly; organised

Frequency evidence: wordfreq Zipf 4.70
Frequency source: wordfreq Urdu multi-corpus ranking

Semantic verification: direct dictionary sense corroborated — Kaikki+ReadUrdu+word2word

Sources:
- wordfreq Urdu — Unicode multi-corpus frequency ordering
- Kaikki/Wiktextract — bilingual lexicographic evidence
- ReadUrdu — independent Urdu-English bilingual evidence
- word2word — independent corpus-derived bilingual evidence"
پہنچنے,"Rank: 1549

Meaning: reach

Frequency evidence: wordfreq Zipf 4.70
Frequency source: wordfreq Urdu multi-corpus ranking

Semantic verification: direct dictionary sense corroborated — ReadUrdu+word2word

Sources:
- wordfreq Urdu — Unicode multi-corpus frequency ordering
- Kaikki/Wiktextract — bilingual lexicographic evidence
- ReadUrdu — independent Urdu-English bilingual evidence
- word2word — independent corpus-derived bilingual evidence"
کامل,"Rank: 1550

Meaning: perfect; expert

Frequency evidence: wordfreq Zipf 4.70
Frequency source: wordfreq Urdu multi-corpus ranking

Semantic verification: direct dictionary sense corroborated — Kaikki+ReadUrdu+word2word

Sources:
- wordfreq Urdu — Unicode multi-corpus frequency ordering
- Kaikki/Wiktextract — bilingual lexicographic evidence
- ReadUrdu — independent Urdu-English bilingual evidence
- word2word — independent corpus-derived bilingual evidence"
کلاس,"Rank: 1551

Meaning: class

Frequency evidence: wordfreq Zipf 4.70
Frequency source: wordfreq Urdu multi-corpus ranking

Semantic verification: direct dictionary sense corroborated — ReadUrdu+word2word

Sources:
- wordfreq Urdu — Unicode multi-corpus frequency ordering
- Kaikki/Wiktextract — bilingual lexicographic evidence
- ReadUrdu — independent Urdu-English bilingual evidence
- word2word — independent corpus-derived bilingual evidence"
گواہ,"Rank: 1552

Meaning: witness

Frequency evidence: wordfreq Zipf 4.70
Frequency source: wordfreq Urdu multi-corpus ranking

Semantic verification: direct dictionary sense corroborated — Kaikki+ReadUrdu+word2word

Sources:
- wordfreq Urdu — Unicode multi-corpus frequency ordering
- Kaikki/Wiktextract — bilingual lexicographic evidence
- ReadUrdu — independent Urdu-English bilingual evidence
- word2word — independent corpus-derived bilingual evidence"
ہوائی,"Rank: 1553

Meaning: aerial

Frequency evidence: wordfreq Zipf 4.70
Frequency source: wordfreq Urdu multi-corpus ranking

Semantic verification: direct dictionary sense corroborated — Kaikki+ReadUrdu

Sources:
- wordfreq Urdu — Unicode multi-corpus frequency ordering
- Kaikki/Wiktextract — bilingual lexicographic evidence
- ReadUrdu — independent Urdu-English bilingual evidence
- word2word — independent corpus-derived bilingual evidence"
استقبال,"Rank: 1554

Meaning: welcome; reception

Frequency evidence: wordfreq Zipf 4.69
Frequency source: wordfreq Urdu multi-corpus ranking

Semantic verification: direct dictionary sense corroborated — Kaikki+ReadUrdu+word2word

Sources:
- wordfreq Urdu — Unicode multi-corpus frequency ordering
- Kaikki/Wiktextract — bilingual lexicographic evidence
- ReadUrdu — independent Urdu-English bilingual evidence
- word2word — independent corpus-derived bilingual evidence"
اسٹیشن,"Rank: 1555

Meaning: station

Frequency evidence: wordfreq Zipf 4.69
Frequency source: wordfreq Urdu multi-corpus ranking

Semantic verification: direct dictionary sense corroborated — Kaikki+ReadUrdu+word2word

Sources:
- wordfreq Urdu — Unicode multi-corpus frequency ordering
- Kaikki/Wiktextract — bilingual lexicographic evidence
- ReadUrdu — independent Urdu-English bilingual evidence
- word2word — independent corpus-derived bilingual evidence"
امتحان,"Rank: 1556

Meaning: test; exam

Frequency evidence: wordfreq Zipf 4.69
Frequency source: wordfreq Urdu multi-corpus ranking

Semantic verification: direct dictionary sense corroborated — Kaikki+ReadUrdu+word2word

Sources:
- wordfreq Urdu — Unicode multi-corpus frequency ordering
- Kaikki/Wiktextract — bilingual lexicographic evidence
- ReadUrdu — independent Urdu-English bilingual evidence
- word2word — independent corpus-derived bilingual evidence"
تنخواہ,"Rank: 1557

Meaning: salary

Frequency evidence: wordfreq Zipf 4.69
Frequency source: wordfreq Urdu multi-corpus ranking

Semantic verification: direct dictionary sense corroborated — Kaikki+ReadUrdu

Sources:
- wordfreq Urdu — Unicode multi-corpus frequency ordering
- Kaikki/Wiktextract — bilingual lexicographic evidence
- ReadUrdu — independent Urdu-English bilingual evidence
- word2word — independent corpus-derived bilingual evidence"
جہاد,"Rank: 1558

Meaning: jihad; fight

Frequency evidence: wordfreq Zipf 4.69
Frequency source: wordfreq Urdu multi-corpus ranking

Semantic verification: direct dictionary sense corroborated — Kaikki+ReadUrdu+word2word

Sources:
- wordfreq Urdu — Unicode multi-corpus frequency ordering
- Kaikki/Wiktextract — bilingual lexicographic evidence
- ReadUrdu — independent Urdu-English bilingual evidence
- word2word — independent corpus-derived bilingual evidence"
خیالات,"Rank: 1559

Meaning: ideas

Frequency evidence: wordfreq Zipf 4.69
Frequency source: wordfreq Urdu multi-corpus ranking

Semantic verification: direct dictionary sense corroborated — ReadUrdu+word2word

Sources:
- wordfreq Urdu — Unicode multi-corpus frequency ordering
- Kaikki/Wiktextract — bilingual lexicographic evidence
- ReadUrdu — independent Urdu-English bilingual evidence
- word2word — independent corpus-derived bilingual evidence"
دہی,"Rank: 1560

Meaning: yogurt; curd

Frequency evidence: wordfreq Zipf 4.69
Frequency source: wordfreq Urdu multi-corpus ranking

Semantic verification: direct dictionary sense corroborated — Kaikki+ReadUrdu

Sources:
- wordfreq Urdu — Unicode multi-corpus frequency ordering
- Kaikki/Wiktextract — bilingual lexicographic evidence
- ReadUrdu — independent Urdu-English bilingual evidence
- word2word — independent corpus-derived bilingual evidence"
رسائی,"Rank: 1561

Meaning: access

Frequency evidence: wordfreq Zipf 4.69
Frequency source: wordfreq Urdu multi-corpus ranking

Semantic verification: direct dictionary sense corroborated — ReadUrdu+word2word

Sources:
- wordfreq Urdu — Unicode multi-corpus frequency ordering
- Kaikki/Wiktextract — bilingual lexicographic evidence
- ReadUrdu — independent Urdu-English bilingual evidence
- word2word — independent corpus-derived bilingual evidence"
عہدہ,"Rank: 1562

Meaning: post; office

Frequency evidence: wordfreq Zipf 4.69
Frequency source: wordfreq Urdu multi-corpus ranking

Semantic verification: direct dictionary sense corroborated — Kaikki+ReadUrdu

Sources:
- wordfreq Urdu — Unicode multi-corpus frequency ordering
- Kaikki/Wiktextract — bilingual lexicographic evidence
- ReadUrdu — independent Urdu-English bilingual evidence
- word2word — independent corpus-derived bilingual evidence"
نشست,"Rank: 1563

Meaning: seat; session

Frequency evidence: wordfreq Zipf 4.69
Frequency source: wordfreq Urdu multi-corpus ranking

Semantic verification: direct dictionary sense corroborated — Kaikki+ReadUrdu+word2word

Sources:
- wordfreq Urdu — Unicode multi-corpus frequency ordering
- Kaikki/Wiktextract — bilingual lexicographic evidence
- ReadUrdu — independent Urdu-English bilingual evidence
- word2word — independent corpus-derived bilingual evidence"
نعمت,"Rank: 1564

Meaning: blessing

Frequency evidence: wordfreq Zipf 4.69
Frequency source: wordfreq Urdu multi-corpus ranking

Semantic verification: direct dictionary sense corroborated — Kaikki+ReadUrdu+word2word

Sources:
- wordfreq Urdu — Unicode multi-corpus frequency ordering
- Kaikki/Wiktextract — bilingual lexicographic evidence
- ReadUrdu — independent Urdu-English bilingual evidence
- word2word — independent corpus-derived bilingual evidence"
چھٹی,"Rank: 1565

Meaning: holiday; day off

Frequency evidence: wordfreq Zipf 4.69
Frequency source: wordfreq Urdu multi-corpus ranking

Semantic verification: direct dictionary sense corroborated — Kaikki+ReadUrdu+word2word

Sources:
- wordfreq Urdu — Unicode multi-corpus frequency ordering
- Kaikki/Wiktextract — bilingual lexicographic evidence
- ReadUrdu — independent Urdu-English bilingual evidence
- word2word — independent corpus-derived bilingual evidence"
گجرات,"Rank: 1566

Meaning: Gujarat; Gujrat

Frequency evidence: wordfreq Zipf 4.69
Frequency source: wordfreq Urdu multi-corpus ranking

Semantic verification: direct dictionary sense corroborated — Kaikki+ReadUrdu

Sources:
- wordfreq Urdu — Unicode multi-corpus frequency ordering
- Kaikki/Wiktextract — bilingual lexicographic evidence
- ReadUrdu — independent Urdu-English bilingual evidence
- word2word — independent corpus-derived bilingual evidence"
اتحادی,"Rank: 1567

Meaning: ally; allied

Frequency evidence: wordfreq Zipf 4.68
Frequency source: wordfreq Urdu multi-corpus ranking

Semantic verification: direct dictionary sense corroborated — Kaikki+ReadUrdu+word2word

Sources:
- wordfreq Urdu — Unicode multi-corpus frequency ordering
- Kaikki/Wiktextract — bilingual lexicographic evidence
- ReadUrdu — independent Urdu-English bilingual evidence
- word2word — independent corpus-derived bilingual evidence"
اعتراف,"Rank: 1568

Meaning: confession

Frequency evidence: wordfreq Zipf 4.68
Frequency source: wordfreq Urdu multi-corpus ranking

Semantic verification: direct dictionary sense corroborated — Kaikki+ReadUrdu

Sources:
- wordfreq Urdu — Unicode multi-corpus frequency ordering
- Kaikki/Wiktextract — bilingual lexicographic evidence
- ReadUrdu — independent Urdu-English bilingual evidence
- word2word — independent corpus-derived bilingual evidence"
اعمال,"Rank: 1569

Meaning: Actions; deeds

Frequency evidence: wordfreq Zipf 4.68
Frequency source: wordfreq Urdu multi-corpus ranking

Semantic verification: direct dictionary sense corroborated — ReadUrdu+word2word

Sources:
- wordfreq Urdu — Unicode multi-corpus frequency ordering
- Kaikki/Wiktextract — bilingual lexicographic evidence
- ReadUrdu — independent Urdu-English bilingual evidence
- word2word — independent corpus-derived bilingual evidence"
بستی,"Rank: 1570

Meaning: settlement; colony

Frequency evidence: wordfreq Zipf 4.68
Frequency source: wordfreq Urdu multi-corpus ranking

Semantic verification: direct dictionary sense corroborated — Kaikki+ReadUrdu

Sources:
- wordfreq Urdu — Unicode multi-corpus frequency ordering
- Kaikki/Wiktextract — bilingual lexicographic evidence
- ReadUrdu — independent Urdu-English bilingual evidence
- word2word — independent corpus-derived bilingual evidence"
بندہ,"Rank: 1571

Meaning: person

Frequency evidence: wordfreq Zipf 4.68
Frequency source: wordfreq Urdu multi-corpus ranking

Semantic verification: direct dictionary sense corroborated — Kaikki+ReadUrdu

Sources:
- wordfreq Urdu — Unicode multi-corpus frequency ordering
- Kaikki/Wiktextract — bilingual lexicographic evidence
- ReadUrdu — independent Urdu-English bilingual evidence
- word2word — independent corpus-derived bilingual evidence"
بیعت,"Rank: 1572

Meaning: act of swearing allegiance; fealty

Frequency evidence: wordfreq Zipf 4.68
Frequency source: wordfreq Urdu multi-corpus ranking

Semantic verification: direct dictionary sense corroborated — Kaikki+ReadUrdu

Sources:
- wordfreq Urdu — Unicode multi-corpus frequency ordering
- Kaikki/Wiktextract — bilingual lexicographic evidence
- ReadUrdu — independent Urdu-English bilingual evidence
- word2word — independent corpus-derived bilingual evidence"
بیمار,"Rank: 1573

Meaning: sick; in love

Frequency evidence: wordfreq Zipf 4.68
Frequency source: wordfreq Urdu multi-corpus ranking

Semantic verification: direct dictionary sense corroborated — Kaikki+ReadUrdu+word2word

Sources:
- wordfreq Urdu — Unicode multi-corpus frequency ordering
- Kaikki/Wiktextract — bilingual lexicographic evidence
- ReadUrdu — independent Urdu-English bilingual evidence
- word2word — independent corpus-derived bilingual evidence"
جوش,"Rank: 1574

Meaning: passion; boiling

Frequency evidence: wordfreq Zipf 4.68
Frequency source: wordfreq Urdu multi-corpus ranking

Semantic verification: direct dictionary sense corroborated — Kaikki+ReadUrdu+word2word

Sources:
- wordfreq Urdu — Unicode multi-corpus frequency ordering
- Kaikki/Wiktextract — bilingual lexicographic evidence
- ReadUrdu — independent Urdu-English bilingual evidence
- word2word — independent corpus-derived bilingual evidence"
حامی,"Rank: 1575

Meaning: supporter; A black person

Frequency evidence: wordfreq Zipf 4.68
Frequency source: wordfreq Urdu multi-corpus ranking

Semantic verification: direct dictionary sense corroborated — Kaikki+ReadUrdu+word2word

Sources:
- wordfreq Urdu — Unicode multi-corpus frequency ordering
- Kaikki/Wiktextract — bilingual lexicographic evidence
- ReadUrdu — independent Urdu-English bilingual evidence
- word2word — independent corpus-derived bilingual evidence"
دکھایا,"Rank: 1576

Meaning: show

Frequency evidence: wordfreq Zipf 4.68
Frequency source: wordfreq Urdu multi-corpus ranking

Semantic verification: direct dictionary sense corroborated — ReadUrdu+word2word

Sources:
- wordfreq Urdu — Unicode multi-corpus frequency ordering
- Kaikki/Wiktextract — bilingual lexicographic evidence
- ReadUrdu — independent Urdu-English bilingual evidence
- word2word — independent corpus-derived bilingual evidence"
دہائی,"Rank: 1577

Meaning: a decade; unit of ten

Frequency evidence: wordfreq Zipf 4.68
Frequency source: wordfreq Urdu multi-corpus ranking

Semantic verification: direct dictionary sense corroborated — Kaikki+ReadUrdu+word2word

Sources:
- wordfreq Urdu — Unicode multi-corpus frequency ordering
- Kaikki/Wiktextract — bilingual lexicographic evidence
- ReadUrdu — independent Urdu-English bilingual evidence
- word2word — independent corpus-derived bilingual evidence"
راز,"Rank: 1578

Meaning: secret

Frequency evidence: wordfreq Zipf 4.68
Frequency source: wordfreq Urdu multi-corpus ranking

Semantic verification: direct dictionary sense corroborated — Kaikki+ReadUrdu+word2word

Sources:
- wordfreq Urdu — Unicode multi-corpus frequency ordering
- Kaikki/Wiktextract — bilingual lexicographic evidence
- ReadUrdu — independent Urdu-English bilingual evidence
- word2word — independent corpus-derived bilingual evidence"
سانحہ,"Rank: 1579

Meaning: tragedy

Frequency evidence: wordfreq Zipf 4.68
Frequency source: wordfreq Urdu multi-corpus ranking

Semantic verification: direct dictionary sense corroborated — ReadUrdu+word2word

Sources:
- wordfreq Urdu — Unicode multi-corpus frequency ordering
- Kaikki/Wiktextract — bilingual lexicographic evidence
- ReadUrdu — independent Urdu-English bilingual evidence
- word2word — independent corpus-derived bilingual evidence"
سلطنت,"Rank: 1580

Meaning: empire; kingdom

Frequency evidence: wordfreq Zipf 4.68
Frequency source: wordfreq Urdu multi-corpus ranking

Semantic verification: direct dictionary sense corroborated — Kaikki+ReadUrdu+word2word

Sources:
- wordfreq Urdu — Unicode multi-corpus frequency ordering
- Kaikki/Wiktextract — bilingual lexicographic evidence
- ReadUrdu — independent Urdu-English bilingual evidence
- word2word — independent corpus-derived bilingual evidence"
سینیٹر,"Rank: 1581

Meaning: senator

Frequency evidence: wordfreq Zipf 4.68
Frequency source: wordfreq Urdu multi-corpus ranking

Semantic verification: direct dictionary sense corroborated — Kaikki+ReadUrdu+word2word

Sources:
- wordfreq Urdu — Unicode multi-corpus frequency ordering
- Kaikki/Wiktextract — bilingual lexicographic evidence
- ReadUrdu — independent Urdu-English bilingual evidence
- word2word — independent corpus-derived bilingual evidence"
عقیدہ,"Rank: 1582

Meaning: faith

Frequency evidence: wordfreq Zipf 4.68
Frequency source: wordfreq Urdu multi-corpus ranking

Semantic verification: direct dictionary sense corroborated — ReadUrdu+word2word

Sources:
- wordfreq Urdu — Unicode multi-corpus frequency ordering
- Kaikki/Wiktextract — bilingual lexicographic evidence
- ReadUrdu — independent Urdu-English bilingual evidence
- word2word — independent corpus-derived bilingual evidence"
غصہ,"Rank: 1583

Meaning: anger

Frequency evidence: wordfreq Zipf 4.68
Frequency source: wordfreq Urdu multi-corpus ranking

Semantic verification: direct dictionary sense corroborated — Kaikki+ReadUrdu+word2word

Sources:
- wordfreq Urdu — Unicode multi-corpus frequency ordering
- Kaikki/Wiktextract — bilingual lexicographic evidence
- ReadUrdu — independent Urdu-English bilingual evidence
- word2word — independent corpus-derived bilingual evidence"
فارغ,"Rank: 1584

Meaning: at leisure; finished

Frequency evidence: wordfreq Zipf 4.68
Frequency source: wordfreq Urdu multi-corpus ranking

Semantic verification: direct dictionary sense corroborated — Kaikki+ReadUrdu+word2word

Sources:
- wordfreq Urdu — Unicode multi-corpus frequency ordering
- Kaikki/Wiktextract — bilingual lexicographic evidence
- ReadUrdu — independent Urdu-English bilingual evidence
- word2word — independent corpus-derived bilingual evidence"
فلسطینی,"Rank: 1585

Meaning: Palestinian

Frequency evidence: wordfreq Zipf 4.68
Frequency source: wordfreq Urdu multi-corpus ranking

Semantic verification: direct dictionary sense corroborated — ReadUrdu+word2word

Sources:
- wordfreq Urdu — Unicode multi-corpus frequency ordering
- Kaikki/Wiktextract — bilingual lexicographic evidence
- ReadUrdu — independent Urdu-English bilingual evidence
- word2word — independent corpus-derived bilingual evidence"
قول,"Rank: 1586

Meaning: word of honour; vow

Frequency evidence: wordfreq Zipf 4.68
Frequency source: wordfreq Urdu multi-corpus ranking

Semantic verification: direct dictionary sense corroborated — Kaikki+ReadUrdu

Sources:
- wordfreq Urdu — Unicode multi-corpus frequency ordering
- Kaikki/Wiktextract — bilingual lexicographic evidence
- ReadUrdu — independent Urdu-English bilingual evidence
- word2word — independent corpus-derived bilingual evidence"
قیمتی,"Rank: 1587

Meaning: valuable; precious

Frequency evidence: wordfreq Zipf 4.68
Frequency source: wordfreq Urdu multi-corpus ranking

Semantic verification: direct dictionary sense corroborated — Kaikki+ReadUrdu+word2word

Sources:
- wordfreq Urdu — Unicode multi-corpus frequency ordering
- Kaikki/Wiktextract — bilingual lexicographic evidence
- ReadUrdu — independent Urdu-English bilingual evidence
- word2word — independent corpus-derived bilingual evidence"
منع,"Rank: 1588

Meaning: not allowed; prohibited

Frequency evidence: wordfreq Zipf 4.68
Frequency source: wordfreq Urdu multi-corpus ranking

Semantic verification: direct dictionary sense corroborated — Kaikki+ReadUrdu

Sources:
- wordfreq Urdu — Unicode multi-corpus frequency ordering
- Kaikki/Wiktextract — bilingual lexicographic evidence
- ReadUrdu — independent Urdu-English bilingual evidence
- word2word — independent corpus-derived bilingual evidence"
مکان,"Rank: 1589

Meaning: house; space

Frequency evidence: wordfreq Zipf 4.68
Frequency source: wordfreq Urdu multi-corpus ranking

Semantic verification: direct dictionary sense corroborated — Kaikki+ReadUrdu

Sources:
- wordfreq Urdu — Unicode multi-corpus frequency ordering
- Kaikki/Wiktextract — bilingual lexicographic evidence
- ReadUrdu — independent Urdu-English bilingual evidence
- word2word — independent corpus-derived bilingual evidence"
نقطہ,"Rank: 1590

Meaning: point; dot

Frequency evidence: wordfreq Zipf 4.68
Frequency source: wordfreq Urdu multi-corpus ranking

Semantic verification: direct dictionary sense corroborated — Kaikki+ReadUrdu+word2word

Sources:
- wordfreq Urdu — Unicode multi-corpus frequency ordering
- Kaikki/Wiktextract — bilingual lexicographic evidence
- ReadUrdu — independent Urdu-English bilingual evidence
- word2word — independent corpus-derived bilingual evidence"
ارادہ,"Rank: 1591

Meaning: intention

Frequency evidence: wordfreq Zipf 4.67
Frequency source: wordfreq Urdu multi-corpus ranking

Semantic verification: direct dictionary sense corroborated — Kaikki+ReadUrdu+word2word

Sources:
- wordfreq Urdu — Unicode multi-corpus frequency ordering
- Kaikki/Wiktextract — bilingual lexicographic evidence
- ReadUrdu — independent Urdu-English bilingual evidence
- word2word — independent corpus-derived bilingual evidence"
اہلیہ,"Rank: 1592

Meaning: wife; spouse

Frequency evidence: wordfreq Zipf 4.67
Frequency source: wordfreq Urdu multi-corpus ranking

Semantic verification: direct dictionary sense corroborated — Kaikki+ReadUrdu

Sources:
- wordfreq Urdu — Unicode multi-corpus frequency ordering
- Kaikki/Wiktextract — bilingual lexicographic evidence
- ReadUrdu — independent Urdu-English bilingual evidence
- word2word — independent corpus-derived bilingual evidence"
باد,"Rank: 1593

Meaning: air; wind

Frequency evidence: wordfreq Zipf 4.67
Frequency source: wordfreq Urdu multi-corpus ranking

Semantic verification: direct dictionary sense corroborated — Kaikki+ReadUrdu

Sources:
- wordfreq Urdu — Unicode multi-corpus frequency ordering
- Kaikki/Wiktextract — bilingual lexicographic evidence
- ReadUrdu — independent Urdu-English bilingual evidence
- word2word — independent corpus-derived bilingual evidence"
بھوک,"Rank: 1594

Meaning: appetite; hunger

Frequency evidence: wordfreq Zipf 4.67
Frequency source: wordfreq Urdu multi-corpus ranking

Semantic verification: direct dictionary sense corroborated — Kaikki+ReadUrdu

Sources:
- wordfreq Urdu — Unicode multi-corpus frequency ordering
- Kaikki/Wiktextract — bilingual lexicographic evidence
- ReadUrdu — independent Urdu-English bilingual evidence
- word2word — independent corpus-derived bilingual evidence"
دائیں,"Rank: 1595

Meaning: to the right

Frequency evidence: wordfreq Zipf 4.67
Frequency source: wordfreq Urdu multi-corpus ranking

Semantic verification: direct dictionary sense corroborated — ReadUrdu+word2word

Sources:
- wordfreq Urdu — Unicode multi-corpus frequency ordering
- Kaikki/Wiktextract — bilingual lexicographic evidence
- ReadUrdu — independent Urdu-English bilingual evidence
- word2word — independent corpus-derived bilingual evidence"
سبق,"Rank: 1596

Meaning: lesson

Frequency evidence: wordfreq Zipf 4.67
Frequency source: wordfreq Urdu multi-corpus ranking

Semantic verification: direct dictionary sense corroborated — Kaikki+ReadUrdu+word2word

Sources:
- wordfreq Urdu — Unicode multi-corpus frequency ordering
- Kaikki/Wiktextract — bilingual lexicographic evidence
- ReadUrdu — independent Urdu-English bilingual evidence
- word2word — independent corpus-derived bilingual evidence"
سماج,"Rank: 1597

Meaning: society; community

Frequency evidence: wordfreq Zipf 4.67
Frequency source: wordfreq Urdu multi-corpus ranking

Semantic verification: direct dictionary sense corroborated — Kaikki+ReadUrdu

Sources:
- wordfreq Urdu — Unicode multi-corpus frequency ordering
- Kaikki/Wiktextract — bilingual lexicographic evidence
- ReadUrdu — independent Urdu-English bilingual evidence
- word2word — independent corpus-derived bilingual evidence"
مانگ,"Rank: 1598

Meaning: ask; demand

Frequency evidence: wordfreq Zipf 4.67
Frequency source: wordfreq Urdu multi-corpus ranking

Semantic verification: direct dictionary sense corroborated — Kaikki+ReadUrdu

Sources:
- wordfreq Urdu — Unicode multi-corpus frequency ordering
- Kaikki/Wiktextract — bilingual lexicographic evidence
- ReadUrdu — independent Urdu-English bilingual evidence
- word2word — independent corpus-derived bilingual evidence"
ناجائز,"Rank: 1599

Meaning: illegal; unlawful

Frequency evidence: wordfreq Zipf 4.67
Frequency source: wordfreq Urdu multi-corpus ranking

Semantic verification: direct dictionary sense corroborated — Kaikki+ReadUrdu

Sources:
- wordfreq Urdu — Unicode multi-corpus frequency ordering
- Kaikki/Wiktextract — bilingual lexicographic evidence
- ReadUrdu — independent Urdu-English bilingual evidence
- word2word — independent corpus-derived bilingual evidence"
وقار,"Rank: 1600

Meaning: dignity

Frequency evidence: wordfreq Zipf 4.67
Frequency source: wordfreq Urdu multi-corpus ranking

Semantic verification: direct dictionary sense corroborated — Kaikki+ReadUrdu+word2word

Sources:
- wordfreq Urdu — Unicode multi-corpus frequency ordering
- Kaikki/Wiktextract — bilingual lexicographic evidence
- ReadUrdu — independent Urdu-English bilingual evidence
- word2word — independent corpus-derived bilingual evidence"
پھانسی,"Rank: 1601

Meaning: hanging; execution

Frequency evidence: wordfreq Zipf 4.67
Frequency source: wordfreq Urdu multi-corpus ranking

Semantic verification: direct dictionary sense corroborated — Kaikki+ReadUrdu+word2word

Sources:
- wordfreq Urdu — Unicode multi-corpus frequency ordering
- Kaikki/Wiktextract — bilingual lexicographic evidence
- ReadUrdu — independent Urdu-English bilingual evidence
- word2word — independent corpus-derived bilingual evidence"
پہاڑ,"Rank: 1602

Meaning: mountain

Frequency evidence: wordfreq Zipf 4.67
Frequency source: wordfreq Urdu multi-corpus ranking

Semantic verification: direct dictionary sense corroborated — Kaikki+ReadUrdu+word2word

Sources:
- wordfreq Urdu — Unicode multi-corpus frequency ordering
- Kaikki/Wiktextract — bilingual lexicographic evidence
- ReadUrdu — independent Urdu-English bilingual evidence
- word2word — independent corpus-derived bilingual evidence"
پینے,"Rank: 1603

Meaning: drink

Frequency evidence: wordfreq Zipf 4.67
Frequency source: wordfreq Urdu multi-corpus ranking

Semantic verification: direct dictionary sense corroborated — ReadUrdu+word2word

Sources:
- wordfreq Urdu — Unicode multi-corpus frequency ordering
- Kaikki/Wiktextract — bilingual lexicographic evidence
- ReadUrdu — independent Urdu-English bilingual evidence
- word2word — independent corpus-derived bilingual evidence"
اخبارات,"Rank: 1604

Meaning: press; newspapers

Frequency evidence: wordfreq Zipf 4.66
Frequency source: wordfreq Urdu multi-corpus ranking

Semantic verification: direct dictionary sense corroborated — Kaikki+ReadUrdu+word2word

Sources:
- wordfreq Urdu — Unicode multi-corpus frequency ordering
- Kaikki/Wiktextract — bilingual lexicographic evidence
- ReadUrdu — independent Urdu-English bilingual evidence
- word2word — independent corpus-derived bilingual evidence"
اعتراض,"Rank: 1605

Meaning: objection

Frequency evidence: wordfreq Zipf 4.66
Frequency source: wordfreq Urdu multi-corpus ranking

Semantic verification: direct dictionary sense corroborated — Kaikki+ReadUrdu

Sources:
- wordfreq Urdu — Unicode multi-corpus frequency ordering
- Kaikki/Wiktextract — bilingual lexicographic evidence
- ReadUrdu — independent Urdu-English bilingual evidence
- word2word — independent corpus-derived bilingual evidence"
باہمی,"Rank: 1606

Meaning: mutual; shared

Frequency evidence: wordfreq Zipf 4.66
Frequency source: wordfreq Urdu multi-corpus ranking

Semantic verification: direct dictionary sense corroborated — Kaikki+ReadUrdu+word2word

Sources:
- wordfreq Urdu — Unicode multi-corpus frequency ordering
- Kaikki/Wiktextract — bilingual lexicographic evidence
- ReadUrdu — independent Urdu-English bilingual evidence
- word2word — independent corpus-derived bilingual evidence"
ثقافت,"Rank: 1607

Meaning: culture

Frequency evidence: wordfreq Zipf 4.66
Frequency source: wordfreq Urdu multi-corpus ranking

Semantic verification: direct dictionary sense corroborated — Kaikki+ReadUrdu+word2word

Sources:
- wordfreq Urdu — Unicode multi-corpus frequency ordering
- Kaikki/Wiktextract — bilingual lexicographic evidence
- ReadUrdu — independent Urdu-English bilingual evidence
- word2word — independent corpus-derived bilingual evidence"
جمہوریہ,"Rank: 1608

Meaning: republic

Frequency evidence: wordfreq Zipf 4.66
Frequency source: wordfreq Urdu multi-corpus ranking

Semantic verification: direct dictionary sense corroborated — Kaikki+ReadUrdu+word2word

Sources:
- wordfreq Urdu — Unicode multi-corpus frequency ordering
- Kaikki/Wiktextract — bilingual lexicographic evidence
- ReadUrdu — independent Urdu-English bilingual evidence
- word2word — independent corpus-derived bilingual evidence"
خارج,"Rank: 1609

Meaning: outside; exterior

Frequency evidence: wordfreq Zipf 4.66
Frequency source: wordfreq Urdu multi-corpus ranking

Semantic verification: direct dictionary sense corroborated — Kaikki+ReadUrdu

Sources:
- wordfreq Urdu — Unicode multi-corpus frequency ordering
- Kaikki/Wiktextract — bilingual lexicographic evidence
- ReadUrdu — independent Urdu-English bilingual evidence
- word2word — independent corpus-derived bilingual evidence"
دکھا,"Rank: 1610

Meaning: showing

Frequency evidence: wordfreq Zipf 4.66
Frequency source: wordfreq Urdu multi-corpus ranking

Semantic verification: direct dictionary sense corroborated — ReadUrdu+word2word

Sources:
- wordfreq Urdu — Unicode multi-corpus frequency ordering
- Kaikki/Wiktextract — bilingual lexicographic evidence
- ReadUrdu — independent Urdu-English bilingual evidence
- word2word — independent corpus-derived bilingual evidence"
روٹی,"Rank: 1611

Meaning: bread

Frequency evidence: wordfreq Zipf 4.66
Frequency source: wordfreq Urdu multi-corpus ranking

Semantic verification: direct dictionary sense corroborated — Kaikki+ReadUrdu+word2word

Sources:
- wordfreq Urdu — Unicode multi-corpus frequency ordering
- Kaikki/Wiktextract — bilingual lexicographic evidence
- ReadUrdu — independent Urdu-English bilingual evidence
- word2word — independent corpus-derived bilingual evidence"
سرور,"Rank: 1612

Meaning: joy; delight

Frequency evidence: wordfreq Zipf 4.66
Frequency source: wordfreq Urdu multi-corpus ranking

Semantic verification: direct dictionary sense corroborated — Kaikki+ReadUrdu

Sources:
- wordfreq Urdu — Unicode multi-corpus frequency ordering
- Kaikki/Wiktextract — bilingual lexicographic evidence
- ReadUrdu — independent Urdu-English bilingual evidence
- word2word — independent corpus-derived bilingual evidence"
صحافت,"Rank: 1613

Meaning: journalism

Frequency evidence: wordfreq Zipf 4.66
Frequency source: wordfreq Urdu multi-corpus ranking

Semantic verification: direct dictionary sense corroborated — Kaikki+ReadUrdu

Sources:
- wordfreq Urdu — Unicode multi-corpus frequency ordering
- Kaikki/Wiktextract — bilingual lexicographic evidence
- ReadUrdu — independent Urdu-English bilingual evidence
- word2word — independent corpus-derived bilingual evidence"
غائب,"Rank: 1614

Meaning: future; hidden

Frequency evidence: wordfreq Zipf 4.66
Frequency source: wordfreq Urdu multi-corpus ranking

Semantic verification: direct dictionary sense corroborated — Kaikki+ReadUrdu

Sources:
- wordfreq Urdu — Unicode multi-corpus frequency ordering
- Kaikki/Wiktextract — bilingual lexicographic evidence
- ReadUrdu — independent Urdu-English bilingual evidence
- word2word — independent corpus-derived bilingual evidence"
لکڑی,"Rank: 1615

Meaning: wood; stick

Frequency evidence: wordfreq Zipf 4.66
Frequency source: wordfreq Urdu multi-corpus ranking

Semantic verification: direct dictionary sense corroborated — Kaikki+ReadUrdu+word2word

Sources:
- wordfreq Urdu — Unicode multi-corpus frequency ordering
- Kaikki/Wiktextract — bilingual lexicographic evidence
- ReadUrdu — independent Urdu-English bilingual evidence
- word2word — independent corpus-derived bilingual evidence"
مزاحمت,"Rank: 1616

Meaning: resistance; opposition

Frequency evidence: wordfreq Zipf 4.66
Frequency source: wordfreq Urdu multi-corpus ranking

Semantic verification: direct dictionary sense corroborated — Kaikki+ReadUrdu+word2word

Sources:
- wordfreq Urdu — Unicode multi-corpus frequency ordering
- Kaikki/Wiktextract — bilingual lexicographic evidence
- ReadUrdu — independent Urdu-English bilingual evidence
- word2word — independent corpus-derived bilingual evidence"
نامعلوم,"Rank: 1617

Meaning: unknown; unfamiliar

Frequency evidence: wordfreq Zipf 4.66
Frequency source: wordfreq Urdu multi-corpus ranking

Semantic verification: direct dictionary sense corroborated — Kaikki+ReadUrdu+word2word

Sources:
- wordfreq Urdu — Unicode multi-corpus frequency ordering
- Kaikki/Wiktextract — bilingual lexicographic evidence
- ReadUrdu — independent Urdu-English bilingual evidence
- word2word — independent corpus-derived bilingual evidence"
نمونہ,"Rank: 1618

Meaning: sample; example

Frequency evidence: wordfreq Zipf 4.66
Frequency source: wordfreq Urdu multi-corpus ranking

Semantic verification: direct dictionary sense corroborated — Kaikki+ReadUrdu+word2word

Sources:
- wordfreq Urdu — Unicode multi-corpus frequency ordering
- Kaikki/Wiktextract — bilingual lexicographic evidence
- ReadUrdu — independent Urdu-English bilingual evidence
- word2word — independent corpus-derived bilingual evidence"
نیکی,"Rank: 1619

Meaning: goodness; virtue

Frequency evidence: wordfreq Zipf 4.66
Frequency source: wordfreq Urdu multi-corpus ranking

Semantic verification: direct dictionary sense corroborated — Kaikki+ReadUrdu+word2word

Sources:
- wordfreq Urdu — Unicode multi-corpus frequency ordering
- Kaikki/Wiktextract — bilingual lexicographic evidence
- ReadUrdu — independent Urdu-English bilingual evidence
- word2word — independent corpus-derived bilingual evidence"
پردیش,"Rank: 1620

Meaning: foreign land; province

Frequency evidence: wordfreq Zipf 4.66
Frequency source: wordfreq Urdu multi-corpus ranking

Semantic verification: direct dictionary sense corroborated — Kaikki+ReadUrdu

Sources:
- wordfreq Urdu — Unicode multi-corpus frequency ordering
- Kaikki/Wiktextract — bilingual lexicographic evidence
- ReadUrdu — independent Urdu-English bilingual evidence
- word2word — independent corpus-derived bilingual evidence"
چالیس,"Rank: 1621

Meaning: forty

Frequency evidence: wordfreq Zipf 4.66
Frequency source: wordfreq Urdu multi-corpus ranking

Semantic verification: direct dictionary sense corroborated — Kaikki+word2word

Sources:
- wordfreq Urdu — Unicode multi-corpus frequency ordering
- Kaikki/Wiktextract — bilingual lexicographic evidence
- ReadUrdu — independent Urdu-English bilingual evidence
- word2word — independent corpus-derived bilingual evidence"
گلی,"Rank: 1622

Meaning: lane

Frequency evidence: wordfreq Zipf 4.66
Frequency source: wordfreq Urdu multi-corpus ranking

Semantic verification: direct dictionary sense corroborated — ReadUrdu+word2word

Sources:
- wordfreq Urdu — Unicode multi-corpus frequency ordering
- Kaikki/Wiktextract — bilingual lexicographic evidence
- ReadUrdu — independent Urdu-English bilingual evidence
- word2word — independent corpus-derived bilingual evidence"
گولی,"Rank: 1623

Meaning: small ball; bullet

Frequency evidence: wordfreq Zipf 4.66
Frequency source: wordfreq Urdu multi-corpus ranking

Semantic verification: direct dictionary sense corroborated — Kaikki+ReadUrdu+word2word

Sources:
- wordfreq Urdu — Unicode multi-corpus frequency ordering
- Kaikki/Wiktextract — bilingual lexicographic evidence
- ReadUrdu — independent Urdu-English bilingual evidence
- word2word — independent corpus-derived bilingual evidence"
احکام,"Rank: 1624

Meaning: commands

Frequency evidence: wordfreq Zipf 4.65
Frequency source: wordfreq Urdu multi-corpus ranking

Semantic verification: direct dictionary sense corroborated — ReadUrdu+word2word

Sources:
- wordfreq Urdu — Unicode multi-corpus frequency ordering
- Kaikki/Wiktextract — bilingual lexicographic evidence
- ReadUrdu — independent Urdu-English bilingual evidence
- word2word — independent corpus-derived bilingual evidence"
بنتی,"Rank: 1625

Meaning: request; apology

Frequency evidence: wordfreq Zipf 4.65
Frequency source: wordfreq Urdu multi-corpus ranking

Semantic verification: direct dictionary sense corroborated — Kaikki+ReadUrdu

Sources:
- wordfreq Urdu — Unicode multi-corpus frequency ordering
- Kaikki/Wiktextract — bilingual lexicographic evidence
- ReadUrdu — independent Urdu-English bilingual evidence
- word2word — independent corpus-derived bilingual evidence"
جہلم,"Rank: 1626

Meaning: Jhelum

Frequency evidence: wordfreq Zipf 4.65
Frequency source: wordfreq Urdu multi-corpus ranking

Semantic verification: direct dictionary sense corroborated — Kaikki+ReadUrdu

Sources:
- wordfreq Urdu — Unicode multi-corpus frequency ordering
- Kaikki/Wiktextract — bilingual lexicographic evidence
- ReadUrdu — independent Urdu-English bilingual evidence
- word2word — independent corpus-derived bilingual evidence"
حلال,"Rank: 1627

Meaning: halal; rightful

Frequency evidence: wordfreq Zipf 4.65
Frequency source: wordfreq Urdu multi-corpus ranking

Semantic verification: direct dictionary sense corroborated — Kaikki+ReadUrdu

Sources:
- wordfreq Urdu — Unicode multi-corpus frequency ordering
- Kaikki/Wiktextract — bilingual lexicographic evidence
- ReadUrdu — independent Urdu-English bilingual evidence
- word2word — independent corpus-derived bilingual evidence"
دست,"Rank: 1628

Meaning: hand; power

Frequency evidence: wordfreq Zipf 4.65
Frequency source: wordfreq Urdu multi-corpus ranking

Semantic verification: direct dictionary sense corroborated — Kaikki+ReadUrdu

Sources:
- wordfreq Urdu — Unicode multi-corpus frequency ordering
- Kaikki/Wiktextract — bilingual lexicographic evidence
- ReadUrdu — independent Urdu-English bilingual evidence
- word2word — independent corpus-derived bilingual evidence"
شرط,"Rank: 1629

Meaning: bet; condition

Frequency evidence: wordfreq Zipf 4.65
Frequency source: wordfreq Urdu multi-corpus ranking

Semantic verification: direct dictionary sense corroborated — Kaikki+ReadUrdu+word2word

Sources:
- wordfreq Urdu — Unicode multi-corpus frequency ordering
- Kaikki/Wiktextract — bilingual lexicographic evidence
- ReadUrdu — independent Urdu-English bilingual evidence
- word2word — independent corpus-derived bilingual evidence"
ضد,"Rank: 1630

Meaning: opposite; contrary

Frequency evidence: wordfreq Zipf 4.65
Frequency source: wordfreq Urdu multi-corpus ranking

Semantic verification: direct dictionary sense corroborated — Kaikki+ReadUrdu

Sources:
- wordfreq Urdu — Unicode multi-corpus frequency ordering
- Kaikki/Wiktextract — bilingual lexicographic evidence
- ReadUrdu — independent Urdu-English bilingual evidence
- word2word — independent corpus-derived bilingual evidence"
لڑنے,"Rank: 1631

Meaning: fight

Frequency evidence: wordfreq Zipf 4.65
Frequency source: wordfreq Urdu multi-corpus ranking

Semantic verification: direct dictionary sense corroborated — ReadUrdu+word2word

Sources:
- wordfreq Urdu — Unicode multi-corpus frequency ordering
- Kaikki/Wiktextract — bilingual lexicographic evidence
- ReadUrdu — independent Urdu-English bilingual evidence
- word2word — independent corpus-derived bilingual evidence"
پیغمبر,"Rank: 1632

Meaning: ambassador; prophet

Frequency evidence: wordfreq Zipf 4.65
Frequency source: wordfreq Urdu multi-corpus ranking

Semantic verification: direct dictionary sense corroborated — Kaikki+ReadUrdu

Sources:
- wordfreq Urdu — Unicode multi-corpus frequency ordering
- Kaikki/Wiktextract — bilingual lexicographic evidence
- ReadUrdu — independent Urdu-English bilingual evidence
- word2word — independent corpus-derived bilingual evidence"
کابل,"Rank: 1633

Meaning: Kabul

Frequency evidence: wordfreq Zipf 4.65
Frequency source: wordfreq Urdu multi-corpus ranking

Semantic verification: direct dictionary sense corroborated — Kaikki+ReadUrdu+word2word

Sources:
- wordfreq Urdu — Unicode multi-corpus frequency ordering
- Kaikki/Wiktextract — bilingual lexicographic evidence
- ReadUrdu — independent Urdu-English bilingual evidence
- word2word — independent corpus-derived bilingual evidence"
گوجرانوالہ,"Rank: 1634

Meaning: Gujranwala

Frequency evidence: wordfreq Zipf 4.65
Frequency source: wordfreq Urdu multi-corpus ranking

Semantic verification: direct dictionary sense corroborated — Kaikki+ReadUrdu

Sources:
- wordfreq Urdu — Unicode multi-corpus frequency ordering
- Kaikki/Wiktextract — bilingual lexicographic evidence
- ReadUrdu — independent Urdu-English bilingual evidence
- word2word — independent corpus-derived bilingual evidence"
ایوب,"Rank: 1635

Meaning: Job; Ayyub

Frequency evidence: wordfreq Zipf 4.64
Frequency source: wordfreq Urdu multi-corpus ranking

Semantic verification: direct dictionary sense corroborated — Kaikki+ReadUrdu

Sources:
- wordfreq Urdu — Unicode multi-corpus frequency ordering
- Kaikki/Wiktextract — bilingual lexicographic evidence
- ReadUrdu — independent Urdu-English bilingual evidence
- word2word — independent corpus-derived bilingual evidence"
بازو,"Rank: 1636

Meaning: arm; etc

Frequency evidence: wordfreq Zipf 4.64
Frequency source: wordfreq Urdu multi-corpus ranking

Semantic verification: direct dictionary sense corroborated — Kaikki+ReadUrdu+word2word

Sources:
- wordfreq Urdu — Unicode multi-corpus frequency ordering
- Kaikki/Wiktextract — bilingual lexicographic evidence
- ReadUrdu — independent Urdu-English bilingual evidence
- word2word — independent corpus-derived bilingual evidence"
بدن,"Rank: 1637

Meaning: body

Frequency evidence: wordfreq Zipf 4.64
Frequency source: wordfreq Urdu multi-corpus ranking

Semantic verification: direct dictionary sense corroborated — Kaikki+ReadUrdu+word2word

Sources:
- wordfreq Urdu — Unicode multi-corpus frequency ordering
- Kaikki/Wiktextract — bilingual lexicographic evidence
- ReadUrdu — independent Urdu-English bilingual evidence
- word2word — independent corpus-derived bilingual evidence"
تیسرا,"Rank: 1638

Meaning: third

Frequency evidence: wordfreq Zipf 4.64
Frequency source: wordfreq Urdu multi-corpus ranking

Semantic verification: direct dictionary sense corroborated — Kaikki+ReadUrdu+word2word

Sources:
- wordfreq Urdu — Unicode multi-corpus frequency ordering
- Kaikki/Wiktextract — bilingual lexicographic evidence
- ReadUrdu — independent Urdu-English bilingual evidence
- word2word — independent corpus-derived bilingual evidence"
حرف,"Rank: 1639

Meaning: letter; character

Frequency evidence: wordfreq Zipf 4.64
Frequency source: wordfreq Urdu multi-corpus ranking

Semantic verification: direct dictionary sense corroborated — Kaikki+ReadUrdu

Sources:
- wordfreq Urdu — Unicode multi-corpus frequency ordering
- Kaikki/Wiktextract — bilingual lexicographic evidence
- ReadUrdu — independent Urdu-English bilingual evidence
- word2word — independent corpus-derived bilingual evidence"
دائرہ,"Rank: 1640

Meaning: circle; reach

Frequency evidence: wordfreq Zipf 4.64
Frequency source: wordfreq Urdu multi-corpus ranking

Semantic verification: direct dictionary sense corroborated — Kaikki+ReadUrdu+word2word

Sources:
- wordfreq Urdu — Unicode multi-corpus frequency ordering
- Kaikki/Wiktextract — bilingual lexicographic evidence
- ReadUrdu — independent Urdu-English bilingual evidence
- word2word — independent corpus-derived bilingual evidence"
رکاوٹ,"Rank: 1641

Meaning: hitch

Frequency evidence: wordfreq Zipf 4.64
Frequency source: wordfreq Urdu multi-corpus ranking

Semantic verification: direct dictionary sense corroborated — Kaikki+word2word

Sources:
- wordfreq Urdu — Unicode multi-corpus frequency ordering
- Kaikki/Wiktextract — bilingual lexicographic evidence
- ReadUrdu — independent Urdu-English bilingual evidence
- word2word — independent corpus-derived bilingual evidence"
ظالم,"Rank: 1642

Meaning: cruel; oppressor

Frequency evidence: wordfreq Zipf 4.64
Frequency source: wordfreq Urdu multi-corpus ranking

Semantic verification: direct dictionary sense corroborated — Kaikki+ReadUrdu+word2word

Sources:
- wordfreq Urdu — Unicode multi-corpus frequency ordering
- Kaikki/Wiktextract — bilingual lexicographic evidence
- ReadUrdu — independent Urdu-English bilingual evidence
- word2word — independent corpus-derived bilingual evidence"
غرض,"Rank: 1643

Meaning: in short; in summary

Frequency evidence: wordfreq Zipf 4.64
Frequency source: wordfreq Urdu multi-corpus ranking

Semantic verification: direct dictionary sense corroborated — Kaikki+ReadUrdu

Sources:
- wordfreq Urdu — Unicode multi-corpus frequency ordering
- Kaikki/Wiktextract — bilingual lexicographic evidence
- ReadUrdu — independent Urdu-English bilingual evidence
- word2word — independent corpus-derived bilingual evidence"
فعل,"Rank: 1644

Meaning: act; action

Frequency evidence: wordfreq Zipf 4.64
Frequency source: wordfreq Urdu multi-corpus ranking

Semantic verification: direct dictionary sense corroborated — Kaikki+ReadUrdu

Sources:
- wordfreq Urdu — Unicode multi-corpus frequency ordering
- Kaikki/Wiktextract — bilingual lexicographic evidence
- ReadUrdu — independent Urdu-English bilingual evidence
- word2word — independent corpus-derived bilingual evidence"
قدرت,"Rank: 1645

Meaning: nature; power

Frequency evidence: wordfreq Zipf 4.64
Frequency source: wordfreq Urdu multi-corpus ranking

Semantic verification: direct dictionary sense corroborated — Kaikki+ReadUrdu+word2word

Sources:
- wordfreq Urdu — Unicode multi-corpus frequency ordering
- Kaikki/Wiktextract — bilingual lexicographic evidence
- ReadUrdu — independent Urdu-English bilingual evidence
- word2word — independent corpus-derived bilingual evidence"
قطر,"Rank: 1646

Meaning: Qatar

Frequency evidence: wordfreq Zipf 4.64
Frequency source: wordfreq Urdu multi-corpus ranking

Semantic verification: direct dictionary sense corroborated — Kaikki+ReadUrdu

Sources:
- wordfreq Urdu — Unicode multi-corpus frequency ordering
- Kaikki/Wiktextract — bilingual lexicographic evidence
- ReadUrdu — independent Urdu-English bilingual evidence
- word2word — independent corpus-derived bilingual evidence"
لاش,"Rank: 1647

Meaning: corpse

Frequency evidence: wordfreq Zipf 4.64
Frequency source: wordfreq Urdu multi-corpus ranking

Semantic verification: direct dictionary sense corroborated — Kaikki+ReadUrdu

Sources:
- wordfreq Urdu — Unicode multi-corpus frequency ordering
- Kaikki/Wiktextract — bilingual lexicographic evidence
- ReadUrdu — independent Urdu-English bilingual evidence
- word2word — independent corpus-derived bilingual evidence"
مجموعہ,"Rank: 1648

Meaning: a collection

Frequency evidence: wordfreq Zipf 4.64
Frequency source: wordfreq Urdu multi-corpus ranking

Semantic verification: direct dictionary sense corroborated — ReadUrdu+word2word

Sources:
- wordfreq Urdu — Unicode multi-corpus frequency ordering
- Kaikki/Wiktextract — bilingual lexicographic evidence
- ReadUrdu — independent Urdu-English bilingual evidence
- word2word — independent corpus-derived bilingual evidence"
مذاق,"Rank: 1649

Meaning: fun; joke

Frequency evidence: wordfreq Zipf 4.64
Frequency source: wordfreq Urdu multi-corpus ranking

Semantic verification: direct dictionary sense corroborated — Kaikki+ReadUrdu+word2word

Sources:
- wordfreq Urdu — Unicode multi-corpus frequency ordering
- Kaikki/Wiktextract — bilingual lexicographic evidence
- ReadUrdu — independent Urdu-English bilingual evidence
- word2word — independent corpus-derived bilingual evidence"
مستحکم,"Rank: 1650

Meaning: stable; firm

Frequency evidence: wordfreq Zipf 4.64
Frequency source: wordfreq Urdu multi-corpus ranking

Semantic verification: direct dictionary sense corroborated — Kaikki+ReadUrdu+word2word

Sources:
- wordfreq Urdu — Unicode multi-corpus frequency ordering
- Kaikki/Wiktextract — bilingual lexicographic evidence
- ReadUrdu — independent Urdu-English bilingual evidence
- word2word — independent corpus-derived bilingual evidence"
کثرت,"Rank: 1651

Meaning: plenty; excess

Frequency evidence: wordfreq Zipf 4.64
Frequency source: wordfreq Urdu multi-corpus ranking

Semantic verification: direct dictionary sense corroborated — Kaikki+ReadUrdu

Sources:
- wordfreq Urdu — Unicode multi-corpus frequency ordering
- Kaikki/Wiktextract — bilingual lexicographic evidence
- ReadUrdu — independent Urdu-English bilingual evidence
- word2word — independent corpus-derived bilingual evidence"
گیم,"Rank: 1652

Meaning: game

Frequency evidence: wordfreq Zipf 4.64
Frequency source: wordfreq Urdu multi-corpus ranking

Semantic verification: direct dictionary sense corroborated — ReadUrdu+word2word

Sources:
- wordfreq Urdu — Unicode multi-corpus frequency ordering
- Kaikki/Wiktextract — bilingual lexicographic evidence
- ReadUrdu — independent Urdu-English bilingual evidence
- word2word — independent corpus-derived bilingual evidence"
جشن,"Rank: 1653

Meaning: celebration; festival

Frequency evidence: wordfreq Zipf 4.63
Frequency source: wordfreq Urdu multi-corpus ranking

Semantic verification: direct dictionary sense corroborated — Kaikki+ReadUrdu+word2word

Sources:
- wordfreq Urdu — Unicode multi-corpus frequency ordering
- Kaikki/Wiktextract — bilingual lexicographic evidence
- ReadUrdu — independent Urdu-English bilingual evidence
- word2word — independent corpus-derived bilingual evidence"
جل,"Rank: 1654

Meaning: water

Frequency evidence: wordfreq Zipf 4.63
Frequency source: wordfreq Urdu multi-corpus ranking

Semantic verification: direct dictionary sense corroborated — Kaikki+ReadUrdu

Sources:
- wordfreq Urdu — Unicode multi-corpus frequency ordering
- Kaikki/Wiktextract — bilingual lexicographic evidence
- ReadUrdu — independent Urdu-English bilingual evidence
- word2word — independent corpus-derived bilingual evidence"
جوڑ,"Rank: 1655

Meaning: join; connect

Frequency evidence: wordfreq Zipf 4.63
Frequency source: wordfreq Urdu multi-corpus ranking

Semantic verification: direct dictionary sense corroborated — Kaikki+ReadUrdu

Sources:
- wordfreq Urdu — Unicode multi-corpus frequency ordering
- Kaikki/Wiktextract — bilingual lexicographic evidence
- ReadUrdu — independent Urdu-English bilingual evidence
- word2word — independent corpus-derived bilingual evidence"
دامن,"Rank: 1656

Meaning: hem of a garment

Frequency evidence: wordfreq Zipf 4.63
Frequency source: wordfreq Urdu multi-corpus ranking

Semantic verification: direct dictionary sense corroborated — Kaikki+ReadUrdu

Sources:
- wordfreq Urdu — Unicode multi-corpus frequency ordering
- Kaikki/Wiktextract — bilingual lexicographic evidence
- ReadUrdu — independent Urdu-English bilingual evidence
- word2word — independent corpus-derived bilingual evidence"
سمجھے,"Rank: 1657

Meaning: understand

Frequency evidence: wordfreq Zipf 4.63
Frequency source: wordfreq Urdu multi-corpus ranking

Semantic verification: direct dictionary sense corroborated — ReadUrdu+word2word

Sources:
- wordfreq Urdu — Unicode multi-corpus frequency ordering
- Kaikki/Wiktextract — bilingual lexicographic evidence
- ReadUrdu — independent Urdu-English bilingual evidence
- word2word — independent corpus-derived bilingual evidence"
سندھی,"Rank: 1658

Meaning: Sindhi

Frequency evidence: wordfreq Zipf 4.63
Frequency source: wordfreq Urdu multi-corpus ranking

Semantic verification: direct dictionary sense corroborated — Kaikki+ReadUrdu

Sources:
- wordfreq Urdu — Unicode multi-corpus frequency ordering
- Kaikki/Wiktextract — bilingual lexicographic evidence
- ReadUrdu — independent Urdu-English bilingual evidence
- word2word — independent corpus-derived bilingual evidence"
شمال,"Rank: 1659

Meaning: north

Frequency evidence: wordfreq Zipf 4.63
Frequency source: wordfreq Urdu multi-corpus ranking

Semantic verification: direct dictionary sense corroborated — Kaikki+ReadUrdu+word2word

Sources:
- wordfreq Urdu — Unicode multi-corpus frequency ordering
- Kaikki/Wiktextract — bilingual lexicographic evidence
- ReadUrdu — independent Urdu-English bilingual evidence
- word2word — independent corpus-derived bilingual evidence"
طاقتور,"Rank: 1660

Meaning: strong; powerful

Frequency evidence: wordfreq Zipf 4.63
Frequency source: wordfreq Urdu multi-corpus ranking

Semantic verification: direct dictionary sense corroborated — Kaikki+ReadUrdu+word2word

Sources:
- wordfreq Urdu — Unicode multi-corpus frequency ordering
- Kaikki/Wiktextract — bilingual lexicographic evidence
- ReadUrdu — independent Urdu-English bilingual evidence
- word2word — independent corpus-derived bilingual evidence"
طبیعت,"Rank: 1661

Meaning: nature; intrinsic quality

Frequency evidence: wordfreq Zipf 4.63
Frequency source: wordfreq Urdu multi-corpus ranking

Semantic verification: direct dictionary sense corroborated — Kaikki+ReadUrdu

Sources:
- wordfreq Urdu — Unicode multi-corpus frequency ordering
- Kaikki/Wiktextract — bilingual lexicographic evidence
- ReadUrdu — independent Urdu-English bilingual evidence
- word2word — independent corpus-derived bilingual evidence"
قربان,"Rank: 1662

Meaning: sacrifice; giving up

Frequency evidence: wordfreq Zipf 4.63
Frequency source: wordfreq Urdu multi-corpus ranking

Semantic verification: direct dictionary sense corroborated — Kaikki+ReadUrdu+word2word

Sources:
- wordfreq Urdu — Unicode multi-corpus frequency ordering
- Kaikki/Wiktextract — bilingual lexicographic evidence
- ReadUrdu — independent Urdu-English bilingual evidence
- word2word — independent corpus-derived bilingual evidence"
معیاری,"Rank: 1663

Meaning: standard; qualitative

Frequency evidence: wordfreq Zipf 4.63
Frequency source: wordfreq Urdu multi-corpus ranking

Semantic verification: direct dictionary sense corroborated — Kaikki+ReadUrdu+word2word

Sources:
- wordfreq Urdu — Unicode multi-corpus frequency ordering
- Kaikki/Wiktextract — bilingual lexicographic evidence
- ReadUrdu — independent Urdu-English bilingual evidence
- word2word — independent corpus-derived bilingual evidence"
ہندی,"Rank: 1664

Meaning: Indian

Frequency evidence: wordfreq Zipf 4.63
Frequency source: wordfreq Urdu multi-corpus ranking

Semantic verification: direct dictionary sense corroborated — Kaikki+ReadUrdu

Sources:
- wordfreq Urdu — Unicode multi-corpus frequency ordering
- Kaikki/Wiktextract — bilingual lexicographic evidence
- ReadUrdu — independent Urdu-English bilingual evidence
- word2word — independent corpus-derived bilingual evidence"
آفیسر,"Rank: 1665

Meaning: officer

Frequency evidence: wordfreq Zipf 4.62
Frequency source: wordfreq Urdu multi-corpus ranking

Semantic verification: direct dictionary sense corroborated — Kaikki+ReadUrdu+word2word

Sources:
- wordfreq Urdu — Unicode multi-corpus frequency ordering
- Kaikki/Wiktextract — bilingual lexicographic evidence
- ReadUrdu — independent Urdu-English bilingual evidence
- word2word — independent corpus-derived bilingual evidence"
اولین,"Rank: 1666

Meaning: foremost; very first

Frequency evidence: wordfreq Zipf 4.62
Frequency source: wordfreq Urdu multi-corpus ranking

Semantic verification: direct dictionary sense corroborated — Kaikki+ReadUrdu+word2word

Sources:
- wordfreq Urdu — Unicode multi-corpus frequency ordering
- Kaikki/Wiktextract — bilingual lexicographic evidence
- ReadUrdu — independent Urdu-English bilingual evidence
- word2word — independent corpus-derived bilingual evidence"
بحران,"Rank: 1667

Meaning: crisis; delirium

Frequency evidence: wordfreq Zipf 4.62
Frequency source: wordfreq Urdu multi-corpus ranking

Semantic verification: direct dictionary sense corroborated — Kaikki+ReadUrdu+word2word

Sources:
- wordfreq Urdu — Unicode multi-corpus frequency ordering
- Kaikki/Wiktextract — bilingual lexicographic evidence
- ReadUrdu — independent Urdu-English bilingual evidence
- word2word — independent corpus-derived bilingual evidence"
تخت,"Rank: 1668

Meaning: throne

Frequency evidence: wordfreq Zipf 4.62
Frequency source: wordfreq Urdu multi-corpus ranking

Semantic verification: direct dictionary sense corroborated — Kaikki+ReadUrdu+word2word

Sources:
- wordfreq Urdu — Unicode multi-corpus frequency ordering
- Kaikki/Wiktextract — bilingual lexicographic evidence
- ReadUrdu — independent Urdu-English bilingual evidence
- word2word — independent corpus-derived bilingual evidence"
رواں,"Rank: 1669

Meaning: well-versed; flowing

Frequency evidence: wordfreq Zipf 4.62
Frequency source: wordfreq Urdu multi-corpus ranking

Semantic verification: direct dictionary sense corroborated — Kaikki+ReadUrdu

Sources:
- wordfreq Urdu — Unicode multi-corpus frequency ordering
- Kaikki/Wiktextract — bilingual lexicographic evidence
- ReadUrdu — independent Urdu-English bilingual evidence
- word2word — independent corpus-derived bilingual evidence"
سفارت,"Rank: 1670

Meaning: embassy; diplomacy

Frequency evidence: wordfreq Zipf 4.62
Frequency source: wordfreq Urdu multi-corpus ranking

Semantic verification: direct dictionary sense corroborated — Kaikki+ReadUrdu+word2word

Sources:
- wordfreq Urdu — Unicode multi-corpus frequency ordering
- Kaikki/Wiktextract — bilingual lexicographic evidence
- ReadUrdu — independent Urdu-English bilingual evidence
- word2word — independent corpus-derived bilingual evidence"
سہارا,"Rank: 1671

Meaning: support; help

Frequency evidence: wordfreq Zipf 4.62
Frequency source: wordfreq Urdu multi-corpus ranking

Semantic verification: direct dictionary sense corroborated — Kaikki+ReadUrdu

Sources:
- wordfreq Urdu — Unicode multi-corpus frequency ordering
- Kaikki/Wiktextract — bilingual lexicographic evidence
- ReadUrdu — independent Urdu-English bilingual evidence
- word2word — independent corpus-derived bilingual evidence"
طلاق,"Rank: 1672

Meaning: divorce

Frequency evidence: wordfreq Zipf 4.62
Frequency source: wordfreq Urdu multi-corpus ranking

Semantic verification: direct dictionary sense corroborated — Kaikki+ReadUrdu+word2word

Sources:
- wordfreq Urdu — Unicode multi-corpus frequency ordering
- Kaikki/Wiktextract — bilingual lexicographic evidence
- ReadUrdu — independent Urdu-English bilingual evidence
- word2word — independent corpus-derived bilingual evidence"
ظہور,"Rank: 1673

Meaning: emergence; arising

Frequency evidence: wordfreq Zipf 4.62
Frequency source: wordfreq Urdu multi-corpus ranking

Semantic verification: direct dictionary sense corroborated — Kaikki+ReadUrdu

Sources:
- wordfreq Urdu — Unicode multi-corpus frequency ordering
- Kaikki/Wiktextract — bilingual lexicographic evidence
- ReadUrdu — independent Urdu-English bilingual evidence
- word2word — independent corpus-derived bilingual evidence"
فساد,"Rank: 1674

Meaning: riot; feud

Frequency evidence: wordfreq Zipf 4.62
Frequency source: wordfreq Urdu multi-corpus ranking

Semantic verification: direct dictionary sense corroborated — Kaikki+ReadUrdu

Sources:
- wordfreq Urdu — Unicode multi-corpus frequency ordering
- Kaikki/Wiktextract — bilingual lexicographic evidence
- ReadUrdu — independent Urdu-English bilingual evidence
- word2word — independent corpus-derived bilingual evidence"
ملاحظہ,"Rank: 1675

Meaning: attention; regard

Frequency evidence: wordfreq Zipf 4.62
Frequency source: wordfreq Urdu multi-corpus ranking

Semantic verification: direct dictionary sense corroborated — Kaikki+ReadUrdu

Sources:
- wordfreq Urdu — Unicode multi-corpus frequency ordering
- Kaikki/Wiktextract — bilingual lexicographic evidence
- ReadUrdu — independent Urdu-English bilingual evidence
- word2word — independent corpus-derived bilingual evidence"
ٹرین,"Rank: 1676

Meaning: train

Frequency evidence: wordfreq Zipf 4.62
Frequency source: wordfreq Urdu multi-corpus ranking

Semantic verification: direct dictionary sense corroborated — ReadUrdu+word2word

Sources:
- wordfreq Urdu — Unicode multi-corpus frequency ordering
- Kaikki/Wiktextract — bilingual lexicographic evidence
- ReadUrdu — independent Urdu-English bilingual evidence
- word2word — independent corpus-derived bilingual evidence"
پورٹ,"Rank: 1677

Meaning: port

Frequency evidence: wordfreq Zipf 4.62
Frequency source: wordfreq Urdu multi-corpus ranking

Semantic verification: direct dictionary sense corroborated — ReadUrdu+word2word

Sources:
- wordfreq Urdu — Unicode multi-corpus frequency ordering
- Kaikki/Wiktextract — bilingual lexicographic evidence
- ReadUrdu — independent Urdu-English bilingual evidence
- word2word — independent corpus-derived bilingual evidence"
چوک,"Rank: 1678

Meaning: square; courtyard

Frequency evidence: wordfreq Zipf 4.62
Frequency source: wordfreq Urdu multi-corpus ranking

Semantic verification: direct dictionary sense corroborated — Kaikki+ReadUrdu+word2word

Sources:
- wordfreq Urdu — Unicode multi-corpus frequency ordering
- Kaikki/Wiktextract — bilingual lexicographic evidence
- ReadUrdu — independent Urdu-English bilingual evidence
- word2word — independent corpus-derived bilingual evidence"
گواہی,"Rank: 1679

Meaning: witness

Frequency evidence: wordfreq Zipf 4.62
Frequency source: wordfreq Urdu multi-corpus ranking

Semantic verification: direct dictionary sense corroborated — ReadUrdu+word2word

Sources:
- wordfreq Urdu — Unicode multi-corpus frequency ordering
- Kaikki/Wiktextract — bilingual lexicographic evidence
- ReadUrdu — independent Urdu-English bilingual evidence
- word2word — independent corpus-derived bilingual evidence"
ہارون,"Rank: 1680

Meaning: Aaron; Harun

Frequency evidence: wordfreq Zipf 4.62
Frequency source: wordfreq Urdu multi-corpus ranking

Semantic verification: direct dictionary sense corroborated — Kaikki+ReadUrdu

Sources:
- wordfreq Urdu — Unicode multi-corpus frequency ordering
- Kaikki/Wiktextract — bilingual lexicographic evidence
- ReadUrdu — independent Urdu-English bilingual evidence
- word2word — independent corpus-derived bilingual evidence"
آب,"Rank: 1681

Meaning: water; liquid

Frequency evidence: wordfreq Zipf 4.61
Frequency source: wordfreq Urdu multi-corpus ranking

Semantic verification: direct dictionary sense corroborated — Kaikki+ReadUrdu

Sources:
- wordfreq Urdu — Unicode multi-corpus frequency ordering
- Kaikki/Wiktextract — bilingual lexicographic evidence
- ReadUrdu — independent Urdu-English bilingual evidence
- word2word — independent corpus-derived bilingual evidence"
بالآخر,"Rank: 1682

Meaning: finally; at last

Frequency evidence: wordfreq Zipf 4.61
Frequency source: wordfreq Urdu multi-corpus ranking

Semantic verification: direct dictionary sense corroborated — Kaikki+ReadUrdu+word2word

Sources:
- wordfreq Urdu — Unicode multi-corpus frequency ordering
- Kaikki/Wiktextract — bilingual lexicographic evidence
- ReadUrdu — independent Urdu-English bilingual evidence
- word2word — independent corpus-derived bilingual evidence"
بجٹ,"Rank: 1683

Meaning: budget

Frequency evidence: wordfreq Zipf 4.61
Frequency source: wordfreq Urdu multi-corpus ranking

Semantic verification: direct dictionary sense corroborated — ReadUrdu+word2word

Sources:
- wordfreq Urdu — Unicode multi-corpus frequency ordering
- Kaikki/Wiktextract — bilingual lexicographic evidence
- ReadUrdu — independent Urdu-English bilingual evidence
- word2word — independent corpus-derived bilingual evidence"
تبصرہ,"Rank: 1684

Meaning: review; comment

Frequency evidence: wordfreq Zipf 4.61
Frequency source: wordfreq Urdu multi-corpus ranking

Semantic verification: direct dictionary sense corroborated — Kaikki+ReadUrdu

Sources:
- wordfreq Urdu — Unicode multi-corpus frequency ordering
- Kaikki/Wiktextract — bilingual lexicographic evidence
- ReadUrdu — independent Urdu-English bilingual evidence
- word2word — independent corpus-derived bilingual evidence"
داؤد,"Rank: 1685

Meaning: David; Dawood

Frequency evidence: wordfreq Zipf 4.61
Frequency source: wordfreq Urdu multi-corpus ranking

Semantic verification: direct dictionary sense corroborated — Kaikki+ReadUrdu

Sources:
- wordfreq Urdu — Unicode multi-corpus frequency ordering
- Kaikki/Wiktextract — bilingual lexicographic evidence
- ReadUrdu — independent Urdu-English bilingual evidence
- word2word — independent corpus-derived bilingual evidence"
سبز,"Rank: 1686

Meaning: green; raw

Frequency evidence: wordfreq Zipf 4.61
Frequency source: wordfreq Urdu multi-corpus ranking

Semantic verification: direct dictionary sense corroborated — Kaikki+ReadUrdu

Sources:
- wordfreq Urdu — Unicode multi-corpus frequency ordering
- Kaikki/Wiktextract — bilingual lexicographic evidence
- ReadUrdu — independent Urdu-English bilingual evidence
- word2word — independent corpus-derived bilingual evidence"
سوات,"Rank: 1687

Meaning: Swat

Frequency evidence: wordfreq Zipf 4.61
Frequency source: wordfreq Urdu multi-corpus ranking

Semantic verification: direct dictionary sense corroborated — ReadUrdu+word2word

Sources:
- wordfreq Urdu — Unicode multi-corpus frequency ordering
- Kaikki/Wiktextract — bilingual lexicographic evidence
- ReadUrdu — independent Urdu-English bilingual evidence
- word2word — independent corpus-derived bilingual evidence"
فطرت,"Rank: 1688

Meaning: nature; disposition

Frequency evidence: wordfreq Zipf 4.61
Frequency source: wordfreq Urdu multi-corpus ranking

Semantic verification: direct dictionary sense corroborated — Kaikki+ReadUrdu+word2word

Sources:
- wordfreq Urdu — Unicode multi-corpus frequency ordering
- Kaikki/Wiktextract — bilingual lexicographic evidence
- ReadUrdu — independent Urdu-English bilingual evidence
- word2word — independent corpus-derived bilingual evidence"
مایوس,"Rank: 1689

Meaning: despondent; downcast

Frequency evidence: wordfreq Zipf 4.61
Frequency source: wordfreq Urdu multi-corpus ranking

Semantic verification: direct dictionary sense corroborated — Kaikki+ReadUrdu

Sources:
- wordfreq Urdu — Unicode multi-corpus frequency ordering
- Kaikki/Wiktextract — bilingual lexicographic evidence
- ReadUrdu — independent Urdu-English bilingual evidence
- word2word — independent corpus-derived bilingual evidence"
مردہ,"Rank: 1690

Meaning: dead; deceased

Frequency evidence: wordfreq Zipf 4.61
Frequency source: wordfreq Urdu multi-corpus ranking

Semantic verification: direct dictionary sense corroborated — Kaikki+ReadUrdu+word2word

Sources:
- wordfreq Urdu — Unicode multi-corpus frequency ordering
- Kaikki/Wiktextract — bilingual lexicographic evidence
- ReadUrdu — independent Urdu-English bilingual evidence
- word2word — independent corpus-derived bilingual evidence"
منفرد,"Rank: 1691

Meaning: unique; apart

Frequency evidence: wordfreq Zipf 4.61
Frequency source: wordfreq Urdu multi-corpus ranking

Semantic verification: direct dictionary sense corroborated — Kaikki+ReadUrdu+word2word

Sources:
- wordfreq Urdu — Unicode multi-corpus frequency ordering
- Kaikki/Wiktextract — bilingual lexicographic evidence
- ReadUrdu — independent Urdu-English bilingual evidence
- word2word — independent corpus-derived bilingual evidence"
مہاجر,"Rank: 1692

Meaning: refugee; immigrant

Frequency evidence: wordfreq Zipf 4.61
Frequency source: wordfreq Urdu multi-corpus ranking

Semantic verification: direct dictionary sense corroborated — Kaikki+ReadUrdu

Sources:
- wordfreq Urdu — Unicode multi-corpus frequency ordering
- Kaikki/Wiktextract — bilingual lexicographic evidence
- ReadUrdu — independent Urdu-English bilingual evidence
- word2word — independent corpus-derived bilingual evidence"
نعرہ,"Rank: 1693

Meaning: battle cry; slogan

Frequency evidence: wordfreq Zipf 4.61
Frequency source: wordfreq Urdu multi-corpus ranking

Semantic verification: direct dictionary sense corroborated — Kaikki+ReadUrdu

Sources:
- wordfreq Urdu — Unicode multi-corpus frequency ordering
- Kaikki/Wiktextract — bilingual lexicographic evidence
- ReadUrdu — independent Urdu-English bilingual evidence
- word2word — independent corpus-derived bilingual evidence"
چور,"Rank: 1694

Meaning: thief; evil person

Frequency evidence: wordfreq Zipf 4.61
Frequency source: wordfreq Urdu multi-corpus ranking

Semantic verification: direct dictionary sense corroborated — Kaikki+ReadUrdu+word2word

Sources:
- wordfreq Urdu — Unicode multi-corpus frequency ordering
- Kaikki/Wiktextract — bilingual lexicographic evidence
- ReadUrdu — independent Urdu-English bilingual evidence
- word2word — independent corpus-derived bilingual evidence"
چکر,"Rank: 1695

Meaning: vertigo

Frequency evidence: wordfreq Zipf 4.61
Frequency source: wordfreq Urdu multi-corpus ranking

Semantic verification: direct dictionary sense corroborated — Kaikki+ReadUrdu

Sources:
- wordfreq Urdu — Unicode multi-corpus frequency ordering
- Kaikki/Wiktextract — bilingual lexicographic evidence
- ReadUrdu — independent Urdu-English bilingual evidence
- word2word — independent corpus-derived bilingual evidence"
ہوش,"Rank: 1696

Meaning: consciousness

Frequency evidence: wordfreq Zipf 4.61
Frequency source: wordfreq Urdu multi-corpus ranking

Semantic verification: direct dictionary sense corroborated — Kaikki+ReadUrdu+word2word

Sources:
- wordfreq Urdu — Unicode multi-corpus frequency ordering
- Kaikki/Wiktextract — bilingual lexicographic evidence
- ReadUrdu — independent Urdu-English bilingual evidence
- word2word — independent corpus-derived bilingual evidence"
ابتدا,"Rank: 1697

Meaning: beginning; initiation

Frequency evidence: wordfreq Zipf 4.60
Frequency source: wordfreq Urdu multi-corpus ranking

Semantic verification: direct dictionary sense corroborated — Kaikki+ReadUrdu+word2word

Sources:
- wordfreq Urdu — Unicode multi-corpus frequency ordering
- Kaikki/Wiktextract — bilingual lexicographic evidence
- ReadUrdu — independent Urdu-English bilingual evidence
- word2word — independent corpus-derived bilingual evidence"
بدترین,"Rank: 1698

Meaning: worst

Frequency evidence: wordfreq Zipf 4.60
Frequency source: wordfreq Urdu multi-corpus ranking

Semantic verification: direct dictionary sense corroborated — ReadUrdu+word2word

Sources:
- wordfreq Urdu — Unicode multi-corpus frequency ordering
- Kaikki/Wiktextract — bilingual lexicographic evidence
- ReadUrdu — independent Urdu-English bilingual evidence
- word2word — independent corpus-derived bilingual evidence"
دفن,"Rank: 1699

Meaning: burial; covering

Frequency evidence: wordfreq Zipf 4.60
Frequency source: wordfreq Urdu multi-corpus ranking

Semantic verification: direct dictionary sense corroborated — Kaikki+ReadUrdu+word2word

Sources:
- wordfreq Urdu — Unicode multi-corpus frequency ordering
- Kaikki/Wiktextract — bilingual lexicographic evidence
- ReadUrdu — independent Urdu-English bilingual evidence
- word2word — independent corpus-derived bilingual evidence"
راضی,"Rank: 1700

Meaning: pleased; content

Frequency evidence: wordfreq Zipf 4.60
Frequency source: wordfreq Urdu multi-corpus ranking

Semantic verification: direct dictionary sense corroborated — Kaikki+ReadUrdu+word2word

Sources:
- wordfreq Urdu — Unicode multi-corpus frequency ordering
- Kaikki/Wiktextract — bilingual lexicographic evidence
- ReadUrdu — independent Urdu-English bilingual evidence
- word2word — independent corpus-derived bilingual evidence"
ریڈیو,"Rank: 1701

Meaning: radio

Frequency evidence: wordfreq Zipf 4.60
Frequency source: wordfreq Urdu multi-corpus ranking

Semantic verification: direct dictionary sense corroborated — Kaikki+ReadUrdu+word2word

Sources:
- wordfreq Urdu — Unicode multi-corpus frequency ordering
- Kaikki/Wiktextract — bilingual lexicographic evidence
- ReadUrdu — independent Urdu-English bilingual evidence
- word2word — independent corpus-derived bilingual evidence"
سیاستدان,"Rank: 1702

Meaning: politician

Frequency evidence: wordfreq Zipf 4.60
Frequency source: wordfreq Urdu multi-corpus ranking

Semantic verification: direct dictionary sense corroborated — Kaikki+ReadUrdu

Sources:
- wordfreq Urdu — Unicode multi-corpus frequency ordering
- Kaikki/Wiktextract — bilingual lexicographic evidence
- ReadUrdu — independent Urdu-English bilingual evidence
- word2word — independent corpus-derived bilingual evidence"
سیرت,"Rank: 1703

Meaning: character; life history

Frequency evidence: wordfreq Zipf 4.60
Frequency source: wordfreq Urdu multi-corpus ranking

Semantic verification: direct dictionary sense corroborated — Kaikki+ReadUrdu

Sources:
- wordfreq Urdu — Unicode multi-corpus frequency ordering
- Kaikki/Wiktextract — bilingual lexicographic evidence
- ReadUrdu — independent Urdu-English bilingual evidence
- word2word — independent corpus-derived bilingual evidence"
قاری,"Rank: 1704

Meaning: reader

Frequency evidence: wordfreq Zipf 4.60
Frequency source: wordfreq Urdu multi-corpus ranking

Semantic verification: direct dictionary sense corroborated — Kaikki+ReadUrdu

Sources:
- wordfreq Urdu — Unicode multi-corpus frequency ordering
- Kaikki/Wiktextract — bilingual lexicographic evidence
- ReadUrdu — independent Urdu-English bilingual evidence
- word2word — independent corpus-derived bilingual evidence"
مبارکباد,"Rank: 1705

Meaning: congratulations

Frequency evidence: wordfreq Zipf 4.60
Frequency source: wordfreq Urdu multi-corpus ranking

Semantic verification: direct dictionary sense corroborated — Kaikki+word2word

Sources:
- wordfreq Urdu — Unicode multi-corpus frequency ordering
- Kaikki/Wiktextract — bilingual lexicographic evidence
- ReadUrdu — independent Urdu-English bilingual evidence
- word2word — independent corpus-derived bilingual evidence"
مقبولیت,"Rank: 1706

Meaning: popularity; orthodoxy

Frequency evidence: wordfreq Zipf 4.60
Frequency source: wordfreq Urdu multi-corpus ranking

Semantic verification: direct dictionary sense corroborated — Kaikki+ReadUrdu

Sources:
- wordfreq Urdu — Unicode multi-corpus frequency ordering
- Kaikki/Wiktextract — bilingual lexicographic evidence
- ReadUrdu — independent Urdu-English bilingual evidence
- word2word — independent corpus-derived bilingual evidence"
مہارت,"Rank: 1707

Meaning: skill; practice

Frequency evidence: wordfreq Zipf 4.60
Frequency source: wordfreq Urdu multi-corpus ranking

Semantic verification: direct dictionary sense corroborated — Kaikki+ReadUrdu+word2word

Sources:
- wordfreq Urdu — Unicode multi-corpus frequency ordering
- Kaikki/Wiktextract — bilingual lexicographic evidence
- ReadUrdu — independent Urdu-English bilingual evidence
- word2word — independent corpus-derived bilingual evidence"
چیت,"Rank: 1708

Meaning: Chaitra

Frequency evidence: wordfreq Zipf 4.60
Frequency source: wordfreq Urdu multi-corpus ranking

Semantic verification: direct dictionary sense corroborated — Kaikki+ReadUrdu

Sources:
- wordfreq Urdu — Unicode multi-corpus frequency ordering
- Kaikki/Wiktextract — bilingual lexicographic evidence
- ReadUrdu — independent Urdu-English bilingual evidence
- word2word — independent corpus-derived bilingual evidence"
گرام,"Rank: 1709

Meaning: gram

Frequency evidence: wordfreq Zipf 4.60
Frequency source: wordfreq Urdu multi-corpus ranking

Semantic verification: direct dictionary sense corroborated — Kaikki+ReadUrdu

Sources:
- wordfreq Urdu — Unicode multi-corpus frequency ordering
- Kaikki/Wiktextract — bilingual lexicographic evidence
- ReadUrdu — independent Urdu-English bilingual evidence
- word2word — independent corpus-derived bilingual evidence"
یسوع,"Rank: 1710

Meaning: Jesus; Jesus of Nazareth

Frequency evidence: wordfreq Zipf 4.60
Frequency source: wordfreq Urdu multi-corpus ranking

Semantic verification: direct dictionary sense corroborated — Kaikki+ReadUrdu+word2word

Sources:
- wordfreq Urdu — Unicode multi-corpus frequency ordering
- Kaikki/Wiktextract — bilingual lexicographic evidence
- ReadUrdu — independent Urdu-English bilingual evidence
- word2word — independent corpus-derived bilingual evidence"
آلات,"Rank: 1711

Meaning: Instruments

Frequency evidence: wordfreq Zipf 4.59
Frequency source: wordfreq Urdu multi-corpus ranking

Semantic verification: direct dictionary sense corroborated — ReadUrdu+word2word

Sources:
- wordfreq Urdu — Unicode multi-corpus frequency ordering
- Kaikki/Wiktextract — bilingual lexicographic evidence
- ReadUrdu — independent Urdu-English bilingual evidence
- word2word — independent corpus-derived bilingual evidence"
امارات,"Rank: 1712

Meaning: the Emirates

Frequency evidence: wordfreq Zipf 4.59
Frequency source: wordfreq Urdu multi-corpus ranking

Semantic verification: direct dictionary sense corroborated — Kaikki+word2word

Sources:
- wordfreq Urdu — Unicode multi-corpus frequency ordering
- Kaikki/Wiktextract — bilingual lexicographic evidence
- ReadUrdu — independent Urdu-English bilingual evidence
- word2word — independent corpus-derived bilingual evidence"
انتظامی,"Rank: 1713

Meaning: administrative

Frequency evidence: wordfreq Zipf 4.59
Frequency source: wordfreq Urdu multi-corpus ranking

Semantic verification: direct dictionary sense corroborated — Kaikki+ReadUrdu+word2word

Sources:
- wordfreq Urdu — Unicode multi-corpus frequency ordering
- Kaikki/Wiktextract — bilingual lexicographic evidence
- ReadUrdu — independent Urdu-English bilingual evidence
- word2word — independent corpus-derived bilingual evidence"
تاج,"Rank: 1714

Meaning: crown

Frequency evidence: wordfreq Zipf 4.59
Frequency source: wordfreq Urdu multi-corpus ranking

Semantic verification: direct dictionary sense corroborated — Kaikki+ReadUrdu+word2word

Sources:
- wordfreq Urdu — Unicode multi-corpus frequency ordering
- Kaikki/Wiktextract — bilingual lexicographic evidence
- ReadUrdu — independent Urdu-English bilingual evidence
- word2word — independent corpus-derived bilingual evidence"
خاک,"Rank: 1715

Meaning: dirt

Frequency evidence: wordfreq Zipf 4.59
Frequency source: wordfreq Urdu multi-corpus ranking

Semantic verification: direct dictionary sense corroborated — Kaikki+ReadUrdu

Sources:
- wordfreq Urdu — Unicode multi-corpus frequency ordering
- Kaikki/Wiktextract — bilingual lexicographic evidence
- ReadUrdu — independent Urdu-English bilingual evidence
- word2word — independent corpus-derived bilingual evidence"
زیارت,"Rank: 1716

Meaning: pilgrimage

Frequency evidence: wordfreq Zipf 4.59
Frequency source: wordfreq Urdu multi-corpus ranking

Semantic verification: direct dictionary sense corroborated — Kaikki+ReadUrdu

Sources:
- wordfreq Urdu — Unicode multi-corpus frequency ordering
- Kaikki/Wiktextract — bilingual lexicographic evidence
- ReadUrdu — independent Urdu-English bilingual evidence
- word2word — independent corpus-derived bilingual evidence"
لمحہ,"Rank: 1717

Meaning: moment

Frequency evidence: wordfreq Zipf 4.59
Frequency source: wordfreq Urdu multi-corpus ranking

Semantic verification: direct dictionary sense corroborated — Kaikki+ReadUrdu+word2word

Sources:
- wordfreq Urdu — Unicode multi-corpus frequency ordering
- Kaikki/Wiktextract — bilingual lexicographic evidence
- ReadUrdu — independent Urdu-English bilingual evidence
- word2word — independent corpus-derived bilingual evidence"
محسن,"Rank: 1718

Meaning: a male given name; patron

Frequency evidence: wordfreq Zipf 4.59
Frequency source: wordfreq Urdu multi-corpus ranking

Semantic verification: direct dictionary sense corroborated — Kaikki+ReadUrdu

Sources:
- wordfreq Urdu — Unicode multi-corpus frequency ordering
- Kaikki/Wiktextract — bilingual lexicographic evidence
- ReadUrdu — independent Urdu-English bilingual evidence
- word2word — independent corpus-derived bilingual evidence"
مصیبت,"Rank: 1719

Meaning: trouble; calamity

Frequency evidence: wordfreq Zipf 4.59
Frequency source: wordfreq Urdu multi-corpus ranking

Semantic verification: direct dictionary sense corroborated — Kaikki+ReadUrdu+word2word

Sources:
- wordfreq Urdu — Unicode multi-corpus frequency ordering
- Kaikki/Wiktextract — bilingual lexicographic evidence
- ReadUrdu — independent Urdu-English bilingual evidence
- word2word — independent corpus-derived bilingual evidence"
ناراض,"Rank: 1720

Meaning: angry

Frequency evidence: wordfreq Zipf 4.59
Frequency source: wordfreq Urdu multi-corpus ranking

Semantic verification: direct dictionary sense corroborated — Kaikki+ReadUrdu+word2word

Sources:
- wordfreq Urdu — Unicode multi-corpus frequency ordering
- Kaikki/Wiktextract — bilingual lexicographic evidence
- ReadUrdu — independent Urdu-English bilingual evidence
- word2word — independent corpus-derived bilingual evidence"
پوچھ,"Rank: 1721

Meaning: ask

Frequency evidence: wordfreq Zipf 4.59
Frequency source: wordfreq Urdu multi-corpus ranking

Semantic verification: direct dictionary sense corroborated — ReadUrdu+word2word

Sources:
- wordfreq Urdu — Unicode multi-corpus frequency ordering
- Kaikki/Wiktextract — bilingual lexicographic evidence
- ReadUrdu — independent Urdu-English bilingual evidence
- word2word — independent corpus-derived bilingual evidence"
گھریلو,"Rank: 1722

Meaning: domestic; household

Frequency evidence: wordfreq Zipf 4.59
Frequency source: wordfreq Urdu multi-corpus ranking

Semantic verification: direct dictionary sense corroborated — Kaikki+ReadUrdu+word2word

Sources:
- wordfreq Urdu — Unicode multi-corpus frequency ordering
- Kaikki/Wiktextract — bilingual lexicographic evidence
- ReadUrdu — independent Urdu-English bilingual evidence
- word2word — independent corpus-derived bilingual evidence"
آثار,"Rank: 1723

Meaning: signs

Frequency evidence: wordfreq Zipf 4.58
Frequency source: wordfreq Urdu multi-corpus ranking

Semantic verification: direct dictionary sense corroborated — ReadUrdu+word2word

Sources:
- wordfreq Urdu — Unicode multi-corpus frequency ordering
- Kaikki/Wiktextract — bilingual lexicographic evidence
- ReadUrdu — independent Urdu-English bilingual evidence
- word2word — independent corpus-derived bilingual evidence"
آنسو,"Rank: 1724

Meaning: tear

Frequency evidence: wordfreq Zipf 4.58
Frequency source: wordfreq Urdu multi-corpus ranking

Semantic verification: direct dictionary sense corroborated — Kaikki+ReadUrdu+word2word

Sources:
- wordfreq Urdu — Unicode multi-corpus frequency ordering
- Kaikki/Wiktextract — bilingual lexicographic evidence
- ReadUrdu — independent Urdu-English bilingual evidence
- word2word — independent corpus-derived bilingual evidence"
اغوا,"Rank: 1725

Meaning: kidnapping; abduction

Frequency evidence: wordfreq Zipf 4.58
Frequency source: wordfreq Urdu multi-corpus ranking

Semantic verification: direct dictionary sense corroborated — Kaikki+ReadUrdu+word2word

Sources:
- wordfreq Urdu — Unicode multi-corpus frequency ordering
- Kaikki/Wiktextract — bilingual lexicographic evidence
- ReadUrdu — independent Urdu-English bilingual evidence
- word2word — independent corpus-derived bilingual evidence"
برائی,"Rank: 1726

Meaning: evil

Frequency evidence: wordfreq Zipf 4.58
Frequency source: wordfreq Urdu multi-corpus ranking

Semantic verification: direct dictionary sense corroborated — ReadUrdu+word2word

Sources:
- wordfreq Urdu — Unicode multi-corpus frequency ordering
- Kaikki/Wiktextract — bilingual lexicographic evidence
- ReadUrdu — independent Urdu-English bilingual evidence
- word2word — independent corpus-derived bilingual evidence"
تبادلہ,"Rank: 1727

Meaning: exchange; transfer

Frequency evidence: wordfreq Zipf 4.58
Frequency source: wordfreq Urdu multi-corpus ranking

Semantic verification: direct dictionary sense corroborated — Kaikki+ReadUrdu

Sources:
- wordfreq Urdu — Unicode multi-corpus frequency ordering
- Kaikki/Wiktextract — bilingual lexicographic evidence
- ReadUrdu — independent Urdu-English bilingual evidence
- word2word — independent corpus-derived bilingual evidence"
تنہا,"Rank: 1728

Meaning: alone; lonely

Frequency evidence: wordfreq Zipf 4.58
Frequency source: wordfreq Urdu multi-corpus ranking

Semantic verification: direct dictionary sense corroborated — Kaikki+ReadUrdu+word2word

Sources:
- wordfreq Urdu — Unicode multi-corpus frequency ordering
- Kaikki/Wiktextract — bilingual lexicographic evidence
- ReadUrdu — independent Urdu-English bilingual evidence
- word2word — independent corpus-derived bilingual evidence"
ثقافتی,"Rank: 1729

Meaning: cultural

Frequency evidence: wordfreq Zipf 4.58
Frequency source: wordfreq Urdu multi-corpus ranking

Semantic verification: direct dictionary sense corroborated — Kaikki+ReadUrdu+word2word

Sources:
- wordfreq Urdu — Unicode multi-corpus frequency ordering
- Kaikki/Wiktextract — bilingual lexicographic evidence
- ReadUrdu — independent Urdu-English bilingual evidence
- word2word — independent corpus-derived bilingual evidence"
جنگل,"Rank: 1730

Meaning: forest; jungle

Frequency evidence: wordfreq Zipf 4.58
Frequency source: wordfreq Urdu multi-corpus ranking

Semantic verification: direct dictionary sense corroborated — Kaikki+ReadUrdu

Sources:
- wordfreq Urdu — Unicode multi-corpus frequency ordering
- Kaikki/Wiktextract — bilingual lexicographic evidence
- ReadUrdu — independent Urdu-English bilingual evidence
- word2word — independent corpus-derived bilingual evidence"
جواز,"Rank: 1731

Meaning: justification

Frequency evidence: wordfreq Zipf 4.58
Frequency source: wordfreq Urdu multi-corpus ranking

Semantic verification: direct dictionary sense corroborated — Kaikki+ReadUrdu+word2word

Sources:
- wordfreq Urdu — Unicode multi-corpus frequency ordering
- Kaikki/Wiktextract — bilingual lexicographic evidence
- ReadUrdu — independent Urdu-English bilingual evidence
- word2word — independent corpus-derived bilingual evidence"
دشمنی,"Rank: 1732

Meaning: enmity

Frequency evidence: wordfreq Zipf 4.58
Frequency source: wordfreq Urdu multi-corpus ranking

Semantic verification: direct dictionary sense corroborated — Kaikki+ReadUrdu

Sources:
- wordfreq Urdu — Unicode multi-corpus frequency ordering
- Kaikki/Wiktextract — bilingual lexicographic evidence
- ReadUrdu — independent Urdu-English bilingual evidence
- word2word — independent corpus-derived bilingual evidence"
رقص,"Rank: 1733

Meaning: dance

Frequency evidence: wordfreq Zipf 4.58
Frequency source: wordfreq Urdu multi-corpus ranking

Semantic verification: direct dictionary sense corroborated — Kaikki+ReadUrdu+word2word

Sources:
- wordfreq Urdu — Unicode multi-corpus frequency ordering
- Kaikki/Wiktextract — bilingual lexicographic evidence
- ReadUrdu — independent Urdu-English bilingual evidence
- word2word — independent corpus-derived bilingual evidence"
ستر,"Rank: 1734

Meaning: seventy

Frequency evidence: wordfreq Zipf 4.58
Frequency source: wordfreq Urdu multi-corpus ranking

Semantic verification: direct dictionary sense corroborated — Kaikki+word2word

Sources:
- wordfreq Urdu — Unicode multi-corpus frequency ordering
- Kaikki/Wiktextract — bilingual lexicographic evidence
- ReadUrdu — independent Urdu-English bilingual evidence
- word2word — independent corpus-derived bilingual evidence"
سیر,"Rank: 1735

Meaning: tour; journey

Frequency evidence: wordfreq Zipf 4.58
Frequency source: wordfreq Urdu multi-corpus ranking

Semantic verification: direct dictionary sense corroborated — Kaikki+ReadUrdu

Sources:
- wordfreq Urdu — Unicode multi-corpus frequency ordering
- Kaikki/Wiktextract — bilingual lexicographic evidence
- ReadUrdu — independent Urdu-English bilingual evidence
- word2word — independent corpus-derived bilingual evidence"
مظلوم,"Rank: 1736

Meaning: oppressed

Frequency evidence: wordfreq Zipf 4.58
Frequency source: wordfreq Urdu multi-corpus ranking

Semantic verification: direct dictionary sense corroborated — Kaikki+ReadUrdu+word2word

Sources:
- wordfreq Urdu — Unicode multi-corpus frequency ordering
- Kaikki/Wiktextract — bilingual lexicographic evidence
- ReadUrdu — independent Urdu-English bilingual evidence
- word2word — independent corpus-derived bilingual evidence"
وفاق,"Rank: 1737

Meaning: federal; agreement

Frequency evidence: wordfreq Zipf 4.58
Frequency source: wordfreq Urdu multi-corpus ranking

Semantic verification: direct dictionary sense corroborated — Kaikki+ReadUrdu

Sources:
- wordfreq Urdu — Unicode multi-corpus frequency ordering
- Kaikki/Wiktextract — bilingual lexicographic evidence
- ReadUrdu — independent Urdu-English bilingual evidence
- word2word — independent corpus-derived bilingual evidence"
پروردگار,"Rank: 1738

Meaning: cherisher

Frequency evidence: wordfreq Zipf 4.58
Frequency source: wordfreq Urdu multi-corpus ranking

Semantic verification: direct dictionary sense corroborated — Kaikki+ReadUrdu

Sources:
- wordfreq Urdu — Unicode multi-corpus frequency ordering
- Kaikki/Wiktextract — bilingual lexicographic evidence
- ReadUrdu — independent Urdu-English bilingual evidence
- word2word — independent corpus-derived bilingual evidence"
کشتی,"Rank: 1739

Meaning: boat; wrestling

Frequency evidence: wordfreq Zipf 4.58
Frequency source: wordfreq Urdu multi-corpus ranking

Semantic verification: direct dictionary sense corroborated — Kaikki+ReadUrdu+word2word

Sources:
- wordfreq Urdu — Unicode multi-corpus frequency ordering
- Kaikki/Wiktextract — bilingual lexicographic evidence
- ReadUrdu — independent Urdu-English bilingual evidence
- word2word — independent corpus-derived bilingual evidence"
کعبہ,"Rank: 1740

Meaning: Kaaba

Frequency evidence: wordfreq Zipf 4.58
Frequency source: wordfreq Urdu multi-corpus ranking

Semantic verification: direct dictionary sense corroborated — Kaikki+ReadUrdu

Sources:
- wordfreq Urdu — Unicode multi-corpus frequency ordering
- Kaikki/Wiktextract — bilingual lexicographic evidence
- ReadUrdu — independent Urdu-English bilingual evidence
- word2word — independent corpus-derived bilingual evidence"
افسانہ,"Rank: 1741

Meaning: story

Frequency evidence: wordfreq Zipf 4.57
Frequency source: wordfreq Urdu multi-corpus ranking

Semantic verification: direct dictionary sense corroborated — Kaikki+ReadUrdu

Sources:
- wordfreq Urdu — Unicode multi-corpus frequency ordering
- Kaikki/Wiktextract — bilingual lexicographic evidence
- ReadUrdu — independent Urdu-English bilingual evidence
- word2word — independent corpus-derived bilingual evidence"
بتائیں,"Rank: 1742

Meaning: Tell

Frequency evidence: wordfreq Zipf 4.57
Frequency source: wordfreq Urdu multi-corpus ranking

Semantic verification: direct dictionary sense corroborated — ReadUrdu+word2word

Sources:
- wordfreq Urdu — Unicode multi-corpus frequency ordering
- Kaikki/Wiktextract — bilingual lexicographic evidence
- ReadUrdu — independent Urdu-English bilingual evidence
- word2word — independent corpus-derived bilingual evidence"
جلا,"Rank: 1743

Meaning: burn

Frequency evidence: wordfreq Zipf 4.57
Frequency source: wordfreq Urdu multi-corpus ranking

Semantic verification: direct dictionary sense corroborated — ReadUrdu+word2word

Sources:
- wordfreq Urdu — Unicode multi-corpus frequency ordering
- Kaikki/Wiktextract — bilingual lexicographic evidence
- ReadUrdu — independent Urdu-English bilingual evidence
- word2word — independent corpus-derived bilingual evidence"
خاقان,"Rank: 1744

Meaning: khagan

Frequency evidence: wordfreq Zipf 4.57
Frequency source: wordfreq Urdu multi-corpus ranking

Semantic verification: direct dictionary sense corroborated — Kaikki+ReadUrdu

Sources:
- wordfreq Urdu — Unicode multi-corpus frequency ordering
- Kaikki/Wiktextract — bilingual lexicographic evidence
- ReadUrdu — independent Urdu-English bilingual evidence
- word2word — independent corpus-derived bilingual evidence"
دستور,"Rank: 1745

Meaning: constitution

Frequency evidence: wordfreq Zipf 4.57
Frequency source: wordfreq Urdu multi-corpus ranking

Semantic verification: direct dictionary sense corroborated — Kaikki+ReadUrdu

Sources:
- wordfreq Urdu — Unicode multi-corpus frequency ordering
- Kaikki/Wiktextract — bilingual lexicographic evidence
- ReadUrdu — independent Urdu-English bilingual evidence
- word2word — independent corpus-derived bilingual evidence"
دکھانے,"Rank: 1746

Meaning: show

Frequency evidence: wordfreq Zipf 4.57
Frequency source: wordfreq Urdu multi-corpus ranking

Semantic verification: direct dictionary sense corroborated — ReadUrdu+word2word

Sources:
- wordfreq Urdu — Unicode multi-corpus frequency ordering
- Kaikki/Wiktextract — bilingual lexicographic evidence
- ReadUrdu — independent Urdu-English bilingual evidence
- word2word — independent corpus-derived bilingual evidence"
روزگار,"Rank: 1747

Meaning: employment

Frequency evidence: wordfreq Zipf 4.57
Frequency source: wordfreq Urdu multi-corpus ranking

Semantic verification: direct dictionary sense corroborated — ReadUrdu+word2word

Sources:
- wordfreq Urdu — Unicode multi-corpus frequency ordering
- Kaikki/Wiktextract — bilingual lexicographic evidence
- ReadUrdu — independent Urdu-English bilingual evidence
- word2word — independent corpus-derived bilingual evidence"
سائنسی,"Rank: 1748

Meaning: scientific

Frequency evidence: wordfreq Zipf 4.57
Frequency source: wordfreq Urdu multi-corpus ranking

Semantic verification: direct dictionary sense corroborated — Kaikki+ReadUrdu+word2word

Sources:
- wordfreq Urdu — Unicode multi-corpus frequency ordering
- Kaikki/Wiktextract — bilingual lexicographic evidence
- ReadUrdu — independent Urdu-English bilingual evidence
- word2word — independent corpus-derived bilingual evidence"
سلیمان,"Rank: 1749

Meaning: a male given name; Solomon

Frequency evidence: wordfreq Zipf 4.57
Frequency source: wordfreq Urdu multi-corpus ranking

Semantic verification: direct dictionary sense corroborated — Kaikki+ReadUrdu

Sources:
- wordfreq Urdu — Unicode multi-corpus frequency ordering
- Kaikki/Wiktextract — bilingual lexicographic evidence
- ReadUrdu — independent Urdu-English bilingual evidence
- word2word — independent corpus-derived bilingual evidence"
سنتے,"Rank: 1750

Meaning: listen; to hear

Frequency evidence: wordfreq Zipf 4.57
Frequency source: wordfreq Urdu multi-corpus ranking

Semantic verification: direct dictionary sense corroborated — ReadUrdu+word2word

Sources:
- wordfreq Urdu — Unicode multi-corpus frequency ordering
- Kaikki/Wiktextract — bilingual lexicographic evidence
- ReadUrdu — independent Urdu-English bilingual evidence
- word2word — independent corpus-derived bilingual evidence"
صالح,"Rank: 1751

Meaning: virtuous; righteous

Frequency evidence: wordfreq Zipf 4.57
Frequency source: wordfreq Urdu multi-corpus ranking

Semantic verification: direct dictionary sense corroborated — Kaikki+ReadUrdu

Sources:
- wordfreq Urdu — Unicode multi-corpus frequency ordering
- Kaikki/Wiktextract — bilingual lexicographic evidence
- ReadUrdu — independent Urdu-English bilingual evidence
- word2word — independent corpus-derived bilingual evidence"
طبقہ,"Rank: 1752

Meaning: class

Frequency evidence: wordfreq Zipf 4.57
Frequency source: wordfreq Urdu multi-corpus ranking

Semantic verification: direct dictionary sense corroborated — Kaikki+ReadUrdu+word2word

Sources:
- wordfreq Urdu — Unicode multi-corpus frequency ordering
- Kaikki/Wiktextract — bilingual lexicographic evidence
- ReadUrdu — independent Urdu-English bilingual evidence
- word2word — independent corpus-derived bilingual evidence"
قاتل,"Rank: 1753

Meaning: killer; murderer

Frequency evidence: wordfreq Zipf 4.57
Frequency source: wordfreq Urdu multi-corpus ranking

Semantic verification: direct dictionary sense corroborated — Kaikki+ReadUrdu+word2word

Sources:
- wordfreq Urdu — Unicode multi-corpus frequency ordering
- Kaikki/Wiktextract — bilingual lexicographic evidence
- ReadUrdu — independent Urdu-English bilingual evidence
- word2word — independent corpus-derived bilingual evidence"
قلب,"Rank: 1754

Meaning: heart

Frequency evidence: wordfreq Zipf 4.57
Frequency source: wordfreq Urdu multi-corpus ranking

Semantic verification: direct dictionary sense corroborated — Kaikki+ReadUrdu

Sources:
- wordfreq Urdu — Unicode multi-corpus frequency ordering
- Kaikki/Wiktextract — bilingual lexicographic evidence
- ReadUrdu — independent Urdu-English bilingual evidence
- word2word — independent corpus-derived bilingual evidence"
مطمئن,"Rank: 1755

Meaning: satisfied

Frequency evidence: wordfreq Zipf 4.57
Frequency source: wordfreq Urdu multi-corpus ranking

Semantic verification: direct dictionary sense corroborated — Kaikki+ReadUrdu

Sources:
- wordfreq Urdu — Unicode multi-corpus frequency ordering
- Kaikki/Wiktextract — bilingual lexicographic evidence
- ReadUrdu — independent Urdu-English bilingual evidence
- word2word — independent corpus-derived bilingual evidence"
ملکیت,"Rank: 1756

Meaning: possession; property

Frequency evidence: wordfreq Zipf 4.57
Frequency source: wordfreq Urdu multi-corpus ranking

Semantic verification: direct dictionary sense corroborated — Kaikki+ReadUrdu+word2word

Sources:
- wordfreq Urdu — Unicode multi-corpus frequency ordering
- Kaikki/Wiktextract — bilingual lexicographic evidence
- ReadUrdu — independent Urdu-English bilingual evidence
- word2word — independent corpus-derived bilingual evidence"
نمک,"Rank: 1757

Meaning: salt

Frequency evidence: wordfreq Zipf 4.57
Frequency source: wordfreq Urdu multi-corpus ranking

Semantic verification: direct dictionary sense corroborated — Kaikki+ReadUrdu+word2word

Sources:
- wordfreq Urdu — Unicode multi-corpus frequency ordering
- Kaikki/Wiktextract — bilingual lexicographic evidence
- ReadUrdu — independent Urdu-English bilingual evidence
- word2word — independent corpus-derived bilingual evidence"
نہاد,"Rank: 1758

Meaning: nature; base

Frequency evidence: wordfreq Zipf 4.57
Frequency source: wordfreq Urdu multi-corpus ranking

Semantic verification: direct dictionary sense corroborated — Kaikki+ReadUrdu

Sources:
- wordfreq Urdu — Unicode multi-corpus frequency ordering
- Kaikki/Wiktextract — bilingual lexicographic evidence
- ReadUrdu — independent Urdu-English bilingual evidence
- word2word — independent corpus-derived bilingual evidence"
وقف,"Rank: 1759

Meaning: devoted; stay

Frequency evidence: wordfreq Zipf 4.57
Frequency source: wordfreq Urdu multi-corpus ranking

Semantic verification: direct dictionary sense corroborated — Kaikki+ReadUrdu+word2word

Sources:
- wordfreq Urdu — Unicode multi-corpus frequency ordering
- Kaikki/Wiktextract — bilingual lexicographic evidence
- ReadUrdu — independent Urdu-English bilingual evidence
- word2word — independent corpus-derived bilingual evidence"
پھل,"Rank: 1760

Meaning: fruit

Frequency evidence: wordfreq Zipf 4.57
Frequency source: wordfreq Urdu multi-corpus ranking

Semantic verification: direct dictionary sense corroborated — ReadUrdu+word2word

Sources:
- wordfreq Urdu — Unicode multi-corpus frequency ordering
- Kaikki/Wiktextract — bilingual lexicographic evidence
- ReadUrdu — independent Urdu-English bilingual evidence
- word2word — independent corpus-derived bilingual evidence"
گنا,"Rank: 1761

Meaning: sugar cane

Frequency evidence: wordfreq Zipf 4.57
Frequency source: wordfreq Urdu multi-corpus ranking

Semantic verification: direct dictionary sense corroborated — Kaikki+ReadUrdu

Sources:
- wordfreq Urdu — Unicode multi-corpus frequency ordering
- Kaikki/Wiktextract — bilingual lexicographic evidence
- ReadUrdu — independent Urdu-English bilingual evidence
- word2word — independent corpus-derived bilingual evidence"
ہیرو,"Rank: 1762

Meaning: hero

Frequency evidence: wordfreq Zipf 4.57
Frequency source: wordfreq Urdu multi-corpus ranking

Semantic verification: direct dictionary sense corroborated — ReadUrdu+word2word

Sources:
- wordfreq Urdu — Unicode multi-corpus frequency ordering
- Kaikki/Wiktextract — bilingual lexicographic evidence
- ReadUrdu — independent Urdu-English bilingual evidence
- word2word — independent corpus-derived bilingual evidence"
اضافی,"Rank: 1763

Meaning: additional; odd

Frequency evidence: wordfreq Zipf 4.56
Frequency source: wordfreq Urdu multi-corpus ranking

Semantic verification: direct dictionary sense corroborated — Kaikki+ReadUrdu+word2word

Sources:
- wordfreq Urdu — Unicode multi-corpus frequency ordering
- Kaikki/Wiktextract — bilingual lexicographic evidence
- ReadUrdu — independent Urdu-English bilingual evidence
- word2word — independent corpus-derived bilingual evidence"
برکت,"Rank: 1764

Meaning: blessing

Frequency evidence: wordfreq Zipf 4.56
Frequency source: wordfreq Urdu multi-corpus ranking

Semantic verification: direct dictionary sense corroborated — Kaikki+ReadUrdu

Sources:
- wordfreq Urdu — Unicode multi-corpus frequency ordering
- Kaikki/Wiktextract — bilingual lexicographic evidence
- ReadUrdu — independent Urdu-English bilingual evidence
- word2word — independent corpus-derived bilingual evidence"
تعارف,"Rank: 1765

Meaning: introduction; preface

Frequency evidence: wordfreq Zipf 4.56
Frequency source: wordfreq Urdu multi-corpus ranking

Semantic verification: direct dictionary sense corroborated — Kaikki+ReadUrdu

Sources:
- wordfreq Urdu — Unicode multi-corpus frequency ordering
- Kaikki/Wiktextract — bilingual lexicographic evidence
- ReadUrdu — independent Urdu-English bilingual evidence
- word2word — independent corpus-derived bilingual evidence"
حادثہ,"Rank: 1766

Meaning: accident

Frequency evidence: wordfreq Zipf 4.56
Frequency source: wordfreq Urdu multi-corpus ranking

Semantic verification: direct dictionary sense corroborated — Kaikki+ReadUrdu+word2word

Sources:
- wordfreq Urdu — Unicode multi-corpus frequency ordering
- Kaikki/Wiktextract — bilingual lexicographic evidence
- ReadUrdu — independent Urdu-English bilingual evidence
- word2word — independent corpus-derived bilingual evidence"
حاضری,"Rank: 1767

Meaning: audience; breakfast

Frequency evidence: wordfreq Zipf 4.56
Frequency source: wordfreq Urdu multi-corpus ranking

Semantic verification: direct dictionary sense corroborated — Kaikki+ReadUrdu

Sources:
- wordfreq Urdu — Unicode multi-corpus frequency ordering
- Kaikki/Wiktextract — bilingual lexicographic evidence
- ReadUrdu — independent Urdu-English bilingual evidence
- word2word — independent corpus-derived bilingual evidence"
خادم,"Rank: 1768

Meaning: employee; volunteer

Frequency evidence: wordfreq Zipf 4.56
Frequency source: wordfreq Urdu multi-corpus ranking

Semantic verification: direct dictionary sense corroborated — Kaikki+ReadUrdu

Sources:
- wordfreq Urdu — Unicode multi-corpus frequency ordering
- Kaikki/Wiktextract — bilingual lexicographic evidence
- ReadUrdu — independent Urdu-English bilingual evidence
- word2word — independent corpus-derived bilingual evidence"
دھاندلی,"Rank: 1769

Meaning: fraud; cheating

Frequency evidence: wordfreq Zipf 4.56
Frequency source: wordfreq Urdu multi-corpus ranking

Semantic verification: direct dictionary sense corroborated — Kaikki+ReadUrdu

Sources:
- wordfreq Urdu — Unicode multi-corpus frequency ordering
- Kaikki/Wiktextract — bilingual lexicographic evidence
- ReadUrdu — independent Urdu-English bilingual evidence
- word2word — independent corpus-derived bilingual evidence"
شراکت,"Rank: 1770

Meaning: partnership

Frequency evidence: wordfreq Zipf 4.56
Frequency source: wordfreq Urdu multi-corpus ranking

Semantic verification: direct dictionary sense corroborated — ReadUrdu+word2word

Sources:
- wordfreq Urdu — Unicode multi-corpus frequency ordering
- Kaikki/Wiktextract — bilingual lexicographic evidence
- ReadUrdu — independent Urdu-English bilingual evidence
- word2word — independent corpus-derived bilingual evidence"
علیحدگی,"Rank: 1771

Meaning: condition being separated or apart; separation

Frequency evidence: wordfreq Zipf 4.56
Frequency source: wordfreq Urdu multi-corpus ranking

Semantic verification: direct dictionary sense corroborated — Kaikki+ReadUrdu

Sources:
- wordfreq Urdu — Unicode multi-corpus frequency ordering
- Kaikki/Wiktextract — bilingual lexicographic evidence
- ReadUrdu — independent Urdu-English bilingual evidence
- word2word — independent corpus-derived bilingual evidence"
فرانسیسی,"Rank: 1772

Meaning: French

Frequency evidence: wordfreq Zipf 4.56
Frequency source: wordfreq Urdu multi-corpus ranking

Semantic verification: direct dictionary sense corroborated — Kaikki+ReadUrdu+word2word

Sources:
- wordfreq Urdu — Unicode multi-corpus frequency ordering
- Kaikki/Wiktextract — bilingual lexicographic evidence
- ReadUrdu — independent Urdu-English bilingual evidence
- word2word — independent corpus-derived bilingual evidence"
قلعہ,"Rank: 1773

Meaning: fort

Frequency evidence: wordfreq Zipf 4.56
Frequency source: wordfreq Urdu multi-corpus ranking

Semantic verification: direct dictionary sense corroborated — Kaikki+ReadUrdu+word2word

Sources:
- wordfreq Urdu — Unicode multi-corpus frequency ordering
- Kaikki/Wiktextract — bilingual lexicographic evidence
- ReadUrdu — independent Urdu-English bilingual evidence
- word2word — independent corpus-derived bilingual evidence"
نازک,"Rank: 1774

Meaning: fragile; delicate

Frequency evidence: wordfreq Zipf 4.56
Frequency source: wordfreq Urdu multi-corpus ranking

Semantic verification: direct dictionary sense corroborated — Kaikki+ReadUrdu+word2word

Sources:
- wordfreq Urdu — Unicode multi-corpus frequency ordering
- Kaikki/Wiktextract — bilingual lexicographic evidence
- ReadUrdu — independent Urdu-English bilingual evidence
- word2word — independent corpus-derived bilingual evidence"
نیم,"Rank: 1775

Meaning: law; rule

Frequency evidence: wordfreq Zipf 4.56
Frequency source: wordfreq Urdu multi-corpus ranking

Semantic verification: direct dictionary sense corroborated — Kaikki+ReadUrdu

Sources:
- wordfreq Urdu — Unicode multi-corpus frequency ordering
- Kaikki/Wiktextract — bilingual lexicographic evidence
- ReadUrdu — independent Urdu-English bilingual evidence
- word2word — independent corpus-derived bilingual evidence"
پرواز,"Rank: 1776

Meaning: flight; access

Frequency evidence: wordfreq Zipf 4.56
Frequency source: wordfreq Urdu multi-corpus ranking

Semantic verification: direct dictionary sense corroborated — Kaikki+ReadUrdu+word2word

Sources:
- wordfreq Urdu — Unicode multi-corpus frequency ordering
- Kaikki/Wiktextract — bilingual lexicographic evidence
- ReadUrdu — independent Urdu-English bilingual evidence
- word2word — independent corpus-derived bilingual evidence"
گائے,"Rank: 1777

Meaning: cow

Frequency evidence: wordfreq Zipf 4.56
Frequency source: wordfreq Urdu multi-corpus ranking

Semantic verification: direct dictionary sense corroborated — Kaikki+ReadUrdu+word2word

Sources:
- wordfreq Urdu — Unicode multi-corpus frequency ordering
- Kaikki/Wiktextract — bilingual lexicographic evidence
- ReadUrdu — independent Urdu-English bilingual evidence
- word2word — independent corpus-derived bilingual evidence"
بلے,"Rank: 1778

Meaning: yes; right

Frequency evidence: wordfreq Zipf 4.55
Frequency source: wordfreq Urdu multi-corpus ranking

Semantic verification: direct dictionary sense corroborated — Kaikki+ReadUrdu

Sources:
- wordfreq Urdu — Unicode multi-corpus frequency ordering
- Kaikki/Wiktextract — bilingual lexicographic evidence
- ReadUrdu — independent Urdu-English bilingual evidence
- word2word — independent corpus-derived bilingual evidence"
جنوب,"Rank: 1779

Meaning: south

Frequency evidence: wordfreq Zipf 4.55
Frequency source: wordfreq Urdu multi-corpus ranking

Semantic verification: direct dictionary sense corroborated — Kaikki+ReadUrdu+word2word

Sources:
- wordfreq Urdu — Unicode multi-corpus frequency ordering
- Kaikki/Wiktextract — bilingual lexicographic evidence
- ReadUrdu — independent Urdu-English bilingual evidence
- word2word — independent corpus-derived bilingual evidence"
داخلی,"Rank: 1780

Meaning: internal; domestic

Frequency evidence: wordfreq Zipf 4.55
Frequency source: wordfreq Urdu multi-corpus ranking

Semantic verification: direct dictionary sense corroborated — Kaikki+ReadUrdu

Sources:
- wordfreq Urdu — Unicode multi-corpus frequency ordering
- Kaikki/Wiktextract — bilingual lexicographic evidence
- ReadUrdu — independent Urdu-English bilingual evidence
- word2word — independent corpus-derived bilingual evidence"
دراز,"Rank: 1781

Meaning: drawer; long

Frequency evidence: wordfreq Zipf 4.55
Frequency source: wordfreq Urdu multi-corpus ranking

Semantic verification: direct dictionary sense corroborated — Kaikki+ReadUrdu+word2word

Sources:
- wordfreq Urdu — Unicode multi-corpus frequency ordering
- Kaikki/Wiktextract — bilingual lexicographic evidence
- ReadUrdu — independent Urdu-English bilingual evidence
- word2word — independent corpus-derived bilingual evidence"
زہر,"Rank: 1782

Meaning: poison

Frequency evidence: wordfreq Zipf 4.55
Frequency source: wordfreq Urdu multi-corpus ranking

Semantic verification: direct dictionary sense corroborated — Kaikki+ReadUrdu+word2word

Sources:
- wordfreq Urdu — Unicode multi-corpus frequency ordering
- Kaikki/Wiktextract — bilingual lexicographic evidence
- ReadUrdu — independent Urdu-English bilingual evidence
- word2word — independent corpus-derived bilingual evidence"
سکھ,"Rank: 1783

Meaning: peace; comfort

Frequency evidence: wordfreq Zipf 4.55
Frequency source: wordfreq Urdu multi-corpus ranking

Semantic verification: direct dictionary sense corroborated — Kaikki+ReadUrdu

Sources:
- wordfreq Urdu — Unicode multi-corpus frequency ordering
- Kaikki/Wiktextract — bilingual lexicographic evidence
- ReadUrdu — independent Urdu-English bilingual evidence
- word2word — independent corpus-derived bilingual evidence"
عارضی,"Rank: 1784

Meaning: temporary

Frequency evidence: wordfreq Zipf 4.55
Frequency source: wordfreq Urdu multi-corpus ranking

Semantic verification: direct dictionary sense corroborated — Kaikki+ReadUrdu+word2word

Sources:
- wordfreq Urdu — Unicode multi-corpus frequency ordering
- Kaikki/Wiktextract — bilingual lexicographic evidence
- ReadUrdu — independent Urdu-English bilingual evidence
- word2word — independent corpus-derived bilingual evidence"
نوکری,"Rank: 1785

Meaning: job; service

Frequency evidence: wordfreq Zipf 4.55
Frequency source: wordfreq Urdu multi-corpus ranking

Semantic verification: direct dictionary sense corroborated — Kaikki+ReadUrdu+word2word

Sources:
- wordfreq Urdu — Unicode multi-corpus frequency ordering
- Kaikki/Wiktextract — bilingual lexicographic evidence
- ReadUrdu — independent Urdu-English bilingual evidence
- word2word — independent corpus-derived bilingual evidence"
واقف,"Rank: 1786

Meaning: aware of; knowing

Frequency evidence: wordfreq Zipf 4.55
Frequency source: wordfreq Urdu multi-corpus ranking

Semantic verification: direct dictionary sense corroborated — Kaikki+ReadUrdu+word2word

Sources:
- wordfreq Urdu — Unicode multi-corpus frequency ordering
- Kaikki/Wiktextract — bilingual lexicographic evidence
- ReadUrdu — independent Urdu-English bilingual evidence
- word2word — independent corpus-derived bilingual evidence"
پلیٹ,"Rank: 1787

Meaning: plate

Frequency evidence: wordfreq Zipf 4.55
Frequency source: wordfreq Urdu multi-corpus ranking

Semantic verification: direct dictionary sense corroborated — Kaikki+ReadUrdu+word2word

Sources:
- wordfreq Urdu — Unicode multi-corpus frequency ordering
- Kaikki/Wiktextract — bilingual lexicographic evidence
- ReadUrdu — independent Urdu-English bilingual evidence
- word2word — independent corpus-derived bilingual evidence"
ڈیڑھ,"Rank: 1788

Meaning: half past one; one and a half

Frequency evidence: wordfreq Zipf 4.55
Frequency source: wordfreq Urdu multi-corpus ranking

Semantic verification: direct dictionary sense corroborated — Kaikki+ReadUrdu

Sources:
- wordfreq Urdu — Unicode multi-corpus frequency ordering
- Kaikki/Wiktextract — bilingual lexicographic evidence
- ReadUrdu — independent Urdu-English bilingual evidence
- word2word — independent corpus-derived bilingual evidence"
ادیب,"Rank: 1789

Meaning: writer; literator

Frequency evidence: wordfreq Zipf 4.54
Frequency source: wordfreq Urdu multi-corpus ranking

Semantic verification: direct dictionary sense corroborated — Kaikki+ReadUrdu

Sources:
- wordfreq Urdu — Unicode multi-corpus frequency ordering
- Kaikki/Wiktextract — bilingual lexicographic evidence
- ReadUrdu — independent Urdu-English bilingual evidence
- word2word — independent corpus-derived bilingual evidence"
اصلی,"Rank: 1790

Meaning: real

Frequency evidence: wordfreq Zipf 4.54
Frequency source: wordfreq Urdu multi-corpus ranking

Semantic verification: direct dictionary sense corroborated — Kaikki+word2word

Sources:
- wordfreq Urdu — Unicode multi-corpus frequency ordering
- Kaikki/Wiktextract — bilingual lexicographic evidence
- ReadUrdu — independent Urdu-English bilingual evidence
- word2word — independent corpus-derived bilingual evidence"
اطراف,"Rank: 1791

Meaning: vicinity

Frequency evidence: wordfreq Zipf 4.54
Frequency source: wordfreq Urdu multi-corpus ranking

Semantic verification: direct dictionary sense corroborated — Kaikki+ReadUrdu

Sources:
- wordfreq Urdu — Unicode multi-corpus frequency ordering
- Kaikki/Wiktextract — bilingual lexicographic evidence
- ReadUrdu — independent Urdu-English bilingual evidence
- word2word — independent corpus-derived bilingual evidence"
انجمن,"Rank: 1792

Meaning: assembly

Frequency evidence: wordfreq Zipf 4.54
Frequency source: wordfreq Urdu multi-corpus ranking

Semantic verification: direct dictionary sense corroborated — Kaikki+ReadUrdu

Sources:
- wordfreq Urdu — Unicode multi-corpus frequency ordering
- Kaikki/Wiktextract — bilingual lexicographic evidence
- ReadUrdu — independent Urdu-English bilingual evidence
- word2word — independent corpus-derived bilingual evidence"
باندھ,"Rank: 1793

Meaning: tie

Frequency evidence: wordfreq Zipf 4.54
Frequency source: wordfreq Urdu multi-corpus ranking

Semantic verification: direct dictionary sense corroborated — ReadUrdu+word2word

Sources:
- wordfreq Urdu — Unicode multi-corpus frequency ordering
- Kaikki/Wiktextract — bilingual lexicographic evidence
- ReadUrdu — independent Urdu-English bilingual evidence
- word2word — independent corpus-derived bilingual evidence"
بدلہ,"Rank: 1794

Meaning: revenge; exchange

Frequency evidence: wordfreq Zipf 4.54
Frequency source: wordfreq Urdu multi-corpus ranking

Semantic verification: direct dictionary sense corroborated — Kaikki+ReadUrdu+word2word

Sources:
- wordfreq Urdu — Unicode multi-corpus frequency ordering
- Kaikki/Wiktextract — bilingual lexicographic evidence
- ReadUrdu — independent Urdu-English bilingual evidence
- word2word — independent corpus-derived bilingual evidence"
بدولت,"Rank: 1795

Meaning: through; due to

Frequency evidence: wordfreq Zipf 4.54
Frequency source: wordfreq Urdu multi-corpus ranking

Semantic verification: direct dictionary sense corroborated — Kaikki+ReadUrdu

Sources:
- wordfreq Urdu — Unicode multi-corpus frequency ordering
- Kaikki/Wiktextract — bilingual lexicographic evidence
- ReadUrdu — independent Urdu-English bilingual evidence
- word2word — independent corpus-derived bilingual evidence"
بیشک,"Rank: 1796

Meaning: could; without a doubt

Frequency evidence: wordfreq Zipf 4.54
Frequency source: wordfreq Urdu multi-corpus ranking

Semantic verification: direct dictionary sense corroborated — Kaikki+ReadUrdu

Sources:
- wordfreq Urdu — Unicode multi-corpus frequency ordering
- Kaikki/Wiktextract — bilingual lexicographic evidence
- ReadUrdu — independent Urdu-English bilingual evidence
- word2word — independent corpus-derived bilingual evidence"
تشریح,"Rank: 1797

Meaning: explanation

Frequency evidence: wordfreq Zipf 4.54
Frequency source: wordfreq Urdu multi-corpus ranking

Semantic verification: direct dictionary sense corroborated — Kaikki+ReadUrdu

Sources:
- wordfreq Urdu — Unicode multi-corpus frequency ordering
- Kaikki/Wiktextract — bilingual lexicographic evidence
- ReadUrdu — independent Urdu-English bilingual evidence
- word2word — independent corpus-derived bilingual evidence"
جگر,"Rank: 1798

Meaning: mind; heart

Frequency evidence: wordfreq Zipf 4.54
Frequency source: wordfreq Urdu multi-corpus ranking

Semantic verification: direct dictionary sense corroborated — Kaikki+ReadUrdu

Sources:
- wordfreq Urdu — Unicode multi-corpus frequency ordering
- Kaikki/Wiktextract — bilingual lexicographic evidence
- ReadUrdu — independent Urdu-English bilingual evidence
- word2word — independent corpus-derived bilingual evidence"
شرم,"Rank: 1799

Meaning: shame

Frequency evidence: wordfreq Zipf 4.54
Frequency source: wordfreq Urdu multi-corpus ranking

Semantic verification: direct dictionary sense corroborated — Kaikki+ReadUrdu+word2word

Sources:
- wordfreq Urdu — Unicode multi-corpus frequency ordering
- Kaikki/Wiktextract — bilingual lexicographic evidence
- ReadUrdu — independent Urdu-English bilingual evidence
- word2word — independent corpus-derived bilingual evidence"
عمدہ,"Rank: 1800

Meaning: excellent

Frequency evidence: wordfreq Zipf 4.54
Frequency source: wordfreq Urdu multi-corpus ranking

Semantic verification: direct dictionary sense corroborated — Kaikki+ReadUrdu

Sources:
- wordfreq Urdu — Unicode multi-corpus frequency ordering
- Kaikki/Wiktextract — bilingual lexicographic evidence
- ReadUrdu — independent Urdu-English bilingual evidence
- word2word — independent corpus-derived bilingual evidence"
محفل,"Rank: 1801

Meaning: assembly; gathering

Frequency evidence: wordfreq Zipf 4.54
Frequency source: wordfreq Urdu multi-corpus ranking

Semantic verification: direct dictionary sense corroborated — Kaikki+ReadUrdu

Sources:
- wordfreq Urdu — Unicode multi-corpus frequency ordering
- Kaikki/Wiktextract — bilingual lexicographic evidence
- ReadUrdu — independent Urdu-English bilingual evidence
- word2word — independent corpus-derived bilingual evidence"
مدرسہ,"Rank: 1802

Meaning: school; an Islamic school

Frequency evidence: wordfreq Zipf 4.54
Frequency source: wordfreq Urdu multi-corpus ranking

Semantic verification: direct dictionary sense corroborated — Kaikki+ReadUrdu

Sources:
- wordfreq Urdu — Unicode multi-corpus frequency ordering
- Kaikki/Wiktextract — bilingual lexicographic evidence
- ReadUrdu — independent Urdu-English bilingual evidence
- word2word — independent corpus-derived bilingual evidence"
نصب,"Rank: 1803

Meaning: planting

Frequency evidence: wordfreq Zipf 4.54
Frequency source: wordfreq Urdu multi-corpus ranking

Semantic verification: direct dictionary sense corroborated — ReadUrdu+word2word

Sources:
- wordfreq Urdu — Unicode multi-corpus frequency ordering
- Kaikki/Wiktextract — bilingual lexicographic evidence
- ReadUrdu — independent Urdu-English bilingual evidence
- word2word — independent corpus-derived bilingual evidence"
نقاب,"Rank: 1804

Meaning: mask; veil

Frequency evidence: wordfreq Zipf 4.54
Frequency source: wordfreq Urdu multi-corpus ranking

Semantic verification: direct dictionary sense corroborated — Kaikki+ReadUrdu

Sources:
- wordfreq Urdu — Unicode multi-corpus frequency ordering
- Kaikki/Wiktextract — bilingual lexicographic evidence
- ReadUrdu — independent Urdu-English bilingual evidence
- word2word — independent corpus-derived bilingual evidence"
ٹائم,"Rank: 1805

Meaning: time

Frequency evidence: wordfreq Zipf 4.54
Frequency source: wordfreq Urdu multi-corpus ranking

Semantic verification: direct dictionary sense corroborated — ReadUrdu+word2word

Sources:
- wordfreq Urdu — Unicode multi-corpus frequency ordering
- Kaikki/Wiktextract — bilingual lexicographic evidence
- ReadUrdu — independent Urdu-English bilingual evidence
- word2word — independent corpus-derived bilingual evidence"
پرانا,"Rank: 1806

Meaning: old; long-standing

Frequency evidence: wordfreq Zipf 4.54
Frequency source: wordfreq Urdu multi-corpus ranking

Semantic verification: direct dictionary sense corroborated — Kaikki+ReadUrdu+word2word

Sources:
- wordfreq Urdu — Unicode multi-corpus frequency ordering
- Kaikki/Wiktextract — bilingual lexicographic evidence
- ReadUrdu — independent Urdu-English bilingual evidence
- word2word — independent corpus-derived bilingual evidence"
کہو,"Rank: 1807

Meaning: say

Frequency evidence: wordfreq Zipf 4.54
Frequency source: wordfreq Urdu multi-corpus ranking

Semantic verification: direct dictionary sense corroborated — ReadUrdu+word2word

Sources:
- wordfreq Urdu — Unicode multi-corpus frequency ordering
- Kaikki/Wiktextract — bilingual lexicographic evidence
- ReadUrdu — independent Urdu-English bilingual evidence
- word2word — independent corpus-derived bilingual evidence"
کینیڈا,"Rank: 1808

Meaning: Canada

Frequency evidence: wordfreq Zipf 4.54
Frequency source: wordfreq Urdu multi-corpus ranking

Semantic verification: direct dictionary sense corroborated — Kaikki+ReadUrdu+word2word

Sources:
- wordfreq Urdu — Unicode multi-corpus frequency ordering
- Kaikki/Wiktextract — bilingual lexicographic evidence
- ReadUrdu — independent Urdu-English bilingual evidence
- word2word — independent corpus-derived bilingual evidence"
آفتاب,"Rank: 1809

Meaning: Sun

Frequency evidence: wordfreq Zipf 4.53
Frequency source: wordfreq Urdu multi-corpus ranking

Semantic verification: direct dictionary sense corroborated — Kaikki+ReadUrdu

Sources:
- wordfreq Urdu — Unicode multi-corpus frequency ordering
- Kaikki/Wiktextract — bilingual lexicographic evidence
- ReadUrdu — independent Urdu-English bilingual evidence
- word2word — independent corpus-derived bilingual evidence"
احباب,"Rank: 1810

Meaning: friends; members

Frequency evidence: wordfreq Zipf 4.53
Frequency source: wordfreq Urdu multi-corpus ranking

Semantic verification: direct dictionary sense corroborated — Kaikki+ReadUrdu

Sources:
- wordfreq Urdu — Unicode multi-corpus frequency ordering
- Kaikki/Wiktextract — bilingual lexicographic evidence
- ReadUrdu — independent Urdu-English bilingual evidence
- word2word — independent corpus-derived bilingual evidence"
احتیاط,"Rank: 1811

Meaning: caution; care

Frequency evidence: wordfreq Zipf 4.53
Frequency source: wordfreq Urdu multi-corpus ranking

Semantic verification: direct dictionary sense corroborated — Kaikki+ReadUrdu+word2word

Sources:
- wordfreq Urdu — Unicode multi-corpus frequency ordering
- Kaikki/Wiktextract — bilingual lexicographic evidence
- ReadUrdu — independent Urdu-English bilingual evidence
- word2word — independent corpus-derived bilingual evidence"
انگریز,"Rank: 1812

Meaning: British; white person

Frequency evidence: wordfreq Zipf 4.53
Frequency source: wordfreq Urdu multi-corpus ranking

Semantic verification: direct dictionary sense corroborated — Kaikki+ReadUrdu

Sources:
- wordfreq Urdu — Unicode multi-corpus frequency ordering
- Kaikki/Wiktextract — bilingual lexicographic evidence
- ReadUrdu — independent Urdu-English bilingual evidence
- word2word — independent corpus-derived bilingual evidence"
برصغیر,"Rank: 1813

Meaning: subcontinent

Frequency evidence: wordfreq Zipf 4.53
Frequency source: wordfreq Urdu multi-corpus ranking

Semantic verification: direct dictionary sense corroborated — Kaikki+ReadUrdu

Sources:
- wordfreq Urdu — Unicode multi-corpus frequency ordering
- Kaikki/Wiktextract — bilingual lexicographic evidence
- ReadUrdu — independent Urdu-English bilingual evidence
- word2word — independent corpus-derived bilingual evidence"
برف,"Rank: 1814

Meaning: ice; snow

Frequency evidence: wordfreq Zipf 4.53
Frequency source: wordfreq Urdu multi-corpus ranking

Semantic verification: direct dictionary sense corroborated — Kaikki+ReadUrdu+word2word

Sources:
- wordfreq Urdu — Unicode multi-corpus frequency ordering
- Kaikki/Wiktextract — bilingual lexicographic evidence
- ReadUrdu — independent Urdu-English bilingual evidence
- word2word — independent corpus-derived bilingual evidence"
تعین,"Rank: 1815

Meaning: determining

Frequency evidence: wordfreq Zipf 4.53
Frequency source: wordfreq Urdu multi-corpus ranking

Semantic verification: direct dictionary sense corroborated — ReadUrdu+word2word

Sources:
- wordfreq Urdu — Unicode multi-corpus frequency ordering
- Kaikki/Wiktextract — bilingual lexicographic evidence
- ReadUrdu — independent Urdu-English bilingual evidence
- word2word — independent corpus-derived bilingual evidence"
جلوس,"Rank: 1816

Meaning: sitting; procession

Frequency evidence: wordfreq Zipf 4.53
Frequency source: wordfreq Urdu multi-corpus ranking

Semantic verification: direct dictionary sense corroborated — Kaikki+ReadUrdu

Sources:
- wordfreq Urdu — Unicode multi-corpus frequency ordering
- Kaikki/Wiktextract — bilingual lexicographic evidence
- ReadUrdu — independent Urdu-English bilingual evidence
- word2word — independent corpus-derived bilingual evidence"
جوہر,"Rank: 1817

Meaning: essence; jewel

Frequency evidence: wordfreq Zipf 4.53
Frequency source: wordfreq Urdu multi-corpus ranking

Semantic verification: direct dictionary sense corroborated — Kaikki+ReadUrdu+word2word

Sources:
- wordfreq Urdu — Unicode multi-corpus frequency ordering
- Kaikki/Wiktextract — bilingual lexicographic evidence
- ReadUrdu — independent Urdu-English bilingual evidence
- word2word — independent corpus-derived bilingual evidence"
حرم,"Rank: 1818

Meaning: sacred; temple

Frequency evidence: wordfreq Zipf 4.53
Frequency source: wordfreq Urdu multi-corpus ranking

Semantic verification: direct dictionary sense corroborated — Kaikki+ReadUrdu

Sources:
- wordfreq Urdu — Unicode multi-corpus frequency ordering
- Kaikki/Wiktextract — bilingual lexicographic evidence
- ReadUrdu — independent Urdu-English bilingual evidence
- word2word — independent corpus-derived bilingual evidence"
خطبہ,"Rank: 1819

Meaning: sermon; khutbah

Frequency evidence: wordfreq Zipf 4.53
Frequency source: wordfreq Urdu multi-corpus ranking

Semantic verification: direct dictionary sense corroborated — Kaikki+ReadUrdu

Sources:
- wordfreq Urdu — Unicode multi-corpus frequency ordering
- Kaikki/Wiktextract — bilingual lexicographic evidence
- ReadUrdu — independent Urdu-English bilingual evidence
- word2word — independent corpus-derived bilingual evidence"
خودکش,"Rank: 1820

Meaning: of or relating to suicide; suicidal

Frequency evidence: wordfreq Zipf 4.53
Frequency source: wordfreq Urdu multi-corpus ranking

Semantic verification: direct dictionary sense corroborated — Kaikki+ReadUrdu

Sources:
- wordfreq Urdu — Unicode multi-corpus frequency ordering
- Kaikki/Wiktextract — bilingual lexicographic evidence
- ReadUrdu — independent Urdu-English bilingual evidence
- word2word — independent corpus-derived bilingual evidence"
خورشید,"Rank: 1821

Meaning: a male given name; sun

Frequency evidence: wordfreq Zipf 4.53
Frequency source: wordfreq Urdu multi-corpus ranking

Semantic verification: direct dictionary sense corroborated — Kaikki+ReadUrdu

Sources:
- wordfreq Urdu — Unicode multi-corpus frequency ordering
- Kaikki/Wiktextract — bilingual lexicographic evidence
- ReadUrdu — independent Urdu-English bilingual evidence
- word2word — independent corpus-derived bilingual evidence"
دلچسپ,"Rank: 1822

Meaning: interesting

Frequency evidence: wordfreq Zipf 4.53
Frequency source: wordfreq Urdu multi-corpus ranking

Semantic verification: direct dictionary sense corroborated — Kaikki+ReadUrdu+word2word

Sources:
- wordfreq Urdu — Unicode multi-corpus frequency ordering
- Kaikki/Wiktextract — bilingual lexicographic evidence
- ReadUrdu — independent Urdu-English bilingual evidence
- word2word — independent corpus-derived bilingual evidence"
رہائی,"Rank: 1823

Meaning: release

Frequency evidence: wordfreq Zipf 4.53
Frequency source: wordfreq Urdu multi-corpus ranking

Semantic verification: direct dictionary sense corroborated — ReadUrdu+word2word

Sources:
- wordfreq Urdu — Unicode multi-corpus frequency ordering
- Kaikki/Wiktextract — bilingual lexicographic evidence
- ReadUrdu — independent Urdu-English bilingual evidence
- word2word — independent corpus-derived bilingual evidence"
سیلاب,"Rank: 1824

Meaning: flood; torrent

Frequency evidence: wordfreq Zipf 4.53
Frequency source: wordfreq Urdu multi-corpus ranking

Semantic verification: direct dictionary sense corroborated — Kaikki+ReadUrdu+word2word

Sources:
- wordfreq Urdu — Unicode multi-corpus frequency ordering
- Kaikki/Wiktextract — bilingual lexicographic evidence
- ReadUrdu — independent Urdu-English bilingual evidence
- word2word — independent corpus-derived bilingual evidence"
شر,"Rank: 1825

Meaning: evil; wickedness

Frequency evidence: wordfreq Zipf 4.53
Frequency source: wordfreq Urdu multi-corpus ranking

Semantic verification: direct dictionary sense corroborated — Kaikki+ReadUrdu

Sources:
- wordfreq Urdu — Unicode multi-corpus frequency ordering
- Kaikki/Wiktextract — bilingual lexicographic evidence
- ReadUrdu — independent Urdu-English bilingual evidence
- word2word — independent corpus-derived bilingual evidence"
ہوٹل,"Rank: 1826

Meaning: hotel; restaurant

Frequency evidence: wordfreq Zipf 4.53
Frequency source: wordfreq Urdu multi-corpus ranking

Semantic verification: direct dictionary sense corroborated — Kaikki+ReadUrdu+word2word

Sources:
- wordfreq Urdu — Unicode multi-corpus frequency ordering
- Kaikki/Wiktextract — bilingual lexicographic evidence
- ReadUrdu — independent Urdu-English bilingual evidence
- word2word — independent corpus-derived bilingual evidence"
آتش,"Rank: 1827

Meaning: fire; anger

Frequency evidence: wordfreq Zipf 4.52
Frequency source: wordfreq Urdu multi-corpus ranking

Semantic verification: direct dictionary sense corroborated — Kaikki+ReadUrdu+word2word

Sources:
- wordfreq Urdu — Unicode multi-corpus frequency ordering
- Kaikki/Wiktextract — bilingual lexicographic evidence
- ReadUrdu — independent Urdu-English bilingual evidence
- word2word — independent corpus-derived bilingual evidence"
اسلوب,"Rank: 1828

Meaning: high fashion; manner

Frequency evidence: wordfreq Zipf 4.52
Frequency source: wordfreq Urdu multi-corpus ranking

Semantic verification: direct dictionary sense corroborated — Kaikki+ReadUrdu

Sources:
- wordfreq Urdu — Unicode multi-corpus frequency ordering
- Kaikki/Wiktextract — bilingual lexicographic evidence
- ReadUrdu — independent Urdu-English bilingual evidence
- word2word — independent corpus-derived bilingual evidence"
بتائے,"Rank: 1829

Meaning: tell

Frequency evidence: wordfreq Zipf 4.52
Frequency source: wordfreq Urdu multi-corpus ranking

Semantic verification: direct dictionary sense corroborated — ReadUrdu+word2word

Sources:
- wordfreq Urdu — Unicode multi-corpus frequency ordering
- Kaikki/Wiktextract — bilingual lexicographic evidence
- ReadUrdu — independent Urdu-English bilingual evidence
- word2word — independent corpus-derived bilingual evidence"
بھروسہ,"Rank: 1830

Meaning: trust; faith

Frequency evidence: wordfreq Zipf 4.52
Frequency source: wordfreq Urdu multi-corpus ranking

Semantic verification: direct dictionary sense corroborated — Kaikki+ReadUrdu+word2word

Sources:
- wordfreq Urdu — Unicode multi-corpus frequency ordering
- Kaikki/Wiktextract — bilingual lexicographic evidence
- ReadUrdu — independent Urdu-English bilingual evidence
- word2word — independent corpus-derived bilingual evidence"
جلال,"Rank: 1831

Meaning: glory

Frequency evidence: wordfreq Zipf 4.52
Frequency source: wordfreq Urdu multi-corpus ranking

Semantic verification: direct dictionary sense corroborated — ReadUrdu+word2word

Sources:
- wordfreq Urdu — Unicode multi-corpus frequency ordering
- Kaikki/Wiktextract — bilingual lexicographic evidence
- ReadUrdu — independent Urdu-English bilingual evidence
- word2word — independent corpus-derived bilingual evidence"
جملہ,"Rank: 1832

Meaning: sentence

Frequency evidence: wordfreq Zipf 4.52
Frequency source: wordfreq Urdu multi-corpus ranking

Semantic verification: direct dictionary sense corroborated — Kaikki+ReadUrdu

Sources:
- wordfreq Urdu — Unicode multi-corpus frequency ordering
- Kaikki/Wiktextract — bilingual lexicographic evidence
- ReadUrdu — independent Urdu-English bilingual evidence
- word2word — independent corpus-derived bilingual evidence"
روپ,"Rank: 1833

Meaning: colour

Frequency evidence: wordfreq Zipf 4.52
Frequency source: wordfreq Urdu multi-corpus ranking

Semantic verification: direct dictionary sense corroborated — Kaikki+ReadUrdu

Sources:
- wordfreq Urdu — Unicode multi-corpus frequency ordering
- Kaikki/Wiktextract — bilingual lexicographic evidence
- ReadUrdu — independent Urdu-English bilingual evidence
- word2word — independent corpus-derived bilingual evidence"
سرد,"Rank: 1834

Meaning: cold; fall

Frequency evidence: wordfreq Zipf 4.52
Frequency source: wordfreq Urdu multi-corpus ranking

Semantic verification: direct dictionary sense corroborated — Kaikki+ReadUrdu+word2word

Sources:
- wordfreq Urdu — Unicode multi-corpus frequency ordering
- Kaikki/Wiktextract — bilingual lexicographic evidence
- ReadUrdu — independent Urdu-English bilingual evidence
- word2word — independent corpus-derived bilingual evidence"
سپاہی,"Rank: 1835

Meaning: soldier

Frequency evidence: wordfreq Zipf 4.52
Frequency source: wordfreq Urdu multi-corpus ranking

Semantic verification: direct dictionary sense corroborated — Kaikki+ReadUrdu+word2word

Sources:
- wordfreq Urdu — Unicode multi-corpus frequency ordering
- Kaikki/Wiktextract — bilingual lexicographic evidence
- ReadUrdu — independent Urdu-English bilingual evidence
- word2word — independent corpus-derived bilingual evidence"
صف,"Rank: 1836

Meaning: row; A rank

Frequency evidence: wordfreq Zipf 4.52
Frequency source: wordfreq Urdu multi-corpus ranking

Semantic verification: direct dictionary sense corroborated — ReadUrdu+word2word

Sources:
- wordfreq Urdu — Unicode multi-corpus frequency ordering
- Kaikki/Wiktextract — bilingual lexicographic evidence
- ReadUrdu — independent Urdu-English bilingual evidence
- word2word — independent corpus-derived bilingual evidence"
غالبا,"Rank: 1837

Meaning: probably; for the most part

Frequency evidence: wordfreq Zipf 4.52
Frequency source: wordfreq Urdu multi-corpus ranking

Semantic verification: direct dictionary sense corroborated — Kaikki+ReadUrdu

Sources:
- wordfreq Urdu — Unicode multi-corpus frequency ordering
- Kaikki/Wiktextract — bilingual lexicographic evidence
- ReadUrdu — independent Urdu-English bilingual evidence
- word2word — independent corpus-derived bilingual evidence"
مشاہدہ,"Rank: 1838

Meaning: observation; witnessing

Frequency evidence: wordfreq Zipf 4.52
Frequency source: wordfreq Urdu multi-corpus ranking

Semantic verification: direct dictionary sense corroborated — Kaikki+ReadUrdu+word2word

Sources:
- wordfreq Urdu — Unicode multi-corpus frequency ordering
- Kaikki/Wiktextract — bilingual lexicographic evidence
- ReadUrdu — independent Urdu-English bilingual evidence
- word2word — independent corpus-derived bilingual evidence"
مقدمات,"Rank: 1839

Meaning: cases

Frequency evidence: wordfreq Zipf 4.52
Frequency source: wordfreq Urdu multi-corpus ranking

Semantic verification: direct dictionary sense corroborated — ReadUrdu+word2word

Sources:
- wordfreq Urdu — Unicode multi-corpus frequency ordering
- Kaikki/Wiktextract — bilingual lexicographic evidence
- ReadUrdu — independent Urdu-English bilingual evidence
- word2word — independent corpus-derived bilingual evidence"
منسوخ,"Rank: 1840

Meaning: cancelled; abolished

Frequency evidence: wordfreq Zipf 4.52
Frequency source: wordfreq Urdu multi-corpus ranking

Semantic verification: direct dictionary sense corroborated — Kaikki+ReadUrdu

Sources:
- wordfreq Urdu — Unicode multi-corpus frequency ordering
- Kaikki/Wiktextract — bilingual lexicographic evidence
- ReadUrdu — independent Urdu-English bilingual evidence
- word2word — independent corpus-derived bilingual evidence"
پریشانی,"Rank: 1841

Meaning: trouble

Frequency evidence: wordfreq Zipf 4.52
Frequency source: wordfreq Urdu multi-corpus ranking

Semantic verification: direct dictionary sense corroborated — ReadUrdu+word2word

Sources:
- wordfreq Urdu — Unicode multi-corpus frequency ordering
- Kaikki/Wiktextract — bilingual lexicographic evidence
- ReadUrdu — independent Urdu-English bilingual evidence
- word2word — independent corpus-derived bilingual evidence"
پیروی,"Rank: 1842

Meaning: following; recommendation

Frequency evidence: wordfreq Zipf 4.52
Frequency source: wordfreq Urdu multi-corpus ranking

Semantic verification: direct dictionary sense corroborated — Kaikki+ReadUrdu+word2word

Sources:
- wordfreq Urdu — Unicode multi-corpus frequency ordering
- Kaikki/Wiktextract — bilingual lexicographic evidence
- ReadUrdu — independent Urdu-English bilingual evidence
- word2word — independent corpus-derived bilingual evidence"
چاہا,"Rank: 1843

Meaning: wanted

Frequency evidence: wordfreq Zipf 4.52
Frequency source: wordfreq Urdu multi-corpus ranking

Semantic verification: direct dictionary sense corroborated — ReadUrdu+word2word

Sources:
- wordfreq Urdu — Unicode multi-corpus frequency ordering
- Kaikki/Wiktextract — bilingual lexicographic evidence
- ReadUrdu — independent Urdu-English bilingual evidence
- word2word — independent corpus-derived bilingual evidence"
کمر,"Rank: 1844

Meaning: waist; a sheath

Frequency evidence: wordfreq Zipf 4.52
Frequency source: wordfreq Urdu multi-corpus ranking

Semantic verification: direct dictionary sense corroborated — Kaikki+ReadUrdu

Sources:
- wordfreq Urdu — Unicode multi-corpus frequency ordering
- Kaikki/Wiktextract — bilingual lexicographic evidence
- ReadUrdu — independent Urdu-English bilingual evidence
- word2word — independent corpus-derived bilingual evidence"
گردن,"Rank: 1845

Meaning: neck

Frequency evidence: wordfreq Zipf 4.52
Frequency source: wordfreq Urdu multi-corpus ranking

Semantic verification: direct dictionary sense corroborated — Kaikki+ReadUrdu+word2word

Sources:
- wordfreq Urdu — Unicode multi-corpus frequency ordering
- Kaikki/Wiktextract — bilingual lexicographic evidence
- ReadUrdu — independent Urdu-English bilingual evidence
- word2word — independent corpus-derived bilingual evidence"
ہرگز,"Rank: 1846

Meaning: at any time; ever

Frequency evidence: wordfreq Zipf 4.52
Frequency source: wordfreq Urdu multi-corpus ranking

Semantic verification: direct dictionary sense corroborated — Kaikki+ReadUrdu

Sources:
- wordfreq Urdu — Unicode multi-corpus frequency ordering
- Kaikki/Wiktextract — bilingual lexicographic evidence
- ReadUrdu — independent Urdu-English bilingual evidence
- word2word — independent corpus-derived bilingual evidence"
ہستی,"Rank: 1847

Meaning: being; existence

Frequency evidence: wordfreq Zipf 4.52
Frequency source: wordfreq Urdu multi-corpus ranking

Semantic verification: direct dictionary sense corroborated — Kaikki+ReadUrdu

Sources:
- wordfreq Urdu — Unicode multi-corpus frequency ordering
- Kaikki/Wiktextract — bilingual lexicographic evidence
- ReadUrdu — independent Urdu-English bilingual evidence
- word2word — independent corpus-derived bilingual evidence"
یونس,"Rank: 1848

Meaning: Book of Jonah; Jonah

Frequency evidence: wordfreq Zipf 4.52
Frequency source: wordfreq Urdu multi-corpus ranking

Semantic verification: direct dictionary sense corroborated — Kaikki+ReadUrdu

Sources:
- wordfreq Urdu — Unicode multi-corpus frequency ordering
- Kaikki/Wiktextract — bilingual lexicographic evidence
- ReadUrdu — independent Urdu-English bilingual evidence
- word2word — independent corpus-derived bilingual evidence"
آغا,"Rank: 1849

Meaning: Mr

Frequency evidence: wordfreq Zipf 4.51
Frequency source: wordfreq Urdu multi-corpus ranking

Semantic verification: direct dictionary sense corroborated — Kaikki+ReadUrdu

Sources:
- wordfreq Urdu — Unicode multi-corpus frequency ordering
- Kaikki/Wiktextract — bilingual lexicographic evidence
- ReadUrdu — independent Urdu-English bilingual evidence
- word2word — independent corpus-derived bilingual evidence"
تارکین,"Rank: 1850

Meaning: immigrants; sacrificers

Frequency evidence: wordfreq Zipf 4.51
Frequency source: wordfreq Urdu multi-corpus ranking

Semantic verification: direct dictionary sense corroborated — Kaikki+ReadUrdu+word2word

Sources:
- wordfreq Urdu — Unicode multi-corpus frequency ordering
- Kaikki/Wiktextract — bilingual lexicographic evidence
- ReadUrdu — independent Urdu-English bilingual evidence
- word2word — independent corpus-derived bilingual evidence"
ترجیح,"Rank: 1851

Meaning: preference; priority

Frequency evidence: wordfreq Zipf 4.51
Frequency source: wordfreq Urdu multi-corpus ranking

Semantic verification: direct dictionary sense corroborated — Kaikki+ReadUrdu+word2word

Sources:
- wordfreq Urdu — Unicode multi-corpus frequency ordering
- Kaikki/Wiktextract — bilingual lexicographic evidence
- ReadUrdu — independent Urdu-English bilingual evidence
- word2word — independent corpus-derived bilingual evidence"
جدا,"Rank: 1852

Meaning: different; separate

Frequency evidence: wordfreq Zipf 4.51
Frequency source: wordfreq Urdu multi-corpus ranking

Semantic verification: direct dictionary sense corroborated — Kaikki+ReadUrdu

Sources:
- wordfreq Urdu — Unicode multi-corpus frequency ordering
- Kaikki/Wiktextract — bilingual lexicographic evidence
- ReadUrdu — independent Urdu-English bilingual evidence
- word2word — independent corpus-derived bilingual evidence"
داغ,"Rank: 1853

Meaning: spot; a stain

Frequency evidence: wordfreq Zipf 4.51
Frequency source: wordfreq Urdu multi-corpus ranking

Semantic verification: direct dictionary sense corroborated — Kaikki+ReadUrdu

Sources:
- wordfreq Urdu — Unicode multi-corpus frequency ordering
- Kaikki/Wiktextract — bilingual lexicographic evidence
- ReadUrdu — independent Urdu-English bilingual evidence
- word2word — independent corpus-derived bilingual evidence"
دربار,"Rank: 1854

Meaning: royal court; palace

Frequency evidence: wordfreq Zipf 4.51
Frequency source: wordfreq Urdu multi-corpus ranking

Semantic verification: direct dictionary sense corroborated — Kaikki+ReadUrdu

Sources:
- wordfreq Urdu — Unicode multi-corpus frequency ordering
- Kaikki/Wiktextract — bilingual lexicographic evidence
- ReadUrdu — independent Urdu-English bilingual evidence
- word2word — independent corpus-derived bilingual evidence"
سبھا,"Rank: 1855

Meaning: meeting; council

Frequency evidence: wordfreq Zipf 4.51
Frequency source: wordfreq Urdu multi-corpus ranking

Semantic verification: direct dictionary sense corroborated — Kaikki+ReadUrdu

Sources:
- wordfreq Urdu — Unicode multi-corpus frequency ordering
- Kaikki/Wiktextract — bilingual lexicographic evidence
- ReadUrdu — independent Urdu-English bilingual evidence
- word2word — independent corpus-derived bilingual evidence"
سجدہ,"Rank: 1856

Meaning: prostration

Frequency evidence: wordfreq Zipf 4.51
Frequency source: wordfreq Urdu multi-corpus ranking

Semantic verification: direct dictionary sense corroborated — Kaikki+ReadUrdu

Sources:
- wordfreq Urdu — Unicode multi-corpus frequency ordering
- Kaikki/Wiktextract — bilingual lexicographic evidence
- ReadUrdu — independent Urdu-English bilingual evidence
- word2word — independent corpus-derived bilingual evidence"
سرحدی,"Rank: 1857

Meaning: border

Frequency evidence: wordfreq Zipf 4.51
Frequency source: wordfreq Urdu multi-corpus ranking

Semantic verification: direct dictionary sense corroborated — ReadUrdu+word2word

Sources:
- wordfreq Urdu — Unicode multi-corpus frequency ordering
- Kaikki/Wiktextract — bilingual lexicographic evidence
- ReadUrdu — independent Urdu-English bilingual evidence
- word2word — independent corpus-derived bilingual evidence"
سچائی,"Rank: 1858

Meaning: truth

Frequency evidence: wordfreq Zipf 4.51
Frequency source: wordfreq Urdu multi-corpus ranking

Semantic verification: direct dictionary sense corroborated — Kaikki+ReadUrdu+word2word

Sources:
- wordfreq Urdu — Unicode multi-corpus frequency ordering
- Kaikki/Wiktextract — bilingual lexicographic evidence
- ReadUrdu — independent Urdu-English bilingual evidence
- word2word — independent corpus-derived bilingual evidence"
ضمیر,"Rank: 1859

Meaning: conscience; mind

Frequency evidence: wordfreq Zipf 4.51
Frequency source: wordfreq Urdu multi-corpus ranking

Semantic verification: direct dictionary sense corroborated — Kaikki+ReadUrdu+word2word

Sources:
- wordfreq Urdu — Unicode multi-corpus frequency ordering
- Kaikki/Wiktextract — bilingual lexicographic evidence
- ReadUrdu — independent Urdu-English bilingual evidence
- word2word — independent corpus-derived bilingual evidence"
فقہ,"Rank: 1860

Meaning: knowledge; understanding

Frequency evidence: wordfreq Zipf 4.51
Frequency source: wordfreq Urdu multi-corpus ranking

Semantic verification: direct dictionary sense corroborated — Kaikki+ReadUrdu

Sources:
- wordfreq Urdu — Unicode multi-corpus frequency ordering
- Kaikki/Wiktextract — bilingual lexicographic evidence
- ReadUrdu — independent Urdu-English bilingual evidence
- word2word — independent corpus-derived bilingual evidence"
قبرستان,"Rank: 1861

Meaning: cemetery; graveyard

Frequency evidence: wordfreq Zipf 4.51
Frequency source: wordfreq Urdu multi-corpus ranking

Semantic verification: direct dictionary sense corroborated — Kaikki+ReadUrdu

Sources:
- wordfreq Urdu — Unicode multi-corpus frequency ordering
- Kaikki/Wiktextract — bilingual lexicographic evidence
- ReadUrdu — independent Urdu-English bilingual evidence
- word2word — independent corpus-derived bilingual evidence"
قصہ,"Rank: 1862

Meaning: story; tale

Frequency evidence: wordfreq Zipf 4.51
Frequency source: wordfreq Urdu multi-corpus ranking

Semantic verification: direct dictionary sense corroborated — Kaikki+ReadUrdu

Sources:
- wordfreq Urdu — Unicode multi-corpus frequency ordering
- Kaikki/Wiktextract — bilingual lexicographic evidence
- ReadUrdu — independent Urdu-English bilingual evidence
- word2word — independent corpus-derived bilingual evidence"
لاپتہ,"Rank: 1863

Meaning: missing; unknown

Frequency evidence: wordfreq Zipf 4.51
Frequency source: wordfreq Urdu multi-corpus ranking

Semantic verification: direct dictionary sense corroborated — Kaikki+ReadUrdu+word2word

Sources:
- wordfreq Urdu — Unicode multi-corpus frequency ordering
- Kaikki/Wiktextract — bilingual lexicographic evidence
- ReadUrdu — independent Urdu-English bilingual evidence
- word2word — independent corpus-derived bilingual evidence"
مادہ,"Rank: 1864

Meaning: female; matter

Frequency evidence: wordfreq Zipf 4.51
Frequency source: wordfreq Urdu multi-corpus ranking

Semantic verification: direct dictionary sense corroborated — Kaikki+ReadUrdu

Sources:
- wordfreq Urdu — Unicode multi-corpus frequency ordering
- Kaikki/Wiktextract — bilingual lexicographic evidence
- ReadUrdu — independent Urdu-English bilingual evidence
- word2word — independent corpus-derived bilingual evidence"
مستحق,"Rank: 1865

Meaning: deserving; poor

Frequency evidence: wordfreq Zipf 4.51
Frequency source: wordfreq Urdu multi-corpus ranking

Semantic verification: direct dictionary sense corroborated — Kaikki+ReadUrdu+word2word

Sources:
- wordfreq Urdu — Unicode multi-corpus frequency ordering
- Kaikki/Wiktextract — bilingual lexicographic evidence
- ReadUrdu — independent Urdu-English bilingual evidence
- word2word — independent corpus-derived bilingual evidence"
ملازم,"Rank: 1866

Meaning: employee

Frequency evidence: wordfreq Zipf 4.51
Frequency source: wordfreq Urdu multi-corpus ranking

Semantic verification: direct dictionary sense corroborated — ReadUrdu+word2word

Sources:
- wordfreq Urdu — Unicode multi-corpus frequency ordering
- Kaikki/Wiktextract — bilingual lexicographic evidence
- ReadUrdu — independent Urdu-English bilingual evidence
- word2word — independent corpus-derived bilingual evidence"
مندر,"Rank: 1867

Meaning: temple; place or house of worship

Frequency evidence: wordfreq Zipf 4.51
Frequency source: wordfreq Urdu multi-corpus ranking

Semantic verification: direct dictionary sense corroborated — Kaikki+ReadUrdu+word2word

Sources:
- wordfreq Urdu — Unicode multi-corpus frequency ordering
- Kaikki/Wiktextract — bilingual lexicographic evidence
- ReadUrdu — independent Urdu-English bilingual evidence
- word2word — independent corpus-derived bilingual evidence"
نفاذ,"Rank: 1868

Meaning: enforcement; promulgation

Frequency evidence: wordfreq Zipf 4.51
Frequency source: wordfreq Urdu multi-corpus ranking

Semantic verification: direct dictionary sense corroborated — Kaikki+ReadUrdu

Sources:
- wordfreq Urdu — Unicode multi-corpus frequency ordering
- Kaikki/Wiktextract — bilingual lexicographic evidence
- ReadUrdu — independent Urdu-English bilingual evidence
- word2word — independent corpus-derived bilingual evidence"
کلمہ,"Rank: 1869

Meaning: word; saying

Frequency evidence: wordfreq Zipf 4.51
Frequency source: wordfreq Urdu multi-corpus ranking

Semantic verification: direct dictionary sense corroborated — Kaikki+ReadUrdu

Sources:
- wordfreq Urdu — Unicode multi-corpus frequency ordering
- Kaikki/Wiktextract — bilingual lexicographic evidence
- ReadUrdu — independent Urdu-English bilingual evidence
- word2word — independent corpus-derived bilingual evidence"
بدر,"Rank: 1870

Meaning: out of doors; full moon

Frequency evidence: wordfreq Zipf 4.50
Frequency source: wordfreq Urdu multi-corpus ranking

Semantic verification: direct dictionary sense corroborated — Kaikki+ReadUrdu

Sources:
- wordfreq Urdu — Unicode multi-corpus frequency ordering
- Kaikki/Wiktextract — bilingual lexicographic evidence
- ReadUrdu — independent Urdu-English bilingual evidence
- word2word — independent corpus-derived bilingual evidence"
برباد,"Rank: 1871

Meaning: ruined; destroyed

Frequency evidence: wordfreq Zipf 4.50
Frequency source: wordfreq Urdu multi-corpus ranking

Semantic verification: direct dictionary sense corroborated — Kaikki+ReadUrdu+word2word

Sources:
- wordfreq Urdu — Unicode multi-corpus frequency ordering
- Kaikki/Wiktextract — bilingual lexicographic evidence
- ReadUrdu — independent Urdu-English bilingual evidence
- word2word — independent corpus-derived bilingual evidence"
تسلی,"Rank: 1872

Meaning: satisfaction; comfort

Frequency evidence: wordfreq Zipf 4.50
Frequency source: wordfreq Urdu multi-corpus ranking

Semantic verification: direct dictionary sense corroborated — Kaikki+ReadUrdu

Sources:
- wordfreq Urdu — Unicode multi-corpus frequency ordering
- Kaikki/Wiktextract — bilingual lexicographic evidence
- ReadUrdu — independent Urdu-English bilingual evidence
- word2word — independent corpus-derived bilingual evidence"
تلوار,"Rank: 1873

Meaning: a sword

Frequency evidence: wordfreq Zipf 4.50
Frequency source: wordfreq Urdu multi-corpus ranking

Semantic verification: direct dictionary sense corroborated — Kaikki+ReadUrdu+word2word

Sources:
- wordfreq Urdu — Unicode multi-corpus frequency ordering
- Kaikki/Wiktextract — bilingual lexicographic evidence
- ReadUrdu — independent Urdu-English bilingual evidence
- word2word — independent corpus-derived bilingual evidence"
خالص,"Rank: 1874

Meaning: pure

Frequency evidence: wordfreq Zipf 4.50
Frequency source: wordfreq Urdu multi-corpus ranking

Semantic verification: direct dictionary sense corroborated — ReadUrdu+word2word

Sources:
- wordfreq Urdu — Unicode multi-corpus frequency ordering
- Kaikki/Wiktextract — bilingual lexicographic evidence
- ReadUrdu — independent Urdu-English bilingual evidence
- word2word — independent corpus-derived bilingual evidence"
رفتہ,"Rank: 1875

Meaning: gone

Frequency evidence: wordfreq Zipf 4.50
Frequency source: wordfreq Urdu multi-corpus ranking

Semantic verification: direct dictionary sense corroborated — Kaikki+ReadUrdu

Sources:
- wordfreq Urdu — Unicode multi-corpus frequency ordering
- Kaikki/Wiktextract — bilingual lexicographic evidence
- ReadUrdu — independent Urdu-English bilingual evidence
- word2word — independent corpus-derived bilingual evidence"
صداقت,"Rank: 1876

Meaning: the truth; friendship

Frequency evidence: wordfreq Zipf 4.50
Frequency source: wordfreq Urdu multi-corpus ranking

Semantic verification: direct dictionary sense corroborated — Kaikki+ReadUrdu

Sources:
- wordfreq Urdu — Unicode multi-corpus frequency ordering
- Kaikki/Wiktextract — bilingual lexicographic evidence
- ReadUrdu — independent Urdu-English bilingual evidence
- word2word — independent corpus-derived bilingual evidence"
ضبط,"Rank: 1877

Meaning: seized; confiscated

Frequency evidence: wordfreq Zipf 4.50
Frequency source: wordfreq Urdu multi-corpus ranking

Semantic verification: direct dictionary sense corroborated — Kaikki+ReadUrdu+word2word

Sources:
- wordfreq Urdu — Unicode multi-corpus frequency ordering
- Kaikki/Wiktextract — bilingual lexicographic evidence
- ReadUrdu — independent Urdu-English bilingual evidence
- word2word — independent corpus-derived bilingual evidence"
عمومی,"Rank: 1878

Meaning: general

Frequency evidence: wordfreq Zipf 4.50
Frequency source: wordfreq Urdu multi-corpus ranking

Semantic verification: direct dictionary sense corroborated — Kaikki+ReadUrdu

Sources:
- wordfreq Urdu — Unicode multi-corpus frequency ordering
- Kaikki/Wiktextract — bilingual lexicographic evidence
- ReadUrdu — independent Urdu-English bilingual evidence
- word2word — independent corpus-derived bilingual evidence"
فلسفہ,"Rank: 1879

Meaning: philosophy

Frequency evidence: wordfreq Zipf 4.50
Frequency source: wordfreq Urdu multi-corpus ranking

Semantic verification: direct dictionary sense corroborated — Kaikki+ReadUrdu+word2word

Sources:
- wordfreq Urdu — Unicode multi-corpus frequency ordering
- Kaikki/Wiktextract — bilingual lexicographic evidence
- ReadUrdu — independent Urdu-English bilingual evidence
- word2word — independent corpus-derived bilingual evidence"
لڑ,"Rank: 1880

Meaning: fighting

Frequency evidence: wordfreq Zipf 4.50
Frequency source: wordfreq Urdu multi-corpus ranking

Semantic verification: direct dictionary sense corroborated — ReadUrdu+word2word

Sources:
- wordfreq Urdu — Unicode multi-corpus frequency ordering
- Kaikki/Wiktextract — bilingual lexicographic evidence
- ReadUrdu — independent Urdu-English bilingual evidence
- word2word — independent corpus-derived bilingual evidence"
ماسٹر,"Rank: 1881

Meaning: master; teacher

Frequency evidence: wordfreq Zipf 4.50
Frequency source: wordfreq Urdu multi-corpus ranking

Semantic verification: direct dictionary sense corroborated — Kaikki+ReadUrdu+word2word

Sources:
- wordfreq Urdu — Unicode multi-corpus frequency ordering
- Kaikki/Wiktextract — bilingual lexicographic evidence
- ReadUrdu — independent Urdu-English bilingual evidence
- word2word — independent corpus-derived bilingual evidence"
وارث,"Rank: 1882

Meaning: heir; inheritor

Frequency evidence: wordfreq Zipf 4.50
Frequency source: wordfreq Urdu multi-corpus ranking

Semantic verification: direct dictionary sense corroborated — Kaikki+ReadUrdu+word2word

Sources:
- wordfreq Urdu — Unicode multi-corpus frequency ordering
- Kaikki/Wiktextract — bilingual lexicographic evidence
- ReadUrdu — independent Urdu-English bilingual evidence
- word2word — independent corpus-derived bilingual evidence"
وسعت,"Rank: 1883

Meaning: space; convenience

Frequency evidence: wordfreq Zipf 4.50
Frequency source: wordfreq Urdu multi-corpus ranking

Semantic verification: direct dictionary sense corroborated — Kaikki+ReadUrdu

Sources:
- wordfreq Urdu — Unicode multi-corpus frequency ordering
- Kaikki/Wiktextract — bilingual lexicographic evidence
- ReadUrdu — independent Urdu-English bilingual evidence
- word2word — independent corpus-derived bilingual evidence"
کور,"Rank: 1884

Meaning: blind; splinter

Frequency evidence: wordfreq Zipf 4.50
Frequency source: wordfreq Urdu multi-corpus ranking

Semantic verification: direct dictionary sense corroborated — Kaikki+ReadUrdu

Sources:
- wordfreq Urdu — Unicode multi-corpus frequency ordering
- Kaikki/Wiktextract — bilingual lexicographic evidence
- ReadUrdu — independent Urdu-English bilingual evidence
- word2word — independent corpus-derived bilingual evidence"
اصحاب,"Rank: 1885

Meaning: masters; lords

Frequency evidence: wordfreq Zipf 4.49
Frequency source: wordfreq Urdu multi-corpus ranking

Semantic verification: direct dictionary sense corroborated — Kaikki+ReadUrdu

Sources:
- wordfreq Urdu — Unicode multi-corpus frequency ordering
- Kaikki/Wiktextract — bilingual lexicographic evidence
- ReadUrdu — independent Urdu-English bilingual evidence
- word2word — independent corpus-derived bilingual evidence"
انا,"Rank: 1886

Meaning: ego

Frequency evidence: wordfreq Zipf 4.49
Frequency source: wordfreq Urdu multi-corpus ranking

Semantic verification: direct dictionary sense corroborated — ReadUrdu+word2word

Sources:
- wordfreq Urdu — Unicode multi-corpus frequency ordering
- Kaikki/Wiktextract — bilingual lexicographic evidence
- ReadUrdu — independent Urdu-English bilingual evidence
- word2word — independent corpus-derived bilingual evidence"
انگلستان,"Rank: 1887

Meaning: England; Inglistan

Frequency evidence: wordfreq Zipf 4.49
Frequency source: wordfreq Urdu multi-corpus ranking

Semantic verification: direct dictionary sense corroborated — Kaikki+ReadUrdu

Sources:
- wordfreq Urdu — Unicode multi-corpus frequency ordering
- Kaikki/Wiktextract — bilingual lexicographic evidence
- ReadUrdu — independent Urdu-English bilingual evidence
- word2word — independent corpus-derived bilingual evidence"
تجھ,"Rank: 1888

Meaning: intimate or very polite: thee; Early Modern English thee

Frequency evidence: wordfreq Zipf 4.49
Frequency source: wordfreq Urdu multi-corpus ranking

Semantic verification: direct dictionary sense corroborated — Kaikki+ReadUrdu

Sources:
- wordfreq Urdu — Unicode multi-corpus frequency ordering
- Kaikki/Wiktextract — bilingual lexicographic evidence
- ReadUrdu — independent Urdu-English bilingual evidence
- word2word — independent corpus-derived bilingual evidence"
خالق,"Rank: 1889

Meaning: creator; an epithet for God

Frequency evidence: wordfreq Zipf 4.49
Frequency source: wordfreq Urdu multi-corpus ranking

Semantic verification: direct dictionary sense corroborated — Kaikki+ReadUrdu+word2word

Sources:
- wordfreq Urdu — Unicode multi-corpus frequency ordering
- Kaikki/Wiktextract — bilingual lexicographic evidence
- ReadUrdu — independent Urdu-English bilingual evidence
- word2word — independent corpus-derived bilingual evidence"
خوشبو,"Rank: 1890

Meaning: fragrance

Frequency evidence: wordfreq Zipf 4.49
Frequency source: wordfreq Urdu multi-corpus ranking

Semantic verification: direct dictionary sense corroborated — Kaikki+ReadUrdu

Sources:
- wordfreq Urdu — Unicode multi-corpus frequency ordering
- Kaikki/Wiktextract — bilingual lexicographic evidence
- ReadUrdu — independent Urdu-English bilingual evidence
- word2word — independent corpus-derived bilingual evidence"
داستان,"Rank: 1891

Meaning: tale

Frequency evidence: wordfreq Zipf 4.49
Frequency source: wordfreq Urdu multi-corpus ranking

Semantic verification: direct dictionary sense corroborated — Kaikki+ReadUrdu

Sources:
- wordfreq Urdu — Unicode multi-corpus frequency ordering
- Kaikki/Wiktextract — bilingual lexicographic evidence
- ReadUrdu — independent Urdu-English bilingual evidence
- word2word — independent corpus-derived bilingual evidence"
ذوق,"Rank: 1892

Meaning: taste; interest

Frequency evidence: wordfreq Zipf 4.49
Frequency source: wordfreq Urdu multi-corpus ranking

Semantic verification: direct dictionary sense corroborated — Kaikki+ReadUrdu

Sources:
- wordfreq Urdu — Unicode multi-corpus frequency ordering
- Kaikki/Wiktextract — bilingual lexicographic evidence
- ReadUrdu — independent Urdu-English bilingual evidence
- word2word — independent corpus-derived bilingual evidence"
روزنامہ,"Rank: 1893

Meaning: newspaper

Frequency evidence: wordfreq Zipf 4.49
Frequency source: wordfreq Urdu multi-corpus ranking

Semantic verification: direct dictionary sense corroborated — Kaikki+ReadUrdu

Sources:
- wordfreq Urdu — Unicode multi-corpus frequency ordering
- Kaikki/Wiktextract — bilingual lexicographic evidence
- ReadUrdu — independent Urdu-English bilingual evidence
- word2word — independent corpus-derived bilingual evidence"
عابد,"Rank: 1894

Meaning: devoted; believer

Frequency evidence: wordfreq Zipf 4.49
Frequency source: wordfreq Urdu multi-corpus ranking

Semantic verification: direct dictionary sense corroborated — Kaikki+ReadUrdu

Sources:
- wordfreq Urdu — Unicode multi-corpus frequency ordering
- Kaikki/Wiktextract — bilingual lexicographic evidence
- ReadUrdu — independent Urdu-English bilingual evidence
- word2word — independent corpus-derived bilingual evidence"
لعنت,"Rank: 1895

Meaning: curse; anathema

Frequency evidence: wordfreq Zipf 4.49
Frequency source: wordfreq Urdu multi-corpus ranking

Semantic verification: direct dictionary sense corroborated — Kaikki+ReadUrdu+word2word

Sources:
- wordfreq Urdu — Unicode multi-corpus frequency ordering
- Kaikki/Wiktextract — bilingual lexicographic evidence
- ReadUrdu — independent Urdu-English bilingual evidence
- word2word — independent corpus-derived bilingual evidence"
ٹرک,"Rank: 1896

Meaning: truck

Frequency evidence: wordfreq Zipf 4.49
Frequency source: wordfreq Urdu multi-corpus ranking

Semantic verification: direct dictionary sense corroborated — Kaikki+ReadUrdu+word2word

Sources:
- wordfreq Urdu — Unicode multi-corpus frequency ordering
- Kaikki/Wiktextract — bilingual lexicographic evidence
- ReadUrdu — independent Urdu-English bilingual evidence
- word2word — independent corpus-derived bilingual evidence"
چراغ,"Rank: 1897

Meaning: lamp

Frequency evidence: wordfreq Zipf 4.49
Frequency source: wordfreq Urdu multi-corpus ranking

Semantic verification: direct dictionary sense corroborated — Kaikki+ReadUrdu

Sources:
- wordfreq Urdu — Unicode multi-corpus frequency ordering
- Kaikki/Wiktextract — bilingual lexicographic evidence
- ReadUrdu — independent Urdu-English bilingual evidence
- word2word — independent corpus-derived bilingual evidence"
چپ,"Rank: 1898

Meaning: quiet; still

Frequency evidence: wordfreq Zipf 4.49
Frequency source: wordfreq Urdu multi-corpus ranking

Semantic verification: direct dictionary sense corroborated — Kaikki+ReadUrdu+word2word

Sources:
- wordfreq Urdu — Unicode multi-corpus frequency ordering
- Kaikki/Wiktextract — bilingual lexicographic evidence
- ReadUrdu — independent Urdu-English bilingual evidence
- word2word — independent corpus-derived bilingual evidence"
گانا,"Rank: 1899

Meaning: to sing; song

Frequency evidence: wordfreq Zipf 4.49
Frequency source: wordfreq Urdu multi-corpus ranking

Semantic verification: direct dictionary sense corroborated — Kaikki+ReadUrdu+word2word

Sources:
- wordfreq Urdu — Unicode multi-corpus frequency ordering
- Kaikki/Wiktextract — bilingual lexicographic evidence
- ReadUrdu — independent Urdu-English bilingual evidence
- word2word — independent corpus-derived bilingual evidence"
گھنٹہ,"Rank: 1900

Meaning: hour

Frequency evidence: wordfreq Zipf 4.49
Frequency source: wordfreq Urdu multi-corpus ranking

Semantic verification: direct dictionary sense corroborated — Kaikki+ReadUrdu+word2word

Sources:
- wordfreq Urdu — Unicode multi-corpus frequency ordering
- Kaikki/Wiktextract — bilingual lexicographic evidence
- ReadUrdu — independent Urdu-English bilingual evidence
- word2word — independent corpus-derived bilingual evidence"
استحکام,"Rank: 1901

Meaning: stability; establishment

Frequency evidence: wordfreq Zipf 4.48
Frequency source: wordfreq Urdu multi-corpus ranking

Semantic verification: direct dictionary sense corroborated — Kaikki+ReadUrdu+word2word

Sources:
- wordfreq Urdu — Unicode multi-corpus frequency ordering
- Kaikki/Wiktextract — bilingual lexicographic evidence
- ReadUrdu — independent Urdu-English bilingual evidence
- word2word — independent corpus-derived bilingual evidence"
تیر,"Rank: 1902

Meaning: bank

Frequency evidence: wordfreq Zipf 4.48
Frequency source: wordfreq Urdu multi-corpus ranking

Semantic verification: direct dictionary sense corroborated — Kaikki+ReadUrdu

Sources:
- wordfreq Urdu — Unicode multi-corpus frequency ordering
- Kaikki/Wiktextract — bilingual lexicographic evidence
- ReadUrdu — independent Urdu-English bilingual evidence
- word2word — independent corpus-derived bilingual evidence"
ذخیرہ,"Rank: 1903

Meaning: storehouse

Frequency evidence: wordfreq Zipf 4.48
Frequency source: wordfreq Urdu multi-corpus ranking

Semantic verification: direct dictionary sense corroborated — Kaikki+ReadUrdu+word2word

Sources:
- wordfreq Urdu — Unicode multi-corpus frequency ordering
- Kaikki/Wiktextract — bilingual lexicographic evidence
- ReadUrdu — independent Urdu-English bilingual evidence
- word2word — independent corpus-derived bilingual evidence"
رزق,"Rank: 1904

Meaning: daily bread

Frequency evidence: wordfreq Zipf 4.48
Frequency source: wordfreq Urdu multi-corpus ranking

Semantic verification: direct dictionary sense corroborated — Kaikki+ReadUrdu

Sources:
- wordfreq Urdu — Unicode multi-corpus frequency ordering
- Kaikki/Wiktextract — bilingual lexicographic evidence
- ReadUrdu — independent Urdu-English bilingual evidence
- word2word — independent corpus-derived bilingual evidence"
روپیہ,"Rank: 1905

Meaning: rupee

Frequency evidence: wordfreq Zipf 4.48
Frequency source: wordfreq Urdu multi-corpus ranking

Semantic verification: direct dictionary sense corroborated — Kaikki+ReadUrdu

Sources:
- wordfreq Urdu — Unicode multi-corpus frequency ordering
- Kaikki/Wiktextract — bilingual lexicographic evidence
- ReadUrdu — independent Urdu-English bilingual evidence
- word2word — independent corpus-derived bilingual evidence"
سستی,"Rank: 1906

Meaning: laziness; sloth

Frequency evidence: wordfreq Zipf 4.48
Frequency source: wordfreq Urdu multi-corpus ranking

Semantic verification: direct dictionary sense corroborated — Kaikki+ReadUrdu

Sources:
- wordfreq Urdu — Unicode multi-corpus frequency ordering
- Kaikki/Wiktextract — bilingual lexicographic evidence
- ReadUrdu — independent Urdu-English bilingual evidence
- word2word — independent corpus-derived bilingual evidence"
سچا,"Rank: 1907

Meaning: true

Frequency evidence: wordfreq Zipf 4.48
Frequency source: wordfreq Urdu multi-corpus ranking

Semantic verification: direct dictionary sense corroborated — Kaikki+ReadUrdu+word2word

Sources:
- wordfreq Urdu — Unicode multi-corpus frequency ordering
- Kaikki/Wiktextract — bilingual lexicographic evidence
- ReadUrdu — independent Urdu-English bilingual evidence
- word2word — independent corpus-derived bilingual evidence"
مسیحی,"Rank: 1908

Meaning: Christian

Frequency evidence: wordfreq Zipf 4.48
Frequency source: wordfreq Urdu multi-corpus ranking

Semantic verification: direct dictionary sense corroborated — Kaikki+ReadUrdu+word2word

Sources:
- wordfreq Urdu — Unicode multi-corpus frequency ordering
- Kaikki/Wiktextract — bilingual lexicographic evidence
- ReadUrdu — independent Urdu-English bilingual evidence
- word2word — independent corpus-derived bilingual evidence"
منتظر,"Rank: 1909

Meaning: waiting

Frequency evidence: wordfreq Zipf 4.48
Frequency source: wordfreq Urdu multi-corpus ranking

Semantic verification: direct dictionary sense corroborated — ReadUrdu+word2word

Sources:
- wordfreq Urdu — Unicode multi-corpus frequency ordering
- Kaikki/Wiktextract — bilingual lexicographic evidence
- ReadUrdu — independent Urdu-English bilingual evidence
- word2word — independent corpus-derived bilingual evidence"
نرم,"Rank: 1910

Meaning: soft

Frequency evidence: wordfreq Zipf 4.48
Frequency source: wordfreq Urdu multi-corpus ranking

Semantic verification: direct dictionary sense corroborated — Kaikki+ReadUrdu+word2word

Sources:
- wordfreq Urdu — Unicode multi-corpus frequency ordering
- Kaikki/Wiktextract — bilingual lexicographic evidence
- ReadUrdu — independent Urdu-English bilingual evidence
- word2word — independent corpus-derived bilingual evidence"
نصاب,"Rank: 1911

Meaning: capital; wealth

Frequency evidence: wordfreq Zipf 4.48
Frequency source: wordfreq Urdu multi-corpus ranking

Semantic verification: direct dictionary sense corroborated — Kaikki+ReadUrdu

Sources:
- wordfreq Urdu — Unicode multi-corpus frequency ordering
- Kaikki/Wiktextract — bilingual lexicographic evidence
- ReadUrdu — independent Urdu-English bilingual evidence
- word2word — independent corpus-derived bilingual evidence"
نصیحت,"Rank: 1912

Meaning: counsel

Frequency evidence: wordfreq Zipf 4.48
Frequency source: wordfreq Urdu multi-corpus ranking

Semantic verification: direct dictionary sense corroborated — Kaikki+ReadUrdu

Sources:
- wordfreq Urdu — Unicode multi-corpus frequency ordering
- Kaikki/Wiktextract — bilingual lexicographic evidence
- ReadUrdu — independent Urdu-English bilingual evidence
- word2word — independent corpus-derived bilingual evidence"
پہاڑی,"Rank: 1913

Meaning: hill

Frequency evidence: wordfreq Zipf 4.48
Frequency source: wordfreq Urdu multi-corpus ranking

Semantic verification: direct dictionary sense corroborated — ReadUrdu+word2word

Sources:
- wordfreq Urdu — Unicode multi-corpus frequency ordering
- Kaikki/Wiktextract — bilingual lexicographic evidence
- ReadUrdu — independent Urdu-English bilingual evidence
- word2word — independent corpus-derived bilingual evidence"
چودہ,"Rank: 1914

Meaning: fourteen

Frequency evidence: wordfreq Zipf 4.48
Frequency source: wordfreq Urdu multi-corpus ranking

Semantic verification: direct dictionary sense corroborated — Kaikki+ReadUrdu+word2word

Sources:
- wordfreq Urdu — Unicode multi-corpus frequency ordering
- Kaikki/Wiktextract — bilingual lexicographic evidence
- ReadUrdu — independent Urdu-English bilingual evidence
- word2word — independent corpus-derived bilingual evidence"
کرسی,"Rank: 1915

Meaning: chair

Frequency evidence: wordfreq Zipf 4.48
Frequency source: wordfreq Urdu multi-corpus ranking

Semantic verification: direct dictionary sense corroborated — Kaikki+ReadUrdu+word2word

Sources:
- wordfreq Urdu — Unicode multi-corpus frequency ordering
- Kaikki/Wiktextract — bilingual lexicographic evidence
- ReadUrdu — independent Urdu-English bilingual evidence
- word2word — independent corpus-derived bilingual evidence"
گرمی,"Rank: 1916

Meaning: heat; summer

Frequency evidence: wordfreq Zipf 4.48
Frequency source: wordfreq Urdu multi-corpus ranking

Semantic verification: direct dictionary sense corroborated — Kaikki+ReadUrdu+word2word

Sources:
- wordfreq Urdu — Unicode multi-corpus frequency ordering
- Kaikki/Wiktextract — bilingual lexicographic evidence
- ReadUrdu — independent Urdu-English bilingual evidence
- word2word — independent corpus-derived bilingual evidence"
گہرا,"Rank: 1917

Meaning: deep

Frequency evidence: wordfreq Zipf 4.48
Frequency source: wordfreq Urdu multi-corpus ranking

Semantic verification: direct dictionary sense corroborated — Kaikki+ReadUrdu+word2word

Sources:
- wordfreq Urdu — Unicode multi-corpus frequency ordering
- Kaikki/Wiktextract — bilingual lexicographic evidence
- ReadUrdu — independent Urdu-English bilingual evidence
- word2word — independent corpus-derived bilingual evidence"
اصطلاح,"Rank: 1918

Meaning: term; idiom

Frequency evidence: wordfreq Zipf 4.47
Frequency source: wordfreq Urdu multi-corpus ranking

Semantic verification: direct dictionary sense corroborated — Kaikki+ReadUrdu+word2word

Sources:
- wordfreq Urdu — Unicode multi-corpus frequency ordering
- Kaikki/Wiktextract — bilingual lexicographic evidence
- ReadUrdu — independent Urdu-English bilingual evidence
- word2word — independent corpus-derived bilingual evidence"
انجن,"Rank: 1919

Meaning: Engine

Frequency evidence: wordfreq Zipf 4.47
Frequency source: wordfreq Urdu multi-corpus ranking

Semantic verification: direct dictionary sense corroborated — ReadUrdu+word2word

Sources:
- wordfreq Urdu — Unicode multi-corpus frequency ordering
- Kaikki/Wiktextract — bilingual lexicographic evidence
- ReadUrdu — independent Urdu-English bilingual evidence
- word2word — independent corpus-derived bilingual evidence"
بھٹی,"Rank: 1920

Meaning: furnace

Frequency evidence: wordfreq Zipf 4.47
Frequency source: wordfreq Urdu multi-corpus ranking

Semantic verification: direct dictionary sense corroborated — Kaikki+ReadUrdu

Sources:
- wordfreq Urdu — Unicode multi-corpus frequency ordering
- Kaikki/Wiktextract — bilingual lexicographic evidence
- ReadUrdu — independent Urdu-English bilingual evidence
- word2word — independent corpus-derived bilingual evidence"
بیٹھنے,"Rank: 1921

Meaning: sit

Frequency evidence: wordfreq Zipf 4.47
Frequency source: wordfreq Urdu multi-corpus ranking

Semantic verification: direct dictionary sense corroborated — ReadUrdu+word2word

Sources:
- wordfreq Urdu — Unicode multi-corpus frequency ordering
- Kaikki/Wiktextract — bilingual lexicographic evidence
- ReadUrdu — independent Urdu-English bilingual evidence
- word2word — independent corpus-derived bilingual evidence"
تفتیش,"Rank: 1922

Meaning: investigation

Frequency evidence: wordfreq Zipf 4.47
Frequency source: wordfreq Urdu multi-corpus ranking

Semantic verification: direct dictionary sense corroborated — ReadUrdu+word2word

Sources:
- wordfreq Urdu — Unicode multi-corpus frequency ordering
- Kaikki/Wiktextract — bilingual lexicographic evidence
- ReadUrdu — independent Urdu-English bilingual evidence
- word2word — independent corpus-derived bilingual evidence"
تیرا,"Rank: 1923

Meaning: intimate or very polite: thine; second-person singular possessive pronoun

Frequency evidence: wordfreq Zipf 4.47
Frequency source: wordfreq Urdu multi-corpus ranking

Semantic verification: direct dictionary sense corroborated — Kaikki+ReadUrdu

Sources:
- wordfreq Urdu — Unicode multi-corpus frequency ordering
- Kaikki/Wiktextract — bilingual lexicographic evidence
- ReadUrdu — independent Urdu-English bilingual evidence
- word2word — independent corpus-derived bilingual evidence"
زبردستی,"Rank: 1924

Meaning: oppression; injustice

Frequency evidence: wordfreq Zipf 4.47
Frequency source: wordfreq Urdu multi-corpus ranking

Semantic verification: direct dictionary sense corroborated — Kaikki+ReadUrdu

Sources:
- wordfreq Urdu — Unicode multi-corpus frequency ordering
- Kaikki/Wiktextract — bilingual lexicographic evidence
- ReadUrdu — independent Urdu-English bilingual evidence
- word2word — independent corpus-derived bilingual evidence"
ستم,"Rank: 1925

Meaning: tyranny; cruelty

Frequency evidence: wordfreq Zipf 4.47
Frequency source: wordfreq Urdu multi-corpus ranking

Semantic verification: direct dictionary sense corroborated — Kaikki+ReadUrdu

Sources:
- wordfreq Urdu — Unicode multi-corpus frequency ordering
- Kaikki/Wiktextract — bilingual lexicographic evidence
- ReadUrdu — independent Urdu-English bilingual evidence
- word2word — independent corpus-derived bilingual evidence"
سونا,"Rank: 1926

Meaning: gold; empty

Frequency evidence: wordfreq Zipf 4.47
Frequency source: wordfreq Urdu multi-corpus ranking

Semantic verification: direct dictionary sense corroborated — Kaikki+ReadUrdu+word2word

Sources:
- wordfreq Urdu — Unicode multi-corpus frequency ordering
- Kaikki/Wiktextract — bilingual lexicographic evidence
- ReadUrdu — independent Urdu-English bilingual evidence
- word2word — independent corpus-derived bilingual evidence"
صلاح,"Rank: 1927

Meaning: counsel; advice

Frequency evidence: wordfreq Zipf 4.47
Frequency source: wordfreq Urdu multi-corpus ranking

Semantic verification: direct dictionary sense corroborated — Kaikki+ReadUrdu+word2word

Sources:
- wordfreq Urdu — Unicode multi-corpus frequency ordering
- Kaikki/Wiktextract — bilingual lexicographic evidence
- ReadUrdu — independent Urdu-English bilingual evidence
- word2word — independent corpus-derived bilingual evidence"
طیب,"Rank: 1928

Meaning: good; pleasant

Frequency evidence: wordfreq Zipf 4.47
Frequency source: wordfreq Urdu multi-corpus ranking

Semantic verification: direct dictionary sense corroborated — Kaikki+ReadUrdu

Sources:
- wordfreq Urdu — Unicode multi-corpus frequency ordering
- Kaikki/Wiktextract — bilingual lexicographic evidence
- ReadUrdu — independent Urdu-English bilingual evidence
- word2word — independent corpus-derived bilingual evidence"
عیسائی,"Rank: 1929

Meaning: Christian

Frequency evidence: wordfreq Zipf 4.47
Frequency source: wordfreq Urdu multi-corpus ranking

Semantic verification: direct dictionary sense corroborated — Kaikki+ReadUrdu+word2word

Sources:
- wordfreq Urdu — Unicode multi-corpus frequency ordering
- Kaikki/Wiktextract — bilingual lexicographic evidence
- ReadUrdu — independent Urdu-English bilingual evidence
- word2word — independent corpus-derived bilingual evidence"
مزدور,"Rank: 1930

Meaning: worker; porter

Frequency evidence: wordfreq Zipf 4.47
Frequency source: wordfreq Urdu multi-corpus ranking

Semantic verification: direct dictionary sense corroborated — Kaikki+ReadUrdu

Sources:
- wordfreq Urdu — Unicode multi-corpus frequency ordering
- Kaikki/Wiktextract — bilingual lexicographic evidence
- ReadUrdu — independent Urdu-English bilingual evidence
- word2word — independent corpus-derived bilingual evidence"
معاشرہ,"Rank: 1931

Meaning: society

Frequency evidence: wordfreq Zipf 4.47
Frequency source: wordfreq Urdu multi-corpus ranking

Semantic verification: direct dictionary sense corroborated — Kaikki+ReadUrdu+word2word

Sources:
- wordfreq Urdu — Unicode multi-corpus frequency ordering
- Kaikki/Wiktextract — bilingual lexicographic evidence
- ReadUrdu — independent Urdu-English bilingual evidence
- word2word — independent corpus-derived bilingual evidence"
ملنا,"Rank: 1932

Meaning: to be found; to meet

Frequency evidence: wordfreq Zipf 4.47
Frequency source: wordfreq Urdu multi-corpus ranking

Semantic verification: direct dictionary sense corroborated — Kaikki+ReadUrdu+word2word

Sources:
- wordfreq Urdu — Unicode multi-corpus frequency ordering
- Kaikki/Wiktextract — bilingual lexicographic evidence
- ReadUrdu — independent Urdu-English bilingual evidence
- word2word — independent corpus-derived bilingual evidence"
مچھلی,"Rank: 1933

Meaning: fish

Frequency evidence: wordfreq Zipf 4.47
Frequency source: wordfreq Urdu multi-corpus ranking

Semantic verification: direct dictionary sense corroborated — Kaikki+ReadUrdu+word2word

Sources:
- wordfreq Urdu — Unicode multi-corpus frequency ordering
- Kaikki/Wiktextract — bilingual lexicographic evidence
- ReadUrdu — independent Urdu-English bilingual evidence
- word2word — independent corpus-derived bilingual evidence"
گھڑی,"Rank: 1934

Meaning: watch; time

Frequency evidence: wordfreq Zipf 4.47
Frequency source: wordfreq Urdu multi-corpus ranking

Semantic verification: direct dictionary sense corroborated — Kaikki+ReadUrdu+word2word

Sources:
- wordfreq Urdu — Unicode multi-corpus frequency ordering
- Kaikki/Wiktextract — bilingual lexicographic evidence
- ReadUrdu — independent Urdu-English bilingual evidence
- word2word — independent corpus-derived bilingual evidence"
ایجاد,"Rank: 1935

Meaning: invention

Frequency evidence: wordfreq Zipf 4.46
Frequency source: wordfreq Urdu multi-corpus ranking

Semantic verification: direct dictionary sense corroborated — ReadUrdu+word2word

Sources:
- wordfreq Urdu — Unicode multi-corpus frequency ordering
- Kaikki/Wiktextract — bilingual lexicographic evidence
- ReadUrdu — independent Urdu-English bilingual evidence
- word2word — independent corpus-derived bilingual evidence"
باغی,"Rank: 1936

Meaning: insurgent; recalcitrant

Frequency evidence: wordfreq Zipf 4.46
Frequency source: wordfreq Urdu multi-corpus ranking

Semantic verification: direct dictionary sense corroborated — Kaikki+ReadUrdu

Sources:
- wordfreq Urdu — Unicode multi-corpus frequency ordering
- Kaikki/Wiktextract — bilingual lexicographic evidence
- ReadUrdu — independent Urdu-English bilingual evidence
- word2word — independent corpus-derived bilingual evidence"
بت,"Rank: 1937

Meaning: line; mark

Frequency evidence: wordfreq Zipf 4.46
Frequency source: wordfreq Urdu multi-corpus ranking

Semantic verification: direct dictionary sense corroborated — Kaikki+ReadUrdu

Sources:
- wordfreq Urdu — Unicode multi-corpus frequency ordering
- Kaikki/Wiktextract — bilingual lexicographic evidence
- ReadUrdu — independent Urdu-English bilingual evidence
- word2word — independent corpus-derived bilingual evidence"
بھرتی,"Rank: 1938

Meaning: enlistment

Frequency evidence: wordfreq Zipf 4.46
Frequency source: wordfreq Urdu multi-corpus ranking

Semantic verification: direct dictionary sense corroborated — ReadUrdu+word2word

Sources:
- wordfreq Urdu — Unicode multi-corpus frequency ordering
- Kaikki/Wiktextract — bilingual lexicographic evidence
- ReadUrdu — independent Urdu-English bilingual evidence
- word2word — independent corpus-derived bilingual evidence"
تحریری,"Rank: 1939

Meaning: Written

Frequency evidence: wordfreq Zipf 4.46
Frequency source: wordfreq Urdu multi-corpus ranking

Semantic verification: direct dictionary sense corroborated — ReadUrdu+word2word

Sources:
- wordfreq Urdu — Unicode multi-corpus frequency ordering
- Kaikki/Wiktextract — bilingual lexicographic evidence
- ReadUrdu — independent Urdu-English bilingual evidence
- word2word — independent corpus-derived bilingual evidence"
تحفہ,"Rank: 1940

Meaning: gift

Frequency evidence: wordfreq Zipf 4.46
Frequency source: wordfreq Urdu multi-corpus ranking

Semantic verification: direct dictionary sense corroborated — Kaikki+ReadUrdu+word2word

Sources:
- wordfreq Urdu — Unicode multi-corpus frequency ordering
- Kaikki/Wiktextract — bilingual lexicographic evidence
- ReadUrdu — independent Urdu-English bilingual evidence
- word2word — independent corpus-derived bilingual evidence"
درکار,"Rank: 1941

Meaning: need

Frequency evidence: wordfreq Zipf 4.46
Frequency source: wordfreq Urdu multi-corpus ranking

Semantic verification: direct dictionary sense corroborated — Kaikki+ReadUrdu+word2word

Sources:
- wordfreq Urdu — Unicode multi-corpus frequency ordering
- Kaikki/Wiktextract — bilingual lexicographic evidence
- ReadUrdu — independent Urdu-English bilingual evidence
- word2word — independent corpus-derived bilingual evidence"
شہزادہ,"Rank: 1942

Meaning: prince

Frequency evidence: wordfreq Zipf 4.46
Frequency source: wordfreq Urdu multi-corpus ranking

Semantic verification: direct dictionary sense corroborated — Kaikki+ReadUrdu+word2word

Sources:
- wordfreq Urdu — Unicode multi-corpus frequency ordering
- Kaikki/Wiktextract — bilingual lexicographic evidence
- ReadUrdu — independent Urdu-English bilingual evidence
- word2word — independent corpus-derived bilingual evidence"
صحرا,"Rank: 1943

Meaning: desert

Frequency evidence: wordfreq Zipf 4.46
Frequency source: wordfreq Urdu multi-corpus ranking

Semantic verification: direct dictionary sense corroborated — Kaikki+ReadUrdu+word2word

Sources:
- wordfreq Urdu — Unicode multi-corpus frequency ordering
- Kaikki/Wiktextract — bilingual lexicographic evidence
- ReadUrdu — independent Urdu-English bilingual evidence
- word2word — independent corpus-derived bilingual evidence"
نذر,"Rank: 1944

Meaning: A vow

Frequency evidence: wordfreq Zipf 4.46
Frequency source: wordfreq Urdu multi-corpus ranking

Semantic verification: direct dictionary sense corroborated — ReadUrdu+word2word

Sources:
- wordfreq Urdu — Unicode multi-corpus frequency ordering
- Kaikki/Wiktextract — bilingual lexicographic evidence
- ReadUrdu — independent Urdu-English bilingual evidence
- word2word — independent corpus-derived bilingual evidence"
نشر,"Rank: 1945

Meaning: spreading; expanding

Frequency evidence: wordfreq Zipf 4.46
Frequency source: wordfreq Urdu multi-corpus ranking

Semantic verification: direct dictionary sense corroborated — Kaikki+ReadUrdu

Sources:
- wordfreq Urdu — Unicode multi-corpus frequency ordering
- Kaikki/Wiktextract — bilingual lexicographic evidence
- ReadUrdu — independent Urdu-English bilingual evidence
- word2word — independent corpus-derived bilingual evidence"
واجب,"Rank: 1946

Meaning: appropriate; proper

Frequency evidence: wordfreq Zipf 4.46
Frequency source: wordfreq Urdu multi-corpus ranking

Semantic verification: direct dictionary sense corroborated — Kaikki+ReadUrdu

Sources:
- wordfreq Urdu — Unicode multi-corpus frequency ordering
- Kaikki/Wiktextract — bilingual lexicographic evidence
- ReadUrdu — independent Urdu-English bilingual evidence
- word2word — independent corpus-derived bilingual evidence"
ویژن,"Rank: 1947

Meaning: vision

Frequency evidence: wordfreq Zipf 4.46
Frequency source: wordfreq Urdu multi-corpus ranking

Semantic verification: direct dictionary sense corroborated — Kaikki+ReadUrdu

Sources:
- wordfreq Urdu — Unicode multi-corpus frequency ordering
- Kaikki/Wiktextract — bilingual lexicographic evidence
- ReadUrdu — independent Urdu-English bilingual evidence
- word2word — independent corpus-derived bilingual evidence"
پال,"Rank: 1948

Meaning: equivalent to English Paul

Frequency evidence: wordfreq Zipf 4.46
Frequency source: wordfreq Urdu multi-corpus ranking

Semantic verification: direct dictionary sense corroborated — Kaikki+ReadUrdu

Sources:
- wordfreq Urdu — Unicode multi-corpus frequency ordering
- Kaikki/Wiktextract — bilingual lexicographic evidence
- ReadUrdu — independent Urdu-English bilingual evidence
- word2word — independent corpus-derived bilingual evidence"
پیرس,"Rank: 1949

Meaning: Paris

Frequency evidence: wordfreq Zipf 4.46
Frequency source: wordfreq Urdu multi-corpus ranking

Semantic verification: direct dictionary sense corroborated — Kaikki+ReadUrdu+word2word

Sources:
- wordfreq Urdu — Unicode multi-corpus frequency ordering
- Kaikki/Wiktextract — bilingual lexicographic evidence
- ReadUrdu — independent Urdu-English bilingual evidence
- word2word — independent corpus-derived bilingual evidence"
چادر,"Rank: 1950

Meaning: covering; bed sheet

Frequency evidence: wordfreq Zipf 4.46
Frequency source: wordfreq Urdu multi-corpus ranking

Semantic verification: direct dictionary sense corroborated — Kaikki+ReadUrdu

Sources:
- wordfreq Urdu — Unicode multi-corpus frequency ordering
- Kaikki/Wiktextract — bilingual lexicographic evidence
- ReadUrdu — independent Urdu-English bilingual evidence
- word2word — independent corpus-derived bilingual evidence"
کاپی,"Rank: 1951

Meaning: copy

Frequency evidence: wordfreq Zipf 4.46
Frequency source: wordfreq Urdu multi-corpus ranking

Semantic verification: direct dictionary sense corroborated — Kaikki+ReadUrdu+word2word

Sources:
- wordfreq Urdu — Unicode multi-corpus frequency ordering
- Kaikki/Wiktextract — bilingual lexicographic evidence
- ReadUrdu — independent Urdu-English bilingual evidence
- word2word — independent corpus-derived bilingual evidence"
گردش,"Rank: 1952

Meaning: rotation; circulation

Frequency evidence: wordfreq Zipf 4.46
Frequency source: wordfreq Urdu multi-corpus ranking

Semantic verification: direct dictionary sense corroborated — Kaikki+ReadUrdu+word2word

Sources:
- wordfreq Urdu — Unicode multi-corpus frequency ordering
- Kaikki/Wiktextract — bilingual lexicographic evidence
- ReadUrdu — independent Urdu-English bilingual evidence
- word2word — independent corpus-derived bilingual evidence"
گم,"Rank: 1953

Meaning: missing; lost

Frequency evidence: wordfreq Zipf 4.46
Frequency source: wordfreq Urdu multi-corpus ranking

Semantic verification: direct dictionary sense corroborated — Kaikki+ReadUrdu+word2word

Sources:
- wordfreq Urdu — Unicode multi-corpus frequency ordering
- Kaikki/Wiktextract — bilingual lexicographic evidence
- ReadUrdu — independent Urdu-English bilingual evidence
- word2word — independent corpus-derived bilingual evidence"
گمراہ,"Rank: 1954

Meaning: misled

Frequency evidence: wordfreq Zipf 4.46
Frequency source: wordfreq Urdu multi-corpus ranking

Semantic verification: direct dictionary sense corroborated — ReadUrdu+word2word

Sources:
- wordfreq Urdu — Unicode multi-corpus frequency ordering
- Kaikki/Wiktextract — bilingual lexicographic evidence
- ReadUrdu — independent Urdu-English bilingual evidence
- word2word — independent corpus-derived bilingual evidence"
یعقوب,"Rank: 1955

Meaning: in turn from Hebrew…; Jacob

Frequency evidence: wordfreq Zipf 4.46
Frequency source: wordfreq Urdu multi-corpus ranking

Semantic verification: direct dictionary sense corroborated — Kaikki+ReadUrdu

Sources:
- wordfreq Urdu — Unicode multi-corpus frequency ordering
- Kaikki/Wiktextract — bilingual lexicographic evidence
- ReadUrdu — independent Urdu-English bilingual evidence
- word2word — independent corpus-derived bilingual evidence"
اسباب,"Rank: 1956

Meaning: means; motives

Frequency evidence: wordfreq Zipf 4.45
Frequency source: wordfreq Urdu multi-corpus ranking

Semantic verification: direct dictionary sense corroborated — Kaikki+ReadUrdu

Sources:
- wordfreq Urdu — Unicode multi-corpus frequency ordering
- Kaikki/Wiktextract — bilingual lexicographic evidence
- ReadUrdu — independent Urdu-English bilingual evidence
- word2word — independent corpus-derived bilingual evidence"
اشتہار,"Rank: 1957

Meaning: advertisement; notification

Frequency evidence: wordfreq Zipf 4.45
Frequency source: wordfreq Urdu multi-corpus ranking

Semantic verification: direct dictionary sense corroborated — Kaikki+ReadUrdu

Sources:
- wordfreq Urdu — Unicode multi-corpus frequency ordering
- Kaikki/Wiktextract — bilingual lexicographic evidence
- ReadUrdu — independent Urdu-English bilingual evidence
- word2word — independent corpus-derived bilingual evidence"
بحریہ,"Rank: 1958

Meaning: navy

Frequency evidence: wordfreq Zipf 4.45
Frequency source: wordfreq Urdu multi-corpus ranking

Semantic verification: direct dictionary sense corroborated — Kaikki+ReadUrdu+word2word

Sources:
- wordfreq Urdu — Unicode multi-corpus frequency ordering
- Kaikki/Wiktextract — bilingual lexicographic evidence
- ReadUrdu — independent Urdu-English bilingual evidence
- word2word — independent corpus-derived bilingual evidence"
بیل,"Rank: 1959

Meaning: creeper; progeny

Frequency evidence: wordfreq Zipf 4.45
Frequency source: wordfreq Urdu multi-corpus ranking

Semantic verification: direct dictionary sense corroborated — Kaikki+ReadUrdu

Sources:
- wordfreq Urdu — Unicode multi-corpus frequency ordering
- Kaikki/Wiktextract — bilingual lexicographic evidence
- ReadUrdu — independent Urdu-English bilingual evidence
- word2word — independent corpus-derived bilingual evidence"
تہ,"Rank: 1960

Meaning: bottom; origin

Frequency evidence: wordfreq Zipf 4.45
Frequency source: wordfreq Urdu multi-corpus ranking

Semantic verification: direct dictionary sense corroborated — Kaikki+ReadUrdu

Sources:
- wordfreq Urdu — Unicode multi-corpus frequency ordering
- Kaikki/Wiktextract — bilingual lexicographic evidence
- ReadUrdu — independent Urdu-English bilingual evidence
- word2word — independent corpus-derived bilingual evidence"
جڑ,"Rank: 1961

Meaning: root; basis

Frequency evidence: wordfreq Zipf 4.45
Frequency source: wordfreq Urdu multi-corpus ranking

Semantic verification: direct dictionary sense corroborated — Kaikki+ReadUrdu+word2word

Sources:
- wordfreq Urdu — Unicode multi-corpus frequency ordering
- Kaikki/Wiktextract — bilingual lexicographic evidence
- ReadUrdu — independent Urdu-English bilingual evidence
- word2word — independent corpus-derived bilingual evidence"
حمل,"Rank: 1962

Meaning: transport; pregnancy

Frequency evidence: wordfreq Zipf 4.45
Frequency source: wordfreq Urdu multi-corpus ranking

Semantic verification: direct dictionary sense corroborated — Kaikki+ReadUrdu+word2word

Sources:
- wordfreq Urdu — Unicode multi-corpus frequency ordering
- Kaikki/Wiktextract — bilingual lexicographic evidence
- ReadUrdu — independent Urdu-English bilingual evidence
- word2word — independent corpus-derived bilingual evidence"
راحت,"Rank: 1963

Meaning: relief; comfort

Frequency evidence: wordfreq Zipf 4.45
Frequency source: wordfreq Urdu multi-corpus ranking

Semantic verification: direct dictionary sense corroborated — Kaikki+ReadUrdu

Sources:
- wordfreq Urdu — Unicode multi-corpus frequency ordering
- Kaikki/Wiktextract — bilingual lexicographic evidence
- ReadUrdu — independent Urdu-English bilingual evidence
- word2word — independent corpus-derived bilingual evidence"
رانی,"Rank: 1964

Meaning: queen

Frequency evidence: wordfreq Zipf 4.45
Frequency source: wordfreq Urdu multi-corpus ranking

Semantic verification: direct dictionary sense corroborated — Kaikki+ReadUrdu+word2word

Sources:
- wordfreq Urdu — Unicode multi-corpus frequency ordering
- Kaikki/Wiktextract — bilingual lexicographic evidence
- ReadUrdu — independent Urdu-English bilingual evidence
- word2word — independent corpus-derived bilingual evidence"
رشوت,"Rank: 1965

Meaning: bribe

Frequency evidence: wordfreq Zipf 4.45
Frequency source: wordfreq Urdu multi-corpus ranking

Semantic verification: direct dictionary sense corroborated — Kaikki+ReadUrdu+word2word

Sources:
- wordfreq Urdu — Unicode multi-corpus frequency ordering
- Kaikki/Wiktextract — bilingual lexicographic evidence
- ReadUrdu — independent Urdu-English bilingual evidence
- word2word — independent corpus-derived bilingual evidence"
سنگین,"Rank: 1966

Meaning: heavy; thick

Frequency evidence: wordfreq Zipf 4.45
Frequency source: wordfreq Urdu multi-corpus ranking

Semantic verification: direct dictionary sense corroborated — Kaikki+ReadUrdu

Sources:
- wordfreq Urdu — Unicode multi-corpus frequency ordering
- Kaikki/Wiktextract — bilingual lexicographic evidence
- ReadUrdu — independent Urdu-English bilingual evidence
- word2word — independent corpus-derived bilingual evidence"
شعیب,"Rank: 1967

Meaning: Shuaib

Frequency evidence: wordfreq Zipf 4.45
Frequency source: wordfreq Urdu multi-corpus ranking

Semantic verification: direct dictionary sense corroborated — Kaikki+ReadUrdu

Sources:
- wordfreq Urdu — Unicode multi-corpus frequency ordering
- Kaikki/Wiktextract — bilingual lexicographic evidence
- ReadUrdu — independent Urdu-English bilingual evidence
- word2word — independent corpus-derived bilingual evidence"
عملہ,"Rank: 1968

Meaning: an official; public officers

Frequency evidence: wordfreq Zipf 4.45
Frequency source: wordfreq Urdu multi-corpus ranking

Semantic verification: direct dictionary sense corroborated — Kaikki+ReadUrdu

Sources:
- wordfreq Urdu — Unicode multi-corpus frequency ordering
- Kaikki/Wiktextract — bilingual lexicographic evidence
- ReadUrdu — independent Urdu-English bilingual evidence
- word2word — independent corpus-derived bilingual evidence"
فاضل,"Rank: 1969

Meaning: excellent in learning; in excess

Frequency evidence: wordfreq Zipf 4.45
Frequency source: wordfreq Urdu multi-corpus ranking

Semantic verification: direct dictionary sense corroborated — Kaikki+ReadUrdu

Sources:
- wordfreq Urdu — Unicode multi-corpus frequency ordering
- Kaikki/Wiktextract — bilingual lexicographic evidence
- ReadUrdu — independent Urdu-English bilingual evidence
- word2word — independent corpus-derived bilingual evidence"
فرعون,"Rank: 1970

Meaning: pharaoh

Frequency evidence: wordfreq Zipf 4.45
Frequency source: wordfreq Urdu multi-corpus ranking

Semantic verification: direct dictionary sense corroborated — Kaikki+ReadUrdu

Sources:
- wordfreq Urdu — Unicode multi-corpus frequency ordering
- Kaikki/Wiktextract — bilingual lexicographic evidence
- ReadUrdu — independent Urdu-English bilingual evidence
- word2word — independent corpus-derived bilingual evidence"
قائل,"Rank: 1971

Meaning: acknowledging; agreeing

Frequency evidence: wordfreq Zipf 4.45
Frequency source: wordfreq Urdu multi-corpus ranking

Semantic verification: direct dictionary sense corroborated — Kaikki+ReadUrdu

Sources:
- wordfreq Urdu — Unicode multi-corpus frequency ordering
- Kaikki/Wiktextract — bilingual lexicographic evidence
- ReadUrdu — independent Urdu-English bilingual evidence
- word2word — independent corpus-derived bilingual evidence"
ماہی,"Rank: 1972

Meaning: fish

Frequency evidence: wordfreq Zipf 4.45
Frequency source: wordfreq Urdu multi-corpus ranking

Semantic verification: direct dictionary sense corroborated — Kaikki+ReadUrdu

Sources:
- wordfreq Urdu — Unicode multi-corpus frequency ordering
- Kaikki/Wiktextract — bilingual lexicographic evidence
- ReadUrdu — independent Urdu-English bilingual evidence
- word2word — independent corpus-derived bilingual evidence"
معمول,"Rank: 1973

Meaning: action; established

Frequency evidence: wordfreq Zipf 4.45
Frequency source: wordfreq Urdu multi-corpus ranking

Semantic verification: direct dictionary sense corroborated — Kaikki+ReadUrdu

Sources:
- wordfreq Urdu — Unicode multi-corpus frequency ordering
- Kaikki/Wiktextract — bilingual lexicographic evidence
- ReadUrdu — independent Urdu-English bilingual evidence
- word2word — independent corpus-derived bilingual evidence"
مہنگائی,"Rank: 1974

Meaning: cost of living; inflation

Frequency evidence: wordfreq Zipf 4.45
Frequency source: wordfreq Urdu multi-corpus ranking

Semantic verification: direct dictionary sense corroborated — Kaikki+ReadUrdu

Sources:
- wordfreq Urdu — Unicode multi-corpus frequency ordering
- Kaikki/Wiktextract — bilingual lexicographic evidence
- ReadUrdu — independent Urdu-English bilingual evidence
- word2word — independent corpus-derived bilingual evidence"
وزیرستان,"Rank: 1975

Meaning: Waziristan

Frequency evidence: wordfreq Zipf 4.45
Frequency source: wordfreq Urdu multi-corpus ranking

Semantic verification: direct dictionary sense corroborated — Kaikki+ReadUrdu+word2word

Sources:
- wordfreq Urdu — Unicode multi-corpus frequency ordering
- Kaikki/Wiktextract — bilingual lexicographic evidence
- ReadUrdu — independent Urdu-English bilingual evidence
- word2word — independent corpus-derived bilingual evidence"
پھینک,"Rank: 1976

Meaning: throw

Frequency evidence: wordfreq Zipf 4.45
Frequency source: wordfreq Urdu multi-corpus ranking

Semantic verification: direct dictionary sense corroborated — ReadUrdu+word2word

Sources:
- wordfreq Urdu — Unicode multi-corpus frequency ordering
- Kaikki/Wiktextract — bilingual lexicographic evidence
- ReadUrdu — independent Urdu-English bilingual evidence
- word2word — independent corpus-derived bilingual evidence"
کاغذ,"Rank: 1977

Meaning: paper; document

Frequency evidence: wordfreq Zipf 4.45
Frequency source: wordfreq Urdu multi-corpus ranking

Semantic verification: direct dictionary sense corroborated — Kaikki+ReadUrdu+word2word

Sources:
- wordfreq Urdu — Unicode multi-corpus frequency ordering
- Kaikki/Wiktextract — bilingual lexicographic evidence
- ReadUrdu — independent Urdu-English bilingual evidence
- word2word — independent corpus-derived bilingual evidence"
کھولنے,"Rank: 1978

Meaning: open

Frequency evidence: wordfreq Zipf 4.45
Frequency source: wordfreq Urdu multi-corpus ranking

Semantic verification: direct dictionary sense corroborated — ReadUrdu+word2word

Sources:
- wordfreq Urdu — Unicode multi-corpus frequency ordering
- Kaikki/Wiktextract — bilingual lexicographic evidence
- ReadUrdu — independent Urdu-English bilingual evidence
- word2word — independent corpus-derived bilingual evidence"
ازیں,"Rank: 1979

Meaning: hereto

Frequency evidence: wordfreq Zipf 4.44
Frequency source: wordfreq Urdu multi-corpus ranking

Semantic verification: direct dictionary sense corroborated — Kaikki+ReadUrdu

Sources:
- wordfreq Urdu — Unicode multi-corpus frequency ordering
- Kaikki/Wiktextract — bilingual lexicographic evidence
- ReadUrdu — independent Urdu-English bilingual evidence
- word2word — independent corpus-derived bilingual evidence"
اقرار,"Rank: 1980

Meaning: promise; confession

Frequency evidence: wordfreq Zipf 4.44
Frequency source: wordfreq Urdu multi-corpus ranking

Semantic verification: direct dictionary sense corroborated — Kaikki+ReadUrdu+word2word

Sources:
- wordfreq Urdu — Unicode multi-corpus frequency ordering
- Kaikki/Wiktextract — bilingual lexicographic evidence
- ReadUrdu — independent Urdu-English bilingual evidence
- word2word — independent corpus-derived bilingual evidence"
انسداد,"Rank: 1981

Meaning: prevention; shutting off

Frequency evidence: wordfreq Zipf 4.44
Frequency source: wordfreq Urdu multi-corpus ranking

Semantic verification: direct dictionary sense corroborated — Kaikki+ReadUrdu

Sources:
- wordfreq Urdu — Unicode multi-corpus frequency ordering
- Kaikki/Wiktextract — bilingual lexicographic evidence
- ReadUrdu — independent Urdu-English bilingual evidence
- word2word — independent corpus-derived bilingual evidence"
اٹھانا,"Rank: 1982

Meaning: to pick up; remove

Frequency evidence: wordfreq Zipf 4.44
Frequency source: wordfreq Urdu multi-corpus ranking

Semantic verification: direct dictionary sense corroborated — Kaikki+ReadUrdu

Sources:
- wordfreq Urdu — Unicode multi-corpus frequency ordering
- Kaikki/Wiktextract — bilingual lexicographic evidence
- ReadUrdu — independent Urdu-English bilingual evidence
- word2word — independent corpus-derived bilingual evidence"
بولتے,"Rank: 1983

Meaning: speak

Frequency evidence: wordfreq Zipf 4.44
Frequency source: wordfreq Urdu multi-corpus ranking

Semantic verification: direct dictionary sense corroborated — ReadUrdu+word2word

Sources:
- wordfreq Urdu — Unicode multi-corpus frequency ordering
- Kaikki/Wiktextract — bilingual lexicographic evidence
- ReadUrdu — independent Urdu-English bilingual evidence
- word2word — independent corpus-derived bilingual evidence"
تہران,"Rank: 1984

Meaning: Tehran

Frequency evidence: wordfreq Zipf 4.44
Frequency source: wordfreq Urdu multi-corpus ranking

Semantic verification: direct dictionary sense corroborated — Kaikki+ReadUrdu

Sources:
- wordfreq Urdu — Unicode multi-corpus frequency ordering
- Kaikki/Wiktextract — bilingual lexicographic evidence
- ReadUrdu — independent Urdu-English bilingual evidence
- word2word — independent corpus-derived bilingual evidence"
زخم,"Rank: 1985

Meaning: wound

Frequency evidence: wordfreq Zipf 4.44
Frequency source: wordfreq Urdu multi-corpus ranking

Semantic verification: direct dictionary sense corroborated — Kaikki+ReadUrdu+word2word

Sources:
- wordfreq Urdu — Unicode multi-corpus frequency ordering
- Kaikki/Wiktextract — bilingual lexicographic evidence
- ReadUrdu — independent Urdu-English bilingual evidence
- word2word — independent corpus-derived bilingual evidence"
ساٹھ,"Rank: 1986

Meaning: sixty

Frequency evidence: wordfreq Zipf 4.44
Frequency source: wordfreq Urdu multi-corpus ranking

Semantic verification: direct dictionary sense corroborated — Kaikki+ReadUrdu+word2word

Sources:
- wordfreq Urdu — Unicode multi-corpus frequency ordering
- Kaikki/Wiktextract — bilingual lexicographic evidence
- ReadUrdu — independent Urdu-English bilingual evidence
- word2word — independent corpus-derived bilingual evidence"
سنجیدہ,"Rank: 1987

Meaning: serious; grave

Frequency evidence: wordfreq Zipf 4.44
Frequency source: wordfreq Urdu multi-corpus ranking

Semantic verification: direct dictionary sense corroborated — Kaikki+ReadUrdu+word2word

Sources:
- wordfreq Urdu — Unicode multi-corpus frequency ordering
- Kaikki/Wiktextract — bilingual lexicographic evidence
- ReadUrdu — independent Urdu-English bilingual evidence
- word2word — independent corpus-derived bilingual evidence"
سیدھا,"Rank: 1988

Meaning: direct; straight

Frequency evidence: wordfreq Zipf 4.44
Frequency source: wordfreq Urdu multi-corpus ranking

Semantic verification: direct dictionary sense corroborated — Kaikki+ReadUrdu

Sources:
- wordfreq Urdu — Unicode multi-corpus frequency ordering
- Kaikki/Wiktextract — bilingual lexicographic evidence
- ReadUrdu — independent Urdu-English bilingual evidence
- word2word — independent corpus-derived bilingual evidence"
عبور,"Rank: 1989

Meaning: Crossing

Frequency evidence: wordfreq Zipf 4.44
Frequency source: wordfreq Urdu multi-corpus ranking

Semantic verification: direct dictionary sense corroborated — ReadUrdu+word2word

Sources:
- wordfreq Urdu — Unicode multi-corpus frequency ordering
- Kaikki/Wiktextract — bilingual lexicographic evidence
- ReadUrdu — independent Urdu-English bilingual evidence
- word2word — independent corpus-derived bilingual evidence"
فوائد,"Rank: 1990

Meaning: gains

Frequency evidence: wordfreq Zipf 4.44
Frequency source: wordfreq Urdu multi-corpus ranking

Semantic verification: direct dictionary sense corroborated — ReadUrdu+word2word

Sources:
- wordfreq Urdu — Unicode multi-corpus frequency ordering
- Kaikki/Wiktextract — bilingual lexicographic evidence
- ReadUrdu — independent Urdu-English bilingual evidence
- word2word — independent corpus-derived bilingual evidence"
لیبیا,"Rank: 1991

Meaning: Libya

Frequency evidence: wordfreq Zipf 4.44
Frequency source: wordfreq Urdu multi-corpus ranking

Semantic verification: direct dictionary sense corroborated — Kaikki+ReadUrdu+word2word

Sources:
- wordfreq Urdu — Unicode multi-corpus frequency ordering
- Kaikki/Wiktextract — bilingual lexicographic evidence
- ReadUrdu — independent Urdu-English bilingual evidence
- word2word — independent corpus-derived bilingual evidence"
مرے,"Rank: 1992

Meaning: dead

Frequency evidence: wordfreq Zipf 4.44
Frequency source: wordfreq Urdu multi-corpus ranking

Semantic verification: direct dictionary sense corroborated — ReadUrdu+word2word

Sources:
- wordfreq Urdu — Unicode multi-corpus frequency ordering
- Kaikki/Wiktextract — bilingual lexicographic evidence
- ReadUrdu — independent Urdu-English bilingual evidence
- word2word — independent corpus-derived bilingual evidence"
مشین,"Rank: 1993

Meaning: machine

Frequency evidence: wordfreq Zipf 4.44
Frequency source: wordfreq Urdu multi-corpus ranking

Semantic verification: direct dictionary sense corroborated — Kaikki+ReadUrdu+word2word

Sources:
- wordfreq Urdu — Unicode multi-corpus frequency ordering
- Kaikki/Wiktextract — bilingual lexicographic evidence
- ReadUrdu — independent Urdu-English bilingual evidence
- word2word — independent corpus-derived bilingual evidence"
مناظر,"Rank: 1994

Meaning: scenes

Frequency evidence: wordfreq Zipf 4.44
Frequency source: wordfreq Urdu multi-corpus ranking

Semantic verification: direct dictionary sense corroborated — Kaikki+word2word

Sources:
- wordfreq Urdu — Unicode multi-corpus frequency ordering
- Kaikki/Wiktextract — bilingual lexicographic evidence
- ReadUrdu — independent Urdu-English bilingual evidence
- word2word — independent corpus-derived bilingual evidence"
پابند,"Rank: 1995

Meaning: bound; restrained

Frequency evidence: wordfreq Zipf 4.44
Frequency source: wordfreq Urdu multi-corpus ranking

Semantic verification: direct dictionary sense corroborated — Kaikki+ReadUrdu

Sources:
- wordfreq Urdu — Unicode multi-corpus frequency ordering
- Kaikki/Wiktextract — bilingual lexicographic evidence
- ReadUrdu — independent Urdu-English bilingual evidence
- word2word — independent corpus-derived bilingual evidence"
چوتھی,"Rank: 1996

Meaning: fourth

Frequency evidence: wordfreq Zipf 4.44
Frequency source: wordfreq Urdu multi-corpus ranking

Semantic verification: direct dictionary sense corroborated — ReadUrdu+word2word

Sources:
- wordfreq Urdu — Unicode multi-corpus frequency ordering
- Kaikki/Wiktextract — bilingual lexicographic evidence
- ReadUrdu — independent Urdu-English bilingual evidence
- word2word — independent corpus-derived bilingual evidence"
چھت,"Rank: 1997

Meaning: roof; ceiling

Frequency evidence: wordfreq Zipf 4.44
Frequency source: wordfreq Urdu multi-corpus ranking

Semantic verification: direct dictionary sense corroborated — Kaikki+ReadUrdu+word2word

Sources:
- wordfreq Urdu — Unicode multi-corpus frequency ordering
- Kaikki/Wiktextract — bilingual lexicographic evidence
- ReadUrdu — independent Urdu-English bilingual evidence
- word2word — independent corpus-derived bilingual evidence"
ڈبل,"Rank: 1998

Meaning: double

Frequency evidence: wordfreq Zipf 4.44
Frequency source: wordfreq Urdu multi-corpus ranking

Semantic verification: direct dictionary sense corroborated — ReadUrdu+word2word

Sources:
- wordfreq Urdu — Unicode multi-corpus frequency ordering
- Kaikki/Wiktextract — bilingual lexicographic evidence
- ReadUrdu — independent Urdu-English bilingual evidence
- word2word — independent corpus-derived bilingual evidence"
ڈھیر,"Rank: 1999

Meaning: heap

Frequency evidence: wordfreq Zipf 4.44
Frequency source: wordfreq Urdu multi-corpus ranking

Semantic verification: direct dictionary sense corroborated — Kaikki+ReadUrdu

Sources:
- wordfreq Urdu — Unicode multi-corpus frequency ordering
- Kaikki/Wiktextract — bilingual lexicographic evidence
- ReadUrdu — independent Urdu-English bilingual evidence
- word2word — independent corpus-derived bilingual evidence"
کاش,"Rank: 2000

Meaning: I wish; if only

Frequency evidence: wordfreq Zipf 4.44
Frequency source: wordfreq Urdu multi-corpus ranking

Semantic verification: direct dictionary sense corroborated — Kaikki+ReadUrdu+word2word

Sources:
- wordfreq Urdu — Unicode multi-corpus frequency ordering
- Kaikki/Wiktextract — bilingual lexicographic evidence
- ReadUrdu — independent Urdu-English bilingual evidence
- word2word — independent corpus-derived bilingual evidence"
کرن,"Rank: 2001

Meaning: ray; the ear

Frequency evidence: wordfreq Zipf 4.44
Frequency source: wordfreq Urdu multi-corpus ranking

Semantic verification: direct dictionary sense corroborated — Kaikki+ReadUrdu+word2word

Sources:
- wordfreq Urdu — Unicode multi-corpus frequency ordering
- Kaikki/Wiktextract — bilingual lexicographic evidence
- ReadUrdu — independent Urdu-English bilingual evidence
- word2word — independent corpus-derived bilingual evidence"
کرنل,"Rank: 2002

Meaning: colonel

Frequency evidence: wordfreq Zipf 4.44
Frequency source: wordfreq Urdu multi-corpus ranking

Semantic verification: direct dictionary sense corroborated — ReadUrdu+word2word

Sources:
- wordfreq Urdu — Unicode multi-corpus frequency ordering
- Kaikki/Wiktextract — bilingual lexicographic evidence
- ReadUrdu — independent Urdu-English bilingual evidence
- word2word — independent corpus-derived bilingual evidence"
کھیلا,"Rank: 2003

Meaning: played

Frequency evidence: wordfreq Zipf 4.44
Frequency source: wordfreq Urdu multi-corpus ranking

Semantic verification: direct dictionary sense corroborated — ReadUrdu+word2word

Sources:
- wordfreq Urdu — Unicode multi-corpus frequency ordering
- Kaikki/Wiktextract — bilingual lexicographic evidence
- ReadUrdu — independent Urdu-English bilingual evidence
- word2word — independent corpus-derived bilingual evidence"
گیر,"Rank: 2004

Meaning: conqueror of the world

Frequency evidence: wordfreq Zipf 4.44
Frequency source: wordfreq Urdu multi-corpus ranking

Semantic verification: direct dictionary sense corroborated — Kaikki+ReadUrdu

Sources:
- wordfreq Urdu — Unicode multi-corpus frequency ordering
- Kaikki/Wiktextract — bilingual lexicographic evidence
- ReadUrdu — independent Urdu-English bilingual evidence
- word2word — independent corpus-derived bilingual evidence"
ہڑتال,"Rank: 2005

Meaning: strike; hartal

Frequency evidence: wordfreq Zipf 4.44
Frequency source: wordfreq Urdu multi-corpus ranking

Semantic verification: direct dictionary sense corroborated — Kaikki+ReadUrdu+word2word

Sources:
- wordfreq Urdu — Unicode multi-corpus frequency ordering
- Kaikki/Wiktextract — bilingual lexicographic evidence
- ReadUrdu — independent Urdu-English bilingual evidence
- word2word — independent corpus-derived bilingual evidence"
بتانے,"Rank: 2006

Meaning: tell

Frequency evidence: wordfreq Zipf 4.43
Frequency source: wordfreq Urdu multi-corpus ranking

Semantic verification: direct dictionary sense corroborated — ReadUrdu+word2word

Sources:
- wordfreq Urdu — Unicode multi-corpus frequency ordering
- Kaikki/Wiktextract — bilingual lexicographic evidence
- ReadUrdu — independent Urdu-English bilingual evidence
- word2word — independent corpus-derived bilingual evidence"
تعبیر,"Rank: 2007

Meaning: interpretation

Frequency evidence: wordfreq Zipf 4.43
Frequency source: wordfreq Urdu multi-corpus ranking

Semantic verification: direct dictionary sense corroborated — Kaikki+ReadUrdu

Sources:
- wordfreq Urdu — Unicode multi-corpus frequency ordering
- Kaikki/Wiktextract — bilingual lexicographic evidence
- ReadUrdu — independent Urdu-English bilingual evidence
- word2word — independent corpus-derived bilingual evidence"
تلنگانہ,"Rank: 2008

Meaning: Telangana

Frequency evidence: wordfreq Zipf 4.43
Frequency source: wordfreq Urdu multi-corpus ranking

Semantic verification: direct dictionary sense corroborated — Kaikki+ReadUrdu

Sources:
- wordfreq Urdu — Unicode multi-corpus frequency ordering
- Kaikki/Wiktextract — bilingual lexicographic evidence
- ReadUrdu — independent Urdu-English bilingual evidence
- word2word — independent corpus-derived bilingual evidence"
تن,"Rank: 2009

Meaning: body; straw

Frequency evidence: wordfreq Zipf 4.43
Frequency source: wordfreq Urdu multi-corpus ranking

Semantic verification: direct dictionary sense corroborated — Kaikki+ReadUrdu

Sources:
- wordfreq Urdu — Unicode multi-corpus frequency ordering
- Kaikki/Wiktextract — bilingual lexicographic evidence
- ReadUrdu — independent Urdu-English bilingual evidence
- word2word — independent corpus-derived bilingual evidence"
جوں,"Rank: 2010

Meaning: louse

Frequency evidence: wordfreq Zipf 4.43
Frequency source: wordfreq Urdu multi-corpus ranking

Semantic verification: direct dictionary sense corroborated — Kaikki+ReadUrdu

Sources:
- wordfreq Urdu — Unicode multi-corpus frequency ordering
- Kaikki/Wiktextract — bilingual lexicographic evidence
- ReadUrdu — independent Urdu-English bilingual evidence
- word2word — independent corpus-derived bilingual evidence"
جیب,"Rank: 2011

Meaning: pocket

Frequency evidence: wordfreq Zipf 4.43
Frequency source: wordfreq Urdu multi-corpus ranking

Semantic verification: direct dictionary sense corroborated — Kaikki+word2word

Sources:
- wordfreq Urdu — Unicode multi-corpus frequency ordering
- Kaikki/Wiktextract — bilingual lexicographic evidence
- ReadUrdu — independent Urdu-English bilingual evidence
- word2word — independent corpus-derived bilingual evidence"
حراست,"Rank: 2012

Meaning: arrest; custody

Frequency evidence: wordfreq Zipf 4.43
Frequency source: wordfreq Urdu multi-corpus ranking

Semantic verification: direct dictionary sense corroborated — Kaikki+ReadUrdu

Sources:
- wordfreq Urdu — Unicode multi-corpus frequency ordering
- Kaikki/Wiktextract — bilingual lexicographic evidence
- ReadUrdu — independent Urdu-English bilingual evidence
- word2word — independent corpus-derived bilingual evidence"
خلق,"Rank: 2013

Meaning: world; creation

Frequency evidence: wordfreq Zipf 4.43
Frequency source: wordfreq Urdu multi-corpus ranking

Semantic verification: direct dictionary sense corroborated — Kaikki+ReadUrdu

Sources:
- wordfreq Urdu — Unicode multi-corpus frequency ordering
- Kaikki/Wiktextract — bilingual lexicographic evidence
- ReadUrdu — independent Urdu-English bilingual evidence
- word2word — independent corpus-derived bilingual evidence"
درمیانی,"Rank: 2014

Meaning: middle; intermediate

Frequency evidence: wordfreq Zipf 4.43
Frequency source: wordfreq Urdu multi-corpus ranking

Semantic verification: direct dictionary sense corroborated — Kaikki+ReadUrdu+word2word

Sources:
- wordfreq Urdu — Unicode multi-corpus frequency ordering
- Kaikki/Wiktextract — bilingual lexicographic evidence
- ReadUrdu — independent Urdu-English bilingual evidence
- word2word — independent corpus-derived bilingual evidence"
سٹیشن,"Rank: 2015

Meaning: station

Frequency evidence: wordfreq Zipf 4.43
Frequency source: wordfreq Urdu multi-corpus ranking

Semantic verification: direct dictionary sense corroborated — ReadUrdu+word2word

Sources:
- wordfreq Urdu — Unicode multi-corpus frequency ordering
- Kaikki/Wiktextract — bilingual lexicographic evidence
- ReadUrdu — independent Urdu-English bilingual evidence
- word2word — independent corpus-derived bilingual evidence"
شاہراہ,"Rank: 2016

Meaning: main road; highway

Frequency evidence: wordfreq Zipf 4.43
Frequency source: wordfreq Urdu multi-corpus ranking

Semantic verification: direct dictionary sense corroborated — Kaikki+ReadUrdu

Sources:
- wordfreq Urdu — Unicode multi-corpus frequency ordering
- Kaikki/Wiktextract — bilingual lexicographic evidence
- ReadUrdu — independent Urdu-English bilingual evidence
- word2word — independent corpus-derived bilingual evidence"
صفر,"Rank: 2017

Meaning: zero

Frequency evidence: wordfreq Zipf 4.43
Frequency source: wordfreq Urdu multi-corpus ranking

Semantic verification: direct dictionary sense corroborated — Kaikki+ReadUrdu+word2word

Sources:
- wordfreq Urdu — Unicode multi-corpus frequency ordering
- Kaikki/Wiktextract — bilingual lexicographic evidence
- ReadUrdu — independent Urdu-English bilingual evidence
- word2word — independent corpus-derived bilingual evidence"
غزہ,"Rank: 2018

Meaning: Gaza

Frequency evidence: wordfreq Zipf 4.43
Frequency source: wordfreq Urdu multi-corpus ranking

Semantic verification: direct dictionary sense corroborated — Kaikki+ReadUrdu

Sources:
- wordfreq Urdu — Unicode multi-corpus frequency ordering
- Kaikki/Wiktextract — bilingual lexicographic evidence
- ReadUrdu — independent Urdu-English bilingual evidence
- word2word — independent corpus-derived bilingual evidence"
فاصلہ,"Rank: 2019

Meaning: distance; space

Frequency evidence: wordfreq Zipf 4.43
Frequency source: wordfreq Urdu multi-corpus ranking

Semantic verification: direct dictionary sense corroborated — Kaikki+ReadUrdu+word2word

Sources:
- wordfreq Urdu — Unicode multi-corpus frequency ordering
- Kaikki/Wiktextract — bilingual lexicographic evidence
- ReadUrdu — independent Urdu-English bilingual evidence
- word2word — independent corpus-derived bilingual evidence"
لکھیں,"Rank: 2020

Meaning: Write

Frequency evidence: wordfreq Zipf 4.43
Frequency source: wordfreq Urdu multi-corpus ranking

Semantic verification: direct dictionary sense corroborated — ReadUrdu+word2word

Sources:
- wordfreq Urdu — Unicode multi-corpus frequency ordering
- Kaikki/Wiktextract — bilingual lexicographic evidence
- ReadUrdu — independent Urdu-English bilingual evidence
- word2word — independent corpus-derived bilingual evidence"
ماننا,"Rank: 2021

Meaning: to believe; to accept

Frequency evidence: wordfreq Zipf 4.43
Frequency source: wordfreq Urdu multi-corpus ranking

Semantic verification: direct dictionary sense corroborated — Kaikki+ReadUrdu

Sources:
- wordfreq Urdu — Unicode multi-corpus frequency ordering
- Kaikki/Wiktextract — bilingual lexicographic evidence
- ReadUrdu — independent Urdu-English bilingual evidence
- word2word — independent corpus-derived bilingual evidence"
مسلط,"Rank: 2022

Meaning: dominant; victor

Frequency evidence: wordfreq Zipf 4.43
Frequency source: wordfreq Urdu multi-corpus ranking

Semantic verification: direct dictionary sense corroborated — Kaikki+ReadUrdu

Sources:
- wordfreq Urdu — Unicode multi-corpus frequency ordering
- Kaikki/Wiktextract — bilingual lexicographic evidence
- ReadUrdu — independent Urdu-English bilingual evidence
- word2word — independent corpus-derived bilingual evidence"
مشاورت,"Rank: 2023

Meaning: counseling

Frequency evidence: wordfreq Zipf 4.43
Frequency source: wordfreq Urdu multi-corpus ranking

Semantic verification: direct dictionary sense corroborated — Kaikki+ReadUrdu

Sources:
- wordfreq Urdu — Unicode multi-corpus frequency ordering
- Kaikki/Wiktextract — bilingual lexicographic evidence
- ReadUrdu — independent Urdu-English bilingual evidence
- word2word — independent corpus-derived bilingual evidence"
معذرت,"Rank: 2024

Meaning: sorry; excuse me

Frequency evidence: wordfreq Zipf 4.43
Frequency source: wordfreq Urdu multi-corpus ranking

Semantic verification: direct dictionary sense corroborated — Kaikki+ReadUrdu+word2word

Sources:
- wordfreq Urdu — Unicode multi-corpus frequency ordering
- Kaikki/Wiktextract — bilingual lexicographic evidence
- ReadUrdu — independent Urdu-English bilingual evidence
- word2word — independent corpus-derived bilingual evidence"
وضع,"Rank: 2025

Meaning: form; manner

Frequency evidence: wordfreq Zipf 4.43
Frequency source: wordfreq Urdu multi-corpus ranking

Semantic verification: direct dictionary sense corroborated — Kaikki+ReadUrdu

Sources:
- wordfreq Urdu — Unicode multi-corpus frequency ordering
- Kaikki/Wiktextract — bilingual lexicographic evidence
- ReadUrdu — independent Urdu-English bilingual evidence
- word2word — independent corpus-derived bilingual evidence"
پٹی,"Rank: 2026

Meaning: strip; band

Frequency evidence: wordfreq Zipf 4.43
Frequency source: wordfreq Urdu multi-corpus ranking

Semantic verification: direct dictionary sense corroborated — Kaikki+ReadUrdu+word2word

Sources:
- wordfreq Urdu — Unicode multi-corpus frequency ordering
- Kaikki/Wiktextract — bilingual lexicographic evidence
- ReadUrdu — independent Urdu-English bilingual evidence
- word2word — independent corpus-derived bilingual evidence"
کالی,"Rank: 2027

Meaning: a black woman; ink

Frequency evidence: wordfreq Zipf 4.43
Frequency source: wordfreq Urdu multi-corpus ranking

Semantic verification: direct dictionary sense corroborated — Kaikki+ReadUrdu

Sources:
- wordfreq Urdu — Unicode multi-corpus frequency ordering
- Kaikki/Wiktextract — bilingual lexicographic evidence
- ReadUrdu — independent Urdu-English bilingual evidence
- word2word — independent corpus-derived bilingual evidence"
گرما,"Rank: 2028

Meaning: summer; the hot season

Frequency evidence: wordfreq Zipf 4.43
Frequency source: wordfreq Urdu multi-corpus ranking

Semantic verification: direct dictionary sense corroborated — Kaikki+ReadUrdu+word2word

Sources:
- wordfreq Urdu — Unicode multi-corpus frequency ordering
- Kaikki/Wiktextract — bilingual lexicographic evidence
- ReadUrdu — independent Urdu-English bilingual evidence
- word2word — independent corpus-derived bilingual evidence"
ابا,"Rank: 2029

Meaning: father

Frequency evidence: wordfreq Zipf 4.42
Frequency source: wordfreq Urdu multi-corpus ranking

Semantic verification: direct dictionary sense corroborated — Kaikki+ReadUrdu+word2word

Sources:
- wordfreq Urdu — Unicode multi-corpus frequency ordering
- Kaikki/Wiktextract — bilingual lexicographic evidence
- ReadUrdu — independent Urdu-English bilingual evidence
- word2word — independent corpus-derived bilingual evidence"
امانت,"Rank: 2030

Meaning: lost and found; trust

Frequency evidence: wordfreq Zipf 4.42
Frequency source: wordfreq Urdu multi-corpus ranking

Semantic verification: direct dictionary sense corroborated — Kaikki+ReadUrdu

Sources:
- wordfreq Urdu — Unicode multi-corpus frequency ordering
- Kaikki/Wiktextract — bilingual lexicographic evidence
- ReadUrdu — independent Urdu-English bilingual evidence
- word2word — independent corpus-derived bilingual evidence"
اوسط,"Rank: 2031

Meaning: average

Frequency evidence: wordfreq Zipf 4.42
Frequency source: wordfreq Urdu multi-corpus ranking

Semantic verification: direct dictionary sense corroborated — ReadUrdu+word2word

Sources:
- wordfreq Urdu — Unicode multi-corpus frequency ordering
- Kaikki/Wiktextract — bilingual lexicographic evidence
- ReadUrdu — independent Urdu-English bilingual evidence
- word2word — independent corpus-derived bilingual evidence"
بائبل,"Rank: 2032

Meaning: the Bible

Frequency evidence: wordfreq Zipf 4.42
Frequency source: wordfreq Urdu multi-corpus ranking

Semantic verification: direct dictionary sense corroborated — Kaikki+ReadUrdu+word2word

Sources:
- wordfreq Urdu — Unicode multi-corpus frequency ordering
- Kaikki/Wiktextract — bilingual lexicographic evidence
- ReadUrdu — independent Urdu-English bilingual evidence
- word2word — independent corpus-derived bilingual evidence"
بو,"Rank: 2033

Meaning: smell; stink

Frequency evidence: wordfreq Zipf 4.42
Frequency source: wordfreq Urdu multi-corpus ranking

Semantic verification: direct dictionary sense corroborated — Kaikki+ReadUrdu

Sources:
- wordfreq Urdu — Unicode multi-corpus frequency ordering
- Kaikki/Wiktextract — bilingual lexicographic evidence
- ReadUrdu — independent Urdu-English bilingual evidence
- word2word — independent corpus-derived bilingual evidence"
تقدیر,"Rank: 2034

Meaning: destiny; fate

Frequency evidence: wordfreq Zipf 4.42
Frequency source: wordfreq Urdu multi-corpus ranking

Semantic verification: direct dictionary sense corroborated — Kaikki+ReadUrdu+word2word

Sources:
- wordfreq Urdu — Unicode multi-corpus frequency ordering
- Kaikki/Wiktextract — bilingual lexicographic evidence
- ReadUrdu — independent Urdu-English bilingual evidence
- word2word — independent corpus-derived bilingual evidence"
توحید,"Rank: 2035

Meaning: monotheism

Frequency evidence: wordfreq Zipf 4.42
Frequency source: wordfreq Urdu multi-corpus ranking

Semantic verification: direct dictionary sense corroborated — Kaikki+ReadUrdu

Sources:
- wordfreq Urdu — Unicode multi-corpus frequency ordering
- Kaikki/Wiktextract — bilingual lexicographic evidence
- ReadUrdu — independent Urdu-English bilingual evidence
- word2word — independent corpus-derived bilingual evidence"
درآمد,"Rank: 2036

Meaning: import

Frequency evidence: wordfreq Zipf 4.42
Frequency source: wordfreq Urdu multi-corpus ranking

Semantic verification: direct dictionary sense corroborated — ReadUrdu+word2word

Sources:
- wordfreq Urdu — Unicode multi-corpus frequency ordering
- Kaikki/Wiktextract — bilingual lexicographic evidence
- ReadUrdu — independent Urdu-English bilingual evidence
- word2word — independent corpus-derived bilingual evidence"
فرزند,"Rank: 2037

Meaning: child; son or daughter

Frequency evidence: wordfreq Zipf 4.42
Frequency source: wordfreq Urdu multi-corpus ranking

Semantic verification: direct dictionary sense corroborated — Kaikki+ReadUrdu

Sources:
- wordfreq Urdu — Unicode multi-corpus frequency ordering
- Kaikki/Wiktextract — bilingual lexicographic evidence
- ReadUrdu — independent Urdu-English bilingual evidence
- word2word — independent corpus-derived bilingual evidence"
قابض,"Rank: 2038

Meaning: occupier; possesser

Frequency evidence: wordfreq Zipf 4.42
Frequency source: wordfreq Urdu multi-corpus ranking

Semantic verification: direct dictionary sense corroborated — Kaikki+ReadUrdu

Sources:
- wordfreq Urdu — Unicode multi-corpus frequency ordering
- Kaikki/Wiktextract — bilingual lexicographic evidence
- ReadUrdu — independent Urdu-English bilingual evidence
- word2word — independent corpus-derived bilingual evidence"
لانا,"Rank: 2039

Meaning: to bring

Frequency evidence: wordfreq Zipf 4.42
Frequency source: wordfreq Urdu multi-corpus ranking

Semantic verification: direct dictionary sense corroborated — Kaikki+ReadUrdu

Sources:
- wordfreq Urdu — Unicode multi-corpus frequency ordering
- Kaikki/Wiktextract — bilingual lexicographic evidence
- ReadUrdu — independent Urdu-English bilingual evidence
- word2word — independent corpus-derived bilingual evidence"
لکھنا,"Rank: 2040

Meaning: to write

Frequency evidence: wordfreq Zipf 4.42
Frequency source: wordfreq Urdu multi-corpus ranking

Semantic verification: direct dictionary sense corroborated — Kaikki+ReadUrdu

Sources:
- wordfreq Urdu — Unicode multi-corpus frequency ordering
- Kaikki/Wiktextract — bilingual lexicographic evidence
- ReadUrdu — independent Urdu-English bilingual evidence
- word2word — independent corpus-derived bilingual evidence"
لہجہ,"Rank: 2041

Meaning: accent

Frequency evidence: wordfreq Zipf 4.42
Frequency source: wordfreq Urdu multi-corpus ranking

Semantic verification: direct dictionary sense corroborated — Kaikki+ReadUrdu

Sources:
- wordfreq Urdu — Unicode multi-corpus frequency ordering
- Kaikki/Wiktextract — bilingual lexicographic evidence
- ReadUrdu — independent Urdu-English bilingual evidence
- word2word — independent corpus-derived bilingual evidence"
میانوالی,"Rank: 2042

Meaning: Mianwali

Frequency evidence: wordfreq Zipf 4.42
Frequency source: wordfreq Urdu multi-corpus ranking

Semantic verification: direct dictionary sense corroborated — Kaikki+ReadUrdu

Sources:
- wordfreq Urdu — Unicode multi-corpus frequency ordering
- Kaikki/Wiktextract — bilingual lexicographic evidence
- ReadUrdu — independent Urdu-English bilingual evidence
- word2word — independent corpus-derived bilingual evidence"
ناتھ,"Rank: 2043

Meaning: lord; patron

Frequency evidence: wordfreq Zipf 4.42
Frequency source: wordfreq Urdu multi-corpus ranking

Semantic verification: direct dictionary sense corroborated — Kaikki+ReadUrdu

Sources:
- wordfreq Urdu — Unicode multi-corpus frequency ordering
- Kaikki/Wiktextract — bilingual lexicographic evidence
- ReadUrdu — independent Urdu-English bilingual evidence
- word2word — independent corpus-derived bilingual evidence"
نصرت,"Rank: 2044

Meaning: help; victory

Frequency evidence: wordfreq Zipf 4.42
Frequency source: wordfreq Urdu multi-corpus ranking

Semantic verification: direct dictionary sense corroborated — Kaikki+ReadUrdu

Sources:
- wordfreq Urdu — Unicode multi-corpus frequency ordering
- Kaikki/Wiktextract — bilingual lexicographic evidence
- ReadUrdu — independent Urdu-English bilingual evidence
- word2word — independent corpus-derived bilingual evidence"
ولایت,"Rank: 2045

Meaning: state; government

Frequency evidence: wordfreq Zipf 4.42
Frequency source: wordfreq Urdu multi-corpus ranking

Semantic verification: direct dictionary sense corroborated — Kaikki+ReadUrdu

Sources:
- wordfreq Urdu — Unicode multi-corpus frequency ordering
- Kaikki/Wiktextract — bilingual lexicographic evidence
- ReadUrdu — independent Urdu-English bilingual evidence
- word2word — independent corpus-derived bilingual evidence"
کمزوری,"Rank: 2046

Meaning: weakness

Frequency evidence: wordfreq Zipf 4.42
Frequency source: wordfreq Urdu multi-corpus ranking

Semantic verification: direct dictionary sense corroborated — Kaikki+ReadUrdu+word2word

Sources:
- wordfreq Urdu — Unicode multi-corpus frequency ordering
- Kaikki/Wiktextract — bilingual lexicographic evidence
- ReadUrdu — independent Urdu-English bilingual evidence
- word2word — independent corpus-derived bilingual evidence"
کیمیائی,"Rank: 2047

Meaning: chemical; chemo-

Frequency evidence: wordfreq Zipf 4.42
Frequency source: wordfreq Urdu multi-corpus ranking

Semantic verification: direct dictionary sense corroborated — Kaikki+ReadUrdu

Sources:
- wordfreq Urdu — Unicode multi-corpus frequency ordering
- Kaikki/Wiktextract — bilingual lexicographic evidence
- ReadUrdu — independent Urdu-English bilingual evidence
- word2word — independent corpus-derived bilingual evidence"
ہلاکت,"Rank: 2048

Meaning: death; destruction

Frequency evidence: wordfreq Zipf 4.42
Frequency source: wordfreq Urdu multi-corpus ranking

Semantic verification: direct dictionary sense corroborated — Kaikki+ReadUrdu

Sources:
- wordfreq Urdu — Unicode multi-corpus frequency ordering
- Kaikki/Wiktextract — bilingual lexicographic evidence
- ReadUrdu — independent Urdu-English bilingual evidence
- word2word — independent corpus-derived bilingual evidence"
انگلی,"Rank: 2049

Meaning: finger

Frequency evidence: wordfreq Zipf 4.41
Frequency source: wordfreq Urdu multi-corpus ranking

Semantic verification: direct dictionary sense corroborated — Kaikki+ReadUrdu

Sources:
- wordfreq Urdu — Unicode multi-corpus frequency ordering
- Kaikki/Wiktextract — bilingual lexicographic evidence
- ReadUrdu — independent Urdu-English bilingual evidence
- word2word — independent corpus-derived bilingual evidence"
ایشیائی,"Rank: 2050

Meaning: Asian

Frequency evidence: wordfreq Zipf 4.41
Frequency source: wordfreq Urdu multi-corpus ranking

Semantic verification: direct dictionary sense corroborated — Kaikki+ReadUrdu

Sources:
- wordfreq Urdu — Unicode multi-corpus frequency ordering
- Kaikki/Wiktextract — bilingual lexicographic evidence
- ReadUrdu — independent Urdu-English bilingual evidence
- word2word — independent corpus-derived bilingual evidence"
بشیر,"Rank: 2051

Meaning: a male given name; from Arabic

Frequency evidence: wordfreq Zipf 4.41
Frequency source: wordfreq Urdu multi-corpus ranking

Semantic verification: direct dictionary sense corroborated — Kaikki+ReadUrdu

Sources:
- wordfreq Urdu — Unicode multi-corpus frequency ordering
- Kaikki/Wiktextract — bilingual lexicographic evidence
- ReadUrdu — independent Urdu-English bilingual evidence
- word2word — independent corpus-derived bilingual evidence"
توڑنے,"Rank: 2052

Meaning: break

Frequency evidence: wordfreq Zipf 4.41
Frequency source: wordfreq Urdu multi-corpus ranking

Semantic verification: direct dictionary sense corroborated — ReadUrdu+word2word

Sources:
- wordfreq Urdu — Unicode multi-corpus frequency ordering
- Kaikki/Wiktextract — bilingual lexicographic evidence
- ReadUrdu — independent Urdu-English bilingual evidence
- word2word — independent corpus-derived bilingual evidence"
خطہ,"Rank: 2053

Meaning: region

Frequency evidence: wordfreq Zipf 4.41
Frequency source: wordfreq Urdu multi-corpus ranking

Semantic verification: direct dictionary sense corroborated — Kaikki+ReadUrdu

Sources:
- wordfreq Urdu — Unicode multi-corpus frequency ordering
- Kaikki/Wiktextract — bilingual lexicographic evidence
- ReadUrdu — independent Urdu-English bilingual evidence
- word2word — independent corpus-derived bilingual evidence"
خودکشی,"Rank: 2054

Meaning: suicide

Frequency evidence: wordfreq Zipf 4.41
Frequency source: wordfreq Urdu multi-corpus ranking

Semantic verification: direct dictionary sense corroborated — Kaikki+word2word

Sources:
- wordfreq Urdu — Unicode multi-corpus frequency ordering
- Kaikki/Wiktextract — bilingual lexicographic evidence
- ReadUrdu — independent Urdu-English bilingual evidence
- word2word — independent corpus-derived bilingual evidence"
دیکھئے,"Rank: 2055

Meaning: See

Frequency evidence: wordfreq Zipf 4.41
Frequency source: wordfreq Urdu multi-corpus ranking

Semantic verification: direct dictionary sense corroborated — ReadUrdu+word2word

Sources:
- wordfreq Urdu — Unicode multi-corpus frequency ordering
- Kaikki/Wiktextract — bilingual lexicographic evidence
- ReadUrdu — independent Urdu-English bilingual evidence
- word2word — independent corpus-derived bilingual evidence"
سایہ,"Rank: 2056

Meaning: shadow

Frequency evidence: wordfreq Zipf 4.41
Frequency source: wordfreq Urdu multi-corpus ranking

Semantic verification: direct dictionary sense corroborated — ReadUrdu+word2word

Sources:
- wordfreq Urdu — Unicode multi-corpus frequency ordering
- Kaikki/Wiktextract — bilingual lexicographic evidence
- ReadUrdu — independent Urdu-English bilingual evidence
- word2word — independent corpus-derived bilingual evidence"
لطف,"Rank: 2057

Meaning: enjoyment; pleasure

Frequency evidence: wordfreq Zipf 4.41
Frequency source: wordfreq Urdu multi-corpus ranking

Semantic verification: direct dictionary sense corroborated — Kaikki+ReadUrdu+word2word

Sources:
- wordfreq Urdu — Unicode multi-corpus frequency ordering
- Kaikki/Wiktextract — bilingual lexicographic evidence
- ReadUrdu — independent Urdu-English bilingual evidence
- word2word — independent corpus-derived bilingual evidence"
لہر,"Rank: 2058

Meaning: wave

Frequency evidence: wordfreq Zipf 4.41
Frequency source: wordfreq Urdu multi-corpus ranking

Semantic verification: direct dictionary sense corroborated — ReadUrdu+word2word

Sources:
- wordfreq Urdu — Unicode multi-corpus frequency ordering
- Kaikki/Wiktextract — bilingual lexicographic evidence
- ReadUrdu — independent Urdu-English bilingual evidence
- word2word — independent corpus-derived bilingual evidence"
معتبر,"Rank: 2059

Meaning: reliable; credible

Frequency evidence: wordfreq Zipf 4.41
Frequency source: wordfreq Urdu multi-corpus ranking

Semantic verification: direct dictionary sense corroborated — Kaikki+ReadUrdu

Sources:
- wordfreq Urdu — Unicode multi-corpus frequency ordering
- Kaikki/Wiktextract — bilingual lexicographic evidence
- ReadUrdu — independent Urdu-English bilingual evidence
- word2word — independent corpus-derived bilingual evidence"
ملکہ,"Rank: 2060

Meaning: queen

Frequency evidence: wordfreq Zipf 4.41
Frequency source: wordfreq Urdu multi-corpus ranking

Semantic verification: direct dictionary sense corroborated — Kaikki+ReadUrdu+word2word

Sources:
- wordfreq Urdu — Unicode multi-corpus frequency ordering
- Kaikki/Wiktextract — bilingual lexicographic evidence
- ReadUrdu — independent Urdu-English bilingual evidence
- word2word — independent corpus-derived bilingual evidence"
ناممکن,"Rank: 2061

Meaning: impossible

Frequency evidence: wordfreq Zipf 4.41
Frequency source: wordfreq Urdu multi-corpus ranking

Semantic verification: direct dictionary sense corroborated — Kaikki+ReadUrdu+word2word

Sources:
- wordfreq Urdu — Unicode multi-corpus frequency ordering
- Kaikki/Wiktextract — bilingual lexicographic evidence
- ReadUrdu — independent Urdu-English bilingual evidence
- word2word — independent corpus-derived bilingual evidence"
پختہ,"Rank: 2062

Meaning: firm; strong

Frequency evidence: wordfreq Zipf 4.41
Frequency source: wordfreq Urdu multi-corpus ranking

Semantic verification: direct dictionary sense corroborated — Kaikki+ReadUrdu

Sources:
- wordfreq Urdu — Unicode multi-corpus frequency ordering
- Kaikki/Wiktextract — bilingual lexicographic evidence
- ReadUrdu — independent Urdu-English bilingual evidence
- word2word — independent corpus-derived bilingual evidence"
یادگار,"Rank: 2063

Meaning: memorable; monument

Frequency evidence: wordfreq Zipf 4.41
Frequency source: wordfreq Urdu multi-corpus ranking

Semantic verification: direct dictionary sense corroborated — Kaikki+ReadUrdu+word2word

Sources:
- wordfreq Urdu — Unicode multi-corpus frequency ordering
- Kaikki/Wiktextract — bilingual lexicographic evidence
- ReadUrdu — independent Urdu-English bilingual evidence
- word2word — independent corpus-derived bilingual evidence"
یروشلم,"Rank: 2064

Meaning: Jerusalem

Frequency evidence: wordfreq Zipf 4.41
Frequency source: wordfreq Urdu multi-corpus ranking

Semantic verification: direct dictionary sense corroborated — Kaikki+ReadUrdu+word2word

Sources:
- wordfreq Urdu — Unicode multi-corpus frequency ordering
- Kaikki/Wiktextract — bilingual lexicographic evidence
- ReadUrdu — independent Urdu-English bilingual evidence
- word2word — independent corpus-derived bilingual evidence"
یہود,"Rank: 2065

Meaning: Jewry

Frequency evidence: wordfreq Zipf 4.41
Frequency source: wordfreq Urdu multi-corpus ranking

Semantic verification: direct dictionary sense corroborated — Kaikki+ReadUrdu

Sources:
- wordfreq Urdu — Unicode multi-corpus frequency ordering
- Kaikki/Wiktextract — bilingual lexicographic evidence
- ReadUrdu — independent Urdu-English bilingual evidence
- word2word — independent corpus-derived bilingual evidence"
احاطہ,"Rank: 2066

Meaning: fence; enclosure

Frequency evidence: wordfreq Zipf 4.40
Frequency source: wordfreq Urdu multi-corpus ranking

Semantic verification: direct dictionary sense corroborated — Kaikki+ReadUrdu

Sources:
- wordfreq Urdu — Unicode multi-corpus frequency ordering
- Kaikki/Wiktextract — bilingual lexicographic evidence
- ReadUrdu — independent Urdu-English bilingual evidence
- word2word — independent corpus-derived bilingual evidence"
اصغر,"Rank: 2067

Meaning: junior

Frequency evidence: wordfreq Zipf 4.40
Frequency source: wordfreq Urdu multi-corpus ranking

Semantic verification: direct dictionary sense corroborated — Kaikki+ReadUrdu

Sources:
- wordfreq Urdu — Unicode multi-corpus frequency ordering
- Kaikki/Wiktextract — bilingual lexicographic evidence
- ReadUrdu — independent Urdu-English bilingual evidence
- word2word — independent corpus-derived bilingual evidence"
ایجنٹ,"Rank: 2068

Meaning: agent

Frequency evidence: wordfreq Zipf 4.40
Frequency source: wordfreq Urdu multi-corpus ranking

Semantic verification: direct dictionary sense corroborated — Kaikki+ReadUrdu+word2word

Sources:
- wordfreq Urdu — Unicode multi-corpus frequency ordering
- Kaikki/Wiktextract — bilingual lexicographic evidence
- ReadUrdu — independent Urdu-English bilingual evidence
- word2word — independent corpus-derived bilingual evidence"
بدنام,"Rank: 2069

Meaning: infamous

Frequency evidence: wordfreq Zipf 4.40
Frequency source: wordfreq Urdu multi-corpus ranking

Semantic verification: direct dictionary sense corroborated — Kaikki+ReadUrdu+word2word

Sources:
- wordfreq Urdu — Unicode multi-corpus frequency ordering
- Kaikki/Wiktextract — bilingual lexicographic evidence
- ReadUrdu — independent Urdu-English bilingual evidence
- word2word — independent corpus-derived bilingual evidence"
بھلائی,"Rank: 2070

Meaning: goodness

Frequency evidence: wordfreq Zipf 4.40
Frequency source: wordfreq Urdu multi-corpus ranking

Semantic verification: direct dictionary sense corroborated — ReadUrdu+word2word

Sources:
- wordfreq Urdu — Unicode multi-corpus frequency ordering
- Kaikki/Wiktextract — bilingual lexicographic evidence
- ReadUrdu — independent Urdu-English bilingual evidence
- word2word — independent corpus-derived bilingual evidence"
بیش,"Rank: 2071

Meaning: more; greater

Frequency evidence: wordfreq Zipf 4.40
Frequency source: wordfreq Urdu multi-corpus ranking

Semantic verification: direct dictionary sense corroborated — Kaikki+ReadUrdu

Sources:
- wordfreq Urdu — Unicode multi-corpus frequency ordering
- Kaikki/Wiktextract — bilingual lexicographic evidence
- ReadUrdu — independent Urdu-English bilingual evidence
- word2word — independent corpus-derived bilingual evidence"
سمندری,"Rank: 2072

Meaning: Samundri

Frequency evidence: wordfreq Zipf 4.40
Frequency source: wordfreq Urdu multi-corpus ranking

Semantic verification: direct dictionary sense corroborated — Kaikki+ReadUrdu

Sources:
- wordfreq Urdu — Unicode multi-corpus frequency ordering
- Kaikki/Wiktextract — bilingual lexicographic evidence
- ReadUrdu — independent Urdu-English bilingual evidence
- word2word — independent corpus-derived bilingual evidence"
سوری,"Rank: 2073

Meaning: Syrian

Frequency evidence: wordfreq Zipf 4.40
Frequency source: wordfreq Urdu multi-corpus ranking

Semantic verification: direct dictionary sense corroborated — Kaikki+ReadUrdu

Sources:
- wordfreq Urdu — Unicode multi-corpus frequency ordering
- Kaikki/Wiktextract — bilingual lexicographic evidence
- ReadUrdu — independent Urdu-English bilingual evidence
- word2word — independent corpus-derived bilingual evidence"
عادی,"Rank: 2074

Meaning: normal

Frequency evidence: wordfreq Zipf 4.40
Frequency source: wordfreq Urdu multi-corpus ranking

Semantic verification: direct dictionary sense corroborated — Kaikki+ReadUrdu

Sources:
- wordfreq Urdu — Unicode multi-corpus frequency ordering
- Kaikki/Wiktextract — bilingual lexicographic evidence
- ReadUrdu — independent Urdu-English bilingual evidence
- word2word — independent corpus-derived bilingual evidence"
عاشق,"Rank: 2075

Meaning: lover

Frequency evidence: wordfreq Zipf 4.40
Frequency source: wordfreq Urdu multi-corpus ranking

Semantic verification: direct dictionary sense corroborated — Kaikki+ReadUrdu

Sources:
- wordfreq Urdu — Unicode multi-corpus frequency ordering
- Kaikki/Wiktextract — bilingual lexicographic evidence
- ReadUrdu — independent Urdu-English bilingual evidence
- word2word — independent corpus-derived bilingual evidence"
مانگنے,"Rank: 2076

Meaning: ask

Frequency evidence: wordfreq Zipf 4.40
Frequency source: wordfreq Urdu multi-corpus ranking

Semantic verification: direct dictionary sense corroborated — ReadUrdu+word2word

Sources:
- wordfreq Urdu — Unicode multi-corpus frequency ordering
- Kaikki/Wiktextract — bilingual lexicographic evidence
- ReadUrdu — independent Urdu-English bilingual evidence
- word2word — independent corpus-derived bilingual evidence"
متن,"Rank: 2077

Meaning: Text

Frequency evidence: wordfreq Zipf 4.40
Frequency source: wordfreq Urdu multi-corpus ranking

Semantic verification: direct dictionary sense corroborated — ReadUrdu+word2word

Sources:
- wordfreq Urdu — Unicode multi-corpus frequency ordering
- Kaikki/Wiktextract — bilingual lexicographic evidence
- ReadUrdu — independent Urdu-English bilingual evidence
- word2word — independent corpus-derived bilingual evidence"
مصری,"Rank: 2078

Meaning: Egyptian

Frequency evidence: wordfreq Zipf 4.40
Frequency source: wordfreq Urdu multi-corpus ranking

Semantic verification: direct dictionary sense corroborated — Kaikki+ReadUrdu+word2word

Sources:
- wordfreq Urdu — Unicode multi-corpus frequency ordering
- Kaikki/Wiktextract — bilingual lexicographic evidence
- ReadUrdu — independent Urdu-English bilingual evidence
- word2word — independent corpus-derived bilingual evidence"
نعت,"Rank: 2079

Meaning: naat

Frequency evidence: wordfreq Zipf 4.40
Frequency source: wordfreq Urdu multi-corpus ranking

Semantic verification: direct dictionary sense corroborated — Kaikki+ReadUrdu

Sources:
- wordfreq Urdu — Unicode multi-corpus frequency ordering
- Kaikki/Wiktextract — bilingual lexicographic evidence
- ReadUrdu — independent Urdu-English bilingual evidence
- word2word — independent corpus-derived bilingual evidence"
ٹن,"Rank: 2080

Meaning: ton

Frequency evidence: wordfreq Zipf 4.40
Frequency source: wordfreq Urdu multi-corpus ranking

Semantic verification: direct dictionary sense corroborated — ReadUrdu+word2word

Sources:
- wordfreq Urdu — Unicode multi-corpus frequency ordering
- Kaikki/Wiktextract — bilingual lexicographic evidence
- ReadUrdu — independent Urdu-English bilingual evidence
- word2word — independent corpus-derived bilingual evidence"
ہجوم,"Rank: 2081

Meaning: crowd; mob

Frequency evidence: wordfreq Zipf 4.40
Frequency source: wordfreq Urdu multi-corpus ranking

Semantic verification: direct dictionary sense corroborated — Kaikki+ReadUrdu+word2word

Sources:
- wordfreq Urdu — Unicode multi-corpus frequency ordering
- Kaikki/Wiktextract — bilingual lexicographic evidence
- ReadUrdu — independent Urdu-English bilingual evidence
- word2word — independent corpus-derived bilingual evidence"
آدھا,"Rank: 2082

Meaning: half

Frequency evidence: wordfreq Zipf 4.39
Frequency source: wordfreq Urdu multi-corpus ranking

Semantic verification: direct dictionary sense corroborated — Kaikki+ReadUrdu+word2word

Sources:
- wordfreq Urdu — Unicode multi-corpus frequency ordering
- Kaikki/Wiktextract — bilingual lexicographic evidence
- ReadUrdu — independent Urdu-English bilingual evidence
- word2word — independent corpus-derived bilingual evidence"
تائید,"Rank: 2083

Meaning: support; help

Frequency evidence: wordfreq Zipf 4.39
Frequency source: wordfreq Urdu multi-corpus ranking

Semantic verification: direct dictionary sense corroborated — Kaikki+ReadUrdu+word2word

Sources:
- wordfreq Urdu — Unicode multi-corpus frequency ordering
- Kaikki/Wiktextract — bilingual lexicographic evidence
- ReadUrdu — independent Urdu-English bilingual evidence
- word2word — independent corpus-derived bilingual evidence"
تلاوت,"Rank: 2084

Meaning: recitation; tilawa

Frequency evidence: wordfreq Zipf 4.39
Frequency source: wordfreq Urdu multi-corpus ranking

Semantic verification: direct dictionary sense corroborated — Kaikki+ReadUrdu

Sources:
- wordfreq Urdu — Unicode multi-corpus frequency ordering
- Kaikki/Wiktextract — bilingual lexicographic evidence
- ReadUrdu — independent Urdu-English bilingual evidence
- word2word — independent corpus-derived bilingual evidence"
تلخ,"Rank: 2085

Meaning: bitter; distasteful

Frequency evidence: wordfreq Zipf 4.39
Frequency source: wordfreq Urdu multi-corpus ranking

Semantic verification: direct dictionary sense corroborated — Kaikki+ReadUrdu+word2word

Sources:
- wordfreq Urdu — Unicode multi-corpus frequency ordering
- Kaikki/Wiktextract — bilingual lexicographic evidence
- ReadUrdu — independent Urdu-English bilingual evidence
- word2word — independent corpus-derived bilingual evidence"
تنازع,"Rank: 2086

Meaning: conflict; struggle

Frequency evidence: wordfreq Zipf 4.39
Frequency source: wordfreq Urdu multi-corpus ranking

Semantic verification: direct dictionary sense corroborated — Kaikki+ReadUrdu

Sources:
- wordfreq Urdu — Unicode multi-corpus frequency ordering
- Kaikki/Wiktextract — bilingual lexicographic evidence
- ReadUrdu — independent Urdu-English bilingual evidence
- word2word — independent corpus-derived bilingual evidence"
جھوٹا,"Rank: 2087

Meaning: liar; false

Frequency evidence: wordfreq Zipf 4.39
Frequency source: wordfreq Urdu multi-corpus ranking

Semantic verification: direct dictionary sense corroborated — Kaikki+ReadUrdu+word2word

Sources:
- wordfreq Urdu — Unicode multi-corpus frequency ordering
- Kaikki/Wiktextract — bilingual lexicographic evidence
- ReadUrdu — independent Urdu-English bilingual evidence
- word2word — independent corpus-derived bilingual evidence"
دکھائے,"Rank: 2088

Meaning: show

Frequency evidence: wordfreq Zipf 4.39
Frequency source: wordfreq Urdu multi-corpus ranking

Semantic verification: direct dictionary sense corroborated — ReadUrdu+word2word

Sources:
- wordfreq Urdu — Unicode multi-corpus frequency ordering
- Kaikki/Wiktextract — bilingual lexicographic evidence
- ReadUrdu — independent Urdu-English bilingual evidence
- word2word — independent corpus-derived bilingual evidence"
دھوپ,"Rank: 2089

Meaning: the Sun; incense

Frequency evidence: wordfreq Zipf 4.39
Frequency source: wordfreq Urdu multi-corpus ranking

Semantic verification: direct dictionary sense corroborated — Kaikki+ReadUrdu

Sources:
- wordfreq Urdu — Unicode multi-corpus frequency ordering
- Kaikki/Wiktextract — bilingual lexicographic evidence
- ReadUrdu — independent Urdu-English bilingual evidence
- word2word — independent corpus-derived bilingual evidence"
ذلت,"Rank: 2090

Meaning: disgrace; humiliation

Frequency evidence: wordfreq Zipf 4.39
Frequency source: wordfreq Urdu multi-corpus ranking

Semantic verification: direct dictionary sense corroborated — Kaikki+ReadUrdu+word2word

Sources:
- wordfreq Urdu — Unicode multi-corpus frequency ordering
- Kaikki/Wiktextract — bilingual lexicographic evidence
- ReadUrdu — independent Urdu-English bilingual evidence
- word2word — independent corpus-derived bilingual evidence"
رسالہ,"Rank: 2091

Meaning: message; journal

Frequency evidence: wordfreq Zipf 4.39
Frequency source: wordfreq Urdu multi-corpus ranking

Semantic verification: direct dictionary sense corroborated — Kaikki+ReadUrdu

Sources:
- wordfreq Urdu — Unicode multi-corpus frequency ordering
- Kaikki/Wiktextract — bilingual lexicographic evidence
- ReadUrdu — independent Urdu-English bilingual evidence
- word2word — independent corpus-derived bilingual evidence"
سائز,"Rank: 2092

Meaning: size

Frequency evidence: wordfreq Zipf 4.39
Frequency source: wordfreq Urdu multi-corpus ranking

Semantic verification: direct dictionary sense corroborated — Kaikki+ReadUrdu+word2word

Sources:
- wordfreq Urdu — Unicode multi-corpus frequency ordering
- Kaikki/Wiktextract — bilingual lexicographic evidence
- ReadUrdu — independent Urdu-English bilingual evidence
- word2word — independent corpus-derived bilingual evidence"
شمس,"Rank: 2093

Meaning: sun

Frequency evidence: wordfreq Zipf 4.39
Frequency source: wordfreq Urdu multi-corpus ranking

Semantic verification: direct dictionary sense corroborated — Kaikki+ReadUrdu

Sources:
- wordfreq Urdu — Unicode multi-corpus frequency ordering
- Kaikki/Wiktextract — bilingual lexicographic evidence
- ReadUrdu — independent Urdu-English bilingual evidence
- word2word — independent corpus-derived bilingual evidence"
شہریت,"Rank: 2094

Meaning: citizenship; township

Frequency evidence: wordfreq Zipf 4.39
Frequency source: wordfreq Urdu multi-corpus ranking

Semantic verification: direct dictionary sense corroborated — Kaikki+ReadUrdu

Sources:
- wordfreq Urdu — Unicode multi-corpus frequency ordering
- Kaikki/Wiktextract — bilingual lexicographic evidence
- ReadUrdu — independent Urdu-English bilingual evidence
- word2word — independent corpus-derived bilingual evidence"
قبلہ,"Rank: 2095

Meaning: anything opposite; a father

Frequency evidence: wordfreq Zipf 4.39
Frequency source: wordfreq Urdu multi-corpus ranking

Semantic verification: direct dictionary sense corroborated — Kaikki+ReadUrdu

Sources:
- wordfreq Urdu — Unicode multi-corpus frequency ordering
- Kaikki/Wiktextract — bilingual lexicographic evidence
- ReadUrdu — independent Urdu-English bilingual evidence
- word2word — independent corpus-derived bilingual evidence"
قواعد,"Rank: 2096

Meaning: grammar

Frequency evidence: wordfreq Zipf 4.39
Frequency source: wordfreq Urdu multi-corpus ranking

Semantic verification: direct dictionary sense corroborated — Kaikki+ReadUrdu

Sources:
- wordfreq Urdu — Unicode multi-corpus frequency ordering
- Kaikki/Wiktextract — bilingual lexicographic evidence
- ReadUrdu — independent Urdu-English bilingual evidence
- word2word — independent corpus-derived bilingual evidence"
مغل,"Rank: 2097

Meaning: Mughal; Moghul

Frequency evidence: wordfreq Zipf 4.39
Frequency source: wordfreq Urdu multi-corpus ranking

Semantic verification: direct dictionary sense corroborated — Kaikki+ReadUrdu

Sources:
- wordfreq Urdu — Unicode multi-corpus frequency ordering
- Kaikki/Wiktextract — bilingual lexicographic evidence
- ReadUrdu — independent Urdu-English bilingual evidence
- word2word — independent corpus-derived bilingual evidence"
میزبان,"Rank: 2098

Meaning: host

Frequency evidence: wordfreq Zipf 4.39
Frequency source: wordfreq Urdu multi-corpus ranking

Semantic verification: direct dictionary sense corroborated — Kaikki+ReadUrdu+word2word

Sources:
- wordfreq Urdu — Unicode multi-corpus frequency ordering
- Kaikki/Wiktextract — bilingual lexicographic evidence
- ReadUrdu — independent Urdu-English bilingual evidence
- word2word — independent corpus-derived bilingual evidence"
ناز,"Rank: 2099

Meaning: pride

Frequency evidence: wordfreq Zipf 4.39
Frequency source: wordfreq Urdu multi-corpus ranking

Semantic verification: direct dictionary sense corroborated — Kaikki+ReadUrdu

Sources:
- wordfreq Urdu — Unicode multi-corpus frequency ordering
- Kaikki/Wiktextract — bilingual lexicographic evidence
- ReadUrdu — independent Urdu-English bilingual evidence
- word2word — independent corpus-derived bilingual evidence"
کلیدی,"Rank: 2100

Meaning: key

Frequency evidence: wordfreq Zipf 4.39
Frequency source: wordfreq Urdu multi-corpus ranking

Semantic verification: direct dictionary sense corroborated — Kaikki+word2word

Sources:
- wordfreq Urdu — Unicode multi-corpus frequency ordering
- Kaikki/Wiktextract — bilingual lexicographic evidence
- ReadUrdu — independent Urdu-English bilingual evidence
- word2word — independent corpus-derived bilingual evidence"
کمائی,"Rank: 2101

Meaning: capital; income

Frequency evidence: wordfreq Zipf 4.39
Frequency source: wordfreq Urdu multi-corpus ranking

Semantic verification: direct dictionary sense corroborated — Kaikki+ReadUrdu

Sources:
- wordfreq Urdu — Unicode multi-corpus frequency ordering
- Kaikki/Wiktextract — bilingual lexicographic evidence
- ReadUrdu — independent Urdu-English bilingual evidence
- word2word — independent corpus-derived bilingual evidence"
آزمائش,"Rank: 2102

Meaning: test; trial

Frequency evidence: wordfreq Zipf 4.38
Frequency source: wordfreq Urdu multi-corpus ranking

Semantic verification: direct dictionary sense corroborated — Kaikki+ReadUrdu+word2word

Sources:
- wordfreq Urdu — Unicode multi-corpus frequency ordering
- Kaikki/Wiktextract — bilingual lexicographic evidence
- ReadUrdu — independent Urdu-English bilingual evidence
- word2word — independent corpus-derived bilingual evidence"
اشتعال,"Rank: 2103

Meaning: combustion; ignition

Frequency evidence: wordfreq Zipf 4.38
Frequency source: wordfreq Urdu multi-corpus ranking

Semantic verification: direct dictionary sense corroborated — Kaikki+ReadUrdu

Sources:
- wordfreq Urdu — Unicode multi-corpus frequency ordering
- Kaikki/Wiktextract — bilingual lexicographic evidence
- ReadUrdu — independent Urdu-English bilingual evidence
- word2word — independent corpus-derived bilingual evidence"
اونٹ,"Rank: 2104

Meaning: camel; tall

Frequency evidence: wordfreq Zipf 4.38
Frequency source: wordfreq Urdu multi-corpus ranking

Semantic verification: direct dictionary sense corroborated — Kaikki+ReadUrdu+word2word

Sources:
- wordfreq Urdu — Unicode multi-corpus frequency ordering
- Kaikki/Wiktextract — bilingual lexicographic evidence
- ReadUrdu — independent Urdu-English bilingual evidence
- word2word — independent corpus-derived bilingual evidence"
بتانا,"Rank: 2105

Meaning: to tell; live out

Frequency evidence: wordfreq Zipf 4.38
Frequency source: wordfreq Urdu multi-corpus ranking

Semantic verification: direct dictionary sense corroborated — Kaikki+ReadUrdu+word2word

Sources:
- wordfreq Urdu — Unicode multi-corpus frequency ordering
- Kaikki/Wiktextract — bilingual lexicographic evidence
- ReadUrdu — independent Urdu-English bilingual evidence
- word2word — independent corpus-derived bilingual evidence"
برتن,"Rank: 2106

Meaning: any vessel used for eating; crockery

Frequency evidence: wordfreq Zipf 4.38
Frequency source: wordfreq Urdu multi-corpus ranking

Semantic verification: direct dictionary sense corroborated — Kaikki+ReadUrdu

Sources:
- wordfreq Urdu — Unicode multi-corpus frequency ordering
- Kaikki/Wiktextract — bilingual lexicographic evidence
- ReadUrdu — independent Urdu-English bilingual evidence
- word2word — independent corpus-derived bilingual evidence"
بنگال,"Rank: 2107

Meaning: Bengal

Frequency evidence: wordfreq Zipf 4.38
Frequency source: wordfreq Urdu multi-corpus ranking

Semantic verification: direct dictionary sense corroborated — Kaikki+ReadUrdu

Sources:
- wordfreq Urdu — Unicode multi-corpus frequency ordering
- Kaikki/Wiktextract — bilingual lexicographic evidence
- ReadUrdu — independent Urdu-English bilingual evidence
- word2word — independent corpus-derived bilingual evidence"
بہادری,"Rank: 2108

Meaning: bravery; heroism

Frequency evidence: wordfreq Zipf 4.38
Frequency source: wordfreq Urdu multi-corpus ranking

Semantic verification: direct dictionary sense corroborated — Kaikki+ReadUrdu+word2word

Sources:
- wordfreq Urdu — Unicode multi-corpus frequency ordering
- Kaikki/Wiktextract — bilingual lexicographic evidence
- ReadUrdu — independent Urdu-English bilingual evidence
- word2word — independent corpus-derived bilingual evidence"
جادو,"Rank: 2109

Meaning: magic; charm

Frequency evidence: wordfreq Zipf 4.38
Frequency source: wordfreq Urdu multi-corpus ranking

Semantic verification: direct dictionary sense corroborated — Kaikki+ReadUrdu+word2word

Sources:
- wordfreq Urdu — Unicode multi-corpus frequency ordering
- Kaikki/Wiktextract — bilingual lexicographic evidence
- ReadUrdu — independent Urdu-English bilingual evidence
- word2word — independent corpus-derived bilingual evidence"
جھیل,"Rank: 2110

Meaning: lake; pool

Frequency evidence: wordfreq Zipf 4.38
Frequency source: wordfreq Urdu multi-corpus ranking

Semantic verification: direct dictionary sense corroborated — Kaikki+ReadUrdu+word2word

Sources:
- wordfreq Urdu — Unicode multi-corpus frequency ordering
- Kaikki/Wiktextract — bilingual lexicographic evidence
- ReadUrdu — independent Urdu-English bilingual evidence
- word2word — independent corpus-derived bilingual evidence"
حب,"Rank: 2111

Meaning: Hub

Frequency evidence: wordfreq Zipf 4.38
Frequency source: wordfreq Urdu multi-corpus ranking

Semantic verification: direct dictionary sense corroborated — Kaikki+ReadUrdu+word2word

Sources:
- wordfreq Urdu — Unicode multi-corpus frequency ordering
- Kaikki/Wiktextract — bilingual lexicographic evidence
- ReadUrdu — independent Urdu-English bilingual evidence
- word2word — independent corpus-derived bilingual evidence"
حمد,"Rank: 2112

Meaning: praise; hymn

Frequency evidence: wordfreq Zipf 4.38
Frequency source: wordfreq Urdu multi-corpus ranking

Semantic verification: direct dictionary sense corroborated — Kaikki+ReadUrdu

Sources:
- wordfreq Urdu — Unicode multi-corpus frequency ordering
- Kaikki/Wiktextract — bilingual lexicographic evidence
- ReadUrdu — independent Urdu-English bilingual evidence
- word2word — independent corpus-derived bilingual evidence"
خرابی,"Rank: 2113

Meaning: ruin

Frequency evidence: wordfreq Zipf 4.38
Frequency source: wordfreq Urdu multi-corpus ranking

Semantic verification: direct dictionary sense corroborated — Kaikki+ReadUrdu

Sources:
- wordfreq Urdu — Unicode multi-corpus frequency ordering
- Kaikki/Wiktextract — bilingual lexicographic evidence
- ReadUrdu — independent Urdu-English bilingual evidence
- word2word — independent corpus-derived bilingual evidence"
خوبصورتی,"Rank: 2114

Meaning: beauty

Frequency evidence: wordfreq Zipf 4.38
Frequency source: wordfreq Urdu multi-corpus ranking

Semantic verification: direct dictionary sense corroborated — ReadUrdu+word2word

Sources:
- wordfreq Urdu — Unicode multi-corpus frequency ordering
- Kaikki/Wiktextract — bilingual lexicographic evidence
- ReadUrdu — independent Urdu-English bilingual evidence
- word2word — independent corpus-derived bilingual evidence"
دوم,"Rank: 2115

Meaning: second

Frequency evidence: wordfreq Zipf 4.38
Frequency source: wordfreq Urdu multi-corpus ranking

Semantic verification: direct dictionary sense corroborated — Kaikki+ReadUrdu

Sources:
- wordfreq Urdu — Unicode multi-corpus frequency ordering
- Kaikki/Wiktextract — bilingual lexicographic evidence
- ReadUrdu — independent Urdu-English bilingual evidence
- word2word — independent corpus-derived bilingual evidence"
رخصت,"Rank: 2116

Meaning: leave; departure

Frequency evidence: wordfreq Zipf 4.38
Frequency source: wordfreq Urdu multi-corpus ranking

Semantic verification: direct dictionary sense corroborated — Kaikki+ReadUrdu

Sources:
- wordfreq Urdu — Unicode multi-corpus frequency ordering
- Kaikki/Wiktextract — bilingual lexicographic evidence
- ReadUrdu — independent Urdu-English bilingual evidence
- word2word — independent corpus-derived bilingual evidence"
رس,"Rank: 2117

Meaning: syrup

Frequency evidence: wordfreq Zipf 4.38
Frequency source: wordfreq Urdu multi-corpus ranking

Semantic verification: direct dictionary sense corroborated — Kaikki+ReadUrdu

Sources:
- wordfreq Urdu — Unicode multi-corpus frequency ordering
- Kaikki/Wiktextract — bilingual lexicographic evidence
- ReadUrdu — independent Urdu-English bilingual evidence
- word2word — independent corpus-derived bilingual evidence"
زون,"Rank: 2118

Meaning: border region; region

Frequency evidence: wordfreq Zipf 4.38
Frequency source: wordfreq Urdu multi-corpus ranking

Semantic verification: direct dictionary sense corroborated — Kaikki+ReadUrdu

Sources:
- wordfreq Urdu — Unicode multi-corpus frequency ordering
- Kaikki/Wiktextract — bilingual lexicographic evidence
- ReadUrdu — independent Urdu-English bilingual evidence
- word2word — independent corpus-derived bilingual evidence"
سالگرہ,"Rank: 2119

Meaning: birthday; anniversary

Frequency evidence: wordfreq Zipf 4.38
Frequency source: wordfreq Urdu multi-corpus ranking

Semantic verification: direct dictionary sense corroborated — Kaikki+ReadUrdu+word2word

Sources:
- wordfreq Urdu — Unicode multi-corpus frequency ordering
- Kaikki/Wiktextract — bilingual lexicographic evidence
- ReadUrdu — independent Urdu-English bilingual evidence
- word2word — independent corpus-derived bilingual evidence"
شاگرد,"Rank: 2120

Meaning: student; pupil

Frequency evidence: wordfreq Zipf 4.38
Frequency source: wordfreq Urdu multi-corpus ranking

Semantic verification: direct dictionary sense corroborated — Kaikki+ReadUrdu+word2word

Sources:
- wordfreq Urdu — Unicode multi-corpus frequency ordering
- Kaikki/Wiktextract — bilingual lexicographic evidence
- ReadUrdu — independent Urdu-English bilingual evidence
- word2word — independent corpus-derived bilingual evidence"
صفت,"Rank: 2121

Meaning: adjective

Frequency evidence: wordfreq Zipf 4.38
Frequency source: wordfreq Urdu multi-corpus ranking

Semantic verification: direct dictionary sense corroborated — Kaikki+ReadUrdu

Sources:
- wordfreq Urdu — Unicode multi-corpus frequency ordering
- Kaikki/Wiktextract — bilingual lexicographic evidence
- ReadUrdu — independent Urdu-English bilingual evidence
- word2word — independent corpus-derived bilingual evidence"
عنصر,"Rank: 2122

Meaning: element; part

Frequency evidence: wordfreq Zipf 4.38
Frequency source: wordfreq Urdu multi-corpus ranking

Semantic verification: direct dictionary sense corroborated — Kaikki+ReadUrdu+word2word

Sources:
- wordfreq Urdu — Unicode multi-corpus frequency ordering
- Kaikki/Wiktextract — bilingual lexicographic evidence
- ReadUrdu — independent Urdu-English bilingual evidence
- word2word — independent corpus-derived bilingual evidence"
غذا,"Rank: 2123

Meaning: diet; food

Frequency evidence: wordfreq Zipf 4.38
Frequency source: wordfreq Urdu multi-corpus ranking

Semantic verification: direct dictionary sense corroborated — Kaikki+ReadUrdu+word2word

Sources:
- wordfreq Urdu — Unicode multi-corpus frequency ordering
- Kaikki/Wiktextract — bilingual lexicographic evidence
- ReadUrdu — independent Urdu-English bilingual evidence
- word2word — independent corpus-derived bilingual evidence"
میانمار,"Rank: 2124

Meaning: Myanmar

Frequency evidence: wordfreq Zipf 4.38
Frequency source: wordfreq Urdu multi-corpus ranking

Semantic verification: direct dictionary sense corroborated — Kaikki+ReadUrdu

Sources:
- wordfreq Urdu — Unicode multi-corpus frequency ordering
- Kaikki/Wiktextract — bilingual lexicographic evidence
- ReadUrdu — independent Urdu-English bilingual evidence
- word2word — independent corpus-derived bilingual evidence"
نسخہ,"Rank: 2125

Meaning: a cure; recipe

Frequency evidence: wordfreq Zipf 4.38
Frequency source: wordfreq Urdu multi-corpus ranking

Semantic verification: direct dictionary sense corroborated — Kaikki+ReadUrdu

Sources:
- wordfreq Urdu — Unicode multi-corpus frequency ordering
- Kaikki/Wiktextract — bilingual lexicographic evidence
- ReadUrdu — independent Urdu-English bilingual evidence
- word2word — independent corpus-derived bilingual evidence"
پاگل,"Rank: 2126

Meaning: crazy; mad

Frequency evidence: wordfreq Zipf 4.38
Frequency source: wordfreq Urdu multi-corpus ranking

Semantic verification: direct dictionary sense corroborated — ReadUrdu+word2word

Sources:
- wordfreq Urdu — Unicode multi-corpus frequency ordering
- Kaikki/Wiktextract — bilingual lexicographic evidence
- ReadUrdu — independent Urdu-English bilingual evidence
- word2word — independent corpus-derived bilingual evidence"
پرورش,"Rank: 2127

Meaning: upbringing; nurture

Frequency evidence: wordfreq Zipf 4.38
Frequency source: wordfreq Urdu multi-corpus ranking

Semantic verification: direct dictionary sense corroborated — Kaikki+ReadUrdu

Sources:
- wordfreq Urdu — Unicode multi-corpus frequency ordering
- Kaikki/Wiktextract — bilingual lexicographic evidence
- ReadUrdu — independent Urdu-English bilingual evidence
- word2word — independent corpus-derived bilingual evidence"
پڑھائی,"Rank: 2128

Meaning: education; reading

Frequency evidence: wordfreq Zipf 4.38
Frequency source: wordfreq Urdu multi-corpus ranking

Semantic verification: direct dictionary sense corroborated — Kaikki+ReadUrdu

Sources:
- wordfreq Urdu — Unicode multi-corpus frequency ordering
- Kaikki/Wiktextract — bilingual lexicographic evidence
- ReadUrdu — independent Urdu-English bilingual evidence
- word2word — independent corpus-derived bilingual evidence"
چشم,"Rank: 2129

Meaning: eye

Frequency evidence: wordfreq Zipf 4.38
Frequency source: wordfreq Urdu multi-corpus ranking

Semantic verification: direct dictionary sense corroborated — Kaikki+ReadUrdu

Sources:
- wordfreq Urdu — Unicode multi-corpus frequency ordering
- Kaikki/Wiktextract — bilingual lexicographic evidence
- ReadUrdu — independent Urdu-English bilingual evidence
- word2word — independent corpus-derived bilingual evidence"
چمک,"Rank: 2130

Meaning: shine; brightness

Frequency evidence: wordfreq Zipf 4.38
Frequency source: wordfreq Urdu multi-corpus ranking

Semantic verification: direct dictionary sense corroborated — Kaikki+ReadUrdu+word2word

Sources:
- wordfreq Urdu — Unicode multi-corpus frequency ordering
- Kaikki/Wiktextract — bilingual lexicographic evidence
- ReadUrdu — independent Urdu-English bilingual evidence
- word2word — independent corpus-derived bilingual evidence"
گوادر,"Rank: 2131

Meaning: Gwadar

Frequency evidence: wordfreq Zipf 4.38
Frequency source: wordfreq Urdu multi-corpus ranking

Semantic verification: direct dictionary sense corroborated — Kaikki+ReadUrdu

Sources:
- wordfreq Urdu — Unicode multi-corpus frequency ordering
- Kaikki/Wiktextract — bilingual lexicographic evidence
- ReadUrdu — independent Urdu-English bilingual evidence
- word2word — independent corpus-derived bilingual evidence"
گیت,"Rank: 2132

Meaning: song; track

Frequency evidence: wordfreq Zipf 4.38
Frequency source: wordfreq Urdu multi-corpus ranking

Semantic verification: direct dictionary sense corroborated — Kaikki+ReadUrdu+word2word

Sources:
- wordfreq Urdu — Unicode multi-corpus frequency ordering
- Kaikki/Wiktextract — bilingual lexicographic evidence
- ReadUrdu — independent Urdu-English bilingual evidence
- word2word — independent corpus-derived bilingual evidence"
آقا,"Rank: 2133

Meaning: Mr

Frequency evidence: wordfreq Zipf 4.37
Frequency source: wordfreq Urdu multi-corpus ranking

Semantic verification: direct dictionary sense corroborated — Kaikki+ReadUrdu

Sources:
- wordfreq Urdu — Unicode multi-corpus frequency ordering
- Kaikki/Wiktextract — bilingual lexicographic evidence
- ReadUrdu — independent Urdu-English bilingual evidence
- word2word — independent corpus-derived bilingual evidence"
اجتماع,"Rank: 2134

Meaning: gathering; convention

Frequency evidence: wordfreq Zipf 4.37
Frequency source: wordfreq Urdu multi-corpus ranking

Semantic verification: direct dictionary sense corroborated — Kaikki+ReadUrdu+word2word

Sources:
- wordfreq Urdu — Unicode multi-corpus frequency ordering
- Kaikki/Wiktextract — bilingual lexicographic evidence
- ReadUrdu — independent Urdu-English bilingual evidence
- word2word — independent corpus-derived bilingual evidence"
اذیت,"Rank: 2135

Meaning: torture; agony

Frequency evidence: wordfreq Zipf 4.37
Frequency source: wordfreq Urdu multi-corpus ranking

Semantic verification: direct dictionary sense corroborated — Kaikki+ReadUrdu

Sources:
- wordfreq Urdu — Unicode multi-corpus frequency ordering
- Kaikki/Wiktextract — bilingual lexicographic evidence
- ReadUrdu — independent Urdu-English bilingual evidence
- word2word — independent corpus-derived bilingual evidence"
اسرار,"Rank: 2136

Meaning: Secrets

Frequency evidence: wordfreq Zipf 4.37
Frequency source: wordfreq Urdu multi-corpus ranking

Semantic verification: direct dictionary sense corroborated — ReadUrdu+word2word

Sources:
- wordfreq Urdu — Unicode multi-corpus frequency ordering
- Kaikki/Wiktextract — bilingual lexicographic evidence
- ReadUrdu — independent Urdu-English bilingual evidence
- word2word — independent corpus-derived bilingual evidence"
امامت,"Rank: 2137

Meaning: leadership

Frequency evidence: wordfreq Zipf 4.37
Frequency source: wordfreq Urdu multi-corpus ranking

Semantic verification: direct dictionary sense corroborated — Kaikki+ReadUrdu

Sources:
- wordfreq Urdu — Unicode multi-corpus frequency ordering
- Kaikki/Wiktextract — bilingual lexicographic evidence
- ReadUrdu — independent Urdu-English bilingual evidence
- word2word — independent corpus-derived bilingual evidence"
اموات,"Rank: 2138

Meaning: Deaths

Frequency evidence: wordfreq Zipf 4.37
Frequency source: wordfreq Urdu multi-corpus ranking

Semantic verification: direct dictionary sense corroborated — ReadUrdu+word2word

Sources:
- wordfreq Urdu — Unicode multi-corpus frequency ordering
- Kaikki/Wiktextract — bilingual lexicographic evidence
- ReadUrdu — independent Urdu-English bilingual evidence
- word2word — independent corpus-derived bilingual evidence"
انتقام,"Rank: 2139

Meaning: revenge

Frequency evidence: wordfreq Zipf 4.37
Frequency source: wordfreq Urdu multi-corpus ranking

Semantic verification: direct dictionary sense corroborated — Kaikki+ReadUrdu

Sources:
- wordfreq Urdu — Unicode multi-corpus frequency ordering
- Kaikki/Wiktextract — bilingual lexicographic evidence
- ReadUrdu — independent Urdu-English bilingual evidence
- word2word — independent corpus-derived bilingual evidence"
انجیل,"Rank: 2140

Meaning: gospel

Frequency evidence: wordfreq Zipf 4.37
Frequency source: wordfreq Urdu multi-corpus ranking

Semantic verification: direct dictionary sense corroborated — Kaikki+ReadUrdu

Sources:
- wordfreq Urdu — Unicode multi-corpus frequency ordering
- Kaikki/Wiktextract — bilingual lexicographic evidence
- ReadUrdu — independent Urdu-English bilingual evidence
- word2word — independent corpus-derived bilingual evidence"
اٹھارہ,"Rank: 2141

Meaning: eighteen

Frequency evidence: wordfreq Zipf 4.37
Frequency source: wordfreq Urdu multi-corpus ranking

Semantic verification: direct dictionary sense corroborated — Kaikki+ReadUrdu

Sources:
- wordfreq Urdu — Unicode multi-corpus frequency ordering
- Kaikki/Wiktextract — bilingual lexicographic evidence
- ReadUrdu — independent Urdu-English bilingual evidence
- word2word — independent corpus-derived bilingual evidence"
برقی,"Rank: 2142

Meaning: electric; electronic

Frequency evidence: wordfreq Zipf 4.37
Frequency source: wordfreq Urdu multi-corpus ranking

Semantic verification: direct dictionary sense corroborated — Kaikki+ReadUrdu

Sources:
- wordfreq Urdu — Unicode multi-corpus frequency ordering
- Kaikki/Wiktextract — bilingual lexicographic evidence
- ReadUrdu — independent Urdu-English bilingual evidence
- word2word — independent corpus-derived bilingual evidence"
بغداد,"Rank: 2143

Meaning: Baghdad

Frequency evidence: wordfreq Zipf 4.37
Frequency source: wordfreq Urdu multi-corpus ranking

Semantic verification: direct dictionary sense corroborated — ReadUrdu+word2word

Sources:
- wordfreq Urdu — Unicode multi-corpus frequency ordering
- Kaikki/Wiktextract — bilingual lexicographic evidence
- ReadUrdu — independent Urdu-English bilingual evidence
- word2word — independent corpus-derived bilingual evidence"
جائیداد,"Rank: 2144

Meaning: property

Frequency evidence: wordfreq Zipf 4.37
Frequency source: wordfreq Urdu multi-corpus ranking

Semantic verification: direct dictionary sense corroborated — ReadUrdu+word2word

Sources:
- wordfreq Urdu — Unicode multi-corpus frequency ordering
- Kaikki/Wiktextract — bilingual lexicographic evidence
- ReadUrdu — independent Urdu-English bilingual evidence
- word2word — independent corpus-derived bilingual evidence"
جاپانی,"Rank: 2145

Meaning: Japanese

Frequency evidence: wordfreq Zipf 4.37
Frequency source: wordfreq Urdu multi-corpus ranking

Semantic verification: direct dictionary sense corroborated — Kaikki+ReadUrdu+word2word

Sources:
- wordfreq Urdu — Unicode multi-corpus frequency ordering
- Kaikki/Wiktextract — bilingual lexicographic evidence
- ReadUrdu — independent Urdu-English bilingual evidence
- word2word — independent corpus-derived bilingual evidence"
جہالت,"Rank: 2146

Meaning: ignorance

Frequency evidence: wordfreq Zipf 4.37
Frequency source: wordfreq Urdu multi-corpus ranking

Semantic verification: direct dictionary sense corroborated — ReadUrdu+word2word

Sources:
- wordfreq Urdu — Unicode multi-corpus frequency ordering
- Kaikki/Wiktextract — bilingual lexicographic evidence
- ReadUrdu — independent Urdu-English bilingual evidence
- word2word — independent corpus-derived bilingual evidence"
جہان,"Rank: 2147

Meaning: world; universe

Frequency evidence: wordfreq Zipf 4.37
Frequency source: wordfreq Urdu multi-corpus ranking

Semantic verification: direct dictionary sense corroborated — Kaikki+ReadUrdu

Sources:
- wordfreq Urdu — Unicode multi-corpus frequency ordering
- Kaikki/Wiktextract — bilingual lexicographic evidence
- ReadUrdu — independent Urdu-English bilingual evidence
- word2word — independent corpus-derived bilingual evidence"
دھیان,"Rank: 2148

Meaning: attention; notice

Frequency evidence: wordfreq Zipf 4.37
Frequency source: wordfreq Urdu multi-corpus ranking

Semantic verification: direct dictionary sense corroborated — Kaikki+ReadUrdu

Sources:
- wordfreq Urdu — Unicode multi-corpus frequency ordering
- Kaikki/Wiktextract — bilingual lexicographic evidence
- ReadUrdu — independent Urdu-English bilingual evidence
- word2word — independent corpus-derived bilingual evidence"
سگریٹ,"Rank: 2149

Meaning: cigarette

Frequency evidence: wordfreq Zipf 4.37
Frequency source: wordfreq Urdu multi-corpus ranking

Semantic verification: direct dictionary sense corroborated — Kaikki+ReadUrdu+word2word

Sources:
- wordfreq Urdu — Unicode multi-corpus frequency ordering
- Kaikki/Wiktextract — bilingual lexicographic evidence
- ReadUrdu — independent Urdu-English bilingual evidence
- word2word — independent corpus-derived bilingual evidence"
سیاحت,"Rank: 2150

Meaning: journey

Frequency evidence: wordfreq Zipf 4.37
Frequency source: wordfreq Urdu multi-corpus ranking

Semantic verification: direct dictionary sense corroborated — Kaikki+ReadUrdu

Sources:
- wordfreq Urdu — Unicode multi-corpus frequency ordering
- Kaikki/Wiktextract — bilingual lexicographic evidence
- ReadUrdu — independent Urdu-English bilingual evidence
- word2word — independent corpus-derived bilingual evidence"
طول,"Rank: 2151

Meaning: — Long

Frequency evidence: wordfreq Zipf 4.37
Frequency source: wordfreq Urdu multi-corpus ranking

Semantic verification: direct dictionary sense corroborated — ReadUrdu+word2word

Sources:
- wordfreq Urdu — Unicode multi-corpus frequency ordering
- Kaikki/Wiktextract — bilingual lexicographic evidence
- ReadUrdu — independent Urdu-English bilingual evidence
- word2word — independent corpus-derived bilingual evidence"
عرف,"Rank: 2152

Meaning: pen name; alias

Frequency evidence: wordfreq Zipf 4.37
Frequency source: wordfreq Urdu multi-corpus ranking

Semantic verification: direct dictionary sense corroborated — Kaikki+ReadUrdu

Sources:
- wordfreq Urdu — Unicode multi-corpus frequency ordering
- Kaikki/Wiktextract — bilingual lexicographic evidence
- ReadUrdu — independent Urdu-English bilingual evidence
- word2word — independent corpus-derived bilingual evidence"
عنایت,"Rank: 2153

Meaning: kindness

Frequency evidence: wordfreq Zipf 4.37
Frequency source: wordfreq Urdu multi-corpus ranking

Semantic verification: direct dictionary sense corroborated — Kaikki+ReadUrdu

Sources:
- wordfreq Urdu — Unicode multi-corpus frequency ordering
- Kaikki/Wiktextract — bilingual lexicographic evidence
- ReadUrdu — independent Urdu-English bilingual evidence
- word2word — independent corpus-derived bilingual evidence"
غضب,"Rank: 2154

Meaning: violence; angry

Frequency evidence: wordfreq Zipf 4.37
Frequency source: wordfreq Urdu multi-corpus ranking

Semantic verification: direct dictionary sense corroborated — Kaikki+ReadUrdu

Sources:
- wordfreq Urdu — Unicode multi-corpus frequency ordering
- Kaikki/Wiktextract — bilingual lexicographic evidence
- ReadUrdu — independent Urdu-English bilingual evidence
- word2word — independent corpus-derived bilingual evidence"
لبنان,"Rank: 2155

Meaning: Lebanon

Frequency evidence: wordfreq Zipf 4.37
Frequency source: wordfreq Urdu multi-corpus ranking

Semantic verification: direct dictionary sense corroborated — Kaikki+ReadUrdu+word2word

Sources:
- wordfreq Urdu — Unicode multi-corpus frequency ordering
- Kaikki/Wiktextract — bilingual lexicographic evidence
- ReadUrdu — independent Urdu-English bilingual evidence
- word2word — independent corpus-derived bilingual evidence"
ماسکو,"Rank: 2156

Meaning: Moscow

Frequency evidence: wordfreq Zipf 4.37
Frequency source: wordfreq Urdu multi-corpus ranking

Semantic verification: direct dictionary sense corroborated — Kaikki+ReadUrdu+word2word

Sources:
- wordfreq Urdu — Unicode multi-corpus frequency ordering
- Kaikki/Wiktextract — bilingual lexicographic evidence
- ReadUrdu — independent Urdu-English bilingual evidence
- word2word — independent corpus-derived bilingual evidence"
مافیا,"Rank: 2157

Meaning: the mafia

Frequency evidence: wordfreq Zipf 4.37
Frequency source: wordfreq Urdu multi-corpus ranking

Semantic verification: direct dictionary sense corroborated — ReadUrdu+word2word

Sources:
- wordfreq Urdu — Unicode multi-corpus frequency ordering
- Kaikki/Wiktextract — bilingual lexicographic evidence
- ReadUrdu — independent Urdu-English bilingual evidence
- word2word — independent corpus-derived bilingual evidence"
مشغول,"Rank: 2158

Meaning: engaged; occupied

Frequency evidence: wordfreq Zipf 4.37
Frequency source: wordfreq Urdu multi-corpus ranking

Semantic verification: direct dictionary sense corroborated — Kaikki+ReadUrdu+word2word

Sources:
- wordfreq Urdu — Unicode multi-corpus frequency ordering
- Kaikki/Wiktextract — bilingual lexicographic evidence
- ReadUrdu — independent Urdu-English bilingual evidence
- word2word — independent corpus-derived bilingual evidence"
نوح,"Rank: 2159

Meaning: Noah; Nuh

Frequency evidence: wordfreq Zipf 4.37
Frequency source: wordfreq Urdu multi-corpus ranking

Semantic verification: direct dictionary sense corroborated — Kaikki+ReadUrdu

Sources:
- wordfreq Urdu — Unicode multi-corpus frequency ordering
- Kaikki/Wiktextract — bilingual lexicographic evidence
- ReadUrdu — independent Urdu-English bilingual evidence
- word2word — independent corpus-derived bilingual evidence"
پشت,"Rank: 2160

Meaning: the back; generation

Frequency evidence: wordfreq Zipf 4.37
Frequency source: wordfreq Urdu multi-corpus ranking

Semantic verification: direct dictionary sense corroborated — Kaikki+ReadUrdu+word2word

Sources:
- wordfreq Urdu — Unicode multi-corpus frequency ordering
- Kaikki/Wiktextract — bilingual lexicographic evidence
- ReadUrdu — independent Urdu-English bilingual evidence
- word2word — independent corpus-derived bilingual evidence"
کسان,"Rank: 2161

Meaning: farmer; cultivator

Frequency evidence: wordfreq Zipf 4.37
Frequency source: wordfreq Urdu multi-corpus ranking

Semantic verification: direct dictionary sense corroborated — Kaikki+ReadUrdu+word2word

Sources:
- wordfreq Urdu — Unicode multi-corpus frequency ordering
- Kaikki/Wiktextract — bilingual lexicographic evidence
- ReadUrdu — independent Urdu-English bilingual evidence
- word2word — independent corpus-derived bilingual evidence"
گنبد,"Rank: 2162

Meaning: dome

Frequency evidence: wordfreq Zipf 4.37
Frequency source: wordfreq Urdu multi-corpus ranking

Semantic verification: direct dictionary sense corroborated — Kaikki+ReadUrdu+word2word

Sources:
- wordfreq Urdu — Unicode multi-corpus frequency ordering
- Kaikki/Wiktextract — bilingual lexicographic evidence
- ReadUrdu — independent Urdu-English bilingual evidence
- word2word — independent corpus-derived bilingual evidence"
ہنگامی,"Rank: 2163

Meaning: emergency; temporary

Frequency evidence: wordfreq Zipf 4.37
Frequency source: wordfreq Urdu multi-corpus ranking

Semantic verification: direct dictionary sense corroborated — Kaikki+ReadUrdu+word2word

Sources:
- wordfreq Urdu — Unicode multi-corpus frequency ordering
- Kaikki/Wiktextract — bilingual lexicographic evidence
- ReadUrdu — independent Urdu-English bilingual evidence
- word2word — independent corpus-derived bilingual evidence"
یحیی,"Rank: 2164

Meaning: Yahya

Frequency evidence: wordfreq Zipf 4.37
Frequency source: wordfreq Urdu multi-corpus ranking

Semantic verification: direct dictionary sense corroborated — Kaikki+ReadUrdu

Sources:
- wordfreq Urdu — Unicode multi-corpus frequency ordering
- Kaikki/Wiktextract — bilingual lexicographic evidence
- ReadUrdu — independent Urdu-English bilingual evidence
- word2word — independent corpus-derived bilingual evidence"
افریقی,"Rank: 2165

Meaning: African

Frequency evidence: wordfreq Zipf 4.36
Frequency source: wordfreq Urdu multi-corpus ranking

Semantic verification: direct dictionary sense corroborated — Kaikki+ReadUrdu

Sources:
- wordfreq Urdu — Unicode multi-corpus frequency ordering
- Kaikki/Wiktextract — bilingual lexicographic evidence
- ReadUrdu — independent Urdu-English bilingual evidence
- word2word — independent corpus-derived bilingual evidence"
بیدار,"Rank: 2166

Meaning: conscious; awake

Frequency evidence: wordfreq Zipf 4.36
Frequency source: wordfreq Urdu multi-corpus ranking

Semantic verification: direct dictionary sense corroborated — Kaikki+ReadUrdu

Sources:
- wordfreq Urdu — Unicode multi-corpus frequency ordering
- Kaikki/Wiktextract — bilingual lexicographic evidence
- ReadUrdu — independent Urdu-English bilingual evidence
- word2word — independent corpus-derived bilingual evidence"
جوانی,"Rank: 2167

Meaning: youth

Frequency evidence: wordfreq Zipf 4.36
Frequency source: wordfreq Urdu multi-corpus ranking

Semantic verification: direct dictionary sense corroborated — Kaikki+ReadUrdu+word2word

Sources:
- wordfreq Urdu — Unicode multi-corpus frequency ordering
- Kaikki/Wiktextract — bilingual lexicographic evidence
- ReadUrdu — independent Urdu-English bilingual evidence
- word2word — independent corpus-derived bilingual evidence"
حرمت,"Rank: 2168

Meaning: respect; honour

Frequency evidence: wordfreq Zipf 4.36
Frequency source: wordfreq Urdu multi-corpus ranking

Semantic verification: direct dictionary sense corroborated — Kaikki+ReadUrdu

Sources:
- wordfreq Urdu — Unicode multi-corpus frequency ordering
- Kaikki/Wiktextract — bilingual lexicographic evidence
- ReadUrdu — independent Urdu-English bilingual evidence
- word2word — independent corpus-derived bilingual evidence"
دکان,"Rank: 2169

Meaning: store; shop

Frequency evidence: wordfreq Zipf 4.36
Frequency source: wordfreq Urdu multi-corpus ranking

Semantic verification: direct dictionary sense corroborated — Kaikki+ReadUrdu+word2word

Sources:
- wordfreq Urdu — Unicode multi-corpus frequency ordering
- Kaikki/Wiktextract — bilingual lexicographic evidence
- ReadUrdu — independent Urdu-English bilingual evidence
- word2word — independent corpus-derived bilingual evidence"
دیو,"Rank: 2170

Meaning: giant

Frequency evidence: wordfreq Zipf 4.36
Frequency source: wordfreq Urdu multi-corpus ranking

Semantic verification: direct dictionary sense corroborated — ReadUrdu+word2word

Sources:
- wordfreq Urdu — Unicode multi-corpus frequency ordering
- Kaikki/Wiktextract — bilingual lexicographic evidence
- ReadUrdu — independent Urdu-English bilingual evidence
- word2word — independent corpus-derived bilingual evidence"
سانپ,"Rank: 2171

Meaning: snake

Frequency evidence: wordfreq Zipf 4.36
Frequency source: wordfreq Urdu multi-corpus ranking

Semantic verification: direct dictionary sense corroborated — Kaikki+ReadUrdu+word2word

Sources:
- wordfreq Urdu — Unicode multi-corpus frequency ordering
- Kaikki/Wiktextract — bilingual lexicographic evidence
- ReadUrdu — independent Urdu-English bilingual evidence
- word2word — independent corpus-derived bilingual evidence"
سمجھی,"Rank: 2172

Meaning: understand

Frequency evidence: wordfreq Zipf 4.36
Frequency source: wordfreq Urdu multi-corpus ranking

Semantic verification: direct dictionary sense corroborated — ReadUrdu+word2word

Sources:
- wordfreq Urdu — Unicode multi-corpus frequency ordering
- Kaikki/Wiktextract — bilingual lexicographic evidence
- ReadUrdu — independent Urdu-English bilingual evidence
- word2word — independent corpus-derived bilingual evidence"
شناختی,"Rank: 2173

Meaning: identification

Frequency evidence: wordfreq Zipf 4.36
Frequency source: wordfreq Urdu multi-corpus ranking

Semantic verification: direct dictionary sense corroborated — Kaikki+ReadUrdu+word2word

Sources:
- wordfreq Urdu — Unicode multi-corpus frequency ordering
- Kaikki/Wiktextract — bilingual lexicographic evidence
- ReadUrdu — independent Urdu-English bilingual evidence
- word2word — independent corpus-derived bilingual evidence"
فتنہ,"Rank: 2174

Meaning: temptation; evil

Frequency evidence: wordfreq Zipf 4.36
Frequency source: wordfreq Urdu multi-corpus ranking

Semantic verification: direct dictionary sense corroborated — Kaikki+ReadUrdu+word2word

Sources:
- wordfreq Urdu — Unicode multi-corpus frequency ordering
- Kaikki/Wiktextract — bilingual lexicographic evidence
- ReadUrdu — independent Urdu-English bilingual evidence
- word2word — independent corpus-derived bilingual evidence"
فریب,"Rank: 2175

Meaning: deception; deceit

Frequency evidence: wordfreq Zipf 4.36
Frequency source: wordfreq Urdu multi-corpus ranking

Semantic verification: direct dictionary sense corroborated — Kaikki+ReadUrdu+word2word

Sources:
- wordfreq Urdu — Unicode multi-corpus frequency ordering
- Kaikki/Wiktextract — bilingual lexicographic evidence
- ReadUrdu — independent Urdu-English bilingual evidence
- word2word — independent corpus-derived bilingual evidence"
فضائیہ,"Rank: 2176

Meaning: air force

Frequency evidence: wordfreq Zipf 4.36
Frequency source: wordfreq Urdu multi-corpus ranking

Semantic verification: direct dictionary sense corroborated — Kaikki+ReadUrdu

Sources:
- wordfreq Urdu — Unicode multi-corpus frequency ordering
- Kaikki/Wiktextract — bilingual lexicographic evidence
- ReadUrdu — independent Urdu-English bilingual evidence
- word2word — independent corpus-derived bilingual evidence"
قد,"Rank: 2177

Meaning: height; stature

Frequency evidence: wordfreq Zipf 4.36
Frequency source: wordfreq Urdu multi-corpus ranking

Semantic verification: direct dictionary sense corroborated — Kaikki+ReadUrdu+word2word

Sources:
- wordfreq Urdu — Unicode multi-corpus frequency ordering
- Kaikki/Wiktextract — bilingual lexicographic evidence
- ReadUrdu — independent Urdu-English bilingual evidence
- word2word — independent corpus-derived bilingual evidence"
قرضہ,"Rank: 2178

Meaning: debt

Frequency evidence: wordfreq Zipf 4.36
Frequency source: wordfreq Urdu multi-corpus ranking

Semantic verification: direct dictionary sense corroborated — Kaikki+ReadUrdu

Sources:
- wordfreq Urdu — Unicode multi-corpus frequency ordering
- Kaikki/Wiktextract — bilingual lexicographic evidence
- ReadUrdu — independent Urdu-English bilingual evidence
- word2word — independent corpus-derived bilingual evidence"
لائبریری,"Rank: 2179

Meaning: library

Frequency evidence: wordfreq Zipf 4.36
Frequency source: wordfreq Urdu multi-corpus ranking

Semantic verification: direct dictionary sense corroborated — Kaikki+ReadUrdu+word2word

Sources:
- wordfreq Urdu — Unicode multi-corpus frequency ordering
- Kaikki/Wiktextract — bilingual lexicographic evidence
- ReadUrdu — independent Urdu-English bilingual evidence
- word2word — independent corpus-derived bilingual evidence"
مردان,"Rank: 2180

Meaning: Mardan

Frequency evidence: wordfreq Zipf 4.36
Frequency source: wordfreq Urdu multi-corpus ranking

Semantic verification: direct dictionary sense corroborated — Kaikki+ReadUrdu

Sources:
- wordfreq Urdu — Unicode multi-corpus frequency ordering
- Kaikki/Wiktextract — bilingual lexicographic evidence
- ReadUrdu — independent Urdu-English bilingual evidence
- word2word — independent corpus-derived bilingual evidence"
مزہ,"Rank: 2181

Meaning: fun; pleasure

Frequency evidence: wordfreq Zipf 4.36
Frequency source: wordfreq Urdu multi-corpus ranking

Semantic verification: direct dictionary sense corroborated — Kaikki+ReadUrdu+word2word

Sources:
- wordfreq Urdu — Unicode multi-corpus frequency ordering
- Kaikki/Wiktextract — bilingual lexicographic evidence
- ReadUrdu — independent Urdu-English bilingual evidence
- word2word — independent corpus-derived bilingual evidence"
مظاہرین,"Rank: 2182

Meaning: protesters

Frequency evidence: wordfreq Zipf 4.36
Frequency source: wordfreq Urdu multi-corpus ranking

Semantic verification: direct dictionary sense corroborated — Kaikki+ReadUrdu

Sources:
- wordfreq Urdu — Unicode multi-corpus frequency ordering
- Kaikki/Wiktextract — bilingual lexicographic evidence
- ReadUrdu — independent Urdu-English bilingual evidence
- word2word — independent corpus-derived bilingual evidence"
میٹرو,"Rank: 2183

Meaning: metro

Frequency evidence: wordfreq Zipf 4.36
Frequency source: wordfreq Urdu multi-corpus ranking

Semantic verification: direct dictionary sense corroborated — ReadUrdu+word2word

Sources:
- wordfreq Urdu — Unicode multi-corpus frequency ordering
- Kaikki/Wiktextract — bilingual lexicographic evidence
- ReadUrdu — independent Urdu-English bilingual evidence
- word2word — independent corpus-derived bilingual evidence"
ٹورنامنٹ,"Rank: 2184

Meaning: tournament

Frequency evidence: wordfreq Zipf 4.36
Frequency source: wordfreq Urdu multi-corpus ranking

Semantic verification: direct dictionary sense corroborated — ReadUrdu+word2word

Sources:
- wordfreq Urdu — Unicode multi-corpus frequency ordering
- Kaikki/Wiktextract — bilingual lexicographic evidence
- ReadUrdu — independent Urdu-English bilingual evidence
- word2word — independent corpus-derived bilingual evidence"
ہجری,"Rank: 2185

Meaning: AH; Hijri

Frequency evidence: wordfreq Zipf 4.36
Frequency source: wordfreq Urdu multi-corpus ranking

Semantic verification: direct dictionary sense corroborated — Kaikki+ReadUrdu

Sources:
- wordfreq Urdu — Unicode multi-corpus frequency ordering
- Kaikki/Wiktextract — bilingual lexicographic evidence
- ReadUrdu — independent Urdu-English bilingual evidence
- word2word — independent corpus-derived bilingual evidence"
ارض,"Rank: 2186

Meaning: land; earth

Frequency evidence: wordfreq Zipf 4.35
Frequency source: wordfreq Urdu multi-corpus ranking

Semantic verification: direct dictionary sense corroborated — Kaikki+ReadUrdu

Sources:
- wordfreq Urdu — Unicode multi-corpus frequency ordering
- Kaikki/Wiktextract — bilingual lexicographic evidence
- ReadUrdu — independent Urdu-English bilingual evidence
- word2word — independent corpus-derived bilingual evidence"
اطاعت,"Rank: 2187

Meaning: submission; obedience

Frequency evidence: wordfreq Zipf 4.35
Frequency source: wordfreq Urdu multi-corpus ranking

Semantic verification: direct dictionary sense corroborated — Kaikki+ReadUrdu

Sources:
- wordfreq Urdu — Unicode multi-corpus frequency ordering
- Kaikki/Wiktextract — bilingual lexicographic evidence
- ReadUrdu — independent Urdu-English bilingual evidence
- word2word — independent corpus-derived bilingual evidence"
بتاتا,"Rank: 2188

Meaning: tell

Frequency evidence: wordfreq Zipf 4.35
Frequency source: wordfreq Urdu multi-corpus ranking

Semantic verification: direct dictionary sense corroborated — ReadUrdu+word2word

Sources:
- wordfreq Urdu — Unicode multi-corpus frequency ordering
- Kaikki/Wiktextract — bilingual lexicographic evidence
- ReadUrdu — independent Urdu-English bilingual evidence
- word2word — independent corpus-derived bilingual evidence"
جنتا,"Rank: 2189

Meaning: people; group

Frequency evidence: wordfreq Zipf 4.35
Frequency source: wordfreq Urdu multi-corpus ranking

Semantic verification: direct dictionary sense corroborated — Kaikki+ReadUrdu

Sources:
- wordfreq Urdu — Unicode multi-corpus frequency ordering
- Kaikki/Wiktextract — bilingual lexicographic evidence
- ReadUrdu — independent Urdu-English bilingual evidence
- word2word — independent corpus-derived bilingual evidence"
دیہات,"Rank: 2190

Meaning: village; countryside

Frequency evidence: wordfreq Zipf 4.35
Frequency source: wordfreq Urdu multi-corpus ranking

Semantic verification: direct dictionary sense corroborated — Kaikki+ReadUrdu+word2word

Sources:
- wordfreq Urdu — Unicode multi-corpus frequency ordering
- Kaikki/Wiktextract — bilingual lexicographic evidence
- ReadUrdu — independent Urdu-English bilingual evidence
- word2word — independent corpus-derived bilingual evidence"
سفارش,"Rank: 2191

Meaning: recommendation; endorsement

Frequency evidence: wordfreq Zipf 4.35
Frequency source: wordfreq Urdu multi-corpus ranking

Semantic verification: direct dictionary sense corroborated — Kaikki+ReadUrdu+word2word

Sources:
- wordfreq Urdu — Unicode multi-corpus frequency ordering
- Kaikki/Wiktextract — bilingual lexicographic evidence
- ReadUrdu — independent Urdu-English bilingual evidence
- word2word — independent corpus-derived bilingual evidence"
سمجھنا,"Rank: 2192

Meaning: to understand; to perceive

Frequency evidence: wordfreq Zipf 4.35
Frequency source: wordfreq Urdu multi-corpus ranking

Semantic verification: direct dictionary sense corroborated — Kaikki+ReadUrdu+word2word

Sources:
- wordfreq Urdu — Unicode multi-corpus frequency ordering
- Kaikki/Wiktextract — bilingual lexicographic evidence
- ReadUrdu — independent Urdu-English bilingual evidence
- word2word — independent corpus-derived bilingual evidence"
فجر,"Rank: 2193

Meaning: dawn

Frequency evidence: wordfreq Zipf 4.35
Frequency source: wordfreq Urdu multi-corpus ranking

Semantic verification: direct dictionary sense corroborated — ReadUrdu+word2word

Sources:
- wordfreq Urdu — Unicode multi-corpus frequency ordering
- Kaikki/Wiktextract — bilingual lexicographic evidence
- ReadUrdu — independent Urdu-English bilingual evidence
- word2word — independent corpus-derived bilingual evidence"
لب,"Rank: 2194

Meaning: lip

Frequency evidence: wordfreq Zipf 4.35
Frequency source: wordfreq Urdu multi-corpus ranking

Semantic verification: direct dictionary sense corroborated — Kaikki+ReadUrdu

Sources:
- wordfreq Urdu — Unicode multi-corpus frequency ordering
- Kaikki/Wiktextract — bilingual lexicographic evidence
- ReadUrdu — independent Urdu-English bilingual evidence
- word2word — independent corpus-derived bilingual evidence"
نسیم,"Rank: 2195

Meaning: morning breeze; grace

Frequency evidence: wordfreq Zipf 4.35
Frequency source: wordfreq Urdu multi-corpus ranking

Semantic verification: direct dictionary sense corroborated — Kaikki+ReadUrdu

Sources:
- wordfreq Urdu — Unicode multi-corpus frequency ordering
- Kaikki/Wiktextract — bilingual lexicographic evidence
- ReadUrdu — independent Urdu-English bilingual evidence
- word2word — independent corpus-derived bilingual evidence"
نشانی,"Rank: 2196

Meaning: sign; omen

Frequency evidence: wordfreq Zipf 4.35
Frequency source: wordfreq Urdu multi-corpus ranking

Semantic verification: direct dictionary sense corroborated — Kaikki+ReadUrdu+word2word

Sources:
- wordfreq Urdu — Unicode multi-corpus frequency ordering
- Kaikki/Wiktextract — bilingual lexicographic evidence
- ReadUrdu — independent Urdu-English bilingual evidence
- word2word — independent corpus-derived bilingual evidence"
نیل,"Rank: 2197

Meaning: indigo; bruise

Frequency evidence: wordfreq Zipf 4.35
Frequency source: wordfreq Urdu multi-corpus ranking

Semantic verification: direct dictionary sense corroborated — Kaikki+ReadUrdu

Sources:
- wordfreq Urdu — Unicode multi-corpus frequency ordering
- Kaikki/Wiktextract — bilingual lexicographic evidence
- ReadUrdu — independent Urdu-English bilingual evidence
- word2word — independent corpus-derived bilingual evidence"
وچ,"Rank: 2198

Meaning: sun; parrot

Frequency evidence: wordfreq Zipf 4.35
Frequency source: wordfreq Urdu multi-corpus ranking

Semantic verification: direct dictionary sense corroborated — Kaikki+ReadUrdu

Sources:
- wordfreq Urdu — Unicode multi-corpus frequency ordering
- Kaikki/Wiktextract — bilingual lexicographic evidence
- ReadUrdu — independent Urdu-English bilingual evidence
- word2word — independent corpus-derived bilingual evidence"
چال,"Rank: 2199

Meaning: trick; play

Frequency evidence: wordfreq Zipf 4.35
Frequency source: wordfreq Urdu multi-corpus ranking

Semantic verification: direct dictionary sense corroborated — Kaikki+ReadUrdu+word2word

Sources:
- wordfreq Urdu — Unicode multi-corpus frequency ordering
- Kaikki/Wiktextract — bilingual lexicographic evidence
- ReadUrdu — independent Urdu-English bilingual evidence
- word2word — independent corpus-derived bilingual evidence"
چاپ,"Rank: 2200

Meaning: bow; arc

Frequency evidence: wordfreq Zipf 4.35
Frequency source: wordfreq Urdu multi-corpus ranking

Semantic verification: direct dictionary sense corroborated — Kaikki+ReadUrdu

Sources:
- wordfreq Urdu — Unicode multi-corpus frequency ordering
- Kaikki/Wiktextract — bilingual lexicographic evidence
- ReadUrdu — independent Urdu-English bilingual evidence
- word2word — independent corpus-derived bilingual evidence"
چلنا,"Rank: 2201

Meaning: to walk; to go

Frequency evidence: wordfreq Zipf 4.35
Frequency source: wordfreq Urdu multi-corpus ranking

Semantic verification: direct dictionary sense corroborated — Kaikki+ReadUrdu+word2word

Sources:
- wordfreq Urdu — Unicode multi-corpus frequency ordering
- Kaikki/Wiktextract — bilingual lexicographic evidence
- ReadUrdu — independent Urdu-English bilingual evidence
- word2word — independent corpus-derived bilingual evidence"
چوبیس,"Rank: 2202

Meaning: twenty-four

Frequency evidence: wordfreq Zipf 4.35
Frequency source: wordfreq Urdu multi-corpus ranking

Semantic verification: direct dictionary sense corroborated — Kaikki+word2word

Sources:
- wordfreq Urdu — Unicode multi-corpus frequency ordering
- Kaikki/Wiktextract — bilingual lexicographic evidence
- ReadUrdu — independent Urdu-English bilingual evidence
- word2word — independent corpus-derived bilingual evidence"
کارنامہ,"Rank: 2203

Meaning: history; deed

Frequency evidence: wordfreq Zipf 4.35
Frequency source: wordfreq Urdu multi-corpus ranking

Semantic verification: direct dictionary sense corroborated — Kaikki+ReadUrdu

Sources:
- wordfreq Urdu — Unicode multi-corpus frequency ordering
- Kaikki/Wiktextract — bilingual lexicographic evidence
- ReadUrdu — independent Urdu-English bilingual evidence
- word2word — independent corpus-derived bilingual evidence"
ہدف,"Rank: 2204

Meaning: target; object

Frequency evidence: wordfreq Zipf 4.35
Frequency source: wordfreq Urdu multi-corpus ranking

Semantic verification: direct dictionary sense corroborated — Kaikki+ReadUrdu+word2word

Sources:
- wordfreq Urdu — Unicode multi-corpus frequency ordering
- Kaikki/Wiktextract — bilingual lexicographic evidence
- ReadUrdu — independent Urdu-English bilingual evidence
- word2word — independent corpus-derived bilingual evidence"
یونانی,"Rank: 2205

Meaning: Greek; pertaining to Unani medicine

Frequency evidence: wordfreq Zipf 4.35
Frequency source: wordfreq Urdu multi-corpus ranking

Semantic verification: direct dictionary sense corroborated — Kaikki+ReadUrdu+word2word

Sources:
- wordfreq Urdu — Unicode multi-corpus frequency ordering
- Kaikki/Wiktextract — bilingual lexicographic evidence
- ReadUrdu — independent Urdu-English bilingual evidence
- word2word — independent corpus-derived bilingual evidence"
اتوار,"Rank: 2206

Meaning: Sunday; the Sabbath day

Frequency evidence: wordfreq Zipf 4.34
Frequency source: wordfreq Urdu multi-corpus ranking

Semantic verification: direct dictionary sense corroborated — Kaikki+ReadUrdu+word2word

Sources:
- wordfreq Urdu — Unicode multi-corpus frequency ordering
- Kaikki/Wiktextract — bilingual lexicographic evidence
- ReadUrdu — independent Urdu-English bilingual evidence
- word2word — independent corpus-derived bilingual evidence"
اشتراک,"Rank: 2207

Meaning: similarity; subscription

Frequency evidence: wordfreq Zipf 4.34
Frequency source: wordfreq Urdu multi-corpus ranking

Semantic verification: direct dictionary sense corroborated — Kaikki+ReadUrdu+word2word

Sources:
- wordfreq Urdu — Unicode multi-corpus frequency ordering
- Kaikki/Wiktextract — bilingual lexicographic evidence
- ReadUrdu — independent Urdu-English bilingual evidence
- word2word — independent corpus-derived bilingual evidence"
اصرار,"Rank: 2208

Meaning: insistence; persistence

Frequency evidence: wordfreq Zipf 4.34
Frequency source: wordfreq Urdu multi-corpus ranking

Semantic verification: direct dictionary sense corroborated — Kaikki+ReadUrdu+word2word

Sources:
- wordfreq Urdu — Unicode multi-corpus frequency ordering
- Kaikki/Wiktextract — bilingual lexicographic evidence
- ReadUrdu — independent Urdu-English bilingual evidence
- word2word — independent corpus-derived bilingual evidence"
اندرون,"Rank: 2209

Meaning: old; the interior

Frequency evidence: wordfreq Zipf 4.34
Frequency source: wordfreq Urdu multi-corpus ranking

Semantic verification: direct dictionary sense corroborated — Kaikki+ReadUrdu

Sources:
- wordfreq Urdu — Unicode multi-corpus frequency ordering
- Kaikki/Wiktextract — bilingual lexicographic evidence
- ReadUrdu — independent Urdu-English bilingual evidence
- word2word — independent corpus-derived bilingual evidence"
اورنگزیب,"Rank: 2210

Meaning: a male given name; from Persian

Frequency evidence: wordfreq Zipf 4.34
Frequency source: wordfreq Urdu multi-corpus ranking

Semantic verification: direct dictionary sense corroborated — Kaikki+ReadUrdu

Sources:
- wordfreq Urdu — Unicode multi-corpus frequency ordering
- Kaikki/Wiktextract — bilingual lexicographic evidence
- ReadUrdu — independent Urdu-English bilingual evidence
- word2word — independent corpus-derived bilingual evidence"
اکیلے,"Rank: 2211

Meaning: alone

Frequency evidence: wordfreq Zipf 4.34
Frequency source: wordfreq Urdu multi-corpus ranking

Semantic verification: direct dictionary sense corroborated — ReadUrdu+word2word

Sources:
- wordfreq Urdu — Unicode multi-corpus frequency ordering
- Kaikki/Wiktextract — bilingual lexicographic evidence
- ReadUrdu — independent Urdu-English bilingual evidence
- word2word — independent corpus-derived bilingual evidence"
تعزیت,"Rank: 2212

Meaning: condolence

Frequency evidence: wordfreq Zipf 4.34
Frequency source: wordfreq Urdu multi-corpus ranking

Semantic verification: direct dictionary sense corroborated — Kaikki+ReadUrdu

Sources:
- wordfreq Urdu — Unicode multi-corpus frequency ordering
- Kaikki/Wiktextract — bilingual lexicographic evidence
- ReadUrdu — independent Urdu-English bilingual evidence
- word2word — independent corpus-derived bilingual evidence"
خلا,"Rank: 2213

Meaning: space; void

Frequency evidence: wordfreq Zipf 4.34
Frequency source: wordfreq Urdu multi-corpus ranking

Semantic verification: direct dictionary sense corroborated — Kaikki+ReadUrdu+word2word

Sources:
- wordfreq Urdu — Unicode multi-corpus frequency ordering
- Kaikki/Wiktextract — bilingual lexicographic evidence
- ReadUrdu — independent Urdu-English bilingual evidence
- word2word — independent corpus-derived bilingual evidence"
سحر,"Rank: 2214

Meaning: dawn; magic

Frequency evidence: wordfreq Zipf 4.34
Frequency source: wordfreq Urdu multi-corpus ranking

Semantic verification: direct dictionary sense corroborated — Kaikki+ReadUrdu

Sources:
- wordfreq Urdu — Unicode multi-corpus frequency ordering
- Kaikki/Wiktextract — bilingual lexicographic evidence
- ReadUrdu — independent Urdu-English bilingual evidence
- word2word — independent corpus-derived bilingual evidence"
سینہ,"Rank: 2215

Meaning: chest; breast

Frequency evidence: wordfreq Zipf 4.34
Frequency source: wordfreq Urdu multi-corpus ranking

Semantic verification: direct dictionary sense corroborated — Kaikki+ReadUrdu+word2word

Sources:
- wordfreq Urdu — Unicode multi-corpus frequency ordering
- Kaikki/Wiktextract — bilingual lexicographic evidence
- ReadUrdu — independent Urdu-English bilingual evidence
- word2word — independent corpus-derived bilingual evidence"
محلہ,"Rank: 2216

Meaning: a ward; neighborhood

Frequency evidence: wordfreq Zipf 4.34
Frequency source: wordfreq Urdu multi-corpus ranking

Semantic verification: direct dictionary sense corroborated — Kaikki+ReadUrdu

Sources:
- wordfreq Urdu — Unicode multi-corpus frequency ordering
- Kaikki/Wiktextract — bilingual lexicographic evidence
- ReadUrdu — independent Urdu-English bilingual evidence
- word2word — independent corpus-derived bilingual evidence"
مشکوک,"Rank: 2217

Meaning: doubtful; dubious

Frequency evidence: wordfreq Zipf 4.34
Frequency source: wordfreq Urdu multi-corpus ranking

Semantic verification: direct dictionary sense corroborated — Kaikki+ReadUrdu

Sources:
- wordfreq Urdu — Unicode multi-corpus frequency ordering
- Kaikki/Wiktextract — bilingual lexicographic evidence
- ReadUrdu — independent Urdu-English bilingual evidence
- word2word — independent corpus-derived bilingual evidence"
مقصود,"Rank: 2218

Meaning: proposed; intended

Frequency evidence: wordfreq Zipf 4.34
Frequency source: wordfreq Urdu multi-corpus ranking

Semantic verification: direct dictionary sense corroborated — Kaikki+ReadUrdu

Sources:
- wordfreq Urdu — Unicode multi-corpus frequency ordering
- Kaikki/Wiktextract — bilingual lexicographic evidence
- ReadUrdu — independent Urdu-English bilingual evidence
- word2word — independent corpus-derived bilingual evidence"
نجم,"Rank: 2219

Meaning: star; planet

Frequency evidence: wordfreq Zipf 4.34
Frequency source: wordfreq Urdu multi-corpus ranking

Semantic verification: direct dictionary sense corroborated — Kaikki+ReadUrdu

Sources:
- wordfreq Urdu — Unicode multi-corpus frequency ordering
- Kaikki/Wiktextract — bilingual lexicographic evidence
- ReadUrdu — independent Urdu-English bilingual evidence
- word2word — independent corpus-derived bilingual evidence"
وصیت,"Rank: 2220

Meaning: will; testament

Frequency evidence: wordfreq Zipf 4.34
Frequency source: wordfreq Urdu multi-corpus ranking

Semantic verification: direct dictionary sense corroborated — Kaikki+ReadUrdu+word2word

Sources:
- wordfreq Urdu — Unicode multi-corpus frequency ordering
- Kaikki/Wiktextract — bilingual lexicographic evidence
- ReadUrdu — independent Urdu-English bilingual evidence
- word2word — independent corpus-derived bilingual evidence"
ولد,"Rank: 2221

Meaning: son; boy

Frequency evidence: wordfreq Zipf 4.34
Frequency source: wordfreq Urdu multi-corpus ranking

Semantic verification: direct dictionary sense corroborated — Kaikki+ReadUrdu

Sources:
- wordfreq Urdu — Unicode multi-corpus frequency ordering
- Kaikki/Wiktextract — bilingual lexicographic evidence
- ReadUrdu — independent Urdu-English bilingual evidence
- word2word — independent corpus-derived bilingual evidence"
چیخ,"Rank: 2222

Meaning: scream; shriek

Frequency evidence: wordfreq Zipf 4.34
Frequency source: wordfreq Urdu multi-corpus ranking

Semantic verification: direct dictionary sense corroborated — Kaikki+ReadUrdu+word2word

Sources:
- wordfreq Urdu — Unicode multi-corpus frequency ordering
- Kaikki/Wiktextract — bilingual lexicographic evidence
- ReadUrdu — independent Urdu-English bilingual evidence
- word2word — independent corpus-derived bilingual evidence"
کلی,"Rank: 2223

Meaning: a mouthful of any liquid; bud

Frequency evidence: wordfreq Zipf 4.34
Frequency source: wordfreq Urdu multi-corpus ranking

Semantic verification: direct dictionary sense corroborated — Kaikki+ReadUrdu

Sources:
- wordfreq Urdu — Unicode multi-corpus frequency ordering
- Kaikki/Wiktextract — bilingual lexicographic evidence
- ReadUrdu — independent Urdu-English bilingual evidence
- word2word — independent corpus-derived bilingual evidence"
کوہ,"Rank: 2224

Meaning: hill; mountain

Frequency evidence: wordfreq Zipf 4.34
Frequency source: wordfreq Urdu multi-corpus ranking

Semantic verification: direct dictionary sense corroborated — Kaikki+ReadUrdu

Sources:
- wordfreq Urdu — Unicode multi-corpus frequency ordering
- Kaikki/Wiktextract — bilingual lexicographic evidence
- ReadUrdu — independent Urdu-English bilingual evidence
- word2word — independent corpus-derived bilingual evidence"
ہنسی,"Rank: 2225

Meaning: LAUGHS

Frequency evidence: wordfreq Zipf 4.34
Frequency source: wordfreq Urdu multi-corpus ranking

Semantic verification: direct dictionary sense corroborated — ReadUrdu+word2word

Sources:
- wordfreq Urdu — Unicode multi-corpus frequency ordering
- Kaikki/Wiktextract — bilingual lexicographic evidence
- ReadUrdu — independent Urdu-English bilingual evidence
- word2word — independent corpus-derived bilingual evidence"
اخذ,"Rank: 2226

Meaning: taking; seizing

Frequency evidence: wordfreq Zipf 4.33
Frequency source: wordfreq Urdu multi-corpus ranking

Semantic verification: direct dictionary sense corroborated — Kaikki+ReadUrdu

Sources:
- wordfreq Urdu — Unicode multi-corpus frequency ordering
- Kaikki/Wiktextract — bilingual lexicographic evidence
- ReadUrdu — independent Urdu-English bilingual evidence
- word2word — independent corpus-derived bilingual evidence"
اسم,"Rank: 2227

Meaning: uneven; unequal

Frequency evidence: wordfreq Zipf 4.33
Frequency source: wordfreq Urdu multi-corpus ranking

Semantic verification: direct dictionary sense corroborated — Kaikki+ReadUrdu

Sources:
- wordfreq Urdu — Unicode multi-corpus frequency ordering
- Kaikki/Wiktextract — bilingual lexicographic evidence
- ReadUrdu — independent Urdu-English bilingual evidence
- word2word — independent corpus-derived bilingual evidence"
اماں,"Rank: 2228

Meaning: mom; mother

Frequency evidence: wordfreq Zipf 4.33
Frequency source: wordfreq Urdu multi-corpus ranking

Semantic verification: direct dictionary sense corroborated — Kaikki+ReadUrdu+word2word

Sources:
- wordfreq Urdu — Unicode multi-corpus frequency ordering
- Kaikki/Wiktextract — bilingual lexicographic evidence
- ReadUrdu — independent Urdu-English bilingual evidence
- word2word — independent corpus-derived bilingual evidence"
بادل,"Rank: 2229

Meaning: cloud; storm

Frequency evidence: wordfreq Zipf 4.33
Frequency source: wordfreq Urdu multi-corpus ranking

Semantic verification: direct dictionary sense corroborated — Kaikki+ReadUrdu+word2word

Sources:
- wordfreq Urdu — Unicode multi-corpus frequency ordering
- Kaikki/Wiktextract — bilingual lexicographic evidence
- ReadUrdu — independent Urdu-English bilingual evidence
- word2word — independent corpus-derived bilingual evidence"
بدعنوانی,"Rank: 2230

Meaning: corruption; malpractice

Frequency evidence: wordfreq Zipf 4.33
Frequency source: wordfreq Urdu multi-corpus ranking

Semantic verification: direct dictionary sense corroborated — Kaikki+ReadUrdu

Sources:
- wordfreq Urdu — Unicode multi-corpus frequency ordering
- Kaikki/Wiktextract — bilingual lexicographic evidence
- ReadUrdu — independent Urdu-English bilingual evidence
- word2word — independent corpus-derived bilingual evidence"
بظاہر,"Rank: 2231

Meaning: apparently; seemingly

Frequency evidence: wordfreq Zipf 4.33
Frequency source: wordfreq Urdu multi-corpus ranking

Semantic verification: direct dictionary sense corroborated — Kaikki+ReadUrdu+word2word

Sources:
- wordfreq Urdu — Unicode multi-corpus frequency ordering
- Kaikki/Wiktextract — bilingual lexicographic evidence
- ReadUrdu — independent Urdu-English bilingual evidence
- word2word — independent corpus-derived bilingual evidence"
تنہائی,"Rank: 2232

Meaning: loneliness; solitude

Frequency evidence: wordfreq Zipf 4.33
Frequency source: wordfreq Urdu multi-corpus ranking

Semantic verification: direct dictionary sense corroborated — Kaikki+ReadUrdu

Sources:
- wordfreq Urdu — Unicode multi-corpus frequency ordering
- Kaikki/Wiktextract — bilingual lexicographic evidence
- ReadUrdu — independent Urdu-English bilingual evidence
- word2word — independent corpus-derived bilingual evidence"
تھانہ,"Rank: 2233

Meaning: police station

Frequency evidence: wordfreq Zipf 4.33
Frequency source: wordfreq Urdu multi-corpus ranking

Semantic verification: direct dictionary sense corroborated — Kaikki+ReadUrdu

Sources:
- wordfreq Urdu — Unicode multi-corpus frequency ordering
- Kaikki/Wiktextract — bilingual lexicographic evidence
- ReadUrdu — independent Urdu-English bilingual evidence
- word2word — independent corpus-derived bilingual evidence"
تہوار,"Rank: 2234

Meaning: day of festival; celebration

Frequency evidence: wordfreq Zipf 4.33
Frequency source: wordfreq Urdu multi-corpus ranking

Semantic verification: direct dictionary sense corroborated — Kaikki+ReadUrdu

Sources:
- wordfreq Urdu — Unicode multi-corpus frequency ordering
- Kaikki/Wiktextract — bilingual lexicographic evidence
- ReadUrdu — independent Urdu-English bilingual evidence
- word2word — independent corpus-derived bilingual evidence"
جانچ,"Rank: 2235

Meaning: test; inspection

Frequency evidence: wordfreq Zipf 4.33
Frequency source: wordfreq Urdu multi-corpus ranking

Semantic verification: direct dictionary sense corroborated — ReadUrdu+word2word

Sources:
- wordfreq Urdu — Unicode multi-corpus frequency ordering
- Kaikki/Wiktextract — bilingual lexicographic evidence
- ReadUrdu — independent Urdu-English bilingual evidence
- word2word — independent corpus-derived bilingual evidence"
دانش,"Rank: 2236

Meaning: wisdom; learning

Frequency evidence: wordfreq Zipf 4.33
Frequency source: wordfreq Urdu multi-corpus ranking

Semantic verification: direct dictionary sense corroborated — Kaikki+ReadUrdu

Sources:
- wordfreq Urdu — Unicode multi-corpus frequency ordering
- Kaikki/Wiktextract — bilingual lexicographic evidence
- ReadUrdu — independent Urdu-English bilingual evidence
- word2word — independent corpus-derived bilingual evidence"
درود,"Rank: 2237

Meaning: blessing; salutation

Frequency evidence: wordfreq Zipf 4.33
Frequency source: wordfreq Urdu multi-corpus ranking

Semantic verification: direct dictionary sense corroborated — Kaikki+ReadUrdu

Sources:
- wordfreq Urdu — Unicode multi-corpus frequency ordering
- Kaikki/Wiktextract — bilingual lexicographic evidence
- ReadUrdu — independent Urdu-English bilingual evidence
- word2word — independent corpus-derived bilingual evidence"
دستاویز,"Rank: 2238

Meaning: document; paper

Frequency evidence: wordfreq Zipf 4.33
Frequency source: wordfreq Urdu multi-corpus ranking

Semantic verification: direct dictionary sense corroborated — Kaikki+ReadUrdu+word2word

Sources:
- wordfreq Urdu — Unicode multi-corpus frequency ordering
- Kaikki/Wiktextract — bilingual lexicographic evidence
- ReadUrdu — independent Urdu-English bilingual evidence
- word2word — independent corpus-derived bilingual evidence"
ذلیل,"Rank: 2239

Meaning: despicable; humiliated

Frequency evidence: wordfreq Zipf 4.33
Frequency source: wordfreq Urdu multi-corpus ranking

Semantic verification: direct dictionary sense corroborated — Kaikki+ReadUrdu

Sources:
- wordfreq Urdu — Unicode multi-corpus frequency ordering
- Kaikki/Wiktextract — bilingual lexicographic evidence
- ReadUrdu — independent Urdu-English bilingual evidence
- word2word — independent corpus-derived bilingual evidence"
سواری,"Rank: 2240

Meaning: Riding

Frequency evidence: wordfreq Zipf 4.33
Frequency source: wordfreq Urdu multi-corpus ranking

Semantic verification: direct dictionary sense corroborated — ReadUrdu+word2word

Sources:
- wordfreq Urdu — Unicode multi-corpus frequency ordering
- Kaikki/Wiktextract — bilingual lexicographic evidence
- ReadUrdu — independent Urdu-English bilingual evidence
- word2word — independent corpus-derived bilingual evidence"
سیکنڈ,"Rank: 2241

Meaning: second

Frequency evidence: wordfreq Zipf 4.33
Frequency source: wordfreq Urdu multi-corpus ranking

Semantic verification: direct dictionary sense corroborated — ReadUrdu+word2word

Sources:
- wordfreq Urdu — Unicode multi-corpus frequency ordering
- Kaikki/Wiktextract — bilingual lexicographic evidence
- ReadUrdu — independent Urdu-English bilingual evidence
- word2word — independent corpus-derived bilingual evidence"
شاخ,"Rank: 2242

Meaning: horn; tree branch

Frequency evidence: wordfreq Zipf 4.33
Frequency source: wordfreq Urdu multi-corpus ranking

Semantic verification: direct dictionary sense corroborated — Kaikki+ReadUrdu

Sources:
- wordfreq Urdu — Unicode multi-corpus frequency ordering
- Kaikki/Wiktextract — bilingual lexicographic evidence
- ReadUrdu — independent Urdu-English bilingual evidence
- word2word — independent corpus-derived bilingual evidence"
شفقت,"Rank: 2243

Meaning: affection; compassion

Frequency evidence: wordfreq Zipf 4.33
Frequency source: wordfreq Urdu multi-corpus ranking

Semantic verification: direct dictionary sense corroborated — Kaikki+ReadUrdu+word2word

Sources:
- wordfreq Urdu — Unicode multi-corpus frequency ordering
- Kaikki/Wiktextract — bilingual lexicographic evidence
- ReadUrdu — independent Urdu-English bilingual evidence
- word2word — independent corpus-derived bilingual evidence"
طیارہ,"Rank: 2244

Meaning: airplane; plane

Frequency evidence: wordfreq Zipf 4.33
Frequency source: wordfreq Urdu multi-corpus ranking

Semantic verification: direct dictionary sense corroborated — Kaikki+ReadUrdu

Sources:
- wordfreq Urdu — Unicode multi-corpus frequency ordering
- Kaikki/Wiktextract — bilingual lexicographic evidence
- ReadUrdu — independent Urdu-English bilingual evidence
- word2word — independent corpus-derived bilingual evidence"
مایوسی,"Rank: 2245

Meaning: despair

Frequency evidence: wordfreq Zipf 4.33
Frequency source: wordfreq Urdu multi-corpus ranking

Semantic verification: direct dictionary sense corroborated — ReadUrdu+word2word

Sources:
- wordfreq Urdu — Unicode multi-corpus frequency ordering
- Kaikki/Wiktextract — bilingual lexicographic evidence
- ReadUrdu — independent Urdu-English bilingual evidence
- word2word — independent corpus-derived bilingual evidence"
محافظ,"Rank: 2246

Meaning: guard; protector

Frequency evidence: wordfreq Zipf 4.33
Frequency source: wordfreq Urdu multi-corpus ranking

Semantic verification: direct dictionary sense corroborated — Kaikki+ReadUrdu

Sources:
- wordfreq Urdu — Unicode multi-corpus frequency ordering
- Kaikki/Wiktextract — bilingual lexicographic evidence
- ReadUrdu — independent Urdu-English bilingual evidence
- word2word — independent corpus-derived bilingual evidence"
مربع,"Rank: 2247

Meaning: square

Frequency evidence: wordfreq Zipf 4.33
Frequency source: wordfreq Urdu multi-corpus ranking

Semantic verification: direct dictionary sense corroborated — Kaikki+ReadUrdu+word2word

Sources:
- wordfreq Urdu — Unicode multi-corpus frequency ordering
- Kaikki/Wiktextract — bilingual lexicographic evidence
- ReadUrdu — independent Urdu-English bilingual evidence
- word2word — independent corpus-derived bilingual evidence"
منا,"Rank: 2248

Meaning: dear; boy

Frequency evidence: wordfreq Zipf 4.33
Frequency source: wordfreq Urdu multi-corpus ranking

Semantic verification: direct dictionary sense corroborated — Kaikki+ReadUrdu

Sources:
- wordfreq Urdu — Unicode multi-corpus frequency ordering
- Kaikki/Wiktextract — bilingual lexicographic evidence
- ReadUrdu — independent Urdu-English bilingual evidence
- word2word — independent corpus-derived bilingual evidence"
مناسبت,"Rank: 2249

Meaning: relation; fitness

Frequency evidence: wordfreq Zipf 4.33
Frequency source: wordfreq Urdu multi-corpus ranking

Semantic verification: direct dictionary sense corroborated — Kaikki+ReadUrdu

Sources:
- wordfreq Urdu — Unicode multi-corpus frequency ordering
- Kaikki/Wiktextract — bilingual lexicographic evidence
- ReadUrdu — independent Urdu-English bilingual evidence
- word2word — independent corpus-derived bilingual evidence"
مہربان,"Rank: 2250

Meaning: a friend; loving

Frequency evidence: wordfreq Zipf 4.33
Frequency source: wordfreq Urdu multi-corpus ranking

Semantic verification: direct dictionary sense corroborated — Kaikki+ReadUrdu+word2word

Sources:
- wordfreq Urdu — Unicode multi-corpus frequency ordering
- Kaikki/Wiktextract — bilingual lexicographic evidence
- ReadUrdu — independent Urdu-English bilingual evidence
- word2word — independent corpus-derived bilingual evidence"
نشہ,"Rank: 2251

Meaning: intoxication

Frequency evidence: wordfreq Zipf 4.33
Frequency source: wordfreq Urdu multi-corpus ranking

Semantic verification: direct dictionary sense corroborated — Kaikki+ReadUrdu

Sources:
- wordfreq Urdu — Unicode multi-corpus frequency ordering
- Kaikki/Wiktextract — bilingual lexicographic evidence
- ReadUrdu — independent Urdu-English bilingual evidence
- word2word — independent corpus-derived bilingual evidence"
پوچھے,"Rank: 2252

Meaning: ask

Frequency evidence: wordfreq Zipf 4.33
Frequency source: wordfreq Urdu multi-corpus ranking

Semantic verification: direct dictionary sense corroborated — ReadUrdu+word2word

Sources:
- wordfreq Urdu — Unicode multi-corpus frequency ordering
- Kaikki/Wiktextract — bilingual lexicographic evidence
- ReadUrdu — independent Urdu-English bilingual evidence
- word2word — independent corpus-derived bilingual evidence"
کھائی,"Rank: 2253

Meaning: ditch

Frequency evidence: wordfreq Zipf 4.33
Frequency source: wordfreq Urdu multi-corpus ranking

Semantic verification: direct dictionary sense corroborated — ReadUrdu+word2word

Sources:
- wordfreq Urdu — Unicode multi-corpus frequency ordering
- Kaikki/Wiktextract — bilingual lexicographic evidence
- ReadUrdu — independent Urdu-English bilingual evidence
- word2word — independent corpus-derived bilingual evidence"
کہوں,"Rank: 2254

Meaning: say

Frequency evidence: wordfreq Zipf 4.33
Frequency source: wordfreq Urdu multi-corpus ranking

Semantic verification: direct dictionary sense corroborated — ReadUrdu+word2word

Sources:
- wordfreq Urdu — Unicode multi-corpus frequency ordering
- Kaikki/Wiktextract — bilingual lexicographic evidence
- ReadUrdu — independent Urdu-English bilingual evidence
- word2word — independent corpus-derived bilingual evidence"
ہلکا,"Rank: 2255

Meaning: light; mild

Frequency evidence: wordfreq Zipf 4.33
Frequency source: wordfreq Urdu multi-corpus ranking

Semantic verification: direct dictionary sense corroborated — Kaikki+ReadUrdu+word2word

Sources:
- wordfreq Urdu — Unicode multi-corpus frequency ordering
- Kaikki/Wiktextract — bilingual lexicographic evidence
- ReadUrdu — independent Urdu-English bilingual evidence
- word2word — independent corpus-derived bilingual evidence"
ہموار,"Rank: 2256

Meaning: smooth; even

Frequency evidence: wordfreq Zipf 4.33
Frequency source: wordfreq Urdu multi-corpus ranking

Semantic verification: direct dictionary sense corroborated — Kaikki+ReadUrdu+word2word

Sources:
- wordfreq Urdu — Unicode multi-corpus frequency ordering
- Kaikki/Wiktextract — bilingual lexicographic evidence
- ReadUrdu — independent Urdu-English bilingual evidence
- word2word — independent corpus-derived bilingual evidence"
انچ,"Rank: 2257

Meaning: Inch

Frequency evidence: wordfreq Zipf 4.32
Frequency source: wordfreq Urdu multi-corpus ranking

Semantic verification: direct dictionary sense corroborated — ReadUrdu+word2word

Sources:
- wordfreq Urdu — Unicode multi-corpus frequency ordering
- Kaikki/Wiktextract — bilingual lexicographic evidence
- ReadUrdu — independent Urdu-English bilingual evidence
- word2word — independent corpus-derived bilingual evidence"
اکٹھا,"Rank: 2258

Meaning: in all; together

Frequency evidence: wordfreq Zipf 4.32
Frequency source: wordfreq Urdu multi-corpus ranking

Semantic verification: direct dictionary sense corroborated — Kaikki+ReadUrdu

Sources:
- wordfreq Urdu — Unicode multi-corpus frequency ordering
- Kaikki/Wiktextract — bilingual lexicographic evidence
- ReadUrdu — independent Urdu-English bilingual evidence
- word2word — independent corpus-derived bilingual evidence"
بمباری,"Rank: 2259

Meaning: bombing

Frequency evidence: wordfreq Zipf 4.32
Frequency source: wordfreq Urdu multi-corpus ranking

Semantic verification: direct dictionary sense corroborated — Kaikki+ReadUrdu+word2word

Sources:
- wordfreq Urdu — Unicode multi-corpus frequency ordering
- Kaikki/Wiktextract — bilingual lexicographic evidence
- ReadUrdu — independent Urdu-English bilingual evidence
- word2word — independent corpus-derived bilingual evidence"
بنت,"Rank: 2260

Meaning: daughter

Frequency evidence: wordfreq Zipf 4.32
Frequency source: wordfreq Urdu multi-corpus ranking

Semantic verification: direct dictionary sense corroborated — Kaikki+ReadUrdu

Sources:
- wordfreq Urdu — Unicode multi-corpus frequency ordering
- Kaikki/Wiktextract — bilingual lexicographic evidence
- ReadUrdu — independent Urdu-English bilingual evidence
- word2word — independent corpus-derived bilingual evidence"
بندر,"Rank: 2261

Meaning: monkey; port

Frequency evidence: wordfreq Zipf 4.32
Frequency source: wordfreq Urdu multi-corpus ranking

Semantic verification: direct dictionary sense corroborated — Kaikki+ReadUrdu+word2word

Sources:
- wordfreq Urdu — Unicode multi-corpus frequency ordering
- Kaikki/Wiktextract — bilingual lexicographic evidence
- ReadUrdu — independent Urdu-English bilingual evidence
- word2word — independent corpus-derived bilingual evidence"
تسلسل,"Rank: 2262

Meaning: sequence

Frequency evidence: wordfreq Zipf 4.32
Frequency source: wordfreq Urdu multi-corpus ranking

Semantic verification: direct dictionary sense corroborated — ReadUrdu+word2word

Sources:
- wordfreq Urdu — Unicode multi-corpus frequency ordering
- Kaikki/Wiktextract — bilingual lexicographic evidence
- ReadUrdu — independent Urdu-English bilingual evidence
- word2word — independent corpus-derived bilingual evidence"
ساخت,"Rank: 2263

Meaning: make; making

Frequency evidence: wordfreq Zipf 4.32
Frequency source: wordfreq Urdu multi-corpus ranking

Semantic verification: direct dictionary sense corroborated — Kaikki+ReadUrdu

Sources:
- wordfreq Urdu — Unicode multi-corpus frequency ordering
- Kaikki/Wiktextract — bilingual lexicographic evidence
- ReadUrdu — independent Urdu-English bilingual evidence
- word2word — independent corpus-derived bilingual evidence"
سادگی,"Rank: 2264

Meaning: simplicity; naivety

Frequency evidence: wordfreq Zipf 4.32
Frequency source: wordfreq Urdu multi-corpus ranking

Semantic verification: direct dictionary sense corroborated — Kaikki+ReadUrdu

Sources:
- wordfreq Urdu — Unicode multi-corpus frequency ordering
- Kaikki/Wiktextract — bilingual lexicographic evidence
- ReadUrdu — independent Urdu-English bilingual evidence
- word2word — independent corpus-derived bilingual evidence"
مذکور,"Rank: 2265

Meaning: mentioned; mark

Frequency evidence: wordfreq Zipf 4.32
Frequency source: wordfreq Urdu multi-corpus ranking

Semantic verification: direct dictionary sense corroborated — Kaikki+ReadUrdu

Sources:
- wordfreq Urdu — Unicode multi-corpus frequency ordering
- Kaikki/Wiktextract — bilingual lexicographic evidence
- ReadUrdu — independent Urdu-English bilingual evidence
- word2word — independent corpus-derived bilingual evidence"
مستعفی,"Rank: 2266

Meaning: one who has resigned; one seeking to be excused

Frequency evidence: wordfreq Zipf 4.32
Frequency source: wordfreq Urdu multi-corpus ranking

Semantic verification: direct dictionary sense corroborated — Kaikki+ReadUrdu

Sources:
- wordfreq Urdu — Unicode multi-corpus frequency ordering
- Kaikki/Wiktextract — bilingual lexicographic evidence
- ReadUrdu — independent Urdu-English bilingual evidence
- word2word — independent corpus-derived bilingual evidence"
واسطہ,"Rank: 2267

Meaning: sake

Frequency evidence: wordfreq Zipf 4.32
Frequency source: wordfreq Urdu multi-corpus ranking

Semantic verification: direct dictionary sense corroborated — Kaikki+ReadUrdu

Sources:
- wordfreq Urdu — Unicode multi-corpus frequency ordering
- Kaikki/Wiktextract — bilingual lexicographic evidence
- ReadUrdu — independent Urdu-English bilingual evidence
- word2word — independent corpus-derived bilingual evidence"
ٹھوس,"Rank: 2268

Meaning: solid; firm

Frequency evidence: wordfreq Zipf 4.32
Frequency source: wordfreq Urdu multi-corpus ranking

Semantic verification: direct dictionary sense corroborated — Kaikki+ReadUrdu

Sources:
- wordfreq Urdu — Unicode multi-corpus frequency ordering
- Kaikki/Wiktextract — bilingual lexicographic evidence
- ReadUrdu — independent Urdu-English bilingual evidence
- word2word — independent corpus-derived bilingual evidence"
پول,"Rank: 2269

Meaning: gate; emptiness

Frequency evidence: wordfreq Zipf 4.32
Frequency source: wordfreq Urdu multi-corpus ranking

Semantic verification: direct dictionary sense corroborated — Kaikki+ReadUrdu

Sources:
- wordfreq Urdu — Unicode multi-corpus frequency ordering
- Kaikki/Wiktextract — bilingual lexicographic evidence
- ReadUrdu — independent Urdu-English bilingual evidence
- word2word — independent corpus-derived bilingual evidence"
آبی,"Rank: 2270

Meaning: aquatic

Frequency evidence: wordfreq Zipf 4.31
Frequency source: wordfreq Urdu multi-corpus ranking

Semantic verification: direct dictionary sense corroborated — Kaikki+ReadUrdu

Sources:
- wordfreq Urdu — Unicode multi-corpus frequency ordering
- Kaikki/Wiktextract — bilingual lexicographic evidence
- ReadUrdu — independent Urdu-English bilingual evidence
- word2word — independent corpus-derived bilingual evidence"
استدلال,"Rank: 2271

Meaning: demonstration

Frequency evidence: wordfreq Zipf 4.31
Frequency source: wordfreq Urdu multi-corpus ranking

Semantic verification: direct dictionary sense corroborated — Kaikki+ReadUrdu

Sources:
- wordfreq Urdu — Unicode multi-corpus frequency ordering
- Kaikki/Wiktextract — bilingual lexicographic evidence
- ReadUrdu — independent Urdu-English bilingual evidence
- word2word — independent corpus-derived bilingual evidence"
انڈونیشیا,"Rank: 2272

Meaning: Indonesia

Frequency evidence: wordfreq Zipf 4.31
Frequency source: wordfreq Urdu multi-corpus ranking

Semantic verification: direct dictionary sense corroborated — Kaikki+ReadUrdu

Sources:
- wordfreq Urdu — Unicode multi-corpus frequency ordering
- Kaikki/Wiktextract — bilingual lexicographic evidence
- ReadUrdu — independent Urdu-English bilingual evidence
- word2word — independent corpus-derived bilingual evidence"
بلوچی,"Rank: 2273

Meaning: Baluchi

Frequency evidence: wordfreq Zipf 4.31
Frequency source: wordfreq Urdu multi-corpus ranking

Semantic verification: direct dictionary sense corroborated — ReadUrdu+word2word

Sources:
- wordfreq Urdu — Unicode multi-corpus frequency ordering
- Kaikki/Wiktextract — bilingual lexicographic evidence
- ReadUrdu — independent Urdu-English bilingual evidence
- word2word — independent corpus-derived bilingual evidence"
تقلید,"Rank: 2274

Meaning: forgery; conformity

Frequency evidence: wordfreq Zipf 4.31
Frequency source: wordfreq Urdu multi-corpus ranking

Semantic verification: direct dictionary sense corroborated — Kaikki+ReadUrdu

Sources:
- wordfreq Urdu — Unicode multi-corpus frequency ordering
- Kaikki/Wiktextract — bilingual lexicographic evidence
- ReadUrdu — independent Urdu-English bilingual evidence
- word2word — independent corpus-derived bilingual evidence"
تھوک,"Rank: 2275

Meaning: spit; saliva

Frequency evidence: wordfreq Zipf 4.31
Frequency source: wordfreq Urdu multi-corpus ranking

Semantic verification: direct dictionary sense corroborated — Kaikki+ReadUrdu

Sources:
- wordfreq Urdu — Unicode multi-corpus frequency ordering
- Kaikki/Wiktextract — bilingual lexicographic evidence
- ReadUrdu — independent Urdu-English bilingual evidence
- word2word — independent corpus-derived bilingual evidence"
جال,"Rank: 2276

Meaning: net; trap

Frequency evidence: wordfreq Zipf 4.31
Frequency source: wordfreq Urdu multi-corpus ranking

Semantic verification: direct dictionary sense corroborated — Kaikki+ReadUrdu

Sources:
- wordfreq Urdu — Unicode multi-corpus frequency ordering
- Kaikki/Wiktextract — bilingual lexicographic evidence
- ReadUrdu — independent Urdu-English bilingual evidence
- word2word — independent corpus-derived bilingual evidence"
جرات,"Rank: 2277

Meaning: boldness

Frequency evidence: wordfreq Zipf 4.31
Frequency source: wordfreq Urdu multi-corpus ranking

Semantic verification: direct dictionary sense corroborated — ReadUrdu+word2word

Sources:
- wordfreq Urdu — Unicode multi-corpus frequency ordering
- Kaikki/Wiktextract — bilingual lexicographic evidence
- ReadUrdu — independent Urdu-English bilingual evidence
- word2word — independent corpus-derived bilingual evidence"
جمعرات,"Rank: 2278

Meaning: Thursday

Frequency evidence: wordfreq Zipf 4.31
Frequency source: wordfreq Urdu multi-corpus ranking

Semantic verification: direct dictionary sense corroborated — Kaikki+ReadUrdu+word2word

Sources:
- wordfreq Urdu — Unicode multi-corpus frequency ordering
- Kaikki/Wiktextract — bilingual lexicographic evidence
- ReadUrdu — independent Urdu-English bilingual evidence
- word2word — independent corpus-derived bilingual evidence"
دھند,"Rank: 2279

Meaning: fog

Frequency evidence: wordfreq Zipf 4.31
Frequency source: wordfreq Urdu multi-corpus ranking

Semantic verification: direct dictionary sense corroborated — Kaikki+ReadUrdu

Sources:
- wordfreq Urdu — Unicode multi-corpus frequency ordering
- Kaikki/Wiktextract — bilingual lexicographic evidence
- ReadUrdu — independent Urdu-English bilingual evidence
- word2word — independent corpus-derived bilingual evidence"
ریت,"Rank: 2280

Meaning: sand; custom

Frequency evidence: wordfreq Zipf 4.31
Frequency source: wordfreq Urdu multi-corpus ranking

Semantic verification: direct dictionary sense corroborated — Kaikki+ReadUrdu+word2word

Sources:
- wordfreq Urdu — Unicode multi-corpus frequency ordering
- Kaikki/Wiktextract — bilingual lexicographic evidence
- ReadUrdu — independent Urdu-English bilingual evidence
- word2word — independent corpus-derived bilingual evidence"
سودا,"Rank: 2281

Meaning: bargain; goods

Frequency evidence: wordfreq Zipf 4.31
Frequency source: wordfreq Urdu multi-corpus ranking

Semantic verification: direct dictionary sense corroborated — Kaikki+ReadUrdu+word2word

Sources:
- wordfreq Urdu — Unicode multi-corpus frequency ordering
- Kaikki/Wiktextract — bilingual lexicographic evidence
- ReadUrdu — independent Urdu-English bilingual evidence
- word2word — independent corpus-derived bilingual evidence"
صنف,"Rank: 2282

Meaning: gender; a genre

Frequency evidence: wordfreq Zipf 4.31
Frequency source: wordfreq Urdu multi-corpus ranking

Semantic verification: direct dictionary sense corroborated — Kaikki+ReadUrdu

Sources:
- wordfreq Urdu — Unicode multi-corpus frequency ordering
- Kaikki/Wiktextract — bilingual lexicographic evidence
- ReadUrdu — independent Urdu-English bilingual evidence
- word2word — independent corpus-derived bilingual evidence"
عمرہ,"Rank: 2283

Meaning: umrah

Frequency evidence: wordfreq Zipf 4.31
Frequency source: wordfreq Urdu multi-corpus ranking

Semantic verification: direct dictionary sense corroborated — Kaikki+ReadUrdu

Sources:
- wordfreq Urdu — Unicode multi-corpus frequency ordering
- Kaikki/Wiktextract — bilingual lexicographic evidence
- ReadUrdu — independent Urdu-English bilingual evidence
- word2word — independent corpus-derived bilingual evidence"
غفلت,"Rank: 2284

Meaning: negligence

Frequency evidence: wordfreq Zipf 4.31
Frequency source: wordfreq Urdu multi-corpus ranking

Semantic verification: direct dictionary sense corroborated — Kaikki+ReadUrdu

Sources:
- wordfreq Urdu — Unicode multi-corpus frequency ordering
- Kaikki/Wiktextract — bilingual lexicographic evidence
- ReadUrdu — independent Urdu-English bilingual evidence
- word2word — independent corpus-derived bilingual evidence"
نژاد,"Rank: 2285

Meaning: race; family

Frequency evidence: wordfreq Zipf 4.31
Frequency source: wordfreq Urdu multi-corpus ranking

Semantic verification: direct dictionary sense corroborated — Kaikki+ReadUrdu

Sources:
- wordfreq Urdu — Unicode multi-corpus frequency ordering
- Kaikki/Wiktextract — bilingual lexicographic evidence
- ReadUrdu — independent Urdu-English bilingual evidence
- word2word — independent corpus-derived bilingual evidence"
پسندیدہ,"Rank: 2286

Meaning: favourite

Frequency evidence: wordfreq Zipf 4.31
Frequency source: wordfreq Urdu multi-corpus ranking

Semantic verification: direct dictionary sense corroborated — Kaikki+ReadUrdu

Sources:
- wordfreq Urdu — Unicode multi-corpus frequency ordering
- Kaikki/Wiktextract — bilingual lexicographic evidence
- ReadUrdu — independent Urdu-English bilingual evidence
- word2word — independent corpus-derived bilingual evidence"
چاول,"Rank: 2287

Meaning: rice

Frequency evidence: wordfreq Zipf 4.31
Frequency source: wordfreq Urdu multi-corpus ranking

Semantic verification: direct dictionary sense corroborated — Kaikki+ReadUrdu

Sources:
- wordfreq Urdu — Unicode multi-corpus frequency ordering
- Kaikki/Wiktextract — bilingual lexicographic evidence
- ReadUrdu — independent Urdu-English bilingual evidence
- word2word — independent corpus-derived bilingual evidence"
گود,"Rank: 2288

Meaning: embrace; bosom

Frequency evidence: wordfreq Zipf 4.31
Frequency source: wordfreq Urdu multi-corpus ranking

Semantic verification: direct dictionary sense corroborated — Kaikki+ReadUrdu

Sources:
- wordfreq Urdu — Unicode multi-corpus frequency ordering
- Kaikki/Wiktextract — bilingual lexicographic evidence
- ReadUrdu — independent Urdu-English bilingual evidence
- word2word — independent corpus-derived bilingual evidence"
اراضی,"Rank: 2289

Meaning: ground; land

Frequency evidence: wordfreq Zipf 4.30
Frequency source: wordfreq Urdu multi-corpus ranking

Semantic verification: direct dictionary sense corroborated — Kaikki+ReadUrdu

Sources:
- wordfreq Urdu — Unicode multi-corpus frequency ordering
- Kaikki/Wiktextract — bilingual lexicographic evidence
- ReadUrdu — independent Urdu-English bilingual evidence
- word2word — independent corpus-derived bilingual evidence"
ایندھن,"Rank: 2290

Meaning: fuel

Frequency evidence: wordfreq Zipf 4.30
Frequency source: wordfreq Urdu multi-corpus ranking

Semantic verification: direct dictionary sense corroborated — Kaikki+ReadUrdu+word2word

Sources:
- wordfreq Urdu — Unicode multi-corpus frequency ordering
- Kaikki/Wiktextract — bilingual lexicographic evidence
- ReadUrdu — independent Urdu-English bilingual evidence
- word2word — independent corpus-derived bilingual evidence"
برما,"Rank: 2291

Meaning: drill; borer

Frequency evidence: wordfreq Zipf 4.30
Frequency source: wordfreq Urdu multi-corpus ranking

Semantic verification: direct dictionary sense corroborated — Kaikki+ReadUrdu

Sources:
- wordfreq Urdu — Unicode multi-corpus frequency ordering
- Kaikki/Wiktextract — bilingual lexicographic evidence
- ReadUrdu — independent Urdu-English bilingual evidence
- word2word — independent corpus-derived bilingual evidence"
بلی,"Rank: 2292

Meaning: why not; yes

Frequency evidence: wordfreq Zipf 4.30
Frequency source: wordfreq Urdu multi-corpus ranking

Semantic verification: direct dictionary sense corroborated — Kaikki+ReadUrdu

Sources:
- wordfreq Urdu — Unicode multi-corpus frequency ordering
- Kaikki/Wiktextract — bilingual lexicographic evidence
- ReadUrdu — independent Urdu-English bilingual evidence
- word2word — independent corpus-derived bilingual evidence"
تاخیر,"Rank: 2293

Meaning: Delay

Frequency evidence: wordfreq Zipf 4.30
Frequency source: wordfreq Urdu multi-corpus ranking

Semantic verification: direct dictionary sense corroborated — ReadUrdu+word2word

Sources:
- wordfreq Urdu — Unicode multi-corpus frequency ordering
- Kaikki/Wiktextract — bilingual lexicographic evidence
- ReadUrdu — independent Urdu-English bilingual evidence
- word2word — independent corpus-derived bilingual evidence"
تار,"Rank: 2294

Meaning: wire; cord

Frequency evidence: wordfreq Zipf 4.30
Frequency source: wordfreq Urdu multi-corpus ranking

Semantic verification: direct dictionary sense corroborated — Kaikki+ReadUrdu+word2word

Sources:
- wordfreq Urdu — Unicode multi-corpus frequency ordering
- Kaikki/Wiktextract — bilingual lexicographic evidence
- ReadUrdu — independent Urdu-English bilingual evidence
- word2word — independent corpus-derived bilingual evidence"
جنگجو,"Rank: 2295

Meaning: warrior

Frequency evidence: wordfreq Zipf 4.30
Frequency source: wordfreq Urdu multi-corpus ranking

Semantic verification: direct dictionary sense corroborated — Kaikki+ReadUrdu

Sources:
- wordfreq Urdu — Unicode multi-corpus frequency ordering
- Kaikki/Wiktextract — bilingual lexicographic evidence
- ReadUrdu — independent Urdu-English bilingual evidence
- word2word — independent corpus-derived bilingual evidence"
جھنگ,"Rank: 2296

Meaning: Jhang

Frequency evidence: wordfreq Zipf 4.30
Frequency source: wordfreq Urdu multi-corpus ranking

Semantic verification: direct dictionary sense corroborated — Kaikki+ReadUrdu

Sources:
- wordfreq Urdu — Unicode multi-corpus frequency ordering
- Kaikki/Wiktextract — bilingual lexicographic evidence
- ReadUrdu — independent Urdu-English bilingual evidence
- word2word — independent corpus-derived bilingual evidence"
جھگڑا,"Rank: 2297

Meaning: fight; row

Frequency evidence: wordfreq Zipf 4.30
Frequency source: wordfreq Urdu multi-corpus ranking

Semantic verification: direct dictionary sense corroborated — Kaikki+ReadUrdu

Sources:
- wordfreq Urdu — Unicode multi-corpus frequency ordering
- Kaikki/Wiktextract — bilingual lexicographic evidence
- ReadUrdu — independent Urdu-English bilingual evidence
- word2word — independent corpus-derived bilingual evidence"
خداوند,"Rank: 2298

Meaning: Lord; God

Frequency evidence: wordfreq Zipf 4.30
Frequency source: wordfreq Urdu multi-corpus ranking

Semantic verification: direct dictionary sense corroborated — Kaikki+ReadUrdu+word2word

Sources:
- wordfreq Urdu — Unicode multi-corpus frequency ordering
- Kaikki/Wiktextract — bilingual lexicographic evidence
- ReadUrdu — independent Urdu-English bilingual evidence
- word2word — independent corpus-derived bilingual evidence"
دوری,"Rank: 2299

Meaning: distance

Frequency evidence: wordfreq Zipf 4.30
Frequency source: wordfreq Urdu multi-corpus ranking

Semantic verification: direct dictionary sense corroborated — Kaikki+ReadUrdu

Sources:
- wordfreq Urdu — Unicode multi-corpus frequency ordering
- Kaikki/Wiktextract — bilingual lexicographic evidence
- ReadUrdu — independent Urdu-English bilingual evidence
- word2word — independent corpus-derived bilingual evidence"
دوزخ,"Rank: 2300

Meaning: hell

Frequency evidence: wordfreq Zipf 4.30
Frequency source: wordfreq Urdu multi-corpus ranking

Semantic verification: direct dictionary sense corroborated — Kaikki+ReadUrdu+word2word

Sources:
- wordfreq Urdu — Unicode multi-corpus frequency ordering
- Kaikki/Wiktextract — bilingual lexicographic evidence
- ReadUrdu — independent Urdu-English bilingual evidence
- word2word — independent corpus-derived bilingual evidence"
سرما,"Rank: 2301

Meaning: winter

Frequency evidence: wordfreq Zipf 4.30
Frequency source: wordfreq Urdu multi-corpus ranking

Semantic verification: direct dictionary sense corroborated — Kaikki+ReadUrdu+word2word

Sources:
- wordfreq Urdu — Unicode multi-corpus frequency ordering
- Kaikki/Wiktextract — bilingual lexicographic evidence
- ReadUrdu — independent Urdu-English bilingual evidence
- word2word — independent corpus-derived bilingual evidence"
سوچنا,"Rank: 2302

Meaning: to think; to ponder

Frequency evidence: wordfreq Zipf 4.30
Frequency source: wordfreq Urdu multi-corpus ranking

Semantic verification: direct dictionary sense corroborated — Kaikki+ReadUrdu+word2word

Sources:
- wordfreq Urdu — Unicode multi-corpus frequency ordering
- Kaikki/Wiktextract — bilingual lexicographic evidence
- ReadUrdu — independent Urdu-English bilingual evidence
- word2word — independent corpus-derived bilingual evidence"
سکندر,"Rank: 2303

Meaning: king; a male given name

Frequency evidence: wordfreq Zipf 4.30
Frequency source: wordfreq Urdu multi-corpus ranking

Semantic verification: direct dictionary sense corroborated — Kaikki+ReadUrdu

Sources:
- wordfreq Urdu — Unicode multi-corpus frequency ordering
- Kaikki/Wiktextract — bilingual lexicographic evidence
- ReadUrdu — independent Urdu-English bilingual evidence
- word2word — independent corpus-derived bilingual evidence"
صاحبان,"Rank: 2304

Meaning: gentlemen

Frequency evidence: wordfreq Zipf 4.30
Frequency source: wordfreq Urdu multi-corpus ranking

Semantic verification: direct dictionary sense corroborated — ReadUrdu+word2word

Sources:
- wordfreq Urdu — Unicode multi-corpus frequency ordering
- Kaikki/Wiktextract — bilingual lexicographic evidence
- ReadUrdu — independent Urdu-English bilingual evidence
- word2word — independent corpus-derived bilingual evidence"
فلاں,"Rank: 2305

Meaning: so-and-so; a certain thing or person

Frequency evidence: wordfreq Zipf 4.30
Frequency source: wordfreq Urdu multi-corpus ranking

Semantic verification: direct dictionary sense corroborated — Kaikki+ReadUrdu

Sources:
- wordfreq Urdu — Unicode multi-corpus frequency ordering
- Kaikki/Wiktextract — bilingual lexicographic evidence
- ReadUrdu — independent Urdu-English bilingual evidence
- word2word — independent corpus-derived bilingual evidence"
لمبا,"Rank: 2306

Meaning: tall; great

Frequency evidence: wordfreq Zipf 4.30
Frequency source: wordfreq Urdu multi-corpus ranking

Semantic verification: direct dictionary sense corroborated — Kaikki+ReadUrdu+word2word

Sources:
- wordfreq Urdu — Unicode multi-corpus frequency ordering
- Kaikki/Wiktextract — bilingual lexicographic evidence
- ReadUrdu — independent Urdu-English bilingual evidence
- word2word — independent corpus-derived bilingual evidence"
میمن,"Rank: 2307

Meaning: Memon

Frequency evidence: wordfreq Zipf 4.30
Frequency source: wordfreq Urdu multi-corpus ranking

Semantic verification: direct dictionary sense corroborated — Kaikki+ReadUrdu

Sources:
- wordfreq Urdu — Unicode multi-corpus frequency ordering
- Kaikki/Wiktextract — bilingual lexicographic evidence
- ReadUrdu — independent Urdu-English bilingual evidence
- word2word — independent corpus-derived bilingual evidence"
وابستگی,"Rank: 2308

Meaning: connection; relationship

Frequency evidence: wordfreq Zipf 4.30
Frequency source: wordfreq Urdu multi-corpus ranking

Semantic verification: direct dictionary sense corroborated — Kaikki+ReadUrdu

Sources:
- wordfreq Urdu — Unicode multi-corpus frequency ordering
- Kaikki/Wiktextract — bilingual lexicographic evidence
- ReadUrdu — independent Urdu-English bilingual evidence
- word2word — independent corpus-derived bilingual evidence"
پتی,"Rank: 2309

Meaning: husband; leaf

Frequency evidence: wordfreq Zipf 4.30
Frequency source: wordfreq Urdu multi-corpus ranking

Semantic verification: direct dictionary sense corroborated — Kaikki+ReadUrdu

Sources:
- wordfreq Urdu — Unicode multi-corpus frequency ordering
- Kaikki/Wiktextract — bilingual lexicographic evidence
- ReadUrdu — independent Urdu-English bilingual evidence
- word2word — independent corpus-derived bilingual evidence"
پکار,"Rank: 2310

Meaning: call; cry

Frequency evidence: wordfreq Zipf 4.30
Frequency source: wordfreq Urdu multi-corpus ranking

Semantic verification: direct dictionary sense corroborated — Kaikki+ReadUrdu+word2word

Sources:
- wordfreq Urdu — Unicode multi-corpus frequency ordering
- Kaikki/Wiktextract — bilingual lexicographic evidence
- ReadUrdu — independent Urdu-English bilingual evidence
- word2word — independent corpus-derived bilingual evidence"
چوٹی,"Rank: 2311

Meaning: peak

Frequency evidence: wordfreq Zipf 4.30
Frequency source: wordfreq Urdu multi-corpus ranking

Semantic verification: direct dictionary sense corroborated — ReadUrdu+word2word

Sources:
- wordfreq Urdu — Unicode multi-corpus frequency ordering
- Kaikki/Wiktextract — bilingual lexicographic evidence
- ReadUrdu — independent Urdu-English bilingual evidence
- word2word — independent corpus-derived bilingual evidence"
ڈالنا,"Rank: 2312

Meaning: place; to pour

Frequency evidence: wordfreq Zipf 4.30
Frequency source: wordfreq Urdu multi-corpus ranking

Semantic verification: direct dictionary sense corroborated — Kaikki+ReadUrdu

Sources:
- wordfreq Urdu — Unicode multi-corpus frequency ordering
- Kaikki/Wiktextract — bilingual lexicographic evidence
- ReadUrdu — independent Urdu-English bilingual evidence
- word2word — independent corpus-derived bilingual evidence"
کشیدگی,"Rank: 2313

Meaning: stress; tension

Frequency evidence: wordfreq Zipf 4.30
Frequency source: wordfreq Urdu multi-corpus ranking

Semantic verification: direct dictionary sense corroborated — Kaikki+ReadUrdu+word2word

Sources:
- wordfreq Urdu — Unicode multi-corpus frequency ordering
- Kaikki/Wiktextract — bilingual lexicographic evidence
- ReadUrdu — independent Urdu-English bilingual evidence
- word2word — independent corpus-derived bilingual evidence"
احوال,"Rank: 2314

Meaning: event; narrative

Frequency evidence: wordfreq Zipf 4.29
Frequency source: wordfreq Urdu multi-corpus ranking

Semantic verification: direct dictionary sense corroborated — Kaikki+ReadUrdu

Sources:
- wordfreq Urdu — Unicode multi-corpus frequency ordering
- Kaikki/Wiktextract — bilingual lexicographic evidence
- ReadUrdu — independent Urdu-English bilingual evidence
- word2word — independent corpus-derived bilingual evidence"
اردن,"Rank: 2315

Meaning: Jordan

Frequency evidence: wordfreq Zipf 4.29
Frequency source: wordfreq Urdu multi-corpus ranking

Semantic verification: direct dictionary sense corroborated — Kaikki+ReadUrdu+word2word

Sources:
- wordfreq Urdu — Unicode multi-corpus frequency ordering
- Kaikki/Wiktextract — bilingual lexicographic evidence
- ReadUrdu — independent Urdu-English bilingual evidence
- word2word — independent corpus-derived bilingual evidence"
انجینئر,"Rank: 2316

Meaning: engineer

Frequency evidence: wordfreq Zipf 4.29
Frequency source: wordfreq Urdu multi-corpus ranking

Semantic verification: direct dictionary sense corroborated — ReadUrdu+word2word

Sources:
- wordfreq Urdu — Unicode multi-corpus frequency ordering
- Kaikki/Wiktextract — bilingual lexicographic evidence
- ReadUrdu — independent Urdu-English bilingual evidence
- word2word — independent corpus-derived bilingual evidence"
دمشق,"Rank: 2317

Meaning: Damascus

Frequency evidence: wordfreq Zipf 4.29
Frequency source: wordfreq Urdu multi-corpus ranking

Semantic verification: direct dictionary sense corroborated — Kaikki+ReadUrdu

Sources:
- wordfreq Urdu — Unicode multi-corpus frequency ordering
- Kaikki/Wiktextract — bilingual lexicographic evidence
- ReadUrdu — independent Urdu-English bilingual evidence
- word2word — independent corpus-derived bilingual evidence"
زار,"Rank: 2318

Meaning: lament; groan

Frequency evidence: wordfreq Zipf 4.29
Frequency source: wordfreq Urdu multi-corpus ranking

Semantic verification: direct dictionary sense corroborated — Kaikki+ReadUrdu

Sources:
- wordfreq Urdu — Unicode multi-corpus frequency ordering
- Kaikki/Wiktextract — bilingual lexicographic evidence
- ReadUrdu — independent Urdu-English bilingual evidence
- word2word — independent corpus-derived bilingual evidence"
سترہ,"Rank: 2319

Meaning: seventeen

Frequency evidence: wordfreq Zipf 4.29
Frequency source: wordfreq Urdu multi-corpus ranking

Semantic verification: direct dictionary sense corroborated — Kaikki+word2word

Sources:
- wordfreq Urdu — Unicode multi-corpus frequency ordering
- Kaikki/Wiktextract — bilingual lexicographic evidence
- ReadUrdu — independent Urdu-English bilingual evidence
- word2word — independent corpus-derived bilingual evidence"
شکوہ,"Rank: 2320

Meaning: grandeur

Frequency evidence: wordfreq Zipf 4.29
Frequency source: wordfreq Urdu multi-corpus ranking

Semantic verification: direct dictionary sense corroborated — Kaikki+ReadUrdu

Sources:
- wordfreq Urdu — Unicode multi-corpus frequency ordering
- Kaikki/Wiktextract — bilingual lexicographic evidence
- ReadUrdu — independent Urdu-English bilingual evidence
- word2word — independent corpus-derived bilingual evidence"
فلک,"Rank: 2321

Meaning: sky; heaven

Frequency evidence: wordfreq Zipf 4.29
Frequency source: wordfreq Urdu multi-corpus ranking

Semantic verification: direct dictionary sense corroborated — Kaikki+ReadUrdu

Sources:
- wordfreq Urdu — Unicode multi-corpus frequency ordering
- Kaikki/Wiktextract — bilingual lexicographic evidence
- ReadUrdu — independent Urdu-English bilingual evidence
- word2word — independent corpus-derived bilingual evidence"
لاہوری,"Rank: 2322

Meaning: Lahori

Frequency evidence: wordfreq Zipf 4.29
Frequency source: wordfreq Urdu multi-corpus ranking

Semantic verification: direct dictionary sense corroborated — Kaikki+ReadUrdu

Sources:
- wordfreq Urdu — Unicode multi-corpus frequency ordering
- Kaikki/Wiktextract — bilingual lexicographic evidence
- ReadUrdu — independent Urdu-English bilingual evidence
- word2word — independent corpus-derived bilingual evidence"
مانسہرہ,"Rank: 2323

Meaning: Mansehra

Frequency evidence: wordfreq Zipf 4.29
Frequency source: wordfreq Urdu multi-corpus ranking

Semantic verification: direct dictionary sense corroborated — Kaikki+ReadUrdu

Sources:
- wordfreq Urdu — Unicode multi-corpus frequency ordering
- Kaikki/Wiktextract — bilingual lexicographic evidence
- ReadUrdu — independent Urdu-English bilingual evidence
- word2word — independent corpus-derived bilingual evidence"
مشق,"Rank: 2324

Meaning: exercise; practice

Frequency evidence: wordfreq Zipf 4.29
Frequency source: wordfreq Urdu multi-corpus ranking

Semantic verification: direct dictionary sense corroborated — Kaikki+ReadUrdu+word2word

Sources:
- wordfreq Urdu — Unicode multi-corpus frequency ordering
- Kaikki/Wiktextract — bilingual lexicographic evidence
- ReadUrdu — independent Urdu-English bilingual evidence
- word2word — independent corpus-derived bilingual evidence"
وضو,"Rank: 2325

Meaning: wudu

Frequency evidence: wordfreq Zipf 4.29
Frequency source: wordfreq Urdu multi-corpus ranking

Semantic verification: direct dictionary sense corroborated — Kaikki+ReadUrdu

Sources:
- wordfreq Urdu — Unicode multi-corpus frequency ordering
- Kaikki/Wiktextract — bilingual lexicographic evidence
- ReadUrdu — independent Urdu-English bilingual evidence
- word2word — independent corpus-derived bilingual evidence"
پذیر,"Rank: 2326

Meaning: taking; accepting

Frequency evidence: wordfreq Zipf 4.29
Frequency source: wordfreq Urdu multi-corpus ranking

Semantic verification: direct dictionary sense corroborated — Kaikki+ReadUrdu

Sources:
- wordfreq Urdu — Unicode multi-corpus frequency ordering
- Kaikki/Wiktextract — bilingual lexicographic evidence
- ReadUrdu — independent Urdu-English bilingual evidence
- word2word — independent corpus-derived bilingual evidence"
پوشیدہ,"Rank: 2327

Meaning: not visible; hidden

Frequency evidence: wordfreq Zipf 4.29
Frequency source: wordfreq Urdu multi-corpus ranking

Semantic verification: direct dictionary sense corroborated — Kaikki+ReadUrdu

Sources:
- wordfreq Urdu — Unicode multi-corpus frequency ordering
- Kaikki/Wiktextract — bilingual lexicographic evidence
- ReadUrdu — independent Urdu-English bilingual evidence
- word2word — independent corpus-derived bilingual evidence"
پڑھنا,"Rank: 2328

Meaning: to read

Frequency evidence: wordfreq Zipf 4.29
Frequency source: wordfreq Urdu multi-corpus ranking

Semantic verification: direct dictionary sense corroborated — ReadUrdu+word2word

Sources:
- wordfreq Urdu — Unicode multi-corpus frequency ordering
- Kaikki/Wiktextract — bilingual lexicographic evidence
- ReadUrdu — independent Urdu-English bilingual evidence
- word2word — independent corpus-derived bilingual evidence"
آڑ,"Rank: 2329

Meaning: covering

Frequency evidence: wordfreq Zipf 4.28
Frequency source: wordfreq Urdu multi-corpus ranking

Semantic verification: direct dictionary sense corroborated — ReadUrdu+word2word

Sources:
- wordfreq Urdu — Unicode multi-corpus frequency ordering
- Kaikki/Wiktextract — bilingual lexicographic evidence
- ReadUrdu — independent Urdu-English bilingual evidence
- word2word — independent corpus-derived bilingual evidence"
اجر,"Rank: 2330

Meaning: earning; payment

Frequency evidence: wordfreq Zipf 4.28
Frequency source: wordfreq Urdu multi-corpus ranking

Semantic verification: direct dictionary sense corroborated — Kaikki+ReadUrdu

Sources:
- wordfreq Urdu — Unicode multi-corpus frequency ordering
- Kaikki/Wiktextract — bilingual lexicographic evidence
- ReadUrdu — independent Urdu-English bilingual evidence
- word2word — independent corpus-derived bilingual evidence"
اجنبی,"Rank: 2331

Meaning: strange; foreign

Frequency evidence: wordfreq Zipf 4.28
Frequency source: wordfreq Urdu multi-corpus ranking

Semantic verification: direct dictionary sense corroborated — Kaikki+ReadUrdu+word2word

Sources:
- wordfreq Urdu — Unicode multi-corpus frequency ordering
- Kaikki/Wiktextract — bilingual lexicographic evidence
- ReadUrdu — independent Urdu-English bilingual evidence
- word2word — independent corpus-derived bilingual evidence"
استنبول,"Rank: 2332

Meaning: Istanbul

Frequency evidence: wordfreq Zipf 4.28
Frequency source: wordfreq Urdu multi-corpus ranking

Semantic verification: direct dictionary sense corroborated — Kaikki+ReadUrdu+word2word

Sources:
- wordfreq Urdu — Unicode multi-corpus frequency ordering
- Kaikki/Wiktextract — bilingual lexicographic evidence
- ReadUrdu — independent Urdu-English bilingual evidence
- word2word — independent corpus-derived bilingual evidence"
الف,"Rank: 2333

Meaning: alif

Frequency evidence: wordfreq Zipf 4.28
Frequency source: wordfreq Urdu multi-corpus ranking

Semantic verification: direct dictionary sense corroborated — Kaikki+ReadUrdu

Sources:
- wordfreq Urdu — Unicode multi-corpus frequency ordering
- Kaikki/Wiktextract — bilingual lexicographic evidence
- ReadUrdu — independent Urdu-English bilingual evidence
- word2word — independent corpus-derived bilingual evidence"
القاعدہ,"Rank: 2334

Meaning: al-Qaeda

Frequency evidence: wordfreq Zipf 4.28
Frequency source: wordfreq Urdu multi-corpus ranking

Semantic verification: direct dictionary sense corroborated — ReadUrdu+word2word

Sources:
- wordfreq Urdu — Unicode multi-corpus frequency ordering
- Kaikki/Wiktextract — bilingual lexicographic evidence
- ReadUrdu — independent Urdu-English bilingual evidence
- word2word — independent corpus-derived bilingual evidence"
اندھا,"Rank: 2335

Meaning: blind; dumb

Frequency evidence: wordfreq Zipf 4.28
Frequency source: wordfreq Urdu multi-corpus ranking

Semantic verification: direct dictionary sense corroborated — Kaikki+ReadUrdu+word2word

Sources:
- wordfreq Urdu — Unicode multi-corpus frequency ordering
- Kaikki/Wiktextract — bilingual lexicographic evidence
- ReadUrdu — independent Urdu-English bilingual evidence
- word2word — independent corpus-derived bilingual evidence"
بستر,"Rank: 2336

Meaning: bed; pillow

Frequency evidence: wordfreq Zipf 4.28
Frequency source: wordfreq Urdu multi-corpus ranking

Semantic verification: direct dictionary sense corroborated — Kaikki+ReadUrdu+word2word

Sources:
- wordfreq Urdu — Unicode multi-corpus frequency ordering
- Kaikki/Wiktextract — bilingual lexicographic evidence
- ReadUrdu — independent Urdu-English bilingual evidence
- word2word — independent corpus-derived bilingual evidence"
بیجنگ,"Rank: 2337

Meaning: Beijing

Frequency evidence: wordfreq Zipf 4.28
Frequency source: wordfreq Urdu multi-corpus ranking

Semantic verification: direct dictionary sense corroborated — Kaikki+ReadUrdu

Sources:
- wordfreq Urdu — Unicode multi-corpus frequency ordering
- Kaikki/Wiktextract — bilingual lexicographic evidence
- ReadUrdu — independent Urdu-English bilingual evidence
- word2word — independent corpus-derived bilingual evidence"
داڑھی,"Rank: 2338

Meaning: beard

Frequency evidence: wordfreq Zipf 4.28
Frequency source: wordfreq Urdu multi-corpus ranking

Semantic verification: direct dictionary sense corroborated — Kaikki+ReadUrdu+word2word

Sources:
- wordfreq Urdu — Unicode multi-corpus frequency ordering
- Kaikki/Wiktextract — bilingual lexicographic evidence
- ReadUrdu — independent Urdu-English bilingual evidence
- word2word — independent corpus-derived bilingual evidence"
درویش,"Rank: 2339

Meaning: poor; a beggar

Frequency evidence: wordfreq Zipf 4.28
Frequency source: wordfreq Urdu multi-corpus ranking

Semantic verification: direct dictionary sense corroborated — Kaikki+ReadUrdu

Sources:
- wordfreq Urdu — Unicode multi-corpus frequency ordering
- Kaikki/Wiktextract — bilingual lexicographic evidence
- ReadUrdu — independent Urdu-English bilingual evidence
- word2word — independent corpus-derived bilingual evidence"
رئیس,"Rank: 2340

Meaning: a rich man; president

Frequency evidence: wordfreq Zipf 4.28
Frequency source: wordfreq Urdu multi-corpus ranking

Semantic verification: direct dictionary sense corroborated — Kaikki+ReadUrdu

Sources:
- wordfreq Urdu — Unicode multi-corpus frequency ordering
- Kaikki/Wiktextract — bilingual lexicographic evidence
- ReadUrdu — independent Urdu-English bilingual evidence
- word2word — independent corpus-derived bilingual evidence"
رسمی,"Rank: 2341

Meaning: usual; ordinary

Frequency evidence: wordfreq Zipf 4.28
Frequency source: wordfreq Urdu multi-corpus ranking

Semantic verification: direct dictionary sense corroborated — Kaikki+ReadUrdu

Sources:
- wordfreq Urdu — Unicode multi-corpus frequency ordering
- Kaikki/Wiktextract — bilingual lexicographic evidence
- ReadUrdu — independent Urdu-English bilingual evidence
- word2word — independent corpus-derived bilingual evidence"
ستارہ,"Rank: 2342

Meaning: star

Frequency evidence: wordfreq Zipf 4.28
Frequency source: wordfreq Urdu multi-corpus ranking

Semantic verification: direct dictionary sense corroborated — Kaikki+ReadUrdu+word2word

Sources:
- wordfreq Urdu — Unicode multi-corpus frequency ordering
- Kaikki/Wiktextract — bilingual lexicographic evidence
- ReadUrdu — independent Urdu-English bilingual evidence
- word2word — independent corpus-derived bilingual evidence"
سوئی,"Rank: 2343

Meaning: sewing needle; needle

Frequency evidence: wordfreq Zipf 4.28
Frequency source: wordfreq Urdu multi-corpus ranking

Semantic verification: direct dictionary sense corroborated — Kaikki+ReadUrdu

Sources:
- wordfreq Urdu — Unicode multi-corpus frequency ordering
- Kaikki/Wiktextract — bilingual lexicographic evidence
- ReadUrdu — independent Urdu-English bilingual evidence
- word2word — independent corpus-derived bilingual evidence"
سوویت,"Rank: 2344

Meaning: Soviet

Frequency evidence: wordfreq Zipf 4.28
Frequency source: wordfreq Urdu multi-corpus ranking

Semantic verification: direct dictionary sense corroborated — Kaikki+ReadUrdu+word2word

Sources:
- wordfreq Urdu — Unicode multi-corpus frequency ordering
- Kaikki/Wiktextract — bilingual lexicographic evidence
- ReadUrdu — independent Urdu-English bilingual evidence
- word2word — independent corpus-derived bilingual evidence"
صاحبزادہ,"Rank: 2345

Meaning: son; prince

Frequency evidence: wordfreq Zipf 4.28
Frequency source: wordfreq Urdu multi-corpus ranking

Semantic verification: direct dictionary sense corroborated — Kaikki+ReadUrdu

Sources:
- wordfreq Urdu — Unicode multi-corpus frequency ordering
- Kaikki/Wiktextract — bilingual lexicographic evidence
- ReadUrdu — independent Urdu-English bilingual evidence
- word2word — independent corpus-derived bilingual evidence"
ضابطہ,"Rank: 2346

Meaning: rule; law

Frequency evidence: wordfreq Zipf 4.28
Frequency source: wordfreq Urdu multi-corpus ranking

Semantic verification: direct dictionary sense corroborated — Kaikki+ReadUrdu

Sources:
- wordfreq Urdu — Unicode multi-corpus frequency ordering
- Kaikki/Wiktextract — bilingual lexicographic evidence
- ReadUrdu — independent Urdu-English bilingual evidence
- word2word — independent corpus-derived bilingual evidence"
عالی,"Rank: 2347

Meaning: high; elevated

Frequency evidence: wordfreq Zipf 4.28
Frequency source: wordfreq Urdu multi-corpus ranking

Semantic verification: direct dictionary sense corroborated — Kaikki+ReadUrdu

Sources:
- wordfreq Urdu — Unicode multi-corpus frequency ordering
- Kaikki/Wiktextract — bilingual lexicographic evidence
- ReadUrdu — independent Urdu-English bilingual evidence
- word2word — independent corpus-derived bilingual evidence"
غسل,"Rank: 2348

Meaning: bath; ghusl

Frequency evidence: wordfreq Zipf 4.28
Frequency source: wordfreq Urdu multi-corpus ranking

Semantic verification: direct dictionary sense corroborated — Kaikki+ReadUrdu+word2word

Sources:
- wordfreq Urdu — Unicode multi-corpus frequency ordering
- Kaikki/Wiktextract — bilingual lexicographic evidence
- ReadUrdu — independent Urdu-English bilingual evidence
- word2word — independent corpus-derived bilingual evidence"
فضیلت,"Rank: 2349

Meaning: virtue

Frequency evidence: wordfreq Zipf 4.28
Frequency source: wordfreq Urdu multi-corpus ranking

Semantic verification: direct dictionary sense corroborated — ReadUrdu+word2word

Sources:
- wordfreq Urdu — Unicode multi-corpus frequency ordering
- Kaikki/Wiktextract — bilingual lexicographic evidence
- ReadUrdu — independent Urdu-English bilingual evidence
- word2word — independent corpus-derived bilingual evidence"
فہم,"Rank: 2350

Meaning: understanding; comprehension

Frequency evidence: wordfreq Zipf 4.28
Frequency source: wordfreq Urdu multi-corpus ranking

Semantic verification: direct dictionary sense corroborated — Kaikki+ReadUrdu+word2word

Sources:
- wordfreq Urdu — Unicode multi-corpus frequency ordering
- Kaikki/Wiktextract — bilingual lexicographic evidence
- ReadUrdu — independent Urdu-English bilingual evidence
- word2word — independent corpus-derived bilingual evidence"
قبیلہ,"Rank: 2351

Meaning: Tribe; clan

Frequency evidence: wordfreq Zipf 4.28
Frequency source: wordfreq Urdu multi-corpus ranking

Semantic verification: direct dictionary sense corroborated — ReadUrdu+word2word

Sources:
- wordfreq Urdu — Unicode multi-corpus frequency ordering
- Kaikki/Wiktextract — bilingual lexicographic evidence
- ReadUrdu — independent Urdu-English bilingual evidence
- word2word — independent corpus-derived bilingual evidence"
قطب,"Rank: 2352

Meaning: pole

Frequency evidence: wordfreq Zipf 4.28
Frequency source: wordfreq Urdu multi-corpus ranking

Semantic verification: direct dictionary sense corroborated — Kaikki+ReadUrdu

Sources:
- wordfreq Urdu — Unicode multi-corpus frequency ordering
- Kaikki/Wiktextract — bilingual lexicographic evidence
- ReadUrdu — independent Urdu-English bilingual evidence
- word2word — independent corpus-derived bilingual evidence"
لوٹا,"Rank: 2353

Meaning: renegade; turncoat

Frequency evidence: wordfreq Zipf 4.28
Frequency source: wordfreq Urdu multi-corpus ranking

Semantic verification: direct dictionary sense corroborated — Kaikki+ReadUrdu

Sources:
- wordfreq Urdu — Unicode multi-corpus frequency ordering
- Kaikki/Wiktextract — bilingual lexicographic evidence
- ReadUrdu — independent Urdu-English bilingual evidence
- word2word — independent corpus-derived bilingual evidence"
لوٹنے,"Rank: 2354

Meaning: returning

Frequency evidence: wordfreq Zipf 4.28
Frequency source: wordfreq Urdu multi-corpus ranking

Semantic verification: direct dictionary sense corroborated — ReadUrdu+word2word

Sources:
- wordfreq Urdu — Unicode multi-corpus frequency ordering
- Kaikki/Wiktextract — bilingual lexicographic evidence
- ReadUrdu — independent Urdu-English bilingual evidence
- word2word — independent corpus-derived bilingual evidence"
مؤثر,"Rank: 2355

Meaning: effective

Frequency evidence: wordfreq Zipf 4.28
Frequency source: wordfreq Urdu multi-corpus ranking

Semantic verification: direct dictionary sense corroborated — Kaikki+ReadUrdu+word2word

Sources:
- wordfreq Urdu — Unicode multi-corpus frequency ordering
- Kaikki/Wiktextract — bilingual lexicographic evidence
- ReadUrdu — independent Urdu-English bilingual evidence
- word2word — independent corpus-derived bilingual evidence"
مالا,"Rank: 2356

Meaning: garland; necklace

Frequency evidence: wordfreq Zipf 4.28
Frequency source: wordfreq Urdu multi-corpus ranking

Semantic verification: direct dictionary sense corroborated — Kaikki+ReadUrdu

Sources:
- wordfreq Urdu — Unicode multi-corpus frequency ordering
- Kaikki/Wiktextract — bilingual lexicographic evidence
- ReadUrdu — independent Urdu-English bilingual evidence
- word2word — independent corpus-derived bilingual evidence"
نان,"Rank: 2357

Meaning: A type of round; naan

Frequency evidence: wordfreq Zipf 4.28
Frequency source: wordfreq Urdu multi-corpus ranking

Semantic verification: direct dictionary sense corroborated — Kaikki+ReadUrdu

Sources:
- wordfreq Urdu — Unicode multi-corpus frequency ordering
- Kaikki/Wiktextract — bilingual lexicographic evidence
- ReadUrdu — independent Urdu-English bilingual evidence
- word2word — independent corpus-derived bilingual evidence"
پکارا,"Rank: 2358

Meaning: call

Frequency evidence: wordfreq Zipf 4.28
Frequency source: wordfreq Urdu multi-corpus ranking

Semantic verification: direct dictionary sense corroborated — ReadUrdu+word2word

Sources:
- wordfreq Urdu — Unicode multi-corpus frequency ordering
- Kaikki/Wiktextract — bilingual lexicographic evidence
- ReadUrdu — independent Urdu-English bilingual evidence
- word2word — independent corpus-derived bilingual evidence"
پیاس,"Rank: 2359

Meaning: thirst

Frequency evidence: wordfreq Zipf 4.28
Frequency source: wordfreq Urdu multi-corpus ranking

Semantic verification: direct dictionary sense corroborated — Kaikki+ReadUrdu

Sources:
- wordfreq Urdu — Unicode multi-corpus frequency ordering
- Kaikki/Wiktextract — bilingual lexicographic evidence
- ReadUrdu — independent Urdu-English bilingual evidence
- word2word — independent corpus-derived bilingual evidence"
کرناٹک,"Rank: 2360

Meaning: Karnataka

Frequency evidence: wordfreq Zipf 4.28
Frequency source: wordfreq Urdu multi-corpus ranking

Semantic verification: direct dictionary sense corroborated — Kaikki+ReadUrdu

Sources:
- wordfreq Urdu — Unicode multi-corpus frequency ordering
- Kaikki/Wiktextract — bilingual lexicographic evidence
- ReadUrdu — independent Urdu-English bilingual evidence
- word2word — independent corpus-derived bilingual evidence"
ہنس,"Rank: 2361

Meaning: A goose

Frequency evidence: wordfreq Zipf 4.28
Frequency source: wordfreq Urdu multi-corpus ranking

Semantic verification: direct dictionary sense corroborated — ReadUrdu+word2word

Sources:
- wordfreq Urdu — Unicode multi-corpus frequency ordering
- Kaikki/Wiktextract — bilingual lexicographic evidence
- ReadUrdu — independent Urdu-English bilingual evidence
- word2word — independent corpus-derived bilingual evidence"
اجاگر,"Rank: 2362

Meaning: bright; famous

Frequency evidence: wordfreq Zipf 4.27
Frequency source: wordfreq Urdu multi-corpus ranking

Semantic verification: direct dictionary sense corroborated — Kaikki+ReadUrdu

Sources:
- wordfreq Urdu — Unicode multi-corpus frequency ordering
- Kaikki/Wiktextract — bilingual lexicographic evidence
- ReadUrdu — independent Urdu-English bilingual evidence
- word2word — independent corpus-derived bilingual evidence"
اطمینان,"Rank: 2363

Meaning: satisfaction

Frequency evidence: wordfreq Zipf 4.27
Frequency source: wordfreq Urdu multi-corpus ranking

Semantic verification: direct dictionary sense corroborated — Kaikki+ReadUrdu

Sources:
- wordfreq Urdu — Unicode multi-corpus frequency ordering
- Kaikki/Wiktextract — bilingual lexicographic evidence
- ReadUrdu — independent Urdu-English bilingual evidence
- word2word — independent corpus-derived bilingual evidence"
اقلیت,"Rank: 2364

Meaning: minority

Frequency evidence: wordfreq Zipf 4.27
Frequency source: wordfreq Urdu multi-corpus ranking

Semantic verification: direct dictionary sense corroborated — Kaikki+ReadUrdu+word2word

Sources:
- wordfreq Urdu — Unicode multi-corpus frequency ordering
- Kaikki/Wiktextract — bilingual lexicographic evidence
- ReadUrdu — independent Urdu-English bilingual evidence
- word2word — independent corpus-derived bilingual evidence"
بحر,"Rank: 2365

Meaning: sea; ocean

Frequency evidence: wordfreq Zipf 4.27
Frequency source: wordfreq Urdu multi-corpus ranking

Semantic verification: direct dictionary sense corroborated — Kaikki+ReadUrdu+word2word

Sources:
- wordfreq Urdu — Unicode multi-corpus frequency ordering
- Kaikki/Wiktextract — bilingual lexicographic evidence
- ReadUrdu — independent Urdu-English bilingual evidence
- word2word — independent corpus-derived bilingual evidence"
بندوق,"Rank: 2366

Meaning: gun; rifle

Frequency evidence: wordfreq Zipf 4.27
Frequency source: wordfreq Urdu multi-corpus ranking

Semantic verification: direct dictionary sense corroborated — Kaikki+ReadUrdu+word2word

Sources:
- wordfreq Urdu — Unicode multi-corpus frequency ordering
- Kaikki/Wiktextract — bilingual lexicographic evidence
- ReadUrdu — independent Urdu-English bilingual evidence
- word2word — independent corpus-derived bilingual evidence"
تاریک,"Rank: 2367

Meaning: dark

Frequency evidence: wordfreq Zipf 4.27
Frequency source: wordfreq Urdu multi-corpus ranking

Semantic verification: direct dictionary sense corroborated — Kaikki+ReadUrdu+word2word

Sources:
- wordfreq Urdu — Unicode multi-corpus frequency ordering
- Kaikki/Wiktextract — bilingual lexicographic evidence
- ReadUrdu — independent Urdu-English bilingual evidence
- word2word — independent corpus-derived bilingual evidence"
خاوند,"Rank: 2368

Meaning: husband

Frequency evidence: wordfreq Zipf 4.27
Frequency source: wordfreq Urdu multi-corpus ranking

Semantic verification: direct dictionary sense corroborated — Kaikki+ReadUrdu

Sources:
- wordfreq Urdu — Unicode multi-corpus frequency ordering
- Kaikki/Wiktextract — bilingual lexicographic evidence
- ReadUrdu — independent Urdu-English bilingual evidence
- word2word — independent corpus-derived bilingual evidence"
خلیج,"Rank: 2369

Meaning: bay; gulf

Frequency evidence: wordfreq Zipf 4.27
Frequency source: wordfreq Urdu multi-corpus ranking

Semantic verification: direct dictionary sense corroborated — Kaikki+ReadUrdu+word2word

Sources:
- wordfreq Urdu — Unicode multi-corpus frequency ordering
- Kaikki/Wiktextract — bilingual lexicographic evidence
- ReadUrdu — independent Urdu-English bilingual evidence
- word2word — independent corpus-derived bilingual evidence"
خوشاب,"Rank: 2370

Meaning: Khushab

Frequency evidence: wordfreq Zipf 4.27
Frequency source: wordfreq Urdu multi-corpus ranking

Semantic verification: direct dictionary sense corroborated — Kaikki+ReadUrdu

Sources:
- wordfreq Urdu — Unicode multi-corpus frequency ordering
- Kaikki/Wiktextract — bilingual lexicographic evidence
- ReadUrdu — independent Urdu-English bilingual evidence
- word2word — independent corpus-derived bilingual evidence"
دیسی,"Rank: 2371

Meaning: local; native

Frequency evidence: wordfreq Zipf 4.27
Frequency source: wordfreq Urdu multi-corpus ranking

Semantic verification: direct dictionary sense corroborated — Kaikki+ReadUrdu

Sources:
- wordfreq Urdu — Unicode multi-corpus frequency ordering
- Kaikki/Wiktextract — bilingual lexicographic evidence
- ReadUrdu — independent Urdu-English bilingual evidence
- word2word — independent corpus-derived bilingual evidence"
روی,"Rank: 2372

Meaning: sun

Frequency evidence: wordfreq Zipf 4.27
Frequency source: wordfreq Urdu multi-corpus ranking

Semantic verification: direct dictionary sense corroborated — Kaikki+ReadUrdu

Sources:
- wordfreq Urdu — Unicode multi-corpus frequency ordering
- Kaikki/Wiktextract — bilingual lexicographic evidence
- ReadUrdu — independent Urdu-English bilingual evidence
- word2word — independent corpus-derived bilingual evidence"
طلوع,"Rank: 2373

Meaning: sunrise; moonrise

Frequency evidence: wordfreq Zipf 4.27
Frequency source: wordfreq Urdu multi-corpus ranking

Semantic verification: direct dictionary sense corroborated — Kaikki+ReadUrdu

Sources:
- wordfreq Urdu — Unicode multi-corpus frequency ordering
- Kaikki/Wiktextract — bilingual lexicographic evidence
- ReadUrdu — independent Urdu-English bilingual evidence
- word2word — independent corpus-derived bilingual evidence"
قافلہ,"Rank: 2374

Meaning: caravan

Frequency evidence: wordfreq Zipf 4.27
Frequency source: wordfreq Urdu multi-corpus ranking

Semantic verification: direct dictionary sense corroborated — Kaikki+ReadUrdu

Sources:
- wordfreq Urdu — Unicode multi-corpus frequency ordering
- Kaikki/Wiktextract — bilingual lexicographic evidence
- ReadUrdu — independent Urdu-English bilingual evidence
- word2word — independent corpus-derived bilingual evidence"
قطع,"Rank: 2375

Meaning: a segment

Frequency evidence: wordfreq Zipf 4.27
Frequency source: wordfreq Urdu multi-corpus ranking

Semantic verification: direct dictionary sense corroborated — ReadUrdu+word2word

Sources:
- wordfreq Urdu — Unicode multi-corpus frequency ordering
- Kaikki/Wiktextract — bilingual lexicographic evidence
- ReadUrdu — independent Urdu-English bilingual evidence
- word2word — independent corpus-derived bilingual evidence"
لکھنؤ,"Rank: 2376

Meaning: Lucknow

Frequency evidence: wordfreq Zipf 4.27
Frequency source: wordfreq Urdu multi-corpus ranking

Semantic verification: direct dictionary sense corroborated — Kaikki+ReadUrdu

Sources:
- wordfreq Urdu — Unicode multi-corpus frequency ordering
- Kaikki/Wiktextract — bilingual lexicographic evidence
- ReadUrdu — independent Urdu-English bilingual evidence
- word2word — independent corpus-derived bilingual evidence"
مسلمہ,"Rank: 2377

Meaning: unanimous

Frequency evidence: wordfreq Zipf 4.27
Frequency source: wordfreq Urdu multi-corpus ranking

Semantic verification: direct dictionary sense corroborated — Kaikki+ReadUrdu

Sources:
- wordfreq Urdu — Unicode multi-corpus frequency ordering
- Kaikki/Wiktextract — bilingual lexicographic evidence
- ReadUrdu — independent Urdu-English bilingual evidence
- word2word — independent corpus-derived bilingual evidence"
مہنگا,"Rank: 2378

Meaning: expensive; precious

Frequency evidence: wordfreq Zipf 4.27
Frequency source: wordfreq Urdu multi-corpus ranking

Semantic verification: direct dictionary sense corroborated — Kaikki+ReadUrdu+word2word

Sources:
- wordfreq Urdu — Unicode multi-corpus frequency ordering
- Kaikki/Wiktextract — bilingual lexicographic evidence
- ReadUrdu — independent Urdu-English bilingual evidence
- word2word — independent corpus-derived bilingual evidence"
ناپاک,"Rank: 2379

Meaning: unclean; impure

Frequency evidence: wordfreq Zipf 4.27
Frequency source: wordfreq Urdu multi-corpus ranking

Semantic verification: direct dictionary sense corroborated — Kaikki+ReadUrdu

Sources:
- wordfreq Urdu — Unicode multi-corpus frequency ordering
- Kaikki/Wiktextract — bilingual lexicographic evidence
- ReadUrdu — independent Urdu-English bilingual evidence
- word2word — independent corpus-derived bilingual evidence"
پاکیزہ,"Rank: 2380

Meaning: pure

Frequency evidence: wordfreq Zipf 4.27
Frequency source: wordfreq Urdu multi-corpus ranking

Semantic verification: direct dictionary sense corroborated — Kaikki+ReadUrdu

Sources:
- wordfreq Urdu — Unicode multi-corpus frequency ordering
- Kaikki/Wiktextract — bilingual lexicographic evidence
- ReadUrdu — independent Urdu-English bilingual evidence
- word2word — independent corpus-derived bilingual evidence"
گرفت,"Rank: 2381

Meaning: hold

Frequency evidence: wordfreq Zipf 4.27
Frequency source: wordfreq Urdu multi-corpus ranking

Semantic verification: direct dictionary sense corroborated — ReadUrdu+word2word

Sources:
- wordfreq Urdu — Unicode multi-corpus frequency ordering
- Kaikki/Wiktextract — bilingual lexicographic evidence
- ReadUrdu — independent Urdu-English bilingual evidence
- word2word — independent corpus-derived bilingual evidence"
گلاب,"Rank: 2382

Meaning: rose

Frequency evidence: wordfreq Zipf 4.27
Frequency source: wordfreq Urdu multi-corpus ranking

Semantic verification: direct dictionary sense corroborated — Kaikki+ReadUrdu+word2word

Sources:
- wordfreq Urdu — Unicode multi-corpus frequency ordering
- Kaikki/Wiktextract — bilingual lexicographic evidence
- ReadUrdu — independent Urdu-English bilingual evidence
- word2word — independent corpus-derived bilingual evidence"
ہڈی,"Rank: 2383

Meaning: bone

Frequency evidence: wordfreq Zipf 4.27
Frequency source: wordfreq Urdu multi-corpus ranking

Semantic verification: direct dictionary sense corroborated — Kaikki+ReadUrdu+word2word

Sources:
- wordfreq Urdu — Unicode multi-corpus frequency ordering
- Kaikki/Wiktextract — bilingual lexicographic evidence
- ReadUrdu — independent Urdu-English bilingual evidence
- word2word — independent corpus-derived bilingual evidence"
یونان,"Rank: 2384

Meaning: Ancient Greece; Greece

Frequency evidence: wordfreq Zipf 4.27
Frequency source: wordfreq Urdu multi-corpus ranking

Semantic verification: direct dictionary sense corroborated — Kaikki+ReadUrdu

Sources:
- wordfreq Urdu — Unicode multi-corpus frequency ordering
- Kaikki/Wiktextract — bilingual lexicographic evidence
- ReadUrdu — independent Urdu-English bilingual evidence
- word2word — independent corpus-derived bilingual evidence"
اگلا,"Rank: 2385

Meaning: next; first

Frequency evidence: wordfreq Zipf 4.26
Frequency source: wordfreq Urdu multi-corpus ranking

Semantic verification: direct dictionary sense corroborated — Kaikki+ReadUrdu+word2word

Sources:
- wordfreq Urdu — Unicode multi-corpus frequency ordering
- Kaikki/Wiktextract — bilingual lexicographic evidence
- ReadUrdu — independent Urdu-English bilingual evidence
- word2word — independent corpus-derived bilingual evidence"
بادشاہت,"Rank: 2386

Meaning: state; monarchy

Frequency evidence: wordfreq Zipf 4.26
Frequency source: wordfreq Urdu multi-corpus ranking

Semantic verification: direct dictionary sense corroborated — Kaikki+ReadUrdu

Sources:
- wordfreq Urdu — Unicode multi-corpus frequency ordering
- Kaikki/Wiktextract — bilingual lexicographic evidence
- ReadUrdu — independent Urdu-English bilingual evidence
- word2word — independent corpus-derived bilingual evidence"
جذب,"Rank: 2387

Meaning: attraction; drawing

Frequency evidence: wordfreq Zipf 4.26
Frequency source: wordfreq Urdu multi-corpus ranking

Semantic verification: direct dictionary sense corroborated — Kaikki+ReadUrdu

Sources:
- wordfreq Urdu — Unicode multi-corpus frequency ordering
- Kaikki/Wiktextract — bilingual lexicographic evidence
- ReadUrdu — independent Urdu-English bilingual evidence
- word2word — independent corpus-derived bilingual evidence"
خسارہ,"Rank: 2388

Meaning: damage; deficit

Frequency evidence: wordfreq Zipf 4.26
Frequency source: wordfreq Urdu multi-corpus ranking

Semantic verification: direct dictionary sense corroborated — Kaikki+ReadUrdu

Sources:
- wordfreq Urdu — Unicode multi-corpus frequency ordering
- Kaikki/Wiktextract — bilingual lexicographic evidence
- ReadUrdu — independent Urdu-English bilingual evidence
- word2word — independent corpus-derived bilingual evidence"
ذیلی,"Rank: 2389

Meaning: lower part of something; sub

Frequency evidence: wordfreq Zipf 4.26
Frequency source: wordfreq Urdu multi-corpus ranking

Semantic verification: direct dictionary sense corroborated — Kaikki+ReadUrdu

Sources:
- wordfreq Urdu — Unicode multi-corpus frequency ordering
- Kaikki/Wiktextract — bilingual lexicographic evidence
- ReadUrdu — independent Urdu-English bilingual evidence
- word2word — independent corpus-derived bilingual evidence"
راجا,"Rank: 2390

Meaning: king

Frequency evidence: wordfreq Zipf 4.26
Frequency source: wordfreq Urdu multi-corpus ranking

Semantic verification: direct dictionary sense corroborated — Kaikki+ReadUrdu

Sources:
- wordfreq Urdu — Unicode multi-corpus frequency ordering
- Kaikki/Wiktextract — bilingual lexicographic evidence
- ReadUrdu — independent Urdu-English bilingual evidence
- word2word — independent corpus-derived bilingual evidence"
راہداری,"Rank: 2391

Meaning: means of transportation; landing

Frequency evidence: wordfreq Zipf 4.26
Frequency source: wordfreq Urdu multi-corpus ranking

Semantic verification: direct dictionary sense corroborated — Kaikki+ReadUrdu

Sources:
- wordfreq Urdu — Unicode multi-corpus frequency ordering
- Kaikki/Wiktextract — bilingual lexicographic evidence
- ReadUrdu — independent Urdu-English bilingual evidence
- word2word — independent corpus-derived bilingual evidence"
ساکھ,"Rank: 2392

Meaning: trust; credibility

Frequency evidence: wordfreq Zipf 4.26
Frequency source: wordfreq Urdu multi-corpus ranking

Semantic verification: direct dictionary sense corroborated — Kaikki+ReadUrdu+word2word

Sources:
- wordfreq Urdu — Unicode multi-corpus frequency ordering
- Kaikki/Wiktextract — bilingual lexicographic evidence
- ReadUrdu — independent Urdu-English bilingual evidence
- word2word — independent corpus-derived bilingual evidence"
مالکان,"Rank: 2393

Meaning: owners

Frequency evidence: wordfreq Zipf 4.26
Frequency source: wordfreq Urdu multi-corpus ranking

Semantic verification: direct dictionary sense corroborated — ReadUrdu+word2word

Sources:
- wordfreq Urdu — Unicode multi-corpus frequency ordering
- Kaikki/Wiktextract — bilingual lexicographic evidence
- ReadUrdu — independent Urdu-English bilingual evidence
- word2word — independent corpus-derived bilingual evidence"
مجمع,"Rank: 2394

Meaning: an abundance; excess

Frequency evidence: wordfreq Zipf 4.26
Frequency source: wordfreq Urdu multi-corpus ranking

Semantic verification: direct dictionary sense corroborated — Kaikki+ReadUrdu

Sources:
- wordfreq Urdu — Unicode multi-corpus frequency ordering
- Kaikki/Wiktextract — bilingual lexicographic evidence
- ReadUrdu — independent Urdu-English bilingual evidence
- word2word — independent corpus-derived bilingual evidence"
مخدوم,"Rank: 2395

Meaning: lord

Frequency evidence: wordfreq Zipf 4.26
Frequency source: wordfreq Urdu multi-corpus ranking

Semantic verification: direct dictionary sense corroborated — Kaikki+ReadUrdu

Sources:
- wordfreq Urdu — Unicode multi-corpus frequency ordering
- Kaikki/Wiktextract — bilingual lexicographic evidence
- ReadUrdu — independent Urdu-English bilingual evidence
- word2word — independent corpus-derived bilingual evidence"
نادر,"Rank: 2396

Meaning: rare; unusual

Frequency evidence: wordfreq Zipf 4.26
Frequency source: wordfreq Urdu multi-corpus ranking

Semantic verification: direct dictionary sense corroborated — Kaikki+ReadUrdu+word2word

Sources:
- wordfreq Urdu — Unicode multi-corpus frequency ordering
- Kaikki/Wiktextract — bilingual lexicographic evidence
- ReadUrdu — independent Urdu-English bilingual evidence
- word2word — independent corpus-derived bilingual evidence"
واہ,"Rank: 2397

Meaning: wow; whoa

Frequency evidence: wordfreq Zipf 4.26
Frequency source: wordfreq Urdu multi-corpus ranking

Semantic verification: direct dictionary sense corroborated — Kaikki+word2word

Sources:
- wordfreq Urdu — Unicode multi-corpus frequency ordering
- Kaikki/Wiktextract — bilingual lexicographic evidence
- ReadUrdu — independent Urdu-English bilingual evidence
- word2word — independent corpus-derived bilingual evidence"
وفا,"Rank: 2398

Meaning: fidelity

Frequency evidence: wordfreq Zipf 4.26
Frequency source: wordfreq Urdu multi-corpus ranking

Semantic verification: direct dictionary sense corroborated — Kaikki+ReadUrdu

Sources:
- wordfreq Urdu — Unicode multi-corpus frequency ordering
- Kaikki/Wiktextract — bilingual lexicographic evidence
- ReadUrdu — independent Urdu-English bilingual evidence
- word2word — independent corpus-derived bilingual evidence"
وقوع,"Rank: 2399

Meaning: event; tragedy

Frequency evidence: wordfreq Zipf 4.26
Frequency source: wordfreq Urdu multi-corpus ranking

Semantic verification: direct dictionary sense corroborated — Kaikki+ReadUrdu

Sources:
- wordfreq Urdu — Unicode multi-corpus frequency ordering
- Kaikki/Wiktextract — bilingual lexicographic evidence
- ReadUrdu — independent Urdu-English bilingual evidence
- word2word — independent corpus-derived bilingual evidence"
چھوٹ,"Rank: 2400

Meaning: freedom; impunity

Frequency evidence: wordfreq Zipf 4.26
Frequency source: wordfreq Urdu multi-corpus ranking

Semantic verification: direct dictionary sense corroborated — Kaikki+ReadUrdu

Sources:
- wordfreq Urdu — Unicode multi-corpus frequency ordering
- Kaikki/Wiktextract — bilingual lexicographic evidence
- ReadUrdu — independent Urdu-English bilingual evidence
- word2word — independent corpus-derived bilingual evidence"
گالی,"Rank: 2401

Meaning: abuse; insult

Frequency evidence: wordfreq Zipf 4.26
Frequency source: wordfreq Urdu multi-corpus ranking

Semantic verification: direct dictionary sense corroborated — Kaikki+ReadUrdu

Sources:
- wordfreq Urdu — Unicode multi-corpus frequency ordering
- Kaikki/Wiktextract — bilingual lexicographic evidence
- ReadUrdu — independent Urdu-English bilingual evidence
- word2word — independent corpus-derived bilingual evidence"
ہالینڈ,"Rank: 2402

Meaning: Holland

Frequency evidence: wordfreq Zipf 4.26
Frequency source: wordfreq Urdu multi-corpus ranking

Semantic verification: direct dictionary sense corroborated — ReadUrdu+word2word

Sources:
- wordfreq Urdu — Unicode multi-corpus frequency ordering
- Kaikki/Wiktextract — bilingual lexicographic evidence
- ReadUrdu — independent Urdu-English bilingual evidence
- word2word — independent corpus-derived bilingual evidence"
بولتا,"Rank: 2403

Meaning: talking

Frequency evidence: wordfreq Zipf 4.25
Frequency source: wordfreq Urdu multi-corpus ranking

Semantic verification: direct dictionary sense corroborated — ReadUrdu+word2word

Sources:
- wordfreq Urdu — Unicode multi-corpus frequency ordering
- Kaikki/Wiktextract — bilingual lexicographic evidence
- ReadUrdu — independent Urdu-English bilingual evidence
- word2word — independent corpus-derived bilingual evidence"
خوفزدہ,"Rank: 2404

Meaning: afraid; frightened

Frequency evidence: wordfreq Zipf 4.25
Frequency source: wordfreq Urdu multi-corpus ranking

Semantic verification: direct dictionary sense corroborated — Kaikki+ReadUrdu+word2word

Sources:
- wordfreq Urdu — Unicode multi-corpus frequency ordering
- Kaikki/Wiktextract — bilingual lexicographic evidence
- ReadUrdu — independent Urdu-English bilingual evidence
- word2word — independent corpus-derived bilingual evidence"
دال,"Rank: 2405

Meaning: lentil; bean

Frequency evidence: wordfreq Zipf 4.25
Frequency source: wordfreq Urdu multi-corpus ranking

Semantic verification: direct dictionary sense corroborated — Kaikki+ReadUrdu+word2word

Sources:
- wordfreq Urdu — Unicode multi-corpus frequency ordering
- Kaikki/Wiktextract — bilingual lexicographic evidence
- ReadUrdu — independent Urdu-English bilingual evidence
- word2word — independent corpus-derived bilingual evidence"
دستی,"Rank: 2406

Meaning: manual

Frequency evidence: wordfreq Zipf 4.25
Frequency source: wordfreq Urdu multi-corpus ranking

Semantic verification: direct dictionary sense corroborated — ReadUrdu+word2word

Sources:
- wordfreq Urdu — Unicode multi-corpus frequency ordering
- Kaikki/Wiktextract — bilingual lexicographic evidence
- ReadUrdu — independent Urdu-English bilingual evidence
- word2word — independent corpus-derived bilingual evidence"
دوپہر,"Rank: 2407

Meaning: afternoon; noon

Frequency evidence: wordfreq Zipf 4.25
Frequency source: wordfreq Urdu multi-corpus ranking

Semantic verification: direct dictionary sense corroborated — Kaikki+ReadUrdu+word2word

Sources:
- wordfreq Urdu — Unicode multi-corpus frequency ordering
- Kaikki/Wiktextract — bilingual lexicographic evidence
- ReadUrdu — independent Urdu-English bilingual evidence
- word2word — independent corpus-derived bilingual evidence"
شانہ,"Rank: 2408

Meaning: shoulder; comb

Frequency evidence: wordfreq Zipf 4.25
Frequency source: wordfreq Urdu multi-corpus ranking

Semantic verification: direct dictionary sense corroborated — Kaikki+ReadUrdu

Sources:
- wordfreq Urdu — Unicode multi-corpus frequency ordering
- Kaikki/Wiktextract — bilingual lexicographic evidence
- ReadUrdu — independent Urdu-English bilingual evidence
- word2word — independent corpus-derived bilingual evidence"
صارف,"Rank: 2409

Meaning: user; consumer

Frequency evidence: wordfreq Zipf 4.25
Frequency source: wordfreq Urdu multi-corpus ranking

Semantic verification: direct dictionary sense corroborated — Kaikki+ReadUrdu

Sources:
- wordfreq Urdu — Unicode multi-corpus frequency ordering
- Kaikki/Wiktextract — bilingual lexicographic evidence
- ReadUrdu — independent Urdu-English bilingual evidence
- word2word — independent corpus-derived bilingual evidence"
صحبت,"Rank: 2410

Meaning: society; company

Frequency evidence: wordfreq Zipf 4.25
Frequency source: wordfreq Urdu multi-corpus ranking

Semantic verification: direct dictionary sense corroborated — Kaikki+ReadUrdu

Sources:
- wordfreq Urdu — Unicode multi-corpus frequency ordering
- Kaikki/Wiktextract — bilingual lexicographic evidence
- ReadUrdu — independent Urdu-English bilingual evidence
- word2word — independent corpus-derived bilingual evidence"
طب,"Rank: 2411

Meaning: medicine

Frequency evidence: wordfreq Zipf 4.25
Frequency source: wordfreq Urdu multi-corpus ranking

Semantic verification: direct dictionary sense corroborated — Kaikki+ReadUrdu

Sources:
- wordfreq Urdu — Unicode multi-corpus frequency ordering
- Kaikki/Wiktextract — bilingual lexicographic evidence
- ReadUrdu — independent Urdu-English bilingual evidence
- word2word — independent corpus-derived bilingual evidence"
قلندر,"Rank: 2412

Meaning: qalandar

Frequency evidence: wordfreq Zipf 4.25
Frequency source: wordfreq Urdu multi-corpus ranking

Semantic verification: direct dictionary sense corroborated — Kaikki+ReadUrdu

Sources:
- wordfreq Urdu — Unicode multi-corpus frequency ordering
- Kaikki/Wiktextract — bilingual lexicographic evidence
- ReadUrdu — independent Urdu-English bilingual evidence
- word2word — independent corpus-derived bilingual evidence"
لاگت,"Rank: 2413

Meaning: cost; price

Frequency evidence: wordfreq Zipf 4.25
Frequency source: wordfreq Urdu multi-corpus ranking

Semantic verification: direct dictionary sense corroborated — Kaikki+ReadUrdu+word2word

Sources:
- wordfreq Urdu — Unicode multi-corpus frequency ordering
- Kaikki/Wiktextract — bilingual lexicographic evidence
- ReadUrdu — independent Urdu-English bilingual evidence
- word2word — independent corpus-derived bilingual evidence"
متوجہ,"Rank: 2414

Meaning: attracted; attentive

Frequency evidence: wordfreq Zipf 4.25
Frequency source: wordfreq Urdu multi-corpus ranking

Semantic verification: direct dictionary sense corroborated — Kaikki+ReadUrdu

Sources:
- wordfreq Urdu — Unicode multi-corpus frequency ordering
- Kaikki/Wiktextract — bilingual lexicographic evidence
- ReadUrdu — independent Urdu-English bilingual evidence
- word2word — independent corpus-derived bilingual evidence"
مرمت,"Rank: 2415

Meaning: mend; repair

Frequency evidence: wordfreq Zipf 4.25
Frequency source: wordfreq Urdu multi-corpus ranking

Semantic verification: direct dictionary sense corroborated — Kaikki+ReadUrdu+word2word

Sources:
- wordfreq Urdu — Unicode multi-corpus frequency ordering
- Kaikki/Wiktextract — bilingual lexicographic evidence
- ReadUrdu — independent Urdu-English bilingual evidence
- word2word — independent corpus-derived bilingual evidence"
مع,"Rank: 2416

Meaning: alongside

Frequency evidence: wordfreq Zipf 4.25
Frequency source: wordfreq Urdu multi-corpus ranking

Semantic verification: direct dictionary sense corroborated — Kaikki+ReadUrdu

Sources:
- wordfreq Urdu — Unicode multi-corpus frequency ordering
- Kaikki/Wiktextract — bilingual lexicographic evidence
- ReadUrdu — independent Urdu-English bilingual evidence
- word2word — independent corpus-derived bilingual evidence"
معبود,"Rank: 2417

Meaning: god; deity

Frequency evidence: wordfreq Zipf 4.25
Frequency source: wordfreq Urdu multi-corpus ranking

Semantic verification: direct dictionary sense corroborated — Kaikki+ReadUrdu

Sources:
- wordfreq Urdu — Unicode multi-corpus frequency ordering
- Kaikki/Wiktextract — bilingual lexicographic evidence
- ReadUrdu — independent Urdu-English bilingual evidence
- word2word — independent corpus-derived bilingual evidence"
منصفانہ,"Rank: 2418

Meaning: fairly

Frequency evidence: wordfreq Zipf 4.25
Frequency source: wordfreq Urdu multi-corpus ranking

Semantic verification: direct dictionary sense corroborated — ReadUrdu+word2word

Sources:
- wordfreq Urdu — Unicode multi-corpus frequency ordering
- Kaikki/Wiktextract — bilingual lexicographic evidence
- ReadUrdu — independent Urdu-English bilingual evidence
- word2word — independent corpus-derived bilingual evidence"
وفادار,"Rank: 2419

Meaning: loyal

Frequency evidence: wordfreq Zipf 4.25
Frequency source: wordfreq Urdu multi-corpus ranking

Semantic verification: direct dictionary sense corroborated — ReadUrdu+word2word

Sources:
- wordfreq Urdu — Unicode multi-corpus frequency ordering
- Kaikki/Wiktextract — bilingual lexicographic evidence
- ReadUrdu — independent Urdu-English bilingual evidence
- word2word — independent corpus-derived bilingual evidence"
پری,"Rank: 2420

Meaning: fairy; a beautiful woman

Frequency evidence: wordfreq Zipf 4.25
Frequency source: wordfreq Urdu multi-corpus ranking

Semantic verification: direct dictionary sense corroborated — Kaikki+ReadUrdu+word2word

Sources:
- wordfreq Urdu — Unicode multi-corpus frequency ordering
- Kaikki/Wiktextract — bilingual lexicographic evidence
- ReadUrdu — independent Urdu-English bilingual evidence
- word2word — independent corpus-derived bilingual evidence"
پٹھان,"Rank: 2421

Meaning: Afghan; Pashtun

Frequency evidence: wordfreq Zipf 4.25
Frequency source: wordfreq Urdu multi-corpus ranking

Semantic verification: direct dictionary sense corroborated — Kaikki+ReadUrdu

Sources:
- wordfreq Urdu — Unicode multi-corpus frequency ordering
- Kaikki/Wiktextract — bilingual lexicographic evidence
- ReadUrdu — independent Urdu-English bilingual evidence
- word2word — independent corpus-derived bilingual evidence"
چاہ,"Rank: 2422

Meaning: want

Frequency evidence: wordfreq Zipf 4.25
Frequency source: wordfreq Urdu multi-corpus ranking

Semantic verification: direct dictionary sense corroborated — ReadUrdu+word2word

Sources:
- wordfreq Urdu — Unicode multi-corpus frequency ordering
- Kaikki/Wiktextract — bilingual lexicographic evidence
- ReadUrdu — independent Urdu-English bilingual evidence
- word2word — independent corpus-derived bilingual evidence"
کرایہ,"Rank: 2423

Meaning: rent

Frequency evidence: wordfreq Zipf 4.25
Frequency source: wordfreq Urdu multi-corpus ranking

Semantic verification: direct dictionary sense corroborated — ReadUrdu+word2word

Sources:
- wordfreq Urdu — Unicode multi-corpus frequency ordering
- Kaikki/Wiktextract — bilingual lexicographic evidence
- ReadUrdu — independent Urdu-English bilingual evidence
- word2word — independent corpus-derived bilingual evidence"
آداب,"Rank: 2424

Meaning: greetings

Frequency evidence: wordfreq Zipf 4.24
Frequency source: wordfreq Urdu multi-corpus ranking

Semantic verification: direct dictionary sense corroborated — Kaikki+ReadUrdu

Sources:
- wordfreq Urdu — Unicode multi-corpus frequency ordering
- Kaikki/Wiktextract — bilingual lexicographic evidence
- ReadUrdu — independent Urdu-English bilingual evidence
- word2word — independent corpus-derived bilingual evidence"
آشنا,"Rank: 2425

Meaning: friend; lover

Frequency evidence: wordfreq Zipf 4.24
Frequency source: wordfreq Urdu multi-corpus ranking

Semantic verification: direct dictionary sense corroborated — Kaikki+ReadUrdu

Sources:
- wordfreq Urdu — Unicode multi-corpus frequency ordering
- Kaikki/Wiktextract — bilingual lexicographic evidence
- ReadUrdu — independent Urdu-English bilingual evidence
- word2word — independent corpus-derived bilingual evidence"
اثنا,"Rank: 2426

Meaning: midst

Frequency evidence: wordfreq Zipf 4.24
Frequency source: wordfreq Urdu multi-corpus ranking

Semantic verification: direct dictionary sense corroborated — Kaikki+ReadUrdu

Sources:
- wordfreq Urdu — Unicode multi-corpus frequency ordering
- Kaikki/Wiktextract — bilingual lexicographic evidence
- ReadUrdu — independent Urdu-English bilingual evidence
- word2word — independent corpus-derived bilingual evidence"
اخراج,"Rank: 2427

Meaning: expulsion; relegation

Frequency evidence: wordfreq Zipf 4.24
Frequency source: wordfreq Urdu multi-corpus ranking

Semantic verification: direct dictionary sense corroborated — Kaikki+ReadUrdu

Sources:
- wordfreq Urdu — Unicode multi-corpus frequency ordering
- Kaikki/Wiktextract — bilingual lexicographic evidence
- ReadUrdu — independent Urdu-English bilingual evidence
- word2word — independent corpus-derived bilingual evidence"
بیج,"Rank: 2428

Meaning: seed; kernel

Frequency evidence: wordfreq Zipf 4.24
Frequency source: wordfreq Urdu multi-corpus ranking

Semantic verification: direct dictionary sense corroborated — Kaikki+ReadUrdu+word2word

Sources:
- wordfreq Urdu — Unicode multi-corpus frequency ordering
- Kaikki/Wiktextract — bilingual lexicographic evidence
- ReadUrdu — independent Urdu-English bilingual evidence
- word2word — independent corpus-derived bilingual evidence"
تسبیح,"Rank: 2429

Meaning: glorification of God; prayer beads

Frequency evidence: wordfreq Zipf 4.24
Frequency source: wordfreq Urdu multi-corpus ranking

Semantic verification: direct dictionary sense corroborated — Kaikki+ReadUrdu

Sources:
- wordfreq Urdu — Unicode multi-corpus frequency ordering
- Kaikki/Wiktextract — bilingual lexicographic evidence
- ReadUrdu — independent Urdu-English bilingual evidence
- word2word — independent corpus-derived bilingual evidence"
تل,"Rank: 2430

Meaning: mole; sesame

Frequency evidence: wordfreq Zipf 4.24
Frequency source: wordfreq Urdu multi-corpus ranking

Semantic verification: direct dictionary sense corroborated — Kaikki+ReadUrdu

Sources:
- wordfreq Urdu — Unicode multi-corpus frequency ordering
- Kaikki/Wiktextract — bilingual lexicographic evidence
- ReadUrdu — independent Urdu-English bilingual evidence
- word2word — independent corpus-derived bilingual evidence"
جنون,"Rank: 2431

Meaning: obsession; madness

Frequency evidence: wordfreq Zipf 4.24
Frequency source: wordfreq Urdu multi-corpus ranking

Semantic verification: direct dictionary sense corroborated — Kaikki+ReadUrdu

Sources:
- wordfreq Urdu — Unicode multi-corpus frequency ordering
- Kaikki/Wiktextract — bilingual lexicographic evidence
- ReadUrdu — independent Urdu-English bilingual evidence
- word2word — independent corpus-derived bilingual evidence"
حیا,"Rank: 2432

Meaning: honour; veil

Frequency evidence: wordfreq Zipf 4.24
Frequency source: wordfreq Urdu multi-corpus ranking

Semantic verification: direct dictionary sense corroborated — Kaikki+ReadUrdu

Sources:
- wordfreq Urdu — Unicode multi-corpus frequency ordering
- Kaikki/Wiktextract — bilingual lexicographic evidence
- ReadUrdu — independent Urdu-English bilingual evidence
- word2word — independent corpus-derived bilingual evidence"
دانت,"Rank: 2433

Meaning: tooth; tusk

Frequency evidence: wordfreq Zipf 4.24
Frequency source: wordfreq Urdu multi-corpus ranking

Semantic verification: direct dictionary sense corroborated — Kaikki+ReadUrdu

Sources:
- wordfreq Urdu — Unicode multi-corpus frequency ordering
- Kaikki/Wiktextract — bilingual lexicographic evidence
- ReadUrdu — independent Urdu-English bilingual evidence
- word2word — independent corpus-derived bilingual evidence"
روکنا,"Rank: 2434

Meaning: t. To stop

Frequency evidence: wordfreq Zipf 4.24
Frequency source: wordfreq Urdu multi-corpus ranking

Semantic verification: direct dictionary sense corroborated — ReadUrdu+word2word

Sources:
- wordfreq Urdu — Unicode multi-corpus frequency ordering
- Kaikki/Wiktextract — bilingual lexicographic evidence
- ReadUrdu — independent Urdu-English bilingual evidence
- word2word — independent corpus-derived bilingual evidence"
زینت,"Rank: 2435

Meaning: grace; beauty

Frequency evidence: wordfreq Zipf 4.24
Frequency source: wordfreq Urdu multi-corpus ranking

Semantic verification: direct dictionary sense corroborated — Kaikki+ReadUrdu

Sources:
- wordfreq Urdu — Unicode multi-corpus frequency ordering
- Kaikki/Wiktextract — bilingual lexicographic evidence
- ReadUrdu — independent Urdu-English bilingual evidence
- word2word — independent corpus-derived bilingual evidence"
فریق,"Rank: 2436

Meaning: party; group

Frequency evidence: wordfreq Zipf 4.24
Frequency source: wordfreq Urdu multi-corpus ranking

Semantic verification: direct dictionary sense corroborated — Kaikki+ReadUrdu

Sources:
- wordfreq Urdu — Unicode multi-corpus frequency ordering
- Kaikki/Wiktextract — bilingual lexicographic evidence
- ReadUrdu — independent Urdu-English bilingual evidence
- word2word — independent corpus-derived bilingual evidence"
لاحق,"Rank: 2437

Meaning: to reach; adhering

Frequency evidence: wordfreq Zipf 4.24
Frequency source: wordfreq Urdu multi-corpus ranking

Semantic verification: direct dictionary sense corroborated — Kaikki+ReadUrdu

Sources:
- wordfreq Urdu — Unicode multi-corpus frequency ordering
- Kaikki/Wiktextract — bilingual lexicographic evidence
- ReadUrdu — independent Urdu-English bilingual evidence
- word2word — independent corpus-derived bilingual evidence"
لذت,"Rank: 2438

Meaning: pleasure; delight

Frequency evidence: wordfreq Zipf 4.24
Frequency source: wordfreq Urdu multi-corpus ranking

Semantic verification: direct dictionary sense corroborated — Kaikki+ReadUrdu

Sources:
- wordfreq Urdu — Unicode multi-corpus frequency ordering
- Kaikki/Wiktextract — bilingual lexicographic evidence
- ReadUrdu — independent Urdu-English bilingual evidence
- word2word — independent corpus-derived bilingual evidence"
مالیت,"Rank: 2439

Meaning: worth

Frequency evidence: wordfreq Zipf 4.24
Frequency source: wordfreq Urdu multi-corpus ranking

Semantic verification: direct dictionary sense corroborated — ReadUrdu+word2word

Sources:
- wordfreq Urdu — Unicode multi-corpus frequency ordering
- Kaikki/Wiktextract — bilingual lexicographic evidence
- ReadUrdu — independent Urdu-English bilingual evidence
- word2word — independent corpus-derived bilingual evidence"
مرگ,"Rank: 2440

Meaning: death; deer

Frequency evidence: wordfreq Zipf 4.24
Frequency source: wordfreq Urdu multi-corpus ranking

Semantic verification: direct dictionary sense corroborated — Kaikki+ReadUrdu

Sources:
- wordfreq Urdu — Unicode multi-corpus frequency ordering
- Kaikki/Wiktextract — bilingual lexicographic evidence
- ReadUrdu — independent Urdu-English bilingual evidence
- word2word — independent corpus-derived bilingual evidence"
منحصر,"Rank: 2441

Meaning: dependent; limited

Frequency evidence: wordfreq Zipf 4.24
Frequency source: wordfreq Urdu multi-corpus ranking

Semantic verification: direct dictionary sense corroborated — Kaikki+ReadUrdu+word2word

Sources:
- wordfreq Urdu — Unicode multi-corpus frequency ordering
- Kaikki/Wiktextract — bilingual lexicographic evidence
- ReadUrdu — independent Urdu-English bilingual evidence
- word2word — independent corpus-derived bilingual evidence"
موج,"Rank: 2442

Meaning: a wave; emotion

Frequency evidence: wordfreq Zipf 4.24
Frequency source: wordfreq Urdu multi-corpus ranking

Semantic verification: direct dictionary sense corroborated — Kaikki+ReadUrdu

Sources:
- wordfreq Urdu — Unicode multi-corpus frequency ordering
- Kaikki/Wiktextract — bilingual lexicographic evidence
- ReadUrdu — independent Urdu-English bilingual evidence
- word2word — independent corpus-derived bilingual evidence"
ٹینک,"Rank: 2443

Meaning: tank

Frequency evidence: wordfreq Zipf 4.24
Frequency source: wordfreq Urdu multi-corpus ranking

Semantic verification: direct dictionary sense corroborated — Kaikki+ReadUrdu+word2word

Sources:
- wordfreq Urdu — Unicode multi-corpus frequency ordering
- Kaikki/Wiktextract — bilingual lexicographic evidence
- ReadUrdu — independent Urdu-English bilingual evidence
- word2word — independent corpus-derived bilingual evidence"
پادری,"Rank: 2444

Meaning: Christian priest; a missionary

Frequency evidence: wordfreq Zipf 4.24
Frequency source: wordfreq Urdu multi-corpus ranking

Semantic verification: direct dictionary sense corroborated — Kaikki+ReadUrdu

Sources:
- wordfreq Urdu — Unicode multi-corpus frequency ordering
- Kaikki/Wiktextract — bilingual lexicographic evidence
- ReadUrdu — independent Urdu-English bilingual evidence
- word2word — independent corpus-derived bilingual evidence"
چرچ,"Rank: 2445

Meaning: building of a church

Frequency evidence: wordfreq Zipf 4.24
Frequency source: wordfreq Urdu multi-corpus ranking

Semantic verification: direct dictionary sense corroborated — Kaikki+ReadUrdu

Sources:
- wordfreq Urdu — Unicode multi-corpus frequency ordering
- Kaikki/Wiktextract — bilingual lexicographic evidence
- ReadUrdu — independent Urdu-English bilingual evidence
- word2word — independent corpus-derived bilingual evidence"
چھاپہ,"Rank: 2446

Meaning: raid; stamp

Frequency evidence: wordfreq Zipf 4.24
Frequency source: wordfreq Urdu multi-corpus ranking

Semantic verification: direct dictionary sense corroborated — Kaikki+ReadUrdu+word2word

Sources:
- wordfreq Urdu — Unicode multi-corpus frequency ordering
- Kaikki/Wiktextract — bilingual lexicographic evidence
- ReadUrdu — independent Urdu-English bilingual evidence
- word2word — independent corpus-derived bilingual evidence"
گرہن,"Rank: 2447

Meaning: eclipse

Frequency evidence: wordfreq Zipf 4.24
Frequency source: wordfreq Urdu multi-corpus ranking

Semantic verification: direct dictionary sense corroborated — Kaikki+ReadUrdu

Sources:
- wordfreq Urdu — Unicode multi-corpus frequency ordering
- Kaikki/Wiktextract — bilingual lexicographic evidence
- ReadUrdu — independent Urdu-English bilingual evidence
- word2word — independent corpus-derived bilingual evidence"
گزارش,"Rank: 2448

Meaning: request

Frequency evidence: wordfreq Zipf 4.24
Frequency source: wordfreq Urdu multi-corpus ranking

Semantic verification: direct dictionary sense corroborated — Kaikki+ReadUrdu

Sources:
- wordfreq Urdu — Unicode multi-corpus frequency ordering
- Kaikki/Wiktextract — bilingual lexicographic evidence
- ReadUrdu — independent Urdu-English bilingual evidence
- word2word — independent corpus-derived bilingual evidence"
ہلا,"Rank: 2449

Meaning: shake; The earth

Frequency evidence: wordfreq Zipf 4.24
Frequency source: wordfreq Urdu multi-corpus ranking

Semantic verification: direct dictionary sense corroborated — ReadUrdu+word2word

Sources:
- wordfreq Urdu — Unicode multi-corpus frequency ordering
- Kaikki/Wiktextract — bilingual lexicographic evidence
- ReadUrdu — independent Urdu-English bilingual evidence
- word2word — independent corpus-derived bilingual evidence"
یتیم,"Rank: 2450

Meaning: orphan

Frequency evidence: wordfreq Zipf 4.24
Frequency source: wordfreq Urdu multi-corpus ranking

Semantic verification: direct dictionary sense corroborated — Kaikki+ReadUrdu+word2word

Sources:
- wordfreq Urdu — Unicode multi-corpus frequency ordering
- Kaikki/Wiktextract — bilingual lexicographic evidence
- ReadUrdu — independent Urdu-English bilingual evidence
- word2word — independent corpus-derived bilingual evidence"
بحرین,"Rank: 2451

Meaning: Bahrain

Frequency evidence: wordfreq Zipf 4.23
Frequency source: wordfreq Urdu multi-corpus ranking

Semantic verification: direct dictionary sense corroborated — Kaikki+ReadUrdu

Sources:
- wordfreq Urdu — Unicode multi-corpus frequency ordering
- Kaikki/Wiktextract — bilingual lexicographic evidence
- ReadUrdu — independent Urdu-English bilingual evidence
- word2word — independent corpus-derived bilingual evidence"
بیچنے,"Rank: 2452

Meaning: sell

Frequency evidence: wordfreq Zipf 4.23
Frequency source: wordfreq Urdu multi-corpus ranking

Semantic verification: direct dictionary sense corroborated — ReadUrdu+word2word

Sources:
- wordfreq Urdu — Unicode multi-corpus frequency ordering
- Kaikki/Wiktextract — bilingual lexicographic evidence
- ReadUrdu — independent Urdu-English bilingual evidence
- word2word — independent corpus-derived bilingual evidence"
تہائی,"Rank: 2453

Meaning: third

Frequency evidence: wordfreq Zipf 4.23
Frequency source: wordfreq Urdu multi-corpus ranking

Semantic verification: direct dictionary sense corroborated — Kaikki+ReadUrdu+word2word

Sources:
- wordfreq Urdu — Unicode multi-corpus frequency ordering
- Kaikki/Wiktextract — bilingual lexicographic evidence
- ReadUrdu — independent Urdu-English bilingual evidence
- word2word — independent corpus-derived bilingual evidence"
جزیرہ,"Rank: 2454

Meaning: island

Frequency evidence: wordfreq Zipf 4.23
Frequency source: wordfreq Urdu multi-corpus ranking

Semantic verification: direct dictionary sense corroborated — Kaikki+ReadUrdu+word2word

Sources:
- wordfreq Urdu — Unicode multi-corpus frequency ordering
- Kaikki/Wiktextract — bilingual lexicographic evidence
- ReadUrdu — independent Urdu-English bilingual evidence
- word2word — independent corpus-derived bilingual evidence"
جھلک,"Rank: 2455

Meaning: glimpse

Frequency evidence: wordfreq Zipf 4.23
Frequency source: wordfreq Urdu multi-corpus ranking

Semantic verification: direct dictionary sense corroborated — ReadUrdu+word2word

Sources:
- wordfreq Urdu — Unicode multi-corpus frequency ordering
- Kaikki/Wiktextract — bilingual lexicographic evidence
- ReadUrdu — independent Urdu-English bilingual evidence
- word2word — independent corpus-derived bilingual evidence"
خارجی,"Rank: 2456

Meaning: foreign; external

Frequency evidence: wordfreq Zipf 4.23
Frequency source: wordfreq Urdu multi-corpus ranking

Semantic verification: direct dictionary sense corroborated — Kaikki+ReadUrdu

Sources:
- wordfreq Urdu — Unicode multi-corpus frequency ordering
- Kaikki/Wiktextract — bilingual lexicographic evidence
- ReadUrdu — independent Urdu-English bilingual evidence
- word2word — independent corpus-derived bilingual evidence"
سرگرمی,"Rank: 2457

Meaning: activity; hobby

Frequency evidence: wordfreq Zipf 4.23
Frequency source: wordfreq Urdu multi-corpus ranking

Semantic verification: direct dictionary sense corroborated — Kaikki+ReadUrdu+word2word

Sources:
- wordfreq Urdu — Unicode multi-corpus frequency ordering
- Kaikki/Wiktextract — bilingual lexicographic evidence
- ReadUrdu — independent Urdu-English bilingual evidence
- word2word — independent corpus-derived bilingual evidence"
سنتا,"Rank: 2458

Meaning: to hear; listen

Frequency evidence: wordfreq Zipf 4.23
Frequency source: wordfreq Urdu multi-corpus ranking

Semantic verification: direct dictionary sense corroborated — ReadUrdu+word2word

Sources:
- wordfreq Urdu — Unicode multi-corpus frequency ordering
- Kaikki/Wiktextract — bilingual lexicographic evidence
- ReadUrdu — independent Urdu-English bilingual evidence
- word2word — independent corpus-derived bilingual evidence"
سپاہ,"Rank: 2459

Meaning: army

Frequency evidence: wordfreq Zipf 4.23
Frequency source: wordfreq Urdu multi-corpus ranking

Semantic verification: direct dictionary sense corroborated — Kaikki+ReadUrdu

Sources:
- wordfreq Urdu — Unicode multi-corpus frequency ordering
- Kaikki/Wiktextract — bilingual lexicographic evidence
- ReadUrdu — independent Urdu-English bilingual evidence
- word2word — independent corpus-derived bilingual evidence"
لہو,"Rank: 2460

Meaning: blood

Frequency evidence: wordfreq Zipf 4.23
Frequency source: wordfreq Urdu multi-corpus ranking

Semantic verification: direct dictionary sense corroborated — Kaikki+ReadUrdu

Sources:
- wordfreq Urdu — Unicode multi-corpus frequency ordering
- Kaikki/Wiktextract — bilingual lexicographic evidence
- ReadUrdu — independent Urdu-English bilingual evidence
- word2word — independent corpus-derived bilingual evidence"
مسکراہٹ,"Rank: 2461

Meaning: a smile; grin

Frequency evidence: wordfreq Zipf 4.23
Frequency source: wordfreq Urdu multi-corpus ranking

Semantic verification: direct dictionary sense corroborated — Kaikki+ReadUrdu+word2word

Sources:
- wordfreq Urdu — Unicode multi-corpus frequency ordering
- Kaikki/Wiktextract — bilingual lexicographic evidence
- ReadUrdu — independent Urdu-English bilingual evidence
- word2word — independent corpus-derived bilingual evidence"
مولا,"Rank: 2462

Meaning: God; lord

Frequency evidence: wordfreq Zipf 4.23
Frequency source: wordfreq Urdu multi-corpus ranking

Semantic verification: direct dictionary sense corroborated — Kaikki+ReadUrdu

Sources:
- wordfreq Urdu — Unicode multi-corpus frequency ordering
- Kaikki/Wiktextract — bilingual lexicographic evidence
- ReadUrdu — independent Urdu-English bilingual evidence
- word2word — independent corpus-derived bilingual evidence"
میلہ,"Rank: 2463

Meaning: fair

Frequency evidence: wordfreq Zipf 4.23
Frequency source: wordfreq Urdu multi-corpus ranking

Semantic verification: direct dictionary sense corroborated — ReadUrdu+word2word

Sources:
- wordfreq Urdu — Unicode multi-corpus frequency ordering
- Kaikki/Wiktextract — bilingual lexicographic evidence
- ReadUrdu — independent Urdu-English bilingual evidence
- word2word — independent corpus-derived bilingual evidence"
نانا,"Rank: 2464

Meaning: maternal grandfather

Frequency evidence: wordfreq Zipf 4.23
Frequency source: wordfreq Urdu multi-corpus ranking

Semantic verification: direct dictionary sense corroborated — Kaikki+ReadUrdu

Sources:
- wordfreq Urdu — Unicode multi-corpus frequency ordering
- Kaikki/Wiktextract — bilingual lexicographic evidence
- ReadUrdu — independent Urdu-English bilingual evidence
- word2word — independent corpus-derived bilingual evidence"
نسبتا,"Rank: 2465

Meaning: relatively; comparatively

Frequency evidence: wordfreq Zipf 4.23
Frequency source: wordfreq Urdu multi-corpus ranking

Semantic verification: direct dictionary sense corroborated — Kaikki+ReadUrdu

Sources:
- wordfreq Urdu — Unicode multi-corpus frequency ordering
- Kaikki/Wiktextract — bilingual lexicographic evidence
- ReadUrdu — independent Urdu-English bilingual evidence
- word2word — independent corpus-derived bilingual evidence"
نوے,"Rank: 2466

Meaning: ninety

Frequency evidence: wordfreq Zipf 4.23
Frequency source: wordfreq Urdu multi-corpus ranking

Semantic verification: direct dictionary sense corroborated — Kaikki+ReadUrdu+word2word

Sources:
- wordfreq Urdu — Unicode multi-corpus frequency ordering
- Kaikki/Wiktextract — bilingual lexicographic evidence
- ReadUrdu — independent Urdu-English bilingual evidence
- word2word — independent corpus-derived bilingual evidence"
پولس,"Rank: 2467

Meaning: Paul; police

Frequency evidence: wordfreq Zipf 4.23
Frequency source: wordfreq Urdu multi-corpus ranking

Semantic verification: direct dictionary sense corroborated — Kaikki+ReadUrdu+word2word

Sources:
- wordfreq Urdu — Unicode multi-corpus frequency ordering
- Kaikki/Wiktextract — bilingual lexicographic evidence
- ReadUrdu — independent Urdu-English bilingual evidence
- word2word — independent corpus-derived bilingual evidence"
چشمہ,"Rank: 2468

Meaning: glasses; a fountain

Frequency evidence: wordfreq Zipf 4.23
Frequency source: wordfreq Urdu multi-corpus ranking

Semantic verification: direct dictionary sense corroborated — Kaikki+ReadUrdu

Sources:
- wordfreq Urdu — Unicode multi-corpus frequency ordering
- Kaikki/Wiktextract — bilingual lexicographic evidence
- ReadUrdu — independent Urdu-English bilingual evidence
- word2word — independent corpus-derived bilingual evidence"
کویت,"Rank: 2469

Meaning: Kuwait

Frequency evidence: wordfreq Zipf 4.23
Frequency source: wordfreq Urdu multi-corpus ranking

Semantic verification: direct dictionary sense corroborated — Kaikki+ReadUrdu+word2word

Sources:
- wordfreq Urdu — Unicode multi-corpus frequency ordering
- Kaikki/Wiktextract — bilingual lexicographic evidence
- ReadUrdu — independent Urdu-English bilingual evidence
- word2word — independent corpus-derived bilingual evidence"
آلو,"Rank: 2470

Meaning: potato; having a fat body

Frequency evidence: wordfreq Zipf 4.22
Frequency source: wordfreq Urdu multi-corpus ranking

Semantic verification: direct dictionary sense corroborated — Kaikki+ReadUrdu+word2word

Sources:
- wordfreq Urdu — Unicode multi-corpus frequency ordering
- Kaikki/Wiktextract — bilingual lexicographic evidence
- ReadUrdu — independent Urdu-English bilingual evidence
- word2word — independent corpus-derived bilingual evidence"
آمریت,"Rank: 2471

Meaning: dictatorship

Frequency evidence: wordfreq Zipf 4.22
Frequency source: wordfreq Urdu multi-corpus ranking

Semantic verification: direct dictionary sense corroborated — Kaikki+ReadUrdu

Sources:
- wordfreq Urdu — Unicode multi-corpus frequency ordering
- Kaikki/Wiktextract — bilingual lexicographic evidence
- ReadUrdu — independent Urdu-English bilingual evidence
- word2word — independent corpus-derived bilingual evidence"
آہ,"Rank: 2472

Meaning: ah; oh

Frequency evidence: wordfreq Zipf 4.22
Frequency source: wordfreq Urdu multi-corpus ranking

Semantic verification: direct dictionary sense corroborated — Kaikki+ReadUrdu+word2word

Sources:
- wordfreq Urdu — Unicode multi-corpus frequency ordering
- Kaikki/Wiktextract — bilingual lexicographic evidence
- ReadUrdu — independent Urdu-English bilingual evidence
- word2word — independent corpus-derived bilingual evidence"
اکیلا,"Rank: 2473

Meaning: alone

Frequency evidence: wordfreq Zipf 4.22
Frequency source: wordfreq Urdu multi-corpus ranking

Semantic verification: direct dictionary sense corroborated — Kaikki+ReadUrdu+word2word

Sources:
- wordfreq Urdu — Unicode multi-corpus frequency ordering
- Kaikki/Wiktextract — bilingual lexicographic evidence
- ReadUrdu — independent Urdu-English bilingual evidence
- word2word — independent corpus-derived bilingual evidence"
بابو,"Rank: 2474

Meaning: sir; father

Frequency evidence: wordfreq Zipf 4.22
Frequency source: wordfreq Urdu multi-corpus ranking

Semantic verification: direct dictionary sense corroborated — Kaikki+ReadUrdu

Sources:
- wordfreq Urdu — Unicode multi-corpus frequency ordering
- Kaikki/Wiktextract — bilingual lexicographic evidence
- ReadUrdu — independent Urdu-English bilingual evidence
- word2word — independent corpus-derived bilingual evidence"
برازیل,"Rank: 2475

Meaning: Brazil

Frequency evidence: wordfreq Zipf 4.22
Frequency source: wordfreq Urdu multi-corpus ranking

Semantic verification: direct dictionary sense corroborated — Kaikki+ReadUrdu+word2word

Sources:
- wordfreq Urdu — Unicode multi-corpus frequency ordering
- Kaikki/Wiktextract — bilingual lexicographic evidence
- ReadUrdu — independent Urdu-English bilingual evidence
- word2word — independent corpus-derived bilingual evidence"
بقا,"Rank: 2476

Meaning: survival; continuation

Frequency evidence: wordfreq Zipf 4.22
Frequency source: wordfreq Urdu multi-corpus ranking

Semantic verification: direct dictionary sense corroborated — Kaikki+ReadUrdu+word2word

Sources:
- wordfreq Urdu — Unicode multi-corpus frequency ordering
- Kaikki/Wiktextract — bilingual lexicographic evidence
- ReadUrdu — independent Urdu-English bilingual evidence
- word2word — independent corpus-derived bilingual evidence"
جلوہ,"Rank: 2477

Meaning: manifestation; splendor

Frequency evidence: wordfreq Zipf 4.22
Frequency source: wordfreq Urdu multi-corpus ranking

Semantic verification: direct dictionary sense corroborated — Kaikki+ReadUrdu

Sources:
- wordfreq Urdu — Unicode multi-corpus frequency ordering
- Kaikki/Wiktextract — bilingual lexicographic evidence
- ReadUrdu — independent Urdu-English bilingual evidence
- word2word — independent corpus-derived bilingual evidence"
جوڑا,"Rank: 2478

Meaning: pair

Frequency evidence: wordfreq Zipf 4.22
Frequency source: wordfreq Urdu multi-corpus ranking

Semantic verification: direct dictionary sense corroborated — ReadUrdu+word2word

Sources:
- wordfreq Urdu — Unicode multi-corpus frequency ordering
- Kaikki/Wiktextract — bilingual lexicographic evidence
- ReadUrdu — independent Urdu-English bilingual evidence
- word2word — independent corpus-derived bilingual evidence"
دلہن,"Rank: 2479

Meaning: bride

Frequency evidence: wordfreq Zipf 4.22
Frequency source: wordfreq Urdu multi-corpus ranking

Semantic verification: direct dictionary sense corroborated — ReadUrdu+word2word

Sources:
- wordfreq Urdu — Unicode multi-corpus frequency ordering
- Kaikki/Wiktextract — bilingual lexicographic evidence
- ReadUrdu — independent Urdu-English bilingual evidence
- word2word — independent corpus-derived bilingual evidence"
دیوبندی,"Rank: 2480

Meaning: Deobandi

Frequency evidence: wordfreq Zipf 4.22
Frequency source: wordfreq Urdu multi-corpus ranking

Semantic verification: direct dictionary sense corroborated — Kaikki+ReadUrdu

Sources:
- wordfreq Urdu — Unicode multi-corpus frequency ordering
- Kaikki/Wiktextract — bilingual lexicographic evidence
- ReadUrdu — independent Urdu-English bilingual evidence
- word2word — independent corpus-derived bilingual evidence"
رگ,"Rank: 2481

Meaning: a vein; An artery

Frequency evidence: wordfreq Zipf 4.22
Frequency source: wordfreq Urdu multi-corpus ranking

Semantic verification: direct dictionary sense corroborated — ReadUrdu+word2word

Sources:
- wordfreq Urdu — Unicode multi-corpus frequency ordering
- Kaikki/Wiktextract — bilingual lexicographic evidence
- ReadUrdu — independent Urdu-English bilingual evidence
- word2word — independent corpus-derived bilingual evidence"
رہبر,"Rank: 2482

Meaning: leader; guide

Frequency evidence: wordfreq Zipf 4.22
Frequency source: wordfreq Urdu multi-corpus ranking

Semantic verification: direct dictionary sense corroborated — Kaikki+ReadUrdu

Sources:
- wordfreq Urdu — Unicode multi-corpus frequency ordering
- Kaikki/Wiktextract — bilingual lexicographic evidence
- ReadUrdu — independent Urdu-English bilingual evidence
- word2word — independent corpus-derived bilingual evidence"
سنے,"Rank: 2483

Meaning: listens

Frequency evidence: wordfreq Zipf 4.22
Frequency source: wordfreq Urdu multi-corpus ranking

Semantic verification: direct dictionary sense corroborated — ReadUrdu+word2word

Sources:
- wordfreq Urdu — Unicode multi-corpus frequency ordering
- Kaikki/Wiktextract — bilingual lexicographic evidence
- ReadUrdu — independent Urdu-English bilingual evidence
- word2word — independent corpus-derived bilingual evidence"
شاہین,"Rank: 2484

Meaning: falcon

Frequency evidence: wordfreq Zipf 4.22
Frequency source: wordfreq Urdu multi-corpus ranking

Semantic verification: direct dictionary sense corroborated — Kaikki+ReadUrdu

Sources:
- wordfreq Urdu — Unicode multi-corpus frequency ordering
- Kaikki/Wiktextract — bilingual lexicographic evidence
- ReadUrdu — independent Urdu-English bilingual evidence
- word2word — independent corpus-derived bilingual evidence"
عثمانی,"Rank: 2485

Meaning: Ottoman; a surname

Frequency evidence: wordfreq Zipf 4.22
Frequency source: wordfreq Urdu multi-corpus ranking

Semantic verification: direct dictionary sense corroborated — Kaikki+ReadUrdu

Sources:
- wordfreq Urdu — Unicode multi-corpus frequency ordering
- Kaikki/Wiktextract — bilingual lexicographic evidence
- ReadUrdu — independent Urdu-English bilingual evidence
- word2word — independent corpus-derived bilingual evidence"
عیب,"Rank: 2486

Meaning: fault; imperfection

Frequency evidence: wordfreq Zipf 4.22
Frequency source: wordfreq Urdu multi-corpus ranking

Semantic verification: direct dictionary sense corroborated — Kaikki+ReadUrdu

Sources:
- wordfreq Urdu — Unicode multi-corpus frequency ordering
- Kaikki/Wiktextract — bilingual lexicographic evidence
- ReadUrdu — independent Urdu-English bilingual evidence
- word2word — independent corpus-derived bilingual evidence"
قابلیت,"Rank: 2487

Meaning: ability; capability

Frequency evidence: wordfreq Zipf 4.22
Frequency source: wordfreq Urdu multi-corpus ranking

Semantic verification: direct dictionary sense corroborated — Kaikki+ReadUrdu

Sources:
- wordfreq Urdu — Unicode multi-corpus frequency ordering
- Kaikki/Wiktextract — bilingual lexicographic evidence
- ReadUrdu — independent Urdu-English bilingual evidence
- word2word — independent corpus-derived bilingual evidence"
نشریات,"Rank: 2488

Meaning: broadcasting

Frequency evidence: wordfreq Zipf 4.22
Frequency source: wordfreq Urdu multi-corpus ranking

Semantic verification: direct dictionary sense corroborated — Kaikki+ReadUrdu

Sources:
- wordfreq Urdu — Unicode multi-corpus frequency ordering
- Kaikki/Wiktextract — bilingual lexicographic evidence
- ReadUrdu — independent Urdu-English bilingual evidence
- word2word — independent corpus-derived bilingual evidence"
نظامی,"Rank: 2489

Meaning: Nizami Ganjawi

Frequency evidence: wordfreq Zipf 4.22
Frequency source: wordfreq Urdu multi-corpus ranking

Semantic verification: direct dictionary sense corroborated — Kaikki+ReadUrdu

Sources:
- wordfreq Urdu — Unicode multi-corpus frequency ordering
- Kaikki/Wiktextract — bilingual lexicographic evidence
- ReadUrdu — independent Urdu-English bilingual evidence
- word2word — independent corpus-derived bilingual evidence"
وراثت,"Rank: 2490

Meaning: heritage; inheritance

Frequency evidence: wordfreq Zipf 4.22
Frequency source: wordfreq Urdu multi-corpus ranking

Semantic verification: direct dictionary sense corroborated — Kaikki+ReadUrdu

Sources:
- wordfreq Urdu — Unicode multi-corpus frequency ordering
- Kaikki/Wiktextract — bilingual lexicographic evidence
- ReadUrdu — independent Urdu-English bilingual evidence
- word2word — independent corpus-derived bilingual evidence"
ٹوپی,"Rank: 2491

Meaning: hat; royal crown

Frequency evidence: wordfreq Zipf 4.22
Frequency source: wordfreq Urdu multi-corpus ranking

Semantic verification: direct dictionary sense corroborated — Kaikki+ReadUrdu+word2word

Sources:
- wordfreq Urdu — Unicode multi-corpus frequency ordering
- Kaikki/Wiktextract — bilingual lexicographic evidence
- ReadUrdu — independent Urdu-English bilingual evidence
- word2word — independent corpus-derived bilingual evidence"
ٹیچر,"Rank: 2492

Meaning: teacher

Frequency evidence: wordfreq Zipf 4.22
Frequency source: wordfreq Urdu multi-corpus ranking

Semantic verification: direct dictionary sense corroborated — Kaikki+ReadUrdu+word2word

Sources:
- wordfreq Urdu — Unicode multi-corpus frequency ordering
- Kaikki/Wiktextract — bilingual lexicographic evidence
- ReadUrdu — independent Urdu-English bilingual evidence
- word2word — independent corpus-derived bilingual evidence"
پڑوسی,"Rank: 2493

Meaning: neighbour

Frequency evidence: wordfreq Zipf 4.22
Frequency source: wordfreq Urdu multi-corpus ranking

Semantic verification: direct dictionary sense corroborated — Kaikki+ReadUrdu

Sources:
- wordfreq Urdu — Unicode multi-corpus frequency ordering
- Kaikki/Wiktextract — bilingual lexicographic evidence
- ReadUrdu — independent Urdu-English bilingual evidence
- word2word — independent corpus-derived bilingual evidence"
پیدل,"Rank: 2494

Meaning: & Walking

Frequency evidence: wordfreq Zipf 4.22
Frequency source: wordfreq Urdu multi-corpus ranking

Semantic verification: direct dictionary sense corroborated — ReadUrdu+word2word

Sources:
- wordfreq Urdu — Unicode multi-corpus frequency ordering
- Kaikki/Wiktextract — bilingual lexicographic evidence
- ReadUrdu — independent Urdu-English bilingual evidence
- word2word — independent corpus-derived bilingual evidence"
چوتھا,"Rank: 2495

Meaning: fourth

Frequency evidence: wordfreq Zipf 4.22
Frequency source: wordfreq Urdu multi-corpus ranking

Semantic verification: direct dictionary sense corroborated — Kaikki+ReadUrdu

Sources:
- wordfreq Urdu — Unicode multi-corpus frequency ordering
- Kaikki/Wiktextract — bilingual lexicographic evidence
- ReadUrdu — independent Urdu-English bilingual evidence
- word2word — independent corpus-derived bilingual evidence"
گونج,"Rank: 2496

Meaning: echo; resonance

Frequency evidence: wordfreq Zipf 4.22
Frequency source: wordfreq Urdu multi-corpus ranking

Semantic verification: direct dictionary sense corroborated — Kaikki+ReadUrdu

Sources:
- wordfreq Urdu — Unicode multi-corpus frequency ordering
- Kaikki/Wiktextract — bilingual lexicographic evidence
- ReadUrdu — independent Urdu-English bilingual evidence
- word2word — independent corpus-derived bilingual evidence"
آرزو,"Rank: 2497

Meaning: wish; desire

Frequency evidence: wordfreq Zipf 4.21
Frequency source: wordfreq Urdu multi-corpus ranking

Semantic verification: direct dictionary sense corroborated — Kaikki+ReadUrdu

Sources:
- wordfreq Urdu — Unicode multi-corpus frequency ordering
- Kaikki/Wiktextract — bilingual lexicographic evidence
- ReadUrdu — independent Urdu-English bilingual evidence
- word2word — independent corpus-derived bilingual evidence"
اذان,"Rank: 2498

Meaning: call to prayer; adhan

Frequency evidence: wordfreq Zipf 4.21
Frequency source: wordfreq Urdu multi-corpus ranking

Semantic verification: direct dictionary sense corroborated — Kaikki+ReadUrdu

Sources:
- wordfreq Urdu — Unicode multi-corpus frequency ordering
- Kaikki/Wiktextract — bilingual lexicographic evidence
- ReadUrdu — independent Urdu-English bilingual evidence
- word2word — independent corpus-derived bilingual evidence"
اٹک,"Rank: 2499

Meaning: doubt; obstacle

Frequency evidence: wordfreq Zipf 4.21
Frequency source: wordfreq Urdu multi-corpus ranking

Semantic verification: direct dictionary sense corroborated — Kaikki+ReadUrdu

Sources:
- wordfreq Urdu — Unicode multi-corpus frequency ordering
- Kaikki/Wiktextract — bilingual lexicographic evidence
- ReadUrdu — independent Urdu-English bilingual evidence
- word2word — independent corpus-derived bilingual evidence"
اڑ,"Rank: 2500

Meaning: fly

Frequency evidence: wordfreq Zipf 4.21
Frequency source: wordfreq Urdu multi-corpus ranking

Semantic verification: direct dictionary sense corroborated — ReadUrdu+word2word

Sources:
- wordfreq Urdu — Unicode multi-corpus frequency ordering
- Kaikki/Wiktextract — bilingual lexicographic evidence
- ReadUrdu — independent Urdu-English bilingual evidence
- word2word — independent corpus-derived bilingual evidence"
بالغ,"Rank: 2501

Meaning: adult

Frequency evidence: wordfreq Zipf 4.21
Frequency source: wordfreq Urdu multi-corpus ranking

Semantic verification: direct dictionary sense corroborated — Kaikki+ReadUrdu+word2word

Sources:
- wordfreq Urdu — Unicode multi-corpus frequency ordering
- Kaikki/Wiktextract — bilingual lexicographic evidence
- ReadUrdu — independent Urdu-English bilingual evidence
- word2word — independent corpus-derived bilingual evidence"
بمقابلہ,"Rank: 2502

Meaning: in opposition to; versus

Frequency evidence: wordfreq Zipf 4.21
Frequency source: wordfreq Urdu multi-corpus ranking

Semantic verification: direct dictionary sense corroborated — Kaikki+ReadUrdu

Sources:
- wordfreq Urdu — Unicode multi-corpus frequency ordering
- Kaikki/Wiktextract — bilingual lexicographic evidence
- ReadUrdu — independent Urdu-English bilingual evidence
- word2word — independent corpus-derived bilingual evidence"
بوتل,"Rank: 2503

Meaning: bottle

Frequency evidence: wordfreq Zipf 4.21
Frequency source: wordfreq Urdu multi-corpus ranking

Semantic verification: direct dictionary sense corroborated — Kaikki+ReadUrdu+word2word

Sources:
- wordfreq Urdu — Unicode multi-corpus frequency ordering
- Kaikki/Wiktextract — bilingual lexicographic evidence
- ReadUrdu — independent Urdu-English bilingual evidence
- word2word — independent corpus-derived bilingual evidence"
ثانیہ,"Rank: 2504

Meaning: second; moment

Frequency evidence: wordfreq Zipf 4.21
Frequency source: wordfreq Urdu multi-corpus ranking

Semantic verification: direct dictionary sense corroborated — Kaikki+ReadUrdu

Sources:
- wordfreq Urdu — Unicode multi-corpus frequency ordering
- Kaikki/Wiktextract — bilingual lexicographic evidence
- ReadUrdu — independent Urdu-English bilingual evidence
- word2word — independent corpus-derived bilingual evidence"
داماد,"Rank: 2505

Meaning: son-in-law; bridegroom

Frequency evidence: wordfreq Zipf 4.21
Frequency source: wordfreq Urdu multi-corpus ranking

Semantic verification: direct dictionary sense corroborated — Kaikki+ReadUrdu

Sources:
- wordfreq Urdu — Unicode multi-corpus frequency ordering
- Kaikki/Wiktextract — bilingual lexicographic evidence
- ReadUrdu — independent Urdu-English bilingual evidence
- word2word — independent corpus-derived bilingual evidence"
راکٹ,"Rank: 2506

Meaning: rocket

Frequency evidence: wordfreq Zipf 4.21
Frequency source: wordfreq Urdu multi-corpus ranking

Semantic verification: direct dictionary sense corroborated — Kaikki+ReadUrdu

Sources:
- wordfreq Urdu — Unicode multi-corpus frequency ordering
- Kaikki/Wiktextract — bilingual lexicographic evidence
- ReadUrdu — independent Urdu-English bilingual evidence
- word2word — independent corpus-derived bilingual evidence"
رونا,"Rank: 2507

Meaning: to cry; weep

Frequency evidence: wordfreq Zipf 4.21
Frequency source: wordfreq Urdu multi-corpus ranking

Semantic verification: direct dictionary sense corroborated — Kaikki+ReadUrdu+word2word

Sources:
- wordfreq Urdu — Unicode multi-corpus frequency ordering
- Kaikki/Wiktextract — bilingual lexicographic evidence
- ReadUrdu — independent Urdu-English bilingual evidence
- word2word — independent corpus-derived bilingual evidence"
ساحلی,"Rank: 2508

Meaning: coastal

Frequency evidence: wordfreq Zipf 4.21
Frequency source: wordfreq Urdu multi-corpus ranking

Semantic verification: direct dictionary sense corroborated — Kaikki+ReadUrdu

Sources:
- wordfreq Urdu — Unicode multi-corpus frequency ordering
- Kaikki/Wiktextract — bilingual lexicographic evidence
- ReadUrdu — independent Urdu-English bilingual evidence
- word2word — independent corpus-derived bilingual evidence"
سبزی,"Rank: 2509

Meaning: vegetable; verdure

Frequency evidence: wordfreq Zipf 4.21
Frequency source: wordfreq Urdu multi-corpus ranking

Semantic verification: direct dictionary sense corroborated — Kaikki+ReadUrdu

Sources:
- wordfreq Urdu — Unicode multi-corpus frequency ordering
- Kaikki/Wiktextract — bilingual lexicographic evidence
- ReadUrdu — independent Urdu-English bilingual evidence
- word2word — independent corpus-derived bilingual evidence"
سکھر,"Rank: 2510

Meaning: Sukkur

Frequency evidence: wordfreq Zipf 4.21
Frequency source: wordfreq Urdu multi-corpus ranking

Semantic verification: direct dictionary sense corroborated — Kaikki+ReadUrdu

Sources:
- wordfreq Urdu — Unicode multi-corpus frequency ordering
- Kaikki/Wiktextract — bilingual lexicographic evidence
- ReadUrdu — independent Urdu-English bilingual evidence
- word2word — independent corpus-derived bilingual evidence"
شاد,"Rank: 2511

Meaning: happy; glad

Frequency evidence: wordfreq Zipf 4.21
Frequency source: wordfreq Urdu multi-corpus ranking

Semantic verification: direct dictionary sense corroborated — Kaikki+ReadUrdu

Sources:
- wordfreq Urdu — Unicode multi-corpus frequency ordering
- Kaikki/Wiktextract — bilingual lexicographic evidence
- ReadUrdu — independent Urdu-English bilingual evidence
- word2word — independent corpus-derived bilingual evidence"
شرمناک,"Rank: 2512

Meaning: shameful

Frequency evidence: wordfreq Zipf 4.21
Frequency source: wordfreq Urdu multi-corpus ranking

Semantic verification: direct dictionary sense corroborated — ReadUrdu+word2word

Sources:
- wordfreq Urdu — Unicode multi-corpus frequency ordering
- Kaikki/Wiktextract — bilingual lexicographic evidence
- ReadUrdu — independent Urdu-English bilingual evidence
- word2word — independent corpus-derived bilingual evidence"
صحن,"Rank: 2513

Meaning: courtyard

Frequency evidence: wordfreq Zipf 4.21
Frequency source: wordfreq Urdu multi-corpus ranking

Semantic verification: direct dictionary sense corroborated — Kaikki+ReadUrdu

Sources:
- wordfreq Urdu — Unicode multi-corpus frequency ordering
- Kaikki/Wiktextract — bilingual lexicographic evidence
- ReadUrdu — independent Urdu-English bilingual evidence
- word2word — independent corpus-derived bilingual evidence"
غار,"Rank: 2514

Meaning: cave; pit

Frequency evidence: wordfreq Zipf 4.21
Frequency source: wordfreq Urdu multi-corpus ranking

Semantic verification: direct dictionary sense corroborated — Kaikki+ReadUrdu+word2word

Sources:
- wordfreq Urdu — Unicode multi-corpus frequency ordering
- Kaikki/Wiktextract — bilingual lexicographic evidence
- ReadUrdu — independent Urdu-English bilingual evidence
- word2word — independent corpus-derived bilingual evidence"
مٹھی,"Rank: 2515

Meaning: fist

Frequency evidence: wordfreq Zipf 4.21
Frequency source: wordfreq Urdu multi-corpus ranking

Semantic verification: direct dictionary sense corroborated — Kaikki+ReadUrdu+word2word

Sources:
- wordfreq Urdu — Unicode multi-corpus frequency ordering
- Kaikki/Wiktextract — bilingual lexicographic evidence
- ReadUrdu — independent Urdu-English bilingual evidence
- word2word — independent corpus-derived bilingual evidence"
نغمہ,"Rank: 2516

Meaning: song; musical note

Frequency evidence: wordfreq Zipf 4.21
Frequency source: wordfreq Urdu multi-corpus ranking

Semantic verification: direct dictionary sense corroborated — Kaikki+ReadUrdu

Sources:
- wordfreq Urdu — Unicode multi-corpus frequency ordering
- Kaikki/Wiktextract — bilingual lexicographic evidence
- ReadUrdu — independent Urdu-English bilingual evidence
- word2word — independent corpus-derived bilingual evidence"
نیپال,"Rank: 2517

Meaning: Nepal

Frequency evidence: wordfreq Zipf 4.21
Frequency source: wordfreq Urdu multi-corpus ranking

Semantic verification: direct dictionary sense corroborated — Kaikki+ReadUrdu

Sources:
- wordfreq Urdu — Unicode multi-corpus frequency ordering
- Kaikki/Wiktextract — bilingual lexicographic evidence
- ReadUrdu — independent Urdu-English bilingual evidence
- word2word — independent corpus-derived bilingual evidence"
ٹھنڈا,"Rank: 2518

Meaning: cold; apathetic

Frequency evidence: wordfreq Zipf 4.21
Frequency source: wordfreq Urdu multi-corpus ranking

Semantic verification: direct dictionary sense corroborated — Kaikki+ReadUrdu

Sources:
- wordfreq Urdu — Unicode multi-corpus frequency ordering
- Kaikki/Wiktextract — bilingual lexicographic evidence
- ReadUrdu — independent Urdu-English bilingual evidence
- word2word — independent corpus-derived bilingual evidence"
پکا,"Rank: 2519

Meaning: ripe; sure

Frequency evidence: wordfreq Zipf 4.21
Frequency source: wordfreq Urdu multi-corpus ranking

Semantic verification: direct dictionary sense corroborated — Kaikki+ReadUrdu+word2word

Sources:
- wordfreq Urdu — Unicode multi-corpus frequency ordering
- Kaikki/Wiktextract — bilingual lexicographic evidence
- ReadUrdu — independent Urdu-English bilingual evidence
- word2word — independent corpus-derived bilingual evidence"
چندر,"Rank: 2520

Meaning: moon

Frequency evidence: wordfreq Zipf 4.21
Frequency source: wordfreq Urdu multi-corpus ranking

Semantic verification: direct dictionary sense corroborated — Kaikki+ReadUrdu

Sources:
- wordfreq Urdu — Unicode multi-corpus frequency ordering
- Kaikki/Wiktextract — bilingual lexicographic evidence
- ReadUrdu — independent Urdu-English bilingual evidence
- word2word — independent corpus-derived bilingual evidence"
کتا,"Rank: 2521

Meaning: dog

Frequency evidence: wordfreq Zipf 4.21
Frequency source: wordfreq Urdu multi-corpus ranking

Semantic verification: direct dictionary sense corroborated — Kaikki+ReadUrdu+word2word

Sources:
- wordfreq Urdu — Unicode multi-corpus frequency ordering
- Kaikki/Wiktextract — bilingual lexicographic evidence
- ReadUrdu — independent Urdu-English bilingual evidence
- word2word — independent corpus-derived bilingual evidence"
ہرا,"Rank: 2522

Meaning: green-colored; raw

Frequency evidence: wordfreq Zipf 4.21
Frequency source: wordfreq Urdu multi-corpus ranking

Semantic verification: direct dictionary sense corroborated — Kaikki+ReadUrdu

Sources:
- wordfreq Urdu — Unicode multi-corpus frequency ordering
- Kaikki/Wiktextract — bilingual lexicographic evidence
- ReadUrdu — independent Urdu-English bilingual evidence
- word2word — independent corpus-derived bilingual evidence"
ہل,"Rank: 2523

Meaning: plough

Frequency evidence: wordfreq Zipf 4.21
Frequency source: wordfreq Urdu multi-corpus ranking

Semantic verification: direct dictionary sense corroborated — Kaikki+ReadUrdu

Sources:
- wordfreq Urdu — Unicode multi-corpus frequency ordering
- Kaikki/Wiktextract — bilingual lexicographic evidence
- ReadUrdu — independent Urdu-English bilingual evidence
- word2word — independent corpus-derived bilingual evidence"
ہلال,"Rank: 2524

Meaning: crescent

Frequency evidence: wordfreq Zipf 4.21
Frequency source: wordfreq Urdu multi-corpus ranking

Semantic verification: direct dictionary sense corroborated — Kaikki+ReadUrdu

Sources:
- wordfreq Urdu — Unicode multi-corpus frequency ordering
- Kaikki/Wiktextract — bilingual lexicographic evidence
- ReadUrdu — independent Urdu-English bilingual evidence
- word2word — independent corpus-derived bilingual evidence"
ہونٹ,"Rank: 2525

Meaning: lip

Frequency evidence: wordfreq Zipf 4.21
Frequency source: wordfreq Urdu multi-corpus ranking

Semantic verification: direct dictionary sense corroborated — Kaikki+ReadUrdu+word2word

Sources:
- wordfreq Urdu — Unicode multi-corpus frequency ordering
- Kaikki/Wiktextract — bilingual lexicographic evidence
- ReadUrdu — independent Urdu-English bilingual evidence
- word2word — independent corpus-derived bilingual evidence"
ارے,"Rank: 2526

Meaning: hey; oh

Frequency evidence: wordfreq Zipf 4.20
Frequency source: wordfreq Urdu multi-corpus ranking

Semantic verification: direct dictionary sense corroborated — Kaikki+ReadUrdu+word2word

Sources:
- wordfreq Urdu — Unicode multi-corpus frequency ordering
- Kaikki/Wiktextract — bilingual lexicographic evidence
- ReadUrdu — independent Urdu-English bilingual evidence
- word2word — independent corpus-derived bilingual evidence"
املاک,"Rank: 2527

Meaning: estates

Frequency evidence: wordfreq Zipf 4.20
Frequency source: wordfreq Urdu multi-corpus ranking

Semantic verification: direct dictionary sense corroborated — ReadUrdu+word2word

Sources:
- wordfreq Urdu — Unicode multi-corpus frequency ordering
- Kaikki/Wiktextract — bilingual lexicographic evidence
- ReadUrdu — independent Urdu-English bilingual evidence
- word2word — independent corpus-derived bilingual evidence"
برسی,"Rank: 2528

Meaning: death anniversary

Frequency evidence: wordfreq Zipf 4.20
Frequency source: wordfreq Urdu multi-corpus ranking

Semantic verification: direct dictionary sense corroborated — Kaikki+ReadUrdu

Sources:
- wordfreq Urdu — Unicode multi-corpus frequency ordering
- Kaikki/Wiktextract — bilingual lexicographic evidence
- ReadUrdu — independent Urdu-English bilingual evidence
- word2word — independent corpus-derived bilingual evidence"
بھیڑ,"Rank: 2529

Meaning: crowd; sheep

Frequency evidence: wordfreq Zipf 4.20
Frequency source: wordfreq Urdu multi-corpus ranking

Semantic verification: direct dictionary sense corroborated — Kaikki+ReadUrdu+word2word

Sources:
- wordfreq Urdu — Unicode multi-corpus frequency ordering
- Kaikki/Wiktextract — bilingual lexicographic evidence
- ReadUrdu — independent Urdu-English bilingual evidence
- word2word — independent corpus-derived bilingual evidence"
بہو,"Rank: 2530

Meaning: daughter-in-law; bride

Frequency evidence: wordfreq Zipf 4.20
Frequency source: wordfreq Urdu multi-corpus ranking

Semantic verification: direct dictionary sense corroborated — Kaikki+ReadUrdu

Sources:
- wordfreq Urdu — Unicode multi-corpus frequency ordering
- Kaikki/Wiktextract — bilingual lexicographic evidence
- ReadUrdu — independent Urdu-English bilingual evidence
- word2word — independent corpus-derived bilingual evidence"
تجدید,"Rank: 2531

Meaning: renewal

Frequency evidence: wordfreq Zipf 4.20
Frequency source: wordfreq Urdu multi-corpus ranking

Semantic verification: direct dictionary sense corroborated — ReadUrdu+word2word

Sources:
- wordfreq Urdu — Unicode multi-corpus frequency ordering
- Kaikki/Wiktextract — bilingual lexicographic evidence
- ReadUrdu — independent Urdu-English bilingual evidence
- word2word — independent corpus-derived bilingual evidence"
تختہ,"Rank: 2532

Meaning: board; plot

Frequency evidence: wordfreq Zipf 4.20
Frequency source: wordfreq Urdu multi-corpus ranking

Semantic verification: direct dictionary sense corroborated — Kaikki+ReadUrdu

Sources:
- wordfreq Urdu — Unicode multi-corpus frequency ordering
- Kaikki/Wiktextract — bilingual lexicographic evidence
- ReadUrdu — independent Urdu-English bilingual evidence
- word2word — independent corpus-derived bilingual evidence"
تکبر,"Rank: 2533

Meaning: arrogance

Frequency evidence: wordfreq Zipf 4.20
Frequency source: wordfreq Urdu multi-corpus ranking

Semantic verification: direct dictionary sense corroborated — Kaikki+ReadUrdu

Sources:
- wordfreq Urdu — Unicode multi-corpus frequency ordering
- Kaikki/Wiktextract — bilingual lexicographic evidence
- ReadUrdu — independent Urdu-English bilingual evidence
- word2word — independent corpus-derived bilingual evidence"
جاسوسی,"Rank: 2534

Meaning: Spying; espionage

Frequency evidence: wordfreq Zipf 4.20
Frequency source: wordfreq Urdu multi-corpus ranking

Semantic verification: direct dictionary sense corroborated — ReadUrdu+word2word

Sources:
- wordfreq Urdu — Unicode multi-corpus frequency ordering
- Kaikki/Wiktextract — bilingual lexicographic evidence
- ReadUrdu — independent Urdu-English bilingual evidence
- word2word — independent corpus-derived bilingual evidence"
جاہل,"Rank: 2535

Meaning: ignorant; idiotic

Frequency evidence: wordfreq Zipf 4.20
Frequency source: wordfreq Urdu multi-corpus ranking

Semantic verification: direct dictionary sense corroborated — Kaikki+ReadUrdu

Sources:
- wordfreq Urdu — Unicode multi-corpus frequency ordering
- Kaikki/Wiktextract — bilingual lexicographic evidence
- ReadUrdu — independent Urdu-English bilingual evidence
- word2word — independent corpus-derived bilingual evidence"
خوفناک,"Rank: 2536

Meaning: horrible; terrifying

Frequency evidence: wordfreq Zipf 4.20
Frequency source: wordfreq Urdu multi-corpus ranking

Semantic verification: direct dictionary sense corroborated — Kaikki+ReadUrdu+word2word

Sources:
- wordfreq Urdu — Unicode multi-corpus frequency ordering
- Kaikki/Wiktextract — bilingual lexicographic evidence
- ReadUrdu — independent Urdu-English bilingual evidence
- word2word — independent corpus-derived bilingual evidence"
خیمہ,"Rank: 2537

Meaning: tent

Frequency evidence: wordfreq Zipf 4.20
Frequency source: wordfreq Urdu multi-corpus ranking

Semantic verification: direct dictionary sense corroborated — Kaikki+ReadUrdu

Sources:
- wordfreq Urdu — Unicode multi-corpus frequency ordering
- Kaikki/Wiktextract — bilingual lexicographic evidence
- ReadUrdu — independent Urdu-English bilingual evidence
- word2word — independent corpus-derived bilingual evidence"
دھواں,"Rank: 2538

Meaning: smoke

Frequency evidence: wordfreq Zipf 4.20
Frequency source: wordfreq Urdu multi-corpus ranking

Semantic verification: direct dictionary sense corroborated — Kaikki+ReadUrdu+word2word

Sources:
- wordfreq Urdu — Unicode multi-corpus frequency ordering
- Kaikki/Wiktextract — bilingual lexicographic evidence
- ReadUrdu — independent Urdu-English bilingual evidence
- word2word — independent corpus-derived bilingual evidence"
سردی,"Rank: 2539

Meaning: winter; the cold

Frequency evidence: wordfreq Zipf 4.20
Frequency source: wordfreq Urdu multi-corpus ranking

Semantic verification: direct dictionary sense corroborated — Kaikki+ReadUrdu+word2word

Sources:
- wordfreq Urdu — Unicode multi-corpus frequency ordering
- Kaikki/Wiktextract — bilingual lexicographic evidence
- ReadUrdu — independent Urdu-English bilingual evidence
- word2word — independent corpus-derived bilingual evidence"
سٹار,"Rank: 2540

Meaning: star

Frequency evidence: wordfreq Zipf 4.20
Frequency source: wordfreq Urdu multi-corpus ranking

Semantic verification: direct dictionary sense corroborated — ReadUrdu+word2word

Sources:
- wordfreq Urdu — Unicode multi-corpus frequency ordering
- Kaikki/Wiktextract — bilingual lexicographic evidence
- ReadUrdu — independent Urdu-English bilingual evidence
- word2word — independent corpus-derived bilingual evidence"
صغیر,"Rank: 2541

Meaning: small; junior

Frequency evidence: wordfreq Zipf 4.20
Frequency source: wordfreq Urdu multi-corpus ranking

Semantic verification: direct dictionary sense corroborated — Kaikki+ReadUrdu

Sources:
- wordfreq Urdu — Unicode multi-corpus frequency ordering
- Kaikki/Wiktextract — bilingual lexicographic evidence
- ReadUrdu — independent Urdu-English bilingual evidence
- word2word — independent corpus-derived bilingual evidence"
عیاں,"Rank: 2542

Meaning: obvious; clear

Frequency evidence: wordfreq Zipf 4.20
Frequency source: wordfreq Urdu multi-corpus ranking

Semantic verification: direct dictionary sense corroborated — Kaikki+ReadUrdu

Sources:
- wordfreq Urdu — Unicode multi-corpus frequency ordering
- Kaikki/Wiktextract — bilingual lexicographic evidence
- ReadUrdu — independent Urdu-English bilingual evidence
- word2word — independent corpus-derived bilingual evidence"
فراق,"Rank: 2543

Meaning: separation

Frequency evidence: wordfreq Zipf 4.20
Frequency source: wordfreq Urdu multi-corpus ranking

Semantic verification: direct dictionary sense corroborated — Kaikki+ReadUrdu

Sources:
- wordfreq Urdu — Unicode multi-corpus frequency ordering
- Kaikki/Wiktextract — bilingual lexicographic evidence
- ReadUrdu — independent Urdu-English bilingual evidence
- word2word — independent corpus-derived bilingual evidence"
فرشتہ,"Rank: 2544

Meaning: angel

Frequency evidence: wordfreq Zipf 4.20
Frequency source: wordfreq Urdu multi-corpus ranking

Semantic verification: direct dictionary sense corroborated — Kaikki+ReadUrdu+word2word

Sources:
- wordfreq Urdu — Unicode multi-corpus frequency ordering
- Kaikki/Wiktextract — bilingual lexicographic evidence
- ReadUrdu — independent Urdu-English bilingual evidence
- word2word — independent corpus-derived bilingual evidence"
لاڑکانہ,"Rank: 2545

Meaning: Larkana

Frequency evidence: wordfreq Zipf 4.20
Frequency source: wordfreq Urdu multi-corpus ranking

Semantic verification: direct dictionary sense corroborated — Kaikki+ReadUrdu

Sources:
- wordfreq Urdu — Unicode multi-corpus frequency ordering
- Kaikki/Wiktextract — bilingual lexicographic evidence
- ReadUrdu — independent Urdu-English bilingual evidence
- word2word — independent corpus-derived bilingual evidence"
لغت,"Rank: 2546

Meaning: language; dictionary

Frequency evidence: wordfreq Zipf 4.20
Frequency source: wordfreq Urdu multi-corpus ranking

Semantic verification: direct dictionary sense corroborated — Kaikki+ReadUrdu

Sources:
- wordfreq Urdu — Unicode multi-corpus frequency ordering
- Kaikki/Wiktextract — bilingual lexicographic evidence
- ReadUrdu — independent Urdu-English bilingual evidence
- word2word — independent corpus-derived bilingual evidence"
ناراضگی,"Rank: 2547

Meaning: disappointment; sadness

Frequency evidence: wordfreq Zipf 4.20
Frequency source: wordfreq Urdu multi-corpus ranking

Semantic verification: direct dictionary sense corroborated — Kaikki+ReadUrdu

Sources:
- wordfreq Urdu — Unicode multi-corpus frequency ordering
- Kaikki/Wiktextract — bilingual lexicographic evidence
- ReadUrdu — independent Urdu-English bilingual evidence
- word2word — independent corpus-derived bilingual evidence"
ندی,"Rank: 2548

Meaning: river

Frequency evidence: wordfreq Zipf 4.20
Frequency source: wordfreq Urdu multi-corpus ranking

Semantic verification: direct dictionary sense corroborated — Kaikki+ReadUrdu

Sources:
- wordfreq Urdu — Unicode multi-corpus frequency ordering
- Kaikki/Wiktextract — bilingual lexicographic evidence
- ReadUrdu — independent Urdu-English bilingual evidence
- word2word — independent corpus-derived bilingual evidence"
پنڈت,"Rank: 2549

Meaning: pundit

Frequency evidence: wordfreq Zipf 4.20
Frequency source: wordfreq Urdu multi-corpus ranking

Semantic verification: direct dictionary sense corroborated — Kaikki+ReadUrdu

Sources:
- wordfreq Urdu — Unicode multi-corpus frequency ordering
- Kaikki/Wiktextract — bilingual lexicographic evidence
- ReadUrdu — independent Urdu-English bilingual evidence
- word2word — independent corpus-derived bilingual evidence"
گھاس,"Rank: 2550

Meaning: grass; hay

Frequency evidence: wordfreq Zipf 4.20
Frequency source: wordfreq Urdu multi-corpus ranking

Semantic verification: direct dictionary sense corroborated — Kaikki+ReadUrdu+word2word

Sources:
- wordfreq Urdu — Unicode multi-corpus frequency ordering
- Kaikki/Wiktextract — bilingual lexicographic evidence
- ReadUrdu — independent Urdu-English bilingual evidence
- word2word — independent corpus-derived bilingual evidence"
اندراج,"Rank: 2551

Meaning: entry; registration

Frequency evidence: wordfreq Zipf 4.19
Frequency source: wordfreq Urdu multi-corpus ranking

Semantic verification: direct dictionary sense corroborated — Kaikki+ReadUrdu+word2word

Sources:
- wordfreq Urdu — Unicode multi-corpus frequency ordering
- Kaikki/Wiktextract — bilingual lexicographic evidence
- ReadUrdu — independent Urdu-English bilingual evidence
- word2word — independent corpus-derived bilingual evidence"
باریک,"Rank: 2552

Meaning: thin; narrow

Frequency evidence: wordfreq Zipf 4.19
Frequency source: wordfreq Urdu multi-corpus ranking

Semantic verification: direct dictionary sense corroborated — Kaikki+ReadUrdu

Sources:
- wordfreq Urdu — Unicode multi-corpus frequency ordering
- Kaikki/Wiktextract — bilingual lexicographic evidence
- ReadUrdu — independent Urdu-English bilingual evidence
- word2word — independent corpus-derived bilingual evidence"
بخشش,"Rank: 2553

Meaning: pardon

Frequency evidence: wordfreq Zipf 4.19
Frequency source: wordfreq Urdu multi-corpus ranking

Semantic verification: direct dictionary sense corroborated — Kaikki+ReadUrdu

Sources:
- wordfreq Urdu — Unicode multi-corpus frequency ordering
- Kaikki/Wiktextract — bilingual lexicographic evidence
- ReadUrdu — independent Urdu-English bilingual evidence
- word2word — independent corpus-derived bilingual evidence"
برج,"Rank: 2554

Meaning: tower; bastion

Frequency evidence: wordfreq Zipf 4.19
Frequency source: wordfreq Urdu multi-corpus ranking

Semantic verification: direct dictionary sense corroborated — Kaikki+ReadUrdu

Sources:
- wordfreq Urdu — Unicode multi-corpus frequency ordering
- Kaikki/Wiktextract — bilingual lexicographic evidence
- ReadUrdu — independent Urdu-English bilingual evidence
- word2word — independent corpus-derived bilingual evidence"
بندرگاہ,"Rank: 2555

Meaning: port

Frequency evidence: wordfreq Zipf 4.19
Frequency source: wordfreq Urdu multi-corpus ranking

Semantic verification: direct dictionary sense corroborated — ReadUrdu+word2word

Sources:
- wordfreq Urdu — Unicode multi-corpus frequency ordering
- Kaikki/Wiktextract — bilingual lexicographic evidence
- ReadUrdu — independent Urdu-English bilingual evidence
- word2word — independent corpus-derived bilingual evidence"
تدفین,"Rank: 2556

Meaning: Burial

Frequency evidence: wordfreq Zipf 4.19
Frequency source: wordfreq Urdu multi-corpus ranking

Semantic verification: direct dictionary sense corroborated — ReadUrdu+word2word

Sources:
- wordfreq Urdu — Unicode multi-corpus frequency ordering
- Kaikki/Wiktextract — bilingual lexicographic evidence
- ReadUrdu — independent Urdu-English bilingual evidence
- word2word — independent corpus-derived bilingual evidence"
تقوی,"Rank: 2557

Meaning: taqwa – fear of God; piety

Frequency evidence: wordfreq Zipf 4.19
Frequency source: wordfreq Urdu multi-corpus ranking

Semantic verification: direct dictionary sense corroborated — Kaikki+ReadUrdu

Sources:
- wordfreq Urdu — Unicode multi-corpus frequency ordering
- Kaikki/Wiktextract — bilingual lexicographic evidence
- ReadUrdu — independent Urdu-English bilingual evidence
- word2word — independent corpus-derived bilingual evidence"
تمنا,"Rank: 2558

Meaning: wish; longing

Frequency evidence: wordfreq Zipf 4.19
Frequency source: wordfreq Urdu multi-corpus ranking

Semantic verification: direct dictionary sense corroborated — Kaikki+ReadUrdu

Sources:
- wordfreq Urdu — Unicode multi-corpus frequency ordering
- Kaikki/Wiktextract — bilingual lexicographic evidence
- ReadUrdu — independent Urdu-English bilingual evidence
- word2word — independent corpus-derived bilingual evidence"
خانم,"Rank: 2559

Meaning: a lady; a woman of rank

Frequency evidence: wordfreq Zipf 4.19
Frequency source: wordfreq Urdu multi-corpus ranking

Semantic verification: direct dictionary sense corroborated — Kaikki+ReadUrdu

Sources:
- wordfreq Urdu — Unicode multi-corpus frequency ordering
- Kaikki/Wiktextract — bilingual lexicographic evidence
- ReadUrdu — independent Urdu-English bilingual evidence
- word2word — independent corpus-derived bilingual evidence"
لقب,"Rank: 2560

Meaning: title; surname

Frequency evidence: wordfreq Zipf 4.19
Frequency source: wordfreq Urdu multi-corpus ranking

Semantic verification: direct dictionary sense corroborated — Kaikki+ReadUrdu

Sources:
- wordfreq Urdu — Unicode multi-corpus frequency ordering
- Kaikki/Wiktextract — bilingual lexicographic evidence
- ReadUrdu — independent Urdu-English bilingual evidence
- word2word — independent corpus-derived bilingual evidence"
میکسیکو,"Rank: 2561

Meaning: Mexico

Frequency evidence: wordfreq Zipf 4.19
Frequency source: wordfreq Urdu multi-corpus ranking

Semantic verification: direct dictionary sense corroborated — Kaikki+ReadUrdu+word2word

Sources:
- wordfreq Urdu — Unicode multi-corpus frequency ordering
- Kaikki/Wiktextract — bilingual lexicographic evidence
- ReadUrdu — independent Urdu-English bilingual evidence
- word2word — independent corpus-derived bilingual evidence"
نثر,"Rank: 2562

Meaning: prose

Frequency evidence: wordfreq Zipf 4.19
Frequency source: wordfreq Urdu multi-corpus ranking

Semantic verification: direct dictionary sense corroborated — Kaikki+ReadUrdu

Sources:
- wordfreq Urdu — Unicode multi-corpus frequency ordering
- Kaikki/Wiktextract — bilingual lexicographic evidence
- ReadUrdu — independent Urdu-English bilingual evidence
- word2word — independent corpus-derived bilingual evidence"
نکالنا,"Rank: 2563

Meaning: take out; to remove

Frequency evidence: wordfreq Zipf 4.19
Frequency source: wordfreq Urdu multi-corpus ranking

Semantic verification: direct dictionary sense corroborated — Kaikki+ReadUrdu

Sources:
- wordfreq Urdu — Unicode multi-corpus frequency ordering
- Kaikki/Wiktextract — bilingual lexicographic evidence
- ReadUrdu — independent Urdu-English bilingual evidence
- word2word — independent corpus-derived bilingual evidence"
ٹھہر,"Rank: 2564

Meaning: stay

Frequency evidence: wordfreq Zipf 4.19
Frequency source: wordfreq Urdu multi-corpus ranking

Semantic verification: direct dictionary sense corroborated — ReadUrdu+word2word

Sources:
- wordfreq Urdu — Unicode multi-corpus frequency ordering
- Kaikki/Wiktextract — bilingual lexicographic evidence
- ReadUrdu — independent Urdu-English bilingual evidence
- word2word — independent corpus-derived bilingual evidence"
پوچھتے,"Rank: 2565

Meaning: ask

Frequency evidence: wordfreq Zipf 4.19
Frequency source: wordfreq Urdu multi-corpus ranking

Semantic verification: direct dictionary sense corroborated — ReadUrdu+word2word

Sources:
- wordfreq Urdu — Unicode multi-corpus frequency ordering
- Kaikki/Wiktextract — bilingual lexicographic evidence
- ReadUrdu — independent Urdu-English bilingual evidence
- word2word — independent corpus-derived bilingual evidence"
پیٹرول,"Rank: 2566

Meaning: petrol; gasoline

Frequency evidence: wordfreq Zipf 4.19
Frequency source: wordfreq Urdu multi-corpus ranking

Semantic verification: direct dictionary sense corroborated — Kaikki+ReadUrdu

Sources:
- wordfreq Urdu — Unicode multi-corpus frequency ordering
- Kaikki/Wiktextract — bilingual lexicographic evidence
- ReadUrdu — independent Urdu-English bilingual evidence
- word2word — independent corpus-derived bilingual evidence"
چوٹ,"Rank: 2567

Meaning: hurt; loss

Frequency evidence: wordfreq Zipf 4.19
Frequency source: wordfreq Urdu multi-corpus ranking

Semantic verification: direct dictionary sense corroborated — Kaikki+ReadUrdu+word2word

Sources:
- wordfreq Urdu — Unicode multi-corpus frequency ordering
- Kaikki/Wiktextract — bilingual lexicographic evidence
- ReadUrdu — independent Urdu-English bilingual evidence
- word2word — independent corpus-derived bilingual evidence"
گھی,"Rank: 2568

Meaning: clarified butter; ghee

Frequency evidence: wordfreq Zipf 4.19
Frequency source: wordfreq Urdu multi-corpus ranking

Semantic verification: direct dictionary sense corroborated — Kaikki+ReadUrdu

Sources:
- wordfreq Urdu — Unicode multi-corpus frequency ordering
- Kaikki/Wiktextract — bilingual lexicographic evidence
- ReadUrdu — independent Urdu-English bilingual evidence
- word2word — independent corpus-derived bilingual evidence"
ہمسایہ,"Rank: 2569

Meaning: neighbor

Frequency evidence: wordfreq Zipf 4.19
Frequency source: wordfreq Urdu multi-corpus ranking

Semantic verification: direct dictionary sense corroborated — Kaikki+ReadUrdu

Sources:
- wordfreq Urdu — Unicode multi-corpus frequency ordering
- Kaikki/Wiktextract — bilingual lexicographic evidence
- ReadUrdu — independent Urdu-English bilingual evidence
- word2word — independent corpus-derived bilingual evidence"
اردگرد,"Rank: 2570

Meaning: Around

Frequency evidence: wordfreq Zipf 4.18
Frequency source: wordfreq Urdu multi-corpus ranking

Semantic verification: direct dictionary sense corroborated — ReadUrdu+word2word

Sources:
- wordfreq Urdu — Unicode multi-corpus frequency ordering
- Kaikki/Wiktextract — bilingual lexicographic evidence
- ReadUrdu — independent Urdu-English bilingual evidence
- word2word — independent corpus-derived bilingual evidence"
تاثر,"Rank: 2571

Meaning: impression

Frequency evidence: wordfreq Zipf 4.18
Frequency source: wordfreq Urdu multi-corpus ranking

Semantic verification: direct dictionary sense corroborated — ReadUrdu+word2word

Sources:
- wordfreq Urdu — Unicode multi-corpus frequency ordering
- Kaikki/Wiktextract — bilingual lexicographic evidence
- ReadUrdu — independent Urdu-English bilingual evidence
- word2word — independent corpus-derived bilingual evidence"
ترانہ,"Rank: 2572

Meaning: anthem; melody

Frequency evidence: wordfreq Zipf 4.18
Frequency source: wordfreq Urdu multi-corpus ranking

Semantic verification: direct dictionary sense corroborated — Kaikki+ReadUrdu

Sources:
- wordfreq Urdu — Unicode multi-corpus frequency ordering
- Kaikki/Wiktextract — bilingual lexicographic evidence
- ReadUrdu — independent Urdu-English bilingual evidence
- word2word — independent corpus-derived bilingual evidence"
جنگلی,"Rank: 2573

Meaning: wild

Frequency evidence: wordfreq Zipf 4.18
Frequency source: wordfreq Urdu multi-corpus ranking

Semantic verification: direct dictionary sense corroborated — ReadUrdu+word2word

Sources:
- wordfreq Urdu — Unicode multi-corpus frequency ordering
- Kaikki/Wiktextract — bilingual lexicographic evidence
- ReadUrdu — independent Urdu-English bilingual evidence
- word2word — independent corpus-derived bilingual evidence"
شرک,"Rank: 2574

Meaning: idolatry; polytheism

Frequency evidence: wordfreq Zipf 4.18
Frequency source: wordfreq Urdu multi-corpus ranking

Semantic verification: direct dictionary sense corroborated — Kaikki+ReadUrdu

Sources:
- wordfreq Urdu — Unicode multi-corpus frequency ordering
- Kaikki/Wiktextract — bilingual lexicographic evidence
- ReadUrdu — independent Urdu-English bilingual evidence
- word2word — independent corpus-derived bilingual evidence"
قطعی,"Rank: 2575

Meaning: final; decisive

Frequency evidence: wordfreq Zipf 4.18
Frequency source: wordfreq Urdu multi-corpus ranking

Semantic verification: direct dictionary sense corroborated — Kaikki+ReadUrdu

Sources:
- wordfreq Urdu — Unicode multi-corpus frequency ordering
- Kaikki/Wiktextract — bilingual lexicographic evidence
- ReadUrdu — independent Urdu-English bilingual evidence
- word2word — independent corpus-derived bilingual evidence"
قوی,"Rank: 2576

Meaning: strong; robust

Frequency evidence: wordfreq Zipf 4.18
Frequency source: wordfreq Urdu multi-corpus ranking

Semantic verification: direct dictionary sense corroborated — Kaikki+ReadUrdu

Sources:
- wordfreq Urdu — Unicode multi-corpus frequency ordering
- Kaikki/Wiktextract — bilingual lexicographic evidence
- ReadUrdu — independent Urdu-English bilingual evidence
- word2word — independent corpus-derived bilingual evidence"
لمبائی,"Rank: 2577

Meaning: length; height

Frequency evidence: wordfreq Zipf 4.18
Frequency source: wordfreq Urdu multi-corpus ranking

Semantic verification: direct dictionary sense corroborated — Kaikki+ReadUrdu

Sources:
- wordfreq Urdu — Unicode multi-corpus frequency ordering
- Kaikki/Wiktextract — bilingual lexicographic evidence
- ReadUrdu — independent Urdu-English bilingual evidence
- word2word — independent corpus-derived bilingual evidence"
لڑتے,"Rank: 2578

Meaning: fight

Frequency evidence: wordfreq Zipf 4.18
Frequency source: wordfreq Urdu multi-corpus ranking

Semantic verification: direct dictionary sense corroborated — ReadUrdu+word2word

Sources:
- wordfreq Urdu — Unicode multi-corpus frequency ordering
- Kaikki/Wiktextract — bilingual lexicographic evidence
- ReadUrdu — independent Urdu-English bilingual evidence
- word2word — independent corpus-derived bilingual evidence"
مادر,"Rank: 2579

Meaning: mother; mama

Frequency evidence: wordfreq Zipf 4.18
Frequency source: wordfreq Urdu multi-corpus ranking

Semantic verification: direct dictionary sense corroborated — Kaikki+ReadUrdu

Sources:
- wordfreq Urdu — Unicode multi-corpus frequency ordering
- Kaikki/Wiktextract — bilingual lexicographic evidence
- ReadUrdu — independent Urdu-English bilingual evidence
- word2word — independent corpus-derived bilingual evidence"
مخلوط,"Rank: 2580

Meaning: mixed; complex

Frequency evidence: wordfreq Zipf 4.18
Frequency source: wordfreq Urdu multi-corpus ranking

Semantic verification: direct dictionary sense corroborated — Kaikki+ReadUrdu

Sources:
- wordfreq Urdu — Unicode multi-corpus frequency ordering
- Kaikki/Wiktextract — bilingual lexicographic evidence
- ReadUrdu — independent Urdu-English bilingual evidence
- word2word — independent corpus-derived bilingual evidence"
ملائیشیا,"Rank: 2581

Meaning: Malaysia

Frequency evidence: wordfreq Zipf 4.18
Frequency source: wordfreq Urdu multi-corpus ranking

Semantic verification: direct dictionary sense corroborated — Kaikki+ReadUrdu+word2word

Sources:
- wordfreq Urdu — Unicode multi-corpus frequency ordering
- Kaikki/Wiktextract — bilingual lexicographic evidence
- ReadUrdu — independent Urdu-English bilingual evidence
- word2word — independent corpus-derived bilingual evidence"
منقطع,"Rank: 2582

Meaning: cut off; severed

Frequency evidence: wordfreq Zipf 4.18
Frequency source: wordfreq Urdu multi-corpus ranking

Semantic verification: direct dictionary sense corroborated — Kaikki+ReadUrdu

Sources:
- wordfreq Urdu — Unicode multi-corpus frequency ordering
- Kaikki/Wiktextract — bilingual lexicographic evidence
- ReadUrdu — independent Urdu-English bilingual evidence
- word2word — independent corpus-derived bilingual evidence"
ناقص,"Rank: 2583

Meaning: imperfect

Frequency evidence: wordfreq Zipf 4.18
Frequency source: wordfreq Urdu multi-corpus ranking

Semantic verification: direct dictionary sense corroborated — Kaikki+ReadUrdu

Sources:
- wordfreq Urdu — Unicode multi-corpus frequency ordering
- Kaikki/Wiktextract — bilingual lexicographic evidence
- ReadUrdu — independent Urdu-English bilingual evidence
- word2word — independent corpus-derived bilingual evidence"
ڈاکو,"Rank: 2584

Meaning: bandit; thug

Frequency evidence: wordfreq Zipf 4.18
Frequency source: wordfreq Urdu multi-corpus ranking

Semantic verification: direct dictionary sense corroborated — Kaikki+ReadUrdu+word2word

Sources:
- wordfreq Urdu — Unicode multi-corpus frequency ordering
- Kaikki/Wiktextract — bilingual lexicographic evidence
- ReadUrdu — independent Urdu-English bilingual evidence
- word2word — independent corpus-derived bilingual evidence"
ڈھاکہ,"Rank: 2585

Meaning: Dhaka District; Dhaka Division

Frequency evidence: wordfreq Zipf 4.18
Frequency source: wordfreq Urdu multi-corpus ranking

Semantic verification: direct dictionary sense corroborated — Kaikki+ReadUrdu

Sources:
- wordfreq Urdu — Unicode multi-corpus frequency ordering
- Kaikki/Wiktextract — bilingual lexicographic evidence
- ReadUrdu — independent Urdu-English bilingual evidence
- word2word — independent corpus-derived bilingual evidence"
کروانا,"Rank: 2586

Meaning: to cause to do; to make do or cause

Frequency evidence: wordfreq Zipf 4.18
Frequency source: wordfreq Urdu multi-corpus ranking

Semantic verification: direct dictionary sense corroborated — Kaikki+ReadUrdu

Sources:
- wordfreq Urdu — Unicode multi-corpus frequency ordering
- Kaikki/Wiktextract — bilingual lexicographic evidence
- ReadUrdu — independent Urdu-English bilingual evidence
- word2word — independent corpus-derived bilingual evidence"
کنارہ,"Rank: 2587

Meaning: edge

Frequency evidence: wordfreq Zipf 4.18
Frequency source: wordfreq Urdu multi-corpus ranking

Semantic verification: direct dictionary sense corroborated — Kaikki+ReadUrdu

Sources:
- wordfreq Urdu — Unicode multi-corpus frequency ordering
- Kaikki/Wiktextract — bilingual lexicographic evidence
- ReadUrdu — independent Urdu-English bilingual evidence
- word2word — independent corpus-derived bilingual evidence"
کیف,"Rank: 2588

Meaning: Kyiv

Frequency evidence: wordfreq Zipf 4.18
Frequency source: wordfreq Urdu multi-corpus ranking

Semantic verification: direct dictionary sense corroborated — Kaikki+ReadUrdu

Sources:
- wordfreq Urdu — Unicode multi-corpus frequency ordering
- Kaikki/Wiktextract — bilingual lexicographic evidence
- ReadUrdu — independent Urdu-English bilingual evidence
- word2word — independent corpus-derived bilingual evidence"
ہاتھی,"Rank: 2589

Meaning: elephant

Frequency evidence: wordfreq Zipf 4.18
Frequency source: wordfreq Urdu multi-corpus ranking

Semantic verification: direct dictionary sense corroborated — Kaikki+ReadUrdu

Sources:
- wordfreq Urdu — Unicode multi-corpus frequency ordering
- Kaikki/Wiktextract — bilingual lexicographic evidence
- ReadUrdu — independent Urdu-English bilingual evidence
- word2word — independent corpus-derived bilingual evidence"
ہوس,"Rank: 2590

Meaning: lust; inordinate desire

Frequency evidence: wordfreq Zipf 4.18
Frequency source: wordfreq Urdu multi-corpus ranking

Semantic verification: direct dictionary sense corroborated — Kaikki+ReadUrdu

Sources:
- wordfreq Urdu — Unicode multi-corpus frequency ordering
- Kaikki/Wiktextract — bilingual lexicographic evidence
- ReadUrdu — independent Urdu-English bilingual evidence
- word2word — independent corpus-derived bilingual evidence"
ادراک,"Rank: 2591

Meaning: insight; cognition

Frequency evidence: wordfreq Zipf 4.17
Frequency source: wordfreq Urdu multi-corpus ranking

Semantic verification: direct dictionary sense corroborated — Kaikki+ReadUrdu

Sources:
- wordfreq Urdu — Unicode multi-corpus frequency ordering
- Kaikki/Wiktextract — bilingual lexicographic evidence
- ReadUrdu — independent Urdu-English bilingual evidence
- word2word — independent corpus-derived bilingual evidence"
الیاس,"Rank: 2592

Meaning: Ilyas

Frequency evidence: wordfreq Zipf 4.17
Frequency source: wordfreq Urdu multi-corpus ranking

Semantic verification: direct dictionary sense corroborated — Kaikki+ReadUrdu

Sources:
- wordfreq Urdu — Unicode multi-corpus frequency ordering
- Kaikki/Wiktextract — bilingual lexicographic evidence
- ReadUrdu — independent Urdu-English bilingual evidence
- word2word — independent corpus-derived bilingual evidence"
تعجب,"Rank: 2593

Meaning: surprise; astonishment

Frequency evidence: wordfreq Zipf 4.17
Frequency source: wordfreq Urdu multi-corpus ranking

Semantic verification: direct dictionary sense corroborated — Kaikki+ReadUrdu+word2word

Sources:
- wordfreq Urdu — Unicode multi-corpus frequency ordering
- Kaikki/Wiktextract — bilingual lexicographic evidence
- ReadUrdu — independent Urdu-English bilingual evidence
- word2word — independent corpus-derived bilingual evidence"
جین,"Rank: 2594

Meaning: equivalent to English Jain; a Jain

Frequency evidence: wordfreq Zipf 4.17
Frequency source: wordfreq Urdu multi-corpus ranking

Semantic verification: direct dictionary sense corroborated — Kaikki+ReadUrdu

Sources:
- wordfreq Urdu — Unicode multi-corpus frequency ordering
- Kaikki/Wiktextract — bilingual lexicographic evidence
- ReadUrdu — independent Urdu-English bilingual evidence
- word2word — independent corpus-derived bilingual evidence"
خزاں,"Rank: 2595

Meaning: autumn; fall

Frequency evidence: wordfreq Zipf 4.17
Frequency source: wordfreq Urdu multi-corpus ranking

Semantic verification: direct dictionary sense corroborated — Kaikki+ReadUrdu+word2word

Sources:
- wordfreq Urdu — Unicode multi-corpus frequency ordering
- Kaikki/Wiktextract — bilingual lexicographic evidence
- ReadUrdu — independent Urdu-English bilingual evidence
- word2word — independent corpus-derived bilingual evidence"
خطیب,"Rank: 2596

Meaning: a reader; representative

Frequency evidence: wordfreq Zipf 4.17
Frequency source: wordfreq Urdu multi-corpus ranking

Semantic verification: direct dictionary sense corroborated — Kaikki+ReadUrdu

Sources:
- wordfreq Urdu — Unicode multi-corpus frequency ordering
- Kaikki/Wiktextract — bilingual lexicographic evidence
- ReadUrdu — independent Urdu-English bilingual evidence
- word2word — independent corpus-derived bilingual evidence"
راجستھان,"Rank: 2597

Meaning: Rajasthan

Frequency evidence: wordfreq Zipf 4.17
Frequency source: wordfreq Urdu multi-corpus ranking

Semantic verification: direct dictionary sense corroborated — Kaikki+ReadUrdu

Sources:
- wordfreq Urdu — Unicode multi-corpus frequency ordering
- Kaikki/Wiktextract — bilingual lexicographic evidence
- ReadUrdu — independent Urdu-English bilingual evidence
- word2word — independent corpus-derived bilingual evidence"
ستون,"Rank: 2598

Meaning: support; pillar

Frequency evidence: wordfreq Zipf 4.17
Frequency source: wordfreq Urdu multi-corpus ranking

Semantic verification: direct dictionary sense corroborated — Kaikki+ReadUrdu

Sources:
- wordfreq Urdu — Unicode multi-corpus frequency ordering
- Kaikki/Wiktextract — bilingual lexicographic evidence
- ReadUrdu — independent Urdu-English bilingual evidence
- word2word — independent corpus-derived bilingual evidence"
سست,"Rank: 2599

Meaning: slow; lazy

Frequency evidence: wordfreq Zipf 4.17
Frequency source: wordfreq Urdu multi-corpus ranking

Semantic verification: direct dictionary sense corroborated — Kaikki+ReadUrdu+word2word

Sources:
- wordfreq Urdu — Unicode multi-corpus frequency ordering
- Kaikki/Wiktextract — bilingual lexicographic evidence
- ReadUrdu — independent Urdu-English bilingual evidence
- word2word — independent corpus-derived bilingual evidence"
سنیں,"Rank: 2600

Meaning: listen

Frequency evidence: wordfreq Zipf 4.17
Frequency source: wordfreq Urdu multi-corpus ranking

Semantic verification: direct dictionary sense corroborated — ReadUrdu+word2word

Sources:
- wordfreq Urdu — Unicode multi-corpus frequency ordering
- Kaikki/Wiktextract — bilingual lexicographic evidence
- ReadUrdu — independent Urdu-English bilingual evidence
- word2word — independent corpus-derived bilingual evidence"
شہد,"Rank: 2601

Meaning: honey

Frequency evidence: wordfreq Zipf 4.17
Frequency source: wordfreq Urdu multi-corpus ranking

Semantic verification: direct dictionary sense corroborated — Kaikki+ReadUrdu+word2word

Sources:
- wordfreq Urdu — Unicode multi-corpus frequency ordering
- Kaikki/Wiktextract — bilingual lexicographic evidence
- ReadUrdu — independent Urdu-English bilingual evidence
- word2word — independent corpus-derived bilingual evidence"
فراز,"Rank: 2602

Meaning: top; high

Frequency evidence: wordfreq Zipf 4.17
Frequency source: wordfreq Urdu multi-corpus ranking

Semantic verification: direct dictionary sense corroborated — Kaikki+ReadUrdu

Sources:
- wordfreq Urdu — Unicode multi-corpus frequency ordering
- Kaikki/Wiktextract — bilingual lexicographic evidence
- ReadUrdu — independent Urdu-English bilingual evidence
- word2word — independent corpus-derived bilingual evidence"
لطیفہ,"Rank: 2603

Meaning: joke; unique thing

Frequency evidence: wordfreq Zipf 4.17
Frequency source: wordfreq Urdu multi-corpus ranking

Semantic verification: direct dictionary sense corroborated — Kaikki+ReadUrdu

Sources:
- wordfreq Urdu — Unicode multi-corpus frequency ordering
- Kaikki/Wiktextract — bilingual lexicographic evidence
- ReadUrdu — independent Urdu-English bilingual evidence
- word2word — independent corpus-derived bilingual evidence"
ویزا,"Rank: 2604

Meaning: visa

Frequency evidence: wordfreq Zipf 4.17
Frequency source: wordfreq Urdu multi-corpus ranking

Semantic verification: direct dictionary sense corroborated — ReadUrdu+word2word

Sources:
- wordfreq Urdu — Unicode multi-corpus frequency ordering
- Kaikki/Wiktextract — bilingual lexicographic evidence
- ReadUrdu — independent Urdu-English bilingual evidence
- word2word — independent corpus-derived bilingual evidence"
ٹکر,"Rank: 2605

Meaning: hit; collision

Frequency evidence: wordfreq Zipf 4.17
Frequency source: wordfreq Urdu multi-corpus ranking

Semantic verification: direct dictionary sense corroborated — Kaikki+ReadUrdu

Sources:
- wordfreq Urdu — Unicode multi-corpus frequency ordering
- Kaikki/Wiktextract — bilingual lexicographic evidence
- ReadUrdu — independent Urdu-English bilingual evidence
- word2word — independent corpus-derived bilingual evidence"
پوجا,"Rank: 2606

Meaning: worship; or special guests

Frequency evidence: wordfreq Zipf 4.17
Frequency source: wordfreq Urdu multi-corpus ranking

Semantic verification: direct dictionary sense corroborated — Kaikki+ReadUrdu

Sources:
- wordfreq Urdu — Unicode multi-corpus frequency ordering
- Kaikki/Wiktextract — bilingual lexicographic evidence
- ReadUrdu — independent Urdu-English bilingual evidence
- word2word — independent corpus-derived bilingual evidence"
پیج,"Rank: 2607

Meaning: agreement; solemn declaration

Frequency evidence: wordfreq Zipf 4.17
Frequency source: wordfreq Urdu multi-corpus ranking

Semantic verification: direct dictionary sense corroborated — Kaikki+ReadUrdu

Sources:
- wordfreq Urdu — Unicode multi-corpus frequency ordering
- Kaikki/Wiktextract — bilingual lexicographic evidence
- ReadUrdu — independent Urdu-English bilingual evidence
- word2word — independent corpus-derived bilingual evidence"
کمان,"Rank: 2608

Meaning: bow; arc

Frequency evidence: wordfreq Zipf 4.17
Frequency source: wordfreq Urdu multi-corpus ranking

Semantic verification: direct dictionary sense corroborated — Kaikki+ReadUrdu

Sources:
- wordfreq Urdu — Unicode multi-corpus frequency ordering
- Kaikki/Wiktextract — bilingual lexicographic evidence
- ReadUrdu — independent Urdu-English bilingual evidence
- word2word — independent corpus-derived bilingual evidence"
گندگی,"Rank: 2609

Meaning: dirt; filth

Frequency evidence: wordfreq Zipf 4.17
Frequency source: wordfreq Urdu multi-corpus ranking

Semantic verification: direct dictionary sense corroborated — Kaikki+ReadUrdu+word2word

Sources:
- wordfreq Urdu — Unicode multi-corpus frequency ordering
- Kaikki/Wiktextract — bilingual lexicographic evidence
- ReadUrdu — independent Urdu-English bilingual evidence
- word2word — independent corpus-derived bilingual evidence"
ہضم,"Rank: 2610

Meaning: digestion

Frequency evidence: wordfreq Zipf 4.17
Frequency source: wordfreq Urdu multi-corpus ranking

Semantic verification: direct dictionary sense corroborated — Kaikki+ReadUrdu

Sources:
- wordfreq Urdu — Unicode multi-corpus frequency ordering
- Kaikki/Wiktextract — bilingual lexicographic evidence
- ReadUrdu — independent Urdu-English bilingual evidence
- word2word — independent corpus-derived bilingual evidence"
ہوشیار,"Rank: 2611

Meaning: smart; clever

Frequency evidence: wordfreq Zipf 4.17
Frequency source: wordfreq Urdu multi-corpus ranking

Semantic verification: direct dictionary sense corroborated — Kaikki+ReadUrdu+word2word

Sources:
- wordfreq Urdu — Unicode multi-corpus frequency ordering
- Kaikki/Wiktextract — bilingual lexicographic evidence
- ReadUrdu — independent Urdu-English bilingual evidence
- word2word — independent corpus-derived bilingual evidence"
یوٹیوب,"Rank: 2612

Meaning: YouTube

Frequency evidence: wordfreq Zipf 4.17
Frequency source: wordfreq Urdu multi-corpus ranking

Semantic verification: direct dictionary sense corroborated — ReadUrdu+word2word

Sources:
- wordfreq Urdu — Unicode multi-corpus frequency ordering
- Kaikki/Wiktextract — bilingual lexicographic evidence
- ReadUrdu — independent Urdu-English bilingual evidence
- word2word — independent corpus-derived bilingual evidence"
آسمانی,"Rank: 2613

Meaning: heavenly; sky blue

Frequency evidence: wordfreq Zipf 4.16
Frequency source: wordfreq Urdu multi-corpus ranking

Semantic verification: direct dictionary sense corroborated — Kaikki+ReadUrdu+word2word

Sources:
- wordfreq Urdu — Unicode multi-corpus frequency ordering
- Kaikki/Wiktextract — bilingual lexicographic evidence
- ReadUrdu — independent Urdu-English bilingual evidence
- word2word — independent corpus-derived bilingual evidence"
اعتدال,"Rank: 2614

Meaning: balance; equilibrium

Frequency evidence: wordfreq Zipf 4.16
Frequency source: wordfreq Urdu multi-corpus ranking

Semantic verification: direct dictionary sense corroborated — Kaikki+ReadUrdu

Sources:
- wordfreq Urdu — Unicode multi-corpus frequency ordering
- Kaikki/Wiktextract — bilingual lexicographic evidence
- ReadUrdu — independent Urdu-English bilingual evidence
- word2word — independent corpus-derived bilingual evidence"
بارود,"Rank: 2615

Meaning: gunpowder

Frequency evidence: wordfreq Zipf 4.16
Frequency source: wordfreq Urdu multi-corpus ranking

Semantic verification: direct dictionary sense corroborated — Kaikki+ReadUrdu

Sources:
- wordfreq Urdu — Unicode multi-corpus frequency ordering
- Kaikki/Wiktextract — bilingual lexicographic evidence
- ReadUrdu — independent Urdu-English bilingual evidence
- word2word — independent corpus-derived bilingual evidence"
باہم,"Rank: 2616

Meaning: together; mutually

Frequency evidence: wordfreq Zipf 4.16
Frequency source: wordfreq Urdu multi-corpus ranking

Semantic verification: direct dictionary sense corroborated — Kaikki+ReadUrdu

Sources:
- wordfreq Urdu — Unicode multi-corpus frequency ordering
- Kaikki/Wiktextract — bilingual lexicographic evidence
- ReadUrdu — independent Urdu-English bilingual evidence
- word2word — independent corpus-derived bilingual evidence"
بحیرہ,"Rank: 2617

Meaning: sea

Frequency evidence: wordfreq Zipf 4.16
Frequency source: wordfreq Urdu multi-corpus ranking

Semantic verification: direct dictionary sense corroborated — Kaikki+ReadUrdu

Sources:
- wordfreq Urdu — Unicode multi-corpus frequency ordering
- Kaikki/Wiktextract — bilingual lexicographic evidence
- ReadUrdu — independent Urdu-English bilingual evidence
- word2word — independent corpus-derived bilingual evidence"
بخت,"Rank: 2618

Meaning: luck; fortune

Frequency evidence: wordfreq Zipf 4.16
Frequency source: wordfreq Urdu multi-corpus ranking

Semantic verification: direct dictionary sense corroborated — Kaikki+ReadUrdu

Sources:
- wordfreq Urdu — Unicode multi-corpus frequency ordering
- Kaikki/Wiktextract — bilingual lexicographic evidence
- ReadUrdu — independent Urdu-English bilingual evidence
- word2word — independent corpus-derived bilingual evidence"
بیوہ,"Rank: 2619

Meaning: widow

Frequency evidence: wordfreq Zipf 4.16
Frequency source: wordfreq Urdu multi-corpus ranking

Semantic verification: direct dictionary sense corroborated — Kaikki+ReadUrdu+word2word

Sources:
- wordfreq Urdu — Unicode multi-corpus frequency ordering
- Kaikki/Wiktextract — bilingual lexicographic evidence
- ReadUrdu — independent Urdu-English bilingual evidence
- word2word — independent corpus-derived bilingual evidence"
جانشین,"Rank: 2620

Meaning: successor; heir

Frequency evidence: wordfreq Zipf 4.16
Frequency source: wordfreq Urdu multi-corpus ranking

Semantic verification: direct dictionary sense corroborated — Kaikki+ReadUrdu

Sources:
- wordfreq Urdu — Unicode multi-corpus frequency ordering
- Kaikki/Wiktextract — bilingual lexicographic evidence
- ReadUrdu — independent Urdu-English bilingual evidence
- word2word — independent corpus-derived bilingual evidence"
جغرافیائی,"Rank: 2621

Meaning: geographical

Frequency evidence: wordfreq Zipf 4.16
Frequency source: wordfreq Urdu multi-corpus ranking

Semantic verification: direct dictionary sense corroborated — Kaikki+ReadUrdu

Sources:
- wordfreq Urdu — Unicode multi-corpus frequency ordering
- Kaikki/Wiktextract — bilingual lexicographic evidence
- ReadUrdu — independent Urdu-English bilingual evidence
- word2word — independent corpus-derived bilingual evidence"
دکھائیں,"Rank: 2622

Meaning: Show

Frequency evidence: wordfreq Zipf 4.16
Frequency source: wordfreq Urdu multi-corpus ranking

Semantic verification: direct dictionary sense corroborated — ReadUrdu+word2word

Sources:
- wordfreq Urdu — Unicode multi-corpus frequency ordering
- Kaikki/Wiktextract — bilingual lexicographic evidence
- ReadUrdu — independent Urdu-English bilingual evidence
- word2word — independent corpus-derived bilingual evidence"
دھرتی,"Rank: 2623

Meaning: earth; ground

Frequency evidence: wordfreq Zipf 4.16
Frequency source: wordfreq Urdu multi-corpus ranking

Semantic verification: direct dictionary sense corroborated — Kaikki+ReadUrdu

Sources:
- wordfreq Urdu — Unicode multi-corpus frequency ordering
- Kaikki/Wiktextract — bilingual lexicographic evidence
- ReadUrdu — independent Urdu-English bilingual evidence
- word2word — independent corpus-derived bilingual evidence"
سالار,"Rank: 2624

Meaning: head

Frequency evidence: wordfreq Zipf 4.16
Frequency source: wordfreq Urdu multi-corpus ranking

Semantic verification: direct dictionary sense corroborated — ReadUrdu+word2word

Sources:
- wordfreq Urdu — Unicode multi-corpus frequency ordering
- Kaikki/Wiktextract — bilingual lexicographic evidence
- ReadUrdu — independent Urdu-English bilingual evidence
- word2word — independent corpus-derived bilingual evidence"
سلامت,"Rank: 2625

Meaning: good health; safety

Frequency evidence: wordfreq Zipf 4.16
Frequency source: wordfreq Urdu multi-corpus ranking

Semantic verification: direct dictionary sense corroborated — Kaikki+ReadUrdu

Sources:
- wordfreq Urdu — Unicode multi-corpus frequency ordering
- Kaikki/Wiktextract — bilingual lexicographic evidence
- ReadUrdu — independent Urdu-English bilingual evidence
- word2word — independent corpus-derived bilingual evidence"
سننا,"Rank: 2626

Meaning: to listen; to hear

Frequency evidence: wordfreq Zipf 4.16
Frequency source: wordfreq Urdu multi-corpus ranking

Semantic verification: direct dictionary sense corroborated — Kaikki+ReadUrdu+word2word

Sources:
- wordfreq Urdu — Unicode multi-corpus frequency ordering
- Kaikki/Wiktextract — bilingual lexicographic evidence
- ReadUrdu — independent Urdu-English bilingual evidence
- word2word — independent corpus-derived bilingual evidence"
صوابی,"Rank: 2627

Meaning: Swabi

Frequency evidence: wordfreq Zipf 4.16
Frequency source: wordfreq Urdu multi-corpus ranking

Semantic verification: direct dictionary sense corroborated — Kaikki+ReadUrdu

Sources:
- wordfreq Urdu — Unicode multi-corpus frequency ordering
- Kaikki/Wiktextract — bilingual lexicographic evidence
- ReadUrdu — independent Urdu-English bilingual evidence
- word2word — independent corpus-derived bilingual evidence"
فحش,"Rank: 2628

Meaning: immoral; pornographic

Frequency evidence: wordfreq Zipf 4.16
Frequency source: wordfreq Urdu multi-corpus ranking

Semantic verification: direct dictionary sense corroborated — Kaikki+ReadUrdu

Sources:
- wordfreq Urdu — Unicode multi-corpus frequency ordering
- Kaikki/Wiktextract — bilingual lexicographic evidence
- ReadUrdu — independent Urdu-English bilingual evidence
- word2word — independent corpus-derived bilingual evidence"
لنگر,"Rank: 2629

Meaning: An anchor

Frequency evidence: wordfreq Zipf 4.16
Frequency source: wordfreq Urdu multi-corpus ranking

Semantic verification: direct dictionary sense corroborated — ReadUrdu+word2word

Sources:
- wordfreq Urdu — Unicode multi-corpus frequency ordering
- Kaikki/Wiktextract — bilingual lexicographic evidence
- ReadUrdu — independent Urdu-English bilingual evidence
- word2word — independent corpus-derived bilingual evidence"
مدعو,"Rank: 2630

Meaning: invited

Frequency evidence: wordfreq Zipf 4.16
Frequency source: wordfreq Urdu multi-corpus ranking

Semantic verification: direct dictionary sense corroborated — Kaikki+ReadUrdu+word2word

Sources:
- wordfreq Urdu — Unicode multi-corpus frequency ordering
- Kaikki/Wiktextract — bilingual lexicographic evidence
- ReadUrdu — independent Urdu-English bilingual evidence
- word2word — independent corpus-derived bilingual evidence"
منشور,"Rank: 2631

Meaning: a manifesto; diffused

Frequency evidence: wordfreq Zipf 4.16
Frequency source: wordfreq Urdu multi-corpus ranking

Semantic verification: direct dictionary sense corroborated — Kaikki+ReadUrdu

Sources:
- wordfreq Urdu — Unicode multi-corpus frequency ordering
- Kaikki/Wiktextract — bilingual lexicographic evidence
- ReadUrdu — independent Urdu-English bilingual evidence
- word2word — independent corpus-derived bilingual evidence"
موتی,"Rank: 2632

Meaning: pearl; star

Frequency evidence: wordfreq Zipf 4.16
Frequency source: wordfreq Urdu multi-corpus ranking

Semantic verification: direct dictionary sense corroborated — Kaikki+ReadUrdu+word2word

Sources:
- wordfreq Urdu — Unicode multi-corpus frequency ordering
- Kaikki/Wiktextract — bilingual lexicographic evidence
- ReadUrdu — independent Urdu-English bilingual evidence
- word2word — independent corpus-derived bilingual evidence"
مہاراشٹر,"Rank: 2633

Meaning: Maharashtra

Frequency evidence: wordfreq Zipf 4.16
Frequency source: wordfreq Urdu multi-corpus ranking

Semantic verification: direct dictionary sense corroborated — Kaikki+ReadUrdu

Sources:
- wordfreq Urdu — Unicode multi-corpus frequency ordering
- Kaikki/Wiktextract — bilingual lexicographic evidence
- ReadUrdu — independent Urdu-English bilingual evidence
- word2word — independent corpus-derived bilingual evidence"
نایاب,"Rank: 2634

Meaning: rare; precious

Frequency evidence: wordfreq Zipf 4.16
Frequency source: wordfreq Urdu multi-corpus ranking

Semantic verification: direct dictionary sense corroborated — Kaikki+ReadUrdu+word2word

Sources:
- wordfreq Urdu — Unicode multi-corpus frequency ordering
- Kaikki/Wiktextract — bilingual lexicographic evidence
- ReadUrdu — independent Urdu-English bilingual evidence
- word2word — independent corpus-derived bilingual evidence"
پٹ,"Rank: 2635

Meaning: crack

Frequency evidence: wordfreq Zipf 4.16
Frequency source: wordfreq Urdu multi-corpus ranking

Semantic verification: direct dictionary sense corroborated — Kaikki+ReadUrdu

Sources:
- wordfreq Urdu — Unicode multi-corpus frequency ordering
- Kaikki/Wiktextract — bilingual lexicographic evidence
- ReadUrdu — independent Urdu-English bilingual evidence
- word2word — independent corpus-derived bilingual evidence"
پہلوان,"Rank: 2636

Meaning: champion; wrestler

Frequency evidence: wordfreq Zipf 4.16
Frequency source: wordfreq Urdu multi-corpus ranking

Semantic verification: direct dictionary sense corroborated — Kaikki+ReadUrdu

Sources:
- wordfreq Urdu — Unicode multi-corpus frequency ordering
- Kaikki/Wiktextract — bilingual lexicographic evidence
- ReadUrdu — independent Urdu-English bilingual evidence
- word2word — independent corpus-derived bilingual evidence"
پیتے,"Rank: 2637

Meaning: drink

Frequency evidence: wordfreq Zipf 4.16
Frequency source: wordfreq Urdu multi-corpus ranking

Semantic verification: direct dictionary sense corroborated — ReadUrdu+word2word

Sources:
- wordfreq Urdu — Unicode multi-corpus frequency ordering
- Kaikki/Wiktextract — bilingual lexicographic evidence
- ReadUrdu — independent Urdu-English bilingual evidence
- word2word — independent corpus-derived bilingual evidence"
چلانا,"Rank: 2638

Meaning: to start; to cause to walk

Frequency evidence: wordfreq Zipf 4.16
Frequency source: wordfreq Urdu multi-corpus ranking

Semantic verification: direct dictionary sense corroborated — Kaikki+ReadUrdu

Sources:
- wordfreq Urdu — Unicode multi-corpus frequency ordering
- Kaikki/Wiktextract — bilingual lexicographic evidence
- ReadUrdu — independent Urdu-English bilingual evidence
- word2word — independent corpus-derived bilingual evidence"
استقامت,"Rank: 2639

Meaning: adherence; rectitude

Frequency evidence: wordfreq Zipf 4.15
Frequency source: wordfreq Urdu multi-corpus ranking

Semantic verification: direct dictionary sense corroborated — Kaikki+ReadUrdu

Sources:
- wordfreq Urdu — Unicode multi-corpus frequency ordering
- Kaikki/Wiktextract — bilingual lexicographic evidence
- ReadUrdu — independent Urdu-English bilingual evidence
- word2word — independent corpus-derived bilingual evidence"
اشفاق,"Rank: 2640

Meaning: favours

Frequency evidence: wordfreq Zipf 4.15
Frequency source: wordfreq Urdu multi-corpus ranking

Semantic verification: direct dictionary sense corroborated — Kaikki+ReadUrdu

Sources:
- wordfreq Urdu — Unicode multi-corpus frequency ordering
- Kaikki/Wiktextract — bilingual lexicographic evidence
- ReadUrdu — independent Urdu-English bilingual evidence
- word2word — independent corpus-derived bilingual evidence"
اونچا,"Rank: 2641

Meaning: high; high-minded

Frequency evidence: wordfreq Zipf 4.15
Frequency source: wordfreq Urdu multi-corpus ranking

Semantic verification: direct dictionary sense corroborated — Kaikki+ReadUrdu

Sources:
- wordfreq Urdu — Unicode multi-corpus frequency ordering
- Kaikki/Wiktextract — bilingual lexicographic evidence
- ReadUrdu — independent Urdu-English bilingual evidence
- word2word — independent corpus-derived bilingual evidence"
ذرہ,"Rank: 2642

Meaning: particle; atom

Frequency evidence: wordfreq Zipf 4.15
Frequency source: wordfreq Urdu multi-corpus ranking

Semantic verification: direct dictionary sense corroborated — Kaikki+ReadUrdu

Sources:
- wordfreq Urdu — Unicode multi-corpus frequency ordering
- Kaikki/Wiktextract — bilingual lexicographic evidence
- ReadUrdu — independent Urdu-English bilingual evidence
- word2word — independent corpus-derived bilingual evidence"
رانجھا,"Rank: 2643

Meaning: beloved; lover

Frequency evidence: wordfreq Zipf 4.15
Frequency source: wordfreq Urdu multi-corpus ranking

Semantic verification: direct dictionary sense corroborated — Kaikki+ReadUrdu

Sources:
- wordfreq Urdu — Unicode multi-corpus frequency ordering
- Kaikki/Wiktextract — bilingual lexicographic evidence
- ReadUrdu — independent Urdu-English bilingual evidence
- word2word — independent corpus-derived bilingual evidence"
رومی,"Rank: 2644

Meaning: a native of Rūm; a Grecian

Frequency evidence: wordfreq Zipf 4.15
Frequency source: wordfreq Urdu multi-corpus ranking

Semantic verification: direct dictionary sense corroborated — Kaikki+ReadUrdu

Sources:
- wordfreq Urdu — Unicode multi-corpus frequency ordering
- Kaikki/Wiktextract — bilingual lexicographic evidence
- ReadUrdu — independent Urdu-English bilingual evidence
- word2word — independent corpus-derived bilingual evidence"
عرش,"Rank: 2645

Meaning: heaven; throne

Frequency evidence: wordfreq Zipf 4.15
Frequency source: wordfreq Urdu multi-corpus ranking

Semantic verification: direct dictionary sense corroborated — Kaikki+ReadUrdu

Sources:
- wordfreq Urdu — Unicode multi-corpus frequency ordering
- Kaikki/Wiktextract — bilingual lexicographic evidence
- ReadUrdu — independent Urdu-English bilingual evidence
- word2word — independent corpus-derived bilingual evidence"
عیسوی,"Rank: 2646

Meaning: Christian Era; AD

Frequency evidence: wordfreq Zipf 4.15
Frequency source: wordfreq Urdu multi-corpus ranking

Semantic verification: direct dictionary sense corroborated — Kaikki+ReadUrdu

Sources:
- wordfreq Urdu — Unicode multi-corpus frequency ordering
- Kaikki/Wiktextract — bilingual lexicographic evidence
- ReadUrdu — independent Urdu-English bilingual evidence
- word2word — independent corpus-derived bilingual evidence"
غرق,"Rank: 2647

Meaning: drowned; sunk

Frequency evidence: wordfreq Zipf 4.15
Frequency source: wordfreq Urdu multi-corpus ranking

Semantic verification: direct dictionary sense corroborated — Kaikki+ReadUrdu+word2word

Sources:
- wordfreq Urdu — Unicode multi-corpus frequency ordering
- Kaikki/Wiktextract — bilingual lexicographic evidence
- ReadUrdu — independent Urdu-English bilingual evidence
- word2word — independent corpus-derived bilingual evidence"
قسط,"Rank: 2648

Meaning: share; tax

Frequency evidence: wordfreq Zipf 4.15
Frequency source: wordfreq Urdu multi-corpus ranking

Semantic verification: direct dictionary sense corroborated — Kaikki+ReadUrdu

Sources:
- wordfreq Urdu — Unicode multi-corpus frequency ordering
- Kaikki/Wiktextract — bilingual lexicographic evidence
- ReadUrdu — independent Urdu-English bilingual evidence
- word2word — independent corpus-derived bilingual evidence"
قطار,"Rank: 2649

Meaning: line; row

Frequency evidence: wordfreq Zipf 4.15
Frequency source: wordfreq Urdu multi-corpus ranking

Semantic verification: direct dictionary sense corroborated — Kaikki+ReadUrdu+word2word

Sources:
- wordfreq Urdu — Unicode multi-corpus frequency ordering
- Kaikki/Wiktextract — bilingual lexicographic evidence
- ReadUrdu — independent Urdu-English bilingual evidence
- word2word — independent corpus-derived bilingual evidence"
لاٹھی,"Rank: 2650

Meaning: stick

Frequency evidence: wordfreq Zipf 4.15
Frequency source: wordfreq Urdu multi-corpus ranking

Semantic verification: direct dictionary sense corroborated — Kaikki+word2word

Sources:
- wordfreq Urdu — Unicode multi-corpus frequency ordering
- Kaikki/Wiktextract — bilingual lexicographic evidence
- ReadUrdu — independent Urdu-English bilingual evidence
- word2word — independent corpus-derived bilingual evidence"
ماموں,"Rank: 2651

Meaning: maternal uncle; snake

Frequency evidence: wordfreq Zipf 4.15
Frequency source: wordfreq Urdu multi-corpus ranking

Semantic verification: direct dictionary sense corroborated — Kaikki+ReadUrdu

Sources:
- wordfreq Urdu — Unicode multi-corpus frequency ordering
- Kaikki/Wiktextract — bilingual lexicographic evidence
- ReadUrdu — independent Urdu-English bilingual evidence
- word2word — independent corpus-derived bilingual evidence"
مبلغ,"Rank: 2652

Meaning: a sum of money; a missionary

Frequency evidence: wordfreq Zipf 4.15
Frequency source: wordfreq Urdu multi-corpus ranking

Semantic verification: direct dictionary sense corroborated — Kaikki+ReadUrdu

Sources:
- wordfreq Urdu — Unicode multi-corpus frequency ordering
- Kaikki/Wiktextract — bilingual lexicographic evidence
- ReadUrdu — independent Urdu-English bilingual evidence
- word2word — independent corpus-derived bilingual evidence"
وارد,"Rank: 2653

Meaning: incident; occurrence

Frequency evidence: wordfreq Zipf 4.15
Frequency source: wordfreq Urdu multi-corpus ranking

Semantic verification: direct dictionary sense corroborated — Kaikki+ReadUrdu

Sources:
- wordfreq Urdu — Unicode multi-corpus frequency ordering
- Kaikki/Wiktextract — bilingual lexicographic evidence
- ReadUrdu — independent Urdu-English bilingual evidence
- word2word — independent corpus-derived bilingual evidence"
پارہ,"Rank: 2654

Meaning: bit; portion

Frequency evidence: wordfreq Zipf 4.15
Frequency source: wordfreq Urdu multi-corpus ranking

Semantic verification: direct dictionary sense corroborated — Kaikki+ReadUrdu

Sources:
- wordfreq Urdu — Unicode multi-corpus frequency ordering
- Kaikki/Wiktextract — bilingual lexicographic evidence
- ReadUrdu — independent Urdu-English bilingual evidence
- word2word — independent corpus-derived bilingual evidence"
پیچھا,"Rank: 2655

Meaning: chase

Frequency evidence: wordfreq Zipf 4.15
Frequency source: wordfreq Urdu multi-corpus ranking

Semantic verification: direct dictionary sense corroborated — ReadUrdu+word2word

Sources:
- wordfreq Urdu — Unicode multi-corpus frequency ordering
- Kaikki/Wiktextract — bilingual lexicographic evidence
- ReadUrdu — independent Urdu-English bilingual evidence
- word2word — independent corpus-derived bilingual evidence"
چکوال,"Rank: 2656

Meaning: a city in Punjab; Chakwal

Frequency evidence: wordfreq Zipf 4.15
Frequency source: wordfreq Urdu multi-corpus ranking

Semantic verification: direct dictionary sense corroborated — Kaikki+ReadUrdu

Sources:
- wordfreq Urdu — Unicode multi-corpus frequency ordering
- Kaikki/Wiktextract — bilingual lexicographic evidence
- ReadUrdu — independent Urdu-English bilingual evidence
- word2word — independent corpus-derived bilingual evidence"
کیمرہ,"Rank: 2657

Meaning: camera

Frequency evidence: wordfreq Zipf 4.15
Frequency source: wordfreq Urdu multi-corpus ranking

Semantic verification: direct dictionary sense corroborated — Kaikki+ReadUrdu+word2word

Sources:
- wordfreq Urdu — Unicode multi-corpus frequency ordering
- Kaikki/Wiktextract — bilingual lexicographic evidence
- ReadUrdu — independent Urdu-English bilingual evidence
- word2word — independent corpus-derived bilingual evidence"
گلا,"Rank: 2658

Meaning: neck; voice

Frequency evidence: wordfreq Zipf 4.15
Frequency source: wordfreq Urdu multi-corpus ranking

Semantic verification: direct dictionary sense corroborated — Kaikki+ReadUrdu

Sources:
- wordfreq Urdu — Unicode multi-corpus frequency ordering
- Kaikki/Wiktextract — bilingual lexicographic evidence
- ReadUrdu — independent Urdu-English bilingual evidence
- word2word — independent corpus-derived bilingual evidence"
گنگا,"Rank: 2659

Meaning: Ganges

Frequency evidence: wordfreq Zipf 4.15
Frequency source: wordfreq Urdu multi-corpus ranking

Semantic verification: direct dictionary sense corroborated — Kaikki+ReadUrdu

Sources:
- wordfreq Urdu — Unicode multi-corpus frequency ordering
- Kaikki/Wiktextract — bilingual lexicographic evidence
- ReadUrdu — independent Urdu-English bilingual evidence
- word2word — independent corpus-derived bilingual evidence"
آم,"Rank: 2660

Meaning: mango; rawness

Frequency evidence: wordfreq Zipf 4.14
Frequency source: wordfreq Urdu multi-corpus ranking

Semantic verification: direct dictionary sense corroborated — Kaikki+ReadUrdu+word2word

Sources:
- wordfreq Urdu — Unicode multi-corpus frequency ordering
- Kaikki/Wiktextract — bilingual lexicographic evidence
- ReadUrdu — independent Urdu-English bilingual evidence
- word2word — independent corpus-derived bilingual evidence"
بربادی,"Rank: 2661

Meaning: waste; havoc

Frequency evidence: wordfreq Zipf 4.14
Frequency source: wordfreq Urdu multi-corpus ranking

Semantic verification: direct dictionary sense corroborated — Kaikki+ReadUrdu

Sources:
- wordfreq Urdu — Unicode multi-corpus frequency ordering
- Kaikki/Wiktextract — bilingual lexicographic evidence
- ReadUrdu — independent Urdu-English bilingual evidence
- word2word — independent corpus-derived bilingual evidence"
برٹش,"Rank: 2662

Meaning: British

Frequency evidence: wordfreq Zipf 4.14
Frequency source: wordfreq Urdu multi-corpus ranking

Semantic verification: direct dictionary sense corroborated — Kaikki+ReadUrdu

Sources:
- wordfreq Urdu — Unicode multi-corpus frequency ordering
- Kaikki/Wiktextract — bilingual lexicographic evidence
- ReadUrdu — independent Urdu-English bilingual evidence
- word2word — independent corpus-derived bilingual evidence"
بندگی,"Rank: 2663

Meaning: worship; mode of salutation

Frequency evidence: wordfreq Zipf 4.14
Frequency source: wordfreq Urdu multi-corpus ranking

Semantic verification: direct dictionary sense corroborated — Kaikki+ReadUrdu

Sources:
- wordfreq Urdu — Unicode multi-corpus frequency ordering
- Kaikki/Wiktextract — bilingual lexicographic evidence
- ReadUrdu — independent Urdu-English bilingual evidence
- word2word — independent corpus-derived bilingual evidence"
جزوی,"Rank: 2664

Meaning: partial

Frequency evidence: wordfreq Zipf 4.14
Frequency source: wordfreq Urdu multi-corpus ranking

Semantic verification: direct dictionary sense corroborated — Kaikki+ReadUrdu+word2word

Sources:
- wordfreq Urdu — Unicode multi-corpus frequency ordering
- Kaikki/Wiktextract — bilingual lexicographic evidence
- ReadUrdu — independent Urdu-English bilingual evidence
- word2word — independent corpus-derived bilingual evidence"
حسد,"Rank: 2665

Meaning: envy; jealousy

Frequency evidence: wordfreq Zipf 4.14
Frequency source: wordfreq Urdu multi-corpus ranking

Semantic verification: direct dictionary sense corroborated — Kaikki+ReadUrdu+word2word

Sources:
- wordfreq Urdu — Unicode multi-corpus frequency ordering
- Kaikki/Wiktextract — bilingual lexicographic evidence
- ReadUrdu — independent Urdu-English bilingual evidence
- word2word — independent corpus-derived bilingual evidence"
دہلوی,"Rank: 2666

Meaning: Delhiite

Frequency evidence: wordfreq Zipf 4.14
Frequency source: wordfreq Urdu multi-corpus ranking

Semantic verification: direct dictionary sense corroborated — Kaikki+ReadUrdu

Sources:
- wordfreq Urdu — Unicode multi-corpus frequency ordering
- Kaikki/Wiktextract — bilingual lexicographic evidence
- ReadUrdu — independent Urdu-English bilingual evidence
- word2word — independent corpus-derived bilingual evidence"
ذبح,"Rank: 2667

Meaning: slaughter; sacrifice

Frequency evidence: wordfreq Zipf 4.14
Frequency source: wordfreq Urdu multi-corpus ranking

Semantic verification: direct dictionary sense corroborated — Kaikki+ReadUrdu

Sources:
- wordfreq Urdu — Unicode multi-corpus frequency ordering
- Kaikki/Wiktextract — bilingual lexicographic evidence
- ReadUrdu — independent Urdu-English bilingual evidence
- word2word — independent corpus-derived bilingual evidence"
سنو,"Rank: 2668

Meaning: listen

Frequency evidence: wordfreq Zipf 4.14
Frequency source: wordfreq Urdu multi-corpus ranking

Semantic verification: direct dictionary sense corroborated — ReadUrdu+word2word

Sources:
- wordfreq Urdu — Unicode multi-corpus frequency ordering
- Kaikki/Wiktextract — bilingual lexicographic evidence
- ReadUrdu — independent Urdu-English bilingual evidence
- word2word — independent corpus-derived bilingual evidence"
سیاح,"Rank: 2669

Meaning: tourist; traveller

Frequency evidence: wordfreq Zipf 4.14
Frequency source: wordfreq Urdu multi-corpus ranking

Semantic verification: direct dictionary sense corroborated — Kaikki+ReadUrdu

Sources:
- wordfreq Urdu — Unicode multi-corpus frequency ordering
- Kaikki/Wiktextract — bilingual lexicographic evidence
- ReadUrdu — independent Urdu-English bilingual evidence
- word2word — independent corpus-derived bilingual evidence"
ضعیف,"Rank: 2670

Meaning: old; weak

Frequency evidence: wordfreq Zipf 4.14
Frequency source: wordfreq Urdu multi-corpus ranking

Semantic verification: direct dictionary sense corroborated — Kaikki+ReadUrdu

Sources:
- wordfreq Urdu — Unicode multi-corpus frequency ordering
- Kaikki/Wiktextract — bilingual lexicographic evidence
- ReadUrdu — independent Urdu-English bilingual evidence
- word2word — independent corpus-derived bilingual evidence"
غنیمت,"Rank: 2671

Meaning: good luck; good fortune

Frequency evidence: wordfreq Zipf 4.14
Frequency source: wordfreq Urdu multi-corpus ranking

Semantic verification: direct dictionary sense corroborated — Kaikki+ReadUrdu

Sources:
- wordfreq Urdu — Unicode multi-corpus frequency ordering
- Kaikki/Wiktextract — bilingual lexicographic evidence
- ReadUrdu — independent Urdu-English bilingual evidence
- word2word — independent corpus-derived bilingual evidence"
فراموش,"Rank: 2672

Meaning: forgotten

Frequency evidence: wordfreq Zipf 4.14
Frequency source: wordfreq Urdu multi-corpus ranking

Semantic verification: direct dictionary sense corroborated — Kaikki+ReadUrdu

Sources:
- wordfreq Urdu — Unicode multi-corpus frequency ordering
- Kaikki/Wiktextract — bilingual lexicographic evidence
- ReadUrdu — independent Urdu-English bilingual evidence
- word2word — independent corpus-derived bilingual evidence"
ماہانہ,"Rank: 2673

Meaning: monthly

Frequency evidence: wordfreq Zipf 4.14
Frequency source: wordfreq Urdu multi-corpus ranking

Semantic verification: direct dictionary sense corroborated — Kaikki+ReadUrdu+word2word

Sources:
- wordfreq Urdu — Unicode multi-corpus frequency ordering
- Kaikki/Wiktextract — bilingual lexicographic evidence
- ReadUrdu — independent Urdu-English bilingual evidence
- word2word — independent corpus-derived bilingual evidence"
محمدی,"Rank: 2674

Meaning: a Muslim; pertaining to Muhammad

Frequency evidence: wordfreq Zipf 4.14
Frequency source: wordfreq Urdu multi-corpus ranking

Semantic verification: direct dictionary sense corroborated — Kaikki+ReadUrdu

Sources:
- wordfreq Urdu — Unicode multi-corpus frequency ordering
- Kaikki/Wiktextract — bilingual lexicographic evidence
- ReadUrdu — independent Urdu-English bilingual evidence
- word2word — independent corpus-derived bilingual evidence"
پایہ,"Rank: 2675

Meaning: status; foundation

Frequency evidence: wordfreq Zipf 4.14
Frequency source: wordfreq Urdu multi-corpus ranking

Semantic verification: direct dictionary sense corroborated — Kaikki+ReadUrdu

Sources:
- wordfreq Urdu — Unicode multi-corpus frequency ordering
- Kaikki/Wiktextract — bilingual lexicographic evidence
- ReadUrdu — independent Urdu-English bilingual evidence
- word2word — independent corpus-derived bilingual evidence"
ہیرا,"Rank: 2676

Meaning: fine; diamond

Frequency evidence: wordfreq Zipf 4.14
Frequency source: wordfreq Urdu multi-corpus ranking

Semantic verification: direct dictionary sense corroborated — Kaikki+ReadUrdu

Sources:
- wordfreq Urdu — Unicode multi-corpus frequency ordering
- Kaikki/Wiktextract — bilingual lexicographic evidence
- ReadUrdu — independent Urdu-English bilingual evidence
- word2word — independent corpus-derived bilingual evidence"
استوار,"Rank: 2677

Meaning: inviolate; indissoluble

Frequency evidence: wordfreq Zipf 4.13
Frequency source: wordfreq Urdu multi-corpus ranking

Semantic verification: direct dictionary sense corroborated — Kaikki+ReadUrdu

Sources:
- wordfreq Urdu — Unicode multi-corpus frequency ordering
- Kaikki/Wiktextract — bilingual lexicographic evidence
- ReadUrdu — independent Urdu-English bilingual evidence
- word2word — independent corpus-derived bilingual evidence"
اوکاڑہ,"Rank: 2678

Meaning: Okara

Frequency evidence: wordfreq Zipf 4.13
Frequency source: wordfreq Urdu multi-corpus ranking

Semantic verification: direct dictionary sense corroborated — Kaikki+ReadUrdu

Sources:
- wordfreq Urdu — Unicode multi-corpus frequency ordering
- Kaikki/Wiktextract — bilingual lexicographic evidence
- ReadUrdu — independent Urdu-English bilingual evidence
- word2word — independent corpus-derived bilingual evidence"
باور,"Rank: 2679

Meaning: belief

Frequency evidence: wordfreq Zipf 4.13
Frequency source: wordfreq Urdu multi-corpus ranking

Semantic verification: direct dictionary sense corroborated — Kaikki+ReadUrdu

Sources:
- wordfreq Urdu — Unicode multi-corpus frequency ordering
- Kaikki/Wiktextract — bilingual lexicographic evidence
- ReadUrdu — independent Urdu-English bilingual evidence
- word2word — independent corpus-derived bilingual evidence"
برلن,"Rank: 2680

Meaning: Berlin

Frequency evidence: wordfreq Zipf 4.13
Frequency source: wordfreq Urdu multi-corpus ranking

Semantic verification: direct dictionary sense corroborated — Kaikki+ReadUrdu+word2word

Sources:
- wordfreq Urdu — Unicode multi-corpus frequency ordering
- Kaikki/Wiktextract — bilingual lexicographic evidence
- ReadUrdu — independent Urdu-English bilingual evidence
- word2word — independent corpus-derived bilingual evidence"
بغض,"Rank: 2681

Meaning: Malice

Frequency evidence: wordfreq Zipf 4.13
Frequency source: wordfreq Urdu multi-corpus ranking

Semantic verification: direct dictionary sense corroborated — ReadUrdu+word2word

Sources:
- wordfreq Urdu — Unicode multi-corpus frequency ordering
- Kaikki/Wiktextract — bilingual lexicographic evidence
- ReadUrdu — independent Urdu-English bilingual evidence
- word2word — independent corpus-derived bilingual evidence"
تاثیر,"Rank: 2682

Meaning: effect; impression

Frequency evidence: wordfreq Zipf 4.13
Frequency source: wordfreq Urdu multi-corpus ranking

Semantic verification: direct dictionary sense corroborated — Kaikki+ReadUrdu

Sources:
- wordfreq Urdu — Unicode multi-corpus frequency ordering
- Kaikki/Wiktextract — bilingual lexicographic evidence
- ReadUrdu — independent Urdu-English bilingual evidence
- word2word — independent corpus-derived bilingual evidence"
تقدس,"Rank: 2683

Meaning: sanctity

Frequency evidence: wordfreq Zipf 4.13
Frequency source: wordfreq Urdu multi-corpus ranking

Semantic verification: direct dictionary sense corroborated — Kaikki+ReadUrdu

Sources:
- wordfreq Urdu — Unicode multi-corpus frequency ordering
- Kaikki/Wiktextract — bilingual lexicographic evidence
- ReadUrdu — independent Urdu-English bilingual evidence
- word2word — independent corpus-derived bilingual evidence"
سرائیکی,"Rank: 2684

Meaning: Saraiki

Frequency evidence: wordfreq Zipf 4.13
Frequency source: wordfreq Urdu multi-corpus ranking

Semantic verification: direct dictionary sense corroborated — Kaikki+ReadUrdu

Sources:
- wordfreq Urdu — Unicode multi-corpus frequency ordering
- Kaikki/Wiktextract — bilingual lexicographic evidence
- ReadUrdu — independent Urdu-English bilingual evidence
- word2word — independent corpus-derived bilingual evidence"
سراسر,"Rank: 2685

Meaning: totally; completely

Frequency evidence: wordfreq Zipf 4.13
Frequency source: wordfreq Urdu multi-corpus ranking

Semantic verification: direct dictionary sense corroborated — Kaikki+ReadUrdu

Sources:
- wordfreq Urdu — Unicode multi-corpus frequency ordering
- Kaikki/Wiktextract — bilingual lexicographic evidence
- ReadUrdu — independent Urdu-English bilingual evidence
- word2word — independent corpus-derived bilingual evidence"
سراغ,"Rank: 2686

Meaning: track; trace

Frequency evidence: wordfreq Zipf 4.13
Frequency source: wordfreq Urdu multi-corpus ranking

Semantic verification: direct dictionary sense corroborated — ReadUrdu+word2word

Sources:
- wordfreq Urdu — Unicode multi-corpus frequency ordering
- Kaikki/Wiktextract — bilingual lexicographic evidence
- ReadUrdu — independent Urdu-English bilingual evidence
- word2word — independent corpus-derived bilingual evidence"
سوراخ,"Rank: 2687

Meaning: Hole

Frequency evidence: wordfreq Zipf 4.13
Frequency source: wordfreq Urdu multi-corpus ranking

Semantic verification: direct dictionary sense corroborated — ReadUrdu+word2word

Sources:
- wordfreq Urdu — Unicode multi-corpus frequency ordering
- Kaikki/Wiktextract — bilingual lexicographic evidence
- ReadUrdu — independent Urdu-English bilingual evidence
- word2word — independent corpus-derived bilingual evidence"
سوڈان,"Rank: 2688

Meaning: Sudan

Frequency evidence: wordfreq Zipf 4.13
Frequency source: wordfreq Urdu multi-corpus ranking

Semantic verification: direct dictionary sense corroborated — Kaikki+ReadUrdu+word2word

Sources:
- wordfreq Urdu — Unicode multi-corpus frequency ordering
- Kaikki/Wiktextract — bilingual lexicographic evidence
- ReadUrdu — independent Urdu-English bilingual evidence
- word2word — independent corpus-derived bilingual evidence"
صلہ,"Rank: 2689

Meaning: reward; connection

Frequency evidence: wordfreq Zipf 4.13
Frequency source: wordfreq Urdu multi-corpus ranking

Semantic verification: direct dictionary sense corroborated — Kaikki+ReadUrdu

Sources:
- wordfreq Urdu — Unicode multi-corpus frequency ordering
- Kaikki/Wiktextract — bilingual lexicographic evidence
- ReadUrdu — independent Urdu-English bilingual evidence
- word2word — independent corpus-derived bilingual evidence"
فرش,"Rank: 2690

Meaning: floor; carpet

Frequency evidence: wordfreq Zipf 4.13
Frequency source: wordfreq Urdu multi-corpus ranking

Semantic verification: direct dictionary sense corroborated — Kaikki+ReadUrdu+word2word

Sources:
- wordfreq Urdu — Unicode multi-corpus frequency ordering
- Kaikki/Wiktextract — bilingual lexicographic evidence
- ReadUrdu — independent Urdu-English bilingual evidence
- word2word — independent corpus-derived bilingual evidence"
قاہرہ,"Rank: 2691

Meaning: Cairo

Frequency evidence: wordfreq Zipf 4.13
Frequency source: wordfreq Urdu multi-corpus ranking

Semantic verification: direct dictionary sense corroborated — Kaikki+ReadUrdu

Sources:
- wordfreq Urdu — Unicode multi-corpus frequency ordering
- Kaikki/Wiktextract — bilingual lexicographic evidence
- ReadUrdu — independent Urdu-English bilingual evidence
- word2word — independent corpus-derived bilingual evidence"
مددگار,"Rank: 2692

Meaning: helpful; assistant

Frequency evidence: wordfreq Zipf 4.13
Frequency source: wordfreq Urdu multi-corpus ranking

Semantic verification: direct dictionary sense corroborated — Kaikki+ReadUrdu+word2word

Sources:
- wordfreq Urdu — Unicode multi-corpus frequency ordering
- Kaikki/Wiktextract — bilingual lexicographic evidence
- ReadUrdu — independent Urdu-English bilingual evidence
- word2word — independent corpus-derived bilingual evidence"
معذور,"Rank: 2693

Meaning: disabled; handicapped

Frequency evidence: wordfreq Zipf 4.13
Frequency source: wordfreq Urdu multi-corpus ranking

Semantic verification: direct dictionary sense corroborated — Kaikki+ReadUrdu

Sources:
- wordfreq Urdu — Unicode multi-corpus frequency ordering
- Kaikki/Wiktextract — bilingual lexicographic evidence
- ReadUrdu — independent Urdu-English bilingual evidence
- word2word — independent corpus-derived bilingual evidence"
نرمی,"Rank: 2694

Meaning: softness; tenderness

Frequency evidence: wordfreq Zipf 4.13
Frequency source: wordfreq Urdu multi-corpus ranking

Semantic verification: direct dictionary sense corroborated — Kaikki+ReadUrdu

Sources:
- wordfreq Urdu — Unicode multi-corpus frequency ordering
- Kaikki/Wiktextract — bilingual lexicographic evidence
- ReadUrdu — independent Urdu-English bilingual evidence
- word2word — independent corpus-derived bilingual evidence"
نظارہ,"Rank: 2695

Meaning: view

Frequency evidence: wordfreq Zipf 4.13
Frequency source: wordfreq Urdu multi-corpus ranking

Semantic verification: direct dictionary sense corroborated — Kaikki+ReadUrdu

Sources:
- wordfreq Urdu — Unicode multi-corpus frequency ordering
- Kaikki/Wiktextract — bilingual lexicographic evidence
- ReadUrdu — independent Urdu-English bilingual evidence
- word2word — independent corpus-derived bilingual evidence"
نوشہرہ,"Rank: 2696

Meaning: Nowshera

Frequency evidence: wordfreq Zipf 4.13
Frequency source: wordfreq Urdu multi-corpus ranking

Semantic verification: direct dictionary sense corroborated — Kaikki+ReadUrdu

Sources:
- wordfreq Urdu — Unicode multi-corpus frequency ordering
- Kaikki/Wiktextract — bilingual lexicographic evidence
- ReadUrdu — independent Urdu-English bilingual evidence
- word2word — independent corpus-derived bilingual evidence"
پاسپورٹ,"Rank: 2697

Meaning: passport

Frequency evidence: wordfreq Zipf 4.13
Frequency source: wordfreq Urdu multi-corpus ranking

Semantic verification: direct dictionary sense corroborated — Kaikki+ReadUrdu+word2word

Sources:
- wordfreq Urdu — Unicode multi-corpus frequency ordering
- Kaikki/Wiktextract — bilingual lexicographic evidence
- ReadUrdu — independent Urdu-English bilingual evidence
- word2word — independent corpus-derived bilingual evidence"
چھوڑنا,"Rank: 2698

Meaning: to let go; to leave

Frequency evidence: wordfreq Zipf 4.13
Frequency source: wordfreq Urdu multi-corpus ranking

Semantic verification: direct dictionary sense corroborated — Kaikki+ReadUrdu+word2word

Sources:
- wordfreq Urdu — Unicode multi-corpus frequency ordering
- Kaikki/Wiktextract — bilingual lexicographic evidence
- ReadUrdu — independent Urdu-English bilingual evidence
- word2word — independent corpus-derived bilingual evidence"
ڈاک,"Rank: 2699

Meaning: post; mail

Frequency evidence: wordfreq Zipf 4.13
Frequency source: wordfreq Urdu multi-corpus ranking

Semantic verification: direct dictionary sense corroborated — Kaikki+ReadUrdu

Sources:
- wordfreq Urdu — Unicode multi-corpus frequency ordering
- Kaikki/Wiktextract — bilingual lexicographic evidence
- ReadUrdu — independent Urdu-English bilingual evidence
- word2word — independent corpus-derived bilingual evidence"
کبیر,"Rank: 2700

Meaning: great; large

Frequency evidence: wordfreq Zipf 4.13
Frequency source: wordfreq Urdu multi-corpus ranking

Semantic verification: direct dictionary sense corroborated — Kaikki+ReadUrdu

Sources:
- wordfreq Urdu — Unicode multi-corpus frequency ordering
- Kaikki/Wiktextract — bilingual lexicographic evidence
- ReadUrdu — independent Urdu-English bilingual evidence
- word2word — independent corpus-derived bilingual evidence"
کشمکش,"Rank: 2701

Meaning: struggle

Frequency evidence: wordfreq Zipf 4.13
Frequency source: wordfreq Urdu multi-corpus ranking

Semantic verification: direct dictionary sense corroborated — Kaikki+ReadUrdu

Sources:
- wordfreq Urdu — Unicode multi-corpus frequency ordering
- Kaikki/Wiktextract — bilingual lexicographic evidence
- ReadUrdu — independent Urdu-English bilingual evidence
- word2word — independent corpus-derived bilingual evidence"
گلشن,"Rank: 2702

Meaning: flower garden

Frequency evidence: wordfreq Zipf 4.13
Frequency source: wordfreq Urdu multi-corpus ranking

Semantic verification: direct dictionary sense corroborated — Kaikki+ReadUrdu

Sources:
- wordfreq Urdu — Unicode multi-corpus frequency ordering
- Kaikki/Wiktextract — bilingual lexicographic evidence
- ReadUrdu — independent Urdu-English bilingual evidence
- word2word — independent corpus-derived bilingual evidence"
آہنگ,"Rank: 2703

Meaning: sound; design

Frequency evidence: wordfreq Zipf 4.12
Frequency source: wordfreq Urdu multi-corpus ranking

Semantic verification: direct dictionary sense corroborated — Kaikki+ReadUrdu

Sources:
- wordfreq Urdu — Unicode multi-corpus frequency ordering
- Kaikki/Wiktextract — bilingual lexicographic evidence
- ReadUrdu — independent Urdu-English bilingual evidence
- word2word — independent corpus-derived bilingual evidence"
اجرت,"Rank: 2704

Meaning: fee; rent

Frequency evidence: wordfreq Zipf 4.12
Frequency source: wordfreq Urdu multi-corpus ranking

Semantic verification: direct dictionary sense corroborated — Kaikki+ReadUrdu

Sources:
- wordfreq Urdu — Unicode multi-corpus frequency ordering
- Kaikki/Wiktextract — bilingual lexicographic evidence
- ReadUrdu — independent Urdu-English bilingual evidence
- word2word — independent corpus-derived bilingual evidence"
اینٹ,"Rank: 2705

Meaning: brick; diamond

Frequency evidence: wordfreq Zipf 4.12
Frequency source: wordfreq Urdu multi-corpus ranking

Semantic verification: direct dictionary sense corroborated — Kaikki+ReadUrdu

Sources:
- wordfreq Urdu — Unicode multi-corpus frequency ordering
- Kaikki/Wiktextract — bilingual lexicographic evidence
- ReadUrdu — independent Urdu-English bilingual evidence
- word2word — independent corpus-derived bilingual evidence"
بتاؤ,"Rank: 2706

Meaning: Tell

Frequency evidence: wordfreq Zipf 4.12
Frequency source: wordfreq Urdu multi-corpus ranking

Semantic verification: direct dictionary sense corroborated — ReadUrdu+word2word

Sources:
- wordfreq Urdu — Unicode multi-corpus frequency ordering
- Kaikki/Wiktextract — bilingual lexicographic evidence
- ReadUrdu — independent Urdu-English bilingual evidence
- word2word — independent corpus-derived bilingual evidence"
بخار,"Rank: 2707

Meaning: fever; smoke

Frequency evidence: wordfreq Zipf 4.12
Frequency source: wordfreq Urdu multi-corpus ranking

Semantic verification: direct dictionary sense corroborated — Kaikki+ReadUrdu+word2word

Sources:
- wordfreq Urdu — Unicode multi-corpus frequency ordering
- Kaikki/Wiktextract — bilingual lexicographic evidence
- ReadUrdu — independent Urdu-English bilingual evidence
- word2word — independent corpus-derived bilingual evidence"
بعید,"Rank: 2708

Meaning: Far

Frequency evidence: wordfreq Zipf 4.12
Frequency source: wordfreq Urdu multi-corpus ranking

Semantic verification: direct dictionary sense corroborated — ReadUrdu+word2word

Sources:
- wordfreq Urdu — Unicode multi-corpus frequency ordering
- Kaikki/Wiktextract — bilingual lexicographic evidence
- ReadUrdu — independent Urdu-English bilingual evidence
- word2word — independent corpus-derived bilingual evidence"
بولنا,"Rank: 2709

Meaning: to speak; to say

Frequency evidence: wordfreq Zipf 4.12
Frequency source: wordfreq Urdu multi-corpus ranking

Semantic verification: direct dictionary sense corroborated — Kaikki+ReadUrdu+word2word

Sources:
- wordfreq Urdu — Unicode multi-corpus frequency ordering
- Kaikki/Wiktextract — bilingual lexicographic evidence
- ReadUrdu — independent Urdu-English bilingual evidence
- word2word — independent corpus-derived bilingual evidence"
تقرر,"Rank: 2710

Meaning: appointment

Frequency evidence: wordfreq Zipf 4.12
Frequency source: wordfreq Urdu multi-corpus ranking

Semantic verification: direct dictionary sense corroborated — ReadUrdu+word2word

Sources:
- wordfreq Urdu — Unicode multi-corpus frequency ordering
- Kaikki/Wiktextract — bilingual lexicographic evidence
- ReadUrdu — independent Urdu-English bilingual evidence
- word2word — independent corpus-derived bilingual evidence"
جاسوس,"Rank: 2711

Meaning: spy; detective

Frequency evidence: wordfreq Zipf 4.12
Frequency source: wordfreq Urdu multi-corpus ranking

Semantic verification: direct dictionary sense corroborated — Kaikki+ReadUrdu+word2word

Sources:
- wordfreq Urdu — Unicode multi-corpus frequency ordering
- Kaikki/Wiktextract — bilingual lexicographic evidence
- ReadUrdu — independent Urdu-English bilingual evidence
- word2word — independent corpus-derived bilingual evidence"
جستجو,"Rank: 2712

Meaning: search; finding

Frequency evidence: wordfreq Zipf 4.12
Frequency source: wordfreq Urdu multi-corpus ranking

Semantic verification: direct dictionary sense corroborated — Kaikki+ReadUrdu

Sources:
- wordfreq Urdu — Unicode multi-corpus frequency ordering
- Kaikki/Wiktextract — bilingual lexicographic evidence
- ReadUrdu — independent Urdu-English bilingual evidence
- word2word — independent corpus-derived bilingual evidence"
زرد,"Rank: 2713

Meaning: yellow

Frequency evidence: wordfreq Zipf 4.12
Frequency source: wordfreq Urdu multi-corpus ranking

Semantic verification: direct dictionary sense corroborated — Kaikki+ReadUrdu

Sources:
- wordfreq Urdu — Unicode multi-corpus frequency ordering
- Kaikki/Wiktextract — bilingual lexicographic evidence
- ReadUrdu — independent Urdu-English bilingual evidence
- word2word — independent corpus-derived bilingual evidence"
ساہیوال,"Rank: 2714

Meaning: Sahiwal

Frequency evidence: wordfreq Zipf 4.12
Frequency source: wordfreq Urdu multi-corpus ranking

Semantic verification: direct dictionary sense corroborated — Kaikki+ReadUrdu

Sources:
- wordfreq Urdu — Unicode multi-corpus frequency ordering
- Kaikki/Wiktextract — bilingual lexicographic evidence
- ReadUrdu — independent Urdu-English bilingual evidence
- word2word — independent corpus-derived bilingual evidence"
شفا,"Rank: 2715

Meaning: healing; cure

Frequency evidence: wordfreq Zipf 4.12
Frequency source: wordfreq Urdu multi-corpus ranking

Semantic verification: direct dictionary sense corroborated — Kaikki+ReadUrdu+word2word

Sources:
- wordfreq Urdu — Unicode multi-corpus frequency ordering
- Kaikki/Wiktextract — bilingual lexicographic evidence
- ReadUrdu — independent Urdu-English bilingual evidence
- word2word — independent corpus-derived bilingual evidence"
شہزادی,"Rank: 2716

Meaning: princess

Frequency evidence: wordfreq Zipf 4.12
Frequency source: wordfreq Urdu multi-corpus ranking

Semantic verification: direct dictionary sense corroborated — Kaikki+ReadUrdu+word2word

Sources:
- wordfreq Urdu — Unicode multi-corpus frequency ordering
- Kaikki/Wiktextract — bilingual lexicographic evidence
- ReadUrdu — independent Urdu-English bilingual evidence
- word2word — independent corpus-derived bilingual evidence"
شہنشاہ,"Rank: 2717

Meaning: king of kings; emperor

Frequency evidence: wordfreq Zipf 4.12
Frequency source: wordfreq Urdu multi-corpus ranking

Semantic verification: direct dictionary sense corroborated — Kaikki+ReadUrdu

Sources:
- wordfreq Urdu — Unicode multi-corpus frequency ordering
- Kaikki/Wiktextract — bilingual lexicographic evidence
- ReadUrdu — independent Urdu-English bilingual evidence
- word2word — independent corpus-derived bilingual evidence"
شیریں,"Rank: 2718

Meaning: a female given name; sweet

Frequency evidence: wordfreq Zipf 4.12
Frequency source: wordfreq Urdu multi-corpus ranking

Semantic verification: direct dictionary sense corroborated — Kaikki+ReadUrdu

Sources:
- wordfreq Urdu — Unicode multi-corpus frequency ordering
- Kaikki/Wiktextract — bilingual lexicographic evidence
- ReadUrdu — independent Urdu-English bilingual evidence
- word2word — independent corpus-derived bilingual evidence"
قصبہ,"Rank: 2719

Meaning: town; trachea

Frequency evidence: wordfreq Zipf 4.12
Frequency source: wordfreq Urdu multi-corpus ranking

Semantic verification: direct dictionary sense corroborated — Kaikki+ReadUrdu

Sources:
- wordfreq Urdu — Unicode multi-corpus frequency ordering
- Kaikki/Wiktextract — bilingual lexicographic evidence
- ReadUrdu — independent Urdu-English bilingual evidence
- word2word — independent corpus-derived bilingual evidence"
قومیت,"Rank: 2720

Meaning: nationality

Frequency evidence: wordfreq Zipf 4.12
Frequency source: wordfreq Urdu multi-corpus ranking

Semantic verification: direct dictionary sense corroborated — Kaikki+ReadUrdu+word2word

Sources:
- wordfreq Urdu — Unicode multi-corpus frequency ordering
- Kaikki/Wiktextract — bilingual lexicographic evidence
- ReadUrdu — independent Urdu-English bilingual evidence
- word2word — independent corpus-derived bilingual evidence"
لالہ,"Rank: 2721

Meaning: older brother; tulip

Frequency evidence: wordfreq Zipf 4.12
Frequency source: wordfreq Urdu multi-corpus ranking

Semantic verification: direct dictionary sense corroborated — Kaikki+ReadUrdu

Sources:
- wordfreq Urdu — Unicode multi-corpus frequency ordering
- Kaikki/Wiktextract — bilingual lexicographic evidence
- ReadUrdu — independent Urdu-English bilingual evidence
- word2word — independent corpus-derived bilingual evidence"
ماتم,"Rank: 2722

Meaning: mourning; lamentation

Frequency evidence: wordfreq Zipf 4.12
Frequency source: wordfreq Urdu multi-corpus ranking

Semantic verification: direct dictionary sense corroborated — Kaikki+ReadUrdu

Sources:
- wordfreq Urdu — Unicode multi-corpus frequency ordering
- Kaikki/Wiktextract — bilingual lexicographic evidence
- ReadUrdu — independent Urdu-English bilingual evidence
- word2word — independent corpus-derived bilingual evidence"
مانچسٹر,"Rank: 2723

Meaning: Manchester

Frequency evidence: wordfreq Zipf 4.12
Frequency source: wordfreq Urdu multi-corpus ranking

Semantic verification: direct dictionary sense corroborated — Kaikki+ReadUrdu

Sources:
- wordfreq Urdu — Unicode multi-corpus frequency ordering
- Kaikki/Wiktextract — bilingual lexicographic evidence
- ReadUrdu — independent Urdu-English bilingual evidence
- word2word — independent corpus-derived bilingual evidence"
معرکہ,"Rank: 2724

Meaning: battle; dispute

Frequency evidence: wordfreq Zipf 4.12
Frequency source: wordfreq Urdu multi-corpus ranking

Semantic verification: direct dictionary sense corroborated — Kaikki+ReadUrdu

Sources:
- wordfreq Urdu — Unicode multi-corpus frequency ordering
- Kaikki/Wiktextract — bilingual lexicographic evidence
- ReadUrdu — independent Urdu-English bilingual evidence
- word2word — independent corpus-derived bilingual evidence"
ممنوع,"Rank: 2725

Meaning: forbidden; prohibited

Frequency evidence: wordfreq Zipf 4.12
Frequency source: wordfreq Urdu multi-corpus ranking

Semantic verification: direct dictionary sense corroborated — Kaikki+ReadUrdu+word2word

Sources:
- wordfreq Urdu — Unicode multi-corpus frequency ordering
- Kaikki/Wiktextract — bilingual lexicographic evidence
- ReadUrdu — independent Urdu-English bilingual evidence
- word2word — independent corpus-derived bilingual evidence"
منشی,"Rank: 2726

Meaning: secretary; writer

Frequency evidence: wordfreq Zipf 4.12
Frequency source: wordfreq Urdu multi-corpus ranking

Semantic verification: direct dictionary sense corroborated — Kaikki+ReadUrdu

Sources:
- wordfreq Urdu — Unicode multi-corpus frequency ordering
- Kaikki/Wiktextract — bilingual lexicographic evidence
- ReadUrdu — independent Urdu-English bilingual evidence
- word2word — independent corpus-derived bilingual evidence"
مکتب,"Rank: 2727

Meaning: school; primary school

Frequency evidence: wordfreq Zipf 4.12
Frequency source: wordfreq Urdu multi-corpus ranking

Semantic verification: direct dictionary sense corroborated — Kaikki+ReadUrdu

Sources:
- wordfreq Urdu — Unicode multi-corpus frequency ordering
- Kaikki/Wiktextract — bilingual lexicographic evidence
- ReadUrdu — independent Urdu-English bilingual evidence
- word2word — independent corpus-derived bilingual evidence"
ناانصافی,"Rank: 2728

Meaning: injustice; misdeed

Frequency evidence: wordfreq Zipf 4.12
Frequency source: wordfreq Urdu multi-corpus ranking

Semantic verification: direct dictionary sense corroborated — Kaikki+ReadUrdu

Sources:
- wordfreq Urdu — Unicode multi-corpus frequency ordering
- Kaikki/Wiktextract — bilingual lexicographic evidence
- ReadUrdu — independent Urdu-English bilingual evidence
- word2word — independent corpus-derived bilingual evidence"
پیٹھ,"Rank: 2729

Meaning: back; support

Frequency evidence: wordfreq Zipf 4.12
Frequency source: wordfreq Urdu multi-corpus ranking

Semantic verification: direct dictionary sense corroborated — Kaikki+ReadUrdu+word2word

Sources:
- wordfreq Urdu — Unicode multi-corpus frequency ordering
- Kaikki/Wiktextract — bilingual lexicographic evidence
- ReadUrdu — independent Urdu-English bilingual evidence
- word2word — independent corpus-derived bilingual evidence"
ڈھائی,"Rank: 2730

Meaning: half past two; two and a half

Frequency evidence: wordfreq Zipf 4.12
Frequency source: wordfreq Urdu multi-corpus ranking

Semantic verification: direct dictionary sense corroborated — Kaikki+ReadUrdu

Sources:
- wordfreq Urdu — Unicode multi-corpus frequency ordering
- Kaikki/Wiktextract — bilingual lexicographic evidence
- ReadUrdu — independent Urdu-English bilingual evidence
- word2word — independent corpus-derived bilingual evidence"
گلستان,"Rank: 2731

Meaning: rose garden; flower garden

Frequency evidence: wordfreq Zipf 4.12
Frequency source: wordfreq Urdu multi-corpus ranking

Semantic verification: direct dictionary sense corroborated — Kaikki+ReadUrdu

Sources:
- wordfreq Urdu — Unicode multi-corpus frequency ordering
- Kaikki/Wiktextract — bilingual lexicographic evidence
- ReadUrdu — independent Urdu-English bilingual evidence
- word2word — independent corpus-derived bilingual evidence"
ہیر,"Rank: 2732

Meaning: diamond; energy

Frequency evidence: wordfreq Zipf 4.12
Frequency source: wordfreq Urdu multi-corpus ranking

Semantic verification: direct dictionary sense corroborated — Kaikki+ReadUrdu

Sources:
- wordfreq Urdu — Unicode multi-corpus frequency ordering
- Kaikki/Wiktextract — bilingual lexicographic evidence
- ReadUrdu — independent Urdu-English bilingual evidence
- word2word — independent corpus-derived bilingual evidence"
یوکرین,"Rank: 2733

Meaning: Ukraine

Frequency evidence: wordfreq Zipf 4.12
Frequency source: wordfreq Urdu multi-corpus ranking

Semantic verification: direct dictionary sense corroborated — Kaikki+ReadUrdu

Sources:
- wordfreq Urdu — Unicode multi-corpus frequency ordering
- Kaikki/Wiktextract — bilingual lexicographic evidence
- ReadUrdu — independent Urdu-English bilingual evidence
- word2word — independent corpus-derived bilingual evidence"
بندوبست,"Rank: 2734

Meaning: arrangement

Frequency evidence: wordfreq Zipf 4.11
Frequency source: wordfreq Urdu multi-corpus ranking

Semantic verification: direct dictionary sense corroborated — Kaikki+ReadUrdu+word2word

Sources:
- wordfreq Urdu — Unicode multi-corpus frequency ordering
- Kaikki/Wiktextract — bilingual lexicographic evidence
- ReadUrdu — independent Urdu-English bilingual evidence
- word2word — independent corpus-derived bilingual evidence"
بچت,"Rank: 2735

Meaning: savings

Frequency evidence: wordfreq Zipf 4.11
Frequency source: wordfreq Urdu multi-corpus ranking

Semantic verification: direct dictionary sense corroborated — Kaikki+ReadUrdu+word2word

Sources:
- wordfreq Urdu — Unicode multi-corpus frequency ordering
- Kaikki/Wiktextract — bilingual lexicographic evidence
- ReadUrdu — independent Urdu-English bilingual evidence
- word2word — independent corpus-derived bilingual evidence"
تالاب,"Rank: 2736

Meaning: Pond

Frequency evidence: wordfreq Zipf 4.11
Frequency source: wordfreq Urdu multi-corpus ranking

Semantic verification: direct dictionary sense corroborated — ReadUrdu+word2word

Sources:
- wordfreq Urdu — Unicode multi-corpus frequency ordering
- Kaikki/Wiktextract — bilingual lexicographic evidence
- ReadUrdu — independent Urdu-English bilingual evidence
- word2word — independent corpus-derived bilingual evidence"
تعاقب,"Rank: 2737

Meaning: pursuit

Frequency evidence: wordfreq Zipf 4.11
Frequency source: wordfreq Urdu multi-corpus ranking

Semantic verification: direct dictionary sense corroborated — ReadUrdu+word2word

Sources:
- wordfreq Urdu — Unicode multi-corpus frequency ordering
- Kaikki/Wiktextract — bilingual lexicographic evidence
- ReadUrdu — independent Urdu-English bilingual evidence
- word2word — independent corpus-derived bilingual evidence"
تمباکو,"Rank: 2738

Meaning: tobacco

Frequency evidence: wordfreq Zipf 4.11
Frequency source: wordfreq Urdu multi-corpus ranking

Semantic verification: direct dictionary sense corroborated — Kaikki+ReadUrdu+word2word

Sources:
- wordfreq Urdu — Unicode multi-corpus frequency ordering
- Kaikki/Wiktextract — bilingual lexicographic evidence
- ReadUrdu — independent Urdu-English bilingual evidence
- word2word — independent corpus-derived bilingual evidence"
دلکش,"Rank: 2739

Meaning: charming; interesting

Frequency evidence: wordfreq Zipf 4.11
Frequency source: wordfreq Urdu multi-corpus ranking

Semantic verification: direct dictionary sense corroborated — Kaikki+ReadUrdu+word2word

Sources:
- wordfreq Urdu — Unicode multi-corpus frequency ordering
- Kaikki/Wiktextract — bilingual lexicographic evidence
- ReadUrdu — independent Urdu-English bilingual evidence
- word2word — independent corpus-derived bilingual evidence"
دنیاوی,"Rank: 2740

Meaning: worldly; secular

Frequency evidence: wordfreq Zipf 4.11
Frequency source: wordfreq Urdu multi-corpus ranking

Semantic verification: direct dictionary sense corroborated — Kaikki+ReadUrdu

Sources:
- wordfreq Urdu — Unicode multi-corpus frequency ordering
- Kaikki/Wiktextract — bilingual lexicographic evidence
- ReadUrdu — independent Urdu-English bilingual evidence
- word2word — independent corpus-derived bilingual evidence"
دھن,"Rank: 2741

Meaning: money; wealth

Frequency evidence: wordfreq Zipf 4.11
Frequency source: wordfreq Urdu multi-corpus ranking

Semantic verification: direct dictionary sense corroborated — Kaikki+ReadUrdu

Sources:
- wordfreq Urdu — Unicode multi-corpus frequency ordering
- Kaikki/Wiktextract — bilingual lexicographic evidence
- ReadUrdu — independent Urdu-English bilingual evidence
- word2word — independent corpus-derived bilingual evidence"
دھول,"Rank: 2742

Meaning: dust

Frequency evidence: wordfreq Zipf 4.11
Frequency source: wordfreq Urdu multi-corpus ranking

Semantic verification: direct dictionary sense corroborated — Kaikki+ReadUrdu+word2word

Sources:
- wordfreq Urdu — Unicode multi-corpus frequency ordering
- Kaikki/Wiktextract — bilingual lexicographic evidence
- ReadUrdu — independent Urdu-English bilingual evidence
- word2word — independent corpus-derived bilingual evidence"
ریشم,"Rank: 2743

Meaning: silk

Frequency evidence: wordfreq Zipf 4.11
Frequency source: wordfreq Urdu multi-corpus ranking

Semantic verification: direct dictionary sense corroborated — Kaikki+ReadUrdu

Sources:
- wordfreq Urdu — Unicode multi-corpus frequency ordering
- Kaikki/Wiktextract — bilingual lexicographic evidence
- ReadUrdu — independent Urdu-English bilingual evidence
- word2word — independent corpus-derived bilingual evidence"
سستا,"Rank: 2744

Meaning: cheap; inexpensive

Frequency evidence: wordfreq Zipf 4.11
Frequency source: wordfreq Urdu multi-corpus ranking

Semantic verification: direct dictionary sense corroborated — Kaikki+ReadUrdu+word2word

Sources:
- wordfreq Urdu — Unicode multi-corpus frequency ordering
- Kaikki/Wiktextract — bilingual lexicographic evidence
- ReadUrdu — independent Urdu-English bilingual evidence
- word2word — independent corpus-derived bilingual evidence"
سوامی,"Rank: 2745

Meaning: master; lord

Frequency evidence: wordfreq Zipf 4.11
Frequency source: wordfreq Urdu multi-corpus ranking

Semantic verification: direct dictionary sense corroborated — Kaikki+ReadUrdu

Sources:
- wordfreq Urdu — Unicode multi-corpus frequency ordering
- Kaikki/Wiktextract — bilingual lexicographic evidence
- ReadUrdu — independent Urdu-English bilingual evidence
- word2word — independent corpus-derived bilingual evidence"
شمع,"Rank: 2746

Meaning: candle; lamp

Frequency evidence: wordfreq Zipf 4.11
Frequency source: wordfreq Urdu multi-corpus ranking

Semantic verification: direct dictionary sense corroborated — Kaikki+ReadUrdu

Sources:
- wordfreq Urdu — Unicode multi-corpus frequency ordering
- Kaikki/Wiktextract — bilingual lexicographic evidence
- ReadUrdu — independent Urdu-English bilingual evidence
- word2word — independent corpus-derived bilingual evidence"
شیخوپورہ,"Rank: 2747

Meaning: Sheikhupura

Frequency evidence: wordfreq Zipf 4.11
Frequency source: wordfreq Urdu multi-corpus ranking

Semantic verification: direct dictionary sense corroborated — Kaikki+ReadUrdu

Sources:
- wordfreq Urdu — Unicode multi-corpus frequency ordering
- Kaikki/Wiktextract — bilingual lexicographic evidence
- ReadUrdu — independent Urdu-English bilingual evidence
- word2word — independent corpus-derived bilingual evidence"
عیسائیت,"Rank: 2748

Meaning: Christianity

Frequency evidence: wordfreq Zipf 4.11
Frequency source: wordfreq Urdu multi-corpus ranking

Semantic verification: direct dictionary sense corroborated — Kaikki+ReadUrdu+word2word

Sources:
- wordfreq Urdu — Unicode multi-corpus frequency ordering
- Kaikki/Wiktextract — bilingual lexicographic evidence
- ReadUrdu — independent Urdu-English bilingual evidence
- word2word — independent corpus-derived bilingual evidence"
فانی,"Rank: 2749

Meaning: mortal; perishable

Frequency evidence: wordfreq Zipf 4.11
Frequency source: wordfreq Urdu multi-corpus ranking

Semantic verification: direct dictionary sense corroborated — Kaikki+ReadUrdu

Sources:
- wordfreq Urdu — Unicode multi-corpus frequency ordering
- Kaikki/Wiktextract — bilingual lexicographic evidence
- ReadUrdu — independent Urdu-English bilingual evidence
- word2word — independent corpus-derived bilingual evidence"
فریاد,"Rank: 2750

Meaning: complaint

Frequency evidence: wordfreq Zipf 4.11
Frequency source: wordfreq Urdu multi-corpus ranking

Semantic verification: direct dictionary sense corroborated — Kaikki+ReadUrdu

Sources:
- wordfreq Urdu — Unicode multi-corpus frequency ordering
- Kaikki/Wiktextract — bilingual lexicographic evidence
- ReadUrdu — independent Urdu-English bilingual evidence
- word2word — independent corpus-derived bilingual evidence"
قاعدہ,"Rank: 2751

Meaning: law; rule

Frequency evidence: wordfreq Zipf 4.11
Frequency source: wordfreq Urdu multi-corpus ranking

Semantic verification: direct dictionary sense corroborated — Kaikki+ReadUrdu

Sources:
- wordfreq Urdu — Unicode multi-corpus frequency ordering
- Kaikki/Wiktextract — bilingual lexicographic evidence
- ReadUrdu — independent Urdu-English bilingual evidence
- word2word — independent corpus-derived bilingual evidence"
مہلت,"Rank: 2752

Meaning: grace period; respite

Frequency evidence: wordfreq Zipf 4.11
Frequency source: wordfreq Urdu multi-corpus ranking

Semantic verification: direct dictionary sense corroborated — Kaikki+ReadUrdu

Sources:
- wordfreq Urdu — Unicode multi-corpus frequency ordering
- Kaikki/Wiktextract — bilingual lexicographic evidence
- ReadUrdu — independent Urdu-English bilingual evidence
- word2word — independent corpus-derived bilingual evidence"
میرپور,"Rank: 2753

Meaning: Mirpur

Frequency evidence: wordfreq Zipf 4.11
Frequency source: wordfreq Urdu multi-corpus ranking

Semantic verification: direct dictionary sense corroborated — Kaikki+ReadUrdu

Sources:
- wordfreq Urdu — Unicode multi-corpus frequency ordering
- Kaikki/Wiktextract — bilingual lexicographic evidence
- ReadUrdu — independent Urdu-English bilingual evidence
- word2word — independent corpus-derived bilingual evidence"
واں,"Rank: 2754

Meaning: -th

Frequency evidence: wordfreq Zipf 4.11
Frequency source: wordfreq Urdu multi-corpus ranking

Semantic verification: direct dictionary sense corroborated — Kaikki+ReadUrdu

Sources:
- wordfreq Urdu — Unicode multi-corpus frequency ordering
- Kaikki/Wiktextract — bilingual lexicographic evidence
- ReadUrdu — independent Urdu-English bilingual evidence
- word2word — independent corpus-derived bilingual evidence"
وہم,"Rank: 2755

Meaning: illusion

Frequency evidence: wordfreq Zipf 4.11
Frequency source: wordfreq Urdu multi-corpus ranking

Semantic verification: direct dictionary sense corroborated — Kaikki+ReadUrdu

Sources:
- wordfreq Urdu — Unicode multi-corpus frequency ordering
- Kaikki/Wiktextract — bilingual lexicographic evidence
- ReadUrdu — independent Urdu-English bilingual evidence
- word2word — independent corpus-derived bilingual evidence"
پینا,"Rank: 2756

Meaning: to drink; to take

Frequency evidence: wordfreq Zipf 4.11
Frequency source: wordfreq Urdu multi-corpus ranking

Semantic verification: direct dictionary sense corroborated — Kaikki+ReadUrdu+word2word

Sources:
- wordfreq Urdu — Unicode multi-corpus frequency ordering
- Kaikki/Wiktextract — bilingual lexicographic evidence
- ReadUrdu — independent Urdu-English bilingual evidence
- word2word — independent corpus-derived bilingual evidence"
ڈھانچہ,"Rank: 2757

Meaning: frame; structure

Frequency evidence: wordfreq Zipf 4.11
Frequency source: wordfreq Urdu multi-corpus ranking

Semantic verification: direct dictionary sense corroborated — Kaikki+ReadUrdu

Sources:
- wordfreq Urdu — Unicode multi-corpus frequency ordering
- Kaikki/Wiktextract — bilingual lexicographic evidence
- ReadUrdu — independent Urdu-English bilingual evidence
- word2word — independent corpus-derived bilingual evidence"
کمرہ,"Rank: 2758

Meaning: room; chamber

Frequency evidence: wordfreq Zipf 4.11
Frequency source: wordfreq Urdu multi-corpus ranking

Semantic verification: direct dictionary sense corroborated — Kaikki+ReadUrdu+word2word

Sources:
- wordfreq Urdu — Unicode multi-corpus frequency ordering
- Kaikki/Wiktextract — bilingual lexicographic evidence
- ReadUrdu — independent Urdu-English bilingual evidence
- word2word — independent corpus-derived bilingual evidence"
گدھے,"Rank: 2759

Meaning: ass!; jerk

Frequency evidence: wordfreq Zipf 4.11
Frequency source: wordfreq Urdu multi-corpus ranking

Semantic verification: direct dictionary sense corroborated — Kaikki+ReadUrdu

Sources:
- wordfreq Urdu — Unicode multi-corpus frequency ordering
- Kaikki/Wiktextract — bilingual lexicographic evidence
- ReadUrdu — independent Urdu-English bilingual evidence
- word2word — independent corpus-derived bilingual evidence"
آکسیجن,"Rank: 2760

Meaning: oxygen

Frequency evidence: wordfreq Zipf 4.10
Frequency source: wordfreq Urdu multi-corpus ranking

Semantic verification: direct dictionary sense corroborated — Kaikki+ReadUrdu+word2word

Sources:
- wordfreq Urdu — Unicode multi-corpus frequency ordering
- Kaikki/Wiktextract — bilingual lexicographic evidence
- ReadUrdu — independent Urdu-English bilingual evidence
- word2word — independent corpus-derived bilingual evidence"
اجداد,"Rank: 2761

Meaning: forefathers

Frequency evidence: wordfreq Zipf 4.10
Frequency source: wordfreq Urdu multi-corpus ranking

Semantic verification: direct dictionary sense corroborated — Kaikki+ReadUrdu

Sources:
- wordfreq Urdu — Unicode multi-corpus frequency ordering
- Kaikki/Wiktextract — bilingual lexicographic evidence
- ReadUrdu — independent Urdu-English bilingual evidence
- word2word — independent corpus-derived bilingual evidence"
اخلاص,"Rank: 2762

Meaning: love; purity

Frequency evidence: wordfreq Zipf 4.10
Frequency source: wordfreq Urdu multi-corpus ranking

Semantic verification: direct dictionary sense corroborated — Kaikki+ReadUrdu

Sources:
- wordfreq Urdu — Unicode multi-corpus frequency ordering
- Kaikki/Wiktextract — bilingual lexicographic evidence
- ReadUrdu — independent Urdu-English bilingual evidence
- word2word — independent corpus-derived bilingual evidence"
اصلاحی,"Rank: 2763

Meaning: reform; meliorative

Frequency evidence: wordfreq Zipf 4.10
Frequency source: wordfreq Urdu multi-corpus ranking

Semantic verification: direct dictionary sense corroborated — Kaikki+ReadUrdu

Sources:
- wordfreq Urdu — Unicode multi-corpus frequency ordering
- Kaikki/Wiktextract — bilingual lexicographic evidence
- ReadUrdu — independent Urdu-English bilingual evidence
- word2word — independent corpus-derived bilingual evidence"
ایماندار,"Rank: 2764

Meaning: honest; true

Frequency evidence: wordfreq Zipf 4.10
Frequency source: wordfreq Urdu multi-corpus ranking

Semantic verification: direct dictionary sense corroborated — Kaikki+ReadUrdu+word2word

Sources:
- wordfreq Urdu — Unicode multi-corpus frequency ordering
- Kaikki/Wiktextract — bilingual lexicographic evidence
- ReadUrdu — independent Urdu-English bilingual evidence
- word2word — independent corpus-derived bilingual evidence"
برادر,"Rank: 2765

Meaning: Brother

Frequency evidence: wordfreq Zipf 4.10
Frequency source: wordfreq Urdu multi-corpus ranking

Semantic verification: direct dictionary sense corroborated — ReadUrdu+word2word

Sources:
- wordfreq Urdu — Unicode multi-corpus frequency ordering
- Kaikki/Wiktextract — bilingual lexicographic evidence
- ReadUrdu — independent Urdu-English bilingual evidence
- word2word — independent corpus-derived bilingual evidence"
بھیک,"Rank: 2766

Meaning: begging; alms

Frequency evidence: wordfreq Zipf 4.10
Frequency source: wordfreq Urdu multi-corpus ranking

Semantic verification: direct dictionary sense corroborated — Kaikki+ReadUrdu

Sources:
- wordfreq Urdu — Unicode multi-corpus frequency ordering
- Kaikki/Wiktextract — bilingual lexicographic evidence
- ReadUrdu — independent Urdu-English bilingual evidence
- word2word — independent corpus-derived bilingual evidence"
تاریکی,"Rank: 2767

Meaning: darkness

Frequency evidence: wordfreq Zipf 4.10
Frequency source: wordfreq Urdu multi-corpus ranking

Semantic verification: direct dictionary sense corroborated — Kaikki+ReadUrdu

Sources:
- wordfreq Urdu — Unicode multi-corpus frequency ordering
- Kaikki/Wiktextract — bilingual lexicographic evidence
- ReadUrdu — independent Urdu-English bilingual evidence
- word2word — independent corpus-derived bilingual evidence"
جرمانہ,"Rank: 2768

Meaning: a fine; penalty

Frequency evidence: wordfreq Zipf 4.10
Frequency source: wordfreq Urdu multi-corpus ranking

Semantic verification: direct dictionary sense corroborated — Kaikki+ReadUrdu

Sources:
- wordfreq Urdu — Unicode multi-corpus frequency ordering
- Kaikki/Wiktextract — bilingual lexicographic evidence
- ReadUrdu — independent Urdu-English bilingual evidence
- word2word — independent corpus-derived bilingual evidence"
دری,"Rank: 2769

Meaning: a big bright star; Dari Persian

Frequency evidence: wordfreq Zipf 4.10
Frequency source: wordfreq Urdu multi-corpus ranking

Semantic verification: direct dictionary sense corroborated — Kaikki+ReadUrdu

Sources:
- wordfreq Urdu — Unicode multi-corpus frequency ordering
- Kaikki/Wiktextract — bilingual lexicographic evidence
- ReadUrdu — independent Urdu-English bilingual evidence
- word2word — independent corpus-derived bilingual evidence"
دوستانہ,"Rank: 2770

Meaning: friendly; friendship

Frequency evidence: wordfreq Zipf 4.10
Frequency source: wordfreq Urdu multi-corpus ranking

Semantic verification: direct dictionary sense corroborated — Kaikki+ReadUrdu

Sources:
- wordfreq Urdu — Unicode multi-corpus frequency ordering
- Kaikki/Wiktextract — bilingual lexicographic evidence
- ReadUrdu — independent Urdu-English bilingual evidence
- word2word — independent corpus-derived bilingual evidence"
دھرم,"Rank: 2771

Meaning: religion; dharma

Frequency evidence: wordfreq Zipf 4.10
Frequency source: wordfreq Urdu multi-corpus ranking

Semantic verification: direct dictionary sense corroborated — Kaikki+ReadUrdu

Sources:
- wordfreq Urdu — Unicode multi-corpus frequency ordering
- Kaikki/Wiktextract — bilingual lexicographic evidence
- ReadUrdu — independent Urdu-English bilingual evidence
- word2word — independent corpus-derived bilingual evidence"
سائنسدان,"Rank: 2772

Meaning: scientist

Frequency evidence: wordfreq Zipf 4.10
Frequency source: wordfreq Urdu multi-corpus ranking

Semantic verification: direct dictionary sense corroborated — Kaikki+ReadUrdu+word2word

Sources:
- wordfreq Urdu — Unicode multi-corpus frequency ordering
- Kaikki/Wiktextract — bilingual lexicographic evidence
- ReadUrdu — independent Urdu-English bilingual evidence
- word2word — independent corpus-derived bilingual evidence"
سائیں,"Rank: 2773

Meaning: husband; master

Frequency evidence: wordfreq Zipf 4.10
Frequency source: wordfreq Urdu multi-corpus ranking

Semantic verification: direct dictionary sense corroborated — Kaikki+ReadUrdu

Sources:
- wordfreq Urdu — Unicode multi-corpus frequency ordering
- Kaikki/Wiktextract — bilingual lexicographic evidence
- ReadUrdu — independent Urdu-English bilingual evidence
- word2word — independent corpus-derived bilingual evidence"
سمجھوتہ,"Rank: 2774

Meaning: compromise; deal

Frequency evidence: wordfreq Zipf 4.10
Frequency source: wordfreq Urdu multi-corpus ranking

Semantic verification: direct dictionary sense corroborated — Kaikki+ReadUrdu+word2word

Sources:
- wordfreq Urdu — Unicode multi-corpus frequency ordering
- Kaikki/Wiktextract — bilingual lexicographic evidence
- ReadUrdu — independent Urdu-English bilingual evidence
- word2word — independent corpus-derived bilingual evidence"
صابر,"Rank: 2775

Meaning: patient; enduring

Frequency evidence: wordfreq Zipf 4.10
Frequency source: wordfreq Urdu multi-corpus ranking

Semantic verification: direct dictionary sense corroborated — Kaikki+ReadUrdu

Sources:
- wordfreq Urdu — Unicode multi-corpus frequency ordering
- Kaikki/Wiktextract — bilingual lexicographic evidence
- ReadUrdu — independent Urdu-English bilingual evidence
- word2word — independent corpus-derived bilingual evidence"
فائل,"Rank: 2776

Meaning: file

Frequency evidence: wordfreq Zipf 4.10
Frequency source: wordfreq Urdu multi-corpus ranking

Semantic verification: direct dictionary sense corroborated — ReadUrdu+word2word

Sources:
- wordfreq Urdu — Unicode multi-corpus frequency ordering
- Kaikki/Wiktextract — bilingual lexicographic evidence
- ReadUrdu — independent Urdu-English bilingual evidence
- word2word — independent corpus-derived bilingual evidence"
لگن,"Rank: 2777

Meaning: time; love

Frequency evidence: wordfreq Zipf 4.10
Frequency source: wordfreq Urdu multi-corpus ranking

Semantic verification: direct dictionary sense corroborated — Kaikki+ReadUrdu

Sources:
- wordfreq Urdu — Unicode multi-corpus frequency ordering
- Kaikki/Wiktextract — bilingual lexicographic evidence
- ReadUrdu — independent Urdu-English bilingual evidence
- word2word — independent corpus-derived bilingual evidence"
مرتے,"Rank: 2778

Meaning: die

Frequency evidence: wordfreq Zipf 4.10
Frequency source: wordfreq Urdu multi-corpus ranking

Semantic verification: direct dictionary sense corroborated — ReadUrdu+word2word

Sources:
- wordfreq Urdu — Unicode multi-corpus frequency ordering
- Kaikki/Wiktextract — bilingual lexicographic evidence
- ReadUrdu — independent Urdu-English bilingual evidence
- word2word — independent corpus-derived bilingual evidence"
ناشتہ,"Rank: 2779

Meaning: light food; breakfast

Frequency evidence: wordfreq Zipf 4.10
Frequency source: wordfreq Urdu multi-corpus ranking

Semantic verification: direct dictionary sense corroborated — Kaikki+ReadUrdu

Sources:
- wordfreq Urdu — Unicode multi-corpus frequency ordering
- Kaikki/Wiktextract — bilingual lexicographic evidence
- ReadUrdu — independent Urdu-English bilingual evidence
- word2word — independent corpus-derived bilingual evidence"
نوشی,"Rank: 2780

Meaning: drinking

Frequency evidence: wordfreq Zipf 4.10
Frequency source: wordfreq Urdu multi-corpus ranking

Semantic verification: direct dictionary sense corroborated — Kaikki+ReadUrdu

Sources:
- wordfreq Urdu — Unicode multi-corpus frequency ordering
- Kaikki/Wiktextract — bilingual lexicographic evidence
- ReadUrdu — independent Urdu-English bilingual evidence
- word2word — independent corpus-derived bilingual evidence"
ٹھہرے,"Rank: 2781

Meaning: stayed

Frequency evidence: wordfreq Zipf 4.10
Frequency source: wordfreq Urdu multi-corpus ranking

Semantic verification: direct dictionary sense corroborated — ReadUrdu+word2word

Sources:
- wordfreq Urdu — Unicode multi-corpus frequency ordering
- Kaikki/Wiktextract — bilingual lexicographic evidence
- ReadUrdu — independent Urdu-English bilingual evidence
- word2word — independent corpus-derived bilingual evidence"
چمن,"Rank: 2782

Meaning: garden

Frequency evidence: wordfreq Zipf 4.10
Frequency source: wordfreq Urdu multi-corpus ranking

Semantic verification: direct dictionary sense corroborated — Kaikki+ReadUrdu

Sources:
- wordfreq Urdu — Unicode multi-corpus frequency ordering
- Kaikki/Wiktextract — bilingual lexicographic evidence
- ReadUrdu — independent Urdu-English bilingual evidence
- word2word — independent corpus-derived bilingual evidence"
کنور,"Rank: 2783

Meaning: child; son

Frequency evidence: wordfreq Zipf 4.10
Frequency source: wordfreq Urdu multi-corpus ranking

Semantic verification: direct dictionary sense corroborated — Kaikki+ReadUrdu

Sources:
- wordfreq Urdu — Unicode multi-corpus frequency ordering
- Kaikki/Wiktextract — bilingual lexicographic evidence
- ReadUrdu — independent Urdu-English bilingual evidence
- word2word — independent corpus-derived bilingual evidence"
گستاخی,"Rank: 2784

Meaning: arrogance; insolence

Frequency evidence: wordfreq Zipf 4.10
Frequency source: wordfreq Urdu multi-corpus ranking

Semantic verification: direct dictionary sense corroborated — Kaikki+ReadUrdu

Sources:
- wordfreq Urdu — Unicode multi-corpus frequency ordering
- Kaikki/Wiktextract — bilingual lexicographic evidence
- ReadUrdu — independent Urdu-English bilingual evidence
- word2word — independent corpus-derived bilingual evidence"
اورنگ,"Rank: 2785

Meaning: throne

Frequency evidence: wordfreq Zipf 4.09
Frequency source: wordfreq Urdu multi-corpus ranking

Semantic verification: direct dictionary sense corroborated — Kaikki+ReadUrdu

Sources:
- wordfreq Urdu — Unicode multi-corpus frequency ordering
- Kaikki/Wiktextract — bilingual lexicographic evidence
- ReadUrdu — independent Urdu-English bilingual evidence
- word2word — independent corpus-derived bilingual evidence"
دکھاتے,"Rank: 2786

Meaning: show

Frequency evidence: wordfreq Zipf 4.09
Frequency source: wordfreq Urdu multi-corpus ranking

Semantic verification: direct dictionary sense corroborated — ReadUrdu+word2word

Sources:
- wordfreq Urdu — Unicode multi-corpus frequency ordering
- Kaikki/Wiktextract — bilingual lexicographic evidence
- ReadUrdu — independent Urdu-English bilingual evidence
- word2word — independent corpus-derived bilingual evidence"
زکریا,"Rank: 2787

Meaning: Zechariah; Zacharias

Frequency evidence: wordfreq Zipf 4.09
Frequency source: wordfreq Urdu multi-corpus ranking

Semantic verification: direct dictionary sense corroborated — Kaikki+ReadUrdu

Sources:
- wordfreq Urdu — Unicode multi-corpus frequency ordering
- Kaikki/Wiktextract — bilingual lexicographic evidence
- ReadUrdu — independent Urdu-English bilingual evidence
- word2word — independent corpus-derived bilingual evidence"
سامعین,"Rank: 2788

Meaning: listeners; audience

Frequency evidence: wordfreq Zipf 4.09
Frequency source: wordfreq Urdu multi-corpus ranking

Semantic verification: direct dictionary sense corroborated — Kaikki+ReadUrdu+word2word

Sources:
- wordfreq Urdu — Unicode multi-corpus frequency ordering
- Kaikki/Wiktextract — bilingual lexicographic evidence
- ReadUrdu — independent Urdu-English bilingual evidence
- word2word — independent corpus-derived bilingual evidence"
سخی,"Rank: 2789

Meaning: generous; bountiful

Frequency evidence: wordfreq Zipf 4.09
Frequency source: wordfreq Urdu multi-corpus ranking

Semantic verification: direct dictionary sense corroborated — Kaikki+ReadUrdu+word2word

Sources:
- wordfreq Urdu — Unicode multi-corpus frequency ordering
- Kaikki/Wiktextract — bilingual lexicographic evidence
- ReadUrdu — independent Urdu-English bilingual evidence
- word2word — independent corpus-derived bilingual evidence"
سہل,"Rank: 2790

Meaning: easy

Frequency evidence: wordfreq Zipf 4.09
Frequency source: wordfreq Urdu multi-corpus ranking

Semantic verification: direct dictionary sense corroborated — Kaikki+ReadUrdu

Sources:
- wordfreq Urdu — Unicode multi-corpus frequency ordering
- Kaikki/Wiktextract — bilingual lexicographic evidence
- ReadUrdu — independent Urdu-English bilingual evidence
- word2word — independent corpus-derived bilingual evidence"
لڑیں,"Rank: 2791

Meaning: fight

Frequency evidence: wordfreq Zipf 4.09
Frequency source: wordfreq Urdu multi-corpus ranking

Semantic verification: direct dictionary sense corroborated — ReadUrdu+word2word

Sources:
- wordfreq Urdu — Unicode multi-corpus frequency ordering
- Kaikki/Wiktextract — bilingual lexicographic evidence
- ReadUrdu — independent Urdu-English bilingual evidence
- word2word — independent corpus-derived bilingual evidence"
لکیر,"Rank: 2792

Meaning: line

Frequency evidence: wordfreq Zipf 4.09
Frequency source: wordfreq Urdu multi-corpus ranking

Semantic verification: direct dictionary sense corroborated — Kaikki+ReadUrdu+word2word

Sources:
- wordfreq Urdu — Unicode multi-corpus frequency ordering
- Kaikki/Wiktextract — bilingual lexicographic evidence
- ReadUrdu — independent Urdu-English bilingual evidence
- word2word — independent corpus-derived bilingual evidence"
مرغی,"Rank: 2793

Meaning: hen

Frequency evidence: wordfreq Zipf 4.09
Frequency source: wordfreq Urdu multi-corpus ranking

Semantic verification: direct dictionary sense corroborated — Kaikki+ReadUrdu+word2word

Sources:
- wordfreq Urdu — Unicode multi-corpus frequency ordering
- Kaikki/Wiktextract — bilingual lexicographic evidence
- ReadUrdu — independent Urdu-English bilingual evidence
- word2word — independent corpus-derived bilingual evidence"
منکر,"Rank: 2794

Meaning: denial

Frequency evidence: wordfreq Zipf 4.09
Frequency source: wordfreq Urdu multi-corpus ranking

Semantic verification: direct dictionary sense corroborated — Kaikki+ReadUrdu

Sources:
- wordfreq Urdu — Unicode multi-corpus frequency ordering
- Kaikki/Wiktextract — bilingual lexicographic evidence
- ReadUrdu — independent Urdu-English bilingual evidence
- word2word — independent corpus-derived bilingual evidence"
نجیب,"Rank: 2795

Meaning: excellent; generous

Frequency evidence: wordfreq Zipf 4.09
Frequency source: wordfreq Urdu multi-corpus ranking

Semantic verification: direct dictionary sense corroborated — Kaikki+ReadUrdu

Sources:
- wordfreq Urdu — Unicode multi-corpus frequency ordering
- Kaikki/Wiktextract — bilingual lexicographic evidence
- ReadUrdu — independent Urdu-English bilingual evidence
- word2word — independent corpus-derived bilingual evidence"
نوکر,"Rank: 2796

Meaning: domestic; servant

Frequency evidence: wordfreq Zipf 4.09
Frequency source: wordfreq Urdu multi-corpus ranking

Semantic verification: direct dictionary sense corroborated — Kaikki+ReadUrdu

Sources:
- wordfreq Urdu — Unicode multi-corpus frequency ordering
- Kaikki/Wiktextract — bilingual lexicographic evidence
- ReadUrdu — independent Urdu-English bilingual evidence
- word2word — independent corpus-derived bilingual evidence"
وقفہ,"Rank: 2797

Meaning: space; gap

Frequency evidence: wordfreq Zipf 4.09
Frequency source: wordfreq Urdu multi-corpus ranking

Semantic verification: direct dictionary sense corroborated — Kaikki+ReadUrdu+word2word

Sources:
- wordfreq Urdu — Unicode multi-corpus frequency ordering
- Kaikki/Wiktextract — bilingual lexicographic evidence
- ReadUrdu — independent Urdu-English bilingual evidence
- word2word — independent corpus-derived bilingual evidence"
ٹانگ,"Rank: 2798

Meaning: leg

Frequency evidence: wordfreq Zipf 4.09
Frequency source: wordfreq Urdu multi-corpus ranking

Semantic verification: direct dictionary sense corroborated — Kaikki+ReadUrdu+word2word

Sources:
- wordfreq Urdu — Unicode multi-corpus frequency ordering
- Kaikki/Wiktextract — bilingual lexicographic evidence
- ReadUrdu — independent Urdu-English bilingual evidence
- word2word — independent corpus-derived bilingual evidence"
پونے,"Rank: 2799

Meaning: a quarter less; quarter to

Frequency evidence: wordfreq Zipf 4.09
Frequency source: wordfreq Urdu multi-corpus ranking

Semantic verification: direct dictionary sense corroborated — Kaikki+ReadUrdu

Sources:
- wordfreq Urdu — Unicode multi-corpus frequency ordering
- Kaikki/Wiktextract — bilingual lexicographic evidence
- ReadUrdu — independent Urdu-English bilingual evidence
- word2word — independent corpus-derived bilingual evidence"
کارٹون,"Rank: 2800

Meaning: cartoon

Frequency evidence: wordfreq Zipf 4.09
Frequency source: wordfreq Urdu multi-corpus ranking

Semantic verification: direct dictionary sense corroborated — Kaikki+ReadUrdu+word2word

Sources:
- wordfreq Urdu — Unicode multi-corpus frequency ordering
- Kaikki/Wiktextract — bilingual lexicographic evidence
- ReadUrdu — independent Urdu-English bilingual evidence
- word2word — independent corpus-derived bilingual evidence"
کانسی,"Rank: 2801

Meaning: bronze

Frequency evidence: wordfreq Zipf 4.09
Frequency source: wordfreq Urdu multi-corpus ranking

Semantic verification: direct dictionary sense corroborated — Kaikki+ReadUrdu

Sources:
- wordfreq Urdu — Unicode multi-corpus frequency ordering
- Kaikki/Wiktextract — bilingual lexicographic evidence
- ReadUrdu — independent Urdu-English bilingual evidence
- word2word — independent corpus-derived bilingual evidence"
کپڑا,"Rank: 2802

Meaning: cloth; garment

Frequency evidence: wordfreq Zipf 4.09
Frequency source: wordfreq Urdu multi-corpus ranking

Semantic verification: direct dictionary sense corroborated — Kaikki+ReadUrdu+word2word

Sources:
- wordfreq Urdu — Unicode multi-corpus frequency ordering
- Kaikki/Wiktextract — bilingual lexicographic evidence
- ReadUrdu — independent Urdu-English bilingual evidence
- word2word — independent corpus-derived bilingual evidence"
کھیلنا,"Rank: 2803

Meaning: to play

Frequency evidence: wordfreq Zipf 4.09
Frequency source: wordfreq Urdu multi-corpus ranking

Semantic verification: direct dictionary sense corroborated — Kaikki+ReadUrdu+word2word

Sources:
- wordfreq Urdu — Unicode multi-corpus frequency ordering
- Kaikki/Wiktextract — bilingual lexicographic evidence
- ReadUrdu — independent Urdu-English bilingual evidence
- word2word — independent corpus-derived bilingual evidence"
آفت,"Rank: 2804

Meaning: disaster; calamity

Frequency evidence: wordfreq Zipf 4.08
Frequency source: wordfreq Urdu multi-corpus ranking

Semantic verification: direct dictionary sense corroborated — Kaikki+ReadUrdu+word2word

Sources:
- wordfreq Urdu — Unicode multi-corpus frequency ordering
- Kaikki/Wiktextract — bilingual lexicographic evidence
- ReadUrdu — independent Urdu-English bilingual evidence
- word2word — independent corpus-derived bilingual evidence"
اساس,"Rank: 2805

Meaning: foundation; ground

Frequency evidence: wordfreq Zipf 4.08
Frequency source: wordfreq Urdu multi-corpus ranking

Semantic verification: direct dictionary sense corroborated — Kaikki+ReadUrdu

Sources:
- wordfreq Urdu — Unicode multi-corpus frequency ordering
- Kaikki/Wiktextract — bilingual lexicographic evidence
- ReadUrdu — independent Urdu-English bilingual evidence
- word2word — independent corpus-derived bilingual evidence"
الٹی,"Rank: 2806

Meaning: sick; vomit

Frequency evidence: wordfreq Zipf 4.08
Frequency source: wordfreq Urdu multi-corpus ranking

Semantic verification: direct dictionary sense corroborated — Kaikki+ReadUrdu

Sources:
- wordfreq Urdu — Unicode multi-corpus frequency ordering
- Kaikki/Wiktextract — bilingual lexicographic evidence
- ReadUrdu — independent Urdu-English bilingual evidence
- word2word — independent corpus-derived bilingual evidence"
بوٹ,"Rank: 2807

Meaning: boot

Frequency evidence: wordfreq Zipf 4.08
Frequency source: wordfreq Urdu multi-corpus ranking

Semantic verification: direct dictionary sense corroborated — Kaikki+ReadUrdu+word2word

Sources:
- wordfreq Urdu — Unicode multi-corpus frequency ordering
- Kaikki/Wiktextract — bilingual lexicographic evidence
- ReadUrdu — independent Urdu-English bilingual evidence
- word2word — independent corpus-derived bilingual evidence"
جاگ,"Rank: 2808

Meaning: wake

Frequency evidence: wordfreq Zipf 4.08
Frequency source: wordfreq Urdu multi-corpus ranking

Semantic verification: direct dictionary sense corroborated — Kaikki+ReadUrdu+word2word

Sources:
- wordfreq Urdu — Unicode multi-corpus frequency ordering
- Kaikki/Wiktextract — bilingual lexicographic evidence
- ReadUrdu — independent Urdu-English bilingual evidence
- word2word — independent corpus-derived bilingual evidence"
حریت,"Rank: 2809

Meaning: freedom; liberty

Frequency evidence: wordfreq Zipf 4.08
Frequency source: wordfreq Urdu multi-corpus ranking

Semantic verification: direct dictionary sense corroborated — Kaikki+ReadUrdu

Sources:
- wordfreq Urdu — Unicode multi-corpus frequency ordering
- Kaikki/Wiktextract — bilingual lexicographic evidence
- ReadUrdu — independent Urdu-English bilingual evidence
- word2word — independent corpus-derived bilingual evidence"
درجن,"Rank: 2810

Meaning: dozen

Frequency evidence: wordfreq Zipf 4.08
Frequency source: wordfreq Urdu multi-corpus ranking

Semantic verification: direct dictionary sense corroborated — Kaikki+ReadUrdu+word2word

Sources:
- wordfreq Urdu — Unicode multi-corpus frequency ordering
- Kaikki/Wiktextract — bilingual lexicographic evidence
- ReadUrdu — independent Urdu-English bilingual evidence
- word2word — independent corpus-derived bilingual evidence"
سنگاپور,"Rank: 2811

Meaning: Singapore

Frequency evidence: wordfreq Zipf 4.08
Frequency source: wordfreq Urdu multi-corpus ranking

Semantic verification: direct dictionary sense corroborated — Kaikki+ReadUrdu

Sources:
- wordfreq Urdu — Unicode multi-corpus frequency ordering
- Kaikki/Wiktextract — bilingual lexicographic evidence
- ReadUrdu — independent Urdu-English bilingual evidence
- word2word — independent corpus-derived bilingual evidence"
فرضی,"Rank: 2812

Meaning: false; fake

Frequency evidence: wordfreq Zipf 4.08
Frequency source: wordfreq Urdu multi-corpus ranking

Semantic verification: direct dictionary sense corroborated — Kaikki+ReadUrdu

Sources:
- wordfreq Urdu — Unicode multi-corpus frequency ordering
- Kaikki/Wiktextract — bilingual lexicographic evidence
- ReadUrdu — independent Urdu-English bilingual evidence
- word2word — independent corpus-derived bilingual evidence"
لوہا,"Rank: 2813

Meaning: iron; a sword

Frequency evidence: wordfreq Zipf 4.08
Frequency source: wordfreq Urdu multi-corpus ranking

Semantic verification: direct dictionary sense corroborated — Kaikki+ReadUrdu

Sources:
- wordfreq Urdu — Unicode multi-corpus frequency ordering
- Kaikki/Wiktextract — bilingual lexicographic evidence
- ReadUrdu — independent Urdu-English bilingual evidence
- word2word — independent corpus-derived bilingual evidence"
مدیر,"Rank: 2814

Meaning: director; manager

Frequency evidence: wordfreq Zipf 4.08
Frequency source: wordfreq Urdu multi-corpus ranking

Semantic verification: direct dictionary sense corroborated — Kaikki+ReadUrdu

Sources:
- wordfreq Urdu — Unicode multi-corpus frequency ordering
- Kaikki/Wiktextract — bilingual lexicographic evidence
- ReadUrdu — independent Urdu-English bilingual evidence
- word2word — independent corpus-derived bilingual evidence"
پاپ,"Rank: 2815

Meaning: sin

Frequency evidence: wordfreq Zipf 4.08
Frequency source: wordfreq Urdu multi-corpus ranking

Semantic verification: direct dictionary sense corroborated — Kaikki+ReadUrdu

Sources:
- wordfreq Urdu — Unicode multi-corpus frequency ordering
- Kaikki/Wiktextract — bilingual lexicographic evidence
- ReadUrdu — independent Urdu-English bilingual evidence
- word2word — independent corpus-derived bilingual evidence"
کھجور,"Rank: 2816

Meaning: date; date palm

Frequency evidence: wordfreq Zipf 4.08
Frequency source: wordfreq Urdu multi-corpus ranking

Semantic verification: direct dictionary sense corroborated — Kaikki+ReadUrdu

Sources:
- wordfreq Urdu — Unicode multi-corpus frequency ordering
- Kaikki/Wiktextract — bilingual lexicographic evidence
- ReadUrdu — independent Urdu-English bilingual evidence
- word2word — independent corpus-derived bilingual evidence"
کیل,"Rank: 2817

Meaning: nail; pin

Frequency evidence: wordfreq Zipf 4.08
Frequency source: wordfreq Urdu multi-corpus ranking

Semantic verification: direct dictionary sense corroborated — Kaikki+ReadUrdu+word2word

Sources:
- wordfreq Urdu — Unicode multi-corpus frequency ordering
- Kaikki/Wiktextract — bilingual lexicographic evidence
- ReadUrdu — independent Urdu-English bilingual evidence
- word2word — independent corpus-derived bilingual evidence"
گلاس,"Rank: 2818

Meaning: glass

Frequency evidence: wordfreq Zipf 4.08
Frequency source: wordfreq Urdu multi-corpus ranking

Semantic verification: direct dictionary sense corroborated — Kaikki+ReadUrdu+word2word

Sources:
- wordfreq Urdu — Unicode multi-corpus frequency ordering
- Kaikki/Wiktextract — bilingual lexicographic evidence
- ReadUrdu — independent Urdu-English bilingual evidence
- word2word — independent corpus-derived bilingual evidence"
آئرلینڈ,"Rank: 2819

Meaning: Ireland

Frequency evidence: wordfreq Zipf 4.07
Frequency source: wordfreq Urdu multi-corpus ranking

Semantic verification: direct dictionary sense corroborated — Kaikki+ReadUrdu

Sources:
- wordfreq Urdu — Unicode multi-corpus frequency ordering
- Kaikki/Wiktextract — bilingual lexicographic evidence
- ReadUrdu — independent Urdu-English bilingual evidence
- word2word — independent corpus-derived bilingual evidence"
آمر,"Rank: 2820

Meaning: commander; dictator

Frequency evidence: wordfreq Zipf 4.07
Frequency source: wordfreq Urdu multi-corpus ranking

Semantic verification: direct dictionary sense corroborated — Kaikki+ReadUrdu

Sources:
- wordfreq Urdu — Unicode multi-corpus frequency ordering
- Kaikki/Wiktextract — bilingual lexicographic evidence
- ReadUrdu — independent Urdu-English bilingual evidence
- word2word — independent corpus-derived bilingual evidence"
امریکن,"Rank: 2821

Meaning: American

Frequency evidence: wordfreq Zipf 4.07
Frequency source: wordfreq Urdu multi-corpus ranking

Semantic verification: direct dictionary sense corroborated — ReadUrdu+word2word

Sources:
- wordfreq Urdu — Unicode multi-corpus frequency ordering
- Kaikki/Wiktextract — bilingual lexicographic evidence
- ReadUrdu — independent Urdu-English bilingual evidence
- word2word — independent corpus-derived bilingual evidence"
بانو,"Rank: 2822

Meaning: lady; queen

Frequency evidence: wordfreq Zipf 4.07
Frequency source: wordfreq Urdu multi-corpus ranking

Semantic verification: direct dictionary sense corroborated — Kaikki+ReadUrdu

Sources:
- wordfreq Urdu — Unicode multi-corpus frequency ordering
- Kaikki/Wiktextract — bilingual lexicographic evidence
- ReadUrdu — independent Urdu-English bilingual evidence
- word2word — independent corpus-derived bilingual evidence"
بہی,"Rank: 2823

Meaning: quince

Frequency evidence: wordfreq Zipf 3.55
Frequency source: wordfreq Urdu multi-corpus ranking

Semantic verification: direct dictionary sense corroborated — Kaikki+ReadUrdu

Sources:
- wordfreq Urdu — Unicode multi-corpus frequency ordering
- Kaikki/Wiktextract — bilingual lexicographic evidence
- ReadUrdu — independent Urdu-English bilingual evidence
- word2word — independent corpus-derived bilingual evidence"
بوڑھا,"Rank: 2824

Meaning: old; old man

Frequency evidence: wordfreq Zipf 4.07
Frequency source: wordfreq Urdu multi-corpus ranking

Semantic verification: direct dictionary sense corroborated — Kaikki+ReadUrdu+word2word

Sources:
- wordfreq Urdu — Unicode multi-corpus frequency ordering
- Kaikki/Wiktextract — bilingual lexicographic evidence
- ReadUrdu — independent Urdu-English bilingual evidence
- word2word — independent corpus-derived bilingual evidence"
بچانا,"Rank: 2825

Meaning: to save; rescue

Frequency evidence: wordfreq Zipf 4.07
Frequency source: wordfreq Urdu multi-corpus ranking

Semantic verification: direct dictionary sense corroborated — Kaikki+ReadUrdu+word2word

Sources:
- wordfreq Urdu — Unicode multi-corpus frequency ordering
- Kaikki/Wiktextract — bilingual lexicographic evidence
- ReadUrdu — independent Urdu-English bilingual evidence
- word2word — independent corpus-derived bilingual evidence"
بیٹری,"Rank: 2826

Meaning: battery

Frequency evidence: wordfreq Zipf 4.07
Frequency source: wordfreq Urdu multi-corpus ranking

Semantic verification: direct dictionary sense corroborated — ReadUrdu+word2word

Sources:
- wordfreq Urdu — Unicode multi-corpus frequency ordering
- Kaikki/Wiktextract — bilingual lexicographic evidence
- ReadUrdu — independent Urdu-English bilingual evidence
- word2word — independent corpus-derived bilingual evidence"
خونی,"Rank: 2827

Meaning: or to murder; bloody

Frequency evidence: wordfreq Zipf 4.07
Frequency source: wordfreq Urdu multi-corpus ranking

Semantic verification: direct dictionary sense corroborated — Kaikki+ReadUrdu+word2word

Sources:
- wordfreq Urdu — Unicode multi-corpus frequency ordering
- Kaikki/Wiktextract — bilingual lexicographic evidence
- ReadUrdu — independent Urdu-English bilingual evidence
- word2word — independent corpus-derived bilingual evidence"
روانگی,"Rank: 2828

Meaning: setting out; going

Frequency evidence: wordfreq Zipf 4.07
Frequency source: wordfreq Urdu multi-corpus ranking

Semantic verification: direct dictionary sense corroborated — Kaikki+ReadUrdu

Sources:
- wordfreq Urdu — Unicode multi-corpus frequency ordering
- Kaikki/Wiktextract — bilingual lexicographic evidence
- ReadUrdu — independent Urdu-English bilingual evidence
- word2word — independent corpus-derived bilingual evidence"
زنا,"Rank: 2829

Meaning: extramarital and premarital sexual intercourse; adultery

Frequency evidence: wordfreq Zipf 4.07
Frequency source: wordfreq Urdu multi-corpus ranking

Semantic verification: direct dictionary sense corroborated — Kaikki+ReadUrdu

Sources:
- wordfreq Urdu — Unicode multi-corpus frequency ordering
- Kaikki/Wiktextract — bilingual lexicographic evidence
- ReadUrdu — independent Urdu-English bilingual evidence
- word2word — independent corpus-derived bilingual evidence"
زکوۃ,"Rank: 2830

Meaning: charity; alms

Frequency evidence: wordfreq Zipf 4.07
Frequency source: wordfreq Urdu multi-corpus ranking

Semantic verification: direct dictionary sense corroborated — Kaikki+ReadUrdu

Sources:
- wordfreq Urdu — Unicode multi-corpus frequency ordering
- Kaikki/Wiktextract — bilingual lexicographic evidence
- ReadUrdu — independent Urdu-English bilingual evidence
- word2word — independent corpus-derived bilingual evidence"
سیاہی,"Rank: 2831

Meaning: ink; blackness

Frequency evidence: wordfreq Zipf 4.07
Frequency source: wordfreq Urdu multi-corpus ranking

Semantic verification: direct dictionary sense corroborated — Kaikki+ReadUrdu

Sources:
- wordfreq Urdu — Unicode multi-corpus frequency ordering
- Kaikki/Wiktextract — bilingual lexicographic evidence
- ReadUrdu — independent Urdu-English bilingual evidence
- word2word — independent corpus-derived bilingual evidence"
شفیق,"Rank: 2832

Meaning: compassionate; affectionate

Frequency evidence: wordfreq Zipf 4.07
Frequency source: wordfreq Urdu multi-corpus ranking

Semantic verification: direct dictionary sense corroborated — Kaikki+ReadUrdu

Sources:
- wordfreq Urdu — Unicode multi-corpus frequency ordering
- Kaikki/Wiktextract — bilingual lexicographic evidence
- ReadUrdu — independent Urdu-English bilingual evidence
- word2word — independent corpus-derived bilingual evidence"
عجب,"Rank: 2833

Meaning: wonderful; rare

Frequency evidence: wordfreq Zipf 4.07
Frequency source: wordfreq Urdu multi-corpus ranking

Semantic verification: direct dictionary sense corroborated — Kaikki+ReadUrdu

Sources:
- wordfreq Urdu — Unicode multi-corpus frequency ordering
- Kaikki/Wiktextract — bilingual lexicographic evidence
- ReadUrdu — independent Urdu-English bilingual evidence
- word2word — independent corpus-derived bilingual evidence"
عیش,"Rank: 2834

Meaning: luxury; life

Frequency evidence: wordfreq Zipf 4.07
Frequency source: wordfreq Urdu multi-corpus ranking

Semantic verification: direct dictionary sense corroborated — Kaikki+ReadUrdu+word2word

Sources:
- wordfreq Urdu — Unicode multi-corpus frequency ordering
- Kaikki/Wiktextract — bilingual lexicographic evidence
- ReadUrdu — independent Urdu-English bilingual evidence
- word2word — independent corpus-derived bilingual evidence"
غروب,"Rank: 2835

Meaning: sunset; dusk

Frequency evidence: wordfreq Zipf 4.07
Frequency source: wordfreq Urdu multi-corpus ranking

Semantic verification: direct dictionary sense corroborated — Kaikki+ReadUrdu

Sources:
- wordfreq Urdu — Unicode multi-corpus frequency ordering
- Kaikki/Wiktextract — bilingual lexicographic evidence
- ReadUrdu — independent Urdu-English bilingual evidence
- word2word — independent corpus-derived bilingual evidence"
معجزہ,"Rank: 2836

Meaning: miracle

Frequency evidence: wordfreq Zipf 4.07
Frequency source: wordfreq Urdu multi-corpus ranking

Semantic verification: direct dictionary sense corroborated — Kaikki+ReadUrdu+word2word

Sources:
- wordfreq Urdu — Unicode multi-corpus frequency ordering
- Kaikki/Wiktextract — bilingual lexicographic evidence
- ReadUrdu — independent Urdu-English bilingual evidence
- word2word — independent corpus-derived bilingual evidence"
مکالمہ,"Rank: 2837

Meaning: dialogue

Frequency evidence: wordfreq Zipf 4.07
Frequency source: wordfreq Urdu multi-corpus ranking

Semantic verification: direct dictionary sense corroborated — Kaikki+ReadUrdu

Sources:
- wordfreq Urdu — Unicode multi-corpus frequency ordering
- Kaikki/Wiktextract — bilingual lexicographic evidence
- ReadUrdu — independent Urdu-English bilingual evidence
- word2word — independent corpus-derived bilingual evidence"
میت,"Rank: 2838

Meaning: dead body; the deceased

Frequency evidence: wordfreq Zipf 4.07
Frequency source: wordfreq Urdu multi-corpus ranking

Semantic verification: direct dictionary sense corroborated — Kaikki+ReadUrdu

Sources:
- wordfreq Urdu — Unicode multi-corpus frequency ordering
- Kaikki/Wiktextract — bilingual lexicographic evidence
- ReadUrdu — independent Urdu-English bilingual evidence
- word2word — independent corpus-derived bilingual evidence"
مے,"Rank: 2839

Meaning: wine

Frequency evidence: wordfreq Zipf 4.07
Frequency source: wordfreq Urdu multi-corpus ranking

Semantic verification: direct dictionary sense corroborated — Kaikki+ReadUrdu

Sources:
- wordfreq Urdu — Unicode multi-corpus frequency ordering
- Kaikki/Wiktextract — bilingual lexicographic evidence
- ReadUrdu — independent Urdu-English bilingual evidence
- word2word — independent corpus-derived bilingual evidence"
نال,"Rank: 2840

Meaning: barrel of a gun; pipe

Frequency evidence: wordfreq Zipf 4.07
Frequency source: wordfreq Urdu multi-corpus ranking

Semantic verification: direct dictionary sense corroborated — Kaikki+ReadUrdu

Sources:
- wordfreq Urdu — Unicode multi-corpus frequency ordering
- Kaikki/Wiktextract — bilingual lexicographic evidence
- ReadUrdu — independent Urdu-English bilingual evidence
- word2word — independent corpus-derived bilingual evidence"
پوپ,"Rank: 2841

Meaning: pop music; pope

Frequency evidence: wordfreq Zipf 4.07
Frequency source: wordfreq Urdu multi-corpus ranking

Semantic verification: direct dictionary sense corroborated — Kaikki+ReadUrdu

Sources:
- wordfreq Urdu — Unicode multi-corpus frequency ordering
- Kaikki/Wiktextract — bilingual lexicographic evidence
- ReadUrdu — independent Urdu-English bilingual evidence
- word2word — independent corpus-derived bilingual evidence"
چڑیا,"Rank: 2842

Meaning: bird; club

Frequency evidence: wordfreq Zipf 4.07
Frequency source: wordfreq Urdu multi-corpus ranking

Semantic verification: direct dictionary sense corroborated — Kaikki+ReadUrdu

Sources:
- wordfreq Urdu — Unicode multi-corpus frequency ordering
- Kaikki/Wiktextract — bilingual lexicographic evidence
- ReadUrdu — independent Urdu-English bilingual evidence
- word2word — independent corpus-derived bilingual evidence"
ڈرو,"Rank: 2843

Meaning: Fear

Frequency evidence: wordfreq Zipf 4.07
Frequency source: wordfreq Urdu multi-corpus ranking

Semantic verification: direct dictionary sense corroborated — ReadUrdu+word2word

Sources:
- wordfreq Urdu — Unicode multi-corpus frequency ordering
- Kaikki/Wiktextract — bilingual lexicographic evidence
- ReadUrdu — independent Urdu-English bilingual evidence
- word2word — independent corpus-derived bilingual evidence"
گرو,"Rank: 2844

Meaning: teacher; guru

Frequency evidence: wordfreq Zipf 4.07
Frequency source: wordfreq Urdu multi-corpus ranking

Semantic verification: direct dictionary sense corroborated — Kaikki+ReadUrdu

Sources:
- wordfreq Urdu — Unicode multi-corpus frequency ordering
- Kaikki/Wiktextract — bilingual lexicographic evidence
- ReadUrdu — independent Urdu-English bilingual evidence
- word2word — independent corpus-derived bilingual evidence"
اندیشہ,"Rank: 2845

Meaning: thought; anxiety

Frequency evidence: wordfreq Zipf 4.06
Frequency source: wordfreq Urdu multi-corpus ranking

Semantic verification: direct dictionary sense corroborated — Kaikki+ReadUrdu

Sources:
- wordfreq Urdu — Unicode multi-corpus frequency ordering
- Kaikki/Wiktextract — bilingual lexicographic evidence
- ReadUrdu — independent Urdu-English bilingual evidence
- word2word — independent corpus-derived bilingual evidence"
ایڈز,"Rank: 2846

Meaning: AIDS

Frequency evidence: wordfreq Zipf 4.06
Frequency source: wordfreq Urdu multi-corpus ranking

Semantic verification: direct dictionary sense corroborated — Kaikki+ReadUrdu

Sources:
- wordfreq Urdu — Unicode multi-corpus frequency ordering
- Kaikki/Wiktextract — bilingual lexicographic evidence
- ReadUrdu — independent Urdu-English bilingual evidence
- word2word — independent corpus-derived bilingual evidence"
بدعت,"Rank: 2847

Meaning: bid'a

Frequency evidence: wordfreq Zipf 4.06
Frequency source: wordfreq Urdu multi-corpus ranking

Semantic verification: direct dictionary sense corroborated — Kaikki+ReadUrdu

Sources:
- wordfreq Urdu — Unicode multi-corpus frequency ordering
- Kaikki/Wiktextract — bilingual lexicographic evidence
- ReadUrdu — independent Urdu-English bilingual evidence
- word2word — independent corpus-derived bilingual evidence"
بمبئی,"Rank: 2848

Meaning: Bombay

Frequency evidence: wordfreq Zipf 4.06
Frequency source: wordfreq Urdu multi-corpus ranking

Semantic verification: direct dictionary sense corroborated — Kaikki+ReadUrdu

Sources:
- wordfreq Urdu — Unicode multi-corpus frequency ordering
- Kaikki/Wiktextract — bilingual lexicographic evidence
- ReadUrdu — independent Urdu-English bilingual evidence
- word2word — independent corpus-derived bilingual evidence"
بندش,"Rank: 2849

Meaning: closure; binding

Frequency evidence: wordfreq Zipf 4.06
Frequency source: wordfreq Urdu multi-corpus ranking

Semantic verification: direct dictionary sense corroborated — Kaikki+ReadUrdu

Sources:
- wordfreq Urdu — Unicode multi-corpus frequency ordering
- Kaikki/Wiktextract — bilingual lexicographic evidence
- ReadUrdu — independent Urdu-English bilingual evidence
- word2word — independent corpus-derived bilingual evidence"
بنگالی,"Rank: 2850

Meaning: Bengali

Frequency evidence: wordfreq Zipf 4.06
Frequency source: wordfreq Urdu multi-corpus ranking

Semantic verification: direct dictionary sense corroborated — Kaikki+ReadUrdu

Sources:
- wordfreq Urdu — Unicode multi-corpus frequency ordering
- Kaikki/Wiktextract — bilingual lexicographic evidence
- ReadUrdu — independent Urdu-English bilingual evidence
- word2word — independent corpus-derived bilingual evidence"
تمیز,"Rank: 2851

Meaning: recognition; distinction

Frequency evidence: wordfreq Zipf 4.06
Frequency source: wordfreq Urdu multi-corpus ranking

Semantic verification: direct dictionary sense corroborated — Kaikki+ReadUrdu

Sources:
- wordfreq Urdu — Unicode multi-corpus frequency ordering
- Kaikki/Wiktextract — bilingual lexicographic evidence
- ReadUrdu — independent Urdu-English bilingual evidence
- word2word — independent corpus-derived bilingual evidence"
دکھانا,"Rank: 2852

Meaning: to show; to cause pain

Frequency evidence: wordfreq Zipf 4.06
Frequency source: wordfreq Urdu multi-corpus ranking

Semantic verification: direct dictionary sense corroborated — Kaikki+ReadUrdu+word2word

Sources:
- wordfreq Urdu — Unicode multi-corpus frequency ordering
- Kaikki/Wiktextract — bilingual lexicographic evidence
- ReadUrdu — independent Urdu-English bilingual evidence
- word2word — independent corpus-derived bilingual evidence"
دیوتا,"Rank: 2853

Meaning: god; devatā

Frequency evidence: wordfreq Zipf 4.06
Frequency source: wordfreq Urdu multi-corpus ranking

Semantic verification: direct dictionary sense corroborated — Kaikki+ReadUrdu

Sources:
- wordfreq Urdu — Unicode multi-corpus frequency ordering
- Kaikki/Wiktextract — bilingual lexicographic evidence
- ReadUrdu — independent Urdu-English bilingual evidence
- word2word — independent corpus-derived bilingual evidence"
زیورات,"Rank: 2854

Meaning: jewels

Frequency evidence: wordfreq Zipf 4.06
Frequency source: wordfreq Urdu multi-corpus ranking

Semantic verification: direct dictionary sense corroborated — ReadUrdu+word2word

Sources:
- wordfreq Urdu — Unicode multi-corpus frequency ordering
- Kaikki/Wiktextract — bilingual lexicographic evidence
- ReadUrdu — independent Urdu-English bilingual evidence
- word2word — independent corpus-derived bilingual evidence"
سوم,"Rank: 2855

Meaning: third

Frequency evidence: wordfreq Zipf 4.06
Frequency source: wordfreq Urdu multi-corpus ranking

Semantic verification: direct dictionary sense corroborated — Kaikki+ReadUrdu

Sources:
- wordfreq Urdu — Unicode multi-corpus frequency ordering
- Kaikki/Wiktextract — bilingual lexicographic evidence
- ReadUrdu — independent Urdu-English bilingual evidence
- word2word — independent corpus-derived bilingual evidence"
شاہکار,"Rank: 2856

Meaning: masterpiece

Frequency evidence: wordfreq Zipf 4.06
Frequency source: wordfreq Urdu multi-corpus ranking

Semantic verification: direct dictionary sense corroborated — ReadUrdu+word2word

Sources:
- wordfreq Urdu — Unicode multi-corpus frequency ordering
- Kaikki/Wiktextract — bilingual lexicographic evidence
- ReadUrdu — independent Urdu-English bilingual evidence
- word2word — independent corpus-derived bilingual evidence"
شرافت,"Rank: 2857

Meaning: decency; nobility

Frequency evidence: wordfreq Zipf 4.06
Frequency source: wordfreq Urdu multi-corpus ranking

Semantic verification: direct dictionary sense corroborated — Kaikki+ReadUrdu

Sources:
- wordfreq Urdu — Unicode multi-corpus frequency ordering
- Kaikki/Wiktextract — bilingual lexicographic evidence
- ReadUrdu — independent Urdu-English bilingual evidence
- word2word — independent corpus-derived bilingual evidence"
شیو,"Rank: 2858

Meaning: shave; Shiva

Frequency evidence: wordfreq Zipf 4.06
Frequency source: wordfreq Urdu multi-corpus ranking

Semantic verification: direct dictionary sense corroborated — Kaikki+ReadUrdu

Sources:
- wordfreq Urdu — Unicode multi-corpus frequency ordering
- Kaikki/Wiktextract — bilingual lexicographic evidence
- ReadUrdu — independent Urdu-English bilingual evidence
- word2word — independent corpus-derived bilingual evidence"
قضا,"Rank: 2859

Meaning: death; fatality

Frequency evidence: wordfreq Zipf 4.06
Frequency source: wordfreq Urdu multi-corpus ranking

Semantic verification: direct dictionary sense corroborated — Kaikki+ReadUrdu

Sources:
- wordfreq Urdu — Unicode multi-corpus frequency ordering
- Kaikki/Wiktextract — bilingual lexicographic evidence
- ReadUrdu — independent Urdu-English bilingual evidence
- word2word — independent corpus-derived bilingual evidence"
منطقی,"Rank: 2860

Meaning: & Logical

Frequency evidence: wordfreq Zipf 4.06
Frequency source: wordfreq Urdu multi-corpus ranking

Semantic verification: direct dictionary sense corroborated — ReadUrdu+word2word

Sources:
- wordfreq Urdu — Unicode multi-corpus frequency ordering
- Kaikki/Wiktextract — bilingual lexicographic evidence
- ReadUrdu — independent Urdu-English bilingual evidence
- word2word — independent corpus-derived bilingual evidence"
مکروہ,"Rank: 2861

Meaning: disgusting; hated

Frequency evidence: wordfreq Zipf 4.06
Frequency source: wordfreq Urdu multi-corpus ranking

Semantic verification: direct dictionary sense corroborated — Kaikki+ReadUrdu

Sources:
- wordfreq Urdu — Unicode multi-corpus frequency ordering
- Kaikki/Wiktextract — bilingual lexicographic evidence
- ReadUrdu — independent Urdu-English bilingual evidence
- word2word — independent corpus-derived bilingual evidence"
مہندی,"Rank: 2862

Meaning: henna

Frequency evidence: wordfreq Zipf 4.06
Frequency source: wordfreq Urdu multi-corpus ranking

Semantic verification: direct dictionary sense corroborated — Kaikki+ReadUrdu

Sources:
- wordfreq Urdu — Unicode multi-corpus frequency ordering
- Kaikki/Wiktextract — bilingual lexicographic evidence
- ReadUrdu — independent Urdu-English bilingual evidence
- word2word — independent corpus-derived bilingual evidence"
نوبت,"Rank: 2863

Meaning: instruments played at auspicious times; condition

Frequency evidence: wordfreq Zipf 4.06
Frequency source: wordfreq Urdu multi-corpus ranking

Semantic verification: direct dictionary sense corroborated — Kaikki+ReadUrdu

Sources:
- wordfreq Urdu — Unicode multi-corpus frequency ordering
- Kaikki/Wiktextract — bilingual lexicographic evidence
- ReadUrdu — independent Urdu-English bilingual evidence
- word2word — independent corpus-derived bilingual evidence"
ویکسین,"Rank: 2864

Meaning: vaccine

Frequency evidence: wordfreq Zipf 4.06
Frequency source: wordfreq Urdu multi-corpus ranking

Semantic verification: direct dictionary sense corroborated — ReadUrdu+word2word

Sources:
- wordfreq Urdu — Unicode multi-corpus frequency ordering
- Kaikki/Wiktextract — bilingual lexicographic evidence
- ReadUrdu — independent Urdu-English bilingual evidence
- word2word — independent corpus-derived bilingual evidence"
پشتو,"Rank: 2865

Meaning: Pashto

Frequency evidence: wordfreq Zipf 4.06
Frequency source: wordfreq Urdu multi-corpus ranking

Semantic verification: direct dictionary sense corroborated — Kaikki+ReadUrdu

Sources:
- wordfreq Urdu — Unicode multi-corpus frequency ordering
- Kaikki/Wiktextract — bilingual lexicographic evidence
- ReadUrdu — independent Urdu-English bilingual evidence
- word2word — independent corpus-derived bilingual evidence"
پوچھیں,"Rank: 2866

Meaning: ASK

Frequency evidence: wordfreq Zipf 4.06
Frequency source: wordfreq Urdu multi-corpus ranking

Semantic verification: direct dictionary sense corroborated — ReadUrdu+word2word

Sources:
- wordfreq Urdu — Unicode multi-corpus frequency ordering
- Kaikki/Wiktextract — bilingual lexicographic evidence
- ReadUrdu — independent Urdu-English bilingual evidence
- word2word — independent corpus-derived bilingual evidence"
پیشاب,"Rank: 2867

Meaning: urine

Frequency evidence: wordfreq Zipf 4.06
Frequency source: wordfreq Urdu multi-corpus ranking

Semantic verification: direct dictionary sense corroborated — Kaikki+ReadUrdu

Sources:
- wordfreq Urdu — Unicode multi-corpus frequency ordering
- Kaikki/Wiktextract — bilingual lexicographic evidence
- ReadUrdu — independent Urdu-English bilingual evidence
- word2word — independent corpus-derived bilingual evidence"
چارسدہ,"Rank: 2868

Meaning: Charsadda

Frequency evidence: wordfreq Zipf 4.06
Frequency source: wordfreq Urdu multi-corpus ranking

Semantic verification: direct dictionary sense corroborated — Kaikki+ReadUrdu

Sources:
- wordfreq Urdu — Unicode multi-corpus frequency ordering
- Kaikki/Wiktextract — bilingual lexicographic evidence
- ReadUrdu — independent Urdu-English bilingual evidence
- word2word — independent corpus-derived bilingual evidence"
ڈور,"Rank: 2869

Meaning: string

Frequency evidence: wordfreq Zipf 4.06
Frequency source: wordfreq Urdu multi-corpus ranking

Semantic verification: direct dictionary sense corroborated — ReadUrdu+word2word

Sources:
- wordfreq Urdu — Unicode multi-corpus frequency ordering
- Kaikki/Wiktextract — bilingual lexicographic evidence
- ReadUrdu — independent Urdu-English bilingual evidence
- word2word — independent corpus-derived bilingual evidence"
کاؤنٹی,"Rank: 2870

Meaning: county

Frequency evidence: wordfreq Zipf 4.06
Frequency source: wordfreq Urdu multi-corpus ranking

Semantic verification: direct dictionary sense corroborated — ReadUrdu+word2word

Sources:
- wordfreq Urdu — Unicode multi-corpus frequency ordering
- Kaikki/Wiktextract — bilingual lexicographic evidence
- ReadUrdu — independent Urdu-English bilingual evidence
- word2word — independent corpus-derived bilingual evidence"
یرغمال,"Rank: 2871

Meaning: security; hostage

Frequency evidence: wordfreq Zipf 4.06
Frequency source: wordfreq Urdu multi-corpus ranking

Semantic verification: direct dictionary sense corroborated — Kaikki+ReadUrdu

Sources:
- wordfreq Urdu — Unicode multi-corpus frequency ordering
- Kaikki/Wiktextract — bilingual lexicographic evidence
- ReadUrdu — independent Urdu-English bilingual evidence
- word2word — independent corpus-derived bilingual evidence"
بھیانک,"Rank: 2872

Meaning: horrible; scary

Frequency evidence: wordfreq Zipf 4.05
Frequency source: wordfreq Urdu multi-corpus ranking

Semantic verification: direct dictionary sense corroborated — Kaikki+ReadUrdu+word2word

Sources:
- wordfreq Urdu — Unicode multi-corpus frequency ordering
- Kaikki/Wiktextract — bilingual lexicographic evidence
- ReadUrdu — independent Urdu-English bilingual evidence
- word2word — independent corpus-derived bilingual evidence"
تورات,"Rank: 2873

Meaning: Torah

Frequency evidence: wordfreq Zipf 4.05
Frequency source: wordfreq Urdu multi-corpus ranking

Semantic verification: direct dictionary sense corroborated — Kaikki+ReadUrdu+word2word

Sources:
- wordfreq Urdu — Unicode multi-corpus frequency ordering
- Kaikki/Wiktextract — bilingual lexicographic evidence
- ReadUrdu — independent Urdu-English bilingual evidence
- word2word — independent corpus-derived bilingual evidence"
جینا,"Rank: 2874

Meaning: to live

Frequency evidence: wordfreq Zipf 4.05
Frequency source: wordfreq Urdu multi-corpus ranking

Semantic verification: direct dictionary sense corroborated — Kaikki+ReadUrdu+word2word

Sources:
- wordfreq Urdu — Unicode multi-corpus frequency ordering
- Kaikki/Wiktextract — bilingual lexicographic evidence
- ReadUrdu — independent Urdu-English bilingual evidence
- word2word — independent corpus-derived bilingual evidence"
دشت,"Rank: 2875

Meaning: desert; an arid plain

Frequency evidence: wordfreq Zipf 4.05
Frequency source: wordfreq Urdu multi-corpus ranking

Semantic verification: direct dictionary sense corroborated — Kaikki+ReadUrdu

Sources:
- wordfreq Urdu — Unicode multi-corpus frequency ordering
- Kaikki/Wiktextract — bilingual lexicographic evidence
- ReadUrdu — independent Urdu-English bilingual evidence
- word2word — independent corpus-derived bilingual evidence"
دھوم,"Rank: 2876

Meaning: uproar; commotion

Frequency evidence: wordfreq Zipf 4.05
Frequency source: wordfreq Urdu multi-corpus ranking

Semantic verification: direct dictionary sense corroborated — Kaikki+ReadUrdu

Sources:
- wordfreq Urdu — Unicode multi-corpus frequency ordering
- Kaikki/Wiktextract — bilingual lexicographic evidence
- ReadUrdu — independent Urdu-English bilingual evidence
- word2word — independent corpus-derived bilingual evidence"
ذائقہ,"Rank: 2877

Meaning: taste

Frequency evidence: wordfreq Zipf 4.05
Frequency source: wordfreq Urdu multi-corpus ranking

Semantic verification: direct dictionary sense corroborated — Kaikki+ReadUrdu+word2word

Sources:
- wordfreq Urdu — Unicode multi-corpus frequency ordering
- Kaikki/Wiktextract — bilingual lexicographic evidence
- ReadUrdu — independent Urdu-English bilingual evidence
- word2word — independent corpus-derived bilingual evidence"
راکھ,"Rank: 2878

Meaning: ashes; dust

Frequency evidence: wordfreq Zipf 4.05
Frequency source: wordfreq Urdu multi-corpus ranking

Semantic verification: direct dictionary sense corroborated — Kaikki+ReadUrdu+word2word

Sources:
- wordfreq Urdu — Unicode multi-corpus frequency ordering
- Kaikki/Wiktextract — bilingual lexicographic evidence
- ReadUrdu — independent Urdu-English bilingual evidence
- word2word — independent corpus-derived bilingual evidence"
ریاضی,"Rank: 2879

Meaning: mathematics

Frequency evidence: wordfreq Zipf 4.05
Frequency source: wordfreq Urdu multi-corpus ranking

Semantic verification: direct dictionary sense corroborated — Kaikki+ReadUrdu+word2word

Sources:
- wordfreq Urdu — Unicode multi-corpus frequency ordering
- Kaikki/Wiktextract — bilingual lexicographic evidence
- ReadUrdu — independent Urdu-English bilingual evidence
- word2word — independent corpus-derived bilingual evidence"
زحمت,"Rank: 2880

Meaning: trouble; inconvenience

Frequency evidence: wordfreq Zipf 4.05
Frequency source: wordfreq Urdu multi-corpus ranking

Semantic verification: direct dictionary sense corroborated — Kaikki+ReadUrdu

Sources:
- wordfreq Urdu — Unicode multi-corpus frequency ordering
- Kaikki/Wiktextract — bilingual lexicographic evidence
- ReadUrdu — independent Urdu-English bilingual evidence
- word2word — independent corpus-derived bilingual evidence"
صلیب,"Rank: 2881

Meaning: cross; crucifix

Frequency evidence: wordfreq Zipf 4.05
Frequency source: wordfreq Urdu multi-corpus ranking

Semantic verification: direct dictionary sense corroborated — Kaikki+ReadUrdu+word2word

Sources:
- wordfreq Urdu — Unicode multi-corpus frequency ordering
- Kaikki/Wiktextract — bilingual lexicographic evidence
- ReadUrdu — independent Urdu-English bilingual evidence
- word2word — independent corpus-derived bilingual evidence"
عضو,"Rank: 2882

Meaning: member; organ

Frequency evidence: wordfreq Zipf 4.05
Frequency source: wordfreq Urdu multi-corpus ranking

Semantic verification: direct dictionary sense corroborated — Kaikki+ReadUrdu

Sources:
- wordfreq Urdu — Unicode multi-corpus frequency ordering
- Kaikki/Wiktextract — bilingual lexicographic evidence
- ReadUrdu — independent Urdu-English bilingual evidence
- word2word — independent corpus-derived bilingual evidence"
غرور,"Rank: 2883

Meaning: pride

Frequency evidence: wordfreq Zipf 4.05
Frequency source: wordfreq Urdu multi-corpus ranking

Semantic verification: direct dictionary sense corroborated — Kaikki+ReadUrdu

Sources:
- wordfreq Urdu — Unicode multi-corpus frequency ordering
- Kaikki/Wiktextract — bilingual lexicographic evidence
- ReadUrdu — independent Urdu-English bilingual evidence
- word2word — independent corpus-derived bilingual evidence"
فیل,"Rank: 2884

Meaning: elephant; alfil or bishop

Frequency evidence: wordfreq Zipf 4.05
Frequency source: wordfreq Urdu multi-corpus ranking

Semantic verification: direct dictionary sense corroborated — Kaikki+ReadUrdu

Sources:
- wordfreq Urdu — Unicode multi-corpus frequency ordering
- Kaikki/Wiktextract — bilingual lexicographic evidence
- ReadUrdu — independent Urdu-English bilingual evidence
- word2word — independent corpus-derived bilingual evidence"
مویشی,"Rank: 2885

Meaning: drove; herd

Frequency evidence: wordfreq Zipf 4.05
Frequency source: wordfreq Urdu multi-corpus ranking

Semantic verification: direct dictionary sense corroborated — Kaikki+ReadUrdu

Sources:
- wordfreq Urdu — Unicode multi-corpus frequency ordering
- Kaikki/Wiktextract — bilingual lexicographic evidence
- ReadUrdu — independent Urdu-English bilingual evidence
- word2word — independent corpus-derived bilingual evidence"
مچھر,"Rank: 2886

Meaning: mosquito

Frequency evidence: wordfreq Zipf 4.05
Frequency source: wordfreq Urdu multi-corpus ranking

Semantic verification: direct dictionary sense corroborated — Kaikki+ReadUrdu

Sources:
- wordfreq Urdu — Unicode multi-corpus frequency ordering
- Kaikki/Wiktextract — bilingual lexicographic evidence
- ReadUrdu — independent Urdu-English bilingual evidence
- word2word — independent corpus-derived bilingual evidence"
میز,"Rank: 2887

Meaning: table; desk

Frequency evidence: wordfreq Zipf 4.05
Frequency source: wordfreq Urdu multi-corpus ranking

Semantic verification: direct dictionary sense corroborated — Kaikki+ReadUrdu+word2word

Sources:
- wordfreq Urdu — Unicode multi-corpus frequency ordering
- Kaikki/Wiktextract — bilingual lexicographic evidence
- ReadUrdu — independent Urdu-English bilingual evidence
- word2word — independent corpus-derived bilingual evidence"
میلاد,"Rank: 2888

Meaning: birth

Frequency evidence: wordfreq Zipf 4.05
Frequency source: wordfreq Urdu multi-corpus ranking

Semantic verification: direct dictionary sense corroborated — Kaikki+ReadUrdu

Sources:
- wordfreq Urdu — Unicode multi-corpus frequency ordering
- Kaikki/Wiktextract — bilingual lexicographic evidence
- ReadUrdu — independent Urdu-English bilingual evidence
- word2word — independent corpus-derived bilingual evidence"
ٹیکسی,"Rank: 2889

Meaning: taxi

Frequency evidence: wordfreq Zipf 4.05
Frequency source: wordfreq Urdu multi-corpus ranking

Semantic verification: direct dictionary sense corroborated — Kaikki+ReadUrdu+word2word

Sources:
- wordfreq Urdu — Unicode multi-corpus frequency ordering
- Kaikki/Wiktextract — bilingual lexicographic evidence
- ReadUrdu — independent Urdu-English bilingual evidence
- word2word — independent corpus-derived bilingual evidence"
پاؤ,"Rank: 2890

Meaning: foot

Frequency evidence: wordfreq Zipf 4.05
Frequency source: wordfreq Urdu multi-corpus ranking

Semantic verification: direct dictionary sense corroborated — Kaikki+ReadUrdu

Sources:
- wordfreq Urdu — Unicode multi-corpus frequency ordering
- Kaikki/Wiktextract — bilingual lexicographic evidence
- ReadUrdu — independent Urdu-English bilingual evidence
- word2word — independent corpus-derived bilingual evidence"
کرسمس,"Rank: 2891

Meaning: Christmas

Frequency evidence: wordfreq Zipf 4.05
Frequency source: wordfreq Urdu multi-corpus ranking

Semantic verification: direct dictionary sense corroborated — Kaikki+ReadUrdu

Sources:
- wordfreq Urdu — Unicode multi-corpus frequency ordering
- Kaikki/Wiktextract — bilingual lexicographic evidence
- ReadUrdu — independent Urdu-English bilingual evidence
- word2word — independent corpus-derived bilingual evidence"
کیک,"Rank: 2892

Meaning: cake

Frequency evidence: wordfreq Zipf 4.05
Frequency source: wordfreq Urdu multi-corpus ranking

Semantic verification: direct dictionary sense corroborated — Kaikki+ReadUrdu+word2word

Sources:
- wordfreq Urdu — Unicode multi-corpus frequency ordering
- Kaikki/Wiktextract — bilingual lexicographic evidence
- ReadUrdu — independent Urdu-English bilingual evidence
- word2word — independent corpus-derived bilingual evidence"
اجماع,"Rank: 2893

Meaning: unanimous

Frequency evidence: wordfreq Zipf 4.04
Frequency source: wordfreq Urdu multi-corpus ranking

Semantic verification: direct dictionary sense corroborated — Kaikki+ReadUrdu

Sources:
- wordfreq Urdu — Unicode multi-corpus frequency ordering
- Kaikki/Wiktextract — bilingual lexicographic evidence
- ReadUrdu — independent Urdu-English bilingual evidence
- word2word — independent corpus-derived bilingual evidence"
بتدریج,"Rank: 2894

Meaning: bit by bit; slowly

Frequency evidence: wordfreq Zipf 4.04
Frequency source: wordfreq Urdu multi-corpus ranking

Semantic verification: direct dictionary sense corroborated — Kaikki+ReadUrdu

Sources:
- wordfreq Urdu — Unicode multi-corpus frequency ordering
- Kaikki/Wiktextract — bilingual lexicographic evidence
- ReadUrdu — independent Urdu-English bilingual evidence
- word2word — independent corpus-derived bilingual evidence"
بکری,"Rank: 2895

Meaning: goat; nanny goat

Frequency evidence: wordfreq Zipf 4.04
Frequency source: wordfreq Urdu multi-corpus ranking

Semantic verification: direct dictionary sense corroborated — Kaikki+ReadUrdu+word2word

Sources:
- wordfreq Urdu — Unicode multi-corpus frequency ordering
- Kaikki/Wiktextract — bilingual lexicographic evidence
- ReadUrdu — independent Urdu-English bilingual evidence
- word2word — independent corpus-derived bilingual evidence"
تبسم,"Rank: 2896

Meaning: smile

Frequency evidence: wordfreq Zipf 4.04
Frequency source: wordfreq Urdu multi-corpus ranking

Semantic verification: direct dictionary sense corroborated — Kaikki+ReadUrdu

Sources:
- wordfreq Urdu — Unicode multi-corpus frequency ordering
- Kaikki/Wiktextract — bilingual lexicographic evidence
- ReadUrdu — independent Urdu-English bilingual evidence
- word2word — independent corpus-derived bilingual evidence"
جواد,"Rank: 2897

Meaning: generous; speedy horse

Frequency evidence: wordfreq Zipf 4.04
Frequency source: wordfreq Urdu multi-corpus ranking

Semantic verification: direct dictionary sense corroborated — Kaikki+ReadUrdu

Sources:
- wordfreq Urdu — Unicode multi-corpus frequency ordering
- Kaikki/Wiktextract — bilingual lexicographic evidence
- ReadUrdu — independent Urdu-English bilingual evidence
- word2word — independent corpus-derived bilingual evidence"
جھنڈا,"Rank: 2898

Meaning: flag; banner

Frequency evidence: wordfreq Zipf 4.04
Frequency source: wordfreq Urdu multi-corpus ranking

Semantic verification: direct dictionary sense corroborated — Kaikki+ReadUrdu

Sources:
- wordfreq Urdu — Unicode multi-corpus frequency ordering
- Kaikki/Wiktextract — bilingual lexicographic evidence
- ReadUrdu — independent Urdu-English bilingual evidence
- word2word — independent corpus-derived bilingual evidence"
دیدار,"Rank: 2899

Meaning: sight

Frequency evidence: wordfreq Zipf 4.04
Frequency source: wordfreq Urdu multi-corpus ranking

Semantic verification: direct dictionary sense corroborated — Kaikki+ReadUrdu

Sources:
- wordfreq Urdu — Unicode multi-corpus frequency ordering
- Kaikki/Wiktextract — bilingual lexicographic evidence
- ReadUrdu — independent Urdu-English bilingual evidence
- word2word — independent corpus-derived bilingual evidence"
مشقت,"Rank: 2900

Meaning: trouble; toil

Frequency evidence: wordfreq Zipf 4.04
Frequency source: wordfreq Urdu multi-corpus ranking

Semantic verification: direct dictionary sense corroborated — Kaikki+ReadUrdu

Sources:
- wordfreq Urdu — Unicode multi-corpus frequency ordering
- Kaikki/Wiktextract — bilingual lexicographic evidence
- ReadUrdu — independent Urdu-English bilingual evidence
- word2word — independent corpus-derived bilingual evidence"
مواصلات,"Rank: 2901

Meaning: communications; satellite

Frequency evidence: wordfreq Zipf 4.04
Frequency source: wordfreq Urdu multi-corpus ranking

Semantic verification: direct dictionary sense corroborated — Kaikki+ReadUrdu+word2word

Sources:
- wordfreq Urdu — Unicode multi-corpus frequency ordering
- Kaikki/Wiktextract — bilingual lexicographic evidence
- ReadUrdu — independent Urdu-English bilingual evidence
- word2word — independent corpus-derived bilingual evidence"
موم,"Rank: 2902

Meaning: wax

Frequency evidence: wordfreq Zipf 4.04
Frequency source: wordfreq Urdu multi-corpus ranking

Semantic verification: direct dictionary sense corroborated — Kaikki+ReadUrdu

Sources:
- wordfreq Urdu — Unicode multi-corpus frequency ordering
- Kaikki/Wiktextract — bilingual lexicographic evidence
- ReadUrdu — independent Urdu-English bilingual evidence
- word2word — independent corpus-derived bilingual evidence"
ناروے,"Rank: 2903

Meaning: Norway

Frequency evidence: wordfreq Zipf 4.04
Frequency source: wordfreq Urdu multi-corpus ranking

Semantic verification: direct dictionary sense corroborated — Kaikki+ReadUrdu+word2word

Sources:
- wordfreq Urdu — Unicode multi-corpus frequency ordering
- Kaikki/Wiktextract — bilingual lexicographic evidence
- ReadUrdu — independent Urdu-English bilingual evidence
- word2word — independent corpus-derived bilingual evidence"
پانا,"Rank: 2904

Meaning: to get; to win

Frequency evidence: wordfreq Zipf 4.04
Frequency source: wordfreq Urdu multi-corpus ranking

Semantic verification: direct dictionary sense corroborated — Kaikki+ReadUrdu

Sources:
- wordfreq Urdu — Unicode multi-corpus frequency ordering
- Kaikki/Wiktextract — bilingual lexicographic evidence
- ReadUrdu — independent Urdu-English bilingual evidence
- word2word — independent corpus-derived bilingual evidence"
چاہو,"Rank: 2905

Meaning: want

Frequency evidence: wordfreq Zipf 4.04
Frequency source: wordfreq Urdu multi-corpus ranking

Semantic verification: direct dictionary sense corroborated — ReadUrdu+word2word

Sources:
- wordfreq Urdu — Unicode multi-corpus frequency ordering
- Kaikki/Wiktextract — bilingual lexicographic evidence
- ReadUrdu — independent Urdu-English bilingual evidence
- word2word — independent corpus-derived bilingual evidence"
چوکی,"Rank: 2906

Meaning: outpost; bench

Frequency evidence: wordfreq Zipf 4.04
Frequency source: wordfreq Urdu multi-corpus ranking

Semantic verification: direct dictionary sense corroborated — Kaikki+ReadUrdu+word2word

Sources:
- wordfreq Urdu — Unicode multi-corpus frequency ordering
- Kaikki/Wiktextract — bilingual lexicographic evidence
- ReadUrdu — independent Urdu-English bilingual evidence
- word2word — independent corpus-derived bilingual evidence"
کھال,"Rank: 2907

Meaning: skin

Frequency evidence: wordfreq Zipf 4.04
Frequency source: wordfreq Urdu multi-corpus ranking

Semantic verification: direct dictionary sense corroborated — ReadUrdu+word2word

Sources:
- wordfreq Urdu — Unicode multi-corpus frequency ordering
- Kaikki/Wiktextract — bilingual lexicographic evidence
- ReadUrdu — independent Urdu-English bilingual evidence
- word2word — independent corpus-derived bilingual evidence"
گھوڑا,"Rank: 2908

Meaning: horse; knight

Frequency evidence: wordfreq Zipf 4.04
Frequency source: wordfreq Urdu multi-corpus ranking

Semantic verification: direct dictionary sense corroborated — Kaikki+ReadUrdu+word2word

Sources:
- wordfreq Urdu — Unicode multi-corpus frequency ordering
- Kaikki/Wiktextract — bilingual lexicographic evidence
- ReadUrdu — independent Urdu-English bilingual evidence
- word2word — independent corpus-derived bilingual evidence"
اخباری,"Rank: 2909

Meaning: journalistic

Frequency evidence: wordfreq Zipf 4.03
Frequency source: wordfreq Urdu multi-corpus ranking

Semantic verification: direct dictionary sense corroborated — Kaikki+ReadUrdu

Sources:
- wordfreq Urdu — Unicode multi-corpus frequency ordering
- Kaikki/Wiktextract — bilingual lexicographic evidence
- ReadUrdu — independent Urdu-English bilingual evidence
- word2word — independent corpus-derived bilingual evidence"
اسیر,"Rank: 2910

Meaning: captured; prisoner of war

Frequency evidence: wordfreq Zipf 4.03
Frequency source: wordfreq Urdu multi-corpus ranking

Semantic verification: direct dictionary sense corroborated — Kaikki+ReadUrdu

Sources:
- wordfreq Urdu — Unicode multi-corpus frequency ordering
- Kaikki/Wiktextract — bilingual lexicographic evidence
- ReadUrdu — independent Urdu-English bilingual evidence
- word2word — independent corpus-derived bilingual evidence"
افزائش,"Rank: 2911

Meaning: growth; increase

Frequency evidence: wordfreq Zipf 4.03
Frequency source: wordfreq Urdu multi-corpus ranking

Semantic verification: direct dictionary sense corroborated — Kaikki+ReadUrdu

Sources:
- wordfreq Urdu — Unicode multi-corpus frequency ordering
- Kaikki/Wiktextract — bilingual lexicographic evidence
- ReadUrdu — independent Urdu-English bilingual evidence
- word2word — independent corpus-derived bilingual evidence"
الحاق,"Rank: 2912

Meaning: attachment; something added

Frequency evidence: wordfreq Zipf 4.03
Frequency source: wordfreq Urdu multi-corpus ranking

Semantic verification: direct dictionary sense corroborated — Kaikki+ReadUrdu

Sources:
- wordfreq Urdu — Unicode multi-corpus frequency ordering
- Kaikki/Wiktextract — bilingual lexicographic evidence
- ReadUrdu — independent Urdu-English bilingual evidence
- word2word — independent corpus-derived bilingual evidence"
اولی,"Rank: 2913

Meaning: better; best

Frequency evidence: wordfreq Zipf 4.03
Frequency source: wordfreq Urdu multi-corpus ranking

Semantic verification: direct dictionary sense corroborated — Kaikki+ReadUrdu

Sources:
- wordfreq Urdu — Unicode multi-corpus frequency ordering
- Kaikki/Wiktextract — bilingual lexicographic evidence
- ReadUrdu — independent Urdu-English bilingual evidence
- word2word — independent corpus-derived bilingual evidence"
تخیل,"Rank: 2914

Meaning: imagination; thought

Frequency evidence: wordfreq Zipf 4.03
Frequency source: wordfreq Urdu multi-corpus ranking

Semantic verification: direct dictionary sense corroborated — Kaikki+ReadUrdu+word2word

Sources:
- wordfreq Urdu — Unicode multi-corpus frequency ordering
- Kaikki/Wiktextract — bilingual lexicographic evidence
- ReadUrdu — independent Urdu-English bilingual evidence
- word2word — independent corpus-derived bilingual evidence"
ترس,"Rank: 2915

Meaning: pity; mercy

Frequency evidence: wordfreq Zipf 4.03
Frequency source: wordfreq Urdu multi-corpus ranking

Semantic verification: direct dictionary sense corroborated — Kaikki+ReadUrdu+word2word

Sources:
- wordfreq Urdu — Unicode multi-corpus frequency ordering
- Kaikki/Wiktextract — bilingual lexicographic evidence
- ReadUrdu — independent Urdu-English bilingual evidence
- word2word — independent corpus-derived bilingual evidence"
ثم,"Rank: 2916

Meaning: once more; again

Frequency evidence: wordfreq Zipf 4.03
Frequency source: wordfreq Urdu multi-corpus ranking

Semantic verification: direct dictionary sense corroborated — Kaikki+ReadUrdu

Sources:
- wordfreq Urdu — Unicode multi-corpus frequency ordering
- Kaikki/Wiktextract — bilingual lexicographic evidence
- ReadUrdu — independent Urdu-English bilingual evidence
- word2word — independent corpus-derived bilingual evidence"
حویلی,"Rank: 2917

Meaning: mansion

Frequency evidence: wordfreq Zipf 4.03
Frequency source: wordfreq Urdu multi-corpus ranking

Semantic verification: direct dictionary sense corroborated — Kaikki+ReadUrdu+word2word

Sources:
- wordfreq Urdu — Unicode multi-corpus frequency ordering
- Kaikki/Wiktextract — bilingual lexicographic evidence
- ReadUrdu — independent Urdu-English bilingual evidence
- word2word — independent corpus-derived bilingual evidence"
رشک,"Rank: 2918

Meaning: jealousy; envy

Frequency evidence: wordfreq Zipf 4.03
Frequency source: wordfreq Urdu multi-corpus ranking

Semantic verification: direct dictionary sense corroborated — Kaikki+ReadUrdu+word2word

Sources:
- wordfreq Urdu — Unicode multi-corpus frequency ordering
- Kaikki/Wiktextract — bilingual lexicographic evidence
- ReadUrdu — independent Urdu-English bilingual evidence
- word2word — independent corpus-derived bilingual evidence"
ریاضت,"Rank: 2919

Meaning: training; practice

Frequency evidence: wordfreq Zipf 4.03
Frequency source: wordfreq Urdu multi-corpus ranking

Semantic verification: direct dictionary sense corroborated — Kaikki+ReadUrdu

Sources:
- wordfreq Urdu — Unicode multi-corpus frequency ordering
- Kaikki/Wiktextract — bilingual lexicographic evidence
- ReadUrdu — independent Urdu-English bilingual evidence
- word2word — independent corpus-derived bilingual evidence"
زمیندار,"Rank: 2920

Meaning: landlord; zamindar

Frequency evidence: wordfreq Zipf 4.03
Frequency source: wordfreq Urdu multi-corpus ranking

Semantic verification: direct dictionary sense corroborated — Kaikki+ReadUrdu

Sources:
- wordfreq Urdu — Unicode multi-corpus frequency ordering
- Kaikki/Wiktextract — bilingual lexicographic evidence
- ReadUrdu — independent Urdu-English bilingual evidence
- word2word — independent corpus-derived bilingual evidence"
زن,"Rank: 2921

Meaning: woman; wife

Frequency evidence: wordfreq Zipf 4.03
Frequency source: wordfreq Urdu multi-corpus ranking

Semantic verification: direct dictionary sense corroborated — Kaikki+ReadUrdu

Sources:
- wordfreq Urdu — Unicode multi-corpus frequency ordering
- Kaikki/Wiktextract — bilingual lexicographic evidence
- ReadUrdu — independent Urdu-English bilingual evidence
- word2word — independent corpus-derived bilingual evidence"
ساس,"Rank: 2922

Meaning: mother-in-law

Frequency evidence: wordfreq Zipf 4.03
Frequency source: wordfreq Urdu multi-corpus ranking

Semantic verification: direct dictionary sense corroborated — Kaikki+word2word

Sources:
- wordfreq Urdu — Unicode multi-corpus frequency ordering
- Kaikki/Wiktextract — bilingual lexicographic evidence
- ReadUrdu — independent Urdu-English bilingual evidence
- word2word — independent corpus-derived bilingual evidence"
سطحی,"Rank: 2923

Meaning: surface-level; superficial

Frequency evidence: wordfreq Zipf 4.03
Frequency source: wordfreq Urdu multi-corpus ranking

Semantic verification: direct dictionary sense corroborated — Kaikki+ReadUrdu

Sources:
- wordfreq Urdu — Unicode multi-corpus frequency ordering
- Kaikki/Wiktextract — bilingual lexicographic evidence
- ReadUrdu — independent Urdu-English bilingual evidence
- word2word — independent corpus-derived bilingual evidence"
فارس,"Rank: 2924

Meaning: Persia

Frequency evidence: wordfreq Zipf 4.03
Frequency source: wordfreq Urdu multi-corpus ranking

Semantic verification: direct dictionary sense corroborated — Kaikki+word2word

Sources:
- wordfreq Urdu — Unicode multi-corpus frequency ordering
- Kaikki/Wiktextract — bilingual lexicographic evidence
- ReadUrdu — independent Urdu-English bilingual evidence
- word2word — independent corpus-derived bilingual evidence"
معدنیات,"Rank: 2925

Meaning: Minerals

Frequency evidence: wordfreq Zipf 4.03
Frequency source: wordfreq Urdu multi-corpus ranking

Semantic verification: direct dictionary sense corroborated — ReadUrdu+word2word

Sources:
- wordfreq Urdu — Unicode multi-corpus frequency ordering
- Kaikki/Wiktextract — bilingual lexicographic evidence
- ReadUrdu — independent Urdu-English bilingual evidence
- word2word — independent corpus-derived bilingual evidence"
مکھی,"Rank: 2926

Meaning: fly

Frequency evidence: wordfreq Zipf 4.03
Frequency source: wordfreq Urdu multi-corpus ranking

Semantic verification: direct dictionary sense corroborated — Kaikki+ReadUrdu+word2word

Sources:
- wordfreq Urdu — Unicode multi-corpus frequency ordering
- Kaikki/Wiktextract — bilingual lexicographic evidence
- ReadUrdu — independent Urdu-English bilingual evidence
- word2word — independent corpus-derived bilingual evidence"
ناخن,"Rank: 2927

Meaning: nail; claw

Frequency evidence: wordfreq Zipf 4.03
Frequency source: wordfreq Urdu multi-corpus ranking

Semantic verification: direct dictionary sense corroborated — Kaikki+ReadUrdu+word2word

Sources:
- wordfreq Urdu — Unicode multi-corpus frequency ordering
- Kaikki/Wiktextract — bilingual lexicographic evidence
- ReadUrdu — independent Urdu-English bilingual evidence
- word2word — independent corpus-derived bilingual evidence"
ویران,"Rank: 2928

Meaning: deserted; desolate

Frequency evidence: wordfreq Zipf 4.03
Frequency source: wordfreq Urdu multi-corpus ranking

Semantic verification: direct dictionary sense corroborated — Kaikki+ReadUrdu+word2word

Sources:
- wordfreq Urdu — Unicode multi-corpus frequency ordering
- Kaikki/Wiktextract — bilingual lexicographic evidence
- ReadUrdu — independent Urdu-English bilingual evidence
- word2word — independent corpus-derived bilingual evidence"
پروا,"Rank: 2929

Meaning: care; concern

Frequency evidence: wordfreq Zipf 4.03
Frequency source: wordfreq Urdu multi-corpus ranking

Semantic verification: direct dictionary sense corroborated — Kaikki+ReadUrdu

Sources:
- wordfreq Urdu — Unicode multi-corpus frequency ordering
- Kaikki/Wiktextract — bilingual lexicographic evidence
- ReadUrdu — independent Urdu-English bilingual evidence
- word2word — independent corpus-derived bilingual evidence"
پریڈ,"Rank: 2930

Meaning: parade

Frequency evidence: wordfreq Zipf 4.03
Frequency source: wordfreq Urdu multi-corpus ranking

Semantic verification: direct dictionary sense corroborated — Kaikki+ReadUrdu+word2word

Sources:
- wordfreq Urdu — Unicode multi-corpus frequency ordering
- Kaikki/Wiktextract — bilingual lexicographic evidence
- ReadUrdu — independent Urdu-English bilingual evidence
- word2word — independent corpus-derived bilingual evidence"
پوچھنا,"Rank: 2931

Meaning: to ask; enquire

Frequency evidence: wordfreq Zipf 4.03
Frequency source: wordfreq Urdu multi-corpus ranking

Semantic verification: direct dictionary sense corroborated — Kaikki+ReadUrdu+word2word

Sources:
- wordfreq Urdu — Unicode multi-corpus frequency ordering
- Kaikki/Wiktextract — bilingual lexicographic evidence
- ReadUrdu — independent Urdu-English bilingual evidence
- word2word — independent corpus-derived bilingual evidence"
پیمانہ,"Rank: 2932

Meaning: measure; scale

Frequency evidence: wordfreq Zipf 4.03
Frequency source: wordfreq Urdu multi-corpus ranking

Semantic verification: direct dictionary sense corroborated — Kaikki+ReadUrdu+word2word

Sources:
- wordfreq Urdu — Unicode multi-corpus frequency ordering
- Kaikki/Wiktextract — bilingual lexicographic evidence
- ReadUrdu — independent Urdu-English bilingual evidence
- word2word — independent corpus-derived bilingual evidence"
چیٹ,"Rank: 2933

Meaning: chat

Frequency evidence: wordfreq Zipf 4.03
Frequency source: wordfreq Urdu multi-corpus ranking

Semantic verification: direct dictionary sense corroborated — ReadUrdu+word2word

Sources:
- wordfreq Urdu — Unicode multi-corpus frequency ordering
- Kaikki/Wiktextract — bilingual lexicographic evidence
- ReadUrdu — independent Urdu-English bilingual evidence
- word2word — independent corpus-derived bilingual evidence"
کاشف,"Rank: 2934

Meaning: detector; revealer

Frequency evidence: wordfreq Zipf 4.03
Frequency source: wordfreq Urdu multi-corpus ranking

Semantic verification: direct dictionary sense corroborated — Kaikki+ReadUrdu

Sources:
- wordfreq Urdu — Unicode multi-corpus frequency ordering
- Kaikki/Wiktextract — bilingual lexicographic evidence
- ReadUrdu — independent Urdu-English bilingual evidence
- word2word — independent corpus-derived bilingual evidence"
کرشن,"Rank: 2935

Meaning: Krishna

Frequency evidence: wordfreq Zipf 4.03
Frequency source: wordfreq Urdu multi-corpus ranking

Semantic verification: direct dictionary sense corroborated — Kaikki+ReadUrdu

Sources:
- wordfreq Urdu — Unicode multi-corpus frequency ordering
- Kaikki/Wiktextract — bilingual lexicographic evidence
- ReadUrdu — independent Urdu-English bilingual evidence
- word2word — independent corpus-derived bilingual evidence"
کوثر,"Rank: 2936

Meaning: abundance

Frequency evidence: wordfreq Zipf 4.03
Frequency source: wordfreq Urdu multi-corpus ranking

Semantic verification: direct dictionary sense corroborated — Kaikki+ReadUrdu

Sources:
- wordfreq Urdu — Unicode multi-corpus frequency ordering
- Kaikki/Wiktextract — bilingual lexicographic evidence
- ReadUrdu — independent Urdu-English bilingual evidence
- word2word — independent corpus-derived bilingual evidence"
گشت,"Rank: 2937

Meaning: patrol; watch

Frequency evidence: wordfreq Zipf 4.03
Frequency source: wordfreq Urdu multi-corpus ranking

Semantic verification: direct dictionary sense corroborated — Kaikki+ReadUrdu+word2word

Sources:
- wordfreq Urdu — Unicode multi-corpus frequency ordering
- Kaikki/Wiktextract — bilingual lexicographic evidence
- ReadUrdu — independent Urdu-English bilingual evidence
- word2word — independent corpus-derived bilingual evidence"
گھیر,"Rank: 2938

Meaning: siege

Frequency evidence: wordfreq Zipf 4.03
Frequency source: wordfreq Urdu multi-corpus ranking

Semantic verification: direct dictionary sense corroborated — ReadUrdu+word2word

Sources:
- wordfreq Urdu — Unicode multi-corpus frequency ordering
- Kaikki/Wiktextract — bilingual lexicographic evidence
- ReadUrdu — independent Urdu-English bilingual evidence
- word2word — independent corpus-derived bilingual evidence"
آریہ,"Rank: 2939

Meaning: noble; Indo-Iranian

Frequency evidence: wordfreq Zipf 4.02
Frequency source: wordfreq Urdu multi-corpus ranking

Semantic verification: direct dictionary sense corroborated — Kaikki+ReadUrdu

Sources:
- wordfreq Urdu — Unicode multi-corpus frequency ordering
- Kaikki/Wiktextract — bilingual lexicographic evidence
- ReadUrdu — independent Urdu-English bilingual evidence
- word2word — independent corpus-derived bilingual evidence"
آسام,"Rank: 2940

Meaning: Assam

Frequency evidence: wordfreq Zipf 4.02
Frequency source: wordfreq Urdu multi-corpus ranking

Semantic verification: direct dictionary sense corroborated — Kaikki+ReadUrdu

Sources:
- wordfreq Urdu — Unicode multi-corpus frequency ordering
- Kaikki/Wiktextract — bilingual lexicographic evidence
- ReadUrdu — independent Urdu-English bilingual evidence
- word2word — independent corpus-derived bilingual evidence"
اداس,"Rank: 2941

Meaning: sad; unhappy

Frequency evidence: wordfreq Zipf 4.02
Frequency source: wordfreq Urdu multi-corpus ranking

Semantic verification: direct dictionary sense corroborated — Kaikki+ReadUrdu

Sources:
- wordfreq Urdu — Unicode multi-corpus frequency ordering
- Kaikki/Wiktextract — bilingual lexicographic evidence
- ReadUrdu — independent Urdu-English bilingual evidence
- word2word — independent corpus-derived bilingual evidence"
اندھیرا,"Rank: 2942

Meaning: dark; dismal

Frequency evidence: wordfreq Zipf 4.02
Frequency source: wordfreq Urdu multi-corpus ranking

Semantic verification: direct dictionary sense corroborated — Kaikki+ReadUrdu+word2word

Sources:
- wordfreq Urdu — Unicode multi-corpus frequency ordering
- Kaikki/Wiktextract — bilingual lexicographic evidence
- ReadUrdu — independent Urdu-English bilingual evidence
- word2word — independent corpus-derived bilingual evidence"
بیزار,"Rank: 2943

Meaning: free; clear

Frequency evidence: wordfreq Zipf 4.02
Frequency source: wordfreq Urdu multi-corpus ranking

Semantic verification: direct dictionary sense corroborated — Kaikki+ReadUrdu

Sources:
- wordfreq Urdu — Unicode multi-corpus frequency ordering
- Kaikki/Wiktextract — bilingual lexicographic evidence
- ReadUrdu — independent Urdu-English bilingual evidence
- word2word — independent corpus-derived bilingual evidence"
جہیز,"Rank: 2944

Meaning: dowry

Frequency evidence: wordfreq Zipf 4.02
Frequency source: wordfreq Urdu multi-corpus ranking

Semantic verification: direct dictionary sense corroborated — Kaikki+ReadUrdu

Sources:
- wordfreq Urdu — Unicode multi-corpus frequency ordering
- Kaikki/Wiktextract — bilingual lexicographic evidence
- ReadUrdu — independent Urdu-English bilingual evidence
- word2word — independent corpus-derived bilingual evidence"
دکھاتا,"Rank: 2945

Meaning: show

Frequency evidence: wordfreq Zipf 4.02
Frequency source: wordfreq Urdu multi-corpus ranking

Semantic verification: direct dictionary sense corroborated — ReadUrdu+word2word

Sources:
- wordfreq Urdu — Unicode multi-corpus frequency ordering
- Kaikki/Wiktextract — bilingual lexicographic evidence
- ReadUrdu — independent Urdu-English bilingual evidence
- word2word — independent corpus-derived bilingual evidence"
فردوس,"Rank: 2946

Meaning: garden; paradise

Frequency evidence: wordfreq Zipf 4.02
Frequency source: wordfreq Urdu multi-corpus ranking

Semantic verification: direct dictionary sense corroborated — Kaikki+ReadUrdu

Sources:
- wordfreq Urdu — Unicode multi-corpus frequency ordering
- Kaikki/Wiktextract — bilingual lexicographic evidence
- ReadUrdu — independent Urdu-English bilingual evidence
- word2word — independent corpus-derived bilingual evidence"
لٹکا,"Rank: 2947

Meaning: hang

Frequency evidence: wordfreq Zipf 4.02
Frequency source: wordfreq Urdu multi-corpus ranking

Semantic verification: direct dictionary sense corroborated — ReadUrdu+word2word

Sources:
- wordfreq Urdu — Unicode multi-corpus frequency ordering
- Kaikki/Wiktextract — bilingual lexicographic evidence
- ReadUrdu — independent Urdu-English bilingual evidence
- word2word — independent corpus-derived bilingual evidence"
مردانہ,"Rank: 2948

Meaning: male; masculine

Frequency evidence: wordfreq Zipf 4.02
Frequency source: wordfreq Urdu multi-corpus ranking

Semantic verification: direct dictionary sense corroborated — Kaikki+ReadUrdu

Sources:
- wordfreq Urdu — Unicode multi-corpus frequency ordering
- Kaikki/Wiktextract — bilingual lexicographic evidence
- ReadUrdu — independent Urdu-English bilingual evidence
- word2word — independent corpus-derived bilingual evidence"
معائنہ,"Rank: 2949

Meaning: inspection; examination

Frequency evidence: wordfreq Zipf 4.02
Frequency source: wordfreq Urdu multi-corpus ranking

Semantic verification: direct dictionary sense corroborated — Kaikki+ReadUrdu

Sources:
- wordfreq Urdu — Unicode multi-corpus frequency ordering
- Kaikki/Wiktextract — bilingual lexicographic evidence
- ReadUrdu — independent Urdu-English bilingual evidence
- word2word — independent corpus-derived bilingual evidence"
منجمد,"Rank: 2950

Meaning: frozen; congealed

Frequency evidence: wordfreq Zipf 4.02
Frequency source: wordfreq Urdu multi-corpus ranking

Semantic verification: direct dictionary sense corroborated — Kaikki+ReadUrdu+word2word

Sources:
- wordfreq Urdu — Unicode multi-corpus frequency ordering
- Kaikki/Wiktextract — bilingual lexicographic evidence
- ReadUrdu — independent Urdu-English bilingual evidence
- word2word — independent corpus-derived bilingual evidence"
مول,"Rank: 2951

Meaning: original copy; worth

Frequency evidence: wordfreq Zipf 4.02
Frequency source: wordfreq Urdu multi-corpus ranking

Semantic verification: direct dictionary sense corroborated — Kaikki+ReadUrdu

Sources:
- wordfreq Urdu — Unicode multi-corpus frequency ordering
- Kaikki/Wiktextract — bilingual lexicographic evidence
- ReadUrdu — independent Urdu-English bilingual evidence
- word2word — independent corpus-derived bilingual evidence"
ناکارہ,"Rank: 2952

Meaning: useless; redundant

Frequency evidence: wordfreq Zipf 4.02
Frequency source: wordfreq Urdu multi-corpus ranking

Semantic verification: direct dictionary sense corroborated — Kaikki+ReadUrdu

Sources:
- wordfreq Urdu — Unicode multi-corpus frequency ordering
- Kaikki/Wiktextract — bilingual lexicographic evidence
- ReadUrdu — independent Urdu-English bilingual evidence
- word2word — independent corpus-derived bilingual evidence"
پکوان,"Rank: 2953

Meaning: any cooked or prepared food; dish

Frequency evidence: wordfreq Zipf 4.02
Frequency source: wordfreq Urdu multi-corpus ranking

Semantic verification: direct dictionary sense corroborated — Kaikki+ReadUrdu

Sources:
- wordfreq Urdu — Unicode multi-corpus frequency ordering
- Kaikki/Wiktextract — bilingual lexicographic evidence
- ReadUrdu — independent Urdu-English bilingual evidence
- word2word — independent corpus-derived bilingual evidence"
ڈنمارک,"Rank: 2954

Meaning: Denmark

Frequency evidence: wordfreq Zipf 4.02
Frequency source: wordfreq Urdu multi-corpus ranking

Semantic verification: direct dictionary sense corroborated — Kaikki+ReadUrdu

Sources:
- wordfreq Urdu — Unicode multi-corpus frequency ordering
- Kaikki/Wiktextract — bilingual lexicographic evidence
- ReadUrdu — independent Urdu-English bilingual evidence
- word2word — independent corpus-derived bilingual evidence"
کچن,"Rank: 2955

Meaning: kitchen

Frequency evidence: wordfreq Zipf 4.02
Frequency source: wordfreq Urdu multi-corpus ranking

Semantic verification: direct dictionary sense corroborated — ReadUrdu+word2word

Sources:
- wordfreq Urdu — Unicode multi-corpus frequency ordering
- Kaikki/Wiktextract — bilingual lexicographic evidence
- ReadUrdu — independent Urdu-English bilingual evidence
- word2word — independent corpus-derived bilingual evidence"
کھیت,"Rank: 2956

Meaning: farm; cultivated land

Frequency evidence: wordfreq Zipf 4.02
Frequency source: wordfreq Urdu multi-corpus ranking

Semantic verification: direct dictionary sense corroborated — Kaikki+ReadUrdu+word2word

Sources:
- wordfreq Urdu — Unicode multi-corpus frequency ordering
- Kaikki/Wiktextract — bilingual lexicographic evidence
- ReadUrdu — independent Urdu-English bilingual evidence
- word2word — independent corpus-derived bilingual evidence"
یاسمین,"Rank: 2957

Meaning: a female given name; equivalent to English Jasmine

Frequency evidence: wordfreq Zipf 4.02
Frequency source: wordfreq Urdu multi-corpus ranking

Semantic verification: direct dictionary sense corroborated — Kaikki+ReadUrdu

Sources:
- wordfreq Urdu — Unicode multi-corpus frequency ordering
- Kaikki/Wiktextract — bilingual lexicographic evidence
- ReadUrdu — independent Urdu-English bilingual evidence
- word2word — independent corpus-derived bilingual evidence"
افق,"Rank: 2958

Meaning: horizon

Frequency evidence: wordfreq Zipf 4.01
Frequency source: wordfreq Urdu multi-corpus ranking

Semantic verification: direct dictionary sense corroborated — Kaikki+ReadUrdu

Sources:
- wordfreq Urdu — Unicode multi-corpus frequency ordering
- Kaikki/Wiktextract — bilingual lexicographic evidence
- ReadUrdu — independent Urdu-English bilingual evidence
- word2word — independent corpus-derived bilingual evidence"
بدتر,"Rank: 2959

Meaning: lesser; deteriorated

Frequency evidence: wordfreq Zipf 4.01
Frequency source: wordfreq Urdu multi-corpus ranking

Semantic verification: direct dictionary sense corroborated — Kaikki+ReadUrdu

Sources:
- wordfreq Urdu — Unicode multi-corpus frequency ordering
- Kaikki/Wiktextract — bilingual lexicographic evidence
- ReadUrdu — independent Urdu-English bilingual evidence
- word2word — independent corpus-derived bilingual evidence"
بدلنا,"Rank: 2960

Meaning: to change; to transfer

Frequency evidence: wordfreq Zipf 4.01
Frequency source: wordfreq Urdu multi-corpus ranking

Semantic verification: direct dictionary sense corroborated — Kaikki+ReadUrdu+word2word

Sources:
- wordfreq Urdu — Unicode multi-corpus frequency ordering
- Kaikki/Wiktextract — bilingual lexicographic evidence
- ReadUrdu — independent Urdu-English bilingual evidence
- word2word — independent corpus-derived bilingual evidence"
برتاؤ,"Rank: 2961

Meaning: behaviour; conduct

Frequency evidence: wordfreq Zipf 4.01
Frequency source: wordfreq Urdu multi-corpus ranking

Semantic verification: direct dictionary sense corroborated — Kaikki+ReadUrdu

Sources:
- wordfreq Urdu — Unicode multi-corpus frequency ordering
- Kaikki/Wiktextract — bilingual lexicographic evidence
- ReadUrdu — independent Urdu-English bilingual evidence
- word2word — independent corpus-derived bilingual evidence"
بیڑا,"Rank: 2962

Meaning: boat; raft

Frequency evidence: wordfreq Zipf 4.01
Frequency source: wordfreq Urdu multi-corpus ranking

Semantic verification: direct dictionary sense corroborated — Kaikki+ReadUrdu

Sources:
- wordfreq Urdu — Unicode multi-corpus frequency ordering
- Kaikki/Wiktextract — bilingual lexicographic evidence
- ReadUrdu — independent Urdu-English bilingual evidence
- word2word — independent corpus-derived bilingual evidence"
تیمور,"Rank: 2963

Meaning: a male given name; name of king

Frequency evidence: wordfreq Zipf 4.01
Frequency source: wordfreq Urdu multi-corpus ranking

Semantic verification: direct dictionary sense corroborated — Kaikki+ReadUrdu

Sources:
- wordfreq Urdu — Unicode multi-corpus frequency ordering
- Kaikki/Wiktextract — bilingual lexicographic evidence
- ReadUrdu — independent Urdu-English bilingual evidence
- word2word — independent corpus-derived bilingual evidence"
حائل,"Rank: 2964

Meaning: standing in the way; intervening

Frequency evidence: wordfreq Zipf 4.01
Frequency source: wordfreq Urdu multi-corpus ranking

Semantic verification: direct dictionary sense corroborated — Kaikki+ReadUrdu

Sources:
- wordfreq Urdu — Unicode multi-corpus frequency ordering
- Kaikki/Wiktextract — bilingual lexicographic evidence
- ReadUrdu — independent Urdu-English bilingual evidence
- word2word — independent corpus-derived bilingual evidence"
خرچہ,"Rank: 2965

Meaning: expense; allowance

Frequency evidence: wordfreq Zipf 4.01
Frequency source: wordfreq Urdu multi-corpus ranking

Semantic verification: direct dictionary sense corroborated — Kaikki+ReadUrdu

Sources:
- wordfreq Urdu — Unicode multi-corpus frequency ordering
- Kaikki/Wiktextract — bilingual lexicographic evidence
- ReadUrdu — independent Urdu-English bilingual evidence
- word2word — independent corpus-derived bilingual evidence"
رعایا,"Rank: 2966

Meaning: Subjects

Frequency evidence: wordfreq Zipf 4.01
Frequency source: wordfreq Urdu multi-corpus ranking

Semantic verification: direct dictionary sense corroborated — ReadUrdu+word2word

Sources:
- wordfreq Urdu — Unicode multi-corpus frequency ordering
- Kaikki/Wiktextract — bilingual lexicographic evidence
- ReadUrdu — independent Urdu-English bilingual evidence
- word2word — independent corpus-derived bilingual evidence"
سارہ,"Rank: 2967

Meaning: Sarah

Frequency evidence: wordfreq Zipf 4.01
Frequency source: wordfreq Urdu multi-corpus ranking

Semantic verification: direct dictionary sense corroborated — ReadUrdu+word2word

Sources:
- wordfreq Urdu — Unicode multi-corpus frequency ordering
- Kaikki/Wiktextract — bilingual lexicographic evidence
- ReadUrdu — independent Urdu-English bilingual evidence
- word2word — independent corpus-derived bilingual evidence"
عمار,"Rank: 2968

Meaning: Ammar

Frequency evidence: wordfreq Zipf 4.01
Frequency source: wordfreq Urdu multi-corpus ranking

Semantic verification: direct dictionary sense corroborated — Kaikki+word2word

Sources:
- wordfreq Urdu — Unicode multi-corpus frequency ordering
- Kaikki/Wiktextract — bilingual lexicographic evidence
- ReadUrdu — independent Urdu-English bilingual evidence
- word2word — independent corpus-derived bilingual evidence"
فلپائن,"Rank: 2969

Meaning: Philippines

Frequency evidence: wordfreq Zipf 4.01
Frequency source: wordfreq Urdu multi-corpus ranking

Semantic verification: direct dictionary sense corroborated — Kaikki+ReadUrdu

Sources:
- wordfreq Urdu — Unicode multi-corpus frequency ordering
- Kaikki/Wiktextract — bilingual lexicographic evidence
- ReadUrdu — independent Urdu-English bilingual evidence
- word2word — independent corpus-derived bilingual evidence"
محال,"Rank: 2970

Meaning: impossible; extremely difficult

Frequency evidence: wordfreq Zipf 4.01
Frequency source: wordfreq Urdu multi-corpus ranking

Semantic verification: direct dictionary sense corroborated — Kaikki+ReadUrdu

Sources:
- wordfreq Urdu — Unicode multi-corpus frequency ordering
- Kaikki/Wiktextract — bilingual lexicographic evidence
- ReadUrdu — independent Urdu-English bilingual evidence
- word2word — independent corpus-derived bilingual evidence"
محتاط,"Rank: 2971

Meaning: careful; guarded

Frequency evidence: wordfreq Zipf 4.01
Frequency source: wordfreq Urdu multi-corpus ranking

Semantic verification: direct dictionary sense corroborated — Kaikki+ReadUrdu

Sources:
- wordfreq Urdu — Unicode multi-corpus frequency ordering
- Kaikki/Wiktextract — bilingual lexicographic evidence
- ReadUrdu — independent Urdu-English bilingual evidence
- word2word — independent corpus-derived bilingual evidence"
معمر,"Rank: 2972

Meaning: old; aged

Frequency evidence: wordfreq Zipf 4.01
Frequency source: wordfreq Urdu multi-corpus ranking

Semantic verification: direct dictionary sense corroborated — Kaikki+ReadUrdu

Sources:
- wordfreq Urdu — Unicode multi-corpus frequency ordering
- Kaikki/Wiktextract — bilingual lexicographic evidence
- ReadUrdu — independent Urdu-English bilingual evidence
- word2word — independent corpus-derived bilingual evidence"
منہدم,"Rank: 2973

Meaning: destroyed; ravaged

Frequency evidence: wordfreq Zipf 4.01
Frequency source: wordfreq Urdu multi-corpus ranking

Semantic verification: direct dictionary sense corroborated — Kaikki+ReadUrdu

Sources:
- wordfreq Urdu — Unicode multi-corpus frequency ordering
- Kaikki/Wiktextract — bilingual lexicographic evidence
- ReadUrdu — independent Urdu-English bilingual evidence
- word2word — independent corpus-derived bilingual evidence"
میراث,"Rank: 2974

Meaning: inheritance

Frequency evidence: wordfreq Zipf 4.01
Frequency source: wordfreq Urdu multi-corpus ranking

Semantic verification: direct dictionary sense corroborated — Kaikki+ReadUrdu

Sources:
- wordfreq Urdu — Unicode multi-corpus frequency ordering
- Kaikki/Wiktextract — bilingual lexicographic evidence
- ReadUrdu — independent Urdu-English bilingual evidence
- word2word — independent corpus-derived bilingual evidence"
ٹیپ,"Rank: 2975

Meaning: tape

Frequency evidence: wordfreq Zipf 4.01
Frequency source: wordfreq Urdu multi-corpus ranking

Semantic verification: direct dictionary sense corroborated — Kaikki+word2word

Sources:
- wordfreq Urdu — Unicode multi-corpus frequency ordering
- Kaikki/Wiktextract — bilingual lexicographic evidence
- ReadUrdu — independent Urdu-English bilingual evidence
- word2word — independent corpus-derived bilingual evidence"
پرکاش,"Rank: 2976

Meaning: public; light

Frequency evidence: wordfreq Zipf 4.01
Frequency source: wordfreq Urdu multi-corpus ranking

Semantic verification: direct dictionary sense corroborated — Kaikki+ReadUrdu

Sources:
- wordfreq Urdu — Unicode multi-corpus frequency ordering
- Kaikki/Wiktextract — bilingual lexicographic evidence
- ReadUrdu — independent Urdu-English bilingual evidence
- word2word — independent corpus-derived bilingual evidence"
کلکتہ,"Rank: 2977

Meaning: Kolkata

Frequency evidence: wordfreq Zipf 4.01
Frequency source: wordfreq Urdu multi-corpus ranking

Semantic verification: direct dictionary sense corroborated — Kaikki+ReadUrdu

Sources:
- wordfreq Urdu — Unicode multi-corpus frequency ordering
- Kaikki/Wiktextract — bilingual lexicographic evidence
- ReadUrdu — independent Urdu-English bilingual evidence
- word2word — independent corpus-derived bilingual evidence"
ابلیس,"Rank: 2978

Meaning: Satan; the Devil

Frequency evidence: wordfreq Zipf 4.00
Frequency source: wordfreq Urdu multi-corpus ranking

Semantic verification: direct dictionary sense corroborated — Kaikki+ReadUrdu

Sources:
- wordfreq Urdu — Unicode multi-corpus frequency ordering
- Kaikki/Wiktextract — bilingual lexicographic evidence
- ReadUrdu — independent Urdu-English bilingual evidence
- word2word — independent corpus-derived bilingual evidence"
اجارہ,"Rank: 2979

Meaning: holding

Frequency evidence: wordfreq Zipf 4.00
Frequency source: wordfreq Urdu multi-corpus ranking

Semantic verification: direct dictionary sense corroborated — Kaikki+ReadUrdu

Sources:
- wordfreq Urdu — Unicode multi-corpus frequency ordering
- Kaikki/Wiktextract — bilingual lexicographic evidence
- ReadUrdu — independent Urdu-English bilingual evidence
- word2word — independent corpus-derived bilingual evidence"
ارتکاب,"Rank: 2980

Meaning: perpetration

Frequency evidence: wordfreq Zipf 4.00
Frequency source: wordfreq Urdu multi-corpus ranking

Semantic verification: direct dictionary sense corroborated — Kaikki+ReadUrdu

Sources:
- wordfreq Urdu — Unicode multi-corpus frequency ordering
- Kaikki/Wiktextract — bilingual lexicographic evidence
- ReadUrdu — independent Urdu-English bilingual evidence
- word2word — independent corpus-derived bilingual evidence"
امرتسر,"Rank: 2981

Meaning: Amritsar

Frequency evidence: wordfreq Zipf 4.00
Frequency source: wordfreq Urdu multi-corpus ranking

Semantic verification: direct dictionary sense corroborated — Kaikki+ReadUrdu

Sources:
- wordfreq Urdu — Unicode multi-corpus frequency ordering
- Kaikki/Wiktextract — bilingual lexicographic evidence
- ReadUrdu — independent Urdu-English bilingual evidence
- word2word — independent corpus-derived bilingual evidence"
بیاہ,"Rank: 2982

Meaning: wedding; marriage

Frequency evidence: wordfreq Zipf 4.00
Frequency source: wordfreq Urdu multi-corpus ranking

Semantic verification: direct dictionary sense corroborated — Kaikki+ReadUrdu

Sources:
- wordfreq Urdu — Unicode multi-corpus frequency ordering
- Kaikki/Wiktextract — bilingual lexicographic evidence
- ReadUrdu — independent Urdu-English bilingual evidence
- word2word — independent corpus-derived bilingual evidence"
تکرار,"Rank: 2983

Meaning: argument; repetition

Frequency evidence: wordfreq Zipf 4.00
Frequency source: wordfreq Urdu multi-corpus ranking

Semantic verification: direct dictionary sense corroborated — Kaikki+ReadUrdu

Sources:
- wordfreq Urdu — Unicode multi-corpus frequency ordering
- Kaikki/Wiktextract — bilingual lexicographic evidence
- ReadUrdu — independent Urdu-English bilingual evidence
- word2word — independent corpus-derived bilingual evidence"
جدت,"Rank: 2984

Meaning: originality; modernisation

Frequency evidence: wordfreq Zipf 4.00
Frequency source: wordfreq Urdu multi-corpus ranking

Semantic verification: direct dictionary sense corroborated — Kaikki+ReadUrdu

Sources:
- wordfreq Urdu — Unicode multi-corpus frequency ordering
- Kaikki/Wiktextract — bilingual lexicographic evidence
- ReadUrdu — independent Urdu-English bilingual evidence
- word2word — independent corpus-derived bilingual evidence"
حلب,"Rank: 2985

Meaning: Aleppo

Frequency evidence: wordfreq Zipf 4.00
Frequency source: wordfreq Urdu multi-corpus ranking

Semantic verification: direct dictionary sense corroborated — Kaikki+ReadUrdu

Sources:
- wordfreq Urdu — Unicode multi-corpus frequency ordering
- Kaikki/Wiktextract — bilingual lexicographic evidence
- ReadUrdu — independent Urdu-English bilingual evidence
- word2word — independent corpus-derived bilingual evidence"
خالہ,"Rank: 2986

Meaning: maternal aunt

Frequency evidence: wordfreq Zipf 4.00
Frequency source: wordfreq Urdu multi-corpus ranking

Semantic verification: direct dictionary sense corroborated — Kaikki+ReadUrdu

Sources:
- wordfreq Urdu — Unicode multi-corpus frequency ordering
- Kaikki/Wiktextract — bilingual lexicographic evidence
- ReadUrdu — independent Urdu-English bilingual evidence
- word2word — independent corpus-derived bilingual evidence"
زیور,"Rank: 2987

Meaning: jewellery; grounds for adornment

Frequency evidence: wordfreq Zipf 4.00
Frequency source: wordfreq Urdu multi-corpus ranking

Semantic verification: direct dictionary sense corroborated — Kaikki+ReadUrdu+word2word

Sources:
- wordfreq Urdu — Unicode multi-corpus frequency ordering
- Kaikki/Wiktextract — bilingual lexicographic evidence
- ReadUrdu — independent Urdu-English bilingual evidence
- word2word — independent corpus-derived bilingual evidence"
شرارت,"Rank: 2988

Meaning: mischief; wickedness

Frequency evidence: wordfreq Zipf 4.00
Frequency source: wordfreq Urdu multi-corpus ranking

Semantic verification: direct dictionary sense corroborated — Kaikki+ReadUrdu

Sources:
- wordfreq Urdu — Unicode multi-corpus frequency ordering
- Kaikki/Wiktextract — bilingual lexicographic evidence
- ReadUrdu — independent Urdu-English bilingual evidence
- word2word — independent corpus-derived bilingual evidence"
ضم,"Rank: 2989

Meaning: integrate; conjunction

Frequency evidence: wordfreq Zipf 4.00
Frequency source: wordfreq Urdu multi-corpus ranking

Semantic verification: direct dictionary sense corroborated — Kaikki+ReadUrdu

Sources:
- wordfreq Urdu — Unicode multi-corpus frequency ordering
- Kaikki/Wiktextract — bilingual lexicographic evidence
- ReadUrdu — independent Urdu-English bilingual evidence
- word2word — independent corpus-derived bilingual evidence"
لڑنا,"Rank: 2990

Meaning: to fight; to argue

Frequency evidence: wordfreq Zipf 4.00
Frequency source: wordfreq Urdu multi-corpus ranking

Semantic verification: direct dictionary sense corroborated — Kaikki+ReadUrdu+word2word

Sources:
- wordfreq Urdu — Unicode multi-corpus frequency ordering
- Kaikki/Wiktextract — bilingual lexicographic evidence
- ReadUrdu — independent Urdu-English bilingual evidence
- word2word — independent corpus-derived bilingual evidence"
مارنا,"Rank: 2991

Meaning: hit; to kill

Frequency evidence: wordfreq Zipf 4.00
Frequency source: wordfreq Urdu multi-corpus ranking

Semantic verification: direct dictionary sense corroborated — Kaikki+ReadUrdu+word2word

Sources:
- wordfreq Urdu — Unicode multi-corpus frequency ordering
- Kaikki/Wiktextract — bilingual lexicographic evidence
- ReadUrdu — independent Urdu-English bilingual evidence
- word2word — independent corpus-derived bilingual evidence"
معلم,"Rank: 2992

Meaning: tutor

Frequency evidence: wordfreq Zipf 4.00
Frequency source: wordfreq Urdu multi-corpus ranking

Semantic verification: direct dictionary sense corroborated — Kaikki+ReadUrdu

Sources:
- wordfreq Urdu — Unicode multi-corpus frequency ordering
- Kaikki/Wiktextract — bilingual lexicographic evidence
- ReadUrdu — independent Urdu-English bilingual evidence
- word2word — independent corpus-derived bilingual evidence"
ملامت,"Rank: 2993

Meaning: objection; disapproval

Frequency evidence: wordfreq Zipf 4.00
Frequency source: wordfreq Urdu multi-corpus ranking

Semantic verification: direct dictionary sense corroborated — Kaikki+ReadUrdu

Sources:
- wordfreq Urdu — Unicode multi-corpus frequency ordering
- Kaikki/Wiktextract — bilingual lexicographic evidence
- ReadUrdu — independent Urdu-English bilingual evidence
- word2word — independent corpus-derived bilingual evidence"
وردی,"Rank: 2994

Meaning: Uniform

Frequency evidence: wordfreq Zipf 4.00
Frequency source: wordfreq Urdu multi-corpus ranking

Semantic verification: direct dictionary sense corroborated — ReadUrdu+word2word

Sources:
- wordfreq Urdu — Unicode multi-corpus frequency ordering
- Kaikki/Wiktextract — bilingual lexicographic evidence
- ReadUrdu — independent Urdu-English bilingual evidence
- word2word — independent corpus-derived bilingual evidence"
پانچواں,"Rank: 2995

Meaning: fifth

Frequency evidence: wordfreq Zipf 4.00
Frequency source: wordfreq Urdu multi-corpus ranking

Semantic verification: direct dictionary sense corroborated — Kaikki+ReadUrdu

Sources:
- wordfreq Urdu — Unicode multi-corpus frequency ordering
- Kaikki/Wiktextract — bilingual lexicographic evidence
- ReadUrdu — independent Urdu-English bilingual evidence
- word2word — independent corpus-derived bilingual evidence"
پرنس,"Rank: 2996

Meaning: prince

Frequency evidence: wordfreq Zipf 4.00
Frequency source: wordfreq Urdu multi-corpus ranking

Semantic verification: direct dictionary sense corroborated — ReadUrdu+word2word

Sources:
- wordfreq Urdu — Unicode multi-corpus frequency ordering
- Kaikki/Wiktextract — bilingual lexicographic evidence
- ReadUrdu — independent Urdu-English bilingual evidence
- word2word — independent corpus-derived bilingual evidence"
کیلے,"Rank: 2997

Meaning: Calais

Frequency evidence: wordfreq Zipf 4.00
Frequency source: wordfreq Urdu multi-corpus ranking

Semantic verification: direct dictionary sense corroborated — Kaikki+ReadUrdu

Sources:
- wordfreq Urdu — Unicode multi-corpus frequency ordering
- Kaikki/Wiktextract — bilingual lexicographic evidence
- ReadUrdu — independent Urdu-English bilingual evidence
- word2word — independent corpus-derived bilingual evidence"
آلودگی,"Rank: 2998

Meaning: pollution; contamination

Frequency evidence: wordfreq Zipf 3.99
Frequency source: wordfreq Urdu multi-corpus ranking

Semantic verification: direct dictionary sense corroborated — Kaikki+ReadUrdu

Sources:
- wordfreq Urdu — Unicode multi-corpus frequency ordering
- Kaikki/Wiktextract — bilingual lexicographic evidence
- ReadUrdu — independent Urdu-English bilingual evidence
- word2word — independent corpus-derived bilingual evidence"
ارسطو,"Rank: 2999

Meaning: Aristotle

Frequency evidence: wordfreq Zipf 3.99
Frequency source: wordfreq Urdu multi-corpus ranking

Semantic verification: direct dictionary sense corroborated — Kaikki+ReadUrdu

Sources:
- wordfreq Urdu — Unicode multi-corpus frequency ordering
- Kaikki/Wiktextract — bilingual lexicographic evidence
- ReadUrdu — independent Urdu-English bilingual evidence
- word2word — independent corpus-derived bilingual evidence"
برق,"Rank: 3000

Meaning: electricity; quick

Frequency evidence: wordfreq Zipf 3.99
Frequency source: wordfreq Urdu multi-corpus ranking

Semantic verification: direct dictionary sense corroborated — Kaikki+ReadUrdu

Sources:
- wordfreq Urdu — Unicode multi-corpus frequency ordering
- Kaikki/Wiktextract — bilingual lexicographic evidence
- ReadUrdu — independent Urdu-English bilingual evidence
- word2word — independent corpus-derived bilingual evidence"
