frequency,front,kaikki,readurdu,reason,word2word
140157,بہی,,,not_indowordnet_urdu_lemma,
64589,کرنے,,,not_indowordnet_urdu_lemma,
61762,تہا,,,not_indowordnet_urdu_lemma,
61090,کہا,,,not_indowordnet_urdu_lemma,
47470,جائے,,,not_indowordnet_urdu_lemma,
43418,تہے,,,not_indowordnet_urdu_lemma,
39903,انہوں,,,not_indowordnet_urdu_lemma,
39784,رہے,,,not_indowordnet_urdu_lemma,
38807,ساتہ,,,not_indowordnet_urdu_lemma,
37351,کریں,,,not_indowordnet_urdu_lemma,
34818,کرتے,,,not_indowordnet_urdu_lemma,
34212,ہونے,,,not_indowordnet_urdu_lemma,
34143,گئے,,,not_indowordnet_urdu_lemma,
33589,والے,,,not_indowordnet_urdu_lemma,
32228,جا,,,not_indowordnet_urdu_lemma,
31627,تہی,,,not_indowordnet_urdu_lemma,
31279,گئی,,,not_indowordnet_urdu_lemma,
30164,کیلئے,,,not_indowordnet_urdu_lemma,
29272,رہا,,,not_indowordnet_urdu_lemma,
25044,رہی,,,not_indowordnet_urdu_lemma,
24185,جاتا,,,not_indowordnet_urdu_lemma,
21568,کچہ,,,not_indowordnet_urdu_lemma,
19935,ہوتی,,,not_indowordnet_urdu_lemma,
19654,ٹیم,,,not_indowordnet_urdu_lemma,
19398,مطابق,,,not_indowordnet_urdu_lemma,
19140,بی,,,not_indowordnet_urdu_lemma,
19080,ہوئی,,,not_indowordnet_urdu_lemma,
18238,والی,,,not_indowordnet_urdu_lemma,
18132,سکتا,,,not_indowordnet_urdu_lemma,
17951,دے,,,not_indowordnet_urdu_lemma,
17870,پہر,unit of time equalling three hours,,no_two_source_semantic_agreement,hopefully; raid; afternoon; set; ISI
17644,لوگوں,,,not_indowordnet_urdu_lemma,
17374,جاتی,,,not_indowordnet_urdu_lemma,
16822,بارے,,,not_indowordnet_urdu_lemma,
16230,ای,,,not_indowordnet_urdu_lemma,
15569,جائیں,,,not_indowordnet_urdu_lemma,
15557,لیا,,,not_indowordnet_urdu_lemma,
15262,جانے,,,not_indowordnet_urdu_lemma,
14970,کئے,,,not_indowordnet_urdu_lemma,
14811,پی,,,not_indowordnet_urdu_lemma,
13393,دونوں,,,no_two_source_semantic_agreement,both; deceiving; divided; oppressed; issues
13287,امریکی,,,not_indowordnet_urdu_lemma,
13202,ہوتے,,,not_indowordnet_urdu_lemma,
12767,ایم,,,not_indowordnet_urdu_lemma,
12459,پرنٹ,,,not_indowordnet_urdu_lemma,
12431,بتایا,,,not_indowordnet_urdu_lemma,
12353,مجہے,,,not_indowordnet_urdu_lemma,
12213,کہیل,,,not_indowordnet_urdu_lemma,
12200,کیجیئے,,,not_indowordnet_urdu_lemma,
12199,کرے,,,not_indowordnet_urdu_lemma,
12034,سکتے,,,not_indowordnet_urdu_lemma,
11973,گہر,,,not_indowordnet_urdu_lemma,
11618,جاتے,,,not_indowordnet_urdu_lemma,
11225,سکتی,,,not_indowordnet_urdu_lemma,
10866,میچ,,,not_indowordnet_urdu_lemma,
10756,بن,,,not_indowordnet_urdu_lemma,
10570,دیں,,,not_indowordnet_urdu_lemma,
10490,سکے,,,not_indowordnet_urdu_lemma,
10449,ٹی,,,not_indowordnet_urdu_lemma,
10312,علاوہ,,,not_indowordnet_urdu_lemma,
10245,خبریں,,,not_indowordnet_urdu_lemma,
9568,سیریز,,,not_indowordnet_urdu_lemma,
9559,ٹیسٹ,,,not_indowordnet_urdu_lemma,
9318,عالمی,,,not_indowordnet_urdu_lemma,
9300,حوالے,,,not_indowordnet_urdu_lemma,
8927,کبہی,,,not_indowordnet_urdu_lemma,
8818,دینے,,,not_indowordnet_urdu_lemma,
8769,آنے,,,not_indowordnet_urdu_lemma,
8665,کرتی,,does (feminine of کرنا),no_two_source_semantic_agreement,much; love; talks; unite; Friends
8556,ایسی,,,not_indowordnet_urdu_lemma,
8359,سید,,,not_indowordnet_urdu_lemma,
8144,بہارتی,,,not_indowordnet_urdu_lemma,
8140,ذریعے,,,not_indowordnet_urdu_lemma,
8052,بنانے,,,not_indowordnet_urdu_lemma,
7977,دیتے,,,not_indowordnet_urdu_lemma,
7877,مشرف,,,not_indowordnet_urdu_lemma,
7745,تہیں,,,not_indowordnet_urdu_lemma,
7711,لاکہ,,,not_indowordnet_urdu_lemma,
7664,پابندی,,"restriction, curtailment; custom, tradition",no_two_source_semantic_agreement,banned; punctual; Drink; drinking; particular
7662,ڈی,,,not_indowordnet_urdu_lemma,
7528,پوری,,,not_indowordnet_urdu_lemma,
7420,لیں,,,not_indowordnet_urdu_lemma,
7301,ایس,,,not_indowordnet_urdu_lemma,
7289,نئے,,,not_indowordnet_urdu_lemma,
7248,والوں,,,not_indowordnet_urdu_lemma,
7226,مل,,,not_indowordnet_urdu_lemma,
7159,جیسے,,,not_indowordnet_urdu_lemma,
7049,اسمبلی,,,not_indowordnet_urdu_lemma,
7006,دیئے,,,not_indowordnet_urdu_lemma,
6976,اعلان,,,not_indowordnet_urdu_lemma,
6919,تحت,,,not_indowordnet_urdu_lemma,
6786,ابہی,,,not_indowordnet_urdu_lemma,
6752,آف,,,not_indowordnet_urdu_lemma,
6748,امدادی,,,not_indowordnet_urdu_lemma,
6693,لیگ,,,not_indowordnet_urdu_lemma,
6633,بہر,,,not_indowordnet_urdu_lemma,
6570,چکے,,,not_indowordnet_urdu_lemma,
6537,حالات,,,not_indowordnet_urdu_lemma,
6529,تکنیکی,,,no_two_source_semantic_agreement,technical; technically; finish; thoroughly; longer
6494,لگا,,,not_indowordnet_urdu_lemma,
6491,سلسلے,,,not_indowordnet_urdu_lemma,
6469,تازہ ترین,,,not_indowordnet_urdu_lemma,
6429,رکہنے,,,not_indowordnet_urdu_lemma,
6428,گرفتار,,,not_indowordnet_urdu_lemma,
6419,بڑہ,,,not_indowordnet_urdu_lemma,
6280,رنز,,,not_indowordnet_urdu_lemma,
6264,اقبال,,,not_indowordnet_urdu_lemma,
6197,پروگرام,,,no_two_source_semantic_agreement,program; WOULD; Continuing; vaccination; programs
6097,لی,,,not_indowordnet_urdu_lemma,
6039,رپورٹ,,,not_indowordnet_urdu_lemma,
6023,رکہا,,,not_indowordnet_urdu_lemma,
5906,اچہی,,,not_indowordnet_urdu_lemma,
5872,خطاب,,,not_indowordnet_urdu_lemma,
5860,ہاتہ,,,not_indowordnet_urdu_lemma,
5791,سرکاری,,,not_indowordnet_urdu_lemma,
5738,بہائی,,,not_indowordnet_urdu_lemma,
5722,کہتے,,,not_indowordnet_urdu_lemma,
5715,سکیں,,,not_indowordnet_urdu_lemma,
5620,بورڈ,,,no_two_source_semantic_agreement,mile; Oakland; resident; Pinsky; Justin
5583,باوجود,,,not_indowordnet_urdu_lemma,
5540,چکا,,already done (completive of چکنا),no_two_source_semantic_agreement,letters; drop; gone; Actually; bought
5403,حسن,,beauty,no_two_source_semantic_agreement,seats; kindly; Good; stay; Lord
5383,بنایا,,,not_indowordnet_urdu_lemma,
5350,ڈیم,,,not_indowordnet_urdu_lemma,
5348,صوبائی,,,not_indowordnet_urdu_lemma,
5289,متاثرہ,,,not_indowordnet_urdu_lemma,
5191,دیکہ,,,not_indowordnet_urdu_lemma,
5152,متاثرین,,,not_indowordnet_urdu_lemma,
5120,کانفرنس,,,not_indowordnet_urdu_lemma,
5116,ادارے,,,not_indowordnet_urdu_lemma,
5090,مولانا,,,not_indowordnet_urdu_lemma,
5061,اداروں,,,not_indowordnet_urdu_lemma,
5046,میر,,,not_indowordnet_urdu_lemma,
4983,پہنچ,,,not_indowordnet_urdu_lemma,
4976,کیے,,,not_indowordnet_urdu_lemma,
4975,کونسل,,,not_indowordnet_urdu_lemma,
4933,صورتحال,,,not_indowordnet_urdu_lemma,
4929,کہلاڑی,,,not_indowordnet_urdu_lemma,
4915,پروفیسر,,,not_indowordnet_urdu_lemma,
4899,درج,,,not_indowordnet_urdu_lemma,
4858,چاہتے,,,not_indowordnet_urdu_lemma,
4853,چودہری,,,not_indowordnet_urdu_lemma,
4845,دیتا,,,not_indowordnet_urdu_lemma,
4826,رکہتے,,,not_indowordnet_urdu_lemma,
4819,معاشی,,,not_indowordnet_urdu_lemma,
4801,قیام,,,not_indowordnet_urdu_lemma,
4740,بہترین,,,not_indowordnet_urdu_lemma,
4719,زیر,,,not_indowordnet_urdu_lemma,
4705,وزیراعظم,,,not_indowordnet_urdu_lemma,
4700,زخمی,,,not_indowordnet_urdu_lemma,
4699,شخصیت,,,not_indowordnet_urdu_lemma,
4625,متاثر,,,no_two_source_semantic_agreement,impressed; impressive; KNEW; L.A; HIT
4614,کہلاڑیوں,,,not_indowordnet_urdu_lemma,
4546,سکول,,,not_indowordnet_urdu_lemma,
4533,سری,,,not_indowordnet_urdu_lemma,
4524,نیوز,,,not_indowordnet_urdu_lemma,
4516,حیثیت,,,not_indowordnet_urdu_lemma,
4481,این,,,not_indowordnet_urdu_lemma,
4477,ملا,,,not_indowordnet_urdu_lemma,
4414,ایف,,,not_indowordnet_urdu_lemma,
4407,چل,,,not_indowordnet_urdu_lemma,
4396,اقدامات,,,not_indowordnet_urdu_lemma,
4350,زائد,,,not_indowordnet_urdu_lemma,
4343,شرح,,,not_indowordnet_urdu_lemma,
4342,تقریب,,,not_indowordnet_urdu_lemma,
4315,چاہیے,,,not_indowordnet_urdu_lemma,
4308,آتا,,,not_indowordnet_urdu_lemma,
4301,تعالی,,,not_indowordnet_urdu_lemma,
4300,لینے,,,not_indowordnet_urdu_lemma,
4284,دیکہا,,,not_indowordnet_urdu_lemma,
4277,اچہا,,,not_indowordnet_urdu_lemma,
4262,رہیں,,,not_indowordnet_urdu_lemma,
4229,گئیں,,,not_indowordnet_urdu_lemma,
4222,جمع,,,no_two_source_semantic_agreement,gather; collecting; collection; scrap; metal
4214,باتیں,,,not_indowordnet_urdu_lemma,
4068,سالہ,,,not_indowordnet_urdu_lemma,
4025,رہتے,,,not_indowordnet_urdu_lemma,
4013,سیکرٹری,,,not_indowordnet_urdu_lemma,
4005,ارکان,,,not_indowordnet_urdu_lemma,
4004,رقم,,,not_indowordnet_urdu_lemma,
3999,آتے,,,not_indowordnet_urdu_lemma,
3968,چیئرمین,,,not_indowordnet_urdu_lemma,
3947,بنائے,,,not_indowordnet_urdu_lemma,
3906,رہنے,,,not_indowordnet_urdu_lemma,
3902,عرصہ,,,not_indowordnet_urdu_lemma,
3856,شوکت,,,not_indowordnet_urdu_lemma,
3842,یونیورسٹی,,,not_indowordnet_urdu_lemma,
3840,شائع,,,not_indowordnet_urdu_lemma,
3829,آتی,,,not_indowordnet_urdu_lemma,
3807,انضمام,,,no_two_source_semantic_agreement,Met; discussion; merger; fascist; movement
3775,چہوٹے,,,not_indowordnet_urdu_lemma,
3771,حکام,,,not_indowordnet_urdu_lemma,
3708,رکہ,,,not_indowordnet_urdu_lemma,
3660,نامہ نگار,,,not_indowordnet_urdu_lemma,
3652,سربراہ,,,not_indowordnet_urdu_lemma,
3650,اتنی,,,not_indowordnet_urdu_lemma,
3642,پورے,,,not_indowordnet_urdu_lemma,
3641,بش,,,not_indowordnet_urdu_lemma,
3632,الیکشن,,,not_indowordnet_urdu_lemma,
3631,منعقد,,,not_indowordnet_urdu_lemma,
3630,قائد,,,not_indowordnet_urdu_lemma,
3630,کہانے,,,not_indowordnet_urdu_lemma,
3627,تبدیلی,,,not_indowordnet_urdu_lemma,
3603,مشتمل,,,not_indowordnet_urdu_lemma,
3599,رہتا,,,not_indowordnet_urdu_lemma,
3584,بہٹو,,,not_indowordnet_urdu_lemma,
3581,فلموں,,,not_indowordnet_urdu_lemma,
3578,بین الاقوامی,,,not_indowordnet_urdu_lemma,
3566,آپریشن,,,not_indowordnet_urdu_lemma,
3506,وفاقی,,,not_indowordnet_urdu_lemma,
3496,دیکہنے,,,not_indowordnet_urdu_lemma,
3495,تعلیمی,,,not_indowordnet_urdu_lemma,
3493,پڑے,,,not_indowordnet_urdu_lemma,
3488,ٹیکس,,,not_indowordnet_urdu_lemma,
3486,حیدر,,,not_indowordnet_urdu_lemma,
3486,فروخت,,,not_indowordnet_urdu_lemma,
3476,بہرپور,,,not_indowordnet_urdu_lemma,
3453,نواز,,,not_indowordnet_urdu_lemma,
3448,اچہے,,,not_indowordnet_urdu_lemma,
3403,تعاون,,,not_indowordnet_urdu_lemma,
3397,نتیجے,,,not_indowordnet_urdu_lemma,
3389,دیتی,,gives (feminine),no_two_source_semantic_agreement,shoots; draw; hits; Aspasius; breaks
3387,بحالی,,,no_two_source_semantic_agreement,restoration; INTERRUPTING; AM; ANYTHING; mission
3378,رکن,,,not_indowordnet_urdu_lemma,
3357,فیصلے,,,not_indowordnet_urdu_lemma,
3354,فرمایا,,,not_indowordnet_urdu_lemma,
3335,لیتے,,,not_indowordnet_urdu_lemma,
3326,ٹاؤن,,,not_indowordnet_urdu_lemma,
3309,پالیسی,,,not_indowordnet_urdu_lemma,
3280,اپوزیشن,,,not_indowordnet_urdu_lemma,
3240,معاشرے,,,not_indowordnet_urdu_lemma,
3235,دہماکہ,,,not_indowordnet_urdu_lemma,
3230,فروغ,,,no_two_source_semantic_agreement,promotion; thriving; cherished; Such; fact
3217,زرعی,,,not_indowordnet_urdu_lemma,
3217,شمار,,,not_indowordnet_urdu_lemma,
3200,چہوڑ,,,not_indowordnet_urdu_lemma,
3155,فائنل,,,not_indowordnet_urdu_lemma,
3135,عملی,,,not_indowordnet_urdu_lemma,
3135,ہاکی,,hockey,no_two_source_semantic_agreement,
3132,مطالبہ,,,not_indowordnet_urdu_lemma,
3107,چیف,,,not_indowordnet_urdu_lemma,
3078,نمائندہ,,,not_indowordnet_urdu_lemma,
3064,دودہ,,,not_indowordnet_urdu_lemma,
3051,شعبہ,,,not_indowordnet_urdu_lemma,
3041,ہاتہوں,,,not_indowordnet_urdu_lemma,
3040,خالد,,,not_indowordnet_urdu_lemma,
3032,ملین,,,not_indowordnet_urdu_lemma,
3019,کہیلوں,,,not_indowordnet_urdu_lemma,
3014,مقابلے,,,not_indowordnet_urdu_lemma,
2964,رہتی,,,not_indowordnet_urdu_lemma,
2958,اکرم,,,not_indowordnet_urdu_lemma,
2927,نمایاں,,,not_indowordnet_urdu_lemma,
2918,نیٹ,,,not_indowordnet_urdu_lemma,
2911,ملنے,,,not_indowordnet_urdu_lemma,
2909,ذمہ دار,,,not_indowordnet_urdu_lemma,
2909,طریقے,,,not_indowordnet_urdu_lemma,
2909,یونین,,operation denoted by symbol “∪” applied on two sets; the set of all distinct elements in the collection,no_two_source_semantic_agreement,poverty; union; Like; symbolizes; save
2904,سردار,,,not_indowordnet_urdu_lemma,
2900,ایل,,the English letter L (in acronyms),no_two_source_semantic_agreement,Kal-El; LA; days; SQL; injections
2880,دورے,,,not_indowordnet_urdu_lemma,
2869,طلبہ,,,not_indowordnet_urdu_lemma,
2859,چاہتا,,,not_indowordnet_urdu_lemma,
2851,پائی,,,no_two_source_semantic_agreement,pseudonym; found; This; dead; which
2842,دیر,,,no_two_source_semantic_agreement,late; long; longer; running; Late
2838,سماجی,,,not_indowordnet_urdu_lemma,
2835,ریکارڈ,,,not_indowordnet_urdu_lemma,
2819,مالی,,,no_two_source_semantic_agreement,Financed; collect; N; D; B
2816,تلاش,,,not_indowordnet_urdu_lemma,
2806,اثرات,,,not_indowordnet_urdu_lemma,
2802,ڈال,,,not_indowordnet_urdu_lemma,
2801,ضلعی,,,not_indowordnet_urdu_lemma,
2792,اہتمام,,,not_indowordnet_urdu_lemma,
2788,پڑا,,,not_indowordnet_urdu_lemma,
2783,آئیں,,,not_indowordnet_urdu_lemma,
2779,پڑتا,,,not_indowordnet_urdu_lemma,
2778,اینڈ,,,not_indowordnet_urdu_lemma,
2777,گورنر,,,not_indowordnet_urdu_lemma,
2770,وسائل,,,not_indowordnet_urdu_lemma,
2762,گہنٹے,,,not_indowordnet_urdu_lemma,
2754,آنکہوں,,,not_indowordnet_urdu_lemma,
2747,فراہمی,,,not_indowordnet_urdu_lemma,
2743,ڈے,,,not_indowordnet_urdu_lemma,
2728,طویل,,,not_indowordnet_urdu_lemma,
2722,وسطی,,,not_indowordnet_urdu_lemma,
2684,ذیل,,,not_indowordnet_urdu_lemma,
2683,مجموعی,,,not_indowordnet_urdu_lemma,
2681,ہسپتال,,,not_indowordnet_urdu_lemma,
2677,سنگہ,,,not_indowordnet_urdu_lemma,
2677,فنکار,,,not_indowordnet_urdu_lemma,
2657,آٹہ,,,not_indowordnet_urdu_lemma,
2651,میران,,,not_indowordnet_urdu_lemma,
2647,مجلس,,,no_two_source_semantic_agreement,October; bump; conversation; political; having
2646,مشکلات,,,not_indowordnet_urdu_lemma,
2632,کوچ,,,no_two_source_semantic_agreement,Coach; armor; coach; layer; Armor
2630,قبائلی,,,no_two_source_semantic_agreement,Tribals; tribal; Kashmir; interesting; Miranshah
2628,پریس,,,not_indowordnet_urdu_lemma,
2628,لگتا,,,not_indowordnet_urdu_lemma,
2627,رکہی,,,not_indowordnet_urdu_lemma,
2625,نیشنل,,,not_indowordnet_urdu_lemma,
2622,منصوبے,,,not_indowordnet_urdu_lemma,
2617,دلچسپی,,,not_indowordnet_urdu_lemma,
2616,رسد,,,not_indowordnet_urdu_lemma,
2615,سعید,,,not_indowordnet_urdu_lemma,
2613,چلے,,,not_indowordnet_urdu_lemma,
2612,اخراجات,,,not_indowordnet_urdu_lemma,
2605,مار,,,not_indowordnet_urdu_lemma,
2604,سائٹ,,,not_indowordnet_urdu_lemma,
2599,ووٹ,,,not_indowordnet_urdu_lemma,
2590,تجویز,,,not_indowordnet_urdu_lemma,
2585,گورنمنٹ,,,not_indowordnet_urdu_lemma,
2567,ورلڈ,,,not_indowordnet_urdu_lemma,
2563,کرنی,,,no_two_source_semantic_agreement,talk; gotta; speak; hurry; breathe
2558,سرگرمیوں,,,not_indowordnet_urdu_lemma,
2548,پہنچا,,,not_indowordnet_urdu_lemma,
2546,کیمپ,,,no_two_source_semantic_agreement,camp; exiting; Oscar; five-two; overboard
2544,دکہائی,,,not_indowordnet_urdu_lemma,
2540,ہزاروں,,,no_two_source_semantic_agreement,Thousands; POURING; STATE; INTO; hijacked
2533,اسٹاف,,,not_indowordnet_urdu_lemma,
2529,فرق,,,not_indowordnet_urdu_lemma,
2527,اننگز,,,not_indowordnet_urdu_lemma,
2523,رکہے,,,not_indowordnet_urdu_lemma,
2514,جہوٹ,,,not_indowordnet_urdu_lemma,
2511,پوزیشن,,,not_indowordnet_urdu_lemma,
2510,اضافے,,,not_indowordnet_urdu_lemma,
2509,بننے,,,not_indowordnet_urdu_lemma,
2507,سروس,,,not_indowordnet_urdu_lemma,
2506,عائد,,,not_indowordnet_urdu_lemma,
2503,سمجہ,,,not_indowordnet_urdu_lemma,
2502,کردہ,,,not_indowordnet_urdu_lemma,
2497,قیمتوں,,,not_indowordnet_urdu_lemma,
2481,الطاف,,,not_indowordnet_urdu_lemma,
2481,کمپنی,,,not_indowordnet_urdu_lemma,
2481,کمیشن,,,not_indowordnet_urdu_lemma,
2480,رکہیں,,,not_indowordnet_urdu_lemma,
2455,اندازہ,,,not_indowordnet_urdu_lemma,
2455,نتائج,,,not_indowordnet_urdu_lemma,
2450,تباہی,,,not_indowordnet_urdu_lemma,
2444,سٹی,,,not_indowordnet_urdu_lemma,
2411,ٹیلی,,,not_indowordnet_urdu_lemma,
2408,جنہوں,,,not_indowordnet_urdu_lemma,
2404,میڈیا,,,not_indowordnet_urdu_lemma,
2391,لگایا,,,not_indowordnet_urdu_lemma,
2388,مظفر,,,not_indowordnet_urdu_lemma,
2387,کیں,,,not_indowordnet_urdu_lemma,
2386,مجہ,,,not_indowordnet_urdu_lemma,
2372,مارکیٹ,,,not_indowordnet_urdu_lemma,
2370,بیرونی,,,not_indowordnet_urdu_lemma,
2358,کورٹ,,,not_indowordnet_urdu_lemma,
2355,ایچ,,,not_indowordnet_urdu_lemma,
2346,نکل,,,not_indowordnet_urdu_lemma,
2344,مقابلہ,,,not_indowordnet_urdu_lemma,
2342,شعبے,,,not_indowordnet_urdu_lemma,
2341,گہروں,,,not_indowordnet_urdu_lemma,
2341,مقام,,,not_indowordnet_urdu_lemma,
2338,ڈائریکٹر,,,not_indowordnet_urdu_lemma,
2337,گرد,,,not_indowordnet_urdu_lemma,
2333,کرائیں,,,not_indowordnet_urdu_lemma,
2329,رانا,,,not_indowordnet_urdu_lemma,
2322,میڈیکل,,,not_indowordnet_urdu_lemma,
2316,اہل,,,not_indowordnet_urdu_lemma,
2316,تیزی,,,no_two_source_semantic_agreement,fast; faster; damn; Han; em
2316,کمپنیاں,,,not_indowordnet_urdu_lemma,
2306,کیو,,the English letter Q (in acronyms),no_two_source_semantic_agreement,cue; barbecue; BQE; course; faster
2298,رکہتا,,,not_indowordnet_urdu_lemma,
2294,اطلاعات,,,not_indowordnet_urdu_lemma,
2293,شریک,,,not_indowordnet_urdu_lemma,
2285,بنے,,,not_indowordnet_urdu_lemma,
2283,صدارت,,,not_indowordnet_urdu_lemma,
2279,سرمایہ کاری,,,not_indowordnet_urdu_lemma,
2277,ریلیف,,,not_indowordnet_urdu_lemma,
2277,سلیم,,,not_indowordnet_urdu_lemma,
2272,اپیل,,,not_indowordnet_urdu_lemma,
2272,رکہنا,,,not_indowordnet_urdu_lemma,
2272,میچوں,,,not_indowordnet_urdu_lemma,
2255,حصول,,,not_indowordnet_urdu_lemma,
2253,لینڈ,,,not_indowordnet_urdu_lemma,
2247,برادری,,,not_indowordnet_urdu_lemma,
2242,خیالات,,,not_indowordnet_urdu_lemma,
2236,ادہر,,,not_indowordnet_urdu_lemma,
2227,حامل,,,not_indowordnet_urdu_lemma,
2220,پایا,,,not_indowordnet_urdu_lemma,
2218,پیچہے,,,not_indowordnet_urdu_lemma,
2216,علامہ,,,not_indowordnet_urdu_lemma,
2216,مہم,,"(act. part. of اهمّ 'to render solicitous or anxious,' iv of همّ 'to keep (one) in anxiety, or suspense,'…",no_two_source_semantic_agreement,campaign; door-to-door; adventures; worthless; manhunt
2213,ٹریفک,,,no_two_source_semantic_agreement,traffic; travelling; minimal; hijacked; transport
2201,جنس,,,no_two_source_semantic_agreement,industry; various; jobs; Foreign; Surveillance
2198,ٹیکنالوجی,,,not_indowordnet_urdu_lemma,
2197,طارق,,,not_indowordnet_urdu_lemma,
2196,لکہا,,,not_indowordnet_urdu_lemma,
2190,چہوٹی,,,not_indowordnet_urdu_lemma,
2189,افسران,,,not_indowordnet_urdu_lemma,
2185,ٹہیک,,,not_indowordnet_urdu_lemma,
2177,اٹہا,,,not_indowordnet_urdu_lemma,
2177,معاملے,,,not_indowordnet_urdu_lemma,
2176,کرائے,,,not_indowordnet_urdu_lemma,
2171,برائے,,,not_indowordnet_urdu_lemma,
2168,حکومتی,,,not_indowordnet_urdu_lemma,
2158,طالبات,,,not_indowordnet_urdu_lemma,
2155,اعزاز,,,not_indowordnet_urdu_lemma,
2155,صدیقی,,,not_indowordnet_urdu_lemma,
2153,ترقیاتی,,,not_indowordnet_urdu_lemma,
2149,فائرنگ,,,not_indowordnet_urdu_lemma,
2145,رپورٹر,,,not_indowordnet_urdu_lemma,
2145,ٹورنامنٹ,,,not_indowordnet_urdu_lemma,
2142,معلومات,,,not_indowordnet_urdu_lemma,
2126,سارے,,,not_indowordnet_urdu_lemma,
2120,ضمن,,,not_indowordnet_urdu_lemma,
2114,موقف,,,not_indowordnet_urdu_lemma,
2113,مثبت,,"(pass. part. of ثبّت 'to establish,' &c., ii of ثبت 'to remain fixed,' &c.), part. Established, proved,…",no_two_source_semantic_agreement,positive; tested; In; intellectual; capacity
2106,جے,,,not_indowordnet_urdu_lemma,
2106,یو,,,not_indowordnet_urdu_lemma,
2103,زیادہ تر,,,not_indowordnet_urdu_lemma,
2098,مہیا,,,not_indowordnet_urdu_lemma,
2096,پائے,,,not_indowordnet_urdu_lemma,
2096,گر,,,not_indowordnet_urdu_lemma,
2087,منتقل,,,no_two_source_semantic_agreement,move; MOVE; Move; pass; moving
2085,پہنچے,,,not_indowordnet_urdu_lemma,
2085,رہنماؤں,,,not_indowordnet_urdu_lemma,
2077,کہیلنے,,,not_indowordnet_urdu_lemma,
2076,سکی,,,not_indowordnet_urdu_lemma,
2073,کہانا,,,not_indowordnet_urdu_lemma,
2067,ڈوب,,,not_indowordnet_urdu_lemma,
2065,حاجی,,,no_two_source_semantic_agreement,
2064,قریشی,,,not_indowordnet_urdu_lemma,
2062,بنک,,,no_two_source_semantic_agreement,
2058,ضیاء,,,not_indowordnet_urdu_lemma,
2055,کلک,,,no_two_source_semantic_agreement,Go; clicks; Ten; boys; here
2048,ہاؤس,,,not_indowordnet_urdu_lemma,
2038,حقیقی,,,not_indowordnet_urdu_lemma,
2034,فلمی,,"movie, film",no_two_source_semantic_agreement,
2033,چوہدری,,,not_indowordnet_urdu_lemma,
2029,نبی,,,not_indowordnet_urdu_lemma,
2025,حصے,,,not_indowordnet_urdu_lemma,
2023,توازن,,,not_indowordnet_urdu_lemma,
2018,لگانے,,,not_indowordnet_urdu_lemma,
2018,مریضوں,,,not_indowordnet_urdu_lemma,
2015,بدہ,,,not_indowordnet_urdu_lemma,
2008,یقینی,,,not_indowordnet_urdu_lemma,
2007,دوسروں,,,not_indowordnet_urdu_lemma,
2005,صوبوں,,,not_indowordnet_urdu_lemma,
1994,لاکہوں,,,not_indowordnet_urdu_lemma,
1994,وڈیو,,,not_indowordnet_urdu_lemma,
1994,ڈرا,,,no_two_source_semantic_agreement,spooked; scared; draws; breast; might
1993,بالا,,,not_indowordnet_urdu_lemma,
1993,کیجئے,,,not_indowordnet_urdu_lemma,
1991,لائن,,,not_indowordnet_urdu_lemma,
1988,لحاظ,,,no_two_source_semantic_agreement,bit; Royal; sanctuary; non; Was
1986,لگی,,,not_indowordnet_urdu_lemma,
1981,اتنے,,,not_indowordnet_urdu_lemma,
1974,نکال,,,not_indowordnet_urdu_lemma,
1965,دیکہتے,,,not_indowordnet_urdu_lemma,
1962,کرانے,,,not_indowordnet_urdu_lemma,
1960,بسیں,,,not_indowordnet_urdu_lemma,
1959,رکہتی,,,not_indowordnet_urdu_lemma,
1958,جیسی,,,not_indowordnet_urdu_lemma,
1952,فرد,,,not_indowordnet_urdu_lemma,
1940,دریافت,,,not_indowordnet_urdu_lemma,
1939,پینے,,,not_indowordnet_urdu_lemma,
1937,شہریوں,,,not_indowordnet_urdu_lemma,
1936,فلسطینی,,,not_indowordnet_urdu_lemma,
1933,ڈاٹ,,,no_two_source_semantic_agreement,
1928,عرصے,,,not_indowordnet_urdu_lemma,
1928,وزیراعلی,,chief minister,no_two_source_semantic_agreement,
1921,زہریلی,,,not_indowordnet_urdu_lemma,
1919,کاموں,,,not_indowordnet_urdu_lemma,
1908,بٹ,,,not_indowordnet_urdu_lemma,
1908,کروں,,,not_indowordnet_urdu_lemma,
1906,بہاری,,,no_two_source_semantic_agreement,
1906,مصارف,,,not_indowordnet_urdu_lemma,
1899,شمالی,,,not_indowordnet_urdu_lemma,
1896,معاشیات,,,not_indowordnet_urdu_lemma,
1893,کین,,,not_indowordnet_urdu_lemma,
1890,ملتا,,,no_two_source_semantic_agreement,GET; IN; get; IF; Even
1886,ایشن,,,not_indowordnet_urdu_lemma,
1884,ضروریات,,,not_indowordnet_urdu_lemma,
1881,جدوجہد,,,not_indowordnet_urdu_lemma,
1879,انڈین,,,not_indowordnet_urdu_lemma,
1875,ملزمان,,,not_indowordnet_urdu_lemma,
1874,سمجہتے,,,not_indowordnet_urdu_lemma,
1871,جذبات,,,not_indowordnet_urdu_lemma,
1867,لہریں,,,not_indowordnet_urdu_lemma,
1865,دراندازی,,,no_two_source_semantic_agreement,full-scale; incursion; Norway; mounted; had
1863,بطور,,,not_indowordnet_urdu_lemma,
1861,مرتب,,,not_indowordnet_urdu_lemma,
1858,بہوت,,,not_indowordnet_urdu_lemma,
1857,ہونی,,,not_indowordnet_urdu_lemma,
1855,سینئر,,,not_indowordnet_urdu_lemma,
1854,صنعتی,,,no_two_source_semantic_agreement,
1852,پچہلے,,,not_indowordnet_urdu_lemma,
1852,وڈ,,,not_indowordnet_urdu_lemma,
1849,متعلقہ,,,not_indowordnet_urdu_lemma,
1846,ریلوے,,,not_indowordnet_urdu_lemma,
1844,منڈی,,,not_indowordnet_urdu_lemma,
1842,پڑ,,,no_two_source_semantic_agreement,Hmm; require; slight; reinforcement; job
1839,فیڈریشن,,,not_indowordnet_urdu_lemma,
1838,چاہتی,,,not_indowordnet_urdu_lemma,
1838,درآمد,,,not_indowordnet_urdu_lemma,
1837,مقرر,,,not_indowordnet_urdu_lemma,
1835,دہماکے,,,not_indowordnet_urdu_lemma,
1832,غربت,,,not_indowordnet_urdu_lemma,
1827,ہمراہ,,,not_indowordnet_urdu_lemma,
1823,بیمہ,,,not_indowordnet_urdu_lemma,
1822,مرزا,,,not_indowordnet_urdu_lemma,
1818,رشید,,,not_indowordnet_urdu_lemma,
1815,ہمہ جہت,,,not_indowordnet_urdu_lemma,
1810,بدل,,,not_indowordnet_urdu_lemma,
1807,قدرتی,,,not_indowordnet_urdu_lemma,
1807,ہائی,,,not_indowordnet_urdu_lemma,
1800,انور,,,not_indowordnet_urdu_lemma,
1796,جسمانی,,,not_indowordnet_urdu_lemma,
1796,موثر,,,not_indowordnet_urdu_lemma,
1794,ندیم,,,not_indowordnet_urdu_lemma,
1786,فاروق,,,not_indowordnet_urdu_lemma,
1781,بہتری,,,no_two_source_semantic_agreement,improvement; Not; still; an; impressive
1776,فلمیں,,,not_indowordnet_urdu_lemma,
1768,روزگار,,,not_indowordnet_urdu_lemma,
1768,سویڈش,,,not_indowordnet_urdu_lemma,
1765,فرائض,,,not_indowordnet_urdu_lemma,
1762,فنڈ,,,not_indowordnet_urdu_lemma,
1758,مسٹر,,,not_indowordnet_urdu_lemma,
1751,زلزلہ زدگان,,,not_indowordnet_urdu_lemma,
1742,پوچہا,,,not_indowordnet_urdu_lemma,
1735,صوبے,,,not_indowordnet_urdu_lemma,
1732,کہنے,,,not_indowordnet_urdu_lemma,
1728,پہلو,,,not_indowordnet_urdu_lemma,
1724,مختتم,,,not_indowordnet_urdu_lemma,
1721,وائرس,,,not_indowordnet_urdu_lemma,
1718,شپ,,,not_indowordnet_urdu_lemma,
1718,وسیم,,,not_indowordnet_urdu_lemma,
1715,موٹر,,,no_two_source_semantic_agreement,motor; One; Tides; ticked; rotors
1713,ادویات,,,not_indowordnet_urdu_lemma,
1713,وضاحت,,,not_indowordnet_urdu_lemma,
1711,ملتی,,,not_indowordnet_urdu_lemma,
1709,بجٹ,,,not_indowordnet_urdu_lemma,
1709,مرحوم,,,not_indowordnet_urdu_lemma,
1706,منافع,,,not_indowordnet_urdu_lemma,
1701,ارشد,,,not_indowordnet_urdu_lemma,
1701,لانے,,,not_indowordnet_urdu_lemma,
1700,ایٹمی,,,not_indowordnet_urdu_lemma,
1695,حکومتوں,,,not_indowordnet_urdu_lemma,
1695,سسٹم,,,not_indowordnet_urdu_lemma,
1688,طاہر,,,not_indowordnet_urdu_lemma,
1681,کارکنوں,,,not_indowordnet_urdu_lemma,
1681,ڈسٹرکٹ,,,not_indowordnet_urdu_lemma,
1680,ایکڑ,,acre,no_two_source_semantic_agreement,
1675,زبردست,,,not_indowordnet_urdu_lemma,
1669,مین,,,not_indowordnet_urdu_lemma,
1660,ملازمین,,,not_indowordnet_urdu_lemma,
1659,برسوں,,,not_indowordnet_urdu_lemma,
1658,تر,,,not_indowordnet_urdu_lemma,
1652,محبوب,,,not_indowordnet_urdu_lemma,
1640,براہ,,,not_indowordnet_urdu_lemma,
1639,بیٹہ,,,not_indowordnet_urdu_lemma,
1637,تنظیموں,,,not_indowordnet_urdu_lemma,
1631,سکور,,,not_indowordnet_urdu_lemma,
1626,کہیلے,,,not_indowordnet_urdu_lemma,
1625,بیٹنگ,,,not_indowordnet_urdu_lemma,
1625,معاشرتی,,,not_indowordnet_urdu_lemma,
1623,راست,,,not_indowordnet_urdu_lemma,
1622,کہڑے,,,not_indowordnet_urdu_lemma,
1612,چیک,,Czech,no_two_source_semantic_agreement,check; Check; checked; TRIPLE-CHECKED; Examine
1609,ایوارڈ,,,not_indowordnet_urdu_lemma,
1606,فاؤنڈیشن,,,not_indowordnet_urdu_lemma,
1606,ہوئیں,,,not_indowordnet_urdu_lemma,
1603,ناظمین,,,not_indowordnet_urdu_lemma,
1596,سڑکوں,,,not_indowordnet_urdu_lemma,
1595,دکہ,,,not_indowordnet_urdu_lemma,
1586,نسبت,,,not_indowordnet_urdu_lemma,
1585,یورپی,,,not_indowordnet_urdu_lemma,
1584,لیتا,,,not_indowordnet_urdu_lemma,
1580,سیمی,,,not_indowordnet_urdu_lemma,
1577,وصول,,,not_indowordnet_urdu_lemma,
1576,تاخیر,,,not_indowordnet_urdu_lemma,
1575,مشرقی,,,not_indowordnet_urdu_lemma,
1569,سالوں,,,not_indowordnet_urdu_lemma,
1569,کمپنیوں,,,not_indowordnet_urdu_lemma,
1567,ویسٹ,,,not_indowordnet_urdu_lemma,
1566,سول,,,not_indowordnet_urdu_lemma,
1562,باب,,,no_two_source_semantic_agreement,Bob; Fisks; All; contact; look
1559,منفی,,,not_indowordnet_urdu_lemma,
1556,بڑہتی,,,not_indowordnet_urdu_lemma,
1554,شدت پسند,,,not_indowordnet_urdu_lemma,
1551,نوعیت,,,not_indowordnet_urdu_lemma,
1550,شعبوں,,,not_indowordnet_urdu_lemma,
1549,پڑہ,,,not_indowordnet_urdu_lemma,
1546,خرید,,,not_indowordnet_urdu_lemma,
1544,بیماریوں,,,not_indowordnet_urdu_lemma,
1541,فارم,,,no_two_source_semantic_agreement,farm; forms; form; Darwinian; evolution
1540,لگائے,,,not_indowordnet_urdu_lemma,
1538,انتخابی,,,not_indowordnet_urdu_lemma,
1537,پیمانے,,,not_indowordnet_urdu_lemma,
1526,اسلم,,,not_indowordnet_urdu_lemma,
1515,کوششوں,,,not_indowordnet_urdu_lemma,
1514,لیڈر,,,not_indowordnet_urdu_lemma,
1511,مرحلے,,,not_indowordnet_urdu_lemma,
1505,لیکر,,,not_indowordnet_urdu_lemma,
1503,قیمتیں,,,not_indowordnet_urdu_lemma,
1495,اعجاز,,,not_indowordnet_urdu_lemma,
1494,سوسائٹی,,,not_indowordnet_urdu_lemma,
1491,حکمران,,,not_indowordnet_urdu_lemma,
1483,انڈسٹری,,,not_indowordnet_urdu_lemma,
1482,سمجہا,,,not_indowordnet_urdu_lemma,
1482,منصوبہ بندی,,,not_indowordnet_urdu_lemma,
1480,بیرون,,,not_indowordnet_urdu_lemma,
1476,بڑہا,,,not_indowordnet_urdu_lemma,
1476,بیٹہے,,,not_indowordnet_urdu_lemma,
1476,کلاس,,,not_indowordnet_urdu_lemma,
1468,عارف,,,not_indowordnet_urdu_lemma,
1463,بخاری,,,not_indowordnet_urdu_lemma,
1463,کیس,,,not_indowordnet_urdu_lemma,
1463,وابستہ,,,not_indowordnet_urdu_lemma,
1461,اہلکار,,,not_indowordnet_urdu_lemma,
1458,سہولتیں,,,not_indowordnet_urdu_lemma,
1456,پارلیمانی,,,not_indowordnet_urdu_lemma,
1449,دہماکوں,,,not_indowordnet_urdu_lemma,
1447,پہول,,,not_indowordnet_urdu_lemma,
1447,دیے,,,not_indowordnet_urdu_lemma,
1446,فوجیوں,,,not_indowordnet_urdu_lemma,
1445,بوجہ,,,not_indowordnet_urdu_lemma,
1443,اوسط,,,not_indowordnet_urdu_lemma,
1443,بدستور,,,not_indowordnet_urdu_lemma,
1440,خاتمے,,,not_indowordnet_urdu_lemma,
1436,موومنٹ,,,not_indowordnet_urdu_lemma,
1435,ڈاکٹروں,,,not_indowordnet_urdu_lemma,
1434,جانی,,,not_indowordnet_urdu_lemma,
1432,پیش نظر,,,not_indowordnet_urdu_lemma,
1431,کرایا,,,not_indowordnet_urdu_lemma,
1430,انہی,,,not_indowordnet_urdu_lemma,
1425,تحقیقات,,,not_indowordnet_urdu_lemma,
1425,لیاقت,,,not_indowordnet_urdu_lemma,
1423,مذکورہ,,,not_indowordnet_urdu_lemma,
1422,باتوں,,,not_indowordnet_urdu_lemma,
1422,باری,,,not_indowordnet_urdu_lemma,
1422,بلدیاتی,,,not_indowordnet_urdu_lemma,
1420,الزامات,,,not_indowordnet_urdu_lemma,
1419,ٹیموں,,,not_indowordnet_urdu_lemma,
1417,بولنگ,,class of sports in which a player rolls a bowling ball towards a target,no_two_source_semantic_agreement,
1417,خاں,,,no_two_source_semantic_agreement,
1416,پڑی,,,not_indowordnet_urdu_lemma,
1416,تعین,,,not_indowordnet_urdu_lemma,
1412,ذخائر,,,not_indowordnet_urdu_lemma,
1410,ساڑہے,,,not_indowordnet_urdu_lemma,
1410,کتنی,,,not_indowordnet_urdu_lemma,
1408,بیشتر,,,not_indowordnet_urdu_lemma,
1407,نصف,,,not_indowordnet_urdu_lemma,
1405,آرام,,,not_indowordnet_urdu_lemma,
1404,مواقع,,,not_indowordnet_urdu_lemma,
1403,ڈیرہ,,,not_indowordnet_urdu_lemma,
1401,لوٹ,,,not_indowordnet_urdu_lemma,
1400,اداکار,,,not_indowordnet_urdu_lemma,
1400,جتنی,,,not_indowordnet_urdu_lemma,
1400,میسر,,,not_indowordnet_urdu_lemma,
1399,سفید,,,not_indowordnet_urdu_lemma,
1399,سیکورٹی,,,not_indowordnet_urdu_lemma,
1399,لفظ,,,not_indowordnet_urdu_lemma,
1398,فنڈز,,,not_indowordnet_urdu_lemma,
1398,نوجوانوں,,,not_indowordnet_urdu_lemma,
1397,بڑہانے,,,not_indowordnet_urdu_lemma,
1396,شک,,,not_indowordnet_urdu_lemma,
1395,پہنچنے,,,not_indowordnet_urdu_lemma,
1395,والدہ,,,not_indowordnet_urdu_lemma,
1394,پارلیمنٹ,,,not_indowordnet_urdu_lemma,
1392,وجوہات,,,not_indowordnet_urdu_lemma,
1390,ناصر,,,not_indowordnet_urdu_lemma,
1389,باہمی,,,not_indowordnet_urdu_lemma,
1389,تنازع,,,not_indowordnet_urdu_lemma,
1389,در,,,not_indowordnet_urdu_lemma,
1388,تینوں,,,no_two_source_semantic_agreement,three; vile; These; black; Joe
1388,ورک,,,not_indowordnet_urdu_lemma,
1388,ویسے,,,not_indowordnet_urdu_lemma,
1387,شخصیات,,,not_indowordnet_urdu_lemma,
1386,جرائم,,,not_indowordnet_urdu_lemma,
1386,نا,,,not_indowordnet_urdu_lemma,
1386,نمائش,,,no_two_source_semantic_agreement,visibility; Exhibit; Seven; exposure; asked
1384,لباس,,,not_indowordnet_urdu_lemma,
1383,پڑہنے,,,not_indowordnet_urdu_lemma,
1383,عرفان,,,not_indowordnet_urdu_lemma,
1383,کب,,,not_indowordnet_urdu_lemma,
1382,انتظامات,,,not_indowordnet_urdu_lemma,
1382,ایکشن,,,not_indowordnet_urdu_lemma,
1381,بنی,,,not_indowordnet_urdu_lemma,
1381,چاروں,,,not_indowordnet_urdu_lemma,
1380,مشورہ,,,not_indowordnet_urdu_lemma,
1379,اقدام,,,no_two_source_semantic_agreement,Move; move; gotta; Hustle; MOVE-MOVE
1379,شوہر,,,not_indowordnet_urdu_lemma,
1377,ہوٹل,,,not_indowordnet_urdu_lemma,
1376,زیادتی,,,not_indowordnet_urdu_lemma,
1374,ساتہی,,,not_indowordnet_urdu_lemma,
1372,وکٹیں,,,not_indowordnet_urdu_lemma,
1371,ڈیڑہ,,,not_indowordnet_urdu_lemma,
1370,ممبر,,,not_indowordnet_urdu_lemma,
1367,احترام,,,not_indowordnet_urdu_lemma,
1367,انعام,,,not_indowordnet_urdu_lemma,
1367,تہوڑی,,,not_indowordnet_urdu_lemma,
1364,ضائع,,,not_indowordnet_urdu_lemma,
1362,کاٹ,,,no_two_source_semantic_agreement,cut; off; CUT; Cut; shall
1361,تصاویر,,,not_indowordnet_urdu_lemma,
1359,نامی,,,not_indowordnet_urdu_lemma,
1357,حلقوں,,,not_indowordnet_urdu_lemma,
1356,برعکس,,,not_indowordnet_urdu_lemma,
1353,شکر,,,not_indowordnet_urdu_lemma,
1352,کاروباری,,,not_indowordnet_urdu_lemma,
1351,انعقاد,,,not_indowordnet_urdu_lemma,
1351,بیٹا,,,not_indowordnet_urdu_lemma,
1349,رو,,,not_indowordnet_urdu_lemma,
1348,اصول,"maxim; principles; law, mot, motto, rule",,no_two_source_semantic_agreement,principle; founded; theory; differences; CONTINUE
1348,نظیر,,,not_indowordnet_urdu_lemma,
1346,افراط,,,not_indowordnet_urdu_lemma,
1346,ڈپٹی,,,not_indowordnet_urdu_lemma,
1345,مسلح,,,not_indowordnet_urdu_lemma,
1344,اختلافات,,,not_indowordnet_urdu_lemma,
1344,قبضہ,a handful; holding; grasp; hinge (of doors and boxes etc.),"possession, occupation, grip",no_two_source_semantic_agreement,grab; captured; coffee; overnight; Jujitsu
1342,نجات,,,not_indowordnet_urdu_lemma,
1334,راجہ,,,not_indowordnet_urdu_lemma,
1334,کاروں,,,not_indowordnet_urdu_lemma,
1333,ثبوت,,,not_indowordnet_urdu_lemma,
1332,کرائی,,,not_indowordnet_urdu_lemma,
1331,انحصار,,,not_indowordnet_urdu_lemma,
1329,کتنے,,,not_indowordnet_urdu_lemma,
1328,تاثر,,,not_indowordnet_urdu_lemma,
1328,لایا,,,not_indowordnet_urdu_lemma,
1327,پرانے,,,not_indowordnet_urdu_lemma,
1327,مختصر,,,not_indowordnet_urdu_lemma,
1327,مردوں,,,not_indowordnet_urdu_lemma,
1326,انسانوں,,,not_indowordnet_urdu_lemma,
1325,گاڑیوں,,,not_indowordnet_urdu_lemma,
1322,ایڈووکیٹ,,,not_indowordnet_urdu_lemma,
1321,مالیت,,,not_indowordnet_urdu_lemma,
1320,استحکام,,,not_indowordnet_urdu_lemma,
1320,کہی,,,not_indowordnet_urdu_lemma,
1319,دلچسپ,,,not_indowordnet_urdu_lemma,
1319,سیکریٹری,,,not_indowordnet_urdu_lemma,
1318,دراصل,,,not_indowordnet_urdu_lemma,
1314,آنکہیں,,,not_indowordnet_urdu_lemma,
1314,تکمیل,,,not_indowordnet_urdu_lemma,
1314,نیو,,,not_indowordnet_urdu_lemma,
1313,تیس,,,not_indowordnet_urdu_lemma,
1313,چلنے,,,not_indowordnet_urdu_lemma,
1313,شعور,,,not_indowordnet_urdu_lemma,
1312,اہلکاروں,,,not_indowordnet_urdu_lemma,
1311,روکنے,,,not_indowordnet_urdu_lemma,
1309,حساب,,,not_indowordnet_urdu_lemma,
1307,چوری,,,not_indowordnet_urdu_lemma,
1306,اظہر,,,not_indowordnet_urdu_lemma,
1306,رخ,"rook; face, cheek; direction, attention",,no_two_source_semantic_agreement,informant; daddy; critical; With; course
1304,ایوان,,,not_indowordnet_urdu_lemma,
1304,لائے,,,not_indowordnet_urdu_lemma,
1303,بچانے,,,not_indowordnet_urdu_lemma,
1302,ارباب,,,not_indowordnet_urdu_lemma,
1300,دریں,,,not_indowordnet_urdu_lemma,
1299,مجید,,,not_indowordnet_urdu_lemma,
1298,آپس,,,not_indowordnet_urdu_lemma,
1298,سنی,,,no_two_source_semantic_agreement,listened; LISTENED; NOBODY; fellow; THEM
1296,پہل,,,not_indowordnet_urdu_lemma,
1296,گرفتاری,,,no_two_source_semantic_agreement,arrest; understood; immediate; arraign; vandalism
1295,بدولت,,,not_indowordnet_urdu_lemma,
1295,مخدوم,,,not_indowordnet_urdu_lemma,
1294,فورم,,,not_indowordnet_urdu_lemma,
1291,سوا,,,no_two_source_semantic_agreement,except; nothing; flee; Google; searching
1289,حزب,,,not_indowordnet_urdu_lemma,
1288,حمید,,,not_indowordnet_urdu_lemma,
1288,غذا,,,not_indowordnet_urdu_lemma,
1286,شان,,,not_indowordnet_urdu_lemma,
1286,فرار,,,not_indowordnet_urdu_lemma,
1286,مہر,air; wife; wind,,no_two_source_semantic_agreement,Opening; seal; breaks; stamp; while
1285,بچ,,,not_indowordnet_urdu_lemma,
1285,قاسم,,,not_indowordnet_urdu_lemma,
1284,امین,,,no_two_source_semantic_agreement,
1283,حضرات,,,not_indowordnet_urdu_lemma,
1283,کانگریس,,,no_two_source_semantic_agreement,Congress; knew; reforms; collects; Among
1283,محفل,,,not_indowordnet_urdu_lemma,
1280,زکوۃ,,,not_indowordnet_urdu_lemma,
1280,ظلم,,,not_indowordnet_urdu_lemma,
1279,جانتے,,,not_indowordnet_urdu_lemma,
1277,بہائیوں,,,not_indowordnet_urdu_lemma,
1277,پانے,,,not_indowordnet_urdu_lemma,
1276,سمجہتا,,,not_indowordnet_urdu_lemma,
1276,لگائیں,,,not_indowordnet_urdu_lemma,
1272,جہاز,,,not_indowordnet_urdu_lemma,
1271,چیزیں,,,not_indowordnet_urdu_lemma,
1269,مرضی,,,not_indowordnet_urdu_lemma,
1267,سوار,"rider, horseman",,no_two_source_semantic_agreement,ride; Ride; Wanna; bride; BUY
1267,لو,,,no_two_source_semantic_agreement,Take; Breathe; Cover; Quick; Grab
1266,مصنوعات,,,not_indowordnet_urdu_lemma,
1265,جنم,,,not_indowordnet_urdu_lemma,
1263,منصوبوں,,,not_indowordnet_urdu_lemma,
1261,تب,,,not_indowordnet_urdu_lemma,
1261,کہلے,,,not_indowordnet_urdu_lemma,
1259,قیدیوں,,,not_indowordnet_urdu_lemma,
1258,سردی,,,not_indowordnet_urdu_lemma,
1257,شجاعت,,,not_indowordnet_urdu_lemma,
1256,رشتہ,,,not_indowordnet_urdu_lemma,
1255,افواج,,,not_indowordnet_urdu_lemma,
1255,رجحان,,,not_indowordnet_urdu_lemma,
1255,قادری,,,not_indowordnet_urdu_lemma,
1253,دیکہنا,,,not_indowordnet_urdu_lemma,
1253,سپریم,,,not_indowordnet_urdu_lemma,
1253,کامران,,,not_indowordnet_urdu_lemma,
1250,آفیسر,,,not_indowordnet_urdu_lemma,
1250,نشست,,,not_indowordnet_urdu_lemma,
1249,انتہا,,,not_indowordnet_urdu_lemma,
1247,پاؤں,,,not_indowordnet_urdu_lemma,
1245,ترین,,,not_indowordnet_urdu_lemma,
1244,توانائی,,,not_indowordnet_urdu_lemma,
1243,ترجیح,,,not_indowordnet_urdu_lemma,
1242,سوالات,,,not_indowordnet_urdu_lemma,
1240,صلاحیتوں,,,not_indowordnet_urdu_lemma,
1240,کالونی,,,not_indowordnet_urdu_lemma,
1236,تعلقہ,,,not_indowordnet_urdu_lemma,
1235,امیدواروں,,,not_indowordnet_urdu_lemma,
1234,عملدرآمد,,,not_indowordnet_urdu_lemma,
1233,خفیہ,,,not_indowordnet_urdu_lemma,
1233,دوں,,,not_indowordnet_urdu_lemma,
1232,عناصر,,,not_indowordnet_urdu_lemma,
1231,بہیج,,,not_indowordnet_urdu_lemma,
1231,رحمت,,,not_indowordnet_urdu_lemma,
1231,مسعود,,,not_indowordnet_urdu_lemma,
1229,پرائیویٹ,,,not_indowordnet_urdu_lemma,
1228,سونے,,,not_indowordnet_urdu_lemma,
1228,عہدے,,,not_indowordnet_urdu_lemma,
1225,پرانی,,,not_indowordnet_urdu_lemma,
1224,حرکت,,,not_indowordnet_urdu_lemma,
1223,نقطہ,,,not_indowordnet_urdu_lemma,
1222,دیکہیں,,,not_indowordnet_urdu_lemma,
1222,راشد,,,not_indowordnet_urdu_lemma,
1221,بنائیں,,,not_indowordnet_urdu_lemma,
1221,جناب,,,not_indowordnet_urdu_lemma,
1221,دستیاب,,,not_indowordnet_urdu_lemma,
1219,رواں,,,not_indowordnet_urdu_lemma,
1219,صارفین,,,not_indowordnet_urdu_lemma,
1218,اشرف,,,not_indowordnet_urdu_lemma,
1218,باز,"skilled in; open, open wide; hawk, falcon, eagle",,no_two_source_semantic_agreement,Cheater; thrower; crimes; communicate; Whatever
1217,طالبان,,,not_indowordnet_urdu_lemma,
1216,اداکارہ,,,not_indowordnet_urdu_lemma,
1216,صدارتی,,,no_two_source_semantic_agreement,Presidential; terrible; Guard; members; good
1214,اغوا,,,not_indowordnet_urdu_lemma,
1214,روح,,,not_indowordnet_urdu_lemma,
1214,معاہدہ,,,not_indowordnet_urdu_lemma,
1213,پہنچانے,,,not_indowordnet_urdu_lemma,
1213,قدیم,,,not_indowordnet_urdu_lemma,
1213,مبنی,,,not_indowordnet_urdu_lemma,
1213,منزل,,,not_indowordnet_urdu_lemma,
1210,سیمینار,,,not_indowordnet_urdu_lemma,
1209,قاتل,,,not_indowordnet_urdu_lemma,
1208,کاری,,,not_indowordnet_urdu_lemma,
1207,اسلحہ,,,not_indowordnet_urdu_lemma,
1206,نامعلوم,,,not_indowordnet_urdu_lemma,
1205,ادیبوں,,,not_indowordnet_urdu_lemma,
1205,حاضر,,,not_indowordnet_urdu_lemma,
1205,ہتہیار,,,not_indowordnet_urdu_lemma,
1204,بشیر,,,not_indowordnet_urdu_lemma,
1204,ترقی یافتہ,,,not_indowordnet_urdu_lemma,
1199,فخر,,,not_indowordnet_urdu_lemma,
1198,پیٹ,,,not_indowordnet_urdu_lemma,
1198,حکمرانوں,,,not_indowordnet_urdu_lemma,
1198,کشمیری,,,no_two_source_semantic_agreement,
1196,بالوں,,,not_indowordnet_urdu_lemma,
1196,چالیس,,,not_indowordnet_urdu_lemma,
1196,حنیف,,,not_indowordnet_urdu_lemma,
1195,ردعمل,,,no_two_source_semantic_agreement,react; reaction; Newton; How; opposite
1194,تمہیں,,,not_indowordnet_urdu_lemma,
1194,کہڑا,,,not_indowordnet_urdu_lemma,
1193,جمیل,,,not_indowordnet_urdu_lemma,
1193,معمول,,,not_indowordnet_urdu_lemma,
1190,مزاج,,,not_indowordnet_urdu_lemma,
1190,معین,,,not_indowordnet_urdu_lemma,
1188,کرفیو,,ban on entering public areas such as streets or squares at certain times,no_two_source_semantic_agreement,curfew; shot; shoot; anyone; home
1187,افتخار,,,not_indowordnet_urdu_lemma,
1186,اٹہایا,,,not_indowordnet_urdu_lemma,
1185,سروے,,,not_indowordnet_urdu_lemma,
1185,گذشتہ,,,not_indowordnet_urdu_lemma,
1184,بقول,,,not_indowordnet_urdu_lemma,
1183,عمدہ,,,not_indowordnet_urdu_lemma,
1183,فیض,,,not_indowordnet_urdu_lemma,
1183,مٹی,,,not_indowordnet_urdu_lemma,
1182,جمعیت,,,not_indowordnet_urdu_lemma,
1181,کہل,,,not_indowordnet_urdu_lemma,
1179,مابین,,,not_indowordnet_urdu_lemma,
1177,امی,,,not_indowordnet_urdu_lemma,
1177,چلانے,,,not_indowordnet_urdu_lemma,
1174,اشفاق,,,not_indowordnet_urdu_lemma,
1174,پڑتی,,,not_indowordnet_urdu_lemma,
1173,کروا,,,not_indowordnet_urdu_lemma,
1172,اراکین,,,not_indowordnet_urdu_lemma,
1172,جلدی,,,not_indowordnet_urdu_lemma,
1172,سمیع,,,not_indowordnet_urdu_lemma,
1170,جاں,,,not_indowordnet_urdu_lemma,
1170,کوششیں,,,not_indowordnet_urdu_lemma,
1169,امتحان,,,not_indowordnet_urdu_lemma,
1169,ظہیر,,,not_indowordnet_urdu_lemma,
1166,کمرے,,,not_indowordnet_urdu_lemma,
1164,پریشانی,,,not_indowordnet_urdu_lemma,
1163,وکیل,,,not_indowordnet_urdu_lemma,
1162,واٹر,,,not_indowordnet_urdu_lemma,
1162,ڈبلیو,,,not_indowordnet_urdu_lemma,
1159,غازی,,,no_two_source_semantic_agreement,
1158,کائنات,,,not_indowordnet_urdu_lemma,
1154,ساز,,,not_indowordnet_urdu_lemma,
1153,اجتماعی,,,not_indowordnet_urdu_lemma,
1153,کیفیت,,,not_indowordnet_urdu_lemma,
1153,نشاندہی,,,not_indowordnet_urdu_lemma,
1151,ٹوٹ,,,not_indowordnet_urdu_lemma,
1149,احسان,,,not_indowordnet_urdu_lemma,
1148,سورج,,,not_indowordnet_urdu_lemma,
1148,سیکٹر,,,not_indowordnet_urdu_lemma,
1148,مہینے,,,not_indowordnet_urdu_lemma,
1147,بیگم,,,not_indowordnet_urdu_lemma,
1146,اخبارات,,,not_indowordnet_urdu_lemma,
1146,پیشکش,,,not_indowordnet_urdu_lemma,
1146,کتابیں,,,not_indowordnet_urdu_lemma,
1144,لیتی,,,not_indowordnet_urdu_lemma,
1143,لکہ,,,not_indowordnet_urdu_lemma,
1141,معاشرہ,,,not_indowordnet_urdu_lemma,
1140,پل,,,not_indowordnet_urdu_lemma,
1139,چلتا,,,not_indowordnet_urdu_lemma,
1138,نعت,,,not_indowordnet_urdu_lemma,
1137,اختیارات,,,not_indowordnet_urdu_lemma,
1137,اضلاع,,,not_indowordnet_urdu_lemma,
1137,امتیاز,,,not_indowordnet_urdu_lemma,
1135,اک,,,not_indowordnet_urdu_lemma,
1135,امان,,,no_two_source_semantic_agreement,
1135,بنیادوں,,,not_indowordnet_urdu_lemma,
1135,قریبی,,,not_indowordnet_urdu_lemma,
1134,حصوں,,,not_indowordnet_urdu_lemma,
1134,درخت,,,not_indowordnet_urdu_lemma,
1133,افادہ,,,not_indowordnet_urdu_lemma,
1133,بیگ,,,not_indowordnet_urdu_lemma,
1132,معیاری,,,not_indowordnet_urdu_lemma,
1130,آسمان,,,not_indowordnet_urdu_lemma,
1129,وعدہ,,,not_indowordnet_urdu_lemma,
1128,رب,,,not_indowordnet_urdu_lemma,
1125,شور,,,not_indowordnet_urdu_lemma,
1125,لچک,,,not_indowordnet_urdu_lemma,
1123,رہنمائی,,,not_indowordnet_urdu_lemma,
1122,ملازمت,,,not_indowordnet_urdu_lemma,
1118,نافذ,,,not_indowordnet_urdu_lemma,
1117,خلیل,,,not_indowordnet_urdu_lemma,
1116,عبادت,,,not_indowordnet_urdu_lemma,
1114,گڑہ,,,not_indowordnet_urdu_lemma,
1113,امجد,,,not_indowordnet_urdu_lemma,
1113,انفرادی,,,not_indowordnet_urdu_lemma,
1112,بولر,,,not_indowordnet_urdu_lemma,
1112,ترک,"a Turkish person; a citizen of Turkey; a Turkic person; a speaker of a Turkic language, or bearer of Turkic heritage",,no_two_source_semantic_agreement,Turk; another; kill; giving; dinner
1112,گنا,sugar cane,,no_two_source_semantic_agreement,-Milyaran; TIMES; STRONGER; larger; HUNDRED
1111,چیزوں,,,not_indowordnet_urdu_lemma,
1111,مستحکم,,,not_indowordnet_urdu_lemma,
1110,پن,,,not_indowordnet_urdu_lemma,
1110,کہتا,,,not_indowordnet_urdu_lemma,
1109,وزن,,,not_indowordnet_urdu_lemma,
1106,جتنا,,,no_two_source_semantic_agreement,as; much; Christian; hurt; clean
1106,لطیف,,,not_indowordnet_urdu_lemma,
1104,آرمی,,,not_indowordnet_urdu_lemma,
1104,مشن,,,not_indowordnet_urdu_lemma,
1102,دانش,,,not_indowordnet_urdu_lemma,
1102,زاہد,,,not_indowordnet_urdu_lemma,
1102,ڈیوٹی,,,no_two_source_semantic_agreement,duty; support; assignment; volunteer; prepping
1100,دریا,,,not_indowordnet_urdu_lemma,
1099,تیسرا,,,not_indowordnet_urdu_lemma,
1099,ذوالفقار,,,not_indowordnet_urdu_lemma,
1099,مواد,,,not_indowordnet_urdu_lemma,
1098,دیہات,,,not_indowordnet_urdu_lemma,
1097,آنکہ,,,not_indowordnet_urdu_lemma,
1097,رفیق,,,not_indowordnet_urdu_lemma,
1097,مر,,,not_indowordnet_urdu_lemma,
1096,بحران,,,not_indowordnet_urdu_lemma,
1094,نیند,,,not_indowordnet_urdu_lemma,
1092,اعداد,,,not_indowordnet_urdu_lemma,
1092,فرم,,,not_indowordnet_urdu_lemma,
1091,آئینی,,,not_indowordnet_urdu_lemma,
1090,دوچار,,,not_indowordnet_urdu_lemma,
1089,جیتنے,,,not_indowordnet_urdu_lemma,
1089,قرضے,,,not_indowordnet_urdu_lemma,
1086,چاہیں,,,not_indowordnet_urdu_lemma,
1086,زخمیوں,,,not_indowordnet_urdu_lemma,
1086,سینکڑوں,,,no_two_source_semantic_agreement,hundreds; terabytes; Hundreds; millions; rain
1086,لازمی,,,not_indowordnet_urdu_lemma,
1085,حبیب,,,not_indowordnet_urdu_lemma,
1085,شمولیت,,,not_indowordnet_urdu_lemma,
1085,قرارداد,,,not_indowordnet_urdu_lemma,
1084,بہیجا,,,not_indowordnet_urdu_lemma,
1084,فرماتے,,,not_indowordnet_urdu_lemma,
1081,قیمتی,,,not_indowordnet_urdu_lemma,
1081,گنگولی,,,not_indowordnet_urdu_lemma,
1080,شہزاد,,,not_indowordnet_urdu_lemma,
1078,اخلاقی,,,not_indowordnet_urdu_lemma,
1078,آراء,,,not_indowordnet_urdu_lemma,
1078,مفید,,,not_indowordnet_urdu_lemma,
1077,حامد,,,not_indowordnet_urdu_lemma,
1077,زمانہ,,,not_indowordnet_urdu_lemma,
1077,سنا,,,not_indowordnet_urdu_lemma,
1075,سلوک,,,not_indowordnet_urdu_lemma,
1075,کمشنر,,commissioner,no_two_source_semantic_agreement,handwritten; paper; characteristics; teams; talking
1075,کہول,,,not_indowordnet_urdu_lemma,
1074,اقسام,,,not_indowordnet_urdu_lemma,
1074,تجاویز,,,not_indowordnet_urdu_lemma,
1074,رفت,,,not_indowordnet_urdu_lemma,
1074,غلطی,,,not_indowordnet_urdu_lemma,
1073,اخلاق,,,not_indowordnet_urdu_lemma,
1072,بڑہنے,,,not_indowordnet_urdu_lemma,
1072,کارکن,,,not_indowordnet_urdu_lemma,
1072,مضمون,,,not_indowordnet_urdu_lemma,
1071,واقعی,,,not_indowordnet_urdu_lemma,
1070,برآمدات,,,not_indowordnet_urdu_lemma,
1069,عباسی,,,no_two_source_semantic_agreement,
1068,گزار,,,not_indowordnet_urdu_lemma,
1067,مقبول,,,not_indowordnet_urdu_lemma,
1066,تنگ,,,not_indowordnet_urdu_lemma,
1066,جعفری,,,not_indowordnet_urdu_lemma,
1066,کہیلا,,,not_indowordnet_urdu_lemma,
1065,اعتراف,,,not_indowordnet_urdu_lemma,
1065,بچا,,,not_indowordnet_urdu_lemma,
1064,برا,,,not_indowordnet_urdu_lemma,
1064,پاکستانیوں,,,not_indowordnet_urdu_lemma,
1063,تفتیش,,,not_indowordnet_urdu_lemma,
1063,عقیدت,,,not_indowordnet_urdu_lemma,
1062,حتمی,,,not_indowordnet_urdu_lemma,
1060,جانوروں,,,not_indowordnet_urdu_lemma,
1060,حوصلہ افزائی,,,not_indowordnet_urdu_lemma,
1060,خلاف ورزی,,,not_indowordnet_urdu_lemma,
1059,حفاظتی,,,not_indowordnet_urdu_lemma,
1058,بین,,,not_indowordnet_urdu_lemma,
1058,صدیق,,,not_indowordnet_urdu_lemma,
1058,مشتاق,,,not_indowordnet_urdu_lemma,
1057,سرائیکی,,,not_indowordnet_urdu_lemma,
1056,تبدیلیاں,,,not_indowordnet_urdu_lemma,
1056,تخلیق,,,not_indowordnet_urdu_lemma,
1056,جوش,,,not_indowordnet_urdu_lemma,
1056,نامزد,,,not_indowordnet_urdu_lemma,
1055,بنتی,,,not_indowordnet_urdu_lemma,
1055,سرور,"exhilaration, delight, joy, cheerfulness",,no_two_source_semantic_agreement,server; connection; Any; couldn; main
1055,سمجہنے,,,not_indowordnet_urdu_lemma,
1053,تحسین,,,not_indowordnet_urdu_lemma,
1053,شہباز,,,not_indowordnet_urdu_lemma,
1053,علمی,,,not_indowordnet_urdu_lemma,
1051,پبلک,,,not_indowordnet_urdu_lemma,
1050,آب,,,not_indowordnet_urdu_lemma,
1050,روایتی,,,no_two_source_semantic_agreement,customary; thank; Cindy; Colorado; traditionally
1049,اولاد,,,not_indowordnet_urdu_lemma,
1049,سکون,,,not_indowordnet_urdu_lemma,
1049,نصاب,"capital, wealth; syllabus, curriculum",,no_two_source_semantic_agreement,
1048,ایئر,,,not_indowordnet_urdu_lemma,
1048,بیج,,,not_indowordnet_urdu_lemma,
1047,چیلنج,,,not_indowordnet_urdu_lemma,
1047,حسب,,,not_indowordnet_urdu_lemma,
1046,جین,,,not_indowordnet_urdu_lemma,
1046,کالم,,,not_indowordnet_urdu_lemma,
1043,جذبے,,,not_indowordnet_urdu_lemma,
1043,گراؤنڈ,,,not_indowordnet_urdu_lemma,
1043,گزرنے,,,not_indowordnet_urdu_lemma,
1042,جیو,,,not_indowordnet_urdu_lemma,
1042,ٹیمیں,,,not_indowordnet_urdu_lemma,
1041,فاسٹ,,,not_indowordnet_urdu_lemma,
1040,امکانات,,,not_indowordnet_urdu_lemma,
1040,تبادلہ,,,not_indowordnet_urdu_lemma,
1040,ریل,,,no_two_source_semantic_agreement,
1040,مجموعہ,,,not_indowordnet_urdu_lemma,
1037,پر غور,,,not_indowordnet_urdu_lemma,
1036,لگتی,,,not_indowordnet_urdu_lemma,
1035,اسد,,,not_indowordnet_urdu_lemma,
1035,کتابوں,,,not_indowordnet_urdu_lemma,
1035,مارشل,,,not_indowordnet_urdu_lemma,
1033,انگلش,,,not_indowordnet_urdu_lemma,
1033,تعینات,,,no_two_source_semantic_agreement,deploy; Birds; restore; armed; Sir
1032,شو,,,not_indowordnet_urdu_lemma,
1032,قارئین,,,not_indowordnet_urdu_lemma,
1031,جامع,,,not_indowordnet_urdu_lemma,
1028,مضامین,,,not_indowordnet_urdu_lemma,
1027,لڑائی,,,not_indowordnet_urdu_lemma,
1026,بہٹی,,,not_indowordnet_urdu_lemma,
1026,سکولوں,,,not_indowordnet_urdu_lemma,
1025,بتا,,,not_indowordnet_urdu_lemma,
1025,سہولیات,,,not_indowordnet_urdu_lemma,
1023,رکاوٹ,,,not_indowordnet_urdu_lemma,
1023,لگنے,,,not_indowordnet_urdu_lemma,
1022,یوم,,,not_indowordnet_urdu_lemma,
1021,دوا,,,not_indowordnet_urdu_lemma,
1020,جل,,,not_indowordnet_urdu_lemma,
1018,آبی,humid; moist; aquatic,,no_two_source_semantic_agreement,
1017,عزم,,,not_indowordnet_urdu_lemma,
1017,لڑکے,,,not_indowordnet_urdu_lemma,
1016,نذیر,,,not_indowordnet_urdu_lemma,
1016,ڈرائیور,,land vehicle operator,no_two_source_semantic_agreement,drivers; Target; Ambulance; lying; Truck
1015,آغا,,,not_indowordnet_urdu_lemma,
1015,روایات,,,not_indowordnet_urdu_lemma,
1015,فیلڈ,,,no_two_source_semantic_agreement,Ebbets; gorgeous; absolutely; Just; day
1014,آل,,,no_two_source_semantic_agreement,ought; ale; Belgian; try; truth
1014,تجربات,,,not_indowordnet_urdu_lemma,
1013,خطے,,,not_indowordnet_urdu_lemma,
1013,کیچ,,"in cricket, a method of dismissing a batsman, when the ball is hit by the batsman’s bat and caught by the bowler or a fi",no_two_source_semantic_agreement,
1012,ہیڈ,,,not_indowordnet_urdu_lemma,
1011,گہریلو,,,not_indowordnet_urdu_lemma,
1011,موصول,,,not_indowordnet_urdu_lemma,
1010,تمہارے,,,not_indowordnet_urdu_lemma,
1010,سٹیڈیم,,,not_indowordnet_urdu_lemma,
1009,تقریر,,,not_indowordnet_urdu_lemma,
1008,بلاک,,,no_two_source_semantic_agreement,BLOCKED; DOOR; block; newsstands; lines
1007,امت,,,not_indowordnet_urdu_lemma,
1006,چہوٹا,,,not_indowordnet_urdu_lemma,
1006,خراج,,,not_indowordnet_urdu_lemma,
1006,شوگر,,,not_indowordnet_urdu_lemma,
1006,مارے,,,not_indowordnet_urdu_lemma,
1005,دارالحکومت,,,not_indowordnet_urdu_lemma,
1005,سفیر,,,not_indowordnet_urdu_lemma,
1003,جام,,,not_indowordnet_urdu_lemma,
1001,انقلاب,,,not_indowordnet_urdu_lemma,
1000,خاصی,,,not_indowordnet_urdu_lemma,
1000,نمائندوں,,,not_indowordnet_urdu_lemma,
998,بزرگ,"grandee, noble; great; large, big; saint, holy person",elder; venerable,no_two_source_semantic_agreement,
998,ویب,,,not_indowordnet_urdu_lemma,
997,کابینہ,,,not_indowordnet_urdu_lemma,
997,گردوں,,,not_indowordnet_urdu_lemma,
997,مولا,,,not_indowordnet_urdu_lemma,
996,منیر,,,not_indowordnet_urdu_lemma,
996,ہدف,,,not_indowordnet_urdu_lemma,
994,ملت,,,no_two_source_semantic_agreement,
994,ملیں,,,not_indowordnet_urdu_lemma,
993,ادیب,"literator, writer",,no_two_source_semantic_agreement,
991,سہولتوں,,,not_indowordnet_urdu_lemma,
990,جونیئر,,,not_indowordnet_urdu_lemma,
990,رہائشی,,,no_two_source_semantic_agreement,Oakland; resident; Pinsky; Justin; posted
989,نعیم,,,not_indowordnet_urdu_lemma,
987,مزدور,,,not_indowordnet_urdu_lemma,
986,ماڈل,,"person employed to display, advertise and promote products, or to serve as a visual aid",no_two_source_semantic_agreement,MODEL; OUR; PREDICTIVE; model; cute
984,قاری,,,not_indowordnet_urdu_lemma,
983,اتہارٹی,,,not_indowordnet_urdu_lemma,
983,ایجوکیشن,,,not_indowordnet_urdu_lemma,
982,جٹ,,,not_indowordnet_urdu_lemma,
982,کرم,,,not_indowordnet_urdu_lemma,
981,ایگزیکٹو,,,not_indowordnet_urdu_lemma,
981,سنٹر,,,not_indowordnet_urdu_lemma,
980,ہتہیاروں,,,not_indowordnet_urdu_lemma,
979,لکہنے,,,not_indowordnet_urdu_lemma,
979,لگائی,,,no_two_source_semantic_agreement,allowance; bet; disdain; banned; 3rd
977,گاہ,,,not_indowordnet_urdu_lemma,
977,نوٹ,,"the act of notetaking; note, chit; comment, note",no_two_source_semantic_agreement,scan; signatures; validate; if; up
976,آفس,,,not_indowordnet_urdu_lemma,
975,تفصیل,,,not_indowordnet_urdu_lemma,
975,گیت,,,not_indowordnet_urdu_lemma,
975,ڈویژن,,,not_indowordnet_urdu_lemma,
974,صحافی,,,not_indowordnet_urdu_lemma,
974,لڑکیوں,,,not_indowordnet_urdu_lemma,
974,ملتے,,,not_indowordnet_urdu_lemma,
973,مشیر,,,not_indowordnet_urdu_lemma,
973,یکساں,,,not_indowordnet_urdu_lemma,
972,متعارف,,,not_indowordnet_urdu_lemma,
970,سننے,,,not_indowordnet_urdu_lemma,
970,گو,,,no_two_source_semantic_agreement,
968,تشویش,,,not_indowordnet_urdu_lemma,
967,رقوم,,,not_indowordnet_urdu_lemma,
966,بہوک,,,not_indowordnet_urdu_lemma,
966,سندہی,,,not_indowordnet_urdu_lemma,
966,کارروائیوں,,,not_indowordnet_urdu_lemma,
966,مذمت,,,not_indowordnet_urdu_lemma,
965,پالیسیوں,,,not_indowordnet_urdu_lemma,
964,فنی,,,not_indowordnet_urdu_lemma,
964,ہاشمی,,,not_indowordnet_urdu_lemma,
963,دلی,,,not_indowordnet_urdu_lemma,
962,احتجاجی,,,not_indowordnet_urdu_lemma,
962,اوور,,,not_indowordnet_urdu_lemma,
961,قدرت,,,not_indowordnet_urdu_lemma,
961,گاڑیاں,,,not_indowordnet_urdu_lemma,
961,ہوم,,,not_indowordnet_urdu_lemma,
959,بیٹسمین,,,not_indowordnet_urdu_lemma,
959,پہیل,,,not_indowordnet_urdu_lemma,
959,دوڑ,,,not_indowordnet_urdu_lemma,
957,دروازے,,,not_indowordnet_urdu_lemma,
957,گیمز,,,not_indowordnet_urdu_lemma,
956,غرض,,,not_indowordnet_urdu_lemma,
955,افضل,,,not_indowordnet_urdu_lemma,
955,سکیورٹی,,,not_indowordnet_urdu_lemma,
954,پار,,,no_two_source_semantic_agreement,Cross; across; legs; birdie; cross
952,اعتراض,,,not_indowordnet_urdu_lemma,
951,پرفارمنس,,,not_indowordnet_urdu_lemma,
950,لغاری,,,not_indowordnet_urdu_lemma,
949,بنتا,,,not_indowordnet_urdu_lemma,
949,جانور,,,not_indowordnet_urdu_lemma,
949,ٹرافی,,,no_two_source_semantic_agreement,
948,اصلاح,,,not_indowordnet_urdu_lemma,
948,ثقافت,,,not_indowordnet_urdu_lemma,
948,شائقین,,,not_indowordnet_urdu_lemma,
946,شکریہ,,,not_indowordnet_urdu_lemma,
946,مد,,,not_indowordnet_urdu_lemma,
945,بتائی,,,not_indowordnet_urdu_lemma,
945,جنگی,,,not_indowordnet_urdu_lemma,
945,سیل,,,no_two_source_semantic_agreement,CELL; cell; CELLPHONE; Seal; VIBRATES
945,نرم,,,not_indowordnet_urdu_lemma,
945,نیم,law; rule; piety,,no_two_source_semantic_agreement,caliber.30; M1; clip-fed; shoulder-fired; semi-automatic
945,وصولی,,,not_indowordnet_urdu_lemma,
944,اندرونی,,,not_indowordnet_urdu_lemma,
944,پارک,,,no_two_source_semantic_agreement,park; PARK; bug; pocket; somewhere
944,جائز,"lawful, just; proper, appropriate; permissible, permitted, allowed",,no_two_source_semantic_agreement,badass; legitimate; English; qualifies; provided
944,مزاحمت,,,not_indowordnet_urdu_lemma,
943,تفصیلی,,,not_indowordnet_urdu_lemma,
942,بینکوں,,,not_indowordnet_urdu_lemma,
942,شراب,,,not_indowordnet_urdu_lemma,
941,سیشن,,,not_indowordnet_urdu_lemma,
941,سیف,,,not_indowordnet_urdu_lemma,
939,برتری,,,not_indowordnet_urdu_lemma,
937,آلات,,,not_indowordnet_urdu_lemma,
937,فیس,,,not_indowordnet_urdu_lemma,
936,ثقافتی,,,not_indowordnet_urdu_lemma,
936,ہال,,,not_indowordnet_urdu_lemma,
935,بظاہر,,,not_indowordnet_urdu_lemma,
934,اسکور,,,not_indowordnet_urdu_lemma,
934,حادثے,,,not_indowordnet_urdu_lemma,
933,جارج,,,no_two_source_semantic_agreement,George; That; Greek; didn; Morning
932,اصولوں,,,not_indowordnet_urdu_lemma,
932,درس,,,not_indowordnet_urdu_lemma,
932,ساتہیوں,,,not_indowordnet_urdu_lemma,
932,صادق,,,not_indowordnet_urdu_lemma,
931,بانڈ,,,not_indowordnet_urdu_lemma,
931,گویا,,,not_indowordnet_urdu_lemma,
930,درکار,,,not_indowordnet_urdu_lemma,
929,اتار,,,not_indowordnet_urdu_lemma,
929,بچپن,,,not_indowordnet_urdu_lemma,
929,تقریبات,,,not_indowordnet_urdu_lemma,
924,ازاں,,,not_indowordnet_urdu_lemma,
923,آن,,,not_indowordnet_urdu_lemma,
923,کتنا,,,not_indowordnet_urdu_lemma,
923,گنجائش,,,no_two_source_semantic_agreement,WAS; room; There; still; WONDERING
922,علوم,,,not_indowordnet_urdu_lemma,
922,مطمئن,,,not_indowordnet_urdu_lemma,
919,خورشید,,,not_indowordnet_urdu_lemma,
919,شناخت,,,not_indowordnet_urdu_lemma,
915,سادہ,,,not_indowordnet_urdu_lemma,
915,کلومیٹر,,,not_indowordnet_urdu_lemma,
914,طبقے,,,not_indowordnet_urdu_lemma,
914,علامت,,,not_indowordnet_urdu_lemma,
914,مصر,,,not_indowordnet_urdu_lemma,
913,عملے,,,not_indowordnet_urdu_lemma,
912,ظہور,,,not_indowordnet_urdu_lemma,
911,بہرحال,,,not_indowordnet_urdu_lemma,
910,ہنگامی,,,not_indowordnet_urdu_lemma,
909,اکمل,,,not_indowordnet_urdu_lemma,
908,مایوس,,,not_indowordnet_urdu_lemma,
908,نسیم,,,not_indowordnet_urdu_lemma,
907,جعلی,,,not_indowordnet_urdu_lemma,
907,ساجد,,,not_indowordnet_urdu_lemma,
907,سجاد,,,not_indowordnet_urdu_lemma,
907,منیجر,,,not_indowordnet_urdu_lemma,
906,کلچر,,,not_indowordnet_urdu_lemma,
905,بالخصوص,,,not_indowordnet_urdu_lemma,
905,بچاؤ,,,not_indowordnet_urdu_lemma,
905,یونٹ,,,not_indowordnet_urdu_lemma,
904,عجیب,,,not_indowordnet_urdu_lemma,
903,احکامات,,,not_indowordnet_urdu_lemma,
903,لاش,,,not_indowordnet_urdu_lemma,
902,اٹہانے,,,not_indowordnet_urdu_lemma,
902,کاپٹر,,,not_indowordnet_urdu_lemma,
902,گروہ,,,not_indowordnet_urdu_lemma,
901,جنت,,,not_indowordnet_urdu_lemma,
901,خریداری,,,not_indowordnet_urdu_lemma,
901,سلام,,,not_indowordnet_urdu_lemma,
901,لکہی,,,not_indowordnet_urdu_lemma,
898,سرگرمیاں,,,not_indowordnet_urdu_lemma,
898,معاف,,,not_indowordnet_urdu_lemma,
898,نثار,,,no_two_source_semantic_agreement,
897,بحق,,,not_indowordnet_urdu_lemma,
897,سربراہی,,,not_indowordnet_urdu_lemma,
896,تہیٹر,,,not_indowordnet_urdu_lemma,
896,حقائق,,,not_indowordnet_urdu_lemma,
895,بستی,,,not_indowordnet_urdu_lemma,
895,پتا,father; direction; address (of a place),,no_two_source_semantic_agreement,worst; knows; Maybe; truth; Unbelievable
895,میمن,,,not_indowordnet_urdu_lemma,
894,بہ,,,not_indowordnet_urdu_lemma,
894,پینل,,,not_indowordnet_urdu_lemma,
894,قرضوں,,,not_indowordnet_urdu_lemma,
894,ہیرو,,,not_indowordnet_urdu_lemma,
893,بروقت,,,not_indowordnet_urdu_lemma,
893,تہوڑا,,,not_indowordnet_urdu_lemma,
893,جنسی,,,not_indowordnet_urdu_lemma,
892,بگڑ,,,not_indowordnet_urdu_lemma,
892,بہول,,,not_indowordnet_urdu_lemma,
892,تہانہ,,,not_indowordnet_urdu_lemma,
891,حامی,,,not_indowordnet_urdu_lemma,
891,کنارے,,,not_indowordnet_urdu_lemma,
891,نفرت,,,not_indowordnet_urdu_lemma,
891,نفسیاتی,,,not_indowordnet_urdu_lemma,
890,قمر,,,not_indowordnet_urdu_lemma,
888,منشیات,,,not_indowordnet_urdu_lemma,
887,خاندانوں,,,not_indowordnet_urdu_lemma,
887,سنائی,,,not_indowordnet_urdu_lemma,
887,لکہے,,,not_indowordnet_urdu_lemma,
887,مرحلہ,,,not_indowordnet_urdu_lemma,
887,مسافر,,,not_indowordnet_urdu_lemma,
887,ٹرسٹ,,,not_indowordnet_urdu_lemma,
887,یکم,,,not_indowordnet_urdu_lemma,
885,اسٹیٹ,,,not_indowordnet_urdu_lemma,
885,رسائی,,,not_indowordnet_urdu_lemma,
885,لاگت,,,not_indowordnet_urdu_lemma,
885,مدینہ,,,not_indowordnet_urdu_lemma,
884,گہڑی,,,not_indowordnet_urdu_lemma,
883,عادت,,,not_indowordnet_urdu_lemma,
883,مزار,,,not_indowordnet_urdu_lemma,
882,نقوی,,,not_indowordnet_urdu_lemma,
881,مختار,,,no_two_source_semantic_agreement,"""; Mukhtar; K.S.M.; captured; say"
881,مداخلت,,,not_indowordnet_urdu_lemma,
879,اشارہ,"a pronoun; an order, command; a metaphor, simile","gesture, hint, signal",no_two_source_semantic_agreement,point; records; pointed; Don; clue
879,پرنسپل,,,not_indowordnet_urdu_lemma,
879,شرط,,,not_indowordnet_urdu_lemma,
876,پسندیدہ,,,not_indowordnet_urdu_lemma,
875,تعلیمات,,,not_indowordnet_urdu_lemma,
875,خاموش,,,not_indowordnet_urdu_lemma,
875,ہارون,,,not_indowordnet_urdu_lemma,
874,جگر,,,not_indowordnet_urdu_lemma,
873,دراز,,,not_indowordnet_urdu_lemma,
873,سرمائے,,,not_indowordnet_urdu_lemma,
873,مدنظر,,,not_indowordnet_urdu_lemma,
873,ناکامی,,,not_indowordnet_urdu_lemma,
873,ڈالنے,,,not_indowordnet_urdu_lemma,
871,سرانجام,,,not_indowordnet_urdu_lemma,
870,اسٹیشن,,,not_indowordnet_urdu_lemma,
870,بابا,father,,no_two_source_semantic_agreement,
870,وزراء,,,not_indowordnet_urdu_lemma,
869,خصوصیات,,,not_indowordnet_urdu_lemma,
869,سیر,tour; journey,,no_two_source_semantic_agreement,quick; hands; Wanna; drive; walk
869,مندرجہ,,,not_indowordnet_urdu_lemma,
869,نگاہ,,,not_indowordnet_urdu_lemma,
868,اصغر,,,not_indowordnet_urdu_lemma,
868,گانے,,,not_indowordnet_urdu_lemma,
868,متبادل,,,not_indowordnet_urdu_lemma,
868,نذر,,,not_indowordnet_urdu_lemma,
867,علامات,,,not_indowordnet_urdu_lemma,
867,وادی,,,not_indowordnet_urdu_lemma,
867,ہمت,,,not_indowordnet_urdu_lemma,
866,بدقسمتی,,,not_indowordnet_urdu_lemma,
866,رابطے,,,not_indowordnet_urdu_lemma,
865,حلقے,,,not_indowordnet_urdu_lemma,
865,سختی,,,not_indowordnet_urdu_lemma,
864,تفریح,,,not_indowordnet_urdu_lemma,
864,علاوہ ازیں,,,not_indowordnet_urdu_lemma,
863,مقامات,,,not_indowordnet_urdu_lemma,
862,بزنس,,,not_indowordnet_urdu_lemma,
861,چہرہ,,,not_indowordnet_urdu_lemma,
861,قیامت,,,not_indowordnet_urdu_lemma,
860,رول,,,not_indowordnet_urdu_lemma,
860,شکایات,,,not_indowordnet_urdu_lemma,
859,سیاہ,,,not_indowordnet_urdu_lemma,
859,معذرت,,,not_indowordnet_urdu_lemma,
859,منظم,,,not_indowordnet_urdu_lemma,
857,ارادہ,,,not_indowordnet_urdu_lemma,
856,تلاوت,,,not_indowordnet_urdu_lemma,
856,جمال,,,not_indowordnet_urdu_lemma,
856,جہانگیر,,,not_indowordnet_urdu_lemma,
856,سینٹر,,,not_indowordnet_urdu_lemma,
856,فلاح,,,not_indowordnet_urdu_lemma,
856,وائس,,,not_indowordnet_urdu_lemma,
855,ہٹ,,,not_indowordnet_urdu_lemma,
854,بیمار,,,not_indowordnet_urdu_lemma,
854,رضوی,,,not_indowordnet_urdu_lemma,
854,ریسرچ,,,not_indowordnet_urdu_lemma,
854,فاضل,,,not_indowordnet_urdu_lemma,
853,بائیں,,,not_indowordnet_urdu_lemma,
853,فاصلے,,,not_indowordnet_urdu_lemma,
852,تاجر,,,not_indowordnet_urdu_lemma,
852,ہرا,,,not_indowordnet_urdu_lemma,
851,نکلنے,,,not_indowordnet_urdu_lemma,
851,وفات,,,not_indowordnet_urdu_lemma,
849,پہنچایا,,,not_indowordnet_urdu_lemma,
849,چیمپئن,,,not_indowordnet_urdu_lemma,
849,کرپشن,,,not_indowordnet_urdu_lemma,
848,رد,,,not_indowordnet_urdu_lemma,
848,ڈالی,,,not_indowordnet_urdu_lemma,
847,پکڑ,,,not_indowordnet_urdu_lemma,
847,خدشہ,,,not_indowordnet_urdu_lemma,
847,خیمے,,,not_indowordnet_urdu_lemma,
847,درپیش,,,no_two_source_semantic_agreement,lucky; situation; trouble; yours; upstairs
847,مت,,,not_indowordnet_urdu_lemma,
847,معنی,,,not_indowordnet_urdu_lemma,
846,متوقع,,,not_indowordnet_urdu_lemma,
845,اوپن,,,not_indowordnet_urdu_lemma,
845,خطرے,,,not_indowordnet_urdu_lemma,
845,رنگیلا,,,not_indowordnet_urdu_lemma,
844,میک,,,not_indowordnet_urdu_lemma,
844,نشستوں,,,not_indowordnet_urdu_lemma,
844,واپڈا,,,not_indowordnet_urdu_lemma,
843,خطوط,,,not_indowordnet_urdu_lemma,
843,سنگین,,,not_indowordnet_urdu_lemma,
843,وکٹوں,,,not_indowordnet_urdu_lemma,
842,اجاگر,,,not_indowordnet_urdu_lemma,
842,ادویہ,,,not_indowordnet_urdu_lemma,
841,سوچا,,,not_indowordnet_urdu_lemma,
841,کثیر,,,not_indowordnet_urdu_lemma,
840,اجتماع,,,not_indowordnet_urdu_lemma,
840,واقعے,,,not_indowordnet_urdu_lemma,
839,قلت,,,not_indowordnet_urdu_lemma,
838,پیشہ,,,not_indowordnet_urdu_lemma,
838,نمائندے,,,not_indowordnet_urdu_lemma,
837,خوشحالی,,,not_indowordnet_urdu_lemma,
837,دفاعی,,,not_indowordnet_urdu_lemma,
836,فطرت,,,not_indowordnet_urdu_lemma,
835,بلاگ,,,not_indowordnet_urdu_lemma,
835,تنخواہ,,,not_indowordnet_urdu_lemma,
835,طبقہ,,,not_indowordnet_urdu_lemma,
835,یکجہتی,,,not_indowordnet_urdu_lemma,
834,اتر,reply; answer; northern,,no_two_source_semantic_agreement,down; Thirty-two; boarded; came; many
834,عروج,,,not_indowordnet_urdu_lemma,
833,ایٹم,,,not_indowordnet_urdu_lemma,
832,خانے,,,not_indowordnet_urdu_lemma,
832,خلائی,,,not_indowordnet_urdu_lemma,
832,خوبصورتی,,,not_indowordnet_urdu_lemma,
832,فنکاروں,,,not_indowordnet_urdu_lemma,
831,تہانے,,,not_indowordnet_urdu_lemma,
831,مراحل,,,not_indowordnet_urdu_lemma,
830,بہلا,,,not_indowordnet_urdu_lemma,
830,چاول,rice,,no_two_source_semantic_agreement,
830,مہارت,,,not_indowordnet_urdu_lemma,
829,انجمن,,,not_indowordnet_urdu_lemma,
828,پانچویں,,,not_indowordnet_urdu_lemma,
828,جوں,,,not_indowordnet_urdu_lemma,
828,کروڑوں,,plural oblique of کَروڑ (karoṛ — crore (ten million)),no_two_source_semantic_agreement,billions; spending; dollars; shuffle; tips
827,رقبہ,,,no_two_source_semantic_agreement,
827,ٹرانسپورٹ,,,not_indowordnet_urdu_lemma,
826,بچی,,,not_indowordnet_urdu_lemma,
826,پودے,,,not_indowordnet_urdu_lemma,
825,تلے,,,not_indowordnet_urdu_lemma,
825,دفاتر,,,not_indowordnet_urdu_lemma,
825,ہدایات,,,not_indowordnet_urdu_lemma,
824,پٹہان,,,not_indowordnet_urdu_lemma,
824,گہرے,,,not_indowordnet_urdu_lemma,
824,میجر,,,no_two_source_semantic_agreement,Major; Pleasure; Farris; outside; interview
823,خوشگوار,,,not_indowordnet_urdu_lemma,
823,رس,"syrup; liquor; pleasure, joy",,no_two_source_semantic_agreement,initation; administer; serum; Candor; As
823,مطلوبہ,,,not_indowordnet_urdu_lemma,
823,نصب,,,not_indowordnet_urdu_lemma,
821,تناسب,,,not_indowordnet_urdu_lemma,
821,جہٹکے,,,not_indowordnet_urdu_lemma,
821,حدیث,,,not_indowordnet_urdu_lemma,
821,محل,,,not_indowordnet_urdu_lemma,
820,حرارت,,,not_indowordnet_urdu_lemma,
820,دائیں,,,not_indowordnet_urdu_lemma,
819,دلوں,,,not_indowordnet_urdu_lemma,
818,پورٹ,,,not_indowordnet_urdu_lemma,
818,سبز,,,not_indowordnet_urdu_lemma,
818,لگتے,,,not_indowordnet_urdu_lemma,
816,اندرون,,,not_indowordnet_urdu_lemma,
815,پڑہا,,,not_indowordnet_urdu_lemma,
815,عارضی,,,not_indowordnet_urdu_lemma,
815,مشینری,,,not_indowordnet_urdu_lemma,
812,رونما,,,not_indowordnet_urdu_lemma,
812,شفیق,,,not_indowordnet_urdu_lemma,
812,وہیں,,,no_two_source_semantic_agreement,there; RIGHT; THERE; right; Stay
811,مقابلوں,,,not_indowordnet_urdu_lemma,
809,آرڈر,,,not_indowordnet_urdu_lemma,
808,معائنہ,,,not_indowordnet_urdu_lemma,
807,عابد,,,not_indowordnet_urdu_lemma,
807,علاقائی,,,not_indowordnet_urdu_lemma,
807,کریش,,,not_indowordnet_urdu_lemma,
806,چڑہ,,,not_indowordnet_urdu_lemma,
805,الیون,,,not_indowordnet_urdu_lemma,
805,چودہ,,,not_indowordnet_urdu_lemma,
804,بازی,bet; wager,,no_two_source_semantic_agreement,fusion; fireworks; hates; center; Nice
804,نامہ,,,not_indowordnet_urdu_lemma,
803,بلے,,,not_indowordnet_urdu_lemma,
803,صبر,,,not_indowordnet_urdu_lemma,
802,دیکہے,,,not_indowordnet_urdu_lemma,
802,کروانے,,,not_indowordnet_urdu_lemma,
801,مقاصد,,,not_indowordnet_urdu_lemma,
800,اختراع,,,not_indowordnet_urdu_lemma,
800,روٹی,,,not_indowordnet_urdu_lemma,
800,عوامل,,,not_indowordnet_urdu_lemma,
799,مالیاتی,,,not_indowordnet_urdu_lemma,
797,گریز,,,not_indowordnet_urdu_lemma,
796,انتباہ,,,not_indowordnet_urdu_lemma,
794,بالنگ,,,not_indowordnet_urdu_lemma,
794,مرنے,,,not_indowordnet_urdu_lemma,
794,ملازم,,,not_indowordnet_urdu_lemma,
792,بینظیر,,,not_indowordnet_urdu_lemma,
792,دیہی,,,not_indowordnet_urdu_lemma,
792,زد,,,not_indowordnet_urdu_lemma,
792,سچن,,,not_indowordnet_urdu_lemma,
792,کہڑی,,,not_indowordnet_urdu_lemma,
792,گرنے,,,not_indowordnet_urdu_lemma,
792,مہنگائی,,,not_indowordnet_urdu_lemma,
791,خارج,outside; exterior,,no_two_source_semantic_agreement,takedown; looking; delete; eraser; deletes
791,عہدہ,,,not_indowordnet_urdu_lemma,
791,مدارس,,,not_indowordnet_urdu_lemma,
791,مظہر,,,not_indowordnet_urdu_lemma,
790,بیک,,,not_indowordnet_urdu_lemma,
790,گہری,,,not_indowordnet_urdu_lemma,
789,ریلیز,,,not_indowordnet_urdu_lemma,
788,حکیم,,,not_indowordnet_urdu_lemma,
788,کروایا,,,not_indowordnet_urdu_lemma,
788,مسز,,,not_indowordnet_urdu_lemma,
787,سینما,,,not_indowordnet_urdu_lemma,
787,ممکنہ,,,not_indowordnet_urdu_lemma,
786,گلشن,,,not_indowordnet_urdu_lemma,
785,حیرت,,,not_indowordnet_urdu_lemma,
785,سپورٹس,,,not_indowordnet_urdu_lemma,
783,حادثات,,,not_indowordnet_urdu_lemma,
783,قیدی,,,not_indowordnet_urdu_lemma,
782,امارات,,,not_indowordnet_urdu_lemma,
781,اتحادی,,,not_indowordnet_urdu_lemma,
780,ایڈز,,,not_indowordnet_urdu_lemma,
780,کاشتکاروں,,,not_indowordnet_urdu_lemma,
779,خالص,,,not_indowordnet_urdu_lemma,
778,عرض,,,not_indowordnet_urdu_lemma,
777,اوز,,,not_indowordnet_urdu_lemma,
777,جماعتیں,,,not_indowordnet_urdu_lemma,
777,عدالتوں,,,not_indowordnet_urdu_lemma,
777,عورتیں,,,not_indowordnet_urdu_lemma,
776,ترمیم,,,not_indowordnet_urdu_lemma,
776,فیروز,,,not_indowordnet_urdu_lemma,
776,فیملی,,,not_indowordnet_urdu_lemma,
776,مبینہ,,,not_indowordnet_urdu_lemma,
776,منفرد,,,not_indowordnet_urdu_lemma,
775,شعری,,,no_two_source_semantic_agreement,
775,نکالنے,,,not_indowordnet_urdu_lemma,
774,اصلاحات,,,not_indowordnet_urdu_lemma,
774,زیدی,,,not_indowordnet_urdu_lemma,
774,واردات,,,not_indowordnet_urdu_lemma,
773,سانحہ,,,not_indowordnet_urdu_lemma,
773,فارغ,,,not_indowordnet_urdu_lemma,
773,ولی,,,not_indowordnet_urdu_lemma,
772,اضافی,,,not_indowordnet_urdu_lemma,
772,قابل ذکر,,,not_indowordnet_urdu_lemma,
772,قصور,,,not_indowordnet_urdu_lemma,
772,منسلک,,,not_indowordnet_urdu_lemma,
771,تشریف,,,not_indowordnet_urdu_lemma,
771,مشورے,,,not_indowordnet_urdu_lemma,
770,اقدار,,,not_indowordnet_urdu_lemma,
770,ایشیائی,,,not_indowordnet_urdu_lemma,
770,خلق,,,not_indowordnet_urdu_lemma,
770,گریڈ,,,not_indowordnet_urdu_lemma,
769,بہبود,,,not_indowordnet_urdu_lemma,
769,پوائنٹ,,,not_indowordnet_urdu_lemma,
769,وردی,,,not_indowordnet_urdu_lemma,
768,گہی,,,not_indowordnet_urdu_lemma,
768,لاشیں,,,not_indowordnet_urdu_lemma,
767,مشاعرہ,,,not_indowordnet_urdu_lemma,
766,پسندوں,,,not_indowordnet_urdu_lemma,
766,چینل,,,not_indowordnet_urdu_lemma,
765,خاندانی,,,not_indowordnet_urdu_lemma,
765,سونامی,,,not_indowordnet_urdu_lemma,
765,عربی,Arabic,,no_two_source_semantic_agreement,
765,لگیں,,,not_indowordnet_urdu_lemma,
764,انچارج,,,not_indowordnet_urdu_lemma,
764,اٹہارہ,,,not_indowordnet_urdu_lemma,
764,گولی,marble; small ball; diminutive of گولا (golā); pill; tablet (medication),,no_two_source_semantic_agreement,shoot; shot; Shoot; bullet; barrel
763,متحد,,,not_indowordnet_urdu_lemma,
763,ٹرین,,,not_indowordnet_urdu_lemma,
762,بچنے,,,not_indowordnet_urdu_lemma,
762,بناتے,,,not_indowordnet_urdu_lemma,
762,دیکہی,,,not_indowordnet_urdu_lemma,
762,فرما,,,not_indowordnet_urdu_lemma,
762,محترمہ,,,not_indowordnet_urdu_lemma,
761,جتنے,,,not_indowordnet_urdu_lemma,
761,راز,,,not_indowordnet_urdu_lemma,
761,گیلانی,,,not_indowordnet_urdu_lemma,
761,موضوعات,,,not_indowordnet_urdu_lemma,
760,جاؤ,,,not_indowordnet_urdu_lemma,
760,نعمت,,,not_indowordnet_urdu_lemma,
760,نقد,,,not_indowordnet_urdu_lemma,
759,ہوائی,,,not_indowordnet_urdu_lemma,
758,سازش,,,not_indowordnet_urdu_lemma,
758,ہمدردی,,,not_indowordnet_urdu_lemma,
757,روپ,,,not_indowordnet_urdu_lemma,
756,پہنچی,,,no_two_source_semantic_agreement,came; through; for; you; Brian
756,فیشن,,"fashion, trend",no_two_source_semantic_agreement,
756,نمٹنے,,,not_indowordnet_urdu_lemma,
755,بنتے,,,not_indowordnet_urdu_lemma,
755,پچیس,,,not_indowordnet_urdu_lemma,
755,کمبل,,,not_indowordnet_urdu_lemma,
754,سورۃ,,,not_indowordnet_urdu_lemma,
754,ملتوی,,,not_indowordnet_urdu_lemma,
753,پارلیمینٹ,,,not_indowordnet_urdu_lemma,
752,لمحہ,,,not_indowordnet_urdu_lemma,
751,تاج,,,not_indowordnet_urdu_lemma,
751,حتی,,,not_indowordnet_urdu_lemma,
751,سابقہ,,,no_two_source_semantic_agreement,slippers; previous; nights; maiden; met
751,ناقص,,,not_indowordnet_urdu_lemma,
750,ابن,,,not_indowordnet_urdu_lemma,
750,گوٹہ,,,not_indowordnet_urdu_lemma,
750,مساوات,,,no_two_source_semantic_agreement,
749,اندہےپن,,,not_indowordnet_urdu_lemma,
749,تیرے,,,not_indowordnet_urdu_lemma,
749,قرض,,,not_indowordnet_urdu_lemma,
749,کشمیریوں,,,not_indowordnet_urdu_lemma,
747,خرابی,,,not_indowordnet_urdu_lemma,
747,سرکار,,,not_indowordnet_urdu_lemma,
746,لاحق,,,not_indowordnet_urdu_lemma,
746,ٹینس,,,not_indowordnet_urdu_lemma,
744,ملزموں,,,not_indowordnet_urdu_lemma,
743,مصنف,,,not_indowordnet_urdu_lemma,
742,ڈالا,,,not_indowordnet_urdu_lemma,
739,آسٹریلوی,,,not_indowordnet_urdu_lemma,
739,بعدازاں,,,not_indowordnet_urdu_lemma,
739,توسیع,,,not_indowordnet_urdu_lemma,
739,سائنسدانوں,,,not_indowordnet_urdu_lemma,
738,بخار,,,not_indowordnet_urdu_lemma,
738,گلے,,,not_indowordnet_urdu_lemma,
737,بیت,,,not_indowordnet_urdu_lemma,
737,حراست,,,not_indowordnet_urdu_lemma,
737,خریدنے,,,not_indowordnet_urdu_lemma,
737,عظمت,,,not_indowordnet_urdu_lemma,
737,مایوسی,,,not_indowordnet_urdu_lemma,
736,عملہ,,,not_indowordnet_urdu_lemma,
736,کرنسی,,,not_indowordnet_urdu_lemma,
736,نامور,,,not_indowordnet_urdu_lemma,
735,بر,,,no_two_source_semantic_agreement,Possible; Shoot; jackpot
735,فلاحی,,,no_two_source_semantic_agreement,
734,لمبی,,,not_indowordnet_urdu_lemma,
734,ڈالیں,,,not_indowordnet_urdu_lemma,
733,پلیٹ,,,not_indowordnet_urdu_lemma,
733,حوصلہ,,,not_indowordnet_urdu_lemma,
733,کہیلتے,,,not_indowordnet_urdu_lemma,
732,چکر,chakra; circle; vertigo,,no_two_source_semantic_agreement,dizzy; fucks; unbecoming; GO; Hello
732,وسعت,,,not_indowordnet_urdu_lemma,
731,پہچان,,,not_indowordnet_urdu_lemma,
731,حکومتیں,,,not_indowordnet_urdu_lemma,
731,کش,,,no_two_source_semantic_agreement,Hindu; Kush; Hah; blowing; storm
730,ابلاغ,,,not_indowordnet_urdu_lemma,
730,سٹیشن,,,not_indowordnet_urdu_lemma,
730,معاوضہ,,,no_two_source_semantic_agreement,hired; does; sure; happen; dead
729,بانی,,,not_indowordnet_urdu_lemma,
729,جوان,,,not_indowordnet_urdu_lemma,
728,احتیاط,,,not_indowordnet_urdu_lemma,
728,پریشر,,,not_indowordnet_urdu_lemma,
728,ماسٹر,,,not_indowordnet_urdu_lemma,
727,حساس,,,no_two_source_semantic_agreement,sensitive; Point; West; Am; their
727,مراکز,,,not_indowordnet_urdu_lemma,
726,سوئی,"sewing needle, needle; Sui (a city in Dera Bugti district, Balochistan, Pakistan)",,no_two_source_semantic_agreement,
726,عطیات,,,not_indowordnet_urdu_lemma,
725,پس منظر,,,not_indowordnet_urdu_lemma,
725,قبضے,,,not_indowordnet_urdu_lemma,
725,محسن,,,not_indowordnet_urdu_lemma,
725,منور,,,not_indowordnet_urdu_lemma,
723,پڑہے,,,not_indowordnet_urdu_lemma,
723,صلاح,,,not_indowordnet_urdu_lemma,
722,تقاضوں,,,not_indowordnet_urdu_lemma,
722,دکہایا,,,not_indowordnet_urdu_lemma,
722,سپاٹ,,,not_indowordnet_urdu_lemma,
722,نکالا,,,not_indowordnet_urdu_lemma,
721,روکا,,,not_indowordnet_urdu_lemma,
721,صنعتوں,,,not_indowordnet_urdu_lemma,
721,مزدوروں,,,not_indowordnet_urdu_lemma,
720,تاجروں,,,not_indowordnet_urdu_lemma,
719,اداکاری,,,not_indowordnet_urdu_lemma,
718,جذباتی,,,not_indowordnet_urdu_lemma,
718,دکان,,,not_indowordnet_urdu_lemma,
718,فعال,,,not_indowordnet_urdu_lemma,
717,پیداواری,,,not_indowordnet_urdu_lemma,
717,لکہتے,,,not_indowordnet_urdu_lemma,
717,ٹو,,,not_indowordnet_urdu_lemma,
717,ٹیکسٹائل,,,not_indowordnet_urdu_lemma,
716,اہلیت,,,not_indowordnet_urdu_lemma,
716,سنت,habit; Sunna; custom,,no_two_source_semantic_agreement,
715,زرمبادلہ,,,not_indowordnet_urdu_lemma,
715,ناجائز,,,not_indowordnet_urdu_lemma,
715,ورزش,,,not_indowordnet_urdu_lemma,
714,اطمینان,,,not_indowordnet_urdu_lemma,
713,کاغذات,,,not_indowordnet_urdu_lemma,
713,نیازی,,,not_indowordnet_urdu_lemma,
713,ولد,,,not_indowordnet_urdu_lemma,
712,ناول,,,not_indowordnet_urdu_lemma,
711,اراضی,,,not_indowordnet_urdu_lemma,
711,بدلے,,,not_indowordnet_urdu_lemma,
711,شکور,,,not_indowordnet_urdu_lemma,
711,مرچ,,,not_indowordnet_urdu_lemma,
711,ڈیٹ,,,not_indowordnet_urdu_lemma,
709,جلا,,,not_indowordnet_urdu_lemma,
709,حصص,,,not_indowordnet_urdu_lemma,
709,کیری,,,not_indowordnet_urdu_lemma,
708,چوتہے,,,not_indowordnet_urdu_lemma,
708,عمارتوں,,,not_indowordnet_urdu_lemma,
708,ٹیکسوں,,,not_indowordnet_urdu_lemma,
707,خدشات,,,not_indowordnet_urdu_lemma,
707,لائی,,,not_indowordnet_urdu_lemma,
707,میڈل,,,not_indowordnet_urdu_lemma,
706,پہولوں,,,not_indowordnet_urdu_lemma,
706,ساٹہ,,,not_indowordnet_urdu_lemma,
706,کرنل,,,not_indowordnet_urdu_lemma,
706,معافی,,,not_indowordnet_urdu_lemma,
706,ہرگز,,,not_indowordnet_urdu_lemma,
704,اکائی,"unit; measure; a single unit, digit; ones; an administrative unit of a country",,no_two_source_semantic_agreement,
704,جانتا,,,not_indowordnet_urdu_lemma,
704,دہوپ,,,not_indowordnet_urdu_lemma,
704,شہادت,creed; shahada; martyrdom,,no_two_source_semantic_agreement,proclaim; martyr; Lance; Web; testimony
703,چہٹی,,,not_indowordnet_urdu_lemma,
703,فارسی,,,not_indowordnet_urdu_lemma,
703,ممبران,,,not_indowordnet_urdu_lemma,
702,احسن,,,not_indowordnet_urdu_lemma,
702,پتہر,,,not_indowordnet_urdu_lemma,
702,سمت,,,not_indowordnet_urdu_lemma,
701,اٹہ,,,not_indowordnet_urdu_lemma,
701,تمہاری,,,not_indowordnet_urdu_lemma,
701,ہائیکورٹ,,,not_indowordnet_urdu_lemma,
700,کاشف,,,not_indowordnet_urdu_lemma,
700,مرمت,,,not_indowordnet_urdu_lemma,
699,سرجری,,,not_indowordnet_urdu_lemma,
698,مالکان,,,not_indowordnet_urdu_lemma,
697,بچت,,,not_indowordnet_urdu_lemma,
697,ضمیر,,,not_indowordnet_urdu_lemma,
697,گیندوں,,,not_indowordnet_urdu_lemma,
697,نصیب,,,not_indowordnet_urdu_lemma,
696,اشعار,,,not_indowordnet_urdu_lemma,
696,دلایا,,,not_indowordnet_urdu_lemma,
695,آنسو,,,not_indowordnet_urdu_lemma,
695,تردید,,,not_indowordnet_urdu_lemma,
695,غصہ,,,not_indowordnet_urdu_lemma,
695,مصیبت,,,not_indowordnet_urdu_lemma,
695,ملبے,,,not_indowordnet_urdu_lemma,
694,سولہ,,,not_indowordnet_urdu_lemma,
694,عکاسی,,,not_indowordnet_urdu_lemma,
693,راج,,,not_indowordnet_urdu_lemma,
693,شفاف,,,no_two_source_semantic_agreement,possible; clean; keep; Marvin; Tell
693,طریقوں,,,not_indowordnet_urdu_lemma,
693,فائر,,,not_indowordnet_urdu_lemma,
693,قرضہ,,,not_indowordnet_urdu_lemma,
691,ذوق,,,not_indowordnet_urdu_lemma,
691,شاہراہ,,,not_indowordnet_urdu_lemma,
691,وحید,,,not_indowordnet_urdu_lemma,
690,افتتاح,,"inauguration, opening ceremony",no_two_source_semantic_agreement,
690,عاشق,,,not_indowordnet_urdu_lemma,
690,کہلی,,,not_indowordnet_urdu_lemma,
689,اٹہائے,,,not_indowordnet_urdu_lemma,
689,سمندری,,,not_indowordnet_urdu_lemma,
689,کہلا,,,not_indowordnet_urdu_lemma,
688,پاور,,,not_indowordnet_urdu_lemma,
688,دائر,,,no_two_source_semantic_agreement,file; Did; football; yet; homes
688,نعرے,,,not_indowordnet_urdu_lemma,
687,آبپاشی,,,not_indowordnet_urdu_lemma,
687,تیری,,,not_indowordnet_urdu_lemma,
687,ٹریننگ,,,not_indowordnet_urdu_lemma,
686,چیمبر,,,not_indowordnet_urdu_lemma,
686,زہر,,,not_indowordnet_urdu_lemma,
685,جوہر,,,not_indowordnet_urdu_lemma,
684,جنگل,,,not_indowordnet_urdu_lemma,
684,خواہشات,,,not_indowordnet_urdu_lemma,
684,گولیاں,,,not_indowordnet_urdu_lemma,
684,گہرا,,,not_indowordnet_urdu_lemma,
684,مرلی,,,not_indowordnet_urdu_lemma,
683,سیوریج,,,not_indowordnet_urdu_lemma,
682,زمان,,,not_indowordnet_urdu_lemma,
682,سراہا,,,not_indowordnet_urdu_lemma,
682,کیریئر,,,not_indowordnet_urdu_lemma,
681,پوائنٹس,,,not_indowordnet_urdu_lemma,
681,خاصا,"special, particular, good",,no_two_source_semantic_agreement,
681,نگر,,,not_indowordnet_urdu_lemma,
680,جیتے,,,not_indowordnet_urdu_lemma,
679,پرواز,,,not_indowordnet_urdu_lemma,
678,چمچ,,,not_indowordnet_urdu_lemma,
678,سکیم,,,not_indowordnet_urdu_lemma,
677,آئل,,,not_indowordnet_urdu_lemma,
677,کرداروں,,,not_indowordnet_urdu_lemma,
677,گہنٹہ,,,not_indowordnet_urdu_lemma,
676,رکنی,,,not_indowordnet_urdu_lemma,
676,سٹیج,,,not_indowordnet_urdu_lemma,
676,شیعہ,,,no_two_source_semantic_agreement,Coalition; Shiite; insurgent; Baghdad; picked
676,عامل,,,no_two_source_semantic_agreement,
676,ڈرامے,,,not_indowordnet_urdu_lemma,
675,چلتے,,,not_indowordnet_urdu_lemma,
674,سہارا,,,not_indowordnet_urdu_lemma,
674,میچز,,,not_indowordnet_urdu_lemma,
673,بلایا,,,not_indowordnet_urdu_lemma,
673,بہیجنے,,,not_indowordnet_urdu_lemma,
673,دہو,,,not_indowordnet_urdu_lemma,
672,پولنگ,,,not_indowordnet_urdu_lemma,
672,تبدیلیوں,,,not_indowordnet_urdu_lemma,
672,لاء,,,not_indowordnet_urdu_lemma,
672,مبارکباد,,,not_indowordnet_urdu_lemma,
672,منایا,,,not_indowordnet_urdu_lemma,
671,آلودگی,impurity; pollution; contamination,,no_two_source_semantic_agreement,
670,مسافروں,,,not_indowordnet_urdu_lemma,
669,جمالی,,,not_indowordnet_urdu_lemma,
669,چہین,,,not_indowordnet_urdu_lemma,
669,حیران,,,not_indowordnet_urdu_lemma,
669,ڈہائی,,,not_indowordnet_urdu_lemma,
668,غیرملکی,,,not_indowordnet_urdu_lemma,
668,کہاتے,,,not_indowordnet_urdu_lemma,
668,نقصانات,,,not_indowordnet_urdu_lemma,
667,اکٹہے,,,not_indowordnet_urdu_lemma,
667,تشریح,,,not_indowordnet_urdu_lemma,
667,مستحق,,,not_indowordnet_urdu_lemma,
666,روزگاری,,,not_indowordnet_urdu_lemma,
666,کتب,,,not_indowordnet_urdu_lemma,
666,لگانا,"to impose; to slap, hit; to consume, use",,no_two_source_semantic_agreement,may; canvassing; neighborhood; until; He
665,پڑہائی,,,not_indowordnet_urdu_lemma,
665,سٹاف,,,not_indowordnet_urdu_lemma,
665,طاقتور,,,not_indowordnet_urdu_lemma,
664,سستی,"laziness, sloth",,no_two_source_semantic_agreement,books; read; masks; latex; face
664,ہیلتہ,,,not_indowordnet_urdu_lemma,
663,بیانات,,,not_indowordnet_urdu_lemma,
663,زون,,,not_indowordnet_urdu_lemma,
663,شکیل,,,not_indowordnet_urdu_lemma,
663,طیارے,,,not_indowordnet_urdu_lemma,
663,مس,,,no_two_source_semantic_agreement,Miss; miss; Are; Lane; Plump
662,اوورز,,,not_indowordnet_urdu_lemma,
662,آرٹس,,,not_indowordnet_urdu_lemma,
662,جتوئی,,,not_indowordnet_urdu_lemma,
661,پیس,,,no_two_source_semantic_agreement,Pace; pace; !
661,کیڑے,,,not_indowordnet_urdu_lemma,
661,مچہلی,,,not_indowordnet_urdu_lemma,
660,ایشین,,,not_indowordnet_urdu_lemma,
660,دروازہ,,,not_indowordnet_urdu_lemma,
659,جاؤں,,,not_indowordnet_urdu_lemma,
659,عادل,,,not_indowordnet_urdu_lemma,
657,خیمہ,,,not_indowordnet_urdu_lemma,
657,رواج,,,not_indowordnet_urdu_lemma,
657,عاصم,,,not_indowordnet_urdu_lemma,
657,فورس,,,not_indowordnet_urdu_lemma,
657,کہاد,,,not_indowordnet_urdu_lemma,
657,نکلے,,,not_indowordnet_urdu_lemma,
657,ڈر,,,not_indowordnet_urdu_lemma,
656,زخم,,,not_indowordnet_urdu_lemma,
656,معراج,,,not_indowordnet_urdu_lemma,
655,دہی,"curd, yogurt",,no_two_source_semantic_agreement,deception; Mozart; harpsichord; Since; art
655,لال,,,not_indowordnet_urdu_lemma,
655,مظاہرے,,,not_indowordnet_urdu_lemma,
655,مہینہ,,,not_indowordnet_urdu_lemma,
654,دوپہر,,,not_indowordnet_urdu_lemma,
654,لفظوں,,,not_indowordnet_urdu_lemma,
654,ہلاکت,,,not_indowordnet_urdu_lemma,
653,توقعات,,,not_indowordnet_urdu_lemma,
653,جواز,,,not_indowordnet_urdu_lemma,
653,متحرک,,,no_two_source_semantic_agreement,MOBILIZED; HAVE; BEEN; ALL
652,متغیر,,,not_indowordnet_urdu_lemma,
652,نکلا,,,no_two_source_semantic_agreement,WENT; OUT; JUST; HER; cross-checked
651,سپرد,,,not_indowordnet_urdu_lemma,
651,کورس,,,not_indowordnet_urdu_lemma,
651,کہتی,,,not_indowordnet_urdu_lemma,
650,پرائمری,,,not_indowordnet_urdu_lemma,
649,آرڈیننس,,,not_indowordnet_urdu_lemma,
649,حوالہ,"hawala; charge, custody; money laundering",,no_two_source_semantic_agreement,quote; alright; Don; me; t
649,غذائی,,,not_indowordnet_urdu_lemma,
649,کبیر,"senior; great, large; One of the 99 names of Allah",,no_two_source_semantic_agreement,
649,مفہوم,,,not_indowordnet_urdu_lemma,
648,پتوں,,,not_indowordnet_urdu_lemma,
648,فوائد,,,not_indowordnet_urdu_lemma,
648,مرے,,,not_indowordnet_urdu_lemma,
647,انٹر,,,not_indowordnet_urdu_lemma,
647,نظریات,,,not_indowordnet_urdu_lemma,
647,ڈائیگرام,,,not_indowordnet_urdu_lemma,
646,بول,,,not_indowordnet_urdu_lemma,
646,رفتہ,,,not_indowordnet_urdu_lemma,
646,صارف,,,not_indowordnet_urdu_lemma,
646,ہسپتالوں,,,not_indowordnet_urdu_lemma,
645,بک,,,no_two_source_semantic_agreement,"Facebook; ""; Dude; Tupac; Was"
645,بولنے,,,not_indowordnet_urdu_lemma,
645,سیاستدانوں,,,not_indowordnet_urdu_lemma,
644,انعامات,,,not_indowordnet_urdu_lemma,
644,درجے,,,not_indowordnet_urdu_lemma,
644,رجوع,,,not_indowordnet_urdu_lemma,
644,سڑکیں,,,not_indowordnet_urdu_lemma,
643,سکہ,"coin; medal; stamp, seal, die; a certain currency used in the Mughal Empire, sicca",,no_two_source_semantic_agreement,
643,سومرو,,,not_indowordnet_urdu_lemma,
642,تیرہ,,,not_indowordnet_urdu_lemma,
642,مینجمنٹ,,,not_indowordnet_urdu_lemma,
641,بحیثیت,,,not_indowordnet_urdu_lemma,
641,رہائی,,,not_indowordnet_urdu_lemma,
641,سحر,,,not_indowordnet_urdu_lemma,
641,قادر,,,not_indowordnet_urdu_lemma,
641,نیز,,,not_indowordnet_urdu_lemma,
639,پختہ,,,not_indowordnet_urdu_lemma,
639,گہنٹوں,,,not_indowordnet_urdu_lemma,
639,ٹریڈ,,,not_indowordnet_urdu_lemma,
638,اسباب,,,not_indowordnet_urdu_lemma,
638,بسر,,,not_indowordnet_urdu_lemma,
638,سرد,,,not_indowordnet_urdu_lemma,
638,ہائے,,,not_indowordnet_urdu_lemma,
637,حادثہ,,,not_indowordnet_urdu_lemma,
637,راؤنڈ,,,not_indowordnet_urdu_lemma,
637,یہودی,,,not_indowordnet_urdu_lemma,
636,اسٹاک,,,not_indowordnet_urdu_lemma,
636,رک,,,not_indowordnet_urdu_lemma,
636,سلیکشن,,,not_indowordnet_urdu_lemma,
636,فیصلوں,,,not_indowordnet_urdu_lemma,
636,وارداتوں,,,not_indowordnet_urdu_lemma,
635,اعوان,,,not_indowordnet_urdu_lemma,
635,تہام,,,not_indowordnet_urdu_lemma,
635,حلف,,,not_indowordnet_urdu_lemma,
635,سنجیدہ,,,not_indowordnet_urdu_lemma,
635,سینیٹ,,,not_indowordnet_urdu_lemma,
635,نفاذ,,,not_indowordnet_urdu_lemma,
635,نیک,,,not_indowordnet_urdu_lemma,
634,پتے,,,not_indowordnet_urdu_lemma,
634,پودوں,,,not_indowordnet_urdu_lemma,
634,دان,,,not_indowordnet_urdu_lemma,
634,دربار,,,not_indowordnet_urdu_lemma,
634,کہیلی,,,not_indowordnet_urdu_lemma,
634,لگاتے,,,not_indowordnet_urdu_lemma,
634,ناممکن,,,not_indowordnet_urdu_lemma,
633,استقبال,,,not_indowordnet_urdu_lemma,
633,بیٹہا,,,not_indowordnet_urdu_lemma,
633,دعائیں,,,not_indowordnet_urdu_lemma,
633,عبور,,,not_indowordnet_urdu_lemma,
633,ہلکی,,,not_indowordnet_urdu_lemma,
632,شرائط,,,not_indowordnet_urdu_lemma,
631,سنگ,,,not_indowordnet_urdu_lemma,
631,وار,,,not_indowordnet_urdu_lemma,
630,اکیڈمی,,,not_indowordnet_urdu_lemma,
630,مناظر,,,not_indowordnet_urdu_lemma,
629,عقل,,,not_indowordnet_urdu_lemma,
627,اولین,,,not_indowordnet_urdu_lemma,
627,رام,,,not_indowordnet_urdu_lemma,
626,اکٹہا,,,not_indowordnet_urdu_lemma,
626,انصاری,,,not_indowordnet_urdu_lemma,
626,مختص,,,not_indowordnet_urdu_lemma,
625,تشخیص,,,not_indowordnet_urdu_lemma,
625,جلوس,,,not_indowordnet_urdu_lemma,
625,عدلیہ,,,not_indowordnet_urdu_lemma,
625,قسمت,,,not_indowordnet_urdu_lemma,
625,موقعہ,,,not_indowordnet_urdu_lemma,
625,ٹہوس,,,not_indowordnet_urdu_lemma,
624,میٹرک,,,not_indowordnet_urdu_lemma,
623,بیماریاں,,,not_indowordnet_urdu_lemma,
623,جگہوں,,,not_indowordnet_urdu_lemma,
623,کڑی,,,not_indowordnet_urdu_lemma,
623,ناراض,,,not_indowordnet_urdu_lemma,
623,نبوت,,,not_indowordnet_urdu_lemma,
623,نیاز,,,not_indowordnet_urdu_lemma,
622,عین,,,not_indowordnet_urdu_lemma,
622,کیپر,,,not_indowordnet_urdu_lemma,
621,بہال,,,not_indowordnet_urdu_lemma,
621,تنہا,,,not_indowordnet_urdu_lemma,
621,فری,,,not_indowordnet_urdu_lemma,
620,درجنوں,,,not_indowordnet_urdu_lemma,
619,بڑہتے,,,not_indowordnet_urdu_lemma,
619,حفیظ,,,not_indowordnet_urdu_lemma,
619,دامن,,,not_indowordnet_urdu_lemma,
619,شفقت,,,not_indowordnet_urdu_lemma,
618,بہری,,,not_indowordnet_urdu_lemma,
618,پیارے,,,not_indowordnet_urdu_lemma,
618,فہیم,,,not_indowordnet_urdu_lemma,
618,کسانوں,,,not_indowordnet_urdu_lemma,
618,لڑکیاں,,,not_indowordnet_urdu_lemma,
618,ناز,,,not_indowordnet_urdu_lemma,
617,پسماندہ,,,not_indowordnet_urdu_lemma,
617,سیاستدان,,,not_indowordnet_urdu_lemma,
617,گرلز,,,not_indowordnet_urdu_lemma,
617,گروپوں,,,not_indowordnet_urdu_lemma,
617,نشر,,,not_indowordnet_urdu_lemma,
617,واقف,,,not_indowordnet_urdu_lemma,
616,پرہیز,,,not_indowordnet_urdu_lemma,
616,سعادت,,,not_indowordnet_urdu_lemma,
616,عدالتی,,,no_two_source_semantic_agreement,DOJ; Call; em; let; Reports
615,دکہا,,,not_indowordnet_urdu_lemma,
615,مبصرین,,,not_indowordnet_urdu_lemma,
615,ٹکڑے,,,not_indowordnet_urdu_lemma,
614,لنک,,,not_indowordnet_urdu_lemma,
613,بد,,,not_indowordnet_urdu_lemma,
613,جاننے,,,not_indowordnet_urdu_lemma,
613,حب,,,not_indowordnet_urdu_lemma,
613,درمیانی,,,not_indowordnet_urdu_lemma,
613,کمانڈر,,,not_indowordnet_urdu_lemma,
613,مارا,,,not_indowordnet_urdu_lemma,
613,ہائی وے,,,not_indowordnet_urdu_lemma,
612,پوسٹ,,,not_indowordnet_urdu_lemma,
612,صالح,,,not_indowordnet_urdu_lemma,
612,میوزک,,,not_indowordnet_urdu_lemma,
611,زوال,,"decline, downfall",no_two_source_semantic_agreement,fall; taking; Soon; RISE; FALL
611,فلسطینیوں,,,not_indowordnet_urdu_lemma,
610,عاملین,,,not_indowordnet_urdu_lemma,
610,عبد,,,not_indowordnet_urdu_lemma,
610,عمومی,,,not_indowordnet_urdu_lemma,
610,کارپوریشن,,,no_two_source_semantic_agreement,Corp; front; Lex; was; of
609,انجینئرنگ,,,not_indowordnet_urdu_lemma,
609,آرٹ,,,not_indowordnet_urdu_lemma,
609,بولی,,,not_indowordnet_urdu_lemma,
609,پڑہتے,,,not_indowordnet_urdu_lemma,
609,صوفی,,,no_two_source_semantic_agreement,
609,فطری,,,not_indowordnet_urdu_lemma,
609,ویلفیئر,,,not_indowordnet_urdu_lemma,
608,بڑہے,,,not_indowordnet_urdu_lemma,
608,دہ,,,not_indowordnet_urdu_lemma,
608,شرکاء,,,not_indowordnet_urdu_lemma,
608,فصلوں,,,not_indowordnet_urdu_lemma,
608,گزارنے,,,not_indowordnet_urdu_lemma,
607,استعفی,,,not_indowordnet_urdu_lemma,
607,بتاتے,,,not_indowordnet_urdu_lemma,
607,تسلسل,,,not_indowordnet_urdu_lemma,
607,خالق,,,not_indowordnet_urdu_lemma,
606,آثار,,,no_two_source_semantic_agreement,signs; there; mean; life; Conlon
606,بننا,,"v.n. To be made, constructed, built; to be created, formed, fashioned, produced, fabricated, invented; to be…",no_two_source_semantic_agreement,be; widow; superior; wanted; medic
606,رقص,,,not_indowordnet_urdu_lemma,
606,گنے,,,not_indowordnet_urdu_lemma,
605,بریفنگ,,,not_indowordnet_urdu_lemma,
604,عذاب,,,not_indowordnet_urdu_lemma,
603,نظرانداز,,,not_indowordnet_urdu_lemma,
603,یقین دہانی,,,not_indowordnet_urdu_lemma,
602,با,,,not_indowordnet_urdu_lemma,
602,وضع,,,not_indowordnet_urdu_lemma,
601,تجربے,,,not_indowordnet_urdu_lemma,
601,صدیوں,,,not_indowordnet_urdu_lemma,
600,کاغذ,,,not_indowordnet_urdu_lemma,
599,پیرا,,,not_indowordnet_urdu_lemma,
599,جامعہ,,,not_indowordnet_urdu_lemma,
599,سپلائی,,,not_indowordnet_urdu_lemma,
599,ٹائم,,,not_indowordnet_urdu_lemma,
598,متوازن,,,no_two_source_semantic_agreement,
598,موہن,,,not_indowordnet_urdu_lemma,
597,بتائیں,,,not_indowordnet_urdu_lemma,
597,مشین,,,not_indowordnet_urdu_lemma,
596,باریک,,,not_indowordnet_urdu_lemma,
596,جیتا,,,not_indowordnet_urdu_lemma,
596,خوشحال,,,not_indowordnet_urdu_lemma,
596,دانوں,,,not_indowordnet_urdu_lemma,
596,ریس,,,not_indowordnet_urdu_lemma,
596,مظاہرین,,,not_indowordnet_urdu_lemma,
596,ملز,,,not_indowordnet_urdu_lemma,
596,مولوی,,,not_indowordnet_urdu_lemma,
595,حوالوں,,,not_indowordnet_urdu_lemma,
594,دیوان,,,not_indowordnet_urdu_lemma,
594,فاروقی,,,not_indowordnet_urdu_lemma,
594,کلی,a gargle; bud (of a flower); a mouthful of any liquid,,no_two_source_semantic_agreement,
593,جرگہ,,,not_indowordnet_urdu_lemma,
592,انجم,,,not_indowordnet_urdu_lemma,
591,ملکہ,,,not_indowordnet_urdu_lemma,
591,ٹونی,,,not_indowordnet_urdu_lemma,
590,چہاپہ,,,not_indowordnet_urdu_lemma,
590,کہولنے,,,not_indowordnet_urdu_lemma,
589,کیسا,,,not_indowordnet_urdu_lemma,
589,کیمپوں,,,not_indowordnet_urdu_lemma,
589,محاذ,,,not_indowordnet_urdu_lemma,
589,مضر,,,not_indowordnet_urdu_lemma,
588,پرامن,,,not_indowordnet_urdu_lemma,
588,توفیق,,,not_indowordnet_urdu_lemma,
588,ڈاکوؤں,,,not_indowordnet_urdu_lemma,
587,ایکٹ,,,not_indowordnet_urdu_lemma,
587,آمادہ,,,not_indowordnet_urdu_lemma,
587,پڑنے,,,not_indowordnet_urdu_lemma,
587,شخصی,,,not_indowordnet_urdu_lemma,
586,پاسپورٹ,,,not_indowordnet_urdu_lemma,
586,متفقہ,,,not_indowordnet_urdu_lemma,
585,انسداد,,,not_indowordnet_urdu_lemma,
585,حق پرست,,,not_indowordnet_urdu_lemma,
585,رائج,,,not_indowordnet_urdu_lemma,
584,دہمکی,,,not_indowordnet_urdu_lemma,
584,کپڑوں,,,not_indowordnet_urdu_lemma,
584,ٹاپ,,,no_two_source_semantic_agreement,Put; top; LAPTOP; LET; GO
583,افسروں,,,not_indowordnet_urdu_lemma,
583,وٹامن,,,not_indowordnet_urdu_lemma,
582,تصادم,,,not_indowordnet_urdu_lemma,
582,خطرات,,,not_indowordnet_urdu_lemma,
582,مفاد,,,not_indowordnet_urdu_lemma,
581,برے,,,not_indowordnet_urdu_lemma,
581,پلان,,,not_indowordnet_urdu_lemma,
580,اسپیکر,,,not_indowordnet_urdu_lemma,
580,ریٹائرڈ,,,not_indowordnet_urdu_lemma,
580,قدرے,,,not_indowordnet_urdu_lemma,
580,مثالی,,,no_two_source_semantic_agreement,ideal; obligation; civilization; merely; Ideally
579,انگریز,British; white person; Englishman; a Brit,,no_two_source_semantic_agreement,
579,پہیلا,,,not_indowordnet_urdu_lemma,
579,جوابات,,,not_indowordnet_urdu_lemma,
579,دانشور,,,not_indowordnet_urdu_lemma,
579,رسم,,,not_indowordnet_urdu_lemma,
579,سینیٹر,,,not_indowordnet_urdu_lemma,
579,مائل,,,not_indowordnet_urdu_lemma,
578,اداکاروں,,,not_indowordnet_urdu_lemma,
578,بیدار,,,not_indowordnet_urdu_lemma,
578,زری,,,no_two_source_semantic_agreement,
577,بہرے,,,not_indowordnet_urdu_lemma,
577,صد,,,not_indowordnet_urdu_lemma,
576,جایا,,,not_indowordnet_urdu_lemma,
576,فضائی,,,not_indowordnet_urdu_lemma,
576,منصور,,,not_indowordnet_urdu_lemma,
575,ابتدا,,,not_indowordnet_urdu_lemma,
575,خاک,,,not_indowordnet_urdu_lemma,
575,ضبط,"control, composure; seized, confiscated; seizing, confiscation",,no_two_source_semantic_agreement,seize; confiscate; discipline; drugs; supposed
575,عنوان,,,not_indowordnet_urdu_lemma,
575,غائب,,,not_indowordnet_urdu_lemma,
574,رویوں,,,not_indowordnet_urdu_lemma,
574,عطیہ,,,not_indowordnet_urdu_lemma,
574,ہموار,,,not_indowordnet_urdu_lemma,
573,آدم,man; Adam,,no_two_source_semantic_agreement,baffled; primitive; Great; has; always
573,پہاڑ,,,not_indowordnet_urdu_lemma,
573,دائرہ,,,not_indowordnet_urdu_lemma,
573,سینٹ,,,not_indowordnet_urdu_lemma,
573,کرن,"the ear; making, doing; causing; producing",,no_two_source_semantic_agreement,RAY; THIS; IS
572,لیبر,,,not_indowordnet_urdu_lemma,
571,ایریا,,,not_indowordnet_urdu_lemma,
571,بیچ,,,not_indowordnet_urdu_lemma,
571,ڈیفنس,,,not_indowordnet_urdu_lemma,
570,ایکسچینج,,,not_indowordnet_urdu_lemma,
570,بابر,,,no_two_source_semantic_agreement,
570,پہلوؤں,,,not_indowordnet_urdu_lemma,
570,قلب,,,not_indowordnet_urdu_lemma,
570,مسلمہ,,,not_indowordnet_urdu_lemma,
569,منسوخ,,,not_indowordnet_urdu_lemma,
569,ہندی,Indian; a sword-blow; the language now known as Urdu,,no_two_source_semantic_agreement,
568,بہیجے,,,not_indowordnet_urdu_lemma,
568,عوض,,,not_indowordnet_urdu_lemma,
568,گرامی,,,not_indowordnet_urdu_lemma,
568,لیموں,,,not_indowordnet_urdu_lemma,
567,تجاوزات,,,not_indowordnet_urdu_lemma,
567,دکہانے,,,not_indowordnet_urdu_lemma,
567,سٹیٹ,,,not_indowordnet_urdu_lemma,
567,لیجئے,,,not_indowordnet_urdu_lemma,
567,نکاح,"matrimony, nikah",marriage (Islamic),no_two_source_semantic_agreement,
567,ہفتوں,,,not_indowordnet_urdu_lemma,
566,سترہ,,,not_indowordnet_urdu_lemma,
566,کاشتکار,,,not_indowordnet_urdu_lemma,
565,بلیک,,2005 film directed by Sanjay Leela Bhansali,no_two_source_semantic_agreement,BLAKE; Blake; YOU; M; S
565,بہگ,,,not_indowordnet_urdu_lemma,
565,لانا,,,not_indowordnet_urdu_lemma,
565,وقفے,,,not_indowordnet_urdu_lemma,
564,آفات,,,not_indowordnet_urdu_lemma,
564,پہیلانے,,,not_indowordnet_urdu_lemma,
564,سیلاب,,,not_indowordnet_urdu_lemma,
564,مسرت,,,not_indowordnet_urdu_lemma,
564,ٹیچر,,,not_indowordnet_urdu_lemma,
563,اسلامیہ,,,not_indowordnet_urdu_lemma,
563,بجا,,,not_indowordnet_urdu_lemma,
563,طبیعت,,,not_indowordnet_urdu_lemma,
562,اسسٹنٹ,,,not_indowordnet_urdu_lemma,
562,انڈر,,,not_indowordnet_urdu_lemma,
562,گولڈ,,,not_indowordnet_urdu_lemma,
562,لکیر,,,not_indowordnet_urdu_lemma,
562,نارمل,,,not_indowordnet_urdu_lemma,
561,شریعت,shari'a; threshold; divine law,,no_two_source_semantic_agreement,
560,روزنامہ,,,not_indowordnet_urdu_lemma,
560,منعقدہ,,,not_indowordnet_urdu_lemma,
559,انکشاف,,,not_indowordnet_urdu_lemma,
559,بولا,,,not_indowordnet_urdu_lemma,
559,کاظمی,,,not_indowordnet_urdu_lemma,
559,کشیدہ,,,no_two_source_semantic_agreement,
558,سرفراز,,,not_indowordnet_urdu_lemma,
557,بازاری,,,not_indowordnet_urdu_lemma,
557,سوشل,,,not_indowordnet_urdu_lemma,
557,کوالٹی,,,not_indowordnet_urdu_lemma,
557,مانگ,"demand; ask, beg; ask (hand in marriage of a girl)",,no_two_source_semantic_agreement,
557,موڑ,,,no_two_source_semantic_agreement,turn; flow; endlessly; Sand; surprising
557,وفاق,,,not_indowordnet_urdu_lemma,
556,غریبوں,,,not_indowordnet_urdu_lemma,
556,ملکیت,,,not_indowordnet_urdu_lemma,
555,تذکرہ,,,not_indowordnet_urdu_lemma,
555,قلیل,,,not_indowordnet_urdu_lemma,
555,مشاورت,,,not_indowordnet_urdu_lemma,
555,مصنوعی,,,not_indowordnet_urdu_lemma,
555,مڈل,,,not_indowordnet_urdu_lemma,
554,ایڈیشنل,,,not_indowordnet_urdu_lemma,
554,بندوبست,,,not_indowordnet_urdu_lemma,
554,تعبیر,,,not_indowordnet_urdu_lemma,
554,لوک,,,not_indowordnet_urdu_lemma,
553,بہاگ,,,not_indowordnet_urdu_lemma,
553,حاضری,,,not_indowordnet_urdu_lemma,
553,مربوط,,,not_indowordnet_urdu_lemma,
552,رویے,,,not_indowordnet_urdu_lemma,
552,ریونیو,,,not_indowordnet_urdu_lemma,
552,مراعات,,,not_indowordnet_urdu_lemma,
552,ڈہیر,,,not_indowordnet_urdu_lemma,
551,جہیل,,,not_indowordnet_urdu_lemma,
551,سپرے,,,not_indowordnet_urdu_lemma,
551,مساجد,,,not_indowordnet_urdu_lemma,
550,بزرگوں,,,not_indowordnet_urdu_lemma,
550,پڑہی,,,not_indowordnet_urdu_lemma,
550,دیکہتا,,,not_indowordnet_urdu_lemma,
550,راؤ,,,no_two_source_semantic_agreement,
549,پرانا,,,not_indowordnet_urdu_lemma,
549,سافٹ,,,not_indowordnet_urdu_lemma,
549,غصے,,,not_indowordnet_urdu_lemma,
549,ماہانہ,,,not_indowordnet_urdu_lemma,
549,مقبولیت,,,not_indowordnet_urdu_lemma,
548,توازنی,,,not_indowordnet_urdu_lemma,
548,کہو,,,not_indowordnet_urdu_lemma,
548,نیٹو,,,not_indowordnet_urdu_lemma,
547,آدہا,,,not_indowordnet_urdu_lemma,
547,خیموں,,,not_indowordnet_urdu_lemma,
547,ڈالے,,,not_indowordnet_urdu_lemma,
546,تخلیقی,,,not_indowordnet_urdu_lemma,
546,تدریس,,,not_indowordnet_urdu_lemma,
546,درآمدات,,,not_indowordnet_urdu_lemma,
546,زیب,,,not_indowordnet_urdu_lemma,
546,کروائے,,,not_indowordnet_urdu_lemma,
546,کمرشل,,,not_indowordnet_urdu_lemma,
546,کنونشن,,,not_indowordnet_urdu_lemma,
546,منع,,,not_indowordnet_urdu_lemma,
545,آگاہی,,,not_indowordnet_urdu_lemma,
545,رنگت,,,not_indowordnet_urdu_lemma,
545,فرانسیسی,,,not_indowordnet_urdu_lemma,
544,تقاضا,,,not_indowordnet_urdu_lemma,
544,چہوڑنے,,,not_indowordnet_urdu_lemma,
544,مقررہ,,,not_indowordnet_urdu_lemma,
543,تبصرہ,,,not_indowordnet_urdu_lemma,
543,رجسٹریشن,,,not_indowordnet_urdu_lemma,
543,ڈیوڈ,,,not_indowordnet_urdu_lemma,
542,سرزمین,,,not_indowordnet_urdu_lemma,
542,ہم آہنگی,,,not_indowordnet_urdu_lemma,
541,بہرتی,,,not_indowordnet_urdu_lemma,
541,پہیلاؤ,,,not_indowordnet_urdu_lemma,
541,تمہارا,,,not_indowordnet_urdu_lemma,
541,جراثیم,,organism consisting of only one cell,no_two_source_semantic_agreement,
541,زیراہتمام,,,not_indowordnet_urdu_lemma,
541,عشرت,,,not_indowordnet_urdu_lemma,
540,استفادہ,,,not_indowordnet_urdu_lemma,
540,حریف,,,not_indowordnet_urdu_lemma,
540,کمار,,,not_indowordnet_urdu_lemma,
539,بیل,creeper; progeny,,no_two_source_semantic_agreement,cow; Tinker; Bell; boots; Nice
539,پست,,,not_indowordnet_urdu_lemma,
539,دست,,,not_indowordnet_urdu_lemma,
539,ڈبل,,,not_indowordnet_urdu_lemma,
538,احتساب,,,not_indowordnet_urdu_lemma,
538,انڈے,,,not_indowordnet_urdu_lemma,
538,رنگوں,,,not_indowordnet_urdu_lemma,
538,فکری,,,not_indowordnet_urdu_lemma,
538,کیف,,,not_indowordnet_urdu_lemma,
537,پروگراموں,,,not_indowordnet_urdu_lemma,
537,پیاز,leek; onion,,no_two_source_semantic_agreement,
537,عرس,,death anniversary of a Sufi saint in South Asia,no_two_source_semantic_agreement,
536,پاتے,,,not_indowordnet_urdu_lemma,
536,سیمنٹ,,hydraulic binder used in the composition of mortar and concrete,no_two_source_semantic_agreement,
536,لڑ,,,not_indowordnet_urdu_lemma,
535,بتائے,,,not_indowordnet_urdu_lemma,
535,عادی,,,not_indowordnet_urdu_lemma,
535,کوارٹر,,,not_indowordnet_urdu_lemma,
535,متعین,,,not_indowordnet_urdu_lemma,
535,معذور,,,not_indowordnet_urdu_lemma,
534,باد,,,not_indowordnet_urdu_lemma,
533,خاموشی,,,not_indowordnet_urdu_lemma,
533,سپیکر,,,not_indowordnet_urdu_lemma,
533,کونسلر,,,not_indowordnet_urdu_lemma,
532,پہاڑوں,,,not_indowordnet_urdu_lemma,
532,جلال,,,not_indowordnet_urdu_lemma,
532,دستور,,,not_indowordnet_urdu_lemma,
532,فقدان,,,not_indowordnet_urdu_lemma,
532,قبل ازیں,,,not_indowordnet_urdu_lemma,
531,بالآخر,,,not_indowordnet_urdu_lemma,
531,جائیداد,,,not_indowordnet_urdu_lemma,
531,سیرت,,,not_indowordnet_urdu_lemma,
531,لائبریری,,,not_indowordnet_urdu_lemma,
531,ڈاکو,,,not_indowordnet_urdu_lemma,
530,اطراف,,,not_indowordnet_urdu_lemma,
530,انفارمیشن,,,not_indowordnet_urdu_lemma,
530,بگٹی,,,not_indowordnet_urdu_lemma,
530,کثرت,,,not_indowordnet_urdu_lemma,
529,خبروں,,,not_indowordnet_urdu_lemma,
529,گرا,,,not_indowordnet_urdu_lemma,
529,ہراج,,,not_indowordnet_urdu_lemma,
529,ہنر,,,not_indowordnet_urdu_lemma,
528,انقلابی,,person who participates in a revolution,no_two_source_semantic_agreement,
528,اہلیہ,,,not_indowordnet_urdu_lemma,
528,فاصلہ,,,not_indowordnet_urdu_lemma,
528,مہینوں,,,not_indowordnet_urdu_lemma,
527,پڑتے,,,not_indowordnet_urdu_lemma,
527,چہت,,,not_indowordnet_urdu_lemma,
527,شمس,,,not_indowordnet_urdu_lemma,
527,فراز,,,not_indowordnet_urdu_lemma,
527,فلو,,,not_indowordnet_urdu_lemma,
526,امریکیوں,,,not_indowordnet_urdu_lemma,
526,ایکسپورٹ,,,not_indowordnet_urdu_lemma,
526,خسارے,,,not_indowordnet_urdu_lemma,
526,قوتوں,,,not_indowordnet_urdu_lemma,
526,متفق,,,not_indowordnet_urdu_lemma,
526,مذاق,,,not_indowordnet_urdu_lemma,
525,چلایا,,,not_indowordnet_urdu_lemma,
525,گری,,,no_two_source_semantic_agreement,witchcraft; strangled; numb; nuts; Notjust
525,لیفٹیننٹ,,,not_indowordnet_urdu_lemma,
525,منی,"semen; jewel, gem",,no_two_source_semantic_agreement,minivan; type; seem; don; like
525,ہوش,,,not_indowordnet_urdu_lemma,
524,دعوے,,,not_indowordnet_urdu_lemma,
524,شاعروں,,,not_indowordnet_urdu_lemma,
524,کامل,,,not_indowordnet_urdu_lemma,
523,ثواب,,,not_indowordnet_urdu_lemma,
523,سوچنے,,,not_indowordnet_urdu_lemma,
522,باندہ,,,not_indowordnet_urdu_lemma,
522,بریگیڈیئر,,,not_indowordnet_urdu_lemma,
521,پرفارم,,,not_indowordnet_urdu_lemma,
521,پہلوں,,,not_indowordnet_urdu_lemma,
521,خوبی,,,no_two_source_semantic_agreement,
521,نشوونما,,,not_indowordnet_urdu_lemma,
520,اٹہانا,,,not_indowordnet_urdu_lemma,
520,جڑی,,any root plant used medicinally,no_two_source_semantic_agreement,
520,قائل,"acknowledging, agreeing, consenting",,no_two_source_semantic_agreement,convince; persuaded; maybe; steal; To
520,کور,,,not_indowordnet_urdu_lemma,
519,پرندوں,,,not_indowordnet_urdu_lemma,
519,پہوٹ,,,not_indowordnet_urdu_lemma,
519,جرمانہ,,,not_indowordnet_urdu_lemma,
519,دادا,,,not_indowordnet_urdu_lemma,
518,فیکٹری,,,not_indowordnet_urdu_lemma,
518,کہانیاں,,,not_indowordnet_urdu_lemma,
518,ووڈ,,,no_two_source_semantic_agreement,testicles; himself; belong; The; calling
518,ویڈیو,,,not_indowordnet_urdu_lemma,
517,ترامیم,,,not_indowordnet_urdu_lemma,
517,سمجہتی,,,not_indowordnet_urdu_lemma,
517,مان,like; rule; honor,,no_two_source_semantic_agreement,listened; should; Davus; persuasive; distance
516,جیلانی,,,not_indowordnet_urdu_lemma,
516,حریت,,,not_indowordnet_urdu_lemma,
516,ساخت,,,not_indowordnet_urdu_lemma,
516,کینال,,,not_indowordnet_urdu_lemma,
515,رشتے,,,not_indowordnet_urdu_lemma,
515,سست,,,not_indowordnet_urdu_lemma,
515,مفت,,,not_indowordnet_urdu_lemma,
514,آتش,,,not_indowordnet_urdu_lemma,
514,ریاستوں,,,not_indowordnet_urdu_lemma,
514,سروسز,,,not_indowordnet_urdu_lemma,
514,فقیر,,,not_indowordnet_urdu_lemma,
514,ناگزیر,,,not_indowordnet_urdu_lemma,
513,معنوں,,,not_indowordnet_urdu_lemma,
512,اہم ترین,,,not_indowordnet_urdu_lemma,
512,بلڈنگ,,,not_indowordnet_urdu_lemma,
512,سنجیدگی,,,not_indowordnet_urdu_lemma,
512,کہوں,,,not_indowordnet_urdu_lemma,
511,اندازے,,,not_indowordnet_urdu_lemma,
511,لیول,,,not_indowordnet_urdu_lemma,
511,مخالفین,,,not_indowordnet_urdu_lemma,
511,موسی,,,not_indowordnet_urdu_lemma,
510,قوموں,,,not_indowordnet_urdu_lemma,
510,گز,,,no_two_source_semantic_agreement,yards; twenty; within; stand; Underdog
510,نورانی,,,not_indowordnet_urdu_lemma,
509,ٹیبل,,,not_indowordnet_urdu_lemma,
508,تنویر,,,not_indowordnet_urdu_lemma,
508,سٹار,,,not_indowordnet_urdu_lemma,
507,آدہی,,,not_indowordnet_urdu_lemma,
507,قلعہ,,,not_indowordnet_urdu_lemma,
506,تعمیراتی,,,not_indowordnet_urdu_lemma,
506,چراغ,,,not_indowordnet_urdu_lemma,
506,لارا,,,not_indowordnet_urdu_lemma,
506,متنازعہ,,,no_two_source_semantic_agreement,controversial; Paddy; -The; Conlon
505,پروجیکٹ,,,not_indowordnet_urdu_lemma,
504,بخوبی,,very well (in a good way),no_two_source_semantic_agreement,entrusted; legacy; holy; knew; twelve
504,کمر,a sheath; waist; loin; girdle; sash,,no_two_source_semantic_agreement,Watch; gearing; potato; basically; big
504,لڑکوں,,,not_indowordnet_urdu_lemma,
504,ہندوؤں,,,not_indowordnet_urdu_lemma,
503,پراجیکٹ,,,not_indowordnet_urdu_lemma,
502,اعمال,,,not_indowordnet_urdu_lemma,
502,بہاشا,,,not_indowordnet_urdu_lemma,
502,سائز,,,not_indowordnet_urdu_lemma,
502,گانا,,,not_indowordnet_urdu_lemma,
502,مبادلہ,,,no_two_source_semantic_agreement,
502,ونگ,,,not_indowordnet_urdu_lemma,
501,دانتوں,,,not_indowordnet_urdu_lemma,
501,قبیلے,,,not_indowordnet_urdu_lemma,
501,منتقلی,,,no_two_source_semantic_agreement,TRANSFER; COMPLETE; transfer; With; site
501,ہڈی,,,not_indowordnet_urdu_lemma,
500,اسمبلیوں,,,not_indowordnet_urdu_lemma,
500,جموں,,,not_indowordnet_urdu_lemma,
500,خواندگی,,,not_indowordnet_urdu_lemma,
500,کہیلنا,,,not_indowordnet_urdu_lemma,
500,گیٹ,,,not_indowordnet_urdu_lemma,
500,نما,,,not_indowordnet_urdu_lemma,
499,باشندوں,,,not_indowordnet_urdu_lemma,
499,چوبیس,,,not_indowordnet_urdu_lemma,
499,گلوکار,,,no_two_source_semantic_agreement,
498,اٹہاتے,,,not_indowordnet_urdu_lemma,
498,برتن,"crockery, dinnerware, tableware; any vessel used for eating",,no_two_source_semantic_agreement,pot; coffee; stinging; Into; Is
498,بلڈ,,,not_indowordnet_urdu_lemma,
498,چلتی,,,not_indowordnet_urdu_lemma,
498,مائی,,,not_indowordnet_urdu_lemma,
498,مکان,,,not_indowordnet_urdu_lemma,
497,اربوں,,,no_two_source_semantic_agreement,billions; hemorrhaging; Our; year; So
497,اکرام,,,not_indowordnet_urdu_lemma,
497,جیلوں,,,not_indowordnet_urdu_lemma,
497,طورپر,,,not_indowordnet_urdu_lemma,
496,رحم,,,not_indowordnet_urdu_lemma,
496,سیزن,,,not_indowordnet_urdu_lemma,
496,سینے,,,not_indowordnet_urdu_lemma,
496,ناموں,,,not_indowordnet_urdu_lemma,
496,ٹیلیفون,,,not_indowordnet_urdu_lemma,
495,احساسات,,,not_indowordnet_urdu_lemma,
495,تحفظات,,,not_indowordnet_urdu_lemma,
495,تحقیقی,,,not_indowordnet_urdu_lemma,
494,بدترین,,,not_indowordnet_urdu_lemma,
494,کروائی,,,not_indowordnet_urdu_lemma,
494,نامزدگی,,,no_two_source_semantic_agreement,
494,وقفہ,,,not_indowordnet_urdu_lemma,
494,ڈاکٹرز,,,not_indowordnet_urdu_lemma,
493,دیو,,,not_indowordnet_urdu_lemma,
493,ٹاس,,,not_indowordnet_urdu_lemma,
492,تبلیغ,,,not_indowordnet_urdu_lemma,
492,جونیجو,,,not_indowordnet_urdu_lemma,
492,سبہی,,,not_indowordnet_urdu_lemma,
492,کشیدگی,,,not_indowordnet_urdu_lemma,
492,کٹ,,,not_indowordnet_urdu_lemma,
491,بلین,,,no_two_source_semantic_agreement,billion; 1.5; U.S.; 3.1; Inside
491,پہنچتے,,,not_indowordnet_urdu_lemma,
491,گلاب,,,not_indowordnet_urdu_lemma,
491,موزوں,,,not_indowordnet_urdu_lemma,
490,اموات,,,not_indowordnet_urdu_lemma,
490,آزمائش,,,not_indowordnet_urdu_lemma,
490,تربیتی,,,not_indowordnet_urdu_lemma,
490,درانی,,,not_indowordnet_urdu_lemma,
490,عصر,,,no_two_source_semantic_agreement,
489,بالر,,,not_indowordnet_urdu_lemma,
489,بچیوں,,,not_indowordnet_urdu_lemma,
488,اشتراک,,,not_indowordnet_urdu_lemma,
488,بڑہتا,,,not_indowordnet_urdu_lemma,
488,حرام,,,not_indowordnet_urdu_lemma,
488,ذہین,,,not_indowordnet_urdu_lemma,
488,عمارتیں,,,not_indowordnet_urdu_lemma,
488,کالجوں,,,not_indowordnet_urdu_lemma,
488,ڈیزائن,,,not_indowordnet_urdu_lemma,
487,عظمی,,,not_indowordnet_urdu_lemma,
487,گوہر,,,not_indowordnet_urdu_lemma,
487,لگان,,,not_indowordnet_urdu_lemma,
487,نصیر,,,not_indowordnet_urdu_lemma,
486,خلیفہ,"caliph; successor; a Muslim cook, tailor, barber etc",,no_two_source_semantic_agreement,
486,شبہ,,,not_indowordnet_urdu_lemma,
486,طیاروں,,,not_indowordnet_urdu_lemma,
486,فائز,,,not_indowordnet_urdu_lemma,
486,مفادات,,,not_indowordnet_urdu_lemma,
486,نقصان دہ,,,not_indowordnet_urdu_lemma,
485,بلاشبہ,,,not_indowordnet_urdu_lemma,
485,بنیں,,,not_indowordnet_urdu_lemma,
485,تہوڑے,,,not_indowordnet_urdu_lemma,
484,بدن,,,not_indowordnet_urdu_lemma,
484,تناظر,,,not_indowordnet_urdu_lemma,
484,محکموں,,,not_indowordnet_urdu_lemma,
484,ڈور,,,not_indowordnet_urdu_lemma,
484,ڈیپارٹمنٹ,,,not_indowordnet_urdu_lemma,
483,بہرا,deaf,,no_two_source_semantic_agreement,
483,تنظیمیں,,,not_indowordnet_urdu_lemma,
483,جوڑ,,,not_indowordnet_urdu_lemma,
483,حاضرین,,,not_indowordnet_urdu_lemma,
483,قواعد,,,not_indowordnet_urdu_lemma,
482,حکمرانی,,,not_indowordnet_urdu_lemma,
482,فرسٹ,,,not_indowordnet_urdu_lemma,
482,قبرستان,,,not_indowordnet_urdu_lemma,
482,نظامت,,,not_indowordnet_urdu_lemma,
481,بہادر,,,not_indowordnet_urdu_lemma,
481,پریکٹس,,,not_indowordnet_urdu_lemma,
481,پلاٹ,,,not_indowordnet_urdu_lemma,
481,دہرن,,,not_indowordnet_urdu_lemma,
481,ہستی,"existence, being; personality, entity",,no_two_source_semantic_agreement,A; saint
480,آزادانہ,,,not_indowordnet_urdu_lemma,
480,بلندی,,,not_indowordnet_urdu_lemma,
480,رخصت,,,not_indowordnet_urdu_lemma,
480,علموں,,,not_indowordnet_urdu_lemma,
480,کامرس,,,not_indowordnet_urdu_lemma,
480,نسبتا,,,not_indowordnet_urdu_lemma,
479,جلسے,,,not_indowordnet_urdu_lemma,
479,دانت,,,not_indowordnet_urdu_lemma,
479,زرداری,,,not_indowordnet_urdu_lemma,
479,سمجہے,,,not_indowordnet_urdu_lemma,
479,فرمائی,,,not_indowordnet_urdu_lemma,
478,پابندیاں,,,not_indowordnet_urdu_lemma,
478,دیجئے,,,not_indowordnet_urdu_lemma,
478,شیڈول,,,not_indowordnet_urdu_lemma,
478,قربان,,,not_indowordnet_urdu_lemma,
478,نفسیات,,,not_indowordnet_urdu_lemma,
478,ہیر,"diamond; a tragic lover; vigour, energy",,no_two_source_semantic_agreement,Herr; accustomed; ignored; being; sorry
477,اشد,,,not_indowordnet_urdu_lemma,
477,جیب,,,not_indowordnet_urdu_lemma,
477,نوے,,,not_indowordnet_urdu_lemma,
476,رشتہ داروں,,,not_indowordnet_urdu_lemma,
476,سرپرستی,,,not_indowordnet_urdu_lemma,
476,وعدے,,,not_indowordnet_urdu_lemma,
475,بروز,,,not_indowordnet_urdu_lemma,
475,داغ,,,not_indowordnet_urdu_lemma,
475,دوم,,,not_indowordnet_urdu_lemma,
475,سبزیاں,,,not_indowordnet_urdu_lemma,
474,آخرت,,,not_indowordnet_urdu_lemma,
474,پارٹیوں,,,not_indowordnet_urdu_lemma,
474,نظریاتی,,,no_two_source_semantic_agreement,
473,تعمیرات,,,not_indowordnet_urdu_lemma,
473,تنازعات,,,not_indowordnet_urdu_lemma,
473,لیبارٹری,,,not_indowordnet_urdu_lemma,
473,معاون,,,not_indowordnet_urdu_lemma,
473,ہلکے,,,not_indowordnet_urdu_lemma,
472,چوتہی,,,not_indowordnet_urdu_lemma,
472,زکریا,,,not_indowordnet_urdu_lemma,
472,منصفانہ,,,not_indowordnet_urdu_lemma,
472,ہجرت,,,not_indowordnet_urdu_lemma,
471,اجرت,,,not_indowordnet_urdu_lemma,
471,پذیرائی,,,not_indowordnet_urdu_lemma,
471,پوچہ,,,not_indowordnet_urdu_lemma,
471,روانگی,,,not_indowordnet_urdu_lemma,
471,روزے,,,not_indowordnet_urdu_lemma,
471,سادگی,,,not_indowordnet_urdu_lemma,
471,شوٹنگ,,act or process of firing firearms or other projectile weapons,no_two_source_semantic_agreement,shooting; skeet; Did; dad; went
471,شہزادی,,,not_indowordnet_urdu_lemma,
471,فورسز,,,not_indowordnet_urdu_lemma,
471,لمبے,,,not_indowordnet_urdu_lemma,
470,الٹ,,,not_indowordnet_urdu_lemma,
470,باقاعدگی,,,not_indowordnet_urdu_lemma,
470,لائیں,,,not_indowordnet_urdu_lemma,
470,لڑنے,,,not_indowordnet_urdu_lemma,
470,مجاہد,,,not_indowordnet_urdu_lemma,
469,سکوں,,,not_indowordnet_urdu_lemma,
469,سوائے,,,not_indowordnet_urdu_lemma,
469,فلمساز,,,not_indowordnet_urdu_lemma,
468,سرے,,,not_indowordnet_urdu_lemma,
468,طلاق,,,not_indowordnet_urdu_lemma,
468,ڈکیتی,,,not_indowordnet_urdu_lemma,
467,چچا,,,not_indowordnet_urdu_lemma,
467,ضوابط,,,not_indowordnet_urdu_lemma,
467,غفلت,,,not_indowordnet_urdu_lemma,
467,مقیم,,,not_indowordnet_urdu_lemma,
467,واجد,,,not_indowordnet_urdu_lemma,
466,پہیلنے,,,not_indowordnet_urdu_lemma,
466,چارج,,,not_indowordnet_urdu_lemma,
466,سیلز,,,not_indowordnet_urdu_lemma,
466,صائمہ,,,not_indowordnet_urdu_lemma,
466,کہیلیں,,,not_indowordnet_urdu_lemma,
466,لکڑی,,,not_indowordnet_urdu_lemma,
466,مترادف,,,not_indowordnet_urdu_lemma,
465,افادیت,,,not_indowordnet_urdu_lemma,
465,اڈے,,,not_indowordnet_urdu_lemma,
465,بلو,,plural vocative of بُلّا (bullā — bubble),no_two_source_semantic_agreement,
465,نصرت,,,not_indowordnet_urdu_lemma,
465,نوکری,,,not_indowordnet_urdu_lemma,
464,سنچریاں,,,not_indowordnet_urdu_lemma,
464,قبائل,,,not_indowordnet_urdu_lemma,
464,نشستیں,,,not_indowordnet_urdu_lemma,
463,انکوائری,,,not_indowordnet_urdu_lemma,
463,انگریزوں,,,not_indowordnet_urdu_lemma,
463,دشمنی,,,not_indowordnet_urdu_lemma,
463,ریاستی,,,not_indowordnet_urdu_lemma,
463,سفارتی,,,not_indowordnet_urdu_lemma,
463,نہر,,,not_indowordnet_urdu_lemma,
462,بہیجی,,,not_indowordnet_urdu_lemma,
462,ساؤتہ,,,not_indowordnet_urdu_lemma,
462,ستم,,,not_indowordnet_urdu_lemma,
462,عالیہ,,,not_indowordnet_urdu_lemma,
462,گزرے,,,not_indowordnet_urdu_lemma,
461,گناہوں,,,not_indowordnet_urdu_lemma,
461,محترم,,,not_indowordnet_urdu_lemma,
461,نیلم,,,not_indowordnet_urdu_lemma,
461,ڈاؤن,,,not_indowordnet_urdu_lemma,
460,حرف,"particle; letter, character (of an alphabet)",,no_two_source_semantic_agreement,
460,شین,,,not_indowordnet_urdu_lemma,
460,فرمان,,,not_indowordnet_urdu_lemma,
460,معاونت,,,not_indowordnet_urdu_lemma,
460,مکہی,,,not_indowordnet_urdu_lemma,
459,صفدر,,,not_indowordnet_urdu_lemma,
459,گواہ,,,not_indowordnet_urdu_lemma,
459,مینیجر,,,not_indowordnet_urdu_lemma,
458,شاہین,,,not_indowordnet_urdu_lemma,
458,کرانا,,,not_indowordnet_urdu_lemma,
458,لاتے,,,not_indowordnet_urdu_lemma,
458,محتاط,,,not_indowordnet_urdu_lemma,
457,بستیوں,,,not_indowordnet_urdu_lemma,
457,دخل,,,not_indowordnet_urdu_lemma,
457,ذہانت,,,not_indowordnet_urdu_lemma,
457,لواحقین,,,not_indowordnet_urdu_lemma,
457,نقش,,,not_indowordnet_urdu_lemma,
457,نمونہ,,,not_indowordnet_urdu_lemma,
456,بیورو,,bureau,no_two_source_semantic_agreement,
456,چلائی,,,not_indowordnet_urdu_lemma,
456,ریٹ,,,not_indowordnet_urdu_lemma,
455,اجناس,,,not_indowordnet_urdu_lemma,
455,بازوں,,,not_indowordnet_urdu_lemma,
455,درختوں,,,not_indowordnet_urdu_lemma,
455,سنایا,,,not_indowordnet_urdu_lemma,
455,وسط,,,not_indowordnet_urdu_lemma,
454,اہلسنت,,,not_indowordnet_urdu_lemma,
454,پروین,,,not_indowordnet_urdu_lemma,
454,فریضہ,,,not_indowordnet_urdu_lemma,
454,مہمانوں,,,not_indowordnet_urdu_lemma,
453,انسپکٹر,,,not_indowordnet_urdu_lemma,
453,تدابیر,,,not_indowordnet_urdu_lemma,
453,کاٹن,,,not_indowordnet_urdu_lemma,
453,ہیپاٹائٹس,,,not_indowordnet_urdu_lemma,
453,ہیروئن,,,no_two_source_semantic_agreement,
452,توقیر,,,not_indowordnet_urdu_lemma,
452,تیرا,,,not_indowordnet_urdu_lemma,
452,ثناء,,,not_indowordnet_urdu_lemma,
452,جلیل,,,not_indowordnet_urdu_lemma,
452,راضی,,,not_indowordnet_urdu_lemma,
452,عبوری,,,not_indowordnet_urdu_lemma,
452,لائسنس,,,not_indowordnet_urdu_lemma,
452,میلہ,,,not_indowordnet_urdu_lemma,
451,آرگنائزیشن,,,not_indowordnet_urdu_lemma,
451,بندی,,,not_indowordnet_urdu_lemma,
451,ماتحت,,,no_two_source_semantic_agreement,strung; number; yourself; little; looking
450,سودا,,,not_indowordnet_urdu_lemma,
450,طلبا,,,not_indowordnet_urdu_lemma,
450,کہے,,,not_indowordnet_urdu_lemma,
450,مشمولہ,,,not_indowordnet_urdu_lemma,
449,المیہ,,form of drama based on human suffering that invokes an accompanying catharsis or pleasure in audiences,no_two_source_semantic_agreement,
449,انکم,,,not_indowordnet_urdu_lemma,
449,پہینک,,,not_indowordnet_urdu_lemma,
449,فرحت,,,not_indowordnet_urdu_lemma,
448,بستر,,,not_indowordnet_urdu_lemma,
448,بیروزگاری,,,not_indowordnet_urdu_lemma,
448,شاہدہ,,,not_indowordnet_urdu_lemma,
448,صابر,,,not_indowordnet_urdu_lemma,
448,عہدیداروں,,,not_indowordnet_urdu_lemma,
448,کہائیں,,,not_indowordnet_urdu_lemma,
448,لگن,"time; marriage; love, affinity",,no_two_source_semantic_agreement,
448,نیکی,,,not_indowordnet_urdu_lemma,
447,انچ,,,no_two_source_semantic_agreement,inches; pretty; contained; think; Three
447,بزم,,,not_indowordnet_urdu_lemma,
447,بڑہایا,,,not_indowordnet_urdu_lemma,
447,پالیسیاں,,,not_indowordnet_urdu_lemma,
447,جمشید,,,not_indowordnet_urdu_lemma,
447,شراکت,,,not_indowordnet_urdu_lemma,
447,کارکنان,,,not_indowordnet_urdu_lemma,
446,اطلاق,,,no_two_source_semantic_agreement,applied; risk; willing; long; able
446,بدر,,,not_indowordnet_urdu_lemma,
446,جانیں,,,not_indowordnet_urdu_lemma,
446,شاگرد,,,not_indowordnet_urdu_lemma,
445,چیمہ,,,not_indowordnet_urdu_lemma,
445,صفحات,,,not_indowordnet_urdu_lemma,
445,طالبہ,,,not_indowordnet_urdu_lemma,
445,کرایہ,,,not_indowordnet_urdu_lemma,
444,بائیکاٹ,,,not_indowordnet_urdu_lemma,
444,بنکوں,,,not_indowordnet_urdu_lemma,
443,برکت,,,not_indowordnet_urdu_lemma,
443,پڑہنا,,,not_indowordnet_urdu_lemma,
443,تاحال,,,not_indowordnet_urdu_lemma,
443,ترکیب,,,not_indowordnet_urdu_lemma,
443,خوفزدہ,,,not_indowordnet_urdu_lemma,
443,داستان,,,not_indowordnet_urdu_lemma,
443,کمیونٹی,,,not_indowordnet_urdu_lemma,
443,لیڈروں,,,not_indowordnet_urdu_lemma,
443,ہلاکتوں,,,not_indowordnet_urdu_lemma,
442,بوڑہے,,,not_indowordnet_urdu_lemma,
442,پیکیج,,,not_indowordnet_urdu_lemma,
442,سمجہنا,,,not_indowordnet_urdu_lemma,
442,سنبہال,,,not_indowordnet_urdu_lemma,
442,عازمین,,,not_indowordnet_urdu_lemma,
442,قیوم,,,not_indowordnet_urdu_lemma,
442,مادہ,female; matter,,no_two_source_semantic_agreement,discharge; psychiatric; dishonorable; putting; plead
442,میلے,,,not_indowordnet_urdu_lemma,
441,پلانٹ,,,not_indowordnet_urdu_lemma,
441,رسالت,,,not_indowordnet_urdu_lemma,
441,کیسی,,,not_indowordnet_urdu_lemma,
441,لائحہ,,,not_indowordnet_urdu_lemma,
440,رساں,,,not_indowordnet_urdu_lemma,
440,فرمائے,,,not_indowordnet_urdu_lemma,
439,اصلی,,,not_indowordnet_urdu_lemma,
439,پیدل,,,not_indowordnet_urdu_lemma,
439,ریڈ,,,not_indowordnet_urdu_lemma,
439,زیورات,,,not_indowordnet_urdu_lemma,
438,امتحانات,,,not_indowordnet_urdu_lemma,
438,ساتویں,,,not_indowordnet_urdu_lemma,
438,کونسلوں,,,not_indowordnet_urdu_lemma,
437,پنڈی,,,not_indowordnet_urdu_lemma,
437,توہین,,,not_indowordnet_urdu_lemma,
437,چشتی,,,not_indowordnet_urdu_lemma,
437,زبردستی,,,not_indowordnet_urdu_lemma,
437,مجوزہ,,,not_indowordnet_urdu_lemma,
437,منانے,,,not_indowordnet_urdu_lemma,
437,ہالی,,,not_indowordnet_urdu_lemma,
437,ہٹا,,,not_indowordnet_urdu_lemma,
436,چانڈیو,,,not_indowordnet_urdu_lemma,
436,عہدوں,,,not_indowordnet_urdu_lemma,
436,قصبہ,town; trachea,,no_two_source_semantic_agreement,
436,نبوی,,,not_indowordnet_urdu_lemma,
436,ڈائری,,,not_indowordnet_urdu_lemma,
435,سکرین,,,not_indowordnet_urdu_lemma,
435,کریڈٹ,,,not_indowordnet_urdu_lemma,
435,لازم,,,not_indowordnet_urdu_lemma,
435,مادی,,,no_two_source_semantic_agreement,
435,مساوی,,,not_indowordnet_urdu_lemma,
435,مشاہدہ,,,not_indowordnet_urdu_lemma,
434,اگلی,,,not_indowordnet_urdu_lemma,
434,بسوں,,,not_indowordnet_urdu_lemma,
434,بنچ,,,not_indowordnet_urdu_lemma,
434,پیروں,,,not_indowordnet_urdu_lemma,
434,تقرری,,,no_two_source_semantic_agreement,
434,فیڈرل,,,not_indowordnet_urdu_lemma,
434,لپیٹ,,,not_indowordnet_urdu_lemma,
433,تیاریاں,,,not_indowordnet_urdu_lemma,
433,جہگڑا,,,not_indowordnet_urdu_lemma,
433,گرفت,,,not_indowordnet_urdu_lemma,
433,مشکوک,,,not_indowordnet_urdu_lemma,
432,انوار,,,not_indowordnet_urdu_lemma,
432,بغاوت,,,not_indowordnet_urdu_lemma,
432,رؤف,,,not_indowordnet_urdu_lemma,
432,سینٹرل,,,not_indowordnet_urdu_lemma,
432,کیڑوں,,,not_indowordnet_urdu_lemma,
432,گامزن,,,not_indowordnet_urdu_lemma,
431,بیٹہنے,,,not_indowordnet_urdu_lemma,
431,پیمائش,,process of assigning quantities to objects or events,no_two_source_semantic_agreement,
431,چینلز,,,not_indowordnet_urdu_lemma,
431,خوش آئند,,,not_indowordnet_urdu_lemma,
431,راستوں,,,not_indowordnet_urdu_lemma,
430,استوار,,,not_indowordnet_urdu_lemma,
430,پارلیمان,,,not_indowordnet_urdu_lemma,
430,پڑہیں,,,not_indowordnet_urdu_lemma,
430,سنٹرل,,,not_indowordnet_urdu_lemma,
430,کونسلروں,,,not_indowordnet_urdu_lemma,
430,لمحے,,,not_indowordnet_urdu_lemma,
430,مصروفیات,,,not_indowordnet_urdu_lemma,
430,یک,,,not_indowordnet_urdu_lemma,
429,پہن,,,not_indowordnet_urdu_lemma,
429,کیبل,,,no_two_source_semantic_agreement,cable; base; 350; Hertz; CAT5
429,نیت,,,not_indowordnet_urdu_lemma,
428,پہنچتا,,,not_indowordnet_urdu_lemma,
428,تہذیبی,,,not_indowordnet_urdu_lemma,
428,زمیندار,,,not_indowordnet_urdu_lemma,
428,سبزی,,,not_indowordnet_urdu_lemma,
428,مارک,,,not_indowordnet_urdu_lemma,
428,مظلوم,,,not_indowordnet_urdu_lemma,
428,وارن,,,not_indowordnet_urdu_lemma,
427,بائی,,,no_two_source_semantic_agreement,
427,تلخ,,,not_indowordnet_urdu_lemma,
427,خلوص,,,not_indowordnet_urdu_lemma,
427,دکانوں,,,not_indowordnet_urdu_lemma,
427,دکہائے,,,not_indowordnet_urdu_lemma,
427,سبزیوں,,,not_indowordnet_urdu_lemma,
427,فٹنس,,,not_indowordnet_urdu_lemma,
427,لین,,,not_indowordnet_urdu_lemma,
426,بالائی,,,not_indowordnet_urdu_lemma,
426,تعارف,,,not_indowordnet_urdu_lemma,
426,داخلی,,,not_indowordnet_urdu_lemma,
426,سوچنا,,,not_indowordnet_urdu_lemma,
426,سیاحت,journey,,no_two_source_semantic_agreement,travels; Highness; upon; looked; In
426,مجسٹریٹ,,,no_two_source_semantic_agreement,
425,پری,,,not_indowordnet_urdu_lemma,
425,زمینی,,,no_two_source_semantic_agreement,
425,قطرے,,,not_indowordnet_urdu_lemma,
424,اندیشہ,,,not_indowordnet_urdu_lemma,
424,ایمرجنسی,,,not_indowordnet_urdu_lemma,
424,دشوار,,,not_indowordnet_urdu_lemma,
424,دیکہو,,,not_indowordnet_urdu_lemma,
424,ذیابیطس,,,not_indowordnet_urdu_lemma,
424,زمینوں,,,not_indowordnet_urdu_lemma,
424,کسٹم,,,not_indowordnet_urdu_lemma,
424,مددگار,,,not_indowordnet_urdu_lemma,
424,مردہ,,,not_indowordnet_urdu_lemma,
423,پیچیدہ,,,not_indowordnet_urdu_lemma,
423,تسکین,,,not_indowordnet_urdu_lemma,
423,قاسمی,,,not_indowordnet_urdu_lemma,
423,کوثر,,,not_indowordnet_urdu_lemma,
423,گروہوں,,,not_indowordnet_urdu_lemma,
423,ٹہنڈا,,,not_indowordnet_urdu_lemma,
422,بولرز,,,not_indowordnet_urdu_lemma,
422,حالی,,,not_indowordnet_urdu_lemma,
422,حجم,,,no_two_source_semantic_agreement,
422,علیحدگی,,,not_indowordnet_urdu_lemma,
422,گرانٹ,,,not_indowordnet_urdu_lemma,
422,مطالبات,,,not_indowordnet_urdu_lemma,
422,میزبانی,,,no_two_source_semantic_agreement,host; party; wants; afternoon; celebrate
421,اسلامک,,,not_indowordnet_urdu_lemma,
421,سفارشات,,,not_indowordnet_urdu_lemma,
421,سنتے,,,not_indowordnet_urdu_lemma,
421,ڈونرز,,,not_indowordnet_urdu_lemma,
420,رونے,,,not_indowordnet_urdu_lemma,
420,کانگ,,,not_indowordnet_urdu_lemma,
420,گہوڑے,,,not_indowordnet_urdu_lemma,
420,مدنی,,,not_indowordnet_urdu_lemma,
420,مرکوز,,"(pass. part. of رکز 'to stick, or fix' (into)), part. Fixed; — infixed; implanted; — hid, concealed; buried…",no_two_source_semantic_agreement,focus; CENTERED; foci; joined; awake
420,میزائل,,self-propelled weapon system,no_two_source_semantic_agreement,missile; missiles; Russian; Ready; defense
419,آٹا,,,not_indowordnet_urdu_lemma,
418,توڑنے,,,not_indowordnet_urdu_lemma,
418,جلسہ,,,not_indowordnet_urdu_lemma,
418,چانسلر,,,not_indowordnet_urdu_lemma,
418,کاسٹ,,,not_indowordnet_urdu_lemma,
418,ملتانی,Multanite (person); Multani (of or relating to Multan),,no_two_source_semantic_agreement,
417,ایشو,,,not_indowordnet_urdu_lemma,
417,راجن,,,not_indowordnet_urdu_lemma,
417,سرفہرست,,,no_two_source_semantic_agreement,
417,عنایت,,,not_indowordnet_urdu_lemma,
416,ایجاد,,,no_two_source_semantic_agreement,invented; invents; ain; Words; invent
416,خبردار,,,not_indowordnet_urdu_lemma,
416,سنہری,,,not_indowordnet_urdu_lemma,
416,کوشاں,,,no_two_source_semantic_agreement,
415,بسنت,,,not_indowordnet_urdu_lemma,
415,تحفہ,,,not_indowordnet_urdu_lemma,
415,روزمرہ,,,not_indowordnet_urdu_lemma,
415,عنان,,,not_indowordnet_urdu_lemma,
415,فٹبال,,,not_indowordnet_urdu_lemma,
415,کہیت,,,not_indowordnet_urdu_lemma,
415,میٹنگ,,,not_indowordnet_urdu_lemma,
415,ہونٹوں,,,not_indowordnet_urdu_lemma,
415,یہیں,,,not_indowordnet_urdu_lemma,
414,اسکولوں,,,not_indowordnet_urdu_lemma,
414,برباد,,,not_indowordnet_urdu_lemma,
414,ججوں,,,not_indowordnet_urdu_lemma,
414,مارنے,,,not_indowordnet_urdu_lemma,
413,ایڈ,,,not_indowordnet_urdu_lemma,
413,بڑوں,,,not_indowordnet_urdu_lemma,
413,پٹرول,,,not_indowordnet_urdu_lemma,
413,تنازعہ,,,not_indowordnet_urdu_lemma,
413,طفیل,,,not_indowordnet_urdu_lemma,
412,پڑیں,,,not_indowordnet_urdu_lemma,
412,سائنسدان,,,not_indowordnet_urdu_lemma,
412,صلح,,,not_indowordnet_urdu_lemma,
412,ظاہری,,,not_indowordnet_urdu_lemma,
412,عسکری,,,not_indowordnet_urdu_lemma,
412,قطعی,,,not_indowordnet_urdu_lemma,
412,لطف,,,not_indowordnet_urdu_lemma,
412,ہوتیں,,,not_indowordnet_urdu_lemma,
411,اجارہ داری,,,not_indowordnet_urdu_lemma,
411,افطار,iftar,,no_two_source_semantic_agreement,
411,پرندے,,,not_indowordnet_urdu_lemma,
411,چہوڑا,,,not_indowordnet_urdu_lemma,
411,صحرا,,,not_indowordnet_urdu_lemma,
411,ملحقہ,,,not_indowordnet_urdu_lemma,
410,پکار,,,not_indowordnet_urdu_lemma,
410,غالبا,,,not_indowordnet_urdu_lemma,
410,فوجوں,,,not_indowordnet_urdu_lemma,
410,مجموعے,,,not_indowordnet_urdu_lemma,
410,ووٹوں,,,not_indowordnet_urdu_lemma,
409,آجر,,,not_indowordnet_urdu_lemma,
409,بدلنے,,,not_indowordnet_urdu_lemma,
409,تفریحی,,,not_indowordnet_urdu_lemma,
409,ریٹائر,,,not_indowordnet_urdu_lemma,
409,سرحدوں,,,not_indowordnet_urdu_lemma,
409,عدل,,,not_indowordnet_urdu_lemma,
409,فاتح,,,not_indowordnet_urdu_lemma,
409,گرمیوں,,,not_indowordnet_urdu_lemma,
409,لچکدار,,,not_indowordnet_urdu_lemma,
409,نمودار,,,not_indowordnet_urdu_lemma,
408,دیہاتی,,,not_indowordnet_urdu_lemma,
408,کارروائیاں,,,not_indowordnet_urdu_lemma,
408,نکات,,,not_indowordnet_urdu_lemma,
408,وائٹ,,,not_indowordnet_urdu_lemma,
407,افتتاحی,,,not_indowordnet_urdu_lemma,
407,ایام,,,not_indowordnet_urdu_lemma,
407,بہنوں,,,not_indowordnet_urdu_lemma,
407,تن,,,not_indowordnet_urdu_lemma,
407,قد,,,not_indowordnet_urdu_lemma,
407,لوکل,,,not_indowordnet_urdu_lemma,
407,لہجے,,,not_indowordnet_urdu_lemma,
407,محکمے,,,not_indowordnet_urdu_lemma,
406,آوازیں,,,not_indowordnet_urdu_lemma,
406,فنانس,,,not_indowordnet_urdu_lemma,
406,مشتبہ,,,not_indowordnet_urdu_lemma,
406,مطلوب,,,not_indowordnet_urdu_lemma,
405,سعد,,,not_indowordnet_urdu_lemma,
405,مثالیں,,,not_indowordnet_urdu_lemma,
405,ڈالتے,,,not_indowordnet_urdu_lemma,
404,اردگرد,,,not_indowordnet_urdu_lemma,
404,چہروں,,,not_indowordnet_urdu_lemma,
404,خلافت,,,not_indowordnet_urdu_lemma,
404,رینجرز,,,not_indowordnet_urdu_lemma,
404,سیکہ,,,not_indowordnet_urdu_lemma,
404,سیکیورٹی,,,not_indowordnet_urdu_lemma,
404,صف,,,not_indowordnet_urdu_lemma,
404,فسادات,,,not_indowordnet_urdu_lemma,
404,کاش,,,not_indowordnet_urdu_lemma,
404,کمانے,,,not_indowordnet_urdu_lemma,
404,ڈراموں,,,not_indowordnet_urdu_lemma,
403,سفارت,,,not_indowordnet_urdu_lemma,
403,فنکشنل,,,not_indowordnet_urdu_lemma,
403,منڈیوں,,,not_indowordnet_urdu_lemma,
403,ہم آہنگ,,,not_indowordnet_urdu_lemma,
402,ادراک,,,not_indowordnet_urdu_lemma,
402,باخبر,,,not_indowordnet_urdu_lemma,
402,ثقلین,,,not_indowordnet_urdu_lemma,
402,چہاپے,,,not_indowordnet_urdu_lemma,
402,ریلی,,,no_two_source_semantic_agreement,Julia; assistant; spectacle; conceived; started
402,سکتیں,,,not_indowordnet_urdu_lemma,
402,کالجز,,,not_indowordnet_urdu_lemma,
401,کرکٹر,,,not_indowordnet_urdu_lemma,
401,مخلوق,,,not_indowordnet_urdu_lemma,
401,نظموں,,,not_indowordnet_urdu_lemma,
401,نوازا,,,not_indowordnet_urdu_lemma,
401,ٹیوب,,,not_indowordnet_urdu_lemma,
400,چوتہا,,,not_indowordnet_urdu_lemma,
400,رشوت,,,not_indowordnet_urdu_lemma,
400,گلیوں,,,not_indowordnet_urdu_lemma,
399,گم,,,not_indowordnet_urdu_lemma,
399,گیر,,,not_indowordnet_urdu_lemma,
399,نگار,,,not_indowordnet_urdu_lemma,
398,استعداد,,,not_indowordnet_urdu_lemma,
398,افسوسناک,,,not_indowordnet_urdu_lemma,
398,چوٹ,,,not_indowordnet_urdu_lemma,
398,صاحبزادے,,,not_indowordnet_urdu_lemma,
398,کشش,,,not_indowordnet_urdu_lemma,
398,مندی,,,not_indowordnet_urdu_lemma,
397,تباہ کن,,,not_indowordnet_urdu_lemma,
397,تعزیت,,,not_indowordnet_urdu_lemma,
397,چمک,,,not_indowordnet_urdu_lemma,
397,خلا,,,not_indowordnet_urdu_lemma,
397,رضوان,,,not_indowordnet_urdu_lemma,
397,سخن,,,not_indowordnet_urdu_lemma,
397,عمرہ,,,not_indowordnet_urdu_lemma,
397,فیسٹیول,,,not_indowordnet_urdu_lemma,
397,مخلص,,,not_indowordnet_urdu_lemma,
397,ڈپریشن,,,not_indowordnet_urdu_lemma,
396,پردہ,hiding; honour; a scene,"curtain, veil; concealment",no_two_source_semantic_agreement,even; seven-foot; privacy; vantage; high
396,چاندی,,,not_indowordnet_urdu_lemma,
396,سونا,,,not_indowordnet_urdu_lemma,
396,سٹاک,,,not_indowordnet_urdu_lemma,
396,محلہ,,,not_indowordnet_urdu_lemma,
395,ایوارڈز,,,not_indowordnet_urdu_lemma,
395,پاتا,,,not_indowordnet_urdu_lemma,
395,تلقین,,,not_indowordnet_urdu_lemma,
395,خطہ,,,not_indowordnet_urdu_lemma,
395,سچے,,,not_indowordnet_urdu_lemma,
394,اخذ,,,not_indowordnet_urdu_lemma,
394,آؤ,,,not_indowordnet_urdu_lemma,
394,تجہے,,,not_indowordnet_urdu_lemma,
394,دستے,,,not_indowordnet_urdu_lemma,
394,گہرانے,,,not_indowordnet_urdu_lemma,
394,میونسپل,,,not_indowordnet_urdu_lemma,
393,استحصال,,,no_two_source_semantic_agreement,explodes; 0Day; Exploit; Using; exploit
393,بچایا,,,not_indowordnet_urdu_lemma,
393,پائیں,,,not_indowordnet_urdu_lemma,
393,سراج,,,not_indowordnet_urdu_lemma,
393,قافلے,,,not_indowordnet_urdu_lemma,
393,مقصود,,,not_indowordnet_urdu_lemma,
393,نازل,,,not_indowordnet_urdu_lemma,
393,نژاد,,,not_indowordnet_urdu_lemma,
393,ٹریک,,,not_indowordnet_urdu_lemma,
392,اوپنر,,,not_indowordnet_urdu_lemma,
392,بائیس,,,not_indowordnet_urdu_lemma,
392,چکنائی,,,not_indowordnet_urdu_lemma,
392,صاحبان,,,not_indowordnet_urdu_lemma,
392,فوٹو,,,not_indowordnet_urdu_lemma,
392,لیزر,,laser,no_two_source_semantic_agreement,Ben; e; Layzir; m; going
392,ہضم,,,not_indowordnet_urdu_lemma,
392,ہٹانے,,,not_indowordnet_urdu_lemma,
391,جادو,,,not_indowordnet_urdu_lemma,
391,شمع,,,not_indowordnet_urdu_lemma,
391,گوگل,,,no_two_source_semantic_agreement,Google-proof; Google; searching; search; also
391,مقدمہ,,,not_indowordnet_urdu_lemma,
390,احباب,,,not_indowordnet_urdu_lemma,
390,پیاس,,,not_indowordnet_urdu_lemma,
390,تقویت,,,not_indowordnet_urdu_lemma,
390,سیریل,,,no_two_source_semantic_agreement,
390,علاقہ جات,,,not_indowordnet_urdu_lemma,
390,کالے,,,not_indowordnet_urdu_lemma,
390,مانند,,,not_indowordnet_urdu_lemma,
390,ڈیموں,,,not_indowordnet_urdu_lemma,
390,ہائی الرٹ,,,not_indowordnet_urdu_lemma,
389,آدہ,,,not_indowordnet_urdu_lemma,
389,بدلہ,,,not_indowordnet_urdu_lemma,
389,تائید,,,not_indowordnet_urdu_lemma,
389,دفن,,,not_indowordnet_urdu_lemma,
389,لوں,,,not_indowordnet_urdu_lemma,
389,منصب,,,not_indowordnet_urdu_lemma,
389,مو,,,not_indowordnet_urdu_lemma,
389,نکلتا,,,not_indowordnet_urdu_lemma,
389,ٹیلنٹ,,,not_indowordnet_urdu_lemma,
389,ڈویلپمنٹ,,,not_indowordnet_urdu_lemma,
388,اختیاری,,,not_indowordnet_urdu_lemma,
388,پے,,,not_indowordnet_urdu_lemma,
388,جدا,,,not_indowordnet_urdu_lemma,
388,ستارے,,,not_indowordnet_urdu_lemma,
388,کونے,,,not_indowordnet_urdu_lemma,
388,نارتہ,,,not_indowordnet_urdu_lemma,
388,یہودیوں,,,not_indowordnet_urdu_lemma,
387,ماحولیاتی,,,not_indowordnet_urdu_lemma,
386,بدلتے,,,not_indowordnet_urdu_lemma,
386,بلدیہ,,,not_indowordnet_urdu_lemma,
386,سرمایہ کاروں,,,not_indowordnet_urdu_lemma,
386,سماج,,,not_indowordnet_urdu_lemma,
386,مہنگی,,,not_indowordnet_urdu_lemma,
386,میموریل,,,not_indowordnet_urdu_lemma,
385,پہنچیں,,,not_indowordnet_urdu_lemma,
385,جبر,,,not_indowordnet_urdu_lemma,
385,چہپ,,,not_indowordnet_urdu_lemma,
385,رضی,,,not_indowordnet_urdu_lemma,
385,رقبے,,,not_indowordnet_urdu_lemma,
384,پروڈیوسر,,,not_indowordnet_urdu_lemma,
384,حملہ آور,,,not_indowordnet_urdu_lemma,
384,ریفرنڈم,,,not_indowordnet_urdu_lemma,
384,شرف,,,not_indowordnet_urdu_lemma,
384,عوام دوست,,,not_indowordnet_urdu_lemma,
384,قیصر,,,not_indowordnet_urdu_lemma,
384,لیڈی,,,not_indowordnet_urdu_lemma,
384,مہاجر,"refugee, immigrant; a muhajir: Urdu-speaking Muslim that moved to Pakistan after the Partition of India",,no_two_source_semantic_agreement,parole; non-immigration; humanitarian; qualify; protective
383,ترسیل,,,not_indowordnet_urdu_lemma,
383,ریت,,,not_indowordnet_urdu_lemma,
382,اونچی,,,not_indowordnet_urdu_lemma,
382,تحریری,,,not_indowordnet_urdu_lemma,
382,سلامت,,,not_indowordnet_urdu_lemma,
382,کشتی,,,not_indowordnet_urdu_lemma,
382,گلاس,,,not_indowordnet_urdu_lemma,
382,مجاہدین,,,not_indowordnet_urdu_lemma,
382,ٹہٹہہ,,,not_indowordnet_urdu_lemma,
382,ہاؤسنگ,,,not_indowordnet_urdu_lemma,
381,جوتے,,,not_indowordnet_urdu_lemma,
381,کوفی,,,not_indowordnet_urdu_lemma,
380,تجہ,,,not_indowordnet_urdu_lemma,
380,داؤد,,,not_indowordnet_urdu_lemma,
380,ملوں,,,not_indowordnet_urdu_lemma,
379,افرادی,,,not_indowordnet_urdu_lemma,
379,برائی,,,not_indowordnet_urdu_lemma,
379,تقی,,,not_indowordnet_urdu_lemma,
379,سیب,chin; apple (fruit),,no_two_source_semantic_agreement,Apples; cost; nickel; represents; Rebels
379,سیکہنے,,,not_indowordnet_urdu_lemma,
379,لپ,,,not_indowordnet_urdu_lemma,
379,نادر,,,not_indowordnet_urdu_lemma,
378,پول,,,not_indowordnet_urdu_lemma,
378,جنگلات,,,not_indowordnet_urdu_lemma,
378,دہاندلی,,,not_indowordnet_urdu_lemma,
378,رحمن,,,not_indowordnet_urdu_lemma,
378,گہاس,,,not_indowordnet_urdu_lemma,
378,ہل,plough,,no_two_source_semantic_agreement,Hill; Wait; at; Excuse; Seventh
377,بہیجیں,,,not_indowordnet_urdu_lemma,
377,تفہیم,,,not_indowordnet_urdu_lemma,
377,تماشائیوں,,,not_indowordnet_urdu_lemma,
377,صاحبزادہ,,,not_indowordnet_urdu_lemma,
377,میرٹ,,,not_indowordnet_urdu_lemma,
376,برڈ,,,not_indowordnet_urdu_lemma,
376,جذب,,,not_indowordnet_urdu_lemma,
376,جہکاؤ,,,not_indowordnet_urdu_lemma,
376,فراموش,,,not_indowordnet_urdu_lemma,
375,آمدن,,,not_indowordnet_urdu_lemma,
375,تاثرات,,,not_indowordnet_urdu_lemma,
375,خروش,,,not_indowordnet_urdu_lemma,
375,فیاض,,,not_indowordnet_urdu_lemma,
375,مہلک,,,not_indowordnet_urdu_lemma,
374,جم,,,not_indowordnet_urdu_lemma,
374,راتوں,,,not_indowordnet_urdu_lemma,
374,سچائی,,,not_indowordnet_urdu_lemma,
374,فرقہ,,,not_indowordnet_urdu_lemma,
374,کلر,,,no_two_source_semantic_agreement,
374,مصائب,,,not_indowordnet_urdu_lemma,
373,ترجیحات,,,not_indowordnet_urdu_lemma,
373,سیڈ,,,not_indowordnet_urdu_lemma,
373,شاپنگ,,,not_indowordnet_urdu_lemma,
373,قصوری,,,not_indowordnet_urdu_lemma,
372,ارسال,,,no_two_source_semantic_agreement,send; minute; three; You; have
372,خسارہ,,,not_indowordnet_urdu_lemma,
372,خوفناک,,,not_indowordnet_urdu_lemma,
372,ضابطہ,,,not_indowordnet_urdu_lemma,
372,گواہی,,,no_two_source_semantic_agreement,witness; outset; grateful; today; coming
371,اونٹ,,,not_indowordnet_urdu_lemma,
371,بذریعہ,,,not_indowordnet_urdu_lemma,
371,زین,,,not_indowordnet_urdu_lemma,
371,سوچتے,,,not_indowordnet_urdu_lemma,
371,عقیل,,,not_indowordnet_urdu_lemma,
371,فنون,,,not_indowordnet_urdu_lemma,
371,کعبہ,Kaaba,,no_two_source_semantic_agreement,
371,کلوننگ,,,not_indowordnet_urdu_lemma,
371,گہرائی,,,not_indowordnet_urdu_lemma,
371,منائی,,,not_indowordnet_urdu_lemma,
371,ٹہنڈے,,,not_indowordnet_urdu_lemma,
370,بندہ,,,not_indowordnet_urdu_lemma,
370,خادم,,,not_indowordnet_urdu_lemma,
370,دستی,,,not_indowordnet_urdu_lemma,
370,زخموں,,,not_indowordnet_urdu_lemma,
370,سورہ,,,not_indowordnet_urdu_lemma,
370,گزرا,,,not_indowordnet_urdu_lemma,
370,یونیورسٹیوں,,,not_indowordnet_urdu_lemma,
369,آرٹیکل,,,not_indowordnet_urdu_lemma,
369,پاؤ,,,not_indowordnet_urdu_lemma,
369,پشت,,,not_indowordnet_urdu_lemma,
369,طاری,,,not_indowordnet_urdu_lemma,
369,فریقین,,,not_indowordnet_urdu_lemma,
369,قریبا,,,not_indowordnet_urdu_lemma,
369,نعرہ,,,not_indowordnet_urdu_lemma,
368,پلاننگ,,,not_indowordnet_urdu_lemma,
368,ثانی,,,not_indowordnet_urdu_lemma,
368,دلائل,,,not_indowordnet_urdu_lemma,
368,ذائقہ,,,not_indowordnet_urdu_lemma,
368,فوڈ,,,not_indowordnet_urdu_lemma,
368,کپتانی,,,no_two_source_semantic_agreement,
368,کلیم,,,not_indowordnet_urdu_lemma,
368,مدافعت,,,not_indowordnet_urdu_lemma,
368,ہجوم,,,not_indowordnet_urdu_lemma,
367,تحویل,,,not_indowordnet_urdu_lemma,
367,چہپا,,,not_indowordnet_urdu_lemma,
367,دشواری,,,not_indowordnet_urdu_lemma,
367,کراس,,,not_indowordnet_urdu_lemma,
367,کہیتوں,,,not_indowordnet_urdu_lemma,
367,گرین,,,not_indowordnet_urdu_lemma,
367,محیط,,,not_indowordnet_urdu_lemma,
366,بیٹسمینوں,,,not_indowordnet_urdu_lemma,
366,پروان,,,not_indowordnet_urdu_lemma,
366,خیالی,,,not_indowordnet_urdu_lemma,
366,گزارش,,,not_indowordnet_urdu_lemma,
366,ماننے,,,not_indowordnet_urdu_lemma,
366,ناکافی,,,no_two_source_semantic_agreement,
365,اطاعت,,,not_indowordnet_urdu_lemma,
365,بندر,,,not_indowordnet_urdu_lemma,
365,مقدس,,,not_indowordnet_urdu_lemma,
364,اشیا,,,not_indowordnet_urdu_lemma,
364,چارہ,,,not_indowordnet_urdu_lemma,
364,فلمسازی,,,not_indowordnet_urdu_lemma,
364,قابض,"possesser; occupier, seizer",,no_two_source_semantic_agreement,
364,قاصر,,,not_indowordnet_urdu_lemma,
364,ملاقاتیں,,,not_indowordnet_urdu_lemma,
363,امپائر,,,not_indowordnet_urdu_lemma,
363,ایجنسیوں,,,not_indowordnet_urdu_lemma,
363,برٹش,,,not_indowordnet_urdu_lemma,
363,بیٹہی,,,not_indowordnet_urdu_lemma,
363,چہانٹ,,,not_indowordnet_urdu_lemma,
363,دانے,,,not_indowordnet_urdu_lemma,
363,سمتہ,,,not_indowordnet_urdu_lemma,
363,کال,,,not_indowordnet_urdu_lemma,
363,لعل,,,not_indowordnet_urdu_lemma,
362,پہلوان,,,not_indowordnet_urdu_lemma,
362,جوائنٹ,,,not_indowordnet_urdu_lemma,
362,سہی,,,not_indowordnet_urdu_lemma,
362,کنٹرول لائن,,,not_indowordnet_urdu_lemma,
362,محرومی,,,not_indowordnet_urdu_lemma,
361,ایجنٹ,,,not_indowordnet_urdu_lemma,
361,پاؤنڈ,,,not_indowordnet_urdu_lemma,
361,خصوصیت,,,no_two_source_semantic_agreement,indistinguishable; penetrates; afire; chemicals; sets
361,رفیع,,,not_indowordnet_urdu_lemma,
361,صحافت,,,not_indowordnet_urdu_lemma,
361,نجکاری,,,not_indowordnet_urdu_lemma,
360,اٹہائیں,,,not_indowordnet_urdu_lemma,
360,آراستہ,,,not_indowordnet_urdu_lemma,
360,باکسنگ,,,not_indowordnet_urdu_lemma,
360,کوہ,,,not_indowordnet_urdu_lemma,
360,مہمانان,,,not_indowordnet_urdu_lemma,
360,ناقابل,,,not_indowordnet_urdu_lemma,
360,وقتی,,,not_indowordnet_urdu_lemma,
359,امریکن,,,not_indowordnet_urdu_lemma,
359,تاوان,,,no_two_source_semantic_agreement,ransom; victims; held; immigrants; clearer
359,قطر,Qatar (a country in West Asia in the Middle East),,no_two_source_semantic_agreement,
359,نوابزادہ,,,not_indowordnet_urdu_lemma,
358,ادوار,,,not_indowordnet_urdu_lemma,
358,اسکیم,,,not_indowordnet_urdu_lemma,
358,آبائی,,,not_indowordnet_urdu_lemma,
358,باؤلنگ,,,not_indowordnet_urdu_lemma,
358,بتانے,,,not_indowordnet_urdu_lemma,
358,برسی,,,not_indowordnet_urdu_lemma,
358,چپ,,,not_indowordnet_urdu_lemma,
358,روابط,,,not_indowordnet_urdu_lemma,
358,قافلہ,,,not_indowordnet_urdu_lemma,
358,کہلاتا,,,not_indowordnet_urdu_lemma,
358,لکہنا,,,not_indowordnet_urdu_lemma,
358,مانگی,,,not_indowordnet_urdu_lemma,
358,مشاعرے,,,not_indowordnet_urdu_lemma,
357,ازالہ,,,not_indowordnet_urdu_lemma,
357,پائیدار,,,not_indowordnet_urdu_lemma,
357,تدارک,,,no_two_source_semantic_agreement,
357,دیرینہ,,,not_indowordnet_urdu_lemma,
357,ساکہ,,,not_indowordnet_urdu_lemma,
357,فریق,,,not_indowordnet_urdu_lemma,
357,کنٹریکٹ,,,not_indowordnet_urdu_lemma,
357,وقف,,,not_indowordnet_urdu_lemma,
356,افزائش,,,not_indowordnet_urdu_lemma,
356,باشندے,,,not_indowordnet_urdu_lemma,
356,تاب,,,not_indowordnet_urdu_lemma,
356,تصنیف,,,not_indowordnet_urdu_lemma,
356,جڑ,,,not_indowordnet_urdu_lemma,
356,سپاہی,,,not_indowordnet_urdu_lemma,
356,سوزش,,,not_indowordnet_urdu_lemma,
356,کہانیوں,,,not_indowordnet_urdu_lemma,
356,ڈار,,,not_indowordnet_urdu_lemma,
355,انتشار,,,not_indowordnet_urdu_lemma,
355,بندوں,,,not_indowordnet_urdu_lemma,
355,پتنگ,,,not_indowordnet_urdu_lemma,
355,سیکشن,,,not_indowordnet_urdu_lemma,
355,غیرقانونی,,,not_indowordnet_urdu_lemma,
355,لشکر,,,not_indowordnet_urdu_lemma,
355,نفس,,,not_indowordnet_urdu_lemma,
355,وابستگی,,,not_indowordnet_urdu_lemma,
354,ادائیگیوں,,,not_indowordnet_urdu_lemma,
354,اسپتالوں,,,not_indowordnet_urdu_lemma,
354,اندراج,,,not_indowordnet_urdu_lemma,
354,آیات,,,not_indowordnet_urdu_lemma,
354,تحقیقاتی,,,not_indowordnet_urdu_lemma,
354,تہک,,,not_indowordnet_urdu_lemma,
354,ناانصافی,,,not_indowordnet_urdu_lemma,
353,درحقیقت,,,not_indowordnet_urdu_lemma,
353,دلانے,,,not_indowordnet_urdu_lemma,
353,ریٹائرمنٹ,,,not_indowordnet_urdu_lemma,
353,صدور,,,not_indowordnet_urdu_lemma,
353,مدرسہ,,,not_indowordnet_urdu_lemma,
353,مشق,,,not_indowordnet_urdu_lemma,
353,منسوب,,,not_indowordnet_urdu_lemma,
353,میز,,,not_indowordnet_urdu_lemma,
352,بولڈ,,,not_indowordnet_urdu_lemma,
352,بہٹ,,,not_indowordnet_urdu_lemma,
352,کیپٹن,,,not_indowordnet_urdu_lemma,
352,ملاحظہ,,,not_indowordnet_urdu_lemma,
351,ابرار,,,not_indowordnet_urdu_lemma,
351,بحری,,,not_indowordnet_urdu_lemma,
351,توں,,,not_indowordnet_urdu_lemma,
351,جماعتی,,,not_indowordnet_urdu_lemma,
351,چمچہ,,,not_indowordnet_urdu_lemma,
351,رکنیت,,,not_indowordnet_urdu_lemma,
351,شفیع,,,not_indowordnet_urdu_lemma,
351,ضمنی,,,not_indowordnet_urdu_lemma,
351,ناٹ,,,not_indowordnet_urdu_lemma,
351,نکالی,,,not_indowordnet_urdu_lemma,
350,بناتی,,,no_two_source_semantic_agreement,judge; fit; believe; most; because
350,تبسم,,,not_indowordnet_urdu_lemma,
350,تنہائی,,,not_indowordnet_urdu_lemma,
350,دئیے,,,not_indowordnet_urdu_lemma,
350,فارورڈ,,,not_indowordnet_urdu_lemma,
350,فلاں,,,not_indowordnet_urdu_lemma,
350,کروانا,,,not_indowordnet_urdu_lemma,
350,نچلی,,,not_indowordnet_urdu_lemma,
350,نشانی,,,not_indowordnet_urdu_lemma,
349,بدعنوانی,,,not_indowordnet_urdu_lemma,
349,قائدین,,,not_indowordnet_urdu_lemma,
349,کچی,,,not_indowordnet_urdu_lemma,
348,ایثار,,,not_indowordnet_urdu_lemma,
348,آٹے,,,not_indowordnet_urdu_lemma,
348,جوڑوں,,,not_indowordnet_urdu_lemma,
348,حوصلے,,,not_indowordnet_urdu_lemma,
348,دیسی,,,not_indowordnet_urdu_lemma,
348,نظمیں,,,not_indowordnet_urdu_lemma,
348,ہوٹلوں,,,not_indowordnet_urdu_lemma,
347,اسرار,,,not_indowordnet_urdu_lemma,
347,انگلی,,,not_indowordnet_urdu_lemma,
347,اینٹی,,,not_indowordnet_urdu_lemma,
347,پابندیوں,,,not_indowordnet_urdu_lemma,
347,وارداتیں,,,not_indowordnet_urdu_lemma,
347,یتیم,,,not_indowordnet_urdu_lemma,
346,تصورات,,,not_indowordnet_urdu_lemma,
346,رئیس,,,not_indowordnet_urdu_lemma,
346,رونا,,,not_indowordnet_urdu_lemma,
346,سوتے,,,not_indowordnet_urdu_lemma,
346,کشمکش,,,not_indowordnet_urdu_lemma,
346,لطف اندوز,,,not_indowordnet_urdu_lemma,
345,بالترتیب,,,not_indowordnet_urdu_lemma,
345,بیش,,,not_indowordnet_urdu_lemma,
345,دستاویزات,,,not_indowordnet_urdu_lemma,
345,سرطان,,,not_indowordnet_urdu_lemma,
344,اسلوب,,,not_indowordnet_urdu_lemma,
344,پورہ,,,not_indowordnet_urdu_lemma,
344,فعل,"verb; act, action, deed, work",,no_two_source_semantic_agreement,
344,کہانسی,,,not_indowordnet_urdu_lemma,
344,مائیکرو,,,not_indowordnet_urdu_lemma,
344,مسلط,,,not_indowordnet_urdu_lemma,
343,سکواش,,,not_indowordnet_urdu_lemma,
343,مادر,,,not_indowordnet_urdu_lemma,
342,تقرر,,,not_indowordnet_urdu_lemma,
342,جال,"net; trap, snare; web, spider web",,no_two_source_semantic_agreement,
342,جہگڑے,,,not_indowordnet_urdu_lemma,
342,چاہوں,,,not_indowordnet_urdu_lemma,
342,کارنر,,,not_indowordnet_urdu_lemma,
342,مساج,,,not_indowordnet_urdu_lemma,
342,مغل,"Mughal, Moghul",,no_two_source_semantic_agreement,Mugals; noble; honored; people; Hindu
342,نہری,,,no_two_source_semantic_agreement,
341,بناتا,,,not_indowordnet_urdu_lemma,
341,سمجہوتہ,,,not_indowordnet_urdu_lemma,
341,ظالم,,,not_indowordnet_urdu_lemma,
341,عکس,,,not_indowordnet_urdu_lemma,
341,مہربانی,,,not_indowordnet_urdu_lemma,
341,نرمی,,,not_indowordnet_urdu_lemma,
340,حجاب,,,not_indowordnet_urdu_lemma,
340,مذاہب,,,not_indowordnet_urdu_lemma,
340,مستعفی,,,not_indowordnet_urdu_lemma,
340,نثر,prose,,no_two_source_semantic_agreement,
339,بالواسطہ,,,not_indowordnet_urdu_lemma,
339,بو,,,not_indowordnet_urdu_lemma,
339,سویرے,,,not_indowordnet_urdu_lemma,
339,گود,,,not_indowordnet_urdu_lemma,
339,مہندی,,,not_indowordnet_urdu_lemma,
338,اسٹار,,,not_indowordnet_urdu_lemma,
338,اٹل,,"unmoving, unyielding, firm, steadfast",no_two_source_semantic_agreement,
338,تمنا,,,not_indowordnet_urdu_lemma,
338,رانی,,,not_indowordnet_urdu_lemma,
338,مطالعے,,,not_indowordnet_urdu_lemma,
337,انگلیوں,,,not_indowordnet_urdu_lemma,
337,بہاؤ,,,no_two_source_semantic_agreement,
337,خزانے,,,not_indowordnet_urdu_lemma,
337,رجحانات,,,not_indowordnet_urdu_lemma,
337,سپورٹ,,,not_indowordnet_urdu_lemma,
337,ستار,,,not_indowordnet_urdu_lemma,
337,فیصلہ کن,,,not_indowordnet_urdu_lemma,
337,گرما,,,not_indowordnet_urdu_lemma,
337,گزارا,,,not_indowordnet_urdu_lemma,
337,نامے,,,not_indowordnet_urdu_lemma,
337,نسلی,,,no_two_source_semantic_agreement,
336,آدہے,,,not_indowordnet_urdu_lemma,
336,پاگل,,,not_indowordnet_urdu_lemma,
336,شانہ,,,not_indowordnet_urdu_lemma,
336,کلچرل,,,not_indowordnet_urdu_lemma,
336,لب,,,not_indowordnet_urdu_lemma,
336,میگزین,,,not_indowordnet_urdu_lemma,
335,پتنگ بازی,,,not_indowordnet_urdu_lemma,
335,تالپور,,,not_indowordnet_urdu_lemma,
335,داروں,,,not_indowordnet_urdu_lemma,
335,سوئم,,,not_indowordnet_urdu_lemma,
335,عجب,,,not_indowordnet_urdu_lemma,
335,کروائیں,,,not_indowordnet_urdu_lemma,
335,نکلتے,,,not_indowordnet_urdu_lemma,
335,ننہے,,,not_indowordnet_urdu_lemma,
334,چوکوں,,,not_indowordnet_urdu_lemma,
334,متنازع,,,not_indowordnet_urdu_lemma,
334,محلے,,,not_indowordnet_urdu_lemma,
334,واسطہ,,,not_indowordnet_urdu_lemma,
334,ٹیکنیکل,,,not_indowordnet_urdu_lemma,
333,آرزو,,,not_indowordnet_urdu_lemma,
333,بلی,,,not_indowordnet_urdu_lemma,
333,تنقیدی,,,not_indowordnet_urdu_lemma,
333,جہالت,,,not_indowordnet_urdu_lemma,
333,سمگلنگ,,,not_indowordnet_urdu_lemma,
333,قصہ,,,not_indowordnet_urdu_lemma,
333,کاٹنے,,,not_indowordnet_urdu_lemma,
333,نومنتخب,,,not_indowordnet_urdu_lemma,
333,ہمکنار,,,not_indowordnet_urdu_lemma,
332,اتارنے,,,not_indowordnet_urdu_lemma,
332,اذیت,,,not_indowordnet_urdu_lemma,
332,ایجنڈے,,,not_indowordnet_urdu_lemma,
332,پاپ,sin,,no_two_source_semantic_agreement,Pop; pop; forgave; Night; mail
332,پیمانہ,,,not_indowordnet_urdu_lemma,
332,مرشد,,,not_indowordnet_urdu_lemma,
332,موسمی,,,no_two_source_semantic_agreement,
332,ویل,,,not_indowordnet_urdu_lemma,
331,ام,,,not_indowordnet_urdu_lemma,
331,اٹہنے,,,not_indowordnet_urdu_lemma,
331,آلودہ,"polluted, impure, soiled, contaminated",,no_two_source_semantic_agreement,
331,باکس,,,not_indowordnet_urdu_lemma,
331,بالاتر,,,not_indowordnet_urdu_lemma,
331,ترغیب,,,not_indowordnet_urdu_lemma,
331,تلوار,,,not_indowordnet_urdu_lemma,
331,جانوں,,,not_indowordnet_urdu_lemma,
331,جوڈیشل,,,not_indowordnet_urdu_lemma,
331,رحمان,,,not_indowordnet_urdu_lemma,
331,رکی,,,not_indowordnet_urdu_lemma,
331,زار,,,not_indowordnet_urdu_lemma,
331,سانحے,,,not_indowordnet_urdu_lemma,
331,طیبہ,,,not_indowordnet_urdu_lemma,
331,عہدیدار,,,not_indowordnet_urdu_lemma,
331,کامیابیوں,,,not_indowordnet_urdu_lemma,
331,لائق,,,not_indowordnet_urdu_lemma,
331,ہڈیوں,,,not_indowordnet_urdu_lemma,
330,اعتدال,,,not_indowordnet_urdu_lemma,
330,امانت,lost and found; safety; security; honesty; integrity; trustworthiness,,no_two_source_semantic_agreement,
330,حیران کن,,,not_indowordnet_urdu_lemma,
330,رعایت,,,not_indowordnet_urdu_lemma,
330,لمحات,,,not_indowordnet_urdu_lemma,
330,مرغی,,,not_indowordnet_urdu_lemma,
330,ہاف,,,not_indowordnet_urdu_lemma,
329,بولے,,,not_indowordnet_urdu_lemma,
329,پہنچانا,,"v.t. To cause to arrive, cause to reach; to cause to be sent; to convey, escort, conduct, accompany, see…",no_two_source_semantic_agreement,hurt; `; steer; bum; -Don
329,چڑہا,,,not_indowordnet_urdu_lemma,
329,خاصے,,,not_indowordnet_urdu_lemma,
329,غلامی,,,not_indowordnet_urdu_lemma,
329,نہاد,,,not_indowordnet_urdu_lemma,
328,داخلے,,,not_indowordnet_urdu_lemma,
328,دکانداروں,,,not_indowordnet_urdu_lemma,
328,زبانی,,,not_indowordnet_urdu_lemma,
328,شیشے,,,not_indowordnet_urdu_lemma,
328,صلاحیتیں,,,not_indowordnet_urdu_lemma,
328,فار,,,not_indowordnet_urdu_lemma,
327,اپنایا,,,not_indowordnet_urdu_lemma,
327,ایئرپورٹ,,,not_indowordnet_urdu_lemma,
327,چمن,,,not_indowordnet_urdu_lemma,
327,چہٹے,,,not_indowordnet_urdu_lemma,
327,سنیما,,,not_indowordnet_urdu_lemma,
327,نظروں,,,not_indowordnet_urdu_lemma,
327,وافر,,,not_indowordnet_urdu_lemma,
326,انار,pomegranate,,no_two_source_semantic_agreement,
326,بانو,,,not_indowordnet_urdu_lemma,
326,پائپ لائن,,,not_indowordnet_urdu_lemma,
326,تل,mole; sesame,,no_two_source_semantic_agreement,
326,دلا,,,not_indowordnet_urdu_lemma,
326,رزق,,,not_indowordnet_urdu_lemma,
326,رفعت,,,not_indowordnet_urdu_lemma,
326,سایہ,,,not_indowordnet_urdu_lemma,
326,کراتے,,,not_indowordnet_urdu_lemma,
326,کیلی,,,not_indowordnet_urdu_lemma,
326,معقول,,,not_indowordnet_urdu_lemma,
325,پرسکون,,,not_indowordnet_urdu_lemma,
325,دہرنا,,,not_indowordnet_urdu_lemma,
325,سائٹوں,,,not_indowordnet_urdu_lemma,
325,سیدہ,,,not_indowordnet_urdu_lemma,
325,کاغذی,,,no_two_source_semantic_agreement,
325,کانسٹیبل,,,not_indowordnet_urdu_lemma,
325,لیٹر,,liter,no_two_source_semantic_agreement,
324,آٹہویں,,,not_indowordnet_urdu_lemma,
324,بتدریج,,,not_indowordnet_urdu_lemma,
324,بقیہ,,,not_indowordnet_urdu_lemma,
324,بولروں,,,not_indowordnet_urdu_lemma,
324,بیوہ,,,not_indowordnet_urdu_lemma,
324,ترقی پسند,,,not_indowordnet_urdu_lemma,
324,تقدیر,,,not_indowordnet_urdu_lemma,
324,جزو,,,not_indowordnet_urdu_lemma,
324,جواد,,,not_indowordnet_urdu_lemma,
324,ذمہ داریوں,,,not_indowordnet_urdu_lemma,
324,شہاب,,,not_indowordnet_urdu_lemma,
324,کہچی,,,not_indowordnet_urdu_lemma,
324,گوشوارہ,,,not_indowordnet_urdu_lemma,
324,وحدت,,,not_indowordnet_urdu_lemma,
324,ٹیک,,,not_indowordnet_urdu_lemma,
324,ٹیلی کام,,,not_indowordnet_urdu_lemma,
324,ہمسایہ,,,not_indowordnet_urdu_lemma,
323,بیڈ,,,not_indowordnet_urdu_lemma,
323,سچی,,,not_indowordnet_urdu_lemma,
323,کارخانے,,,not_indowordnet_urdu_lemma,
323,ملٹری,,,not_indowordnet_urdu_lemma,
323,مہنگا,,,not_indowordnet_urdu_lemma,
323,یکسر,,,not_indowordnet_urdu_lemma,
322,اصرار,,,not_indowordnet_urdu_lemma,
322,بہلائی,,,not_indowordnet_urdu_lemma,
322,تنخواہوں,,,not_indowordnet_urdu_lemma,
322,رندہاوا,,,not_indowordnet_urdu_lemma,
322,مقدر,,,not_indowordnet_urdu_lemma,
321,آئینہ,,,not_indowordnet_urdu_lemma,
321,بوتل,,,not_indowordnet_urdu_lemma,
321,تخمینہ,,,not_indowordnet_urdu_lemma,
321,تصوف,,,not_indowordnet_urdu_lemma,
321,راہی,,,not_indowordnet_urdu_lemma,
321,روتے,,,not_indowordnet_urdu_lemma,
321,سیال,,,not_indowordnet_urdu_lemma,
321,صنف,,,not_indowordnet_urdu_lemma,
321,کورسز,,,not_indowordnet_urdu_lemma,
321,مالا,,,not_indowordnet_urdu_lemma,
321,محرم,,,no_two_source_semantic_agreement,
321,مشقت,,,not_indowordnet_urdu_lemma,
321,ہنسی,,,no_two_source_semantic_agreement,LAUGHS; FROM; ll; basics; nitty-gritty
320,اصطلاح,,,not_indowordnet_urdu_lemma,
320,بچو,,,no_two_source_semantic_agreement,spent; lest; monsters; careful; Be
320,برپا,,,not_indowordnet_urdu_lemma,
320,پکڑے,,,not_indowordnet_urdu_lemma,
320,دائرے,,,not_indowordnet_urdu_lemma,
320,رانجہا,,,not_indowordnet_urdu_lemma,
320,سکہوں,,,not_indowordnet_urdu_lemma,
320,شوبز,,,not_indowordnet_urdu_lemma,
320,لالچ,,,not_indowordnet_urdu_lemma,
319,پہنچائی,,,no_two_source_semantic_agreement,hurt; -Did; did; What; it
319,پیٹرولیم,,,not_indowordnet_urdu_lemma,
319,دماغی,,,not_indowordnet_urdu_lemma,
319,روہی,,,not_indowordnet_urdu_lemma,
319,زلزلوں,,,not_indowordnet_urdu_lemma,
319,عزائم,,,not_indowordnet_urdu_lemma,
319,گزرتا,,,not_indowordnet_urdu_lemma,
319,گندگی,,,not_indowordnet_urdu_lemma,
319,ووٹنگ,,,not_indowordnet_urdu_lemma,
318,ایٹ,,,no_two_source_semantic_agreement,
318,باغیوں,,,not_indowordnet_urdu_lemma,
318,جاب,,,not_indowordnet_urdu_lemma,
318,حکمراں,,,not_indowordnet_urdu_lemma,
318,عرق,,,not_indowordnet_urdu_lemma,
317,ایونٹ,,,not_indowordnet_urdu_lemma,
317,بریگیڈ,,,not_indowordnet_urdu_lemma,
317,پیپر,,,not_indowordnet_urdu_lemma,
317,دبا,,,not_indowordnet_urdu_lemma,
316,حائل,,,not_indowordnet_urdu_lemma,
316,حاکم,,,no_two_source_semantic_agreement,
316,رکاوٹیں,,,not_indowordnet_urdu_lemma,
316,روش,,,not_indowordnet_urdu_lemma,
316,زرد,,,not_indowordnet_urdu_lemma,
316,کانوں,,,not_indowordnet_urdu_lemma,
316,کرامت,,,not_indowordnet_urdu_lemma,
316,مانیٹرنگ,,,not_indowordnet_urdu_lemma,
316,نسلوں,,,not_indowordnet_urdu_lemma,
316,نکتہ,,,not_indowordnet_urdu_lemma,
315,الہ,,,not_indowordnet_urdu_lemma,
315,بااثر,,,not_indowordnet_urdu_lemma,
315,تقوی,,,not_indowordnet_urdu_lemma,
315,دہلوی,,,not_indowordnet_urdu_lemma,
315,لاگو,,,not_indowordnet_urdu_lemma,
314,اڑا,,form of اُڑانا (uṛānā — to cause to fly),no_two_source_semantic_agreement,blow; blown; smoked; primary; prepping
314,آلہ,,,not_indowordnet_urdu_lemma,
314,برش,,,not_indowordnet_urdu_lemma,
314,پاؤڈر,,,not_indowordnet_urdu_lemma,
314,پہیلی,,,not_indowordnet_urdu_lemma,
314,عادات,,,not_indowordnet_urdu_lemma,
314,غنی,,,not_indowordnet_urdu_lemma,
314,فائدے,,,not_indowordnet_urdu_lemma,
314,فل,,,not_indowordnet_urdu_lemma,
314,فیلڈنگ,,,not_indowordnet_urdu_lemma,
314,کرکٹرز,,,not_indowordnet_urdu_lemma,
314,گلزار,,,not_indowordnet_urdu_lemma,
314,گن,,,not_indowordnet_urdu_lemma,
314,متوسط,,,not_indowordnet_urdu_lemma,
314,نوع,,,not_indowordnet_urdu_lemma,
313,اجمل,,,not_indowordnet_urdu_lemma,
313,جہوٹے,,,not_indowordnet_urdu_lemma,
313,چادر,chador; covering; bed sheet,,no_two_source_semantic_agreement,cloak; take; from; just; can
313,دہواں,,,not_indowordnet_urdu_lemma,
313,رضاکاروں,,,not_indowordnet_urdu_lemma,
313,ریفرنس,,,not_indowordnet_urdu_lemma,
313,سائے,,,not_indowordnet_urdu_lemma,
313,فحاشی,,,not_indowordnet_urdu_lemma,
313,قول,,,not_indowordnet_urdu_lemma,
313,کلاسیکل,,,not_indowordnet_urdu_lemma,
313,ٹارگٹ,,,not_indowordnet_urdu_lemma,
313,ٹاور,,,not_indowordnet_urdu_lemma,
313,ٹکر,,,not_indowordnet_urdu_lemma,
313,ہرایا,,,not_indowordnet_urdu_lemma,
312,تصویریں,,,not_indowordnet_urdu_lemma,
312,چلیں,,,not_indowordnet_urdu_lemma,
312,چہان,,,not_indowordnet_urdu_lemma,
312,دانشوروں,,,not_indowordnet_urdu_lemma,
312,دہند,,,not_indowordnet_urdu_lemma,
312,ستاروں,,,not_indowordnet_urdu_lemma,
312,سعدیہ,,,not_indowordnet_urdu_lemma,
312,سہ ماہی,,,not_indowordnet_urdu_lemma,
312,کہر,,,not_indowordnet_urdu_lemma,
312,موازنہ,,,not_indowordnet_urdu_lemma,
312,واہ,,,not_indowordnet_urdu_lemma,
311,بندے,,,not_indowordnet_urdu_lemma,
311,پلے,,,not_indowordnet_urdu_lemma,
311,چن,,,not_indowordnet_urdu_lemma,
311,دریں اثنا,,,not_indowordnet_urdu_lemma,
311,زندگیوں,,,not_indowordnet_urdu_lemma,
311,کرد,,,not_indowordnet_urdu_lemma,
311,ویزے,,,not_indowordnet_urdu_lemma,
310,اسپیشل,,,not_indowordnet_urdu_lemma,
310,اشارے,,,not_indowordnet_urdu_lemma,
310,آگہی,,,not_indowordnet_urdu_lemma,
310,خرم,,,not_indowordnet_urdu_lemma,
310,شمارہ,,,not_indowordnet_urdu_lemma,
310,کونسلرز,,,not_indowordnet_urdu_lemma,
310,نرخ,,,not_indowordnet_urdu_lemma,
310,ورکرز,,,not_indowordnet_urdu_lemma,
309,انفیکشن,,,not_indowordnet_urdu_lemma,
309,چلو,,,not_indowordnet_urdu_lemma,
309,چنے,,,not_indowordnet_urdu_lemma,
309,خامیوں,,,not_indowordnet_urdu_lemma,
309,سینہ,,,not_indowordnet_urdu_lemma,
309,لیٹ,,,not_indowordnet_urdu_lemma,
309,مجبوری,,,not_indowordnet_urdu_lemma,
309,معدہ,,,not_indowordnet_urdu_lemma,
309,مناسبت,,,not_indowordnet_urdu_lemma,
309,نجف,,,not_indowordnet_urdu_lemma,
308,انسٹیٹیوٹ,,,not_indowordnet_urdu_lemma,
308,پکڑا,,,not_indowordnet_urdu_lemma,
308,پنشن,,,not_indowordnet_urdu_lemma,
308,تقلیل,,,not_indowordnet_urdu_lemma,
308,ذہنوں,,,not_indowordnet_urdu_lemma,
308,ماجد,,,not_indowordnet_urdu_lemma,
308,محب,,,not_indowordnet_urdu_lemma,
308,معدنیات,,,no_two_source_semantic_agreement,minerals; weakening; capable; cells; A
308,ٹکرا,,,not_indowordnet_urdu_lemma,
307,پاتی,,,no_two_source_semantic_agreement,could; wish; hurt; wrote; Brits
307,چرس,charas (cannabis-resin intoxicant),,no_two_source_semantic_agreement,Bringing; liquor; marijuana; Asia; places
307,حیرت انگیز,,,not_indowordnet_urdu_lemma,
307,سیدہا,,,not_indowordnet_urdu_lemma,
307,عیسائی,,,not_indowordnet_urdu_lemma,
307,فرنیچر,,furniture; piece of furniture,no_two_source_semantic_agreement,
307,مزاح,,humor,no_two_source_semantic_agreement,went; well; Well; that
306,جوابی,,,no_two_source_semantic_agreement,retaliate; counter-spying; Regional; Cryptological; Oahu
306,دستاویز,,,not_indowordnet_urdu_lemma,
306,ذیشان,,,not_indowordnet_urdu_lemma,
306,راغب,,,not_indowordnet_urdu_lemma,
306,زکام,,,not_indowordnet_urdu_lemma,
306,شناختی,,,not_indowordnet_urdu_lemma,
306,صداقت,,,not_indowordnet_urdu_lemma,
306,ضرب,,,not_indowordnet_urdu_lemma,
306,عشرے,,,not_indowordnet_urdu_lemma,
306,عمارات,,,not_indowordnet_urdu_lemma,
306,فضول,,,not_indowordnet_urdu_lemma,
306,گزرتے,,,not_indowordnet_urdu_lemma,
305,اترنے,,,not_indowordnet_urdu_lemma,
305,تہوار,,,not_indowordnet_urdu_lemma,
305,خاوند,,,not_indowordnet_urdu_lemma,
305,دکانیں,,,not_indowordnet_urdu_lemma,
305,دہرتی,,,not_indowordnet_urdu_lemma,
305,غوری,,,not_indowordnet_urdu_lemma,
305,فاتحہ,,,not_indowordnet_urdu_lemma,
305,گارڈ,,,no_two_source_semantic_agreement,guard; guards; Guard; Slow; Catch
305,وفود,,,not_indowordnet_urdu_lemma,
304,ادرک,,,not_indowordnet_urdu_lemma,
304,افسانے,,,not_indowordnet_urdu_lemma,
304,اکائیاں,,,not_indowordnet_urdu_lemma,
304,ایڈیشن,,,not_indowordnet_urdu_lemma,
304,تیر,,,not_indowordnet_urdu_lemma,
304,ثاقب,,,not_indowordnet_urdu_lemma,
304,دلکش,,,not_indowordnet_urdu_lemma,
304,رنج,,,not_indowordnet_urdu_lemma,
304,ضیاع,,,not_indowordnet_urdu_lemma,
304,مدمقابل,,,not_indowordnet_urdu_lemma,
304,مزے,,,not_indowordnet_urdu_lemma,
304,ٹانگوں,,,not_indowordnet_urdu_lemma,
303,تحائف,,,not_indowordnet_urdu_lemma,
303,تسلی,,,not_indowordnet_urdu_lemma,
303,تنصیبات,,,not_indowordnet_urdu_lemma,
303,دہوکہ,,,not_indowordnet_urdu_lemma,
303,سلطنت,,,not_indowordnet_urdu_lemma,
303,عاطف,,,not_indowordnet_urdu_lemma,
303,لوڈ,,,not_indowordnet_urdu_lemma,
303,مارکیٹنگ,,,not_indowordnet_urdu_lemma,
303,ولادت,,,not_indowordnet_urdu_lemma,
302,جرات,,,not_indowordnet_urdu_lemma,
302,جوڑے,,,not_indowordnet_urdu_lemma,
302,دیہاتوں,,,not_indowordnet_urdu_lemma,
302,زدہ,,,not_indowordnet_urdu_lemma,
302,شر,,,not_indowordnet_urdu_lemma,
302,کیمیکل,,,not_indowordnet_urdu_lemma,
302,معمر,,,not_indowordnet_urdu_lemma,
302,نعتیہ,,,not_indowordnet_urdu_lemma,
302,وارڈ,,,not_indowordnet_urdu_lemma,
302,وقوع,,,not_indowordnet_urdu_lemma,
302,ڈہانچے,,,not_indowordnet_urdu_lemma,
301,بارڈر,,,not_indowordnet_urdu_lemma,
301,تہل,,,not_indowordnet_urdu_lemma,
301,چک,,,no_two_source_semantic_agreement,
301,شاکر,,,not_indowordnet_urdu_lemma,
301,شہناز,,,not_indowordnet_urdu_lemma,
301,غیرمعمولی,,,not_indowordnet_urdu_lemma,
301,کما,,,not_indowordnet_urdu_lemma,
301,مانی,,,not_indowordnet_urdu_lemma,
301,محتاج,,,not_indowordnet_urdu_lemma,
301,ہری,,,no_two_source_semantic_agreement,
300,احاطہ,,,not_indowordnet_urdu_lemma,
300,براڈ,,,not_indowordnet_urdu_lemma,
300,پہانسی,,,not_indowordnet_urdu_lemma,
300,قابلیت,,,not_indowordnet_urdu_lemma,
300,کمروں,,,not_indowordnet_urdu_lemma,
300,لائف,,,not_indowordnet_urdu_lemma,
300,لاشوں,,,not_indowordnet_urdu_lemma,
300,ٹرکوں,,,not_indowordnet_urdu_lemma,
299,بتاتا,,,not_indowordnet_urdu_lemma,
299,بیٹوں,,,not_indowordnet_urdu_lemma,
299,تفریق,,,not_indowordnet_urdu_lemma,
299,سنبہالنے,,,not_indowordnet_urdu_lemma,
299,کینٹ,,,not_indowordnet_urdu_lemma,
299,متوجہ,,,not_indowordnet_urdu_lemma,
299,موٹے,,,not_indowordnet_urdu_lemma,
299,نالیوں,,,not_indowordnet_urdu_lemma,
299,ڈہانچہ,,,not_indowordnet_urdu_lemma,
299,ہارنے,,,not_indowordnet_urdu_lemma,
298,آرائش,,,not_indowordnet_urdu_lemma,
298,بستیاں,,,not_indowordnet_urdu_lemma,
298,بٹہا,,,not_indowordnet_urdu_lemma,
298,پیاری,,,not_indowordnet_urdu_lemma,
298,خیرمقدم,,,not_indowordnet_urdu_lemma,
298,راہو,,,not_indowordnet_urdu_lemma,
298,مطالبے,,,not_indowordnet_urdu_lemma,
297,بادام,almond,,no_two_source_semantic_agreement,
297,دوائیں,,,not_indowordnet_urdu_lemma,
297,رجسٹرڈ,,,not_indowordnet_urdu_lemma,
297,سراغ,,,not_indowordnet_urdu_lemma,
297,سٹوڈنٹس,,,not_indowordnet_urdu_lemma,
297,سیاحوں,,,not_indowordnet_urdu_lemma,
297,مبذول,,,not_indowordnet_urdu_lemma,
297,واک,,,not_indowordnet_urdu_lemma,
296,بارشوں,,,not_indowordnet_urdu_lemma,
296,بچتوں,,,not_indowordnet_urdu_lemma,
296,چشم,,,not_indowordnet_urdu_lemma,
296,درخواستیں,,,not_indowordnet_urdu_lemma,
296,دشمنوں,,,not_indowordnet_urdu_lemma,
296,رکعت,,,not_indowordnet_urdu_lemma,
296,سوچتا,,,not_indowordnet_urdu_lemma,
296,سٹائل,,,not_indowordnet_urdu_lemma,
296,فرخ,,,not_indowordnet_urdu_lemma,
295,اسٹیل,,,not_indowordnet_urdu_lemma,
295,ایکسپریس,,,no_two_source_semantic_agreement,
295,بتانا,,,not_indowordnet_urdu_lemma,
295,پہٹ,,,not_indowordnet_urdu_lemma,
295,چلانا,to start; to drive (a vehicle); to cause to walk; to move,,no_two_source_semantic_agreement,shoot; No; kids; her; wanna
295,چیپل,,,not_indowordnet_urdu_lemma,
295,حلال,halal; rightful; hard-earned,,no_two_source_semantic_agreement,
295,دستیابی,,,no_two_source_semantic_agreement,
295,دہمکیاں,,,not_indowordnet_urdu_lemma,
295,طاقتوں,,,not_indowordnet_urdu_lemma,
295,فساد,,,not_indowordnet_urdu_lemma,
295,کنگ,,,not_indowordnet_urdu_lemma,
295,میگ,,,not_indowordnet_urdu_lemma,
295,نشہ,,,not_indowordnet_urdu_lemma,
295,ورکشاپ,,,not_indowordnet_urdu_lemma,
294,اہداف,,,not_indowordnet_urdu_lemma,
294,پستول,,,not_indowordnet_urdu_lemma,
294,تحریریں,,,not_indowordnet_urdu_lemma,
294,چاہا,,,not_indowordnet_urdu_lemma,
294,سرگرمی,,,not_indowordnet_urdu_lemma,
294,موٹرسائیکل,,,not_indowordnet_urdu_lemma,
294,نزلہ,,,not_indowordnet_urdu_lemma,
294,واجب,,,not_indowordnet_urdu_lemma,
294,ڈراپ,,,not_indowordnet_urdu_lemma,
294,ہدایتکار,,,not_indowordnet_urdu_lemma,
293,پیغمبر,,,not_indowordnet_urdu_lemma,
293,دکہی,,,not_indowordnet_urdu_lemma,
293,شرقیہ,,,not_indowordnet_urdu_lemma,
293,کمپلیکس,,,not_indowordnet_urdu_lemma,
293,لہو,,,not_indowordnet_urdu_lemma,
293,ڈانس,,,no_two_source_semantic_agreement,
292,انٹری,,,not_indowordnet_urdu_lemma,
292,پسماندگی,,,not_indowordnet_urdu_lemma,
292,تماشائی,,,not_indowordnet_urdu_lemma,
292,ثانیہ,,,not_indowordnet_urdu_lemma,
292,جارحیت,,,not_indowordnet_urdu_lemma,
292,راقم,,,not_indowordnet_urdu_lemma,
292,روئی,,,no_two_source_semantic_agreement,
292,فائدہ مند,,,not_indowordnet_urdu_lemma,
292,مخاطب,,"(act. part. of خاطب 'to talk or converse with; to address,' iii of خطب 'to deliver an address or…",no_two_source_semantic_agreement,
292,نسرین,,,not_indowordnet_urdu_lemma,
291,بوٹیوں,,,not_indowordnet_urdu_lemma,
291,خو,,,not_indowordnet_urdu_lemma,
291,سراسر,,,not_indowordnet_urdu_lemma,
291,ماؤں,,,not_indowordnet_urdu_lemma,
291,مکینوں,,,not_indowordnet_urdu_lemma,
291,موٹی,,,not_indowordnet_urdu_lemma,
291,نفی,,,not_indowordnet_urdu_lemma,
290,احکام,,,not_indowordnet_urdu_lemma,
290,افسانہ,,,not_indowordnet_urdu_lemma,
290,بالادستی,,,not_indowordnet_urdu_lemma,
290,جرمانے,,,not_indowordnet_urdu_lemma,
290,دادی,,,not_indowordnet_urdu_lemma,
290,دکاندار,,,not_indowordnet_urdu_lemma,
290,رسمی,usual; ordinary; customary,,no_two_source_semantic_agreement,terminated; officially; As; morning; employment
290,سالم,,,not_indowordnet_urdu_lemma,
290,کامیابیاں,,,not_indowordnet_urdu_lemma,
290,لاپتہ,,,not_indowordnet_urdu_lemma,
290,منقطع,,,not_indowordnet_urdu_lemma,
290,نشتر,,,no_two_source_semantic_agreement,Nishter; Abad; five
290,نویں,,,not_indowordnet_urdu_lemma,
290,ہا,,,not_indowordnet_urdu_lemma,
289,بوائز,,,not_indowordnet_urdu_lemma,
289,پڑہتا,,,not_indowordnet_urdu_lemma,
289,تلاشی,,,no_two_source_semantic_agreement,search; gets; haystack; needle; manhunt
289,کمرہ,,,not_indowordnet_urdu_lemma,
289,لہسن,,,not_indowordnet_urdu_lemma,
288,اطہر,,,not_indowordnet_urdu_lemma,
288,باڈی,,,not_indowordnet_urdu_lemma,
288,پہننے,,,not_indowordnet_urdu_lemma,
288,ترجیحی,,,not_indowordnet_urdu_lemma,
288,تعاقب,,,not_indowordnet_urdu_lemma,
288,خامیاں,,,not_indowordnet_urdu_lemma,
288,خوشیاں,,,not_indowordnet_urdu_lemma,
288,ریڑہ,,,not_indowordnet_urdu_lemma,
288,طبقات,,,not_indowordnet_urdu_lemma,
288,گڑہی,,,not_indowordnet_urdu_lemma,
288,لسٹ,,,not_indowordnet_urdu_lemma,
288,میوزیم,,,not_indowordnet_urdu_lemma,
288,ناکارہ,,,not_indowordnet_urdu_lemma,
288,نہروں,,,not_indowordnet_urdu_lemma,
287,اعتراضات,,,not_indowordnet_urdu_lemma,
287,جارحانہ,,,not_indowordnet_urdu_lemma,
287,سازگار,,,not_indowordnet_urdu_lemma,
287,عالمگیر,,"a male given name, Alamgir, from Persian",no_two_source_semantic_agreement,
287,فضیلت,,,not_indowordnet_urdu_lemma,
287,فلور,,,not_indowordnet_urdu_lemma,
287,گزری,,,not_indowordnet_urdu_lemma,
287,لائٹ,,,not_indowordnet_urdu_lemma,
287,مجرموں,,,not_indowordnet_urdu_lemma,
287,مزہ,,,not_indowordnet_urdu_lemma,
286,اترے,,,not_indowordnet_urdu_lemma,
286,افکار,,,not_indowordnet_urdu_lemma,
286,ایشز,,,not_indowordnet_urdu_lemma,
286,پک,,,not_indowordnet_urdu_lemma,
286,پیدائشی,,,not_indowordnet_urdu_lemma,
286,تحمل,,,not_indowordnet_urdu_lemma,
286,صحابہ کرام,,,not_indowordnet_urdu_lemma,
285,اصولی,,,not_indowordnet_urdu_lemma,
285,بڑہنا,,,not_indowordnet_urdu_lemma,
285,پہنے,,,not_indowordnet_urdu_lemma,
285,راؤنڈر,,,not_indowordnet_urdu_lemma,
285,سمجہی,,,not_indowordnet_urdu_lemma,
285,شواہد,,,not_indowordnet_urdu_lemma,
285,طرفہ,,,not_indowordnet_urdu_lemma,
285,گہس,,,not_indowordnet_urdu_lemma,
285,مانگنے,,,not_indowordnet_urdu_lemma,
285,مزاحیہ,,,no_two_source_semantic_agreement,funny; call; should; So; say
284,باغات,,,not_indowordnet_urdu_lemma,
284,بربادی,,,not_indowordnet_urdu_lemma,
284,پوشیدہ,,,not_indowordnet_urdu_lemma,
284,تبادلے,,,not_indowordnet_urdu_lemma,
284,چہکے,,,not_indowordnet_urdu_lemma,
284,زیارت,"ziyarat; a holy visitation, pilgrimage",,no_two_source_semantic_agreement,
284,سواری,,,not_indowordnet_urdu_lemma,
284,مرتکب,,,not_indowordnet_urdu_lemma,
284,مضبوطی,,,not_indowordnet_urdu_lemma,
284,ہنستے,,,not_indowordnet_urdu_lemma,
283,اسکواش,,,no_two_source_semantic_agreement,
283,اعصابی,,,not_indowordnet_urdu_lemma,
283,اکاؤنٹ,,,not_indowordnet_urdu_lemma,
283,پیکر,,,not_indowordnet_urdu_lemma,
283,تربیت یافتہ,,,not_indowordnet_urdu_lemma,
283,حمد,,,not_indowordnet_urdu_lemma,
283,حنا,,,not_indowordnet_urdu_lemma,
283,شادیوں,,,not_indowordnet_urdu_lemma,
283,طیب,,,not_indowordnet_urdu_lemma,
283,فہم,,,not_indowordnet_urdu_lemma,
283,کاپی,,,not_indowordnet_urdu_lemma,
283,مشینوں,,,not_indowordnet_urdu_lemma,
283,ووٹروں,,,not_indowordnet_urdu_lemma,
282,پچ,,,no_two_source_semantic_agreement,pitch; windup; slow-pitch; softball; struck
282,عقائد,,,not_indowordnet_urdu_lemma,
282,غزلیں,,,not_indowordnet_urdu_lemma,
282,لارڈ,,,not_indowordnet_urdu_lemma,
282,معدے,,,not_indowordnet_urdu_lemma,
282,منہدم,,,not_indowordnet_urdu_lemma,
282,مویشی,herd; drove,,no_two_source_semantic_agreement,Animal
282,مینار,,,not_indowordnet_urdu_lemma,
282,نمی,humidity,,no_two_source_semantic_agreement,
281,اشتہار,,,not_indowordnet_urdu_lemma,
281,اعلامیہ,,,not_indowordnet_urdu_lemma,
281,اکیس,,,not_indowordnet_urdu_lemma,
281,اٹیک,,,not_indowordnet_urdu_lemma,
281,بسنے,,,not_indowordnet_urdu_lemma,
281,بیٹیوں,,,not_indowordnet_urdu_lemma,
281,پیٹرول,,,not_indowordnet_urdu_lemma,
281,تعیناتی,,,not_indowordnet_urdu_lemma,
281,حامیوں,,,not_indowordnet_urdu_lemma,
281,دوستو,,,not_indowordnet_urdu_lemma,
281,سپیشل,,,not_indowordnet_urdu_lemma,
281,شاہ رخ,,,not_indowordnet_urdu_lemma,
281,وا,,,not_indowordnet_urdu_lemma,
281,وے,,,not_indowordnet_urdu_lemma,
280,ابہر,,,not_indowordnet_urdu_lemma,
280,اعشاریہ,,,not_indowordnet_urdu_lemma,
280,اماں,,,not_indowordnet_urdu_lemma,
280,پڑوسی,,,not_indowordnet_urdu_lemma,
280,چیخ,,,not_indowordnet_urdu_lemma,
280,زائرین,,,not_indowordnet_urdu_lemma,
280,عینی,,,not_indowordnet_urdu_lemma,
280,غلطیوں,,,not_indowordnet_urdu_lemma,
280,قتل عام,,,not_indowordnet_urdu_lemma,
280,قطع,,,not_indowordnet_urdu_lemma,
280,مکانی,,,not_indowordnet_urdu_lemma,
279,الیکٹرانک,,,not_indowordnet_urdu_lemma,
279,انجن,,,no_two_source_semantic_agreement,ENGINE; REVS; JUST; TURNS; OVER
279,دب,,,not_indowordnet_urdu_lemma,
279,کسے,,,not_indowordnet_urdu_lemma,
279,گلوکارہ,,,no_two_source_semantic_agreement,
279,منت,,,not_indowordnet_urdu_lemma,
279,ویکسین,,,not_indowordnet_urdu_lemma,
279,ڈسپلن,,,not_indowordnet_urdu_lemma,
278,اخلاص,,,not_indowordnet_urdu_lemma,
278,بیراج,,,not_indowordnet_urdu_lemma,
278,جیتی,,,not_indowordnet_urdu_lemma,
278,حیدری,,,not_indowordnet_urdu_lemma,
278,سستا,,,not_indowordnet_urdu_lemma,
278,کہایا,,,not_indowordnet_urdu_lemma,
278,کہولے,,,not_indowordnet_urdu_lemma,
277,خوابوں,,,not_indowordnet_urdu_lemma,
277,دیکہتی,,,not_indowordnet_urdu_lemma,
277,کوریج,,,not_indowordnet_urdu_lemma,
277,لگاؤ,,,not_indowordnet_urdu_lemma,
277,لیکچر,,,not_indowordnet_urdu_lemma,
277,نفیس,,,not_indowordnet_urdu_lemma,
277,نگہداشت,,,not_indowordnet_urdu_lemma,
277,وژن,,,not_indowordnet_urdu_lemma,
277,ڈیل,,,not_indowordnet_urdu_lemma,
276,اڑ,,,not_indowordnet_urdu_lemma,
276,بسی,,,not_indowordnet_urdu_lemma,
276,تقاضے,,,not_indowordnet_urdu_lemma,
276,جہلک,,,not_indowordnet_urdu_lemma,
276,سربراہوں,,,not_indowordnet_urdu_lemma,
276,شٹل,,,not_indowordnet_urdu_lemma,
276,گندے,,,not_indowordnet_urdu_lemma,
276,ہالا,,,not_indowordnet_urdu_lemma,
275,الاؤنس,,,not_indowordnet_urdu_lemma,
275,امہ,,,not_indowordnet_urdu_lemma,
275,جنون,,,not_indowordnet_urdu_lemma,
275,چہٹکارا,,,not_indowordnet_urdu_lemma,
275,رفتاری,,,not_indowordnet_urdu_lemma,
275,سردیوں,,,not_indowordnet_urdu_lemma,
275,کہائی,,,not_indowordnet_urdu_lemma,
275,منا,,,not_indowordnet_urdu_lemma,
275,منتظمین,,,not_indowordnet_urdu_lemma,
275,ٹوٹنے,,,not_indowordnet_urdu_lemma,
275,ڈیٹا,,,not_indowordnet_urdu_lemma,
274,اخراج,"ousting; expulsion, efflux, relegation",,no_two_source_semantic_agreement,Emission; signature; unusual; is
274,انڈسٹریل,,,not_indowordnet_urdu_lemma,
274,باضابطہ,,,not_indowordnet_urdu_lemma,
274,بریک,,,no_two_source_semantic_agreement,brakes; No; -; !
274,بہجوا,,,not_indowordnet_urdu_lemma,
274,بہیڑ,,,not_indowordnet_urdu_lemma,
274,دہماکا,,,not_indowordnet_urdu_lemma,
274,روزی,,,no_two_source_semantic_agreement,Rosie; -Is; That; another; money
274,سلیکٹرز,,,not_indowordnet_urdu_lemma,
274,قرعہ اندازی,,,not_indowordnet_urdu_lemma,
274,قومیت,,,not_indowordnet_urdu_lemma,
274,کوچنگ,,,no_two_source_semantic_agreement,
274,گیتوں,,,not_indowordnet_urdu_lemma,
274,مجروح,,,not_indowordnet_urdu_lemma,
274,مخلوط,,,not_indowordnet_urdu_lemma,
274,معالج,,,no_two_source_semantic_agreement,treat; fuck; months; six; called
274,ویٹ,,,not_indowordnet_urdu_lemma,
273,احوال,,,not_indowordnet_urdu_lemma,
273,بازاروں,,,not_indowordnet_urdu_lemma,
273,برطرف,,,not_indowordnet_urdu_lemma,
273,بہو,,,not_indowordnet_urdu_lemma,
273,تجاوز,,,not_indowordnet_urdu_lemma,
273,خریدی,,,not_indowordnet_urdu_lemma,
273,خوشیوں,,,not_indowordnet_urdu_lemma,
273,دستبردار,,,not_indowordnet_urdu_lemma,
273,رائٹ,,,not_indowordnet_urdu_lemma,
273,سین,,,not_indowordnet_urdu_lemma,
273,شرعی,,,no_two_source_semantic_agreement,
273,قدیر,,,not_indowordnet_urdu_lemma,
273,لسانی,,,not_indowordnet_urdu_lemma,
273,مشروط,,,not_indowordnet_urdu_lemma,
273,ٹہنڈی,,,not_indowordnet_urdu_lemma,
272,اسپنر,,,not_indowordnet_urdu_lemma,
272,بحر,,,not_indowordnet_urdu_lemma,
272,تہری,,,not_indowordnet_urdu_lemma,
272,روٹ,,,no_two_source_semantic_agreement,
272,سلور,,,not_indowordnet_urdu_lemma,
272,فریم,,,no_two_source_semantic_agreement,Permission; perimeter; vehicle; set; Emergency
272,کہولا,,,not_indowordnet_urdu_lemma,
272,نواح,,,not_indowordnet_urdu_lemma,
