rank,target,english,level,ipa_candidate,learner_hint_candidate,source_sha256
1,Sommes-nous prêts ?,Are we ready?,A,sˈɔmnu pʁˈɛ ?,sohmnohoh pray ?,6df585d7ee39ae63093632e1a1c986836ddd7cdde6f609781198b7eb3f5e8b9c
2,Es-tu chez toi ?,Are you home?,A,ɛty ʃe twˈa ?,ayty shay twa ?,6df585d7ee39ae63093632e1a1c986836ddd7cdde6f609781198b7eb3f5e8b9c
3,Es-tu prêt ?,Are you ready?,A,ɛty pʁˈɛ ?,ayty pray ?,6df585d7ee39ae63093632e1a1c986836ddd7cdde6f609781198b7eb3f5e8b9c
4,Vous êtes là ?,Are you there?,A,vuz ɛt lˈa ?,vohohz ayt la ?,6df585d7ee39ae63093632e1a1c986836ddd7cdde6f609781198b7eb3f5e8b9c
5,Puis-je venir ?,Can I come?,A,pyˈiʒ vənˈiʁ ?,pyayayzh vohohhnayayr ?,6df585d7ee39ae63093632e1a1c986836ddd7cdde6f609781198b7eb3f5e8b9c
6,Nous voilà !,Here we are!,A,nu vwalˈa !,nohoh vwala !,6df585d7ee39ae63093632e1a1c986836ddd7cdde6f609781198b7eb3f5e8b9c
7,Appelle-moi demain.,Call me tomorrow.,A,apˈɛlmwˌa dəmˈɛ̃.,apaylmwa dohohhmayayn.,6df585d7ee39ae63093632e1a1c986836ddd7cdde6f609781198b7eb3f5e8b9c
8,Appelle-moi s'il te plaît.,"Call me, please.",A,apˈɛlmwˌa sil tə- plˈɛ.,apaylmwa sayayl tohohh- play.,6df585d7ee39ae63093632e1a1c986836ddd7cdde6f609781198b7eb3f5e8b9c
9,Venez m'aider.,Come help me.,A,vənˈe mɛdˈe.,vohohhnay mayday.,6df585d7ee39ae63093632e1a1c986836ddd7cdde6f609781198b7eb3f5e8b9c
10,"Aide-moi, s'il te plaît.","Help me, please.",A,"ˈɛdmwˈa, sil tə- plˈɛ.","aydmwa, sayayl tohohh- play.",6df585d7ee39ae63093632e1a1c986836ddd7cdde6f609781198b7eb3f5e8b9c
11,On y est.,Here we are.,A,ɔ̃n i ˈɛ.,ohnn ayay ay.,6df585d7ee39ae63093632e1a1c986836ddd7cdde6f609781198b7eb3f5e8b9c
12,C'est parti !,Here we go.,A,sɛ paʁtˈi !,say partayay !,6df585d7ee39ae63093632e1a1c986836ddd7cdde6f609781198b7eb3f5e8b9c
13,Je t'en prie.,You're welcome.,A,ʒə- tɑ̃ pʁˈi.,zhohohh- tan prayay.,6df585d7ee39ae63093632e1a1c986836ddd7cdde6f609781198b7eb3f5e8b9c
14,Je peux venir.,I can come.,A,ʒə- pˈø vənˈiʁ.,zhohohh- peu vohohhnayayr.,6df585d7ee39ae63093632e1a1c986836ddd7cdde6f609781198b7eb3f5e8b9c
15,Je peux attendre.,I can wait.,A,ʒə- pˈøz atˈɑ̃dʁ.,zhohohh- peuz atandr.,6df585d7ee39ae63093632e1a1c986836ddd7cdde6f609781198b7eb3f5e8b9c
16,Je pourrais aider.,I could help.,A,ʒə- puʁˈɛz ɛdˈe.,zhohohh- pohohrayz ayday.,6df585d7ee39ae63093632e1a1c986836ddd7cdde6f609781198b7eb3f5e8b9c
17,Je comprends réellement.,I do understand.,A,ʒə- kɔ̃pʁˈɑ̃ ʁeɛlmˈɑ̃.,zhohohh- kohnpran rayaylman.,6df585d7ee39ae63093632e1a1c986836ddd7cdde6f609781198b7eb3f5e8b9c
18,Je mange ici.,I eat here.,A,ʒə- mˈɑ̃ʒ isˈi.,zhohohh- manzh ayaysayay.,6df585d7ee39ae63093632e1a1c986836ddd7cdde6f609781198b7eb3f5e8b9c
19,Je me sens prêt.,I feel ready.,A,ʒə- mə- sˈɑ̃ pʁˈɛ.,zhohohh- mohohh- san pray.,6df585d7ee39ae63093632e1a1c986836ddd7cdde6f609781198b7eb3f5e8b9c
20,J'ai du temps.,I have time.,A,ʒe dy- tˈɑ̃.,zhay dy- tan.,6df585d7ee39ae63093632e1a1c986836ddd7cdde6f609781198b7eb3f5e8b9c
21,Tu me plais.,I like you.,A,ty mə- plˈɛ.,ty mohohh- play.,6df585d7ee39ae63093632e1a1c986836ddd7cdde6f609781198b7eb3f5e8b9c
22,Il me faut du temps.,I need time.,A,il mə- fo dy- tˈɑ̃.,ayayl mohohh- foh dy- tan.,6df585d7ee39ae63093632e1a1c986836ddd7cdde6f609781198b7eb3f5e8b9c
23,J'ai besoin de toi.,I need you.,A,ʒe bəzwˈɛ̃ də- twˈa.,zhay bohohhzwayayn dohohh- twa.,6df585d7ee39ae63093632e1a1c986836ddd7cdde6f609781198b7eb3f5e8b9c
24,Je comprends pourquoi.,I understand why.,A,ʒə- kɔ̃pʁˈɑ̃ puʁkwˈa.,zhohohh- kohnpran pohohrkwa.,6df585d7ee39ae63093632e1a1c986836ddd7cdde6f609781198b7eb3f5e8b9c
25,Je te comprends.,I understand you.,A,ʒə- tə- kɔ̃pʁˈɑ̃.,zhohohh- tohohh- kohnpran.,6df585d7ee39ae63093632e1a1c986836ddd7cdde6f609781198b7eb3f5e8b9c
26,Je veux du temps.,I want time.,A,ʒə- vˈø dy- tˈɑ̃.,zhohohh- veu dy- tan.,6df585d7ee39ae63093632e1a1c986836ddd7cdde6f609781198b7eb3f5e8b9c
27,J'ai envie de toi.,I want you.,A,ʒe ɑ̃vˈi də- twˈa.,zhay anvayay dohohh- twa.,6df585d7ee39ae63093632e1a1c986836ddd7cdde6f609781198b7eb3f5e8b9c
28,Je travaille ici.,I work here.,A,ʒə- tʁavˈaj isˈi.,zhohohh- travay ayaysayay.,6df585d7ee39ae63093632e1a1c986836ddd7cdde6f609781198b7eb3f5e8b9c
29,"Venez ici, je vous prie.",Please come here.,A,"vənˈez isˈi, ʒə- vu pʁˈi.","vohohhnayz ayaysayay, zhohohh- vohoh prayay.",6df585d7ee39ae63093632e1a1c986836ddd7cdde6f609781198b7eb3f5e8b9c
30,Pardonne-moi s'il te plaît.,Please forgive me.,A,paʁdˈɔnmwˌa sil tə- plˈɛ.,pardohnmwa sayayl tohohh- play.,6df585d7ee39ae63093632e1a1c986836ddd7cdde6f609781198b7eb3f5e8b9c
31,Je vous prie de m'aider.,Please help me.,A,ʒə- vu pʁˈi də- mɛdˈe.,zhohohh- vohoh prayay dohohh- mayday.,6df585d7ee39ae63093632e1a1c986836ddd7cdde6f609781198b7eb3f5e8b9c
32,Je te prie de dire oui.,Please say yes.,A,ʒə- tə- pʁˈi də- dˈiʁ wˈi.,zhohohh- tohohh- prayay dohohh- dayayr wayay.,6df585d7ee39ae63093632e1a1c986836ddd7cdde6f609781198b7eb3f5e8b9c
33,"Dis-moi, s'il te plaît.",Please tell me.,A,"dˈimwˈa, sil tə- plˈɛ.","dayaymwa, sayayl tohohh- play.",6df585d7ee39ae63093632e1a1c986836ddd7cdde6f609781198b7eb3f5e8b9c
34,"Attendez ici, s'il vous plaît.",Please wait here.,A,"atɑ̃dˈez isˈi, sil vu plˈɛ.","atandayz ayaysayay, sayayl vohoh play.",6df585d7ee39ae63093632e1a1c986836ddd7cdde6f609781198b7eb3f5e8b9c
35,Tu y es !,There you are.,A,ty i ˈɛ !,ty ayay ay !,6df585d7ee39ae63093632e1a1c986836ddd7cdde6f609781198b7eb3f5e8b9c
36,Nous y sommes.,We are here.,A,nuz i sˈɔm.,nohohz ayay sohm.,6df585d7ee39ae63093632e1a1c986836ddd7cdde6f609781198b7eb3f5e8b9c
37,Nous pouvons payer.,We can pay.,A,nu puvˈɔ̃ pɛjˈe.,nohoh pohohvohn payyay.,6df585d7ee39ae63093632e1a1c986836ddd7cdde6f609781198b7eb3f5e8b9c
38,Nous pouvons attendre.,We can wait.,A,nu puvˈɔ̃z atˈɑ̃dʁ.,nohoh pohohvohnz atandr.,6df585d7ee39ae63093632e1a1c986836ddd7cdde6f609781198b7eb3f5e8b9c
39,Nous pourrions attendre.,We could wait.,A,nu puʁjˈɔ̃z atˈɑ̃dʁ.,nohoh pohohryohnz atandr.,6df585d7ee39ae63093632e1a1c986836ddd7cdde6f609781198b7eb3f5e8b9c
40,Nous partons demain.,We're leaving tomorrow.,A,nu paʁtˈɔ̃ dəmˈɛ̃.,nohoh partohn dohohhmayayn.,6df585d7ee39ae63093632e1a1c986836ddd7cdde6f609781198b7eb3f5e8b9c
41,Nous te connaissons.,We know you.,A,nu tə- kɔnɛsˈɔ̃.,nohoh tohohh- kohnaysohn.,6df585d7ee39ae63093632e1a1c986836ddd7cdde6f609781198b7eb3f5e8b9c
42,Il nous faut de l'aide.,We need help.,A,il nu fo də- lˈɛd.,ayayl nohoh foh dohohh- layd.,6df585d7ee39ae63093632e1a1c986836ddd7cdde6f609781198b7eb3f5e8b9c
43,Il nous faut du temps.,We need time.,A,il nu fo dy- tˈɑ̃.,ayayl nohoh foh dy- tan.,6df585d7ee39ae63093632e1a1c986836ddd7cdde6f609781198b7eb3f5e8b9c
44,On a besoin de toi.,We need you.,A,ɔ̃n a bəzwˈɛ̃ də- twˈa.,ohnn a bohohhzwayayn dohohh- twa.,6df585d7ee39ae63093632e1a1c986836ddd7cdde6f609781198b7eb3f5e8b9c
45,Nous comprenons pourquoi.,We understand why.,A,nu kɔ̃pʁənˈɔ̃ puʁkwˈa.,nohoh kohnprohohhnohn pohohrkwa.,6df585d7ee39ae63093632e1a1c986836ddd7cdde6f609781198b7eb3f5e8b9c
46,Tu peux te joindre à nous.,You can join us.,A,ty pˈø tə- ʒwˈɛ̃dʁ a nˈu.,ty peu tohohh- zhwayayndr a nohoh.,6df585d7ee39ae63093632e1a1c986836ddd7cdde6f609781198b7eb3f5e8b9c
47,Vous pouvez partir.,You can go.,A,vu puvˈe paʁtˈiʁ.,vohoh pohohvay partayayr.,6df585d7ee39ae63093632e1a1c986836ddd7cdde6f609781198b7eb3f5e8b9c
48,Tu peux aider.,You can help.,A,ty pˈøz ɛdˈe.,ty peuz ayday.,6df585d7ee39ae63093632e1a1c986836ddd7cdde6f609781198b7eb3f5e8b9c
49,Tu as le temps.,You have time.,A,ty a lə- tˈɑ̃.,ty a lohohh- tan.,6df585d7ee39ae63093632e1a1c986836ddd7cdde6f609781198b7eb3f5e8b9c
50,Tu sais comment.,You know how.,A,ty sˈɛ kɔmˈɑ̃.,ty say kohman.,6df585d7ee39ae63093632e1a1c986836ddd7cdde6f609781198b7eb3f5e8b9c
51,Puis-je vous aider ?,Can I help you?,A,pyˈiʒ vuz ɛdˈe ?,pyayayzh vohohz ayday ?,6df585d7ee39ae63093632e1a1c986836ddd7cdde6f609781198b7eb3f5e8b9c
52,Est-ce que nous pouvons venir demain ?,Can we come tomorrow?,A,ɛs kə nu puvˈɔ̃ vənˈiʁ dəmˈɛ̃ ?,ays kohohh nohoh pohohvohn vohohhnayayr dohohhmayayn ?,6df585d7ee39ae63093632e1a1c986836ddd7cdde6f609781198b7eb3f5e8b9c
53,Est-ce que tu peux venir ici ?,Can you come here?,A,ɛs kə ty pˈø vənˈiʁ isˈi ?,ays kohohh ty peu vohohhnayayr ayaysayay ?,6df585d7ee39ae63093632e1a1c986836ddd7cdde6f609781198b7eb3f5e8b9c
54,Pouvez-vous venir demain ?,Can you come tomorrow?,A,puvˈevu vənˈiʁ dəmˈɛ̃ ?,pohohvayvohoh vohohhnayayr dohohhmayayn ?,6df585d7ee39ae63093632e1a1c986836ddd7cdde6f609781198b7eb3f5e8b9c
55,Pourrais-tu m'aider ?,Could you help me?,A,puʁˈɛty mɛdˈe ?,pohohrayty mayday ?,6df585d7ee39ae63093632e1a1c986836ddd7cdde6f609781198b7eb3f5e8b9c
56,Pourrais-tu me prêter main forte ?,Could you lend me a hand?,B,puʁˈɛty mə- pʁɛtˈe mˈɛ̃ fˈɔʁt ?,pohohrayty mohohh- praytay mayayn fohrt ?,6df585d7ee39ae63093632e1a1c986836ddd7cdde6f609781198b7eb3f5e8b9c
57,Avais-tu besoin de moi ?,Did you need me?,A,avˈɛty bəzwˈɛ̃ də- mwˈa ?,avayty bohohhzwayayn dohohh- mwa ?,6df585d7ee39ae63093632e1a1c986836ddd7cdde6f609781198b7eb3f5e8b9c
58,Avez-vous dit oui ?,Did you say yes?,A,avˈevu dˈi wˈi ?,avayvohoh dayay wayay ?,6df585d7ee39ae63093632e1a1c986836ddd7cdde6f609781198b7eb3f5e8b9c
59,M'avez-vous compris ?,Did you understand me?,A,mavˈevu kɔ̃pʁˈi ?,mavayvohoh kohnprayay ?,6df585d7ee39ae63093632e1a1c986836ddd7cdde6f609781198b7eb3f5e8b9c
60,Est-ce que je te connais ?,Do I know you?,A,ɛs kə ʒə- tə- kɔnˈɛ ?,ays kohohh zhohohh- tohohh- kohnay ?,6df585d7ee39ae63093632e1a1c986836ddd7cdde6f609781198b7eb3f5e8b9c
61,Avons-nous le temps ?,Do we have time?,A,avˈɔ̃nu lə- tˈɑ̃ ?,avohnnohoh lohohh- tan ?,6df585d7ee39ae63093632e1a1c986836ddd7cdde6f609781198b7eb3f5e8b9c
62,Vous connaissons-nous ?,Do we know you?,A,vu kɔnɛsˈɔ̃nˈu ?,vohoh kohnaysohnnohoh ?,6df585d7ee39ae63093632e1a1c986836ddd7cdde6f609781198b7eb3f5e8b9c
63,Est-ce que tu as le temps ?,Do you have time?,A,ɛs kə ty a lə- tˈɑ̃ ?,ays kohohh ty a lohohh- tan ?,6df585d7ee39ae63093632e1a1c986836ddd7cdde6f609781198b7eb3f5e8b9c
64,Me connaissez-vous ?,Do you know me?,A,mə- kɔnɛsˈevˈu ?,mohohh- kohnaysayvohoh ?,6df585d7ee39ae63093632e1a1c986836ddd7cdde6f609781198b7eb3f5e8b9c
65,Sais-tu pourquoi ?,Do you know why?,A,sˈɛty puʁkwˈa ?,sayty pohohrkwa ?,6df585d7ee39ae63093632e1a1c986836ddd7cdde6f609781198b7eb3f5e8b9c
66,Est-ce que tu m'aimes ?,Do you love me?,A,ɛs kə ty mˈɛm ?,ays kohohh ty maym ?,6df585d7ee39ae63093632e1a1c986836ddd7cdde6f609781198b7eb3f5e8b9c
67,Aimes-tu l'école ?,Do you like school?,A,ˈɛmty lekˈɔl ?,aymty laykohl ?,6df585d7ee39ae63093632e1a1c986836ddd7cdde6f609781198b7eb3f5e8b9c
68,As-tu besoin d'aide ?,Do you need help?,A,atˈy bəzwˈɛ̃ dˈɛd ?,aty bohohhzwayayn dayd ?,6df585d7ee39ae63093632e1a1c986836ddd7cdde6f609781198b7eb3f5e8b9c
69,Est-ce que tu as besoin de moi ?,Do you need me?,A,ɛs kə ty a bəzwˈɛ̃ də- mwˈa ?,ays kohohh ty a bohohhzwayayn dohohh- mwa ?,6df585d7ee39ae63093632e1a1c986836ddd7cdde6f609781198b7eb3f5e8b9c
70,Vous me comprenez ?,Do you understand me?,A,vu mə- kɔ̃pʁənˈe ?,vohoh mohohh- kohnprohohhnay ?,6df585d7ee39ae63093632e1a1c986836ddd7cdde6f609781198b7eb3f5e8b9c
71,Tu veux de l’aide ?,Do you want help?,A,ty vˈø də- lˈɛd ?,ty veu dohohh- layd ?,6df585d7ee39ae63093632e1a1c986836ddd7cdde6f609781198b7eb3f5e8b9c
72,Tu travailles ici ?,Do you work here?,A,ty tʁavˈajz isˈi ?,ty travayz ayaysayay ?,6df585d7ee39ae63093632e1a1c986836ddd7cdde6f609781198b7eb3f5e8b9c
73,Comment vas-tu aujourd'hui ?,How are you today?,A,kɔmˌɑ̃ vˈaty oʒuʁdyˈi ?,kohman vaty ohzhohohrdyayay ?,6df585d7ee39ae63093632e1a1c986836ddd7cdde6f609781198b7eb3f5e8b9c
74,De quelle manière puis-je aider ?,How can I help?,A,də- kɛl manjˈɛʁ pyˈiʒ ɛdˈe ?,dohohh- kayl manyayr pyayayzh ayday ?,6df585d7ee39ae63093632e1a1c986836ddd7cdde6f609781198b7eb3f5e8b9c
75,Comment puis-je payer ?,How can I pay?,A,kɔmˌɑ̃ pyˈiʒ pɛjˈe ?,kohman pyayayzh payyay ?,6df585d7ee39ae63093632e1a1c986836ddd7cdde6f609781198b7eb3f5e8b9c
76,Comment pouvons-nous le dire ?,How can we say it?,B,kɔmˌɑ̃ puvˈɔ̃nu lə- dˈiʁ ?,kohman pohohvohnnohoh lohohh- dayayr ?,6df585d7ee39ae63093632e1a1c986836ddd7cdde6f609781198b7eb3f5e8b9c
77,Comment pourrais-tu savoir ?,How could you know?,A,kɔmˌɑ̃ puʁˈɛty savwˈaʁ ?,kohman pohohrayty savwar ?,6df585d7ee39ae63093632e1a1c986836ddd7cdde6f609781198b7eb3f5e8b9c
78,Comment ai-je fait ?,How did I do?,A,kɔmˌɑ̃ ɛʒ fˈɛ ?,kohman ayzh fay ?,6df585d7ee39ae63093632e1a1c986836ddd7cdde6f609781198b7eb3f5e8b9c
79,Comment avez-vous fait ?,How did you do?,A,kɔmˌɑ̃ avˈevu fˈɛ ?,kohman avayvohoh fay ?,6df585d7ee39ae63093632e1a1c986836ddd7cdde6f609781198b7eb3f5e8b9c
80,Comment le savais-tu ?,How did you know?,A,kɔmˌɑ̃ lə- savˈɛtˈy ?,kohman lohohh- savayty ?,6df585d7ee39ae63093632e1a1c986836ddd7cdde6f609781198b7eb3f5e8b9c
81,Comment savez-vous ?,How do you know?,A,kɔmˌɑ̃ savˈevˈu ?,kohman savayvohoh ?,6df585d7ee39ae63093632e1a1c986836ddd7cdde6f609781198b7eb3f5e8b9c
82,Comment le saurais-je ?,How would I know?,A,kɔmˌɑ̃ lə- soʁˈɛʒ ?,kohman lohohh- sohrayzh ?,6df585d7ee39ae63093632e1a1c986836ddd7cdde6f609781198b7eb3f5e8b9c
83,Comment le saurais-tu ?,How would you know?,A,kɔmˌɑ̃ lə- soʁˈɛtˈy ?,kohman lohohh- sohrayty ?,6df585d7ee39ae63093632e1a1c986836ddd7cdde6f609781198b7eb3f5e8b9c
84,Qu'y puis-je ?,What can I do about it?,B,ki pyˈiʒ ?,kayay pyayayzh ?,6df585d7ee39ae63093632e1a1c986836ddd7cdde6f609781198b7eb3f5e8b9c
85,Que puis-je manger ?,What can I eat?,A,kə pyˈiʒ mɑ̃ʒˈe ?,kohohh pyayayzh manzhay ?,6df585d7ee39ae63093632e1a1c986836ddd7cdde6f609781198b7eb3f5e8b9c
86,Que peut-on faire ?,What can you do?,A,kə pˈøtɔ̃ fˈɛʁ ?,kohohh peutohn fayr ?,6df585d7ee39ae63093632e1a1c986836ddd7cdde6f609781198b7eb3f5e8b9c
87,Que peux-tu dire ?,What can you say?,A,kə pˈøty dˈiʁ ?,kohohh peuty dayayr ?,6df585d7ee39ae63093632e1a1c986836ddd7cdde6f609781198b7eb3f5e8b9c
88,Que pouvais-je faire ?,What could I do?,A,kə puvˈɛʒ fˈɛʁ ?,kohohh pohohvayzh fayr ?,6df585d7ee39ae63093632e1a1c986836ddd7cdde6f609781198b7eb3f5e8b9c
89,Qu'ai-je fait ?,What did I do?,A,kɛʒ fˈɛ ?,kayzh fay ?,6df585d7ee39ae63093632e1a1c986836ddd7cdde6f609781198b7eb3f5e8b9c
90,Qu'as-tu acheté ?,What did you buy?,A,katˈy aʃtˈe ?,katy ashtay ?,6df585d7ee39ae63093632e1a1c986836ddd7cdde6f609781198b7eb3f5e8b9c
91,Qu'as-tu fait ?,What did you do?,A,katˈy fˈɛ ?,katy fay ?,6df585d7ee39ae63093632e1a1c986836ddd7cdde6f609781198b7eb3f5e8b9c
92,Qu'as-tu bu ?,What did you drink?,A,katˈy bˈy ?,katy by ?,6df585d7ee39ae63093632e1a1c986836ddd7cdde6f609781198b7eb3f5e8b9c
93,Qu'as-tu mangé ?,What did you eat?,A,katˈy mɑ̃ʒˈe ?,katy manzhay ?,6df585d7ee39ae63093632e1a1c986836ddd7cdde6f609781198b7eb3f5e8b9c
94,Qu'ai-je ?,What do I have?,A,kˈɛʒ ?,kayzh ?,6df585d7ee39ae63093632e1a1c986836ddd7cdde6f609781198b7eb3f5e8b9c
95,Qu'est-ce que vous avez ?,What do you have?,A,kɛskˌə vuz avˈe ?,kayskohohh vohohz avay ?,6df585d7ee39ae63093632e1a1c986836ddd7cdde6f609781198b7eb3f5e8b9c
96,Que sais-tu ?,What do you know?,A,kə sˈɛtˈy ?,kohohh sayty ?,6df585d7ee39ae63093632e1a1c986836ddd7cdde6f609781198b7eb3f5e8b9c
97,Qu'est-ce que tu aimes bien ?,What do you like?,A,kɛskˌə ty ˈɛm bjˈɛ̃ ?,kayskohohh ty aym byayayn ?,6df585d7ee39ae63093632e1a1c986836ddd7cdde6f609781198b7eb3f5e8b9c
98,De quoi as-tu besoin ?,What do you need?,A,də- kwˌa atˈy bəzwˈɛ̃ ?,dohohh- kwa aty bohohhzwayayn ?,6df585d7ee39ae63093632e1a1c986836ddd7cdde6f609781198b7eb3f5e8b9c
99,Que dites-vous ?,What do you say?,A,kə dˈitvˈu ?,kohohh dayaytvohoh ?,6df585d7ee39ae63093632e1a1c986836ddd7cdde6f609781198b7eb3f5e8b9c
100,Qu'en penses-tu ?,What do you think?,A,kɑ̃ pˈɑ̃stˈy ?,kan pansty ?,6df585d7ee39ae63093632e1a1c986836ddd7cdde6f609781198b7eb3f5e8b9c
101,Que veux-tu ?,What do you want?,A,kə vˈøtˈy ?,kohohh veuty ?,6df585d7ee39ae63093632e1a1c986836ddd7cdde6f609781198b7eb3f5e8b9c
102,Qu'avons-nous ici ?,What have we here?,A,kavˈɔ̃nuz isˈi ?,kavohnnohohz ayaysayay ?,6df585d7ee39ae63093632e1a1c986836ddd7cdde6f609781198b7eb3f5e8b9c
103,Que ferais-tu ?,What would you do?,A,kə fəʁˈɛtˈy ?,kohohh fohohhrayty ?,6df585d7ee39ae63093632e1a1c986836ddd7cdde6f609781198b7eb3f5e8b9c
104,Qu'aimerais-tu ?,What would you like?,A,kɛmʁˈɛtˈy ?,kaymrayty ?,6df585d7ee39ae63093632e1a1c986836ddd7cdde6f609781198b7eb3f5e8b9c
105,Que dirais-tu ?,What would you say?,A,kə diʁˈɛtˈy ?,kohohh dayayrayty ?,6df585d7ee39ae63093632e1a1c986836ddd7cdde6f609781198b7eb3f5e8b9c
106,Quand pouvons-nous manger ?,When can we eat?,A,kɑ̃ puvˈɔ̃nu mɑ̃ʒˈe ?,kan pohohvohnnohoh manzhay ?,6df585d7ee39ae63093632e1a1c986836ddd7cdde6f609781198b7eb3f5e8b9c
107,Quand êtes-vous venus ?,When did you come?,A,kɑ̃t ˈɛtvu vənˈy ?,kant aytvohoh vohohhny ?,6df585d7ee39ae63093632e1a1c986836ddd7cdde6f609781198b7eb3f5e8b9c
108,Quand mangeons-nous ?,When do we eat?,A,kɑ̃ mɑ̃ʒˈɔ̃nˈu ?,kan manzhohnnohoh ?,6df585d7ee39ae63093632e1a1c986836ddd7cdde6f609781198b7eb3f5e8b9c
109,Où es-tu aujourd'hui ?,Where are you today?,A,u ɛty oʒuʁdyˈi ?,ohoh ayty ohzhohohrdyayay ?,6df585d7ee39ae63093632e1a1c986836ddd7cdde6f609781198b7eb3f5e8b9c
110,Où as-tu mangé ?,Where did you eat?,A,u atˈy mɑ̃ʒˈe ?,ohoh aty manzhay ?,6df585d7ee39ae63093632e1a1c986836ddd7cdde6f609781198b7eb3f5e8b9c
111,Où vous êtes-vous rendu ?,Where did you go?,A,u vuz ɛtvu ʁɑ̃dˈy ?,ohoh vohohz aytvohoh randy ?,6df585d7ee39ae63093632e1a1c986836ddd7cdde6f609781198b7eb3f5e8b9c
112,Où travailles-tu ?,Where do you work?,A,u tʁavˈajtˈy ?,ohoh travayty ?,6df585d7ee39ae63093632e1a1c986836ddd7cdde6f609781198b7eb3f5e8b9c
113,Qui peut m'aider ?,Who can help me?,A,ki pˈø mɛdˈe ?,kayay peu mayday ?,6df585d7ee39ae63093632e1a1c986836ddd7cdde6f609781198b7eb3f5e8b9c
114,Qui as-tu appelé ?,Who did you call?,A,ki atˈy aplˈe ?,kayay aty aplay ?,6df585d7ee39ae63093632e1a1c986836ddd7cdde6f609781198b7eb3f5e8b9c
115,Pourquoi sommes-nous ici ?,Why are we here?,A,puʁkwˌa sˈɔmnuz isˈi ?,pohohrkwa sohmnohohz ayaysayay ?,6df585d7ee39ae63093632e1a1c986836ddd7cdde6f609781198b7eb3f5e8b9c
116,Pourquoi es-tu ici ?,Why are you here?,A,puʁkwˌa ɛty isˈi ?,pohohrkwa ayty ayaysayay ?,6df585d7ee39ae63093632e1a1c986836ddd7cdde6f609781198b7eb3f5e8b9c
117,Pourquoi es-tu à la maison ?,Why are you home?,A,puʁkwˌa ɛty a la- mɛzˈɔ̃ ?,pohohrkwa ayty a la- mayzohn ?,6df585d7ee39ae63093632e1a1c986836ddd7cdde6f609781198b7eb3f5e8b9c
118,Pourquoi as-tu appelé ?,Why did you call?,A,puʁkwˌa atˈy aplˈe ?,pohohrkwa aty aplay ?,6df585d7ee39ae63093632e1a1c986836ddd7cdde6f609781198b7eb3f5e8b9c
119,Pourquoi es-tu venu ?,Why did you come?,A,puʁkwˌa ɛty vənˈy ?,pohohrkwa ayty vohohhny ?,6df585d7ee39ae63093632e1a1c986836ddd7cdde6f609781198b7eb3f5e8b9c
120,Voudriez-vous m'excuser ?,Would you excuse me?,A,vudʁiˈevu mɛkskyzˈe ?,vohohdrayayayvohoh maykskyzay ?,6df585d7ee39ae63093632e1a1c986836ddd7cdde6f609781198b7eb3f5e8b9c
121,Fais ce que je dis.,Do what I say.,A,fˈɛ sə- kə ʒə- dˈi.,fay sohohh- kohohh zhohohh- dayay.,6df585d7ee39ae63093632e1a1c986836ddd7cdde6f609781198b7eb3f5e8b9c
122,Fais ce que tu peux.,Do what you can.,A,fˈɛ sə- kə ty pˈø.,fay sohohh- kohohh ty peu.,6df585d7ee39ae63093632e1a1c986836ddd7cdde6f609781198b7eb3f5e8b9c
123,Fais ce que tu aimes.,Do what you like.,A,fˈɛ sə- kə ty ˈɛm.,fay sohohh- kohohh ty aym.,6df585d7ee39ae63093632e1a1c986836ddd7cdde6f609781198b7eb3f5e8b9c
124,Fais ce que tu veux.,Do what you want.,A,fˈɛ sə- kə ty vˈø.,fay sohohh- kohohh ty veu.,6df585d7ee39ae63093632e1a1c986836ddd7cdde6f609781198b7eb3f5e8b9c
125,Pars quand tu veux.,Go when you want.,A,paʁ kɑ̃ ty vˈø.,par kan ty veu.,6df585d7ee39ae63093632e1a1c986836ddd7cdde6f609781198b7eb3f5e8b9c
126,Je peux venir demain.,I can come tomorrow.,A,ʒə- pˈø vənˈiʁ dəmˈɛ̃.,zhohohh- peu vohohhnayayr dohohhmayayn.,6df585d7ee39ae63093632e1a1c986836ddd7cdde6f609781198b7eb3f5e8b9c
127,Je peux t'aider.,I can help you.,A,ʒə- pˈø tɛdˈe.,zhohohh- peu tayday.,6df585d7ee39ae63093632e1a1c986836ddd7cdde6f609781198b7eb3f5e8b9c
128,Je peux vous comprendre.,I can understand you.,A,ʒə- pˈø vu kɔ̃pʁˈɑ̃dʁ.,zhohohh- peu vohoh kohnprandr.,6df585d7ee39ae63093632e1a1c986836ddd7cdde6f609781198b7eb3f5e8b9c
129,Je pourrais t'aider.,I could help you.,A,ʒə- puʁˈɛ tɛdˈe.,zhohohh- pohohray tayday.,6df585d7ee39ae63093632e1a1c986836ddd7cdde6f609781198b7eb3f5e8b9c
130,Je vous apprécie vraiment.,I do like you.,A,ʒə- vuz apʁesˈi vʁɛmˈɑ̃.,zhohohh- vohohz apraysayay vrayman.,6df585d7ee39ae63093632e1a1c986836ddd7cdde6f609781198b7eb3f5e8b9c
131,Je n'ai pas d'excuse.,I have no excuse.,A,ʒə- ne pa dɛkskˈyz.,zhohohh- nay pa daykskyz.,6df585d7ee39ae63093632e1a1c986836ddd7cdde6f609781198b7eb3f5e8b9c
132,Je suis sans abri.,I am homeless.,A,ʒə- syˌi sɑ̃z abʁˈi.,zhohohh- syayay sanz abrayay.,6df585d7ee39ae63093632e1a1c986836ddd7cdde6f609781198b7eb3f5e8b9c
133,Je n'ai pas le temps.,I have no time.,A,ʒə- ne pa lə- tˈɑ̃.,zhohohh- nay pa lohohh- tan.,6df585d7ee39ae63093632e1a1c986836ddd7cdde6f609781198b7eb3f5e8b9c
134,Je sais que tu comprends.,I know you understand.,A,ʒə- sˈɛ kə ty kɔ̃pʁˈɑ̃.,zhohohh- say kohohh ty kohnpran.,6df585d7ee39ae63093632e1a1c986836ddd7cdde6f609781198b7eb3f5e8b9c
135,J'aime ton travail.,I like your work.,A,ʒˈɛm tɔ̃ tʁavˈaj.,zhaym tohn travay.,6df585d7ee39ae63093632e1a1c986836ddd7cdde6f609781198b7eb3f5e8b9c
136,J'ai besoin d'aide ici.,I need help here.,A,ʒe bəzwˈɛ̃ dˈɛd isˈi.,zhay bohohhzwayayn dayd ayaysayay.,6df585d7ee39ae63093632e1a1c986836ddd7cdde6f609781198b7eb3f5e8b9c
137,J'ai besoin de toi ici.,I need you here.,A,ʒe bəzwˈɛ̃ də- twˌa isˈi.,zhay bohohhzwayayn dohohh- twa ayaysayay.,6df585d7ee39ae63093632e1a1c986836ddd7cdde6f609781198b7eb3f5e8b9c
138,J'ai besoin que tu m'aides.,I need you to help me.,B,ʒe bəzwˈɛ̃ kə ty mˈɛd.,zhay bohohhzwayayn kohohh ty mayd.,6df585d7ee39ae63093632e1a1c986836ddd7cdde6f609781198b7eb3f5e8b9c
139,Je crois que nous le pouvons.,I think we can.,A,ʒə- kʁwˈa kə nu lə- puvˈɔ̃.,zhohohh- krwa kohohh nohoh lohohh- pohohvohn.,6df585d7ee39ae63093632e1a1c986836ddd7cdde6f609781198b7eb3f5e8b9c
140,Paie ce que tu peux.,Pay what you can.,A,pˈɛ sə- kə ty pˈø.,pay sohohh- kohohh ty peu.,6df585d7ee39ae63093632e1a1c986836ddd7cdde6f609781198b7eb3f5e8b9c
141,Payez ce que vous voulez.,Pay what you want.,A,pɛjˈe sə- kə vu vulˈe.,payyay sohohh- kohohh vohoh vohohlay.,6df585d7ee39ae63093632e1a1c986836ddd7cdde6f609781198b7eb3f5e8b9c
142,Dis-moi que tu me comprends.,Tell me you understand me.,B,dˈimwˌa kə ty mə- kɔ̃pʁˈɑ̃.,dayaymwa kohohh ty mohohh- kohnpran.,6df585d7ee39ae63093632e1a1c986836ddd7cdde6f609781198b7eb3f5e8b9c
143,Il n'y a pas de lendemain.,There is no tomorrow.,A,il ni a pa də- lɑ̃dmˈɛ̃.,ayayl nayay a pa dohohh- landmayayn.,6df585d7ee39ae63093632e1a1c986836ddd7cdde6f609781198b7eb3f5e8b9c
144,On a besoin d'aide ici.,We need help here.,A,ɔ̃n a bəzwˈɛ̃ dˈɛd isˈi.,ohnn a bohohhzwayayn dayd ayaysayay.,6df585d7ee39ae63093632e1a1c986836ddd7cdde6f609781198b7eb3f5e8b9c
145,Nous avons besoin de votre aide.,We need your help.,A,nuz avˈɔ̃ bəzwˈɛ̃ də- votʁ ˈɛd.,nohohz avohn bohohhzwayayn dohohh- vohtr ayd.,6df585d7ee39ae63093632e1a1c986836ddd7cdde6f609781198b7eb3f5e8b9c
146,"Oui, je vous comprends.","Yes, I understand you.",A,"wˈi, ʒə- vu kɔ̃pʁˈɑ̃.","wayay, zhohohh- vohoh kohnpran.",6df585d7ee39ae63093632e1a1c986836ddd7cdde6f609781198b7eb3f5e8b9c
147,"Oui, nous pouvons partir.","Yes, we can go.",A,"wˈi, nu puvˈɔ̃ paʁtˈiʁ.","wayay, nohoh pohohvohn partayayr.",6df585d7ee39ae63093632e1a1c986836ddd7cdde6f609781198b7eb3f5e8b9c
148,Tu peux venir à la maison.,You can come home.,A,ty pˈø vənˈiʁ a la- mɛzˈɔ̃.,ty peu vohohhnayayr a la- mayzohn.,6df585d7ee39ae63093632e1a1c986836ddd7cdde6f609781198b7eb3f5e8b9c
149,Vous pouvez rentrer chez vous.,You can go home.,A,vu puvˈe ʁɑ̃tʁˈe ʃe vˈu.,vohoh pohohvay rantray shay vohoh.,6df585d7ee39ae63093632e1a1c986836ddd7cdde6f609781198b7eb3f5e8b9c
150,Vous pouvez vous y rendre.,You can go there.,A,vu puvˈe vuz i ʁˈɑ̃dʁ.,vohoh pohohvay vohohz ayay randr.,6df585d7ee39ae63093632e1a1c986836ddd7cdde6f609781198b7eb3f5e8b9c
151,Tu peux attendre ici.,You can wait here.,A,ty pˈøz atˈɑ̃dʁ isˈi.,ty peuz atandr ayaysayay.,6df585d7ee39ae63093632e1a1c986836ddd7cdde6f609781198b7eb3f5e8b9c
152,Tu pourrais m'aider.,You could help me.,A,ty puʁˈɛ mɛdˈe.,ty pohohray mayday.,6df585d7ee39ae63093632e1a1c986836ddd7cdde6f609781198b7eb3f5e8b9c
153,Tu as besoin de moi ici.,You need me here.,A,ty a bəzwˈɛ̃ də- mwˌa isˈi.,ty a bohohhzwayayn dohohh- mwa ayaysayay.,6df585d7ee39ae63093632e1a1c986836ddd7cdde6f609781198b7eb3f5e8b9c
154,Qu'est-ce que tu es grand !,How tall you are!,A,kɛskˌə ty ɛ ɡʁˈɑ̃ !,kayskohohh ty ay gran !,6df585d7ee39ae63093632e1a1c986836ddd7cdde6f609781198b7eb3f5e8b9c
155,Quelle chance nous avons !,How lucky we are!,A,kɛl ʃˈɑ̃s nuz avˈɔ̃ !,kayl shans nohohz avohn !,6df585d7ee39ae63093632e1a1c986836ddd7cdde6f609781198b7eb3f5e8b9c
156,Quelle chance tu as !,How lucky you are!,A,kɛl ʃˈɑ̃s ty ˈa !,kayl shans ty a !,6df585d7ee39ae63093632e1a1c986836ddd7cdde6f609781198b7eb3f5e8b9c
157,Tiens-toi là où tu es !,Stand where you are!,A,tjˈɛ̃twˌa lˈa u ty ˈɛ !,tyayayntwa la ohoh ty ay !,6df585d7ee39ae63093632e1a1c986836ddd7cdde6f609781198b7eb3f5e8b9c
158,Crois ce que tu veux.,Believe what you want.,A,kʁwˈa sə- kə ty vˈø.,krwa sohohh- kohohh ty veu.,6df585d7ee39ae63093632e1a1c986836ddd7cdde6f609781198b7eb3f5e8b9c
159,Offre-moi un verre !,Buy me a drink.,A,ˈɔfʁmwˌa œ̃ vˈɛʁ !,ohfrmwa ohohn vayr !,6df585d7ee39ae63093632e1a1c986836ddd7cdde6f609781198b7eb3f5e8b9c
160,Achetez tout ce que vous voulez.,Buy whatever you want.,A,aʃtˈe tu sə- kə vu vulˈe.,ashtay tohoh sohohh- kohohh vohoh vohohlay.,6df585d7ee39ae63093632e1a1c986836ddd7cdde6f609781198b7eb3f5e8b9c
161,Appelle-moi à 9 h 00 demain.,Call me at 9:00 tomorrow.,A,apˈɛlmwˌa a nˈœf ˈaʃ zeʁo zeʁˈo dəmˈɛ̃.,apaylmwa a neuf ash zayroh zayroh dohohhmayayn.,6df585d7ee39ae63093632e1a1c986836ddd7cdde6f609781198b7eb3f5e8b9c
162,Viens comme tu es.,Come as you are.,A,vjˈɛ̃ kɔm ty ˈɛ.,vyayayn kohm ty ay.,6df585d7ee39ae63093632e1a1c986836ddd7cdde6f609781198b7eb3f5e8b9c
163,Viens si tu peux !,Come if you can.,A,vjˈɛ̃ sˈi ty pˈø !,vyayayn sayay ty peu !,6df585d7ee39ae63093632e1a1c986836ddd7cdde6f609781198b7eb3f5e8b9c
164,"Allez, aide-moi.","Come on, help me.",A,"alˈe, ˈɛdmwˈa.","alay, aydmwa.",6df585d7ee39ae63093632e1a1c986836ddd7cdde6f609781198b7eb3f5e8b9c
165,"Allez, dis-moi !","Come on, tell me.",A,"alˈe, dˈimwˈa !","alay, dayaymwa !",6df585d7ee39ae63093632e1a1c986836ddd7cdde6f609781198b7eb3f5e8b9c
166,Viens quand tu veux.,Come whenever you like.,A,vjˈɛ̃ kɑ̃ ty vˈø.,vyayayn kan ty veu.,6df585d7ee39ae63093632e1a1c986836ddd7cdde6f609781198b7eb3f5e8b9c
167,Fais comme il te plaira !,Do as you like.,A,fˈɛ kɔm il tə- plɛʁˈa !,fay kohm ayayl tohohh- playra !,6df585d7ee39ae63093632e1a1c986836ddd7cdde6f609781198b7eb3f5e8b9c
168,Fais comme bon te semble.,Do as you want.,A,fˈɛ kɔm bˈɔ̃ tə- sˈɑ̃bl.,fay kohm bohn tohohh- sanbl.,6df585d7ee39ae63093632e1a1c986836ddd7cdde6f609781198b7eb3f5e8b9c
169,Fais ce qui te chante !,Do whatever you like.,A,fˈɛ sə- ki tə- ʃˈɑ̃t !,fay sohohh- kayay tohohh- shant !,6df585d7ee39ae63093632e1a1c986836ddd7cdde6f609781198b7eb3f5e8b9c
170,Mange ce qui te plaît.,Eat whatever you like.,A,mˈɑ̃ʒ sə- ki tə- plˈɛ.,manzh sohohh- kayay tohohh- play.,6df585d7ee39ae63093632e1a1c986836ddd7cdde6f609781198b7eb3f5e8b9c
171,Mangez ce que vous voulez.,Eat whatever you want.,A,mɑ̃ʒˈe sə- kə vu vulˈe.,manzhay sohohh- kohohh vohoh vohohlay.,6df585d7ee39ae63093632e1a1c986836ddd7cdde6f609781198b7eb3f5e8b9c
172,"Mange ta soupe, s'il te plaît.","Eat your soup, please.",A,"mˈɑ̃ʒ ta- sˈup, sil tə- plˈɛ.","manzh ta- sohohp, sayayl tohohh- play.",6df585d7ee39ae63093632e1a1c986836ddd7cdde6f609781198b7eb3f5e8b9c
173,Tout est prêt ici.,Everything is ready here.,A,tut ɛ pʁˈɛ isˈi.,tohoht ay pray ayaysayay.,6df585d7ee39ae63093632e1a1c986836ddd7cdde6f609781198b7eb3f5e8b9c
174,Donne-moi mon verre !,Give me my drink.,A,dˈɔnmwˌa mɔ̃ vˈɛʁ !,dohnmwa mohn vayr !,6df585d7ee39ae63093632e1a1c986836ddd7cdde6f609781198b7eb3f5e8b9c
175,Va faire tes devoirs.,Go do your homework.,A,vˈa fˈɛʁ te- dəvwˈaʁ.,va fayr tay- dohohhvwar.,6df585d7ee39ae63093632e1a1c986836ddd7cdde6f609781198b7eb3f5e8b9c
176,Aide-moi à sortir de là !,Help me get out of there!,B,ˈɛdmwˌa a sɔʁtˈiʁ də- lˈa !,aydmwa a sohrtayayr dohohh- la !,6df585d7ee39ae63093632e1a1c986836ddd7cdde6f609781198b7eb3f5e8b9c
177,Voici nos livres.,Here are our books.,A,vwasˌi no lˈivʁ.,vwasayay noh layayvr.,6df585d7ee39ae63093632e1a1c986836ddd7cdde6f609781198b7eb3f5e8b9c
178,Voici vos clés.,Here are your keys.,A,vwasˌi vo klˈe.,vwasayay voh klay.,6df585d7ee39ae63093632e1a1c986836ddd7cdde6f609781198b7eb3f5e8b9c
179,C'est mon bagage.,This is my luggage.,A,sɛ mɔ̃ baɡˈaʒ.,say mohn bagazh.,6df585d7ee39ae63093632e1a1c986836ddd7cdde6f609781198b7eb3f5e8b9c
180,Mon vélo est ici.,My bicycle is here.,A,mɔ̃ velˈo ɛt isˈi.,mohn vayloh ayt ayaysayay.,6df585d7ee39ae63093632e1a1c986836ddd7cdde6f609781198b7eb3f5e8b9c
181,Voici ma clef.,Here is my key.,A,vwasˌi ma- klˈe.,vwasayay ma- klay.,6df585d7ee39ae63093632e1a1c986836ddd7cdde6f609781198b7eb3f5e8b9c
182,Voici mon billet.,Here is my ticket.,A,vwasˌi mɔ̃ bijˈɛ.,vwasayay mohn bayayyay.,6df585d7ee39ae63093632e1a1c986836ddd7cdde6f609781198b7eb3f5e8b9c
183,Ton sac est ici.,Here is your bag.,A,tɔ̃ sˈak ɛt isˈi.,tohn sak ayt ayaysayay.,6df585d7ee39ae63093632e1a1c986836ddd7cdde6f609781198b7eb3f5e8b9c
184,Voici votre monnaie.,Here is your change.,A,vwasˌi votʁ mɔnˈɛ.,vwasayay vohtr mohnay.,6df585d7ee39ae63093632e1a1c986836ddd7cdde6f609781198b7eb3f5e8b9c
185,Ton chien est là.,Your dog is there.,A,tɔ̃ ʃjˈɛ̃ ɛ lˈa.,tohn shyayayn ay la.,6df585d7ee39ae63093632e1a1c986836ddd7cdde6f609781198b7eb3f5e8b9c
186,Nous voici donc de nouveau au même point.,Here we are back at the same point again.,C,nu vwasˌi dˈɔ̃k də- nuvˈo o mˈɛm pwˈɛ̃.,nohoh vwasayay dohnk dohohh- nohohvoh oh maym pwayayn.,6df585d7ee39ae63093632e1a1c986836ddd7cdde6f609781198b7eb3f5e8b9c
187,"Voilà, monsieur.","Here you go, sir.",A,"vwalˈa, məsjˈø.","vwala, mohohhsyeu.",6df585d7ee39ae63093632e1a1c986836ddd7cdde6f609781198b7eb3f5e8b9c
188,Voilà ce que je pense.,Here's what I think.,A,vwalˌa sə- kə ʒə- pˈɑ̃s.,vwala sohohh- kohohh zhohohh- pans.,6df585d7ee39ae63093632e1a1c986836ddd7cdde6f609781198b7eb3f5e8b9c
189,"Voilà, bois un coup !","Here, have a drink.",A,"vwalˈa, bwˈaz œ̃ kˈu !","vwala, bwaz ohohn kohoh !",6df585d7ee39ae63093632e1a1c986836ddd7cdde6f609781198b7eb3f5e8b9c
190,J'admire votre travail.,I admire your work.,A,ʒadmˈiʁ votʁ tʁavˈaj.,zhadmayayr vohtr travay.,6df585d7ee39ae63093632e1a1c986836ddd7cdde6f609781198b7eb3f5e8b9c
191,Je te suis reconnaissant pour ton temps.,I am grateful to you for your time.,B,ʒə- tə- syˌi ʁəkɔnɛsˈɑ̃ puʁ tɔ̃ tˈɑ̃.,zhohohh- tohohh- syayay rohohhkohnaysan pohohr tohn tan.,6df585d7ee39ae63093632e1a1c986836ddd7cdde6f609781198b7eb3f5e8b9c
192,Je te suis reconnaissant pour ton travail.,I am grateful to you for your work.,B,ʒə- tə- syˌi ʁəkɔnɛsˈɑ̃ puʁ tɔ̃ tʁavˈaj.,zhohohh- tohohh- syayay rohohhkohnaysan pohohr tohn travay.,6df585d7ee39ae63093632e1a1c986836ddd7cdde6f609781198b7eb3f5e8b9c
193,Je te connais à peine.,I barely know you.,A,ʒə- tə- kɔnˈɛz a pˈɛn.,zhohohh- tohohh- kohnayz a payn.,6df585d7ee39ae63093632e1a1c986836ddd7cdde6f609781198b7eb3f5e8b9c
194,Je peux en acheter un.,I can buy one.,A,ʒə- pˈøz ɑ̃n aʃtˈe ˈœ̃.,zhohohh- peuz ann ashtay ohohn.,6df585d7ee39ae63093632e1a1c986836ddd7cdde6f609781198b7eb3f5e8b9c
195,Je peux en acheter deux.,I can buy two.,A,ʒə- pˈøz ɑ̃n aʃtˈe dˈø.,zhohohh- peuz ann ashtay deu.,6df585d7ee39ae63093632e1a1c986836ddd7cdde6f609781198b7eb3f5e8b9c
196,Je peux le faire.,I can do it.,A,ʒə- pˈø lə- fˈɛʁ.,zhohohh- peu lohohh- fayr.,6df585d7ee39ae63093632e1a1c986836ddd7cdde6f609781198b7eb3f5e8b9c
197,Je peux faire plus.,I can do more.,A,ʒə- pˈø fˈɛʁ plˈy.,zhohohh- peu fayr ply.,6df585d7ee39ae63093632e1a1c986836ddd7cdde6f609781198b7eb3f5e8b9c
198,Je peux faire ça !,I can do this.,A,ʒə- pˈø fˈɛʁ sˈa !,zhohohh- peu fayr sa !,6df585d7ee39ae63093632e1a1c986836ddd7cdde6f609781198b7eb3f5e8b9c
199,Je peux te conduire.,I can drive you.,A,ʒə- pˈø tə- kɔ̃dyˈiʁ.,zhohohh- peu tohohh- kohndyayayr.,6df585d7ee39ae63093632e1a1c986836ddd7cdde6f609781198b7eb3f5e8b9c
200,J'arrive à le sentir.,I can feel it.,A,ʒaʁˈiv a lə- sɑ̃tˈiʁ.,zharayayv a lohohh- santayayr.,6df585d7ee39ae63093632e1a1c986836ddd7cdde6f609781198b7eb3f5e8b9c
201,Je peux t'entendre.,I can hear you.,A,ʒə- pˈø tɑ̃tˈɑ̃dʁ.,zhohohh- peu tantandr.,6df585d7ee39ae63093632e1a1c986836ddd7cdde6f609781198b7eb3f5e8b9c
202,"Je peux me débrouiller, merci.","I can manage, thanks.",A,"ʒə- pˈø mə- debʁujˈe, mɛʁsˈi.","zhohohh- peu mohohh- daybrohohyay, mayrsayay.",6df585d7ee39ae63093632e1a1c986836ddd7cdde6f609781198b7eb3f5e8b9c
203,Je peux payer d'avance.,I can pay upfront.,A,ʒə- pˈø pɛjˈe davˈɑ̃s.,zhohohh- peu payyay davans.,6df585d7ee39ae63093632e1a1c986836ddd7cdde6f609781198b7eb3f5e8b9c
204,Je peux te protéger.,I can protect you.,A,ʒə- pˈø tə- pʁoteʒˈe.,zhohohh- peu tohohh- prohtayzhay.,6df585d7ee39ae63093632e1a1c986836ddd7cdde6f609781198b7eb3f5e8b9c
205,Je parle anglais.,I speak English.,A,ʒə- pˈaʁl ɑ̃ɡlˈɛ.,zhohohh- parl anglay.,6df585d7ee39ae63093632e1a1c986836ddd7cdde6f609781198b7eb3f5e8b9c
206,Je peux parler français.,I can speak French.,A,ʒə- pˈø paʁlˈe fʁɑ̃sˈɛ.,zhohohh- peu parlay fransay.,6df585d7ee39ae63093632e1a1c986836ddd7cdde6f609781198b7eb3f5e8b9c
207,Je peux le comprendre.,I can understand it.,A,ʒə- pˈø lə- kɔ̃pʁˈɑ̃dʁ.,zhohohh- peu lohohh- kohnprandr.,6df585d7ee39ae63093632e1a1c986836ddd7cdde6f609781198b7eb3f5e8b9c
208,Je peux comprendre ça.,I can understand that.,A,ʒə- pˈø kɔ̃pʁˈɑ̃dʁ sˈa.,zhohohh- peu kohnprandr sa.,6df585d7ee39ae63093632e1a1c986836ddd7cdde6f609781198b7eb3f5e8b9c
209,Je ne peux pas rentrer chez moi.,I can't go home.,A,ʒə- nə- pˈø pa ʁɑ̃tʁˈe ʃe mwˈa.,zhohohh- nohohh- peu pa rantray shay mwa.,6df585d7ee39ae63093632e1a1c986836ddd7cdde6f609781198b7eb3f5e8b9c
210,Je ne peux vous aider.,I can't help you.,A,ʒə- nə- pˈø vuz ɛdˈe.,zhohohh- nohohh- peu vohohz ayday.,6df585d7ee39ae63093632e1a1c986836ddd7cdde6f609781198b7eb3f5e8b9c
211,Je ne peux pas vous le dire.,I can't tell you.,A,ʒə- nə- pˈø pa vu lə- dˈiʁ.,zhohohh- nohohh- peu pa vohoh lohohh- dayayr.,6df585d7ee39ae63093632e1a1c986836ddd7cdde6f609781198b7eb3f5e8b9c
212,Je ne peux pas travailler aujourd'hui.,I can't work today.,A,ʒə- nə- pˈø pa tʁavajˈe oʒuʁdyˈi.,zhohohh- nohohh- peu pa travayay ohzhohohrdyayay.,6df585d7ee39ae63093632e1a1c986836ddd7cdde6f609781198b7eb3f5e8b9c
213,Je reviens à la maison à 14 h 30.,I come home at 2:30.,A,ʒə- ʁəvjˈɛ̃z a la- mɛzˈɔ̃ a katˈɔʁz ˈaʃ tʁˈɑ̃t.,zhohohh- rohohhvyayaynz a la- mayzohn a katohrz ash trant.,6df585d7ee39ae63093632e1a1c986836ddd7cdde6f609781198b7eb3f5e8b9c
214,Je pouvais à peine parler.,I could barely speak.,A,ʒə- puvˈɛz a pˈɛn paʁlˈe.,zhohohh- pohohvayz a payn parlay.,6df585d7ee39ae63093632e1a1c986836ddd7cdde6f609781198b7eb3f5e8b9c
215,Je pourrais le faire.,I could do it.,A,ʒə- puʁˈɛ lə- fˈɛʁ.,zhohohh- pohohray lohohh- fayr.,6df585d7ee39ae63093632e1a1c986836ddd7cdde6f609781198b7eb3f5e8b9c
216,Je ne pouvais rien faire.,I could do nothing.,A,ʒə- nə- puvˈɛ ʁjˌɛ̃ fˈɛʁ.,zhohohh- nohohh- pohohvay ryayayn fayr.,6df585d7ee39ae63093632e1a1c986836ddd7cdde6f609781198b7eb3f5e8b9c
217,J'aurais pu aider.,I could have helped.,A,ʒoʁˈɛ pˈy ɛdˈe.,zhohray py ayday.,6df585d7ee39ae63093632e1a1c986836ddd7cdde6f609781198b7eb3f5e8b9c
218,Je pourrais t'embrasser.,I could kiss you.,A,ʒə- puʁˈɛ tɑ̃bʁasˈe.,zhohohh- pohohray tanbrasay.,6df585d7ee39ae63093632e1a1c986836ddd7cdde6f609781198b7eb3f5e8b9c
219,Je pourrais ne rien dire.,I could say nothing.,A,ʒə- puʁˈɛ nə- ʁjˌɛ̃ dˈiʁ.,zhohohh- pohohray nohohh- ryayayn dayayr.,6df585d7ee39ae63093632e1a1c986836ddd7cdde6f609781198b7eb3f5e8b9c
220,Je pourrais vous enseigner.,I could teach you.,A,ʒə- puʁˈɛ vuz ɑ̃sɛnjˈe.,zhohohh- pohohray vohohz ansaynyay.,6df585d7ee39ae63093632e1a1c986836ddd7cdde6f609781198b7eb3f5e8b9c
221,Je n'ai pas pu dire non.,I couldn't say no.,A,ʒə- ne pa pˈy dˈiʁ nˈɔ̃.,zhohohh- nay pa py dayayr nohn.,6df585d7ee39ae63093632e1a1c986836ddd7cdde6f609781198b7eb3f5e8b9c
222,Je ne saurais te le dire.,I couldn't tell you.,A,ʒə- nə- soʁˈɛ tə- lə- dˈiʁ.,zhohohh- nohohh- sohray tohohh- lohohh- dayayr.,6df585d7ee39ae63093632e1a1c986836ddd7cdde6f609781198b7eb3f5e8b9c
223,J'ai fait de mon mieux.,I did my best.,A,ʒe fˈɛ də- mɔ̃ mjˈø.,zhay fay dohohh- mohn myeu.,6df585d7ee39ae63093632e1a1c986836ddd7cdde6f609781198b7eb3f5e8b9c
224,J'ai fait mes devoirs.,I did my homework.,A,ʒe fˈɛ me- dəvwˈaʁ.,zhay fay may- dohohhvwar.,6df585d7ee39ae63093632e1a1c986836ddd7cdde6f609781198b7eb3f5e8b9c
225,J'ai fait mon travail.,I did my job.,A,ʒe fˈɛ mɔ̃ tʁavˈaj.,zhay fay mohn travay.,6df585d7ee39ae63093632e1a1c986836ddd7cdde6f609781198b7eb3f5e8b9c
226,J'ai fait ma part.,I did my part.,A,ʒe fˈɛ ma- pˈaʁ.,zhay fay ma- par.,6df585d7ee39ae63093632e1a1c986836ddd7cdde6f609781198b7eb3f5e8b9c
227,J'ai fait ça aujourd'hui.,I did that today.,A,ʒe fˈɛ sa oʒuʁdyˈi.,zhay fay sa ohzhohohrdyayay.,6df585d7ee39ae63093632e1a1c986836ddd7cdde6f609781198b7eb3f5e8b9c
228,Je t'avais prévenue.,I had warned you.,A,ʒə- tavˈɛ pʁevnˈy.,zhohohh- tavay prayvny.,6df585d7ee39ae63093632e1a1c986836ddd7cdde6f609781198b7eb3f5e8b9c
229,Je ne suis pas allé là.,I didn't go there.,A,ʒə- nə- syˌi paz alˈe lˈa.,zhohohh- nohohh- syayay paz alay la.,6df585d7ee39ae63093632e1a1c986836ddd7cdde6f609781198b7eb3f5e8b9c
230,Je n'ai pas eu le temps.,I didn't have time.,A,ʒə- ne paz y lə- tˈɑ̃.,zhohohh- nay paz y lohohh- tan.,6df585d7ee39ae63093632e1a1c986836ddd7cdde6f609781198b7eb3f5e8b9c
231,J'ignorais comment.,I didn't know how.,A,ʒinjoʁˈɛ kɔmˈɑ̃.,zhayaynyohray kohman.,6df585d7ee39ae63093632e1a1c986836ddd7cdde6f609781198b7eb3f5e8b9c
232,Je te crois vraiment.,I do believe you.,A,ʒə- tə- kʁwˈa vʁɛmˈɑ̃.,zhohohh- tohohh- krwa vrayman.,6df585d7ee39ae63093632e1a1c986836ddd7cdde6f609781198b7eb3f5e8b9c
233,Je le sais bien.,I do know that.,A,ʒə- lə- sˈɛ bjˈɛ̃.,zhohohh- lohohh- say byayayn.,6df585d7ee39ae63093632e1a1c986836ddd7cdde6f609781198b7eb3f5e8b9c
234,Je le veux vraiment.,I do want it.,A,ʒə- lə- vˈø vʁɛmˈɑ̃.,zhohohh- lohohh- veu vrayman.,6df585d7ee39ae63093632e1a1c986836ddd7cdde6f609781198b7eb3f5e8b9c
235,Je ne sais pas comment.,I don't know how.,A,ʒə- nə- sˈɛ pa kɔmˈɑ̃.,zhohohh- nohohh- say pa kohman.,6df585d7ee39ae63093632e1a1c986836ddd7cdde6f609781198b7eb3f5e8b9c
236,Je ne sais pas où.,I don't know where.,A,ʒə- nə- sˈɛ paz ˈu.,zhohohh- nohohh- say paz ohoh.,6df585d7ee39ae63093632e1a1c986836ddd7cdde6f609781198b7eb3f5e8b9c
237,Je ne sais pas pourquoi.,I don't know why.,A,ʒə- nə- sˈɛ pa puʁkwˈa.,zhohohh- nohohh- say pa pohohrkwa.,6df585d7ee39ae63093632e1a1c986836ddd7cdde6f609781198b7eb3f5e8b9c
238,Je ne vous connais pas.,I don't know you.,A,ʒə- nə- vu kɔnˈɛ pˈa.,zhohohh- nohohh- vohoh kohnay pa.,6df585d7ee39ae63093632e1a1c986836ddd7cdde6f609781198b7eb3f5e8b9c
239,Je n'ai pas besoin d'aide.,I don't need help.,A,ʒə- ne pa bəzwˈɛ̃ dˈɛd.,zhohohh- nay pa bohohhzwayayn dayd.,6df585d7ee39ae63093632e1a1c986836ddd7cdde6f609781198b7eb3f5e8b9c
240,Je ne vous comprends pas.,I don't understand you.,A,ʒə- nə- vu kɔ̃pʁˈɑ̃ pˈa.,zhohohh- nohohh- vohoh kohnpran pa.,6df585d7ee39ae63093632e1a1c986836ddd7cdde6f609781198b7eb3f5e8b9c
241,Je ne travaille pas ici.,I don't work here.,A,ʒə- nə- tʁavˈaj paz isˈi.,zhohohh- nohohh- travay paz ayaysayay.,6df585d7ee39ae63093632e1a1c986836ddd7cdde6f609781198b7eb3f5e8b9c
242,Je ne travaille pas demain.,I don't work tomorrow.,A,ʒə- nə- tʁavˈaj pa dəmˈɛ̃.,zhohohh- nohohh- travay pa dohohhmayayn.,6df585d7ee39ae63093632e1a1c986836ddd7cdde6f609781198b7eb3f5e8b9c
243,Je compte sur votre aide.,I'm counting on your help.,B,ʒə- kˈɔ̃t syʁ votʁ ˈɛd.,zhohohh- kohnt syr vohtr ayd.,6df585d7ee39ae63093632e1a1c986836ddd7cdde6f609781198b7eb3f5e8b9c
244,Je me sens mal aujourd'hui.,I feel bad today.,A,ʒə- mə- sˈɑ̃ mˈal oʒuʁdyˈi.,zhohohh- mohohh- san mal ohzhohohrdyayay.,6df585d7ee39ae63093632e1a1c986836ddd7cdde6f609781198b7eb3f5e8b9c
245,Je me sens mieux aujourd'hui.,I feel better today.,A,ʒə- mə- sˈɑ̃ mjˌø oʒuʁdyˈi.,zhohohh- mohohh- san myeu ohzhohohrdyayay.,6df585d7ee39ae63093632e1a1c986836ddd7cdde6f609781198b7eb3f5e8b9c
246,"Je me sens différent, aujourd'hui.",I feel different today.,A,"ʒə- mə- sˈɑ̃ difeʁˈɑ̃, oʒuʁdyˈi.","zhohohh- mohohh- san dayayfayran, ohzhohohrdyayay.",6df585d7ee39ae63093632e1a1c986836ddd7cdde6f609781198b7eb3f5e8b9c
247,Je compatis avec toi.,I feel for you.,A,ʒə- kɔ̃patˈi avˌɛk twˈa.,zhohohh- kohnpatayay avayk twa.,6df585d7ee39ae63093632e1a1c986836ddd7cdde6f609781198b7eb3f5e8b9c
248,"Je me sens bizarre, aujourd'hui.",I feel strange today.,A,"ʒə- mə- sˈɑ̃ bizˈaʁ, oʒuʁdyˈi.","zhohohh- mohohh- san bayayzar, ohzhohohrdyayay.",6df585d7ee39ae63093632e1a1c986836ddd7cdde6f609781198b7eb3f5e8b9c
249,Je me sens bien ici.,I feel good here.,A,ʒə- mə- sˈɑ̃ bjˈɛ̃n isˈi.,zhohohh- mohohh- san byayaynn ayaysayay.,6df585d7ee39ae63093632e1a1c986836ddd7cdde6f609781198b7eb3f5e8b9c
250,J'ai envie de faire la fête.,I feel like celebrating.,A,ʒe ɑ̃vˈi də- fˈɛʁ la- fˈɛt.,zhay anvayay dohohh- fayr la- fayt.,6df585d7ee39ae63093632e1a1c986836ddd7cdde6f609781198b7eb3f5e8b9c
251,Y en a-t-il d'autres comme toi ?,Are there others like you?,B,i ɑ̃n atil dotʁ kɔm twˈa ?,ayay ann atayayl dohtr kohm twa ?,6df585d7ee39ae63093632e1a1c986836ddd7cdde6f609781198b7eb3f5e8b9c
252,Sommes-nous prêts à partir ?,Are we ready to go?,B,sˈɔmnu pʁˈɛz a paʁtˈiʁ ?,sohmnohoh prayz a partayayr ?,6df585d7ee39ae63093632e1a1c986836ddd7cdde6f609781198b7eb3f5e8b9c
253,C'est vous qui me reconduisez à la maison ?,Are you the one taking me home?,B,sɛ vu ki mə- ʁəkɔ̃dyizˈez a la- mɛzˈɔ̃ ?,say vohoh kayay mohohh- rohohhkohndyayayzayz a la- mayzohn ?,6df585d7ee39ae63093632e1a1c986836ddd7cdde6f609781198b7eb3f5e8b9c
254,Es-tu prêt à partir ?,Are you ready to go?,B,ɛty pʁˈɛ a paʁtˈiʁ ?,ayty pray a partayayr ?,6df585d7ee39ae63093632e1a1c986836ddd7cdde6f609781198b7eb3f5e8b9c
255,Es-tu prêt à travailler ?,Are you ready to work?,B,ɛty pʁˈɛ a tʁavajˈe ?,ayty pray a travayay ?,6df585d7ee39ae63093632e1a1c986836ddd7cdde6f609781198b7eb3f5e8b9c
256,Est-ce que je peux te demander pourquoi ?,Can I ask you why?,B,ɛs kə ʒə- pˈø tə- dəmɑ̃dˈe puʁkwˈa ?,ays kohohh zhohohh- peu tohohh- dohohhmanday pohohrkwa ?,6df585d7ee39ae63093632e1a1c986836ddd7cdde6f609781198b7eb3f5e8b9c
257,Puis-je te rappeler ?,Can I call you back?,B,pyˈiʒ tə- ʁaplˈe ?,pyayayzh tohohh- raplay ?,6df585d7ee39ae63093632e1a1c986836ddd7cdde6f609781198b7eb3f5e8b9c
258,Puis-je vous appeler demain ?,Can I call you tomorrow?,B,pyˈiʒ vuz aplˈe dəmˈɛ̃ ?,pyayayzh vohohz aplay dohohhmayayn ?,6df585d7ee39ae63093632e1a1c986836ddd7cdde6f609781198b7eb3f5e8b9c
259,Est-ce que je peux aller avec vous ?,Can I go with you?,B,ɛs kə ʒə- pˈøz alˈe avˌɛk vˈu ?,ays kohohh zhohohh- peuz alay avayk vohoh ?,6df585d7ee39ae63093632e1a1c986836ddd7cdde6f609781198b7eb3f5e8b9c
260,Est-ce que je peux faire ça ici ?,Can I do that here?,B,ɛs kə ʒə- pˈø fˈɛʁ sa isˈi ?,ays kohohh zhohohh- peu fayr sa ayaysayay ?,6df585d7ee39ae63093632e1a1c986836ddd7cdde6f609781198b7eb3f5e8b9c
261,Puis-je rentrer à la maison maintenant ?,Can I go home now?,B,pyˈiʒ ʁɑ̃tʁˈe a la- mɛzˈɔ̃ mɛ̃tnˈɑ̃ ?,pyayayzh rantray a la- mayzohn mayayntnan ?,6df585d7ee39ae63093632e1a1c986836ddd7cdde6f609781198b7eb3f5e8b9c
262,Puis-je y aller maintenant ?,Can I go there now?,B,pyˈiʒ i alˈe mɛ̃tnˈɑ̃ ?,pyayayzh ayay alay mayayntnan ?,6df585d7ee39ae63093632e1a1c986836ddd7cdde6f609781198b7eb3f5e8b9c
263,Puis-je me rendre au travail ?,Can I go to work?,B,pyˈiʒ mə- ʁˈɑ̃dʁ o tʁavˈaj ?,pyayayzh mohohh- randr oh travay ?,6df585d7ee39ae63093632e1a1c986836ddd7cdde6f609781198b7eb3f5e8b9c
264,Puis-je avoir votre autographe ?,Can I have your autograph?,B,pyˈiʒ avwˈaʁ votʁ otoɡʁˈaf ?,pyayayzh avwar vohtr ohtohgraf ?,6df585d7ee39ae63093632e1a1c986836ddd7cdde6f609781198b7eb3f5e8b9c
265,Puis-je vous rencontrer demain ?,Can I meet you tomorrow?,B,pyˈiʒ vu ʁɑ̃kɔ̃tʁˈe dəmˈɛ̃ ?,pyayayzh vohoh rankohntray dohohhmayayn ?,6df585d7ee39ae63093632e1a1c986836ddd7cdde6f609781198b7eb3f5e8b9c
266,Puis-je te voir demain ?,Can I see you tomorrow?,B,pyˈiʒ tə- vwˈaʁ dəmˈɛ̃ ?,pyayayzh tohohh- vwar dohohhmayayn ?,6df585d7ee39ae63093632e1a1c986836ddd7cdde6f609781198b7eb3f5e8b9c
267,Puis-je te parler ?,Can I speak to you?,B,pyˈiʒ tə- paʁlˈe ?,pyayayzh tohohh- parlay ?,6df585d7ee39ae63093632e1a1c986836ddd7cdde6f609781198b7eb3f5e8b9c
268,"Quelqu'un peut-il m'aider, je vous prie ?",Can somebody please help me?,B,"kɛlkˌœ̃ pˈøtil mɛdˈe, ʒə- vu pʁˈi ?","kaylkohohn peutayayl mayday, zhohohh- vohoh prayay ?",6df585d7ee39ae63093632e1a1c986836ddd7cdde6f609781198b7eb3f5e8b9c
269,Pouvons-nous venir avec vous ?,Can we come with you?,B,puvˈɔ̃nu vənˈiʁ avˌɛk vˈu ?,pohohvohnnohoh vohohhnayayr avayk vohoh ?,6df585d7ee39ae63093632e1a1c986836ddd7cdde6f609781198b7eb3f5e8b9c
270,Pouvons-nous faire ça ici ?,Can we do that here?,B,puvˈɔ̃nu fˈɛʁ sa isˈi ?,pohohvohnnohoh fayr sa ayaysayay ?,6df585d7ee39ae63093632e1a1c986836ddd7cdde6f609781198b7eb3f5e8b9c
271,On peut rentrer à la maison ?,Can we go back home?,B,ɔ̃ pˈø ʁɑ̃tʁˈe a la- mɛzˈɔ̃ ?,ohn peu rantray a la- mayzohn ?,6df585d7ee39ae63093632e1a1c986836ddd7cdde6f609781198b7eb3f5e8b9c
272,Pouvons-nous juste rentrer chez nous ?,Can we just go home?,B,puvˈɔ̃nu ʒˈyst ʁɑ̃tʁˈe ʃe nˈu ?,pohohvohnnohoh zhyst rantray shay nohoh ?,6df585d7ee39ae63093632e1a1c986836ddd7cdde6f609781198b7eb3f5e8b9c
273,Pouvez-vous venir avec moi ?,Can you come with me?,B,puvˈevu vənˈiʁ avˌɛk mwˈa ?,pohohvayvohoh vohohhnayayr avayk mwa ?,6df585d7ee39ae63093632e1a1c986836ddd7cdde6f609781198b7eb3f5e8b9c
274,Peux-tu le faire demain ?,Can you do it tomorrow?,B,pˈøty lə- fˈɛʁ dəmˈɛ̃ ?,peuty lohohh- fayr dohohhmayayn ?,6df585d7ee39ae63093632e1a1c986836ddd7cdde6f609781198b7eb3f5e8b9c
275,Est-ce que tu peux faire ça ici ?,Can you do that here?,B,ɛs kə ty pˈø fˈɛʁ sa isˈi ?,ays kohohh ty peu fayr sa ayaysayay ?,6df585d7ee39ae63093632e1a1c986836ddd7cdde6f609781198b7eb3f5e8b9c
276,Est-ce que tu peux faire ça aujourd'hui ?,Can you do that today?,B,ɛs kə ty pˈø fˈɛʁ sa oʒuʁdyˈi ?,ays kohohh ty peu fayr sa ohzhohohrdyayay ?,6df585d7ee39ae63093632e1a1c986836ddd7cdde6f609781198b7eb3f5e8b9c
277,Pouvez-vous me conduire chez moi ?,Can you drive me home?,B,puvˈevu mə- kɔ̃dyˈiʁ ʃe mwˈa ?,pohohvayvohoh mohohh- kohndyayayr shay mwa ?,6df585d7ee39ae63093632e1a1c986836ddd7cdde6f609781198b7eb3f5e8b9c
278,Peut-on y manger quelque chose ?,Can you eat something there?,B,pˈøtɔ̃n i mɑ̃ʒˈe kˌɛlkə ʃˈɔz ?,peutohnn ayay manzhay kaylkohohh shohz ?,6df585d7ee39ae63093632e1a1c986836ddd7cdde6f609781198b7eb3f5e8b9c
279,"Pouvez-vous m'aider, s'il vous plaît ?","Can you help me, please?",B,"puvˈevu mɛdˈe, sil vu plˈɛ ?","pohohvayvohoh mayday, sayayl vohoh play ?",6df585d7ee39ae63093632e1a1c986836ddd7cdde6f609781198b7eb3f5e8b9c
280,Peux-tu juste rentrer chez toi ?,Can you just go home?,B,pˈøty ʒˈyst ʁɑ̃tʁˈe ʃe twˈa ?,peuty zhyst rantray shay twa ?,6df585d7ee39ae63093632e1a1c986836ddd7cdde6f609781198b7eb3f5e8b9c
281,"Pouvez-vous parler plus lentement, s'il vous plaît ?","Can you speak more slowly, please?",B,"puvˈevu paʁlˈe ply lɑ̃tmˈɑ̃, sil vu plˈɛ ?","pohohvayvohoh parlay ply lantman, sayayl vohoh play ?",6df585d7ee39ae63093632e1a1c986836ddd7cdde6f609781198b7eb3f5e8b9c
282,Peux-tu me conduire chez moi ?,Can you take me home?,B,pˈøty mə- kɔ̃dyˈiʁ ʃe mwˈa ?,peuty mohohh- kohndyayayr shay mwa ?,6df585d7ee39ae63093632e1a1c986836ddd7cdde6f609781198b7eb3f5e8b9c
283,Peux-tu me dire comment ?,Can you tell me how?,B,pˈøty mə- dˈiʁ kɔmˈɑ̃ ?,peuty mohohh- dayayr kohman ?,6df585d7ee39ae63093632e1a1c986836ddd7cdde6f609781198b7eb3f5e8b9c
284,"Pourrais-je dire quelque chose, s'il vous plaît ?","Could I say something, please?",B,"puʁˈɛʒ dˈiʁ kˌɛlkə ʃˈɔz, sil vu plˈɛ ?","pohohrayzh dayayr kaylkohohh shohz, sayayl vohoh play ?",6df585d7ee39ae63093632e1a1c986836ddd7cdde6f609781198b7eb3f5e8b9c
285,Pourrais-je travailler à temps partiel ?,Could I work part-time?,B,puʁˈɛʒ tʁavajˈe a tˈɑ̃ paʁsjˈɛl ?,pohohrayzh travayay a tan parsyayl ?,6df585d7ee39ae63093632e1a1c986836ddd7cdde6f609781198b7eb3f5e8b9c
286,Pourriez-vous m'appeler plus tard ?,Could you call me later?,B,puʁjˈevu maplˈe ply tˈaʁ ?,pohohryayvohoh maplay ply tar ?,6df585d7ee39ae63093632e1a1c986836ddd7cdde6f609781198b7eb3f5e8b9c
287,Pourriez-vous m'aider s'il vous plaît ?,Could you please help me?,B,puʁjˈevu mɛdˈe sil vu plˈɛ ?,pohohryayvohoh mayday sayayl vohoh play ?,6df585d7ee39ae63093632e1a1c986836ddd7cdde6f609781198b7eb3f5e8b9c
288,"""Pouvez-vous signer ici","s'il vous plaît ?""",A,"""puvˈevu sinjˈe isˈi","""pohohvayvohoh sayaynyay ayaysayay",6df585d7ee39ae63093632e1a1c986836ddd7cdde6f609781198b7eb3f5e8b9c
289,Vous ai-je dit cela ?,Did I tell you that?,B,vuz ɛʒ dˈi səlˈa ?,vohohz ayzh dayay sohohhla ?,6df585d7ee39ae63093632e1a1c986836ddd7cdde6f609781198b7eb3f5e8b9c
290,Est-ce que je t'ai bien compris ?,Did I understand you correctly?,B,ɛs kə ʒə- te bjˈɛ̃ kɔ̃pʁˈi ?,ays kohohh zhohohh- tay byayayn kohnprayay ?,6df585d7ee39ae63093632e1a1c986836ddd7cdde6f609781198b7eb3f5e8b9c
291,Tu l'as acheté ici ?,Did you buy it here?,B,ty laz aʃtˈe isˈi ?,ty laz ashtay ayaysayay ?,6df585d7ee39ae63093632e1a1c986836ddd7cdde6f609781198b7eb3f5e8b9c
292,Êtes-vous venu seul ici ?,Did you come here alone?,B,ˈɛtvu vənˈy sˈœl isˈi ?,aytvohoh vohohhny seul ayaysayay ?,6df585d7ee39ae63093632e1a1c986836ddd7cdde6f609781198b7eb3f5e8b9c
293,As-tu fait tes devoirs ?,Did you do your homework?,B,atˈy fˈɛ te- dəvwˈaʁ ?,aty fay tay- dohohhvwar ?,6df585d7ee39ae63093632e1a1c986836ddd7cdde6f609781198b7eb3f5e8b9c
294,As-tu fait ton travail ?,Did you do your work?,B,atˈy fˈɛ tɔ̃ tʁavˈaj ?,aty fay tohn travay ?,6df585d7ee39ae63093632e1a1c986836ddd7cdde6f609781198b7eb3f5e8b9c
295,Connaissiez-vous mon père ?,Did you know my father?,B,kɔnɛsjˈevu mɔ̃ pˈɛʁ ?,kohnaysyayvohoh mohn payr ?,6df585d7ee39ae63093632e1a1c986836ddd7cdde6f609781198b7eb3f5e8b9c
296,Dois-je y aller ?,Do I have to go?,B,dwˈaʒ i alˈe ?,dwazh ayay alay ?,6df585d7ee39ae63093632e1a1c986836ddd7cdde6f609781198b7eb3f5e8b9c
297,Tu viens souvent ici ?,Do you come here often?,B,ty vjˈɛ̃ suvˈɑ̃ isˈi ?,ty vyayayn sohohvan ayaysayay ?,6df585d7ee39ae63093632e1a1c986836ddd7cdde6f609781198b7eb3f5e8b9c
298,Te sens-tu mieux aujourd'hui ?,Do you feel better today?,B,tə- sˈɑ̃ty mjˌø oʒuʁdyˈi ?,tohohh- santy myeu ohzhohohrdyayay ?,6df585d7ee39ae63093632e1a1c986836ddd7cdde6f609781198b7eb3f5e8b9c
299,As-tu envie de manger ?,Do you feel like eating?,B,atˈy ɑ̃vˈi də- mɑ̃ʒˈe ?,aty anvayay dohohh- manzhay ?,6df585d7ee39ae63093632e1a1c986836ddd7cdde6f609781198b7eb3f5e8b9c
300,Veux-tu te reposer ?,Do you want to rest?,B,vˈøty tə- ʁəpozˈe ?,veuty tohohh- rohohhpohzay ?,6df585d7ee39ae63093632e1a1c986836ddd7cdde6f609781198b7eb3f5e8b9c
301,Y vas-tu souvent ?,Do you go there often?,B,i vˈaty suvˈɑ̃ ?,ayay vaty sohohvan ?,6df585d7ee39ae63093632e1a1c986836ddd7cdde6f609781198b7eb3f5e8b9c
302,Vas-tu à l’école ?,Do you go to school?,B,vˈaty a lekˈɔl ?,vaty a laykohl ?,6df585d7ee39ae63093632e1a1c986836ddd7cdde6f609781198b7eb3f5e8b9c
303,Disposez-vous de suffisamment de temps ?,Do you have enough time?,B,dispozˈevu də- syfizamˈɑ̃ də- tˈɑ̃ ?,dayayspohzayvohoh dohohh- syfayayzaman dohohh- tan ?,6df585d7ee39ae63093632e1a1c986836ddd7cdde6f609781198b7eb3f5e8b9c
304,As-tu mon livre ?,Do you have my book?,B,atˈy mɔ̃ lˈivʁ ?,aty mohn layayvr ?,6df585d7ee39ae63093632e1a1c986836ddd7cdde6f609781198b7eb3f5e8b9c
305,Est-ce que tu as des parents ici ?,Do you have relatives here?,B,ɛs kə ty a de- paʁˈɑ̃z isˈi ?,ays kohohh ty a day- paranz ayaysayay ?,6df585d7ee39ae63093632e1a1c986836ddd7cdde6f609781198b7eb3f5e8b9c
306,Vous avez le temps maintenant ?,Do you have time now?,B,vuz avˈe lə- tˈɑ̃ mɛ̃tnˈɑ̃ ?,vohohz avay lohohh- tan mayayntnan ?,6df585d7ee39ae63093632e1a1c986836ddd7cdde6f609781198b7eb3f5e8b9c
307,Est-ce que tu dois partir ?,Do you have to go?,B,ɛs kə ty dwˈa paʁtˈiʁ ?,ays kohohh ty dwa partayayr ?,6df585d7ee39ae63093632e1a1c986836ddd7cdde6f609781198b7eb3f5e8b9c
308,Avez-vous une expérience professionnelle ?,Do you have work experience?,B,avˈevuz yn ɛkspeʁjˈɑ̃s pʁofɛsjɔnˈɛl ?,avayvohohz yn aykspayryans prohfaysyohnayl ?,6df585d7ee39ae63093632e1a1c986836ddd7cdde6f609781198b7eb3f5e8b9c
309,As-tu tes clefs ?,Do you have your keys?,B,atˈy te- klˈe ?,aty tay- klay ?,6df585d7ee39ae63093632e1a1c986836ddd7cdde6f609781198b7eb3f5e8b9c
310,Avez-vous votre passeport ?,Do you have your passport?,B,avˈevu votʁ paspˈɔʁ ?,avayvohoh vohtr paspohr ?,6df585d7ee39ae63093632e1a1c986836ddd7cdde6f609781198b7eb3f5e8b9c
311,"Connaissez-vous quiconque, ici ?",Do you know anyone here?,B,"kɔnɛsˈevu kikˈɔ̃k, isˈi ?","kohnaysayvohoh kayaykohnk, ayaysayay ?",6df585d7ee39ae63093632e1a1c986836ddd7cdde6f609781198b7eb3f5e8b9c
312,Connaissez-vous mon mari ?,Do you know my husband?,B,kɔnɛsˈevu mɔ̃ maʁˈi ?,kohnaysayvohoh mohn marayay ?,6df585d7ee39ae63093632e1a1c986836ddd7cdde6f609781198b7eb3f5e8b9c
313,Connais-tu mon nom ?,Do you know my name?,B,kɔnˈɛty mɔ̃ nˈɔ̃ ?,kohnayty mohn nohn ?,6df585d7ee39ae63093632e1a1c986836ddd7cdde6f609781198b7eb3f5e8b9c
314,Connaissez-vous ma femme ?,Do you know my wife?,B,kɔnɛsˈevu ma- fˈam ?,kohnaysayvohoh ma- fam ?,6df585d7ee39ae63093632e1a1c986836ddd7cdde6f609781198b7eb3f5e8b9c
315,Sais-tu ce qui est arrivé ?,Do you know what happened?,B,sˈɛty sə- ki ɛt aʁivˈe ?,sayty sohohh- kayay ayt arayayvay ?,6df585d7ee39ae63093632e1a1c986836ddd7cdde6f609781198b7eb3f5e8b9c
316,Connaissez-vous vos droits ?,Do you know your rights?,B,kɔnɛsˈevu vo dʁwˈa ?,kohnaysayvohoh voh drwa ?,6df585d7ee39ae63093632e1a1c986836ddd7cdde6f609781198b7eb3f5e8b9c
317,Connaissez-vous votre taille ?,Do you know your size?,B,kɔnɛsˈevu votʁ tˈaj ?,kohnaysayvohoh vohtr tay ?,6df585d7ee39ae63093632e1a1c986836ddd7cdde6f609781198b7eb3f5e8b9c
318,M'apprécies-tu aussi ?,"Do you like me, too?",B,mapʁesˈity osˈi ?,mapraysayayty ohsayay ?,6df585d7ee39ae63093632e1a1c986836ddd7cdde6f609781198b7eb3f5e8b9c
319,Est-ce que ma voiture vous plaît ?,Do you like my car?,B,ɛs kə ma- vwatˈyʁ vu plˈɛ ?,ays kohohh ma- vwatyr vohoh play ?,6df585d7ee39ae63093632e1a1c986836ddd7cdde6f609781198b7eb3f5e8b9c
320,Aimes-tu mes cheveux ?,Do you like my hair?,B,ˈɛmty me- ʃəvˈø ?,aymty may- shohohhveu ?,6df585d7ee39ae63093632e1a1c986836ddd7cdde6f609781198b7eb3f5e8b9c
321,Est-ce que tu aimes mes chaussures ?,Do you like my shoes?,B,ɛs kə ty ˈɛm me- ʃosˈyʁ ?,ays kohohh ty aym may- shohsyr ?,6df585d7ee39ae63093632e1a1c986836ddd7cdde6f609781198b7eb3f5e8b9c
322,Aimes-tu tes camarades de classe ?,Do you like your classmates?,B,ˈɛmty te- kamaʁˈad də- klˈas ?,aymty tay- kamarad dohohh- klas ?,6df585d7ee39ae63093632e1a1c986836ddd7cdde6f609781198b7eb3f5e8b9c
323,Aimes-tu tes collègues ?,Do you like your coworkers?,B,ˈɛmty te- kɔlˈɛɡ ?,aymty tay- kohlayg ?,6df585d7ee39ae63093632e1a1c986836ddd7cdde6f609781198b7eb3f5e8b9c
324,Aimes-tu ta soupe ?,Do you like your soup?,B,ˈɛmty ta- sˈup ?,aymty ta- sohohp ?,6df585d7ee39ae63093632e1a1c986836ddd7cdde6f609781198b7eb3f5e8b9c
325,Aimez-vous votre travail ?,Do you like your work?,B,ɛmˈevu votʁ tʁavˈaj ?,aymayvohoh vohtr travay ?,6df585d7ee39ae63093632e1a1c986836ddd7cdde6f609781198b7eb3f5e8b9c
326,Avez-vous besoin de plus de temps ?,Do you need more time?,B,avˈevu bəzwˈɛ̃ də- ply də- tˈɑ̃ ?,avayvohoh bohohhzwayayn dohohh- ply dohohh- tan ?,6df585d7ee39ae63093632e1a1c986836ddd7cdde6f609781198b7eb3f5e8b9c
327,As-tu besoin de mon aide ?,Do you need my assistance?,B,atˈy bəzwˈɛ̃ də- mɔ̃n ˈɛd ?,aty bohohhzwayayn dohohh- mohnn ayd ?,6df585d7ee39ae63093632e1a1c986836ddd7cdde6f609781198b7eb3f5e8b9c
328,As-tu besoin de notre aide ?,Do you need our help?,B,atˈy bəzwˈɛ̃ də- notʁ ˈɛd ?,aty bohohhzwayayn dohohh- nohtr ayd ?,6df585d7ee39ae63093632e1a1c986836ddd7cdde6f609781198b7eb3f5e8b9c
329,Est-ce que tu as toujours besoin de moi ?,Do you still need me?,B,ɛs kə ty a tuʒˌuʁ bəzwˈɛ̃ də- mwˈa ?,ays kohohh ty a tohohzhohohr bohohhzwayayn dohohh- mwa ?,6df585d7ee39ae63093632e1a1c986836ddd7cdde6f609781198b7eb3f5e8b9c
330,Penses-tu que ça va marcher ?,Do you think that'll work?,B,pˈɑ̃sty kə sa vˈa maʁʃˈe ?,pansty kohohh sa va marshay ?,6df585d7ee39ae63093632e1a1c986836ddd7cdde6f609781198b7eb3f5e8b9c
331,Pensez-vous que ceci va fonctionner ?,Do you think this'll work?,B,pɑ̃sˈevu kə səsˌi vˈa fɔ̃ksjɔnˈe ?,pansayvohoh kohohh sohohhsayay va fohnksyohnay ?,6df585d7ee39ae63093632e1a1c986836ddd7cdde6f609781198b7eb3f5e8b9c
332,Tu veux ma photo ?,Do you want my picture?,B,ty vˈø ma- fotˈo ?,ty veu ma- fohtoh ?,6df585d7ee39ae63093632e1a1c986836ddd7cdde6f609781198b7eb3f5e8b9c
333,Tu veux de l'aide ?,Do you want some help?,B,ty vˈø də- lˈɛd ?,ty veu dohohh- layd ?,6df585d7ee39ae63093632e1a1c986836ddd7cdde6f609781198b7eb3f5e8b9c
334,Tu veux venir ?,Do you want to come?,B,ty vˈø vənˈiʁ ?,ty veu vohohhnayayr ?,6df585d7ee39ae63093632e1a1c986836ddd7cdde6f609781198b7eb3f5e8b9c
335,Veux-tu boire ?,Do you want to drink?,B,vˈøty bwˈaʁ ?,veuty bwar ?,6df585d7ee39ae63093632e1a1c986836ddd7cdde6f609781198b7eb3f5e8b9c
336,Voulez-vous manger ?,Do you want to eat?,B,vulˈevu mɑ̃ʒˈe ?,vohohlayvohoh manzhay ?,6df585d7ee39ae63093632e1a1c986836ddd7cdde6f609781198b7eb3f5e8b9c
337,Veux-tu partir ?,Do you want to go?,B,vˈøty paʁtˈiʁ ?,veuty partayayr ?,6df585d7ee39ae63093632e1a1c986836ddd7cdde6f609781198b7eb3f5e8b9c
338,Tu veux aider ?,Do you want to help?,B,ty vˈøz ɛdˈe ?,ty veuz ayday ?,6df585d7ee39ae63093632e1a1c986836ddd7cdde6f609781198b7eb3f5e8b9c
339,Est-ce que tu veux savoir ?,Do you want to know?,B,ɛs kə ty vˈø savwˈaʁ ?,ays kohohh ty veu savwar ?,6df585d7ee39ae63093632e1a1c986836ddd7cdde6f609781198b7eb3f5e8b9c
340,"N'avez-vous pas de travail, aujourd'hui ?",Don't you have work today?,B,"navˈevu pa də- tʁavˈaj, oʒuʁdyˈi ?","navayvohoh pa dohohh- travay, ohzhohohrdyayay ?",6df585d7ee39ae63093632e1a1c986836ddd7cdde6f609781198b7eb3f5e8b9c
341,Avez-vous fini votre travail ?,Have you finished your work?,B,avˈevu finˈi votʁ tʁavˈaj ?,avayvohoh fayaynayay vohtr travay ?,6df585d7ee39ae63093632e1a1c986836ddd7cdde6f609781198b7eb3f5e8b9c
342,"Aide-moi, veux-tu ?","Help me, will you?",A,"ˈɛdmwˈa, vˈøtˈy ?","aydmwa, veuty ?",6df585d7ee39ae63093632e1a1c986836ddd7cdde6f609781198b7eb3f5e8b9c
343,"Comment nous sentons-nous, aujourd'hui ?",How are we feeling today?,B,"kɔmˌɑ̃ nu sɑ̃tˈɔ̃nˈu, oʒuʁdyˈi ?","kohman nohoh santohnnohoh, ohzhohohrdyayay ?",6df585d7ee39ae63093632e1a1c986836ddd7cdde6f609781198b7eb3f5e8b9c
344,Comment te sens-tu aujourd'hui ?,How are you feeling today?,B,kɔmˌɑ̃ tə- sˈɑ̃ty oʒuʁdyˈi ?,kohman tohohh- santy ohzhohohrdyayay ?,6df585d7ee39ae63093632e1a1c986836ddd7cdde6f609781198b7eb3f5e8b9c
345,Quelle est la taille de ton école ?,How big is your school?,B,kɛl ɛ la- tˈaj də- tɔ̃n ekˈɔl ?,kayl ay la- tay dohohh- tohnn aykohl ?,6df585d7ee39ae63093632e1a1c986836ddd7cdde6f609781198b7eb3f5e8b9c
346,Comment puis-je vous contacter ?,How can I contact you?,B,kɔmˌɑ̃ pyˈiʒ vu kɔ̃taktˈe ?,kohman pyayayzh vohoh kohntaktay ?,6df585d7ee39ae63093632e1a1c986836ddd7cdde6f609781198b7eb3f5e8b9c
347,Comment puis-je faire cela ?,How can I do that?,B,kɔmˌɑ̃ pyˈiʒ fˈɛʁ səlˈa ?,kohman pyayayzh fayr sohohhla ?,6df585d7ee39ae63093632e1a1c986836ddd7cdde6f609781198b7eb3f5e8b9c
348,Comment est-ce que je peux faire ça ?,How can I do this?,B,kɔmˌɑ̃ ɛs kə ʒə- pˈø fˈɛʁ sˈa ?,kohman ays kohohh zhohohh- peu fayr sa ?,6df585d7ee39ae63093632e1a1c986836ddd7cdde6f609781198b7eb3f5e8b9c
349,En quoi puis-je vous aider ?,How can I help you?,B,ɑ̃ kwˌa pyˈiʒ vuz ɛdˈe ?,an kwa pyayayzh vohohz ayday ?,6df585d7ee39ae63093632e1a1c986836ddd7cdde6f609781198b7eb3f5e8b9c
350,Comment puis-je vous joindre ?,How can I reach you?,B,kɔmˌɑ̃ pyˈiʒ vu ʒwˈɛ̃dʁ ?,kohman pyayayzh vohoh zhwayayndr ?,6df585d7ee39ae63093632e1a1c986836ddd7cdde6f609781198b7eb3f5e8b9c
351,Comment puis-je vous rembourser ?,How can I repay you?,B,kɔmˌɑ̃ pyˈiʒ vu ʁɑ̃buʁsˈe ?,kohman pyayayzh vohoh ranbohohrsay ?,6df585d7ee39ae63093632e1a1c986836ddd7cdde6f609781198b7eb3f5e8b9c
352,Comment pouvons-nous faire cela ?,How can we do that?,B,kɔmˌɑ̃ puvˈɔ̃nu fˈɛʁ səlˈa ?,kohman pohohvohnnohoh fayr sohohhla ?,6df585d7ee39ae63093632e1a1c986836ddd7cdde6f609781198b7eb3f5e8b9c
353,Comment pouvons-nous vous aider ?,How can we help you?,B,kɔmˌɑ̃ puvˈɔ̃nu vuz ɛdˈe ?,kohman pohohvohnnohoh vohohz ayday ?,6df585d7ee39ae63093632e1a1c986836ddd7cdde6f609781198b7eb3f5e8b9c
354,Comment pouvons-nous te remercier ?,How can we thank you?,B,kɔmˌɑ̃ puvˈɔ̃nu tə- ʁəmɛʁsjˈe ?,kohman pohohvohnnohoh tohohh- rohohhmayrsyay ?,6df585d7ee39ae63093632e1a1c986836ddd7cdde6f609781198b7eb3f5e8b9c
355,Comment pouvez-vous manger cela ?,How can you eat that?,B,kɔmˌɑ̃ puvˈevu mɑ̃ʒˈe səlˈa ?,kohman pohohvayvohoh manzhay sohohhla ?,6df585d7ee39ae63093632e1a1c986836ddd7cdde6f609781198b7eb3f5e8b9c
356,Comment pouvez-vous savoir cela ?,How can you know that?,B,kɔmˌɑ̃ puvˈevu savwˈaʁ səlˈa ?,kohman pohohvayvohoh savwar sohohhla ?,6df585d7ee39ae63093632e1a1c986836ddd7cdde6f609781198b7eb3f5e8b9c
357,Comment peux-tu ne pas le savoir ?,How can you not know?,B,kɔmˌɑ̃ pˈøty nə- pa lə- savwˈaʁ ?,kohman peuty nohohh- pa lohohh- savwar ?,6df585d7ee39ae63093632e1a1c986836ddd7cdde6f609781198b7eb3f5e8b9c
358,Comment peux-tu dire ça ?,How can you say that?,B,kɔmˌɑ̃ pˈøty dˈiʁ sˈa ?,kohman peuty dayayr sa ?,6df585d7ee39ae63093632e1a1c986836ddd7cdde6f609781198b7eb3f5e8b9c
359,Comment pourrais-je vous oublier ?,How could I forget you?,B,kɔmˌɑ̃ puʁˈɛʒ vuz ubliˈe ?,kohman pohohrayzh vohohz ohohblayayay ?,6df585d7ee39ae63093632e1a1c986836ddd7cdde6f609781198b7eb3f5e8b9c
360,Comment aurais-je pu savoir ?,How could I have known?,B,kɔmˌɑ̃ oʁˈɛʒ pˈy savwˈaʁ ?,kohman ohrayzh py savwar ?,6df585d7ee39ae63093632e1a1c986836ddd7cdde6f609781198b7eb3f5e8b9c
361,Comment pourrions-nous faire ça ?,How could we do that?,B,kɔmˌɑ̃ puʁjˈɔ̃nu fˈɛʁ sˈa ?,kohman pohohryohnnohoh fayr sa ?,6df585d7ee39ae63093632e1a1c986836ddd7cdde6f609781198b7eb3f5e8b9c
362,Comment avez-vous pu faire ça ?,How could you do that?,B,kɔmˌɑ̃ avˈevu pˈy fˈɛʁ sˈa ?,kohman avayvohoh py fayr sa ?,6df585d7ee39ae63093632e1a1c986836ddd7cdde6f609781198b7eb3f5e8b9c
363,Comment pourrais-tu m'aider ?,How could you help me?,B,kɔmˌɑ̃ puʁˈɛty mɛdˈe ?,kohman pohohrayty mayday ?,6df585d7ee39ae63093632e1a1c986836ddd7cdde6f609781198b7eb3f5e8b9c
364,Comment pouvez-vous le savoir ?,How can you know it?,B,kɔmˌɑ̃ puvˈevu lə- savwˈaʁ ?,kohman pohohvayvohoh lohohh- savwar ?,6df585d7ee39ae63093632e1a1c986836ddd7cdde6f609781198b7eb3f5e8b9c
365,Comment pouvais-tu l'ignorer ?,How could you ignore it?,B,kɔmˌɑ̃ puvˈɛty linjoʁˈe ?,kohman pohohvayty layaynyohray ?,6df585d7ee39ae63093632e1a1c986836ddd7cdde6f609781198b7eb3f5e8b9c
366,Comment pourrais-tu dire cela ?,How could you say that?,B,kɔmˌɑ̃ puʁˈɛty dˈiʁ səlˈa ?,kohman pohohrayty dayayr sohohhla ?,6df585d7ee39ae63093632e1a1c986836ddd7cdde6f609781198b7eb3f5e8b9c
367,Comment pourrais-tu penser ça ?,How could you think that?,B,kɔmˌɑ̃ puʁˈɛty pɑ̃sˈe sˈa ?,kohman pohohrayty pansay sa ?,6df585d7ee39ae63093632e1a1c986836ddd7cdde6f609781198b7eb3f5e8b9c
368,Comment suis-je parvenu ici ?,How did I get here?,B,kɔmˌɑ̃ syˈiʒ paʁvənˈy isˈi ?,kohman syayayzh parvohohhny ayaysayay ?,6df585d7ee39ae63093632e1a1c986836ddd7cdde6f609781198b7eb3f5e8b9c
369,Comment est-il venu ici ?,How did he come here?,B,kɔmˌɑ̃ ɛtil vənˈy isˈi ?,kohman aytayayl vohohhny ayaysayay ?,6df585d7ee39ae63093632e1a1c986836ddd7cdde6f609781198b7eb3f5e8b9c
370,Comment avons-nous fait cela ?,How did we do that?,B,kɔmˌɑ̃ avˈɔ̃nu fˈɛ səlˈa ?,kohman avohnnohoh fay sohohhla ?,6df585d7ee39ae63093632e1a1c986836ddd7cdde6f609781198b7eb3f5e8b9c
371,Comment as-tu fait cela ?,How did you do that?,B,kɔmˌɑ̃ atˈy fˈɛ səlˈa ?,kohman aty fay sohohhla ?,6df585d7ee39ae63093632e1a1c986836ddd7cdde6f609781198b7eb3f5e8b9c
372,Comment l'avez-vous fait ?,How did you do it?,B,kɔmˌɑ̃ lavˈevu fˈɛ ?,kohman lavayvohoh fay ?,6df585d7ee39ae63093632e1a1c986836ddd7cdde6f609781198b7eb3f5e8b9c
373,Comment m'as-tu trouvée ?,How did you find me?,B,kɔmˌɑ̃ matˈy tʁuvˈe ?,kohman maty trohohvay ?,6df585d7ee39ae63093632e1a1c986836ddd7cdde6f609781198b7eb3f5e8b9c
374,Comment êtes-vous arrivé ici ?,How did you get here?,B,kɔmˌɑ̃ ˈɛtvuz aʁivˈe isˈi ?,kohman aytvohohz arayayvay ayaysayay ?,6df585d7ee39ae63093632e1a1c986836ddd7cdde6f609781198b7eb3f5e8b9c
375,Comment s'est déroulé ton discours ?,How did your speech go?,B,kɔmˌɑ̃ sɛ deʁulˈe tɔ̃ diskˈuʁ ?,kohman say dayrohohlay tohn dayayskohohr ?,6df585d7ee39ae63093632e1a1c986836ddd7cdde6f609781198b7eb3f5e8b9c
376,Comment je mange ça ?,How do I eat this?,B,kɔmˌɑ̃ ʒə- mˈɑ̃ʒ sˈa ?,kohman zhohohh- manzh sa ?,6df585d7ee39ae63093632e1a1c986836ddd7cdde6f609781198b7eb3f5e8b9c
377,Comment puis-je vous remercier ?,How can I thank you?,B,kɔmˌɑ̃ pyˈiʒ vu ʁəmɛʁsjˈe ?,kohman pyayayzh vohoh rohohhmayrsyay ?,6df585d7ee39ae63093632e1a1c986836ddd7cdde6f609781198b7eb3f5e8b9c
378,Comment on y va ?,How do we get there?,B,kɔmˌɑ̃ ɔ̃n i vˈa ?,kohman ohnn ayay va ?,6df585d7ee39ae63093632e1a1c986836ddd7cdde6f609781198b7eb3f5e8b9c
379,Comment le savons-nous ?,How do we know that?,B,kɔmˌɑ̃ lə- savˈɔ̃nˈu ?,kohman lohohh- savohnnohoh ?,6df585d7ee39ae63093632e1a1c986836ddd7cdde6f609781198b7eb3f5e8b9c
380,D'où me connais-tu ?,Where do you know me from?,B,du mə- kɔnˈɛtˈy ?,dohoh mohohh- kohnayty ?,6df585d7ee39ae63093632e1a1c986836ddd7cdde6f609781198b7eb3f5e8b9c
381,Comment tu sais ça ?,How do you know this?,B,kɔmˌɑ̃ ty sˈɛ sˈa ?,kohman ty say sa ?,6df585d7ee39ae63093632e1a1c986836ddd7cdde6f609781198b7eb3f5e8b9c
382,Comment peux-tu ne pas comprendre ?,How can you not understand?,B,kɔmˌɑ̃ pˈøty nə- pa kɔ̃pʁˈɑ̃dʁ ?,kohman peuty nohohh- pa kohnprandr ?,6df585d7ee39ae63093632e1a1c986836ddd7cdde6f609781198b7eb3f5e8b9c
383,Comment dis-tu cela ?,How do you say that?,B,kɔmˌɑ̃ dˈity səlˈa ?,kohman dayayty sohohhla ?,6df585d7ee39ae63093632e1a1c986836ddd7cdde6f609781198b7eb3f5e8b9c
384,Comment les veux-tu ?,How do you want them?,B,kɔmˌɑ̃ le- vˈøtˈy ?,kohman lay- veuty ?,6df585d7ee39ae63093632e1a1c986836ddd7cdde6f609781198b7eb3f5e8b9c
385,De combien de temps disposons-nous ?,How long do we have?,B,də- kɔ̃bjˈɛ̃ də- tˈɑ̃ dispozˈɔ̃nˈu ?,dohohh- kohnbyayayn dohohh- tan dayayspohzohnnohoh ?,6df585d7ee39ae63093632e1a1c986836ddd7cdde6f609781198b7eb3f5e8b9c
386,Tu ne fais que travailler.,All you do is work.,B,ty nə- fˈɛ kə tʁavajˈe.,ty nohohh- fay kohohh travayay.,6df585d7ee39ae63093632e1a1c986836ddd7cdde6f609781198b7eb3f5e8b9c
387,Appelle si tu as besoin de moi !,Call if you need me.,B,apˈɛl sˈi ty a bəzwˈɛ̃ də- mwˈa !,apayl sayay ty a bohohhzwayayn dohohh- mwa !,6df585d7ee39ae63093632e1a1c986836ddd7cdde6f609781198b7eb3f5e8b9c
388,Appelle-moi quand tu peux.,Call me when you can.,B,apˈɛlmwˌa kɑ̃ ty pˈø.,apaylmwa kan ty peu.,6df585d7ee39ae63093632e1a1c986836ddd7cdde6f609781198b7eb3f5e8b9c
389,Viens ici et aide-moi.,Come here and help me.,B,vjˈɛ̃z isˈi e ˈɛdmwˈa.,vyayaynz ayaysayay ay aydmwa.,6df585d7ee39ae63093632e1a1c986836ddd7cdde6f609781198b7eb3f5e8b9c
390,Fais comme je te dis.,Do as I tell you.,B,fˈɛ kɔm ʒə- tə- dˈi.,fay kohm zhohohh- tohohh- dayay.,6df585d7ee39ae63093632e1a1c986836ddd7cdde6f609781198b7eb3f5e8b9c
391,"Aidez-moi, si vous le pouvez !",Help me if you can.,B,"ɛdˈemwˈa, sˈi vu lə- puvˈe !","aydaymwa, sayay vohoh lohohh- pohohvay !",6df585d7ee39ae63093632e1a1c986836ddd7cdde6f609781198b7eb3f5e8b9c
392,Je sais ce que vous ressentez.,I know how you feel.,B,ʒə- sˈɛ sə- kə vu ʁəsɑ̃tˈe.,zhohohh- say sohohh- kohohh vohoh rohohhsantay.,6df585d7ee39ae63093632e1a1c986836ddd7cdde6f609781198b7eb3f5e8b9c
393,Je supposais que tu viendrais.,I assumed you would come.,B,ʒə- sypozˈɛ kə ty vjɛ̃dʁˈɛ.,zhohohh- sypohzay kohohh ty vyayayndray.,6df585d7ee39ae63093632e1a1c986836ddd7cdde6f609781198b7eb3f5e8b9c
394,Je peux te donner un coup de main.,I can help you out.,B,ʒə- pˈø tə- dɔnˈe œ̃ kˈu də- mˈɛ̃.,zhohohh- peu tohohh- dohnay ohohn kohoh dohohh- mayayn.,6df585d7ee39ae63093632e1a1c986836ddd7cdde6f609781198b7eb3f5e8b9c
395,Je peux quand même t'aider.,I can still help you.,B,ʒə- pˈø kɑ̃ mˈɛm tɛdˈe.,zhohohh- peu kan maym tayday.,6df585d7ee39ae63093632e1a1c986836ddd7cdde6f609781198b7eb3f5e8b9c
396,Je peux comprendre votre colère.,I can understand your anger.,B,ʒə- pˈø kɔ̃pʁˈɑ̃dʁ votʁ kolˈɛʁ.,zhohohh- peu kohnprandr vohtr kohlayr.,6df585d7ee39ae63093632e1a1c986836ddd7cdde6f609781198b7eb3f5e8b9c
397,Je peux comprendre ta langue.,I can understand your language.,B,ʒə- pˈø kɔ̃pʁˈɑ̃dʁ ta- lˈɑ̃ɡ.,zhohohh- peu kohnprandr ta- lang.,6df585d7ee39ae63093632e1a1c986836ddd7cdde6f609781198b7eb3f5e8b9c
398,Je peux comprendre votre réticence.,I can understand your reluctance.,B,ʒə- pˈø kɔ̃pʁˈɑ̃dʁ votʁ ʁetisˈɑ̃s.,zhohohh- peu kohnprandr vohtr raytayaysans.,6df585d7ee39ae63093632e1a1c986836ddd7cdde6f609781198b7eb3f5e8b9c
399,Je peux t'attendre.,I can wait for you.,B,ʒə- pˈø tatˈɑ̃dʁ.,zhohohh- peu tatandr.,6df585d7ee39ae63093632e1a1c986836ddd7cdde6f609781198b7eb3f5e8b9c
400,Je ne peux pas attendre plus longtemps.,I can wait no longer.,B,ʒə- nə- pˈø paz atˈɑ̃dʁ ply lɔ̃tˈɑ̃.,zhohohh- nohohh- peu paz atandr ply lohntan.,6df585d7ee39ae63093632e1a1c986836ddd7cdde6f609781198b7eb3f5e8b9c
401,Je ne peux pas t'aider aujourd'hui.,I can't help you today.,B,ʒə- nə- pˈø pa tɛdˈe oʒuʁdyˈi.,zhohohh- nohohh- peu pa tayday ohzhohohrdyayay.,6df585d7ee39ae63093632e1a1c986836ddd7cdde6f609781198b7eb3f5e8b9c
402,Je ne peux pas te dire pourquoi.,I can't tell you why.,B,ʒə- nə- pˈø pa tə- dˈiʁ puʁkwˈa.,zhohohh- nohohh- peu pa tohohh- dayayr pohohrkwa.,6df585d7ee39ae63093632e1a1c986836ddd7cdde6f609781198b7eb3f5e8b9c
403,Je pourrais t'accompagner.,I could go with you.,B,ʒə- puʁˈɛ takɔ̃panjˈe.,zhohohh- pohohray takohnpanyay.,6df585d7ee39ae63093632e1a1c986836ddd7cdde6f609781198b7eb3f5e8b9c
404,Je pourrais vous faire arrêter.,I could have you arrested.,B,ʒə- puʁˈɛ vu fˈɛʁ aʁɛtˈe.,zhohohh- pohohray vohoh fayr araytay.,6df585d7ee39ae63093632e1a1c986836ddd7cdde6f609781198b7eb3f5e8b9c
405,Je ne pourrais te dire pourquoi.,I couldn't tell you why.,B,ʒə- nə- puʁˈɛ tə- dˈiʁ puʁkwˈa.,zhohohh- nohohh- pohohray tohohh- dayayr pohohrkwa.,6df585d7ee39ae63093632e1a1c986836ddd7cdde6f609781198b7eb3f5e8b9c
406,J'ai bien fait mon travail.,I did my work well.,B,ʒe bjˈɛ̃ fˈɛ mɔ̃ tʁavˈaj.,zhay byayayn fay mohn travay.,6df585d7ee39ae63093632e1a1c986836ddd7cdde6f609781198b7eb3f5e8b9c
407,J'ai fait ce que je pouvais.,I did what I could.,B,ʒe fˈɛ sə- kə ʒə- puvˈɛ.,zhay fay sohohh- kohohh zhohohh- pohohvay.,6df585d7ee39ae63093632e1a1c986836ddd7cdde6f609781198b7eb3f5e8b9c
408,J'ai fait ce que tu as demandé.,I did what you asked.,B,ʒe fˈɛ sə- kə ty a dəmɑ̃dˈe.,zhay fay sohohh- kohohh ty a dohohhmanday.,6df585d7ee39ae63093632e1a1c986836ddd7cdde6f609781198b7eb3f5e8b9c
409,J'ai fait ce que vous vouliez.,I did what you wanted.,B,ʒe fˈɛ sə- kə vu vuljˈe.,zhay fay sohohh- kohohh vohoh vohohlyay.,6df585d7ee39ae63093632e1a1c986836ddd7cdde6f609781198b7eb3f5e8b9c
410,Je n'avais pas besoin de ton aide.,I didn't need your help.,B,ʒə- navˈɛ pa bəzwˈɛ̃ də- tɔ̃n ˈɛd.,zhohohh- navay pa bohohhzwayayn dohohh- tohnn ayd.,6df585d7ee39ae63093632e1a1c986836ddd7cdde6f609781198b7eb3f5e8b9c
411,J'espère vraiment que vous comprenez.,I do hope you understand.,B,ʒɛspˈɛʁ vʁɛmˈɑ̃ kə vu kɔ̃pʁənˈe.,zhayspayr vrayman kohohh vohoh kohnprohohhnay.,6df585d7ee39ae63093632e1a1c986836ddd7cdde6f609781198b7eb3f5e8b9c
412,Je fais bien mon travail.,I do my work well.,B,ʒə- fˈɛ bjˈɛ̃ mɔ̃ tʁavˈaj.,zhohohh- fay byayayn mohn travay.,6df585d7ee39ae63093632e1a1c986836ddd7cdde6f609781198b7eb3f5e8b9c
413,J'ai vraiment besoin de votre aide.,I do need your help.,B,ʒe vʁɛmˈɑ̃ bəzwˈɛ̃ də- votʁ ˈɛd.,zhay vrayman bohohhzwayayn dohohh- vohtr ayd.,6df585d7ee39ae63093632e1a1c986836ddd7cdde6f609781198b7eb3f5e8b9c
414,Je pense vraiment que je comprends.,I do think I understand.,B,ʒə- pˈɑ̃s vʁɛmˈɑ̃ kə ʒə- kɔ̃pʁˈɑ̃.,zhohohh- pans vrayman kohohh zhohohh- kohnpran.,6df585d7ee39ae63093632e1a1c986836ddd7cdde6f609781198b7eb3f5e8b9c
415,Je fais ce qui est requis.,I do what is required.,B,ʒə- fˈɛ sə- ki ɛ ʁəkˈi.,zhohohh- fay sohohh- kayay ay rohohhkayay.,6df585d7ee39ae63093632e1a1c986836ddd7cdde6f609781198b7eb3f5e8b9c
416,Je n'ai pas le temps aujourd'hui.,I don't have time today.,B,ʒə- ne pa lə- tˈɑ̃ oʒuʁdyˈi.,zhohohh- nay pa lohohh- tan ohzhohohrdyayay.,6df585d7ee39ae63093632e1a1c986836ddd7cdde6f609781198b7eb3f5e8b9c
417,Mon travail ne me plaît pas.,I don't like my work.,B,mɔ̃ tʁavˈaj nə- mə- plˈɛ pˈa.,mohn travay nohohh- mohohh- play pa.,6df585d7ee39ae63093632e1a1c986836ddd7cdde6f609781198b7eb3f5e8b9c
418,Je n'ai pas besoin de toi ici.,I don't need you here.,B,ʒə- ne pa bəzwˈɛ̃ də- twˌa isˈi.,zhohohh- nay pa bohohhzwayayn dohohh- twa ayaysayay.,6df585d7ee39ae63093632e1a1c986836ddd7cdde6f609781198b7eb3f5e8b9c
419,Je n'ai pas besoin de ton aide.,I don't need your help.,B,ʒə- ne pa bəzwˈɛ̃ də- tɔ̃n ˈɛd.,zhohohh- nay pa bohohhzwayayn dohohh- tohnn ayd.,6df585d7ee39ae63093632e1a1c986836ddd7cdde6f609781198b7eb3f5e8b9c
420,Je ne pense pas que vous compreniez.,I don't think you understand.,B,ʒə- nə- pˈɑ̃s pa kə vu kɔ̃pʁənjˈe.,zhohohh- nohohh- pans pa kohohh vohoh kohnprohohhnyay.,6df585d7ee39ae63093632e1a1c986836ddd7cdde6f609781198b7eb3f5e8b9c
421,Je ne veux pas de toi ici.,I don't want you here.,B,ʒə- nə- vˈø pa də- twˌa isˈi.,zhohohh- nohohh- veu pa dohohh- twa ayaysayay.,6df585d7ee39ae63093632e1a1c986836ddd7cdde6f609781198b7eb3f5e8b9c
422,J'ai l'impression d'être prêt.,I feel like I'm ready.,B,ʒe lɛ̃pʁɛsjˈɔ̃ dˈɛtʁ pʁˈɛ.,zhay layaynpraysyohn daytr pray.,6df585d7ee39ae63093632e1a1c986836ddd7cdde6f609781198b7eb3f5e8b9c
423,J'ai envie de boire un coup.,I feel like a drink.,B,ʒe ɑ̃vˈi də- bwˈaʁ œ̃ kˈu.,zhay anvayay dohohh- bwar ohohn kohoh.,6df585d7ee39ae63093632e1a1c986836ddd7cdde6f609781198b7eb3f5e8b9c
424,J'ai envie de te voir.,I feel like seeing you.,B,ʒe ɑ̃vˈi də- tə- vwˈaʁ.,zhay anvayay dohohh- tohohh- vwar.,6df585d7ee39ae63093632e1a1c986836ddd7cdde6f609781198b7eb3f5e8b9c
425,Je me sens désolé pour toi.,I feel sorry for you.,B,ʒə- mə- sˈɑ̃ dezolˈe puʁ twˈa.,zhohohh- mohohh- san dayzohlay pohohr twa.,6df585d7ee39ae63093632e1a1c986836ddd7cdde6f609781198b7eb3f5e8b9c
426,Je suis venu aider.,I have come to help.,B,ʒə- syˌi vənˈy ɛdˈe.,zhohohh- syayay vohohhny ayday.,6df585d7ee39ae63093632e1a1c986836ddd7cdde6f609781198b7eb3f5e8b9c
427,J'ai terminé mon travail.,I have finished my work.,B,ʒe tɛʁminˈe mɔ̃ tʁavˈaj.,zhay tayrmayaynay mohn travay.,6df585d7ee39ae63093632e1a1c986836ddd7cdde6f609781198b7eb3f5e8b9c
428,Je viens juste d'arriver ici.,I have just come here.,B,ʒə- vjˈɛ̃ ʒˈyst daʁivˈe isˈi.,zhohohh- vyayayn zhyst darayayvay ayaysayay.,6df585d7ee39ae63093632e1a1c986836ddd7cdde6f609781198b7eb3f5e8b9c
429,"Je n'ai pas d'énergie, aujourd'hui.",I have no energy today.,B,"ʒə- ne pa denɛʁʒˈi, oʒuʁdyˈi.","zhohohh- nay pa daynayrzhayay, ohzhohohrdyayay.",6df585d7ee39ae63093632e1a1c986836ddd7cdde6f609781198b7eb3f5e8b9c
430,Je n'ai pas de devoirs aujourd'hui.,I have no homework today.,B,ʒə- ne pa də- dəvwˈaʁz oʒuʁdyˈi.,zhohohh- nay pa dohohh- dohohhvwarz ohzhohohrdyayay.,6df585d7ee39ae63093632e1a1c986836ddd7cdde6f609781198b7eb3f5e8b9c
431,Je ne sais absolument pas pourquoi.,I have no idea why.,B,ʒə- nə- sˈɛz absolymˈɑ̃ pa puʁkwˈa.,zhohohh- nohohh- sayz absohlyman pa pohohrkwa.,6df585d7ee39ae63093632e1a1c986836ddd7cdde6f609781198b7eb3f5e8b9c
432,Je n'ai pas le temps demain.,I have no time tomorrow.,B,ʒə- ne pa lə- tˈɑ̃ dəmˈɛ̃.,zhohohh- nay pa lohohh- tan dohohhmayayn.,6df585d7ee39ae63093632e1a1c986836ddd7cdde6f609781198b7eb3f5e8b9c
433,J'ai quelque chose que tu veux.,I have something you want.,B,ʒe kˌɛlkə ʃˈɔz kə ty vˈø.,zhay kaylkohohh shohz kohohh ty veu.,6df585d7ee39ae63093632e1a1c986836ddd7cdde6f609781198b7eb3f5e8b9c
434,Je dois me rendre chez moi.,I have to go home.,B,ʒə- dwˈa mə- ʁˈɑ̃dʁ ʃe mwˈa.,zhohohh- dwa mohohh- randr shay mwa.,6df585d7ee39ae63093632e1a1c986836ddd7cdde6f609781198b7eb3f5e8b9c
435,Il faut que j'aille bosser.,I have to go work.,B,il fo kə ʒˈaj bɔsˈe.,ayayl foh kohohh zhay bohsay.,6df585d7ee39ae63093632e1a1c986836ddd7cdde6f609781198b7eb3f5e8b9c
436,Je dois savoir pourquoi.,I have to know why.,B,ʒə- dwˈa savwˈaʁ puʁkwˈa.,zhohohh- dwa savwar pohohrkwa.,6df585d7ee39ae63093632e1a1c986836ddd7cdde6f609781198b7eb3f5e8b9c
437,Je dois dire non.,I have to say no.,B,ʒə- dwˈa dˈiʁ nˈɔ̃.,zhohohh- dwa dayayr nohn.,6df585d7ee39ae63093632e1a1c986836ddd7cdde6f609781198b7eb3f5e8b9c
438,"Je dois travailler, demain.",I have to work tomorrow.,B,"ʒə- dwˈa tʁavajˈe, dəmˈɛ̃.","zhohohh- dwa travayay, dohohhmayayn.",6df585d7ee39ae63093632e1a1c986836ddd7cdde6f609781198b7eb3f5e8b9c
439,J'ai ce dont j'ai besoin.,I have what I need.,B,ʒe sə- dɔ̃ ʒe bəzwˈɛ̃.,zhay sohohh- dohn zhay bohohhzwayayn.,6df585d7ee39ae63093632e1a1c986836ddd7cdde6f609781198b7eb3f5e8b9c
440,C'est toi que je dois remercier.,I have you to thank.,B,sɛ twˌa kə ʒə- dwˈa ʁəmɛʁsjˈe.,say twa kohohh zhohohh- dwa rohohhmayrsyay.,6df585d7ee39ae63093632e1a1c986836ddd7cdde6f609781198b7eb3f5e8b9c
441,Je savais que tu comprendrais.,I knew you would understand.,B,ʒə- savˈɛ kə ty kɔ̃pʁɑ̃dʁˈɛ.,zhohohh- savay kohohh ty kohnprandray.,6df585d7ee39ae63093632e1a1c986836ddd7cdde6f609781198b7eb3f5e8b9c
442,Je peux bien comprendre ce que tu ressens.,I can understand how you feel.,B,ʒə- pˈø bjˈɛ̃ kɔ̃pʁˈɑ̃dʁ sə- kə ty ʁəsˈɛn.,zhohohh- peu byayayn kohnprandr sohohh- kohohh ty rohohhsayn.,6df585d7ee39ae63093632e1a1c986836ddd7cdde6f609781198b7eb3f5e8b9c
443,Je sais qu'il y en a d'autres.,I know there are others.,B,ʒə- sˈɛ kil i ɑ̃n a dˈotʁ.,zhohohh- say kayayl ayay ann a dohtr.,6df585d7ee39ae63093632e1a1c986836ddd7cdde6f609781198b7eb3f5e8b9c
444,Je sais ce que j'aime.,I know what I like.,B,ʒə- sˈɛ sə- kə ʒˈɛm.,zhohohh- say sohohh- kohohh zhaym.,6df585d7ee39ae63093632e1a1c986836ddd7cdde6f609781198b7eb3f5e8b9c
445,Je sais ce que je vais faire.,I know what I'll do.,B,ʒə- sˈɛ sə- kə ʒə- vˈɛ fˈɛʁ.,zhohohh- say sohohh- kohohh zhohohh- vay fayr.,6df585d7ee39ae63093632e1a1c986836ddd7cdde6f609781198b7eb3f5e8b9c
446,Je sais ce qu'il s'est passé ici.,I know what happened here.,B,ʒə- sˈɛ sə- kil sɛ pasˈe isˈi.,zhohohh- say sohohh- kayayl say pasay ayaysayay.,6df585d7ee39ae63093632e1a1c986836ddd7cdde6f609781198b7eb3f5e8b9c
447,Je sais ce qu'est l'amour.,I know what love is.,B,ʒə- sˈɛ sə- kɛ lamˈuʁ.,zhohohh- say sohohh- kay lamohohr.,6df585d7ee39ae63093632e1a1c986836ddd7cdde6f609781198b7eb3f5e8b9c
448,Je sais ce que c'est que cela.,I know what that is.,B,ʒə- sˈɛ sə- kə sɛ kə səlˈa.,zhohohh- say sohohh- kohohh say kohohh sohohhla.,6df585d7ee39ae63093632e1a1c986836ddd7cdde6f609781198b7eb3f5e8b9c
449,Je sais ce qu'ils veulent.,I know what they want.,B,ʒə- sˈɛ sə- kil vˈœl.,zhohohh- say sohohh- kayayl veul.,6df585d7ee39ae63093632e1a1c986836ddd7cdde6f609781198b7eb3f5e8b9c
450,Je sais quoi faire.,I know what to do.,B,ʒə- sˈɛ kwˌa fˈɛʁ.,zhohohh- say kwa fayr.,6df585d7ee39ae63093632e1a1c986836ddd7cdde6f609781198b7eb3f5e8b9c
451,Je sais ce que tu sais.,I know what you know.,B,ʒə- sˈɛ sə- kə ty sˈɛ.,zhohohh- say sohohh- kohohh ty say.,6df585d7ee39ae63093632e1a1c986836ddd7cdde6f609781198b7eb3f5e8b9c
452,Je sais ce que tu veux.,I know what you want.,B,ʒə- sˈɛ sə- kə ty vˈø.,zhohohh- say sohohh- kohohh ty veu.,6df585d7ee39ae63093632e1a1c986836ddd7cdde6f609781198b7eb3f5e8b9c
453,Je sais où il est.,I know where he is.,B,ʒə- sˈɛz u il ˈɛ.,zhohohh- sayz ohoh ayayl ay.,6df585d7ee39ae63093632e1a1c986836ddd7cdde6f609781198b7eb3f5e8b9c
454,Je sais où c'est.,I know where it is.,B,ʒə- sˈɛz u sˈɛ.,zhohohh- sayz ohoh say.,6df585d7ee39ae63093632e1a1c986836ddd7cdde6f609781198b7eb3f5e8b9c
455,Je sais où elle est.,I know where she is.,B,ʒə- sˈɛz u ɛl ˈɛ.,zhohohh- sayz ohoh ayl ay.,6df585d7ee39ae63093632e1a1c986836ddd7cdde6f609781198b7eb3f5e8b9c
456,Je sais où ils sont.,I know where they are.,B,ʒə- sˈɛz u il sˈɔ̃.,zhohohh- sayz ohoh ayayl sohn.,6df585d7ee39ae63093632e1a1c986836ddd7cdde6f609781198b7eb3f5e8b9c
457,Je sais où on est.,I know where we are.,B,ʒə- sˈɛz u ɔ̃n ˈɛ.,zhohohh- sayz ohoh ohnn ay.,6df585d7ee39ae63093632e1a1c986836ddd7cdde6f609781198b7eb3f5e8b9c
458,Je sais où tu es.,I know where you are.,B,ʒə- sˈɛz u ty ˈɛ.,zhohohh- sayz ohoh ty ay.,6df585d7ee39ae63093632e1a1c986836ddd7cdde6f609781198b7eb3f5e8b9c
459,Je sais où tu habites.,I know where you live.,B,ʒə- sˈɛz u ty abˈit.,zhohohh- sayz ohoh ty abayayt.,6df585d7ee39ae63093632e1a1c986836ddd7cdde6f609781198b7eb3f5e8b9c
460,Je sais où tu travailles.,I know where you work.,B,ʒə- sˈɛz u ty tʁavˈaj.,zhohohh- sayz ohoh ty travay.,6df585d7ee39ae63093632e1a1c986836ddd7cdde6f609781198b7eb3f5e8b9c
461,Je sais qui a fait ça.,I know who did that.,B,ʒə- sˈɛ ki a fˈɛ sˈa.,zhohohh- say kayay a fay sa.,6df585d7ee39ae63093632e1a1c986836ddd7cdde6f609781198b7eb3f5e8b9c
462,Je sais qui c'est.,I know who that is.,B,ʒə- sˈɛ ki sˈɛ.,zhohohh- say kayay say.,6df585d7ee39ae63093632e1a1c986836ddd7cdde6f609781198b7eb3f5e8b9c
463,Je sais que tu n'es pas prêt.,I know you aren't ready.,B,ʒə- sˈɛ kə ty nɛ pa pʁˈɛ.,zhohohh- say kohohh ty nay pa pray.,6df585d7ee39ae63093632e1a1c986836ddd7cdde6f609781198b7eb3f5e8b9c
464,Je sais que tu ne peux pas attendre.,I know you can't wait.,B,ʒə- sˈɛ kə ty nə- pˈø paz atˈɑ̃dʁ.,zhohohh- say kohohh ty nohohh- peu paz atandr.,6df585d7ee39ae63093632e1a1c986836ddd7cdde6f609781198b7eb3f5e8b9c
465,Je sais que tu te sens seul.,I know you feel lonely.,B,ʒə- sˈɛ kə ty tə- sˈɑ̃ sˈœl.,zhohohh- say kohohh ty tohohh- san seul.,6df585d7ee39ae63093632e1a1c986836ddd7cdde6f609781198b7eb3f5e8b9c
466,Je sais que tu te sens triste.,I know you feel sad.,B,ʒə- sˈɛ kə ty tə- sˈɑ̃ tʁˈist.,zhohohh- say kohohh ty tohohh- san trayayst.,6df585d7ee39ae63093632e1a1c986836ddd7cdde6f609781198b7eb3f5e8b9c
467,Je sais que tu détestes l'école.,I know you hate school.,B,ʒə- sˈɛ kə ty detˈɛst lekˈɔl.,zhohohh- say kohohh ty daytayst laykohl.,6df585d7ee39ae63093632e1a1c986836ddd7cdde6f609781198b7eb3f5e8b9c
468,Je sais que tu l'as.,I know you have it.,B,ʒə- sˈɛ kə ty lˈa.,zhohohh- say kohohh ty la.,6df585d7ee39ae63093632e1a1c986836ddd7cdde6f609781198b7eb3f5e8b9c
469,Je sais que tu aimes le café.,I know you like coffee.,B,ʒə- sˈɛ kə ty ˈɛm lə- kafˈe.,zhohohh- say kohohh ty aym lohohh- kafay.,6df585d7ee39ae63093632e1a1c986836ddd7cdde6f609781198b7eb3f5e8b9c
470,Je sais que tu m'apprécies.,I know you like me.,B,ʒə- sˈɛ kə ty mapʁesˈi.,zhohohh- say kohohh ty mapraysayay.,6df585d7ee39ae63093632e1a1c986836ddd7cdde6f609781198b7eb3f5e8b9c
471,Je sais que tu aimes le sport.,I know you like sports.,B,ʒə- sˈɛ kə ty ˈɛm lə- spˈɔʁ.,zhohohh- say kohohh ty aym lohohh- spohr.,6df585d7ee39ae63093632e1a1c986836ddd7cdde6f609781198b7eb3f5e8b9c
472,Je sais que tu vis ici.,I know you live here.,B,ʒə- sˈɛ kə ty vˈi isˈi.,zhohohh- say kohohh ty vayay ayaysayay.,6df585d7ee39ae63093632e1a1c986836ddd7cdde6f609781198b7eb3f5e8b9c
473,Je sais que tu m'aimes.,I know you love me.,B,ʒə- sˈɛ kə ty mˈɛm.,zhohohh- say kohohh ty maym.,6df585d7ee39ae63093632e1a1c986836ddd7cdde6f609781198b7eb3f5e8b9c
474,Je sais que tu parles français.,I know you speak French.,B,ʒə- sˈɛ kə ty pˈaʁl fʁɑ̃sˈɛ.,zhohohh- say kohohh ty parl fransay.,6df585d7ee39ae63093632e1a1c986836ddd7cdde6f609781198b7eb3f5e8b9c
475,J'aime votre façon de penser.,I like how you think.,B,ʒˈɛm votʁ fasˈɔ̃ də- pɑ̃sˈe.,zhaym vohtr fasohn dohohh- pansay.,6df585d7ee39ae63093632e1a1c986836ddd7cdde6f609781198b7eb3f5e8b9c
476,J'ai besoin d'un peu d'aide ici.,I need some help here.,B,ʒe bəzwˈɛ̃ dœ̃ pø dˈɛd isˈi.,zhay bohohhzwayayn dohohn peu dayd ayaysayay.,6df585d7ee39ae63093632e1a1c986836ddd7cdde6f609781198b7eb3f5e8b9c
477,J'ai besoin d'y aller.,I need to go there.,B,ʒe bəzwˈɛ̃ di alˈe.,zhay bohohhzwayayn dayay alay.,6df585d7ee39ae63093632e1a1c986836ddd7cdde6f609781198b7eb3f5e8b9c
478,J'aurai besoin de toi ici demain.,I will need you here tomorrow.,B,ʒoʁˈe bəzwˈɛ̃ də- twˌa isˈi dəmˈɛ̃.,zhohray bohohhzwayayn dohohh- twa ayaysayay dohohhmayayn.,6df585d7ee39ae63093632e1a1c986836ddd7cdde6f609781198b7eb3f5e8b9c
479,Je ne t'aime plus.,I don't love you anymore.,B,ʒə- nə- tˈɛm plˈy.,zhohohh- nohohh- taym ply.,6df585d7ee39ae63093632e1a1c986836ddd7cdde6f609781198b7eb3f5e8b9c
480,Je ne travaille plus ici.,I no longer work here.,B,ʒə- nə- tʁavˈaj plyz isˈi.,zhohohh- nohohh- travay plyz ayaysayay.,6df585d7ee39ae63093632e1a1c986836ddd7cdde6f609781198b7eb3f5e8b9c
481,J'ai vraiment besoin de ton aide.,I really need your help.,B,ʒe vʁɛmˈɑ̃ bəzwˈɛ̃ də- tɔ̃n ˈɛd.,zhay vrayman bohohhzwayayn dohohh- tohnn ayd.,6df585d7ee39ae63093632e1a1c986836ddd7cdde6f609781198b7eb3f5e8b9c
482,Je vois que tu es prête.,I see you are ready.,B,ʒə- vwˈa kə ty ɛ pʁˈɛt.,zhohohh- vwa kohohh ty ay prayt.,6df585d7ee39ae63093632e1a1c986836ddd7cdde6f609781198b7eb3f5e8b9c
483,Je pense que je sais pourquoi.,I think I know why.,B,ʒə- pˈɑ̃s kə ʒə- sˈɛ puʁkwˈa.,zhohohh- pans kohohh zhohohh- say pohohrkwa.,6df585d7ee39ae63093632e1a1c986836ddd7cdde6f609781198b7eb3f5e8b9c
484,Je pense que je vous connais.,I think I know you.,B,ʒə- pˈɑ̃s kə ʒə- vu kɔnˈɛ.,zhohohh- pans kohohh zhohohh- vohoh kohnay.,6df585d7ee39ae63093632e1a1c986836ddd7cdde6f609781198b7eb3f5e8b9c
485,Je crois que je t'aime bien.,I think I like you.,B,ʒə- kʁwˈa kə ʒə- tˈɛm bjˈɛ̃.,zhohohh- krwa kohohh zhohohh- taym byayayn.,6df585d7ee39ae63093632e1a1c986836ddd7cdde6f609781198b7eb3f5e8b9c
486,Je pense que tout le monde est prêt.,I think everybody is ready.,B,ʒə- pˈɑ̃s kə tulmˈɔ̃d ɛ pʁˈɛ.,zhohohh- pans kohohh tohohlmohnd ay pray.,6df585d7ee39ae63093632e1a1c986836ddd7cdde6f609781198b7eb3f5e8b9c
487,Je pense que ça aiderait.,I think that would help.,B,ʒə- pˈɑ̃s kə sa ɛdʁˈɛ.,zhohohh- pans kohohh sa aydray.,6df585d7ee39ae63093632e1a1c986836ddd7cdde6f609781198b7eb3f5e8b9c
488,Je pense qu'ils me connaissent.,I think they know me.,B,ʒə- pˈɑ̃s kil mə- kɔnˈɛs.,zhohohh- pans kayayl mohohh- kohnays.,6df585d7ee39ae63093632e1a1c986836ddd7cdde6f609781198b7eb3f5e8b9c
489,Je pense qu'ils vous connaissent.,I think they know you.,B,ʒə- pˈɑ̃s kil vu kɔnˈɛs.,zhohohh- pans kayayl vohoh kohnays.,6df585d7ee39ae63093632e1a1c986836ddd7cdde6f609781198b7eb3f5e8b9c
490,Je crois qu'ils m'aiment.,I think they like me.,B,ʒə- kʁwˈa kil mˈɛm.,zhohohh- krwa kayayl maym.,6df585d7ee39ae63093632e1a1c986836ddd7cdde6f609781198b7eb3f5e8b9c
491,Je crois qu'ils vous aiment.,I think they like you.,B,ʒə- kʁwˈa kil vuz ˈɛm.,zhohohh- krwa kayayl vohohz aym.,6df585d7ee39ae63093632e1a1c986836ddd7cdde6f609781198b7eb3f5e8b9c
492,Je pense que l'avenir nous le dira.,I think time will tell.,B,ʒə- pˈɑ̃s kə lavnˈiʁ nu lə- diʁˈa.,zhohohh- pans kohohh lavnayayr nohoh lohohh- dayayra.,6df585d7ee39ae63093632e1a1c986836ddd7cdde6f609781198b7eb3f5e8b9c
493,Je pense que nous pouvons gérer.,I think we can manage.,B,ʒə- pˈɑ̃s kə nu puvˈɔ̃ ʒeʁˈe.,zhohohh- pans kohohh nohoh pohohvohn zhayray.,6df585d7ee39ae63093632e1a1c986836ddd7cdde6f609781198b7eb3f5e8b9c
494,Je pense qu'on en a besoin.,I think we need it.,B,ʒə- pˈɑ̃s kɔ̃n ɑ̃n a bəzwˈɛ̃.,zhohohh- pans kohnn ann a bohohhzwayayn.,6df585d7ee39ae63093632e1a1c986836ddd7cdde6f609781198b7eb3f5e8b9c
495,Je crois que vous avez tort.,I think you're wrong.,A,ʒə- kʁwˈa kə vuz avˈe tˈɔʁ.,zhohohh- krwa kohohh vohohz avay tohr.,6df585d7ee39ae63093632e1a1c986836ddd7cdde6f609781198b7eb3f5e8b9c
496,Je crois que vous m'avez bien entendu.,I think you heard me correctly.,B,ʒə- kʁwˈa kə vu mavˈe bjˈɛ̃n ɑ̃tɑ̃dˈy.,zhohohh- krwa kohohh vohoh mavay byayaynn antandy.,6df585d7ee39ae63093632e1a1c986836ddd7cdde6f609781198b7eb3f5e8b9c
497,Je comprends ce que tu ressens.,I understand how you feel.,B,ʒə- kɔ̃pʁˈɑ̃ sə- kə ty ʁəsˈɛn.,zhohohh- kohnpran sohohh- kohohh ty rohohhsayn.,6df585d7ee39ae63093632e1a1c986836ddd7cdde6f609781198b7eb3f5e8b9c
498,Je veux rentrer chez moi.,I want to go home.,B,ʒə- vˈø ʁɑ̃tʁˈe ʃe mwˈa.,zhohohh- veu rantray shay mwa.,6df585d7ee39ae63093632e1a1c986836ddd7cdde6f609781198b7eb3f5e8b9c
499,Je veux te faire plaisir.,I want to please you.,B,ʒə- vˈø tə- fˈɛʁ plɛzˈiʁ.,zhohohh- veu tohohh- fayr playzayayr.,6df585d7ee39ae63093632e1a1c986836ddd7cdde6f609781198b7eb3f5e8b9c
500,Je veux que tu viennes.,I want you to come.,B,ʒə- vˈø kə ty vjˈɛn.,zhohohh- veu kohohh ty vyayn.,6df585d7ee39ae63093632e1a1c986836ddd7cdde6f609781198b7eb3f5e8b9c
501,Je veux que vous aidiez.,I want you to help.,B,ʒə- vˈø kə vuz ɛdjˈe.,zhohohh- veu kohohh vohohz aydyay.,6df585d7ee39ae63093632e1a1c986836ddd7cdde6f609781198b7eb3f5e8b9c
502,Je ferai ce que tu veux.,I'll do what you want.,B,ʒə- fəʁˈe sə- kə ty vˈø.,zhohohh- fohohhray sohohh- kohohh ty veu.,6df585d7ee39ae63093632e1a1c986836ddd7cdde6f609781198b7eb3f5e8b9c
503,On peut peut-être vous aider.,Maybe we can help you.,B,ɔ̃ pˈø pˈøtˈɛtʁ vuz ɛdˈe.,ohn peu peutaytr vohohz ayday.,6df585d7ee39ae63093632e1a1c986836ddd7cdde6f609781198b7eb3f5e8b9c
504,Ma maison est ta maison.,My home is your home.,B,ma- mɛzˈɔ̃ ɛ ta- mɛzˈɔ̃.,ma- mayzohn ay ta- mayzohn.,6df585d7ee39ae63093632e1a1c986836ddd7cdde6f609781198b7eb3f5e8b9c
505,"Ça ne fait rien, je peux attendre.","No problem, I can wait.",B,"sa nə- fˈɛ ʁjˈɛ̃, ʒə- pˈøz atˈɑ̃dʁ.","sa nohohh- fay ryayayn, zhohohh- peuz atandr.",6df585d7ee39ae63093632e1a1c986836ddd7cdde6f609781198b7eb3f5e8b9c
506,"Venez m'aider, s'il vous plaît.",Please come and help me.,B,"vənˈe mɛdˈe, sil vu plˈɛ.","vohohhnay mayday, sayayl vohoh play.",6df585d7ee39ae63093632e1a1c986836ddd7cdde6f609781198b7eb3f5e8b9c
507,Venez me voir demain s'il vous plaît.,Please come see me tomorrow.,B,vənˈe mə- vwˈaʁ dəmˈɛ̃ sil vu plˈɛ.,vohohhnay mohohh- vwar dohohhmayayn sayayl vohoh play.,6df585d7ee39ae63093632e1a1c986836ddd7cdde6f609781198b7eb3f5e8b9c
508,"S'il vous plaît, laissez-moi rentrer chez moi !",Please let me go home.,B,"sil vu plˈɛ, lɛsˈemwˌa ʁɑ̃tʁˈe ʃe mwˈa !","sayayl vohoh play, laysaymwa rantray shay mwa !",6df585d7ee39ae63093632e1a1c986836ddd7cdde6f609781198b7eb3f5e8b9c
509,Veuillez rester où vous êtes.,Please stay where you are.,B,vœjˈe ʁɛstˈe u vuz ˈɛt.,veuyay raystay ohoh vohohz ayt.,6df585d7ee39ae63093632e1a1c986836ddd7cdde6f609781198b7eb3f5e8b9c
510,Pourriez-vous m'indiquer votre localisation ?,Could you tell me your location?,B,puʁjˈevu mɛ̃dikˈe votʁ lokalizasjˈɔ̃ ?,pohohryayvohoh mayayndayaykay vohtr lohkalayayzasyohn ?,6df585d7ee39ae63093632e1a1c986836ddd7cdde6f609781198b7eb3f5e8b9c
511,"S’il vous plaît, pouvez-vous me donner votre nom ?","Can you give me your name, please?",B,"sil vu plˈɛ, puvˈevu mə- dɔnˈe votʁ nˈɔ̃ ?","sayayl vohoh play, pohohvayvohoh mohohh- dohnay vohtr nohn ?",6df585d7ee39ae63093632e1a1c986836ddd7cdde6f609781198b7eb3f5e8b9c
512,Donnez-moi votre opinion s'il vous plaît.,Please give me your opinion.,B,dɔnˈemwˌa votʁ opinjˈɔ̃ sil vu plˈɛ.,dohnaymwa vohtr ohpayaynyohn sayayl vohoh play.,6df585d7ee39ae63093632e1a1c986836ddd7cdde6f609781198b7eb3f5e8b9c
513,"Désolé, je ne peux pas t'aider.","Sorry, I can't help you.",B,"dezolˈe, ʒə- nə- pˈø pa tɛdˈe.","dayzohlay, zhohohh- nohohh- peu pa tayday.",6df585d7ee39ae63093632e1a1c986836ddd7cdde6f609781198b7eb3f5e8b9c
514,Dis-moi tout ce que tu sais.,Tell me everything you know.,B,dˈimwˌa tu sə- kə ty sˈɛ.,dayaymwa tohoh sohohh- kohohh ty say.,6df585d7ee39ae63093632e1a1c986836ddd7cdde6f609781198b7eb3f5e8b9c
515,Dis-moi quoi faire.,Tell me what to do.,B,dˈimwˌa kwˌa fˈɛʁ.,dayaymwa kwa fayr.,6df585d7ee39ae63093632e1a1c986836ddd7cdde6f609781198b7eb3f5e8b9c
516,Dis-moi ce que tu as acheté.,Tell me what you bought.,B,dˈimwˌa sə- kə ty az aʃtˈe.,dayaymwa sohohh- kohohh ty az ashtay.,6df585d7ee39ae63093632e1a1c986836ddd7cdde6f609781198b7eb3f5e8b9c
517,Dis-moi ce qui te plaît.,Tell me what you like.,B,dˈimwˌa sə- ki tə- plˈɛ.,dayaymwa sohohh- kayay tohohh- play.,6df585d7ee39ae63093632e1a1c986836ddd7cdde6f609781198b7eb3f5e8b9c
518,Dis-moi quand le dîner est prêt.,Tell me when dinner's ready.,B,dˈimwˌa kɑ̃ lə- dinˈe ɛ pʁˈɛ.,dayaymwa kan lohohh- dayaynay ay pray.,6df585d7ee39ae63093632e1a1c986836ddd7cdde6f609781198b7eb3f5e8b9c
519,Dis-moi qui a fait ça.,Tell me who did this.,B,dˈimwˌa ki a fˈɛ sˈa.,dayaymwa kayay a fay sa.,6df585d7ee39ae63093632e1a1c986836ddd7cdde6f609781198b7eb3f5e8b9c
520,Dis-leur qui on est.,Tell them who we are.,B,dˈilœʁ ki ɔ̃n ˈɛ.,dayayleur kayay ohnn ay.,6df585d7ee39ae63093632e1a1c986836ddd7cdde6f609781198b7eb3f5e8b9c
521,Dis-leur qui tu es.,Tell them who you are.,B,dˈilœʁ ki ty ˈɛ.,dayayleur kayay ty ay.,6df585d7ee39ae63093632e1a1c986836ddd7cdde6f609781198b7eb3f5e8b9c
522,Merci de votre assistance.,Thank you for your help.,B,mɛʁsˈi də- votʁ asistˈɑ̃s.,mayrsayay dohohh- vohtr asayaystans.,6df585d7ee39ae63093632e1a1c986836ddd7cdde6f609781198b7eb3f5e8b9c
523,Merci de m'avoir accordé un peu de votre temps.,Thank you for your time.,B,mɛʁsˈi də- mavwˈaʁ akɔʁdˈe œ̃ pø də- votʁ tˈɑ̃.,mayrsayay dohohh- mavwar akohrday ohohn peu dohohh- vohtr tan.,6df585d7ee39ae63093632e1a1c986836ddd7cdde6f609781198b7eb3f5e8b9c
524,C'est pour ça que je t'aime.,That's why I love you.,B,sɛ puʁ sa kə ʒə- tˈɛm.,say pohohr sa kohohh zhohohh- taym.,6df585d7ee39ae63093632e1a1c986836ddd7cdde6f609781198b7eb3f5e8b9c
525,Réfléchis à ce que tu veux.,Think about what you want.,B,ʁefleʃˈi a sə- kə ty vˈø.,rayflayshayay a sohohh- kohohh ty veu.,6df585d7ee39ae63093632e1a1c986836ddd7cdde6f609781198b7eb3f5e8b9c
526,C'est comme ça que nous fonctionnons.,This is how we work.,B,sɛ kɔm sa kə nu fɔ̃ksjɔnˈɔ̃.,say kohm sa kohohh nohoh fohnksyohnohn.,6df585d7ee39ae63093632e1a1c986836ddd7cdde6f609781198b7eb3f5e8b9c
527,Nous pourrions le faire aujourd'hui.,We could do it today.,B,nu puʁjˈɔ̃ lə- fˈɛʁ oʒuʁdyˈi.,nohoh pohohryohn lohohh- fayr ohzhohohrdyayay.,6df585d7ee39ae63093632e1a1c986836ddd7cdde6f609781198b7eb3f5e8b9c
528,Nous pourrions y aller maintenant.,We could go there now.,B,nu puʁjˈɔ̃z i alˈe mɛ̃tnˈɑ̃.,nohoh pohohryohnz ayay alay mayayntnan.,6df585d7ee39ae63093632e1a1c986836ddd7cdde6f609781198b7eb3f5e8b9c
529,Nous pourrions utiliser ton aide.,We could use your help.,B,nu puʁjˈɔ̃z ytilizˈe tɔ̃n ˈɛd.,nohoh pohohryohnz ytayaylayayzay tohnn ayd.,6df585d7ee39ae63093632e1a1c986836ddd7cdde6f609781198b7eb3f5e8b9c
530,On a fait ce qu'on a pu.,We did what we could.,B,ɔ̃n a fˈɛ sə- kɔ̃n a pˈy.,ohnn a fay sohohh- kohnn a py.,6df585d7ee39ae63093632e1a1c986836ddd7cdde6f609781198b7eb3f5e8b9c
531,On fait ce qu'on peut.,We do what we can.,B,ɔ̃ fˈɛ sə- kɔ̃ pˈø.,ohn fay sohohh- kohn peu.,6df585d7ee39ae63093632e1a1c986836ddd7cdde6f609781198b7eb3f5e8b9c
532,On fait ce qu'on veut.,We do what we want.,B,ɔ̃ fˈɛ sə- kɔ̃ vˈø.,ohn fay sohohh- kohn veu.,6df585d7ee39ae63093632e1a1c986836ddd7cdde6f609781198b7eb3f5e8b9c
533,On n'a pas besoin de toi ici.,We don't need you here.,B,ɔ̃ na pa bəzwˈɛ̃ də- twˌa isˈi.,ohn na pa bohohhzwayayn dohohh- twa ayaysayay.,6df585d7ee39ae63093632e1a1c986836ddd7cdde6f609781198b7eb3f5e8b9c
534,Nous n'avons rien à faire ici.,We have nothing to do here.,B,nu navˈɔ̃ ʁjˌɛ̃n a fˈɛʁ isˈi.,nohoh navohn ryayaynn a fayr ayaysayay.,6df585d7ee39ae63093632e1a1c986836ddd7cdde6f609781198b7eb3f5e8b9c
535,On n'a pas cours aujourd'hui.,We have no classes today.,B,ɔ̃ na pa kˈuʁz oʒuʁdyˈi.,ohn na pa kohohrz ohzhohohrdyayay.,6df585d7ee39ae63093632e1a1c986836ddd7cdde6f609781198b7eb3f5e8b9c
536,Nous n'avons pas cours aujourd'hui.,We have no school today.,B,nu navˈɔ̃ pa kˈuʁz oʒuʁdyˈi.,nohoh navohn pa kohohrz ohzhohohrdyayay.,6df585d7ee39ae63093632e1a1c986836ddd7cdde6f609781198b7eb3f5e8b9c
537,Nous avons du travail à faire.,We have work to do.,B,nuz avˈɔ̃ dy- tʁavˈaj a fˈɛʁ.,nohohz avohn dy- travay a fayr.,6df585d7ee39ae63093632e1a1c986836ddd7cdde6f609781198b7eb3f5e8b9c
538,Nous savons quoi faire.,We know what to do.,B,nu savˈɔ̃ kwˌa fˈɛʁ.,nohoh savohn kwa fayr.,6df585d7ee39ae63093632e1a1c986836ddd7cdde6f609781198b7eb3f5e8b9c
539,Nous savons où il est.,We know where it is.,B,nu savˈɔ̃z u il ˈɛ.,nohoh savohnz ohoh ayayl ay.,6df585d7ee39ae63093632e1a1c986836ddd7cdde6f609781198b7eb3f5e8b9c
540,Nous savons où tu étais.,We know where you were.,B,nu savˈɔ̃z u ty etˈɛ.,nohoh savohnz ohoh ty aytay.,6df585d7ee39ae63093632e1a1c986836ddd7cdde6f609781198b7eb3f5e8b9c
541,Nous savons qui a fait cela.,We know who did that.,B,nu savˈɔ̃ ki a fˈɛ səlˈa.,nohoh savohn kayay a fay sohohhla.,6df585d7ee39ae63093632e1a1c986836ddd7cdde6f609781198b7eb3f5e8b9c
542,Nous savons qui ils sont.,We know who they are.,B,nu savˈɔ̃ ki il sˈɔ̃.,nohoh savohn kayay ayayl sohn.,6df585d7ee39ae63093632e1a1c986836ddd7cdde6f609781198b7eb3f5e8b9c
543,Nous avons besoin d'hommes comme vous.,We need men like you.,B,nuz avˈɔ̃ bəzwˈɛ̃ dˈɔm kɔm vˈu.,nohohz avohn bohohhzwayayn dohm kohm vohoh.,6df585d7ee39ae63093632e1a1c986836ddd7cdde6f609781198b7eb3f5e8b9c
544,Nous avons besoin d'aide ici.,We need some help here.,B,nuz avˈɔ̃ bəzwˈɛ̃ dˈɛd isˈi.,nohohz avohn bohohhzwayayn dayd ayaysayay.,6df585d7ee39ae63093632e1a1c986836ddd7cdde6f609781198b7eb3f5e8b9c
545,Nous avons besoin de comprendre pourquoi.,We need to understand why.,B,nuz avˈɔ̃ bəzwˈɛ̃ də- kɔ̃pʁˈɑ̃dʁ puʁkwˈa.,nohohz avohn bohohhzwayayn dohohh- kohnprandr pohohrkwa.,6df585d7ee39ae63093632e1a1c986836ddd7cdde6f609781198b7eb3f5e8b9c
546,Nous voulons t'aider.,We want to help you.,B,nu vulˈɔ̃ tɛdˈe.,nohoh vohohlohn tayday.,6df585d7ee39ae63093632e1a1c986836ddd7cdde6f609781198b7eb3f5e8b9c
547,Nous voulons savoir pourquoi.,We want to know why.,B,nu vulˈɔ̃ savwˈaʁ puʁkwˈa.,nohoh vohohlohn savwar pohohrkwa.,6df585d7ee39ae63093632e1a1c986836ddd7cdde6f609781198b7eb3f5e8b9c
548,Ce que je dis est vrai.,What I say is true.,B,sə- kə ʒə- dˈi ɛ vʁˈɛ.,sohohh- kohohh zhohohh- dayay ay vray.,6df585d7ee39ae63093632e1a1c986836ddd7cdde6f609781198b7eb3f5e8b9c
549,C'est l'aide dont nous avons besoin.,What we need is help.,B,sɛ lˈɛd dɔ̃ nuz avˈɔ̃ bəzwˈɛ̃.,say layd dohn nohohz avohn bohohhzwayayn.,6df585d7ee39ae63093632e1a1c986836ddd7cdde6f609781198b7eb3f5e8b9c
550,"Ce dont nous avons besoin, c'est d'un effet de levier.",What we need is leverage.,B,"sə- dɔ̃ nuz avˈɔ̃ bəzwˈɛ̃, sɛ dœ̃n efˈɛ də- ləvjˈe.","sohohh- dohn nohohz avohn bohohhzwayayn, say dohohnn ayfay dohohh- lohohhvyay.",6df585d7ee39ae63093632e1a1c986836ddd7cdde6f609781198b7eb3f5e8b9c
551,"Ce que nous voulons, c'est la liberté.",What we want is freedom.,B,"sə- kə nu vulˈɔ̃, sɛ la- libɛʁtˈe.","sohohh- kohohh nohoh vohohlohn, say la- layaybayrtay.",6df585d7ee39ae63093632e1a1c986836ddd7cdde6f609781198b7eb3f5e8b9c
552,Ce que tu dis est vrai.,What you say is true.,B,sə- kə ty dˈi ɛ vʁˈɛ.,sohohh- kohohh ty dayay ay vray.,6df585d7ee39ae63093632e1a1c986836ddd7cdde6f609781198b7eb3f5e8b9c
553,Toi seul peux m'aider.,You alone can help me.,B,twˌa sˈœl pˈø mɛdˈe.,twa seul peu mayday.,6df585d7ee39ae63093632e1a1c986836ddd7cdde6f609781198b7eb3f5e8b9c
554,On est ce qu'on mange.,You are what you eat.,B,ɔ̃n ɛ sə- kɔ̃ mˈɑ̃ʒ.,ohnn ay sohohh- kohn manzh.,6df585d7ee39ae63093632e1a1c986836ddd7cdde6f609781198b7eb3f5e8b9c
555,Tu peux toujours venir ici.,You can always come here.,B,ty pˈø tuʒˌuʁ vənˈiʁ isˈi.,ty peu tohohzhohohr vohohhnayayr ayaysayay.,6df585d7ee39ae63093632e1a1c986836ddd7cdde6f609781198b7eb3f5e8b9c
556,Tu peux faire ça demain.,You can do that tomorrow.,B,ty pˈø fˈɛʁ sa dəmˈɛ̃.,ty peu fayr sa dohohhmayayn.,6df585d7ee39ae63093632e1a1c986836ddd7cdde6f609781198b7eb3f5e8b9c
557,Tu peux prendre ton temps.,You can take your time.,B,ty pˈø pʁˈɑ̃dʁ tɔ̃ tˈɑ̃.,ty peu prandr tohn tan.,6df585d7ee39ae63093632e1a1c986836ddd7cdde6f609781198b7eb3f5e8b9c
558,Tu peux me rendre visite demain.,You can visit me tomorrow.,B,ty pˈø mə- ʁˈɑ̃dʁ vizˈit dəmˈɛ̃.,ty peu mohohh- randr vayayzayayt dohohhmayayn.,6df585d7ee39ae63093632e1a1c986836ddd7cdde6f609781198b7eb3f5e8b9c
559,Tu aurais pu me le dire.,You could have told me.,B,ty oʁˈɛ pˈy mə- lə- dˈiʁ.,ty ohray py mohohh- lohohh- dayayr.,6df585d7ee39ae63093632e1a1c986836ddd7cdde6f609781198b7eb3f5e8b9c
560,Tu iras là-bas sans moi.,You will go there without me.,B,ty iʁˈa lˈabˈa sɑ̃ mwˈa.,ty ayayra laba san mwa.,6df585d7ee39ae63093632e1a1c986836ddd7cdde6f609781198b7eb3f5e8b9c
561,Vous devez rentrer chez vous.,You have to go home.,B,vu dəvˈe ʁɑ̃tʁˈe ʃe vˈu.,vohoh dohohhvay rantray shay vohoh.,6df585d7ee39ae63093632e1a1c986836ddd7cdde6f609781198b7eb3f5e8b9c
562,Vous devez m'aider.,You have to help me.,B,vu dəvˈe mɛdˈe.,vohoh dohohhvay mayday.,6df585d7ee39ae63093632e1a1c986836ddd7cdde6f609781198b7eb3f5e8b9c
563,Vous avez du travail à faire.,You have work to do.,B,vuz avˈe dy- tʁavˈaj a fˈɛʁ.,vohohz avay dy- travay a fayr.,6df585d7ee39ae63093632e1a1c986836ddd7cdde6f609781198b7eb3f5e8b9c
564,Tu sais ce que j'ai trouvé.,You know what I found.,B,ty sˈɛ sə- kə ʒe tʁuvˈe.,ty say sohohh- kohohh zhay trohohvay.,6df585d7ee39ae63093632e1a1c986836ddd7cdde6f609781198b7eb3f5e8b9c
565,Tu sais ce que je pense.,You know what I think.,B,ty sˈɛ sə- kə ʒə- pˈɑ̃s.,ty say sohohh- kohohh zhohohh- pans.,6df585d7ee39ae63093632e1a1c986836ddd7cdde6f609781198b7eb3f5e8b9c
566,Vous savez ce que je veux.,You know what I want.,B,vu savˈe sə- kə ʒə- vˈø.,vohoh savay sohohh- kohohh zhohohh- veu.,6df585d7ee39ae63093632e1a1c986836ddd7cdde6f609781198b7eb3f5e8b9c
567,Vous savez ce qu'il faut faire.,You know what to do.,B,vu savˈe sə- kil fo fˈɛʁ.,vohoh savay sohohh- kayayl foh fayr.,6df585d7ee39ae63093632e1a1c986836ddd7cdde6f609781198b7eb3f5e8b9c
568,Tu sais où je suis.,You know where I am.,B,ty sˈɛz u ʒə- syˈi.,ty sayz ohoh zhohohh- syayay.,6df585d7ee39ae63093632e1a1c986836ddd7cdde6f609781198b7eb3f5e8b9c
569,Tu sais où je travaille.,You know where I work.,B,ty sˈɛz u ʒə- tʁavˈaj.,ty sayz ohoh zhohohh- travay.,6df585d7ee39ae63093632e1a1c986836ddd7cdde6f609781198b7eb3f5e8b9c
570,Vous savez de qui je veux parler.,You know who I want to talk about.,B,vu savˈe də- ki ʒə- vˈø paʁlˈe.,vohoh savay dohohh- kayay zhohohh- veu parlay.,6df585d7ee39ae63093632e1a1c986836ddd7cdde6f609781198b7eb3f5e8b9c
571,Vous savez qui c'est.,You know who it is.,B,vu savˈe ki sˈɛ.,vohoh savay kayay say.,6df585d7ee39ae63093632e1a1c986836ddd7cdde6f609781198b7eb3f5e8b9c
572,Vous savez pourquoi je suis partie.,You know why I left.,B,vu savˈe puʁkwˌa ʒə- syˌi paʁtˈi.,vohoh savay pohohrkwa zhohohh- syayay partayay.,6df585d7ee39ae63093632e1a1c986836ddd7cdde6f609781198b7eb3f5e8b9c
573,Tu dois m'aider.,You must help me.,A,ty dwˈa mɛdˈe.,ty dwa mayday.,6df585d7ee39ae63093632e1a1c986836ddd7cdde6f609781198b7eb3f5e8b9c
574,Tu parles comme ta mère.,You speak like your mother.,B,ty pˈaʁl kɔm ta- mˈɛʁ.,ty parl kohm ta- mayr.,6df585d7ee39ae63093632e1a1c986836ddd7cdde6f609781198b7eb3f5e8b9c
575,Comment oses-tu me traiter d'idiot !,How dare you call me an idiot!,B,kɔmˌɑ̃ ˈozty mə- tʁɛtˈe didjˈo !,kohman ohzty mohohh- traytay dayaydyoh !,6df585d7ee39ae63093632e1a1c986836ddd7cdde6f609781198b7eb3f5e8b9c
576,Comment osez-vous ainsi parler ?,How dare you speak like that!,B,kɔmˌɑ̃ ozˈevuz ɛ̃sˌi paʁlˈe ?,kohman ohzayvohohz ayaynsayay parlay ?,6df585d7ee39ae63093632e1a1c986836ddd7cdde6f609781198b7eb3f5e8b9c
577,Je rentre directement à la maison après le travail.,"After work, I go right home.",B,ʒə- ʁˈɑ̃tʁ diʁɛktəmˈɑ̃ a la- mɛzˈɔ̃ apʁˌɛ lə- tʁavˈaj.,zhohohh- rantr dayayrayktohohhman a la- mayzohn apray lohohh- travay.,6df585d7ee39ae63093632e1a1c986836ddd7cdde6f609781198b7eb3f5e8b9c
578,"Tout ce que je peux faire, c'est essayer.",All I can do is try.,B,"tu sə- kə ʒə- pˈø fˈɛʁ, sɛt esɛjˈe.","tohoh sohohh- kohohh zhohohh- peu fayr, sayt aysayyay.",6df585d7ee39ae63093632e1a1c986836ddd7cdde6f609781198b7eb3f5e8b9c
579,Nous ne pouvons qu'attendre.,All we can do is wait.,B,nu nə- puvˈɔ̃ katˈɑ̃dʁ.,nohoh nohohh- pohohvohn katandr.,6df585d7ee39ae63093632e1a1c986836ddd7cdde6f609781198b7eb3f5e8b9c
580,Appelez-moi si vous rencontrez des difficultés.,Call me if you have difficulties.,B,aplˈemwˌa sˈi vu ʁɑ̃kɔ̃tʁˈe de- difikyltˈe.,aplaymwa sayay vohoh rankohntray day- dayayfayaykyltay.,6df585d7ee39ae63093632e1a1c986836ddd7cdde6f609781198b7eb3f5e8b9c
581,Appelle-moi si tu as besoin d'aide.,Call me if you need help.,B,apˈɛlmwˌa sˈi ty a bəzwˈɛ̃ dˈɛd.,apaylmwa sayay ty a bohohhzwayayn dayd.,6df585d7ee39ae63093632e1a1c986836ddd7cdde6f609781198b7eb3f5e8b9c
582,Appelez-moi si vous avez besoin de moi.,Call me if you need me.,B,aplˈemwˌa sˈi vuz avˈe bəzwˈɛ̃ də- mwˈa.,aplaymwa sayay vohohz avay bohohhzwayayn dohohh- mwa.,6df585d7ee39ae63093632e1a1c986836ddd7cdde6f609781198b7eb3f5e8b9c
583,Appelle-moi dès que tu es rentré.,Call me as soon as you get back.,B,apˈɛlmwˌa dɛ kə ty ɛ ʁɑ̃tʁˈe.,apaylmwa day kohohh ty ay rantray.,6df585d7ee39ae63093632e1a1c986836ddd7cdde6f609781198b7eb3f5e8b9c
584,Appelez-nous lorsque vous y arriverez !,Call us when you get there.,B,aplˈenu lˌɔʁskə vuz i aʁivʁˈe !,aplaynohoh lohrskohohh vohohz ayay arayayvray !,6df585d7ee39ae63093632e1a1c986836ddd7cdde6f609781198b7eb3f5e8b9c
585,"Allez, tu peux le faire.","Come on, you can do it.",B,"alˈe, ty pˈø lə- fˈɛʁ.","alay, ty peu lohohh- fayr.",6df585d7ee39ae63093632e1a1c986836ddd7cdde6f609781198b7eb3f5e8b9c
586,"Allez, tu peux me le dire.","Come on, you can tell me.",B,"alˈe, ty pˈø mə- lə- dˈiʁ.","alay, ty peu mohohh- lohohh- dayayr.",6df585d7ee39ae63093632e1a1c986836ddd7cdde6f609781198b7eb3f5e8b9c
587,Viens par ici m'aider.,Come over here and help me.,B,vjˈɛ̃ paʁ isˈi mɛdˈe.,vyayayn par ayaysayay mayday.,6df585d7ee39ae63093632e1a1c986836ddd7cdde6f609781198b7eb3f5e8b9c
588,Fais exactement ce que je te dis.,Do exactly as I tell you.,B,fˈɛz ɛɡzaktəmˈɑ̃ sə- kə ʒə- tə- dˈi.,fayz aygzaktohohhman sohohh- kohohh zhohohh- tohohh- dayay.,6df585d7ee39ae63093632e1a1c986836ddd7cdde6f609781198b7eb3f5e8b9c
589,Fais-le quand tu auras du temps.,Do it when you have time.,B,fˈɛlə- kɑ̃ ty oʁˈa dy- tˈɑ̃.,faylohohh- kan ty ohra dy- tan.,6df585d7ee39ae63093632e1a1c986836ddd7cdde6f609781198b7eb3f5e8b9c
590,Fais ce que tu penses être le mieux.,Do what you think is best.,B,fˈɛ sə- kə ty pˈɑ̃sz ˈɛtʁ lə- mjˈø.,fay sohohh- kohohh ty pansz aytr lohohh- myeu.,6df585d7ee39ae63093632e1a1c986836ddd7cdde6f609781198b7eb3f5e8b9c
591,Fais ce que tu estimes juste.,Do what you think is right.,B,fˈɛ sə- kə ty ɛstˈim ʒˈyst.,fay sohohh- kohohh ty aystayaym zhyst.,6df585d7ee39ae63093632e1a1c986836ddd7cdde6f609781198b7eb3f5e8b9c
592,Fais-en ce que tu veux.,Do what you want with it.,B,fˈɛzɑ̃ sə- kə ty vˈø.,fayzan sohohh- kohohh ty veu.,6df585d7ee39ae63093632e1a1c986836ddd7cdde6f609781198b7eb3f5e8b9c
593,Ne me dis pas ce que je dois faire.,Don't tell me what to do.,B,nə- mə- dˈi pa sə- kə ʒə- dwˈa fˈɛʁ.,nohohh- mohohh- dayay pa sohohh- kohohh zhohohh- dwa fayr.,6df585d7ee39ae63093632e1a1c986836ddd7cdde6f609781198b7eb3f5e8b9c
594,Ne me dis pas que tu ne savais pas.,Don't tell me you didn't know.,B,nə- mə- dˈi pa kə ty nə- savˈɛ pˈa.,nohohh- mohohh- dayay pa kohohh ty nohohh- savay pa.,6df585d7ee39ae63093632e1a1c986836ddd7cdde6f609781198b7eb3f5e8b9c
595,"Excusez-moi, j'ai laissé tomber mes baguettes.","Excuse me, I dropped my chopsticks.",B,"ɛkskyzˈemwˈa, ʒe lɛsˈe tɔ̃bˈe me- baɡˈɛt.","aykskyzaymwa, zhay laysay tohnbay may- bagayt.",6df585d7ee39ae63093632e1a1c986836ddd7cdde6f609781198b7eb3f5e8b9c
596,"Excusez-moi, j'ai une question.","Excuse me, I have a question.",B,"ɛkskyzˈemwˈa, ʒe yn kɛstjˈɔ̃.","aykskyzaymwa, zhay yn kaystyohn.",6df585d7ee39ae63093632e1a1c986836ddd7cdde6f609781198b7eb3f5e8b9c
597,"Excusez-moi, votre lacet est défait.","Excuse me, your shoelace is undone.",B,"ɛkskyzˈemwˈa, votʁ lasˈɛ ɛ defˈɛ.","aykskyzaymwa, vohtr lasay ay dayfay.",6df585d7ee39ae63093632e1a1c986836ddd7cdde6f609781198b7eb3f5e8b9c
598,Il ne comprend pas ce que tu dis.,He doesn't understand what you say.,B,il nə- kɔ̃pʁˈɑ̃ pa sə- kə ty dˈi.,ayayl nohohh- kohnpran pa sohohh- kohohh ty dayay.,6df585d7ee39ae63093632e1a1c986836ddd7cdde6f609781198b7eb3f5e8b9c
599,"Aide-moi avec mon devoir, s’il te plaît.","Help me with my homework, please.",B,"ˈɛdmwˌa avˌɛk mɔ̃ dəvwˈaʁ, sil tə- plˈɛ.","aydmwa avayk mohn dohohhvwar, sayayl tohohh- play.",6df585d7ee39ae63093632e1a1c986836ddd7cdde6f609781198b7eb3f5e8b9c
600,"Hé, je veux t'aider.","Hey, I want to help you.",B,"ˈe, ʒə- vˈø tɛdˈe.","ay, zhohohh- veu tayday.",6df585d7ee39ae63093632e1a1c986836ddd7cdde6f609781198b7eb3f5e8b9c
601,Je suis d'accord avec ce que vous dites.,I agree with what you say.,B,ʒə- syˌi dakˈɔʁ avˌɛk sə- kə vu dˈit.,zhohohh- syayay dakohr avayk sohohh- kohohh vohoh dayayt.,6df585d7ee39ae63093632e1a1c986836ddd7cdde6f609781198b7eb3f5e8b9c
602,Je sais déjà ce que c'est.,I already know what it is.,B,ʒə- sˈɛ deʒˈa sə- kə sˈɛ.,zhohohh- say dayzha sohohh- kohohh say.,6df585d7ee39ae63093632e1a1c986836ddd7cdde6f609781198b7eb3f5e8b9c
603,Je suppose que c'est ce que vous voulez.,I assume that's what you want.,B,ʒə- sypˈɔz kə sɛ sə- kə vu vulˈe.,zhohohh- sypohz kohohh say sohohh- kohohh vohoh vohohlay.,6df585d7ee39ae63093632e1a1c986836ddd7cdde6f609781198b7eb3f5e8b9c
604,Je suppose que vous parlez français.,I assume you speak French.,B,ʒə- sypˈɔz kə vu paʁlˈe fʁɑ̃sˈɛ.,zhohohh- sypohz kohohh vohoh parlay fransay.,6df585d7ee39ae63093632e1a1c986836ddd7cdde6f609781198b7eb3f5e8b9c
605,Je crois que tu as mon parapluie.,I believe you have my umbrella.,B,ʒə- kʁwˈa kə ty a mɔ̃ paʁaplyˈi.,zhohohh- krwa kohohh ty a mohn paraplyayay.,6df585d7ee39ae63093632e1a1c986836ddd7cdde6f609781198b7eb3f5e8b9c
606,Je crois que tu aimes ton métier.,I believe you like your job.,B,ʒə- kʁwˈa kə ty ˈɛm tɔ̃ metjˈe.,zhohohh- krwa kohohh ty aym tohn maytyay.,6df585d7ee39ae63093632e1a1c986836ddd7cdde6f609781198b7eb3f5e8b9c
607,Je peux revenir une autre fois.,I can come back another time.,B,ʒə- pˈø ʁəvnˈiʁ yn otʁ fwˈa.,zhohohh- peu rohohhvnayayr yn ohtr fwa.,6df585d7ee39ae63093632e1a1c986836ddd7cdde6f609781198b7eb3f5e8b9c
608,Je peux le faire pour toi.,I can do it for you.,B,ʒə- pˈø lə- fˈɛʁ puʁ twˈa.,zhohohh- peu lohohh- fayr pohohr twa.,6df585d7ee39ae63093632e1a1c986836ddd7cdde6f609781198b7eb3f5e8b9c
609,Je ne peux rien faire pour aider.,I can't do anything to help.,B,ʒə- nə- pˈø ʁjˌɛ̃ fˈɛʁ puʁ ɛdˈe.,zhohohh- nohohh- peu ryayayn fayr pohohr ayday.,6df585d7ee39ae63093632e1a1c986836ddd7cdde6f609781198b7eb3f5e8b9c
610,Je peux faire ce que je veux.,I can do whatever I want.,B,ʒə- pˈø fˈɛʁ sə- kə ʒə- vˈø.,zhohohh- peu fayr sohohh- kohohh zhohohh- veu.,6df585d7ee39ae63093632e1a1c986836ddd7cdde6f609781198b7eb3f5e8b9c
611,J'y arriverai sans son aide.,I'll manage without his help.,B,ʒi aʁivʁˈe sɑ̃ sɔ̃n ˈɛd.,zhayay arayayvray san sohnn ayd.,6df585d7ee39ae63093632e1a1c986836ddd7cdde6f609781198b7eb3f5e8b9c
612,Je peux me rendre où que tu le veuilles.,I can go wherever you like.,B,ʒə- pˈø mə- ʁˈɑ̃dʁ u kə ty lə- vˈœj.,zhohohh- peu mohohh- randr ohoh kohohh ty lohohh- veuy.,6df585d7ee39ae63093632e1a1c986836ddd7cdde6f609781198b7eb3f5e8b9c
613,Ça va être dur d'attendre jusqu'à demain.,It will be hard to wait until tomorrow.,B,sa vˈa ˈɛtʁ dˈyʁ datˈɑ̃dʁ ʒyska dəmˈɛ̃.,sa va aytr dyr datandr zhyska dohohhmayayn.,6df585d7ee39ae63093632e1a1c986836ddd7cdde6f609781198b7eb3f5e8b9c
614,Je peux t'aider si tu veux.,I can help you if you want.,B,ʒə- pˈø tɛdˈe sˈi ty vˈø.,zhohohh- peu tayday sayay ty veu.,6df585d7ee39ae63093632e1a1c986836ddd7cdde6f609781198b7eb3f5e8b9c
615,Je ne peux plus te faire confiance.,I can no longer trust you.,B,ʒə- nə- pˈø ply tə- fˈɛʁ kɔ̃fjˈɑ̃s.,zhohohh- nohohh- peu ply tohohh- fayr kohnfyans.,6df585d7ee39ae63093632e1a1c986836ddd7cdde6f609781198b7eb3f5e8b9c
616,Je ne peux pas venir travailler demain.,I can't come to work tomorrow.,B,ʒə- nə- pˈø pa vənˈiʁ tʁavajˈe dəmˈɛ̃.,zhohohh- nohohh- peu pa vohohhnayayr travayay dohohhmayayn.,6df585d7ee39ae63093632e1a1c986836ddd7cdde6f609781198b7eb3f5e8b9c
617,Je ne peux pas pardonner ce que tu as fait.,I can't forgive what you did.,B,ʒə- nə- pˈø pa paʁdɔnˈe sə- kə ty a fˈɛ.,zhohohh- nohohh- peu pa pardohnay sohohh- kohohh ty a fay.,6df585d7ee39ae63093632e1a1c986836ddd7cdde6f609781198b7eb3f5e8b9c
618,Je ne peux pas aller avec toi demain.,I can't go with you tomorrow.,B,ʒə- nə- pˈø paz alˈe avˌɛk twˌa dəmˈɛ̃.,zhohohh- nohohh- peu paz alay avayk twa dohohhmayayn.,6df585d7ee39ae63093632e1a1c986836ddd7cdde6f609781198b7eb3f5e8b9c
619,Je ne peux pas dire ce qu'il est.,I can't tell what it is.,B,ʒə- nə- pˈø pa dˈiʁ sə- kil ˈɛ.,zhohohh- nohohh- peu pa dayayr sohohh- kayayl ay.,6df585d7ee39ae63093632e1a1c986836ddd7cdde6f609781198b7eb3f5e8b9c
620,Je ne peux pas te dire ce qui est arrivé.,I can't tell you what happened.,B,ʒə- nə- pˈø pa tə- dˈiʁ sə- ki ɛt aʁivˈe.,zhohohh- nohohh- peu pa tohohh- dayayr sohohh- kayay ayt arayayvay.,6df585d7ee39ae63093632e1a1c986836ddd7cdde6f609781198b7eb3f5e8b9c
621,Je ne comprends pas ce que tu dis.,I cannot understand what you say.,B,ʒə- nə- kɔ̃pʁˈɑ̃ pa sə- kə ty dˈi.,zhohohh- nohohh- kohnpran pa sohohh- kohohh ty dayay.,6df585d7ee39ae63093632e1a1c986836ddd7cdde6f609781198b7eb3f5e8b9c
622,Je viens à l'école en bus.,I come to school by bus.,B,ʒə- vjˈɛ̃z a lekˈɔl ɑ̃ bˈys.,zhohohh- vyayaynz a laykohl an bys.,6df585d7ee39ae63093632e1a1c986836ddd7cdde6f609781198b7eb3f5e8b9c
623,J'aurais pu perdre mon travail.,I could have lost my job.,B,ʒoʁˈɛ pˈy pˈɛʁdʁ mɔ̃ tʁavˈaj.,zhohray py payrdr mohn travay.,6df585d7ee39ae63093632e1a1c986836ddd7cdde6f609781198b7eb3f5e8b9c
624,J'aurais besoin d'aide.,I could use some help.,B,ʒoʁˈɛ bəzwˈɛ̃ dˈɛd.,zhohray bohohhzwayayn dayd.,6df585d7ee39ae63093632e1a1c986836ddd7cdde6f609781198b7eb3f5e8b9c
625,J'ai fait tout ce que j'ai pu aujourd'hui.,I did everything I could today.,B,ʒe fˈɛ tu sə- kə ʒe pˈy oʒuʁdyˈi.,zhay fay tohoh sohohh- kohohh zhay py ohzhohohrdyayay.,6df585d7ee39ae63093632e1a1c986836ddd7cdde6f609781198b7eb3f5e8b9c
626,Je ne savais pas quoi faire.,I didn't know what to do.,B,ʒə- nə- savˈɛ pa kwˌa fˈɛʁ.,zhohohh- nohohh- savay pa kwa fayr.,6df585d7ee39ae63093632e1a1c986836ddd7cdde6f609781198b7eb3f5e8b9c
627,Je ne savais pas bien quoi dire.,I didn't quite know what to say.,B,ʒə- nə- savˈɛ pa bjˈɛ̃ kwˌa dˈiʁ.,zhohohh- nohohh- savay pa byayayn kwa dayayr.,6df585d7ee39ae63093632e1a1c986836ddd7cdde6f609781198b7eb3f5e8b9c
628,Je ne savais pas où tu étais.,I didn't know where you were.,B,ʒə- nə- savˈɛ paz u ty etˈɛ.,zhohohh- nohohh- savay paz ohoh ty aytay.,6df585d7ee39ae63093632e1a1c986836ddd7cdde6f609781198b7eb3f5e8b9c
629,Je ne savais pas qui avait fait ça.,I didn't know who had done that.,B,ʒə- nə- savˈɛ pa ki avˈɛ fˈɛ sˈa.,zhohohh- nohohh- savay pa kayay avay fay sa.,6df585d7ee39ae63093632e1a1c986836ddd7cdde6f609781198b7eb3f5e8b9c
630,Je ne savais pas que tu savais cuisiner.,I didn't know you knew how to cook.,B,ʒə- nə- savˈɛ pa kə ty savˈɛ kyizinˈe.,zhohohh- nohohh- savay pa kohohh ty savay kyayayzayaynay.,6df585d7ee39ae63093632e1a1c986836ddd7cdde6f609781198b7eb3f5e8b9c
631,Je ne savais pas que tu étais là.,I didn't know you were there.,B,ʒə- nə- savˈɛ pa kə ty etˈɛ lˈa.,zhohohh- nohohh- savay pa kohohh ty aytay la.,6df585d7ee39ae63093632e1a1c986836ddd7cdde6f609781198b7eb3f5e8b9c
632,Je ne savais pas que tu travaillais ici.,I didn't know you worked here.,B,ʒə- nə- savˈɛ pa kə ty tʁavajˈɛz isˈi.,zhohohh- nohohh- savay pa kohohh ty travayayz ayaysayay.,6df585d7ee39ae63093632e1a1c986836ddd7cdde6f609781198b7eb3f5e8b9c
633,Je réprouve ce que tu dis.,I disapprove of what you say.,B,ʒə- ʁepʁˈuv sə- kə ty dˈi.,zhohohh- rayprohohv sohohh- kohohh ty dayay.,6df585d7ee39ae63093632e1a1c986836ddd7cdde6f609781198b7eb3f5e8b9c
634,Je fais mes devoirs après l'école.,I do my homework after school.,B,ʒə- fˈɛ me- dəvwˈaʁz apʁˌɛ lekˈɔl.,zhohohh- fay may- dohohhvwarz apray laykohl.,6df585d7ee39ae63093632e1a1c986836ddd7cdde6f609781198b7eb3f5e8b9c
635,Je me fiche de qui vous êtes.,I don't care who you are.,B,ʒə- mə- fˈiʃ də- ki vuz ˈɛt.,zhohohh- mohohh- fayaysh dohohh- kayay vohohz ayt.,6df585d7ee39ae63093632e1a1c986836ddd7cdde6f609781198b7eb3f5e8b9c
636,Je n'ai pas envie de t'aider.,I don't feel like helping you.,B,ʒə- ne paz ɑ̃vˈi də- tɛdˈe.,zhohohh- nay paz anvayay dohohh- tayday.,6df585d7ee39ae63093632e1a1c986836ddd7cdde6f609781198b7eb3f5e8b9c
637,Je n'ai pas de temps pour toi.,I don't have time for you.,B,ʒə- ne pa də- tˈɑ̃ puʁ twˈa.,zhohohh- nay pa dohohh- tan pohohr twa.,6df585d7ee39ae63093632e1a1c986836ddd7cdde6f609781198b7eb3f5e8b9c
638,Je ne sais pas ce dont j'ai besoin.,I don't know what I need.,B,ʒə- nə- sˈɛ pa sə- dɔ̃ ʒe bəzwˈɛ̃.,zhohohh- nohohh- say pa sohohh- dohn zhay bohohhzwayayn.,6df585d7ee39ae63093632e1a1c986836ddd7cdde6f609781198b7eb3f5e8b9c
639,Je ne sais pas ce que je veux.,I don't know what I want.,B,ʒə- nə- sˈɛ pa sə- kə ʒə- vˈø.,zhohohh- nohohh- say pa sohohh- kohohh zhohohh- veu.,6df585d7ee39ae63093632e1a1c986836ddd7cdde6f609781198b7eb3f5e8b9c
640,Je ne sais pas ce que c'est.,I don't know what it is.,B,ʒə- nə- sˈɛ pa sə- kə sˈɛ.,zhohohh- nohohh- say pa sohohh- kohohh say.,6df585d7ee39ae63093632e1a1c986836ddd7cdde6f609781198b7eb3f5e8b9c
641,Je ne sais pas ce qu'ils veulent.,I don't know what they want.,B,ʒə- nə- sˈɛ pa sə- kil vˈœl.,zhohohh- nohohh- say pa sohohh- kayayl veul.,6df585d7ee39ae63093632e1a1c986836ddd7cdde6f609781198b7eb3f5e8b9c
642,Je ne sais pas quoi faire.,I don't know what to do.,B,ʒə- nə- sˈɛ pa kwˌa fˈɛʁ.,zhohohh- nohohh- say pa kwa fayr.,6df585d7ee39ae63093632e1a1c986836ddd7cdde6f609781198b7eb3f5e8b9c
643,Je ne sais quoi dire.,I don't know what to say.,B,ʒə- nə- sˈɛ kwˌa dˈiʁ.,zhohohh- nohohh- say kwa dayayr.,6df585d7ee39ae63093632e1a1c986836ddd7cdde6f609781198b7eb3f5e8b9c
644,Je ne sais pas ce que tu fais.,I don't know what you're doing.,B,ʒə- nə- sˈɛ pa sə- kə ty fˈɛ.,zhohohh- nohohh- say pa sohohh- kohohh ty fay.,6df585d7ee39ae63093632e1a1c986836ddd7cdde6f609781198b7eb3f5e8b9c
645,Je ne sais pas ce que tu veux dire.,I don't know what you mean.,B,ʒə- nə- sˈɛ pa sə- kə ty vˈø dˈiʁ.,zhohohh- nohohh- say pa sohohh- kohohh ty veu dayayr.,6df585d7ee39ae63093632e1a1c986836ddd7cdde6f609781198b7eb3f5e8b9c
646,Je ne sais pas où c'est.,I don't know where it is.,B,ʒə- nə- sˈɛ paz u sˈɛ.,zhohohh- nohohh- say paz ohoh say.,6df585d7ee39ae63093632e1a1c986836ddd7cdde6f609781198b7eb3f5e8b9c
647,Je ne sais pas qui l'a fait.,I don't know who did it.,B,ʒə- nə- sˈɛ pa ki la fˈɛ.,zhohohh- nohohh- say pa kayay la fay.,6df585d7ee39ae63093632e1a1c986836ddd7cdde6f609781198b7eb3f5e8b9c
648,Je ne sais pas qui a fait ça.,I don't know who did that.,B,ʒə- nə- sˈɛ pa ki a fˈɛ sˈa.,zhohohh- nohohh- say pa kayay a fay sa.,6df585d7ee39ae63093632e1a1c986836ddd7cdde6f609781198b7eb3f5e8b9c
649,Je ne sais pas qui il est.,I don't know who he is.,B,ʒə- nə- sˈɛ pa ki il ˈɛ.,zhohohh- nohohh- say pa kayay ayayl ay.,6df585d7ee39ae63093632e1a1c986836ddd7cdde6f609781198b7eb3f5e8b9c
650,Je ne sais pas qui c'est.,I don't know who it is.,B,ʒə- nə- sˈɛ pa ki sˈɛ.,zhohohh- nohohh- say pa kayay say.,6df585d7ee39ae63093632e1a1c986836ddd7cdde6f609781198b7eb3f5e8b9c
651,Je ne pense pas que tu me comprennes.,I don't think you understand me.,B,ʒə- nə- pˈɑ̃s pa kə ty mə- kɔ̃pʁˈɛn.,zhohohh- nohohh- pans pa kohohh ty mohohh- kohnprayn.,6df585d7ee39ae63093632e1a1c986836ddd7cdde6f609781198b7eb3f5e8b9c
652,Je ne vois pas ce que tu veux dire.,I don't understand what you mean.,B,ʒə- nə- vwˈa pa sə- kə ty vˈø dˈiʁ.,zhohohh- nohohh- vwa pa sohohh- kohohh ty veu dayayr.,6df585d7ee39ae63093632e1a1c986836ddd7cdde6f609781198b7eb3f5e8b9c
653,Comment oses-tu me traiter d'hypocrite ?,How dare you call me a hypocrite!,B,kɔmˌɑ̃ ˈozty mə- tʁɛtˈe dipɔkʁˈit ?,kohman ohzty mohohh- traytay dayaypohkrayayt ?,6df585d7ee39ae63093632e1a1c986836ddd7cdde6f609781198b7eb3f5e8b9c
654,Comment oses-tu me faire ça ?,How dare you do that to me!,B,kɔmˌɑ̃ ˈozty mə- fˈɛʁ sˈa ?,kohman ohzty mohohh- fayr sa ?,6df585d7ee39ae63093632e1a1c986836ddd7cdde6f609781198b7eb3f5e8b9c
655,Comment oses-tu me le dire !,How dare you say that to me!,B,kɔmˌɑ̃ ˈozty mə- lə- dˈiʁ !,kohman ohzty mohohh- lohohh- dayayr !,6df585d7ee39ae63093632e1a1c986836ddd7cdde6f609781198b7eb3f5e8b9c
656,J'espère que vous passez du bon temps !,I hope you're having a good time!,B,ʒɛspˈɛʁ kə vu pasˈe dy- bˈɔ̃ tˈɑ̃ !,zhayspayr kohohh vohoh pasay dy- bohn tan !,6df585d7ee39ae63093632e1a1c986836ddd7cdde6f609781198b7eb3f5e8b9c
657,Comment oses-tu raconter de telles choses sur moi !,How dare you tell such things about me!,B,kɔmˌɑ̃ ˈozty ʁakɔ̃tˈe də- tɛl ʃˈoz syʁ mwˈa !,kohman ohzty rakohntay dohohh- tayl shohz syr mwa !,6df585d7ee39ae63093632e1a1c986836ddd7cdde6f609781198b7eb3f5e8b9c
658,Comment oses-tu te montrer ici ?,How dare you show your face around here!,B,kɔmˌɑ̃ ˈozty tə- mɔ̃tʁˈe isˈi ?,kohman ohzty tohohh- mohntray ayaysayay ?,6df585d7ee39ae63093632e1a1c986836ddd7cdde6f609781198b7eb3f5e8b9c
659,Comment oses-tu me parler comme ça !,How dare you speak like that to me!,B,kɔmˌɑ̃ ˈozty mə- paʁlˈe kɔm sˈa !,kohman ohzty mohohh- parlay kohm sa !,6df585d7ee39ae63093632e1a1c986836ddd7cdde6f609781198b7eb3f5e8b9c
660,Comment oses-tu me parler ainsi !,How dare you speak to me like that!,B,kɔmˌɑ̃ ˈozty mə- paʁlˈe ɛ̃sˈi !,kohman ohzty mohohh- parlay ayaynsayay !,6df585d7ee39ae63093632e1a1c986836ddd7cdde6f609781198b7eb3f5e8b9c
661,Comment oses-tu me parler sur ce ton ?,How dare you speak to me that way!,B,kɔmˌɑ̃ ˈozty mə- paʁlˈe syʁ sə- tɔ̃ ?,kohman ohzty mohohh- parlay syr sohohh- tohn ?,6df585d7ee39ae63093632e1a1c986836ddd7cdde6f609781198b7eb3f5e8b9c
662,Comment oses-tu me parler ainsi ?,How dare you talk to me like that!,B,kɔmˌɑ̃ ˈozty mə- paʁlˈe ɛ̃sˈi ?,kohman ohzty mohohh- parlay ayaynsayay ?,6df585d7ee39ae63093632e1a1c986836ddd7cdde6f609781198b7eb3f5e8b9c
663,Comment oses-tu me traiter comme un criminel !,How dare you treat me like a criminal!,B,kɔmˌɑ̃ ˈozty mə- tʁɛtˈe kɔm œ̃ kʁiminˈɛl !,kohman ohzty mohohh- traytay kohm ohohn krayaymayaynayl !,6df585d7ee39ae63093632e1a1c986836ddd7cdde6f609781198b7eb3f5e8b9c
664,Regarde-moi quand je te parle !,Look at me when I talk to you!,B,ʁəɡˈaʁdmwˌa kɑ̃ ʒə- tə- pˈaʁl !,rohohhgardmwa kan zhohohh- tohohh- parl !,6df585d7ee39ae63093632e1a1c986836ddd7cdde6f609781198b7eb3f5e8b9c
665,Mais qu'as-tu donc fait pendant tout ce temps ?,What have you been doing all this time?,B,mɛ katˈy dˈɔ̃k fˈɛ pɑ̃dˈɑ̃ tu sə- tˈɑ̃ ?,may katy dohnk fay pandan tohoh sohohh- tan ?,6df585d7ee39ae63093632e1a1c986836ddd7cdde6f609781198b7eb3f5e8b9c
666,Comment vas-tu ? Je ne t'ai pas vu depuis des lustres !,How are you? I haven't seen you for ages!,C,kɔmˌɑ̃ vˈatˈy ? ʒə- nə- te pa vˈy dəpyˌi de- lˈystʁ !,kohman vaty ? zhohohh- nohohh- tay pa vy dohohhpyayay day- lystr !,6df585d7ee39ae63093632e1a1c986836ddd7cdde6f609781198b7eb3f5e8b9c
667,Qu'en pensez-vous ? Ce serait chouette !,What do you think about it? It'd be great!,C,kɑ̃ pɑ̃sˈevˈu ? sə- səʁˈɛ ʃwˈɛt !,kan pansayvohoh ? sohohh- sohohhray shwayt !,6df585d7ee39ae63093632e1a1c986836ddd7cdde6f609781198b7eb3f5e8b9c
668,Y a-t-il des magazines français dans la bibliothèque de ton école ?,Are there any French magazines in your school library?,C,i atil de- maɡazˈin fʁɑ̃sˈɛ dɑ̃ la- bibliotˈɛk də- tɔ̃n ekˈɔl ?,ayay atayayl day- magazayayn fransay dan la- bayayblayayohtayk dohohh- tohnn aykohl ?,6df585d7ee39ae63093632e1a1c986836ddd7cdde6f609781198b7eb3f5e8b9c
669,Es-tu en train de me reprocher ton échec ?,Are you blaming me for your failure?,B,ɛty ɑ̃ tʁˈɛ̃ də- mə- ʁəpʁoʃˈe tɔ̃n eʃˈɛk ?,ayty an trayayn dohohh- mohohh- rohohhprohshay tohnn ayshayk ?,6df585d7ee39ae63093632e1a1c986836ddd7cdde6f609781198b7eb3f5e8b9c
670,Vas-tu faire tes devoirs cet après-midi ?,Are you going to do your homework this afternoon?,C,vˈaty fˈɛʁ te- dəvwˈaʁ sɛt apʁˌɛmidˈi ?,vaty fayr tay- dohohhvwar sayt apraymayaydayay ?,6df585d7ee39ae63093632e1a1c986836ddd7cdde6f609781198b7eb3f5e8b9c
671,Vas-tu y aller avec moi ou non ?,Are you going to go with me or not?,C,vˈaty i alˈe avˌɛk mwˌa u nˈɔ̃ ?,vaty ayay alay avayk mwa ohoh nohn ?,6df585d7ee39ae63093632e1a1c986836ddd7cdde6f609781198b7eb3f5e8b9c
672,Allez-vous déjeuner ici avec moi ?,Are you going to have lunch here with me?,C,alˈevu deʒønˈe isˈi avˌɛk mwˈa ?,alayvohoh dayzheunay ayaysayay avayk mwa ?,6df585d7ee39ae63093632e1a1c986836ddd7cdde6f609781198b7eb3f5e8b9c
673,Es-tu en train de dire que je n'ai aucun sens de l'humour ?,Are you saying I have no sense of humor?,C,ɛty ɑ̃ tʁˈɛ̃ də- dˈiʁ kə ʒə- ne okˈœ̃ sˈɑ̃s də- lymˈuʁ ?,ayty an trayayn dohohh- dayayr kohohh zhohohh- nay ohkohohn sans dohohh- lymohohr ?,6df585d7ee39ae63093632e1a1c986836ddd7cdde6f609781198b7eb3f5e8b9c
674,Veux-tu dire que je n'ai pas de cerveau ?,Are you saying that I don't have a brain?,C,vˈøty dˈiʁ kə ʒə- ne pa də- sɛʁvˈo ?,veuty dayayr kohohh zhohohh- nay pa dohohh- sayrvoh ?,6df585d7ee39ae63093632e1a1c986836ddd7cdde6f609781198b7eb3f5e8b9c
675,Êtes-vous sûr de vouloir faire cela ?,Are you sure that you want to do that?,C,ˈɛtvu sˈyːʁ də- vulwˈaʁ fˈɛʁ səlˈa ?,aytvohoh syr dohohh- vohohlwar fayr sohohhla ?,6df585d7ee39ae63093632e1a1c986836ddd7cdde6f609781198b7eb3f5e8b9c
676,Es-tu sûr de vouloir faire ça ?,Are you sure that you want to do this?,C,ɛty sˈyːʁ də- vulwˈaʁ fˈɛʁ sˈa ?,ayty syr dohohh- vohohlwar fayr sa ?,6df585d7ee39ae63093632e1a1c986836ddd7cdde6f609781198b7eb3f5e8b9c
677,Es-tu sûr de vouloir y aller ?,Are you sure that you want to go there?,C,ɛty sˈyːʁ də- vulwˈaʁ i alˈe ?,ayty syr dohohh- vohohlwar ayay alay ?,6df585d7ee39ae63093632e1a1c986836ddd7cdde6f609781198b7eb3f5e8b9c
678,Tu es sûr de ne rien vouloir manger ?,Are you sure you don't want anything to eat?,C,ty ɛ sˈyːʁ də- nə- ʁjˌɛ̃ vulwˈaʁ mɑ̃ʒˈe ?,ty ay syr dohohh- nohohh- ryayayn vohohlwar manzhay ?,6df585d7ee39ae63093632e1a1c986836ddd7cdde6f609781198b7eb3f5e8b9c
679,Es-tu sûr de ne pas vouloir manger quelque chose ?,Are you sure you don't want something to eat?,C,ɛty sˈyːʁ də- nə- pa vulwˈaʁ mɑ̃ʒˈe kˌɛlkə ʃˈɔz ?,ayty syr dohohh- nohohh- pa vohohlwar manzhay kaylkohohh shohz ?,6df585d7ee39ae63093632e1a1c986836ddd7cdde6f609781198b7eb3f5e8b9c
680,Es-tu sûr de ne pas vouloir entrer ?,Are you sure you don't want to come in?,C,ɛty sˈyːʁ də- nə- pa vulwˈaʁ ɑ̃tʁˈe ?,ayty syr dohohh- nohohh- pa vohohlwar antray ?,6df585d7ee39ae63093632e1a1c986836ddd7cdde6f609781198b7eb3f5e8b9c
681,Es-tu sûr de ne pas vouloir venir ce soir ?,Are you sure you don't want to come tonight?,C,ɛty sˈyːʁ də- nə- pa vulwˈaʁ vənˈiʁ sə- swˈaʁ ?,ayty syr dohohh- nohohh- pa vohohlwar vohohhnayayr sohohh- swar ?,6df585d7ee39ae63093632e1a1c986836ddd7cdde6f609781198b7eb3f5e8b9c
682,Es-tu sûre de ne pas vouloir faire ça ?,Are you sure you don't want to do that?,C,ɛty sˈyːʁ də- nə- pa vulwˈaʁ fˈɛʁ sˈa ?,ayty syr dohohh- nohohh- pa vohohlwar fayr sa ?,6df585d7ee39ae63093632e1a1c986836ddd7cdde6f609781198b7eb3f5e8b9c
683,Êtes-vous sûre de ne pas vouloir faire ceci ?,Are you sure you don't want to do this?,C,ˈɛtvu sˈyːʁ də- nə- pa vulwˈaʁ fˈɛʁ səsˈi ?,aytvohoh syr dohohh- nohohh- pa vohohlwar fayr sohohhsayay ?,6df585d7ee39ae63093632e1a1c986836ddd7cdde6f609781198b7eb3f5e8b9c
684,Es-tu en train de me dire comment faire mon boulot ?,Are you telling me how to do my job?,C,ɛty ɑ̃ tʁˈɛ̃ də- mə- dˈiʁ kɔmˌɑ̃ fˈɛʁ mɔ̃ bulˈo ?,ayty an trayayn dohohh- mohohh- dayayr kohman fayr mohn bohohloh ?,6df585d7ee39ae63093632e1a1c986836ddd7cdde6f609781198b7eb3f5e8b9c
685,Voulez-vous m'aider pour ce travail ?,Do you want to help me with this work?,C,vulˈevu mɛdˈe puʁ sə- tʁavˈaj ?,vohohlayvohoh mayday pohohr sohohh- travay ?,6df585d7ee39ae63093632e1a1c986836ddd7cdde6f609781198b7eb3f5e8b9c
686,À quel âge voulez-vous vous marier ?,At what age do you want to get married?,C,a kɛl ˈaːʒ vulˈevu vu maʁjˈe ?,a kayl azh vohohlayvohoh vohoh maryay ?,6df585d7ee39ae63093632e1a1c986836ddd7cdde6f609781198b7eb3f5e8b9c
687,Puis-je t'offrir un verre ?,Can I buy you a drink?,B,pyˈiʒ tɔfʁˈiʁ œ̃ vˈɛʁ ?,pyayayzh tohfrayayr ohohn vayr ?,6df585d7ee39ae63093632e1a1c986836ddd7cdde6f609781198b7eb3f5e8b9c
688,"Puis-je avoir deux hamburgers et un coca, s'il vous plaît ?","Can I have two hamburgers and a Coke, please?",C,"pyˈiʒ avwˈaʁ dˈø ɑ̃bəʁɡˈœʁz e œ̃ kokˈa, sil vu plˈɛ ?","pyayayzh avwar deu anbohohhrgeurz ay ohohn kohka, sayayl vohoh play ?",6df585d7ee39ae63093632e1a1c986836ddd7cdde6f609781198b7eb3f5e8b9c
689,"Puis-je te parler une seconde, s'il te plaît ?",Can I talk to you for a second please?,C,"pyˈiʒ tə- paʁlˈe yn səɡˈɔ̃d, sil tə- plˈɛ ?","pyayayzh tohohh- parlay yn sohohhgohnd, sayayl tohohh- play ?",6df585d7ee39ae63093632e1a1c986836ddd7cdde6f609781198b7eb3f5e8b9c
690,"Je peux te parler une seconde, s'il te plaît ?","Can I talk to you for a second, please?",C,"ʒə- pˈø tə- paʁlˈe yn səɡˈɔ̃d, sil tə- plˈɛ ?","zhohohh- peu tohohh- parlay yn sohohhgohnd, sayayl tohohh- play ?",6df585d7ee39ae63093632e1a1c986836ddd7cdde6f609781198b7eb3f5e8b9c
691,Quelqu'un peut-il me dire ce que je devrais faire après ?,Can anyone tell me what I should do next?,C,kɛlkˌœ̃ pˈøtil mə- dˈiʁ sə- kə ʒə- dəvʁˈɛ fˈɛʁ apʁˈɛ ?,kaylkohohn peutayayl mohohh- dayayr sohohh- kohohh zhohohh- dohohhvray fayr apray ?,6df585d7ee39ae63093632e1a1c986836ddd7cdde6f609781198b7eb3f5e8b9c
692,Peux-tu me conduire à l'aéroport demain matin ?,Can you drive me to the airport tomorrow morning?,C,pˈøty mə- kɔ̃dyˈiʁ a laeʁopˈɔʁ dəmˈɛ̃ matˈɛ̃ ?,peuty mohohh- kohndyayayr a laayrohpohr dohohhmayayn matayayn ?,6df585d7ee39ae63093632e1a1c986836ddd7cdde6f609781198b7eb3f5e8b9c
693,Pouvez-vous m’accorder un peu plus de temps ?,Can you give me a little bit more time?,C,puvˈevu makɔʁdˈe œ̃ pø ply də- tˈɑ̃ ?,pohohvayvohoh makohrday ohohn peu ply dohohh- tan ?,6df585d7ee39ae63093632e1a1c986836ddd7cdde6f609781198b7eb3f5e8b9c
694,"Pourriez-vous repasser ce t-shirt pour moi, s'il vous plaît ?","Could you iron this T-shirt for me, please?",C,"puʁjˈevu ʁəpasˈe sə- (en)tˈiːʃˈɜːt(fr) puʁ mwˈa, sil vu plˈɛ ?","pohohryayvohoh rohohhpasay sohohh- (ayn)tayayshert(fr) pohohr mwa, sayayl vohoh play ?",6df585d7ee39ae63093632e1a1c986836ddd7cdde6f609781198b7eb3f5e8b9c
695,"Peux-tu m'aider juste une minute, s'il te plaît ?",Can you please help me for just a minute?,C,"pˈøty mɛdˈe ʒˈyst yn minˈyt, sil tə- plˈɛ ?","peuty mayday zhyst yn mayaynyt, sayayl tohohh- play ?",6df585d7ee39ae63093632e1a1c986836ddd7cdde6f609781198b7eb3f5e8b9c
696,"Pourriez-vous me dire où se trouve le restaurant, s'il vous plaît ?",Could you please tell me where the restaurant is?,C,"puʁjˈevu mə- dˈiʁ u sə- tʁˈuv lə- ʁɛstoʁˈɑ̃, sil vu plˈɛ ?","pohohryayvohoh mohohh- dayayr ohoh sohohh- trohohv lohohh- raystohran, sayayl vohoh play ?",6df585d7ee39ae63093632e1a1c986836ddd7cdde6f609781198b7eb3f5e8b9c
697,Pouvez-vous s'il vous plaît me répéter votre nom ?,Can you please repeat your name?,B,puvˈevu sil vu plˈɛ mə- ʁepetˈe votʁ nˈɔ̃ ?,pohohvayvohoh sayayl vohoh play mohohh- raypaytay vohtr nohn ?,6df585d7ee39ae63093632e1a1c986836ddd7cdde6f609781198b7eb3f5e8b9c
698,Peux-tu prouver que ce que tu as dit est vrai ?,Can you prove that what you said is true?,C,pˈøty pʁuvˈe kə sə- kə ty a dˈi ɛ vʁˈɛ ?,peuty prohohvay kohohh sohohh- kohohh ty a dayay ay vray ?,6df585d7ee39ae63093632e1a1c986836ddd7cdde6f609781198b7eb3f5e8b9c
699,Peux-tu me montrer comment nouer une cravate ?,Can you show me how to tie a tie?,C,pˈøty mə- mɔ̃tʁˈe kɔmˌɑ̃ nwˈe yn kʁavˈat ?,peuty mohohh- mohntray kohman nway yn kravat ?,6df585d7ee39ae63093632e1a1c986836ddd7cdde6f609781198b7eb3f5e8b9c
700,Arrives-tu à te rappeler le moment où nous nous sommes rencontrés pour la première fois ?,Can you remember the time we first met?,B,aʁˈivty a tə- ʁaplˈe lə- momˈɑ̃ u nu nu sɔm ʁɑ̃kɔ̃tʁˈe puʁ la- pʁəmjˈɛʁ fwˈa ?,arayayvty a tohohh- raplay lohohh- mohman ohoh nohoh nohoh sohm rankohntray pohohr la- prohohhmyayr fwa ?,6df585d7ee39ae63093632e1a1c986836ddd7cdde6f609781198b7eb3f5e8b9c
701,Peux-tu m'apprendre comment jouer de la cornemuse ?,Can you teach me how to play the bagpipes?,C,pˈøty mapʁˈɑ̃dʁ kɔmˌɑ̃ ʒwˈe də- la- kɔʁnəmˈyz ?,peuty maprandr kohman zhway dohohh- la- kohrnohohhmyz ?,6df585d7ee39ae63093632e1a1c986836ddd7cdde6f609781198b7eb3f5e8b9c
702,Pouvez-vous m'apprendre à monter à cheval ?,Can you teach me how to ride a horse?,C,puvˈevu mapʁˈɑ̃dʁ a mɔ̃tˈe a ʃəvˈal ?,pohohvayvohoh maprandr a mohntay a shohohhval ?,6df585d7ee39ae63093632e1a1c986836ddd7cdde6f609781198b7eb3f5e8b9c
703,Vous pouvez m'apprendre à jurer en français ?,Can you teach me how to swear in French?,C,vu puvˈe mapʁˈɑ̃dʁ a ʒyʁˈe ɑ̃ fʁɑ̃sˈɛ ?,vohoh pohohvay maprandr a zhyray an fransay ?,6df585d7ee39ae63093632e1a1c986836ddd7cdde6f609781198b7eb3f5e8b9c
704,Tu peux me dire quel jour on est aujourd'hui ?,Can you tell me what day it is today?,C,ty pˈø mə- dˈiʁ kɛl ʒˈuʁ ɔ̃n ɛt oʒuʁdyˈi ?,ty peu mohohh- dayayr kayl zhohohr ohnn ayt ohzhohohrdyayay ?,6df585d7ee39ae63093632e1a1c986836ddd7cdde6f609781198b7eb3f5e8b9c
705,Peux-tu me dire ce que tu entends par ça ?,Can you tell me what you mean by that?,C,pˈøty mə- dˈiʁ sə- kə ty ɑ̃tˈɑ̃ paʁ sˈa ?,peuty mohohh- dayayr sohohh- kohohh ty antan par sa ?,6df585d7ee39ae63093632e1a1c986836ddd7cdde6f609781198b7eb3f5e8b9c
706,Pouvez-vous me dire ce que vous voulez faire ?,Can you tell me what you want to do?,C,puvˈevu mə- dˈiʁ sə- kə vu vulˈe fˈɛʁ ?,pohohvayvohoh mohohh- dayayr sohohh- kohohh vohoh vohohlay fayr ?,6df585d7ee39ae63093632e1a1c986836ddd7cdde6f609781198b7eb3f5e8b9c
707,Est-ce que tu peux me dire ce que tu essaies de faire ?,Can you tell me what you're trying to do?,C,ɛs kə ty pˈø mə- dˈiʁ sə- kə ty esˈɛ də- fˈɛʁ ?,ays kohohh ty peu mohohh- dayayr sohohh- kohohh ty aysay dohohh- fayr ?,6df585d7ee39ae63093632e1a1c986836ddd7cdde6f609781198b7eb3f5e8b9c
708,Pouvez-vous m'indiquer où se trouve l'entrée du métro ?,Can you tell me where the subway entrance is?,C,puvˈevu mɛ̃dikˈe u sə- tʁˈuv lɑ̃tʁˈe dy- metʁˈo ?,pohohvayvohoh mayayndayaykay ohoh sohohh- trohohv lantray dy- maytroh ?,6df585d7ee39ae63093632e1a1c986836ddd7cdde6f609781198b7eb3f5e8b9c
709,Pouvez-vous me dire où vous êtes en ce moment ?,Can you tell me where you are right now?,C,puvˈevu mə- dˈiʁ u vuz ɛtz ɑ̃ sə- momˈɑ̃ ?,pohohvayvohoh mohohh- dayayr ohoh vohohz aytz an sohohh- mohman ?,6df585d7ee39ae63093632e1a1c986836ddd7cdde6f609781198b7eb3f5e8b9c
710,Pouvez-vous me dire qui va venir ce soir ?,Can you tell me who's going to come tonight?,C,puvˈevu mə- dˈiʁ ki vˈa vənˈiʁ sə- swˈaʁ ?,pohohvayvohoh mohohh- dayayr kayay va vohohhnayayr sohohh- swar ?,6df585d7ee39ae63093632e1a1c986836ddd7cdde6f609781198b7eb3f5e8b9c
711,Peux-tu me dire quelle sorte de pomme c'est ?,Can you tell me what kind of apple this is?,C,pˈøty mə- dˈiʁ kɛl sˈɔʁt də- pˈɔm sˈɛ ?,peuty mohohh- dayayr kayl sohrt dohohh- pohm say ?,6df585d7ee39ae63093632e1a1c986836ddd7cdde6f609781198b7eb3f5e8b9c
712,Pourrais-je avoir un mot avec vous en privé ?,Could I have a word with you in private?,C,puʁˈɛʒ avwˈaʁ œ̃ mˈo avˌɛk vuz ɑ̃ pʁivˈe ?,pohohrayzh avwar ohohn moh avayk vohohz an prayayvay ?,6df585d7ee39ae63093632e1a1c986836ddd7cdde6f609781198b7eb3f5e8b9c
713,"Puis-je avoir encore une canette de bière, s'il vous plaît ?",Can I please have one more can of beer?,C,"pyˈiʒ avwˈaʁ ɑ̃kˌɔʁ yn kanˈɛt də- bjˈɛʁ, sil vu plˈɛ ?","pyayayzh avwar ankohr yn kanayt dohohh- byayr, sayayl vohoh play ?",6df585d7ee39ae63093632e1a1c986836ddd7cdde6f609781198b7eb3f5e8b9c
714,"Voudriez-vous bien m'apporter un oreiller et une couverture, je vous prie ?","Could you bring me a pillow and blanket, please?",C,"vudʁiˈevu bjˈɛ̃ mapɔʁtˈe œ̃n oʁɛjˈe e yn kuvɛʁtˈyʁ, ʒə- vu pʁˈi ?","vohohdrayayayvohoh byayayn mapohrtay ohohnn ohrayyay ay yn kohohvayrtyr, zhohohh- vohoh prayay ?",6df585d7ee39ae63093632e1a1c986836ddd7cdde6f609781198b7eb3f5e8b9c
715,Tu peux me déposer à l'arrêt de bus ?,Can you drop me off at the bus stop?,C,ty pˈø mə- depozˈe a laʁˈɛ də- bˈys ?,ty peu mohohh- daypohzay a laray dohohh- bys ?,6df585d7ee39ae63093632e1a1c986836ddd7cdde6f609781198b7eb3f5e8b9c
716,Pourriez-vous me donner votre nom et votre numéro de téléphone ?,Could you give me your name and phone number?,C,puʁjˈevu mə- dɔnˈe votʁ nˈɔ̃ e votʁ nymeʁˈo də- telefˈɔn ?,pohohryayvohoh mohohh- dohnay vohtr nohn ay vohtr nymayroh dohohh- taylayfohn ?,6df585d7ee39ae63093632e1a1c986836ddd7cdde6f609781198b7eb3f5e8b9c
717,"Pourriez-vous parler un peu plus lentement, s'il vous plaît ?",Could you please speak a little bit more slowly?,C,"puʁjˈevu paʁlˈe œ̃ pø ply lɑ̃tmˈɑ̃, sil vu plˈɛ ?","pohohryayvohoh parlay ohohn peu ply lantman, sayayl vohoh play ?",6df585d7ee39ae63093632e1a1c986836ddd7cdde6f609781198b7eb3f5e8b9c
718,Pourrais-tu me dire comment le faire ?,Could you tell me how to do it?,B,puʁˈɛty mə- dˈiʁ kɔmˌɑ̃ lə- fˈɛʁ ?,pohohrayty mohohh- dayayr kohman lohohh- fayr ?,6df585d7ee39ae63093632e1a1c986836ddd7cdde6f609781198b7eb3f5e8b9c
719,"Peux-tu, s'il te plaît, me dire pourquoi tu l'aimes ?",Can you please tell me why you love her?,C,"pˈøtˈy, sil tə- plˈɛ, mə- dˈiʁ puʁkwˌa ty lˈɛm ?","peuty, sayayl tohohh- play, mohohh- dayayr pohohrkwa ty laym ?",6df585d7ee39ae63093632e1a1c986836ddd7cdde6f609781198b7eb3f5e8b9c
720,"Pourrais-tu m'indiquer ta taille et ton poids, je te prie ?",Could you please tell me your height and weight?,C,"puʁˈɛty mɛ̃dikˈe ta- tˈaj e tɔ̃ pwˈa, ʒə- tə- pʁˈi ?","pohohrayty mayayndayaykay ta- tay ay tohn pwa, zhohohh- tohohh- prayay ?",6df585d7ee39ae63093632e1a1c986836ddd7cdde6f609781198b7eb3f5e8b9c
721,"Pourriez-vous envoyer quelqu'un à l'étage pour mes bagages, je vous prie ?","Could you send someone up for my bags, please?",C,"puʁjˈevuz ɑ̃vwajˈe kɛlkˌœ̃ a letˈaʒ puʁ me- baɡˈaʒ, ʒə- vu pʁˈi ?","pohohryayvohohz anvwayay kaylkohohn a laytazh pohohr may- bagazh, zhohohh- vohoh prayay ?",6df585d7ee39ae63093632e1a1c986836ddd7cdde6f609781198b7eb3f5e8b9c
722,Tu peux me montrer comment on se sert d'un tuba ?,Could you show me how to use a snorkel?,C,ty pˈø mə- mɔ̃tʁˈe kɔmˌɑ̃ ɔ̃ sə- sˈɛʁ dœ̃ tybˈa ?,ty peu mohohh- mohntray kohman ohn sohohh- sayr dohohn tyba ?,6df585d7ee39ae63093632e1a1c986836ddd7cdde6f609781198b7eb3f5e8b9c
723,Pouvez-vous me montrer comment utiliser cette pompe ?,Can you show me how to use this pump?,C,puvˈevu mə- mɔ̃tʁˈe kɔmˌɑ̃ ytilizˈe sɛt pˈɔ̃p ?,pohohvayvohoh mohohh- mohntray kohman ytayaylayayzay sayt pohnp ?,6df585d7ee39ae63093632e1a1c986836ddd7cdde6f609781198b7eb3f5e8b9c
724,Pouvez-vous m'apprendre à jouer du piano ?,Can you teach me how to play the piano?,C,puvˈevu mapʁˈɑ̃dʁ a ʒwˈe dy- pjanˈo ?,pohohvayvohoh maprandr a zhway dy- pyanoh ?,6df585d7ee39ae63093632e1a1c986836ddd7cdde6f609781198b7eb3f5e8b9c
725,Pourriez-vous m'indiquer comment ajuster le niveau sonore ?,Could you tell me how to adjust the volume?,C,puʁjˈevu mɛ̃dikˈe kɔmˌɑ̃ aʒystˈe lə- nivˈo sonˈɔʁ ?,pohohryayvohoh mayayndayaykay kohman azhystay lohohh- nayayvoh sohnohr ?,6df585d7ee39ae63093632e1a1c986836ddd7cdde6f609781198b7eb3f5e8b9c
726,Pouvez-vous me dire comment utiliser le téléphone ?,Can you tell me how to use the telephone?,C,puvˈevu mə- dˈiʁ kɔmˌɑ̃ ytilizˈe lə- telefˈɔn ?,pohohvayvohoh mohohh- dayayr kohman ytayaylayayzay lohohh- taylayfohn ?,6df585d7ee39ae63093632e1a1c986836ddd7cdde6f609781198b7eb3f5e8b9c
727,"Pourriez-vous m’indiquer le mot de passe du wifi, je vous prie ?","Could you tell me the Wi-Fi password, please?",C,"puʁjˈevu mɛ̃dikˈe lə- mˈo də- pˈas dy- (en)wˈaɪfaɪ(fr), ʒə- vu pʁˈi ?","pohohryayvohoh mayayndayaykay lohohh- moh dohohh- pas dy- (ayn)waayayfaayay(fr), zhohohh- vohoh prayay ?",6df585d7ee39ae63093632e1a1c986836ddd7cdde6f609781198b7eb3f5e8b9c
728,Pouvez-vous m'indiquer la direction du port ?,Can you tell me the way to the port?,C,puvˈevu mɛ̃dikˈe la- diʁɛksjˈɔ̃ dy- pˈɔʁ ?,pohohvayvohoh mayayndayaykay la- dayayrayksyohn dy- pohr ?,6df585d7ee39ae63093632e1a1c986836ddd7cdde6f609781198b7eb3f5e8b9c
729,Pouvez-vous m'indiquer le chemin jusqu'à la gare ?,Can you tell me the way to the station?,C,puvˈevu mɛ̃dikˈe lə- ʃəmˈɛ̃ ʒyska la- ɡˈaʁ ?,pohohvayvohoh mayayndayaykay lohohh- shohohhmayayn zhyska la- gar ?,6df585d7ee39ae63093632e1a1c986836ddd7cdde6f609781198b7eb3f5e8b9c
730,Peux-tu m'indiquer la direction à prendre ?,Can you tell me which way I should go?,C,pˈøty mɛ̃dikˈe la- diʁɛksjˈɔ̃ a pʁˈɑ̃dʁ ?,peuty mayayndayaykay la- dayayrayksyohn a prandr ?,6df585d7ee39ae63093632e1a1c986836ddd7cdde6f609781198b7eb3f5e8b9c
731,Pourriez-vous vérifier que votre ordinateur est bien branché ?,Could you verify that your computer is plugged in?,C,puʁjˈevu veʁifjˈe kə votʁ ɔʁdinatˈœʁ ɛ bjˈɛ̃ bʁɑ̃ʃˈe ?,pohohryayvohoh vayrayayfyay kohohh vohtr ohrdayaynateur ay byayayn branshay ?,6df585d7ee39ae63093632e1a1c986836ddd7cdde6f609781198b7eb3f5e8b9c
732,Ai-je bien vu ce que j'ai vu ?,Did I really see what I saw?,B,ɛʒ bjˈɛ̃ vˈy sə- kə ʒe vˈy ?,ayzh byayayn vy sohohh- kohohh zhay vy ?,6df585d7ee39ae63093632e1a1c986836ddd7cdde6f609781198b7eb3f5e8b9c
733,Je t'ai dit à quel point tu étais belle ce soir ?,Did I tell you how beautiful you looked tonight?,C,ʒə- te dˈi a kɛl pwˌɛ̃ ty etˈɛ bˈɛl sə- swˈaʁ ?,zhohohh- tay dayay a kayl pwayayn ty aytay bayl sohohh- swar ?,6df585d7ee39ae63093632e1a1c986836ddd7cdde6f609781198b7eb3f5e8b9c
734,Tu es venu en train ou en bus ?,Did you come by train or by bus?,B,ty ɛ vənˈy ɑ̃ tʁˈɛ̃ u ɑ̃ bˈys ?,ty ay vohohhny an trayayn ohoh an bys ?,6df585d7ee39ae63093632e1a1c986836ddd7cdde6f609781198b7eb3f5e8b9c
735,L'avez-vous fait délibérément ?,Did you do that deliberately?,B,lavˈevu fˈɛ delibeʁemˈɑ̃ ?,lavayvohoh fay daylayaybayrayman ?,6df585d7ee39ae63093632e1a1c986836ddd7cdde6f609781198b7eb3f5e8b9c
736,As-tu découvert à quelle heure commence la réunion ?,Did you find out what time the meeting starts?,C,atˈy dekuvˈɛʁ a kɛl ˈœʁ kɔmˈɑ̃s la- ʁeynjˈɔ̃ ?,aty daykohohvayr a kayl eur kohmans la- rayynyohn ?,6df585d7ee39ae63093632e1a1c986836ddd7cdde6f609781198b7eb3f5e8b9c
737,Vous êtes arrivées en bus ou en train ?,Did you get here by bus or by train?,C,vuz ɛtz aʁivˈez ɑ̃ bˈys u ɑ̃ tʁˈɛ̃ ?,vohohz aytz arayayvayz an bys ohoh an trayayn ?,6df585d7ee39ae63093632e1a1c986836ddd7cdde6f609781198b7eb3f5e8b9c
738,Es-tu allé à ton cours de danse cet après-midi ?,Did you go to your dance class this afternoon?,C,ɛty alˈe a tɔ̃ kˈuʁ də- dˈɑ̃s sɛt apʁˌɛmidˈi ?,ayty alay a tohn kohohr dohohh- dans sayt apraymayaydayay ?,6df585d7ee39ae63093632e1a1c986836ddd7cdde6f609781198b7eb3f5e8b9c
739,Vous êtes-vous bien amusés à la fête ?,Did you have a good time at the party?,C,vuz ɛtvu bjˈɛ̃n amyzˈez a la- fˈɛt ?,vohohz aytvohoh byayaynn amyzayz a la- fayt ?,6df585d7ee39ae63093632e1a1c986836ddd7cdde6f609781198b7eb3f5e8b9c
740,Tu avais quelque chose à nous dire ?,Did you have something you wanted to tell us?,C,ty avˈɛ kˌɛlkə ʃˈɔz a nu dˈiʁ ?,ty avay kaylkohohh shohz a nohoh dayayr ?,6df585d7ee39ae63093632e1a1c986836ddd7cdde6f609781198b7eb3f5e8b9c
741,Savais-tu qu'elle sait bien faire le café ?,Did you know she is good at making coffee?,C,savˈɛty kɛl sˈɛ bjˈɛ̃ fˈɛʁ lə- kafˈe ?,savayty kayl say byayayn fayr lohohh- kafay ?,6df585d7ee39ae63093632e1a1c986836ddd7cdde6f609781198b7eb3f5e8b9c
742,Tu pensais vraiment que je n'apprendrais pas la vérité ?,Did you really think I wouldn't learn the truth?,C,ty pɑ̃sˈɛ vʁɛmˈɑ̃ kə ʒə- napʁɑ̃dʁˈɛ pa la- veʁitˈe ?,ty pansay vrayman kohohh zhohohh- naprandray pa la- vayrayaytay ?,6df585d7ee39ae63093632e1a1c986836ddd7cdde6f609781198b7eb3f5e8b9c
743,As-tu dit à ta sœur de m'inviter ?,Did you tell your sister to invite me?,B,atˈy dˈi a ta- sˈœʁ də- mɛ̃vitˈe ?,aty dayay a ta- seur dohohh- mayaynvayaytay ?,6df585d7ee39ae63093632e1a1c986836ddd7cdde6f609781198b7eb3f5e8b9c
744,Vous pensiez vous en tirer comme ça ?,Did you think you would get away with it?,C,vu pɑ̃sjˈe vuz ɑ̃ tiʁˈe kɔm sˈa ?,vohoh pansyay vohohz an tayayray kohm sa ?,6df585d7ee39ae63093632e1a1c986836ddd7cdde6f609781198b7eb3f5e8b9c
745,Ne t'ai-je pas dit de ne plus faire ça ?,Didn't I tell you not to do that anymore?,C,nə- tɛʒ pa dˈi də- nə- ply fˈɛʁ sˈa ?,nohohh- tayzh pa dayay dohohh- nohohh- ply fayr sa ?,6df585d7ee39ae63093632e1a1c986836ddd7cdde6f609781198b7eb3f5e8b9c
746,Ta mère ne t'a-t-elle pas enseigné à dire merci ?,Didn't your mother teach you to say thank you?,C,ta- mˈɛʁ nə- tatɛl paz ɑ̃sɛnjˈe a dˈiʁ mɛʁsˈi ?,ta- mayr nohohh- tatayl paz ansaynyay a dayayr mayrsayay ?,6df585d7ee39ae63093632e1a1c986836ddd7cdde6f609781198b7eb3f5e8b9c
747,Dois-je vous le clarifier ?,Do I have to clarify it for you?,B,dwˈaʒ vu lə- klaʁifjˈe ?,dwazh vohoh lohohh- klarayayfyay ?,6df585d7ee39ae63093632e1a1c986836ddd7cdde6f609781198b7eb3f5e8b9c
748,"Dois-je ôter mes chaussures, ici ?",Do I have to take off my shoes here?,C,"dwˈaʒ otˈe me- ʃosˈyʁ, isˈi ?","dwazh ohtay may- shohsyr, ayaysayay ?",6df585d7ee39ae63093632e1a1c986836ddd7cdde6f609781198b7eb3f5e8b9c
749,Dois-je porter une cravate au travail ?,Do I have to wear a tie at work?,C,dwˈaʒ pɔʁtˈe yn kʁavˈat o tʁavˈaj ?,dwazh pohrtay yn kravat oh travay ?,6df585d7ee39ae63093632e1a1c986836ddd7cdde6f609781198b7eb3f5e8b9c
750,Avons-nous le temps pour un café ?,Do we have time for a cup of coffee?,C,avˈɔ̃nu lə- tˈɑ̃ puʁ œ̃ kafˈe ?,avohnnohoh lohohh- tan pohohr ohohn kafay ?,6df585d7ee39ae63093632e1a1c986836ddd7cdde6f609781198b7eb3f5e8b9c
751,A-t-on le temps de prendre une autre tasse de café ?,Do we have time for another cup of coffee?,C,atɔ̃ lə- tˈɑ̃ də- pʁˈɑ̃dʁ yn otʁ tˈas də- kafˈe ?,atohn lohohh- tan dohohh- prandr yn ohtr tas dohohh- kafay ?,6df585d7ee39ae63093632e1a1c986836ddd7cdde6f609781198b7eb3f5e8b9c
752,Devons-nous nous lever tôt demain matin ?,Do we have to get up early tomorrow morning?,C,dəvˈɔ̃nu nu ləvˈe tˈoː dəmˈɛ̃ matˈɛ̃ ?,dohohhvohnnohoh nohoh lohohhvay toh dohohhmayayn matayayn ?,6df585d7ee39ae63093632e1a1c986836ddd7cdde6f609781198b7eb3f5e8b9c
753,Faut-il vraiment que l'on rentre aussi tôt à la maison ?,Do we really have to go home so early?,C,fotil vʁɛmˈɑ̃ kə lɔ̃ ʁˈɑ̃tʁ osˌi tˈoː a la- mɛzˈɔ̃ ?,fohtayayl vrayman kohohh lohn rantr ohsayay toh a la- mayzohn ?,6df585d7ee39ae63093632e1a1c986836ddd7cdde6f609781198b7eb3f5e8b9c
754,Tu penses vraiment que je ferais une chose pareille ?,Do you actually think I'd do something like that?,C,ty pˈɑ̃s vʁɛmˈɑ̃ kə ʒə- fəʁˈɛz yn ʃˈɔz paʁˈɛj ?,ty pans vrayman kohohh zhohohh- fohohhrayz yn shohz parayy ?,6df585d7ee39ae63093632e1a1c986836ddd7cdde6f609781198b7eb3f5e8b9c
755,Que dis-tu de sortir faire une promenade ?,How about going out for a walk?,B,kə dˈity də- sɔʁtˈiʁ fˈɛʁ yn pʁomnˈad ?,kohohh dayayty dohohh- sohrtayayr fayr yn prohmnad ?,6df585d7ee39ae63093632e1a1c986836ddd7cdde6f609781198b7eb3f5e8b9c
756,Comment oses-tu parler à mon fils de cette façon !,How dare you talk to my son like that!,C,kɔmˌɑ̃ ˈozty paʁlˈe a mɔ̃ fˈis də- sɛt fasˈɔ̃ !,kohman ohzty parlay a mohn fayays dohohh- sayt fasohn !,6df585d7ee39ae63093632e1a1c986836ddd7cdde6f609781198b7eb3f5e8b9c
757,Quel dommage que vous ne puissiez pas venir !,What a pity it is that you can't come!,C,kɛl dɔmˈaʒ kə vu nə- pyisjˈe pa vənˈiʁ !,kayl dohmazh kohohh vohoh nohohh- pyayaysyay pa vohohhnayayr !,6df585d7ee39ae63093632e1a1c986836ddd7cdde6f609781198b7eb3f5e8b9c
758,Un plan nous aide à savoir où nous sommes.,A map helps us to know where we are.,C,œ̃ plˈɑ̃ nuz ˈɛd a savwˈaʁ u nu sˈɔm.,ohohn plan nohohz ayd a savwar ohoh nohoh sohm.,6df585d7ee39ae63093632e1a1c986836ddd7cdde6f609781198b7eb3f5e8b9c
759,"Selon notre marché, vous devez payer la moitié.","According to our bargain, you have to pay half.",C,"səlˈɔ̃ notʁ maʁʃˈe, vu dəvˈe pɛjˈe la- mwatjˈe.","sohohhlohn nohtr marshay, vohoh dohohhvay payyay la- mwatyay.",6df585d7ee39ae63093632e1a1c986836ddd7cdde6f609781198b7eb3f5e8b9c
760,"Tout ce que je peux faire, c'est faire de mon mieux.",All I can do is do my best.,B,"tu sə- kə ʒə- pˈø fˈɛʁ, sɛ fˈɛʁ də- mɔ̃ mjˈø.","tohoh sohohh- kohohh zhohohh- peu fayr, say fayr dohohh- mohn myeu.",6df585d7ee39ae63093632e1a1c986836ddd7cdde6f609781198b7eb3f5e8b9c
761,"Tout ce dont j'ai besoin, c'est d'assez d'argent pour me nourrir.",All I need is enough money to feed myself.,C,"tu sə- dɔ̃ ʒe bəzwˈɛ̃, sɛ dasˌe daʁʒˈɑ̃ puʁ mə- nuʁˈiʁ.","tohoh sohohh- dohn zhay bohohhzwayayn, say dasay darzhan pohohr mohohh- nohohrayayr.",6df585d7ee39ae63093632e1a1c986836ddd7cdde6f609781198b7eb3f5e8b9c
762,"Tout ce dont j'ai besoin, c'est d'un peu plus de temps.",All I need is a little more time.,B,"tu sə- dɔ̃ ʒe bəzwˈɛ̃, sɛ dœ̃ pø ply də- tˈɑ̃.","tohoh sohohh- dohn zhay bohohhzwayayn, say dohohn peu ply dohohh- tan.",6df585d7ee39ae63093632e1a1c986836ddd7cdde6f609781198b7eb3f5e8b9c
763,"Tout ce que je veux, c'est une autre chance de le faire.",All I want is another chance to do it.,C,"tu sə- kə ʒə- vˈø, sɛt yn otʁ ʃˈɑ̃s də- lə- fˈɛʁ.","tohoh sohohh- kohohh zhohohh- veu, sayt yn ohtr shans dohohh- lohohh- fayr.",6df585d7ee39ae63093632e1a1c986836ddd7cdde6f609781198b7eb3f5e8b9c
764,"Tout ce que je veux, c'est que tu sois heureuse.",All I want is for you to be happy.,C,"tu sə- kə ʒə- vˈø, sɛ kə ty swˌaz øʁˈøz.","tohoh sohohh- kohohh zhohohh- veu, say kohohh ty swaz eureuz.",6df585d7ee39ae63093632e1a1c986836ddd7cdde6f609781198b7eb3f5e8b9c
765,"Tout ce que je veux, c'est quelqu'un de spécial dans ma vie.",All I want is someone special in my life.,C,"tu sə- kə ʒə- vˈø, sɛ kɛlkˌœ̃ də- spesjˈal dɑ̃ ma- vˈi.","tohoh sohohh- kohohh zhohohh- veu, say kaylkohohn dohohh- spaysyal dan ma- vayay.",6df585d7ee39ae63093632e1a1c986836ddd7cdde6f609781198b7eb3f5e8b9c
766,"Tout ce que je veux, c'est rentrer chez moi.",All I want to do is get back home.,C,"tu sə- kə ʒə- vˈø, sɛ ʁɑ̃tʁˈe ʃe mwˈa.","tohoh sohohh- kohohh zhohohh- veu, say rantray shay mwa.",6df585d7ee39ae63093632e1a1c986836ddd7cdde6f609781198b7eb3f5e8b9c
767,Tout ce qu'on peut faire c'est l'attendre.,All we can do is to wait for him.,C,tu sə- kɔ̃ pˈø fˈɛʁ sɛ latˈɑ̃dʁ.,tohoh sohohh- kohn peu fayr say latandr.,6df585d7ee39ae63093632e1a1c986836ddd7cdde6f609781198b7eb3f5e8b9c
768,Tout ce que tu as à faire c'est suivre son conseil.,All you have to do is follow his advice.,C,tu sə- kə ty az a fˈɛʁ sɛ syˈivʁ sɔ̃ kɔ̃sˈɛj.,tohoh sohohh- kohohh ty az a fayr say syayayvr sohn kohnsayy.,6df585d7ee39ae63093632e1a1c986836ddd7cdde6f609781198b7eb3f5e8b9c
769,"Tout ce que tu as à faire, c'est appuyer sur ce bouton.",All you have to do is push this button.,C,"tu sə- kə ty az a fˈɛʁ, sɛt apyijˈe syʁ sə- butˈɔ̃.","tohoh sohohh- kohohh ty az a fayr, sayt apyayayyay syr sohohh- bohohtohn.",6df585d7ee39ae63093632e1a1c986836ddd7cdde6f609781198b7eb3f5e8b9c
770,"Tout ce que tu as à faire, c'est nous rejoindre.",All you have to do is join us.,B,"tu sə- kə ty az a fˈɛʁ, sɛ nu ʁəʒwˈɛ̃dʁ.","tohoh sohohh- kohohh ty az a fayr, say nohoh rohohhzhwayayndr.",6df585d7ee39ae63093632e1a1c986836ddd7cdde6f609781198b7eb3f5e8b9c
771,"Tout ce que tu as à faire, c'est la rencontrer.",All you have to do is meet her.,B,"tu sə- kə ty az a fˈɛʁ, sɛ la- ʁɑ̃kɔ̃tʁˈe.","tohoh sohohh- kohohh ty az a fayr, say la- rankohntray.",6df585d7ee39ae63093632e1a1c986836ddd7cdde6f609781198b7eb3f5e8b9c
772,"Tout ce que tu as à faire, c'est faire de ton mieux.",All you have to do is do your best.,C,"tu sə- kə ty az a fˈɛʁ, sɛ fˈɛʁ də- tɔ̃ mjˈø.","tohoh sohohh- kohohh ty az a fayr, say fayr dohohh- tohn myeu.",6df585d7ee39ae63093632e1a1c986836ddd7cdde6f609781198b7eb3f5e8b9c
773,"Tout ce que tu as à faire, c'est laver les assiettes.",All you have to do is wash the dishes.,C,"tu sə- kə ty az a fˈɛʁ, sɛ lavˈe le-z asjˈɛt.","tohoh sohohh- kohohh ty az a fayr, say lavay lay-z asyayt.",6df585d7ee39ae63093632e1a1c986836ddd7cdde6f609781198b7eb3f5e8b9c
774,"Tout ce que vous avez à faire, c'est l'écrire noir sur blanc.",All you have to do is put it in writing.,C,"tu sə- kə vuz avˈez a fˈɛʁ, sɛ lekʁˈiʁ nwˈaʁ syʁ blˈɑ̃.","tohoh sohohh- kohohh vohohz avayz a fayr, say laykrayayr nwar syr blan.",6df585d7ee39ae63093632e1a1c986836ddd7cdde6f609781198b7eb3f5e8b9c
775,"Tout ce que vous avez à faire, c'est vous faire confiance les uns aux autres.",All you need to do is trust each other.,C,"tu sə- kə vuz avˈez a fˈɛʁ, sɛ vu fˈɛʁ kɔ̃fjˈɑ̃s le-z œ̃z oz ˈotʁ.","tohoh sohohh- kohohh vohohz avayz a fayr, say vohoh fayr kohnfyans lay-z ohohnz ohz ohtr.",6df585d7ee39ae63093632e1a1c986836ddd7cdde6f609781198b7eb3f5e8b9c
776,Les Américains disent franchement ce qu'ils pensent.,Americans openly say what they think.,B,le-z ameʁikˈɛ̃ dˈiz fʁɑ̃ʃmˈɑ̃ sə- kil pˈɑ̃s.,lay-z amayrayaykayayn dayayz franshman sohohh- kayayl pans.,6df585d7ee39ae63093632e1a1c986836ddd7cdde6f609781198b7eb3f5e8b9c
777,"Comme je te l'ai dit auparavant, je n'ai pas le choix.","As I told you before, I have no choice.",C,"kɔm ʒə- tə- le dˈi opaʁavˈɑ̃, ʒə- ne pa lə- ʃwˈa.","kohm zhohohh- tohohh- lay dayay ohparavan, zhohohh- nay pa lohohh- shwa.",6df585d7ee39ae63093632e1a1c986836ddd7cdde6f609781198b7eb3f5e8b9c
778,"Au fait, j'ai quelque chose à te dire.","By the way, I have something to tell you.",C,"o fˈɛ, ʒe kˌɛlkə ʃˈɔz a tə- dˈiʁ.","oh fay, zhay kaylkohohh shohz a tohohh- dayayr.",6df585d7ee39ae63093632e1a1c986836ddd7cdde6f609781198b7eb3f5e8b9c
779,Passez me voir n'importe quand demain après-midi.,Come to see me at any time tomorrow afternoon.,C,pasˈe mə- vwˈaʁ nɛ̃pˈɔʁt kɑ̃ dəmˈɛ̃ apʁˌɛmidˈi.,pasay mohohh- vwar nayaynpohrt kan dohohhmayayn apraymayaydayay.,6df585d7ee39ae63093632e1a1c986836ddd7cdde6f609781198b7eb3f5e8b9c
780,Ne t'attends pas à ce que je t'aide pour tes devoirs.,Don't expect me to help you with your homework.,C,nə- tatˈɑ̃ paz a sə- kə ʒə- tˈɛd puʁ te- dəvwˈaʁ.,nohohh- tatan paz a sohohh- kohohh zhohohh- tayd pohohr tay- dohohhvwar.,6df585d7ee39ae63093632e1a1c986836ddd7cdde6f609781198b7eb3f5e8b9c
781,N'oublie pas de me faire savoir quand il sera temps.,Don't forget to let me know when it's time.,C,nublˈi pa də- mə- fˈɛʁ savwˈaʁ kɑ̃t il səʁˈa tˈɑ̃.,nohohblayay pa dohohh- mohohh- fayr savwar kant ayayl sohohhra tan.,6df585d7ee39ae63093632e1a1c986836ddd7cdde6f609781198b7eb3f5e8b9c
782,N'hésite pas à me dire si tu as besoin de quelque chose.,Don't hesitate to tell me if you need anything.,C,nezˈit paz a mə- dˈiʁ sˈi ty a bəzwˈɛ̃ də- kˌɛlkə ʃˈɔz.,nayzayayt paz a mohohh- dayayr sayay ty a bohohhzwayayn dohohh- kaylkohohh shohz.,6df585d7ee39ae63093632e1a1c986836ddd7cdde6f609781198b7eb3f5e8b9c
783,Ne crie pas comme ça. Je t'entends parfaitement.,Don't shout like that. I can hear you perfectly.,C,nə- kʁˈi pa kɔm sˈa. ʒə- tɑ̃tˈɑ̃ paʁfɛtmˈɑ̃.,nohohh- krayay pa kohm sa. zhohohh- tantan parfaytman.,6df585d7ee39ae63093632e1a1c986836ddd7cdde6f609781198b7eb3f5e8b9c
784,Ne me dites pas ce que je peux ou ne peux faire.,Don't tell me what I can and can't do.,C,nə- mə- dˈit pa sə- kə ʒə- pˈø u nə- pˈø fˈɛʁ.,nohohh- mohohh- dayayt pa sohohh- kohohh zhohohh- peu ohoh nohohh- peu fayr.,6df585d7ee39ae63093632e1a1c986836ddd7cdde6f609781198b7eb3f5e8b9c
785,Ne me dis pas que tu ne sais pas conduire.,Don't tell me you don't know how to drive.,C,nə- mə- dˈi pa kə ty nə- sˈɛ pa kɔ̃dyˈiʁ.,nohohh- mohohh- dayay pa kohohh ty nohohh- say pa kohndyayayr.,6df585d7ee39ae63093632e1a1c986836ddd7cdde6f609781198b7eb3f5e8b9c
786,Ne me reparlez plus jamais comme cela.,Don't you ever speak to me like that again.,C,nə- mə- ʁəpaʁlˈe ply ʒamˌɛ kɔm səlˈa.,nohohh- mohohh- rohohhparlay ply zhamay kohm sohohhla.,6df585d7ee39ae63093632e1a1c986836ddd7cdde6f609781198b7eb3f5e8b9c
787,"Excusez-moi, mais je pense que c'est ma place.","Excuse me, but I think this is my seat.",C,"ɛkskyzˈemwˈa, mɛ ʒə- pˈɑ̃s kə sɛ ma- plˈas.","aykskyzaymwa, may zhohohh- pans kohohh say ma- plas.",6df585d7ee39ae63093632e1a1c986836ddd7cdde6f609781198b7eb3f5e8b9c
788,N'hésite pas à m'appeler si tu as besoin de quoi que ce soit.,Feel free to call me if you need anything.,C,nezˈit paz a maplˈe sˈi ty a bəzwˈɛ̃ də- kwˌa kə sə- swˈa.,nayzayayt paz a maplay sayay ty a bohohhzwayayn dohohh- kwa kohohh sohohh- swa.,6df585d7ee39ae63093632e1a1c986836ddd7cdde6f609781198b7eb3f5e8b9c
789,"Pour une fois dans ta vie, fais ce que je demande.","For once in your life, do what I ask.",C,"puʁ yn fwˈa dɑ̃ ta- vˈi, fˈɛ sə- kə ʒə- dəmˈɑ̃d.","pohohr yn fwa dan ta- vayay, fay sohohh- kohohh zhohohh- dohohhmand.",6df585d7ee39ae63093632e1a1c986836ddd7cdde6f609781198b7eb3f5e8b9c
790,"Pour la millième fois, je n'ai pas besoin de ton aide.","For the thousandth time, I don't need your help.",C,"puʁ la- miljˈɛm fwˈa, ʒə- ne pa bəzwˈɛ̃ də- tɔ̃n ˈɛd.","pohohr la- mayaylyaym fwa, zhohohh- nay pa bohohhzwayayn dohohh- tohnn ayd.",6df585d7ee39ae63093632e1a1c986836ddd7cdde6f609781198b7eb3f5e8b9c
791,Donne-moi ta parole que tu ne feras pas ça.,Give me your word that you won't do that.,C,dˈɔnmwˌa ta- paʁˈɔl kə ty nə- fəʁˈa pa sˈa.,dohnmwa ta- parohl kohohh ty nohohh- fohohhra pa sa.,6df585d7ee39ae63093632e1a1c986836ddd7cdde6f609781198b7eb3f5e8b9c
792,Il est ce qu'on appelle un homme de culture.,He is what we call a man of culture.,C,il ɛ sə- kɔ̃n apˈɛl œ̃n ˈɔm də- kyltˈyʁ.,ayayl ay sohohh- kohnn apayl ohohnn ohm dohohh- kyltyr.,6df585d7ee39ae63093632e1a1c986836ddd7cdde6f609781198b7eb3f5e8b9c
793,Il a dit qu'il reviendrait ici demain.,He said that he would come back here tomorrow.,C,il a dˈi kil ʁəvjɛ̃dʁˈɛt isˈi dəmˈɛ̃.,ayayl a dayay kayayl rohohhvyayayndrayt ayaysayay dohohhmayayn.,6df585d7ee39ae63093632e1a1c986836ddd7cdde6f609781198b7eb3f5e8b9c
794,Si tu te dépêches tu peux encore attraper ton train.,If you hurry,A,sˈi ty tə- depˈɛʃ ty pˈøz ɑ̃kˌɔʁ atʁapˈe tɔ̃ tʁˈɛ̃.,sayay ty tohohh- daypaysh ty peuz ankohr atrapay tohn trayayn.,6df585d7ee39ae63093632e1a1c986836ddd7cdde6f609781198b7eb3f5e8b9c
795,Je brosse toujours mon manteau quand je rentre à la maison.,I always brush my coat when I come home.,C,ʒə- bʁˈɔs tuʒˌuʁ mɔ̃ mɑ̃tˈo kɑ̃ ʒə- ʁˈɑ̃tʁ a la- mɛzˈɔ̃.,zhohohh- brohs tohohzhohohr mohn mantoh kan zhohohh- rantr a la- mayzohn.,6df585d7ee39ae63093632e1a1c986836ddd7cdde6f609781198b7eb3f5e8b9c
796,J'apprécie beaucoup votre aide.,I really appreciate your help.,B,ʒapʁesˈi bokˌu votʁ ˈɛd.,zhapraysayay bohkohoh vohtr ayd.,6df585d7ee39ae63093632e1a1c986836ddd7cdde6f609781198b7eb3f5e8b9c
797,Je ne suis pas content de ce que vous avez fait.,I am not pleased with what you have done.,C,ʒə- nə- syˌi pa kɔ̃tˈɑ̃ də- sə- kə vuz avˈe fˈɛ.,zhohohh- nohohh- syayay pa kohntan dohohh- sohohh- kohohh vohohz avay fay.,6df585d7ee39ae63093632e1a1c986836ddd7cdde6f609781198b7eb3f5e8b9c
798,J'apprécie que tu prennes le temps de me voir.,I appreciate your taking the time to see me.,C,ʒapʁesˈi kə ty pʁˈɛn lə- tˈɑ̃ də- mə- vwˈaʁ.,zhapraysayay kohohh ty prayn lohohh- tan dohohh- mohohh- vwar.,6df585d7ee39ae63093632e1a1c986836ddd7cdde6f609781198b7eb3f5e8b9c
799,Je lui ai demandé où je pourrais garer ma voiture.,I asked him where I could park my car.,C,ʒə- lyˌi e dəmɑ̃dˈe u ʒə- puʁˈɛ ɡaʁˈe ma- vwatˈyʁ.,zhohohh- lyayay ay dohohhmanday ohoh zhohohh- pohohray garay ma- vwatyr.,6df585d7ee39ae63093632e1a1c986836ddd7cdde6f609781198b7eb3f5e8b9c
800,Je t'assure que tout sera prêt à temps.,I assure you everything will be ready on time.,C,ʒə- tasˈyʁ kə tu səʁˈa pʁˈɛ a tˈɑ̃.,zhohohh- tasyr kohohh tohoh sohohhra pray a tan.,6df585d7ee39ae63093632e1a1c986836ddd7cdde6f609781198b7eb3f5e8b9c
801,"J'ai appelé ton bureau aujourd'hui, mais tu n'y étais pas.","I called your office today, but you weren't in.",C,"ʒe aplˈe tɔ̃ byʁˈo oʒuʁdyˈi, mɛ ty ni etˈɛ pˈa.","zhay aplay tohn byroh ohzhohohrdyayay, may ty nayay aytay pa.",6df585d7ee39ae63093632e1a1c986836ddd7cdde6f609781198b7eb3f5e8b9c
802,Je peux à peine me souvenir à quoi mon grand-père ressemblait.,I can barely remember what my grandfather looked like.,C,ʒə- pˈøz a pˈɛn mə- suvnˈiʁ a kwˌa mɔ̃ ɡʁˈɑ̃pˈɛʁ ʁəsɑ̃blˈɛ.,zhohohh- peuz a payn mohohh- sohohvnayayr a kwa mohn granpayr rohohhsanblay.,6df585d7ee39ae63093632e1a1c986836ddd7cdde6f609781198b7eb3f5e8b9c
803,Je peux être convaincant quand je le veux.,I can be persuasive when I want to be.,C,ʒə- pˈøz ˈɛtʁ kɔ̃vɛ̃kˈɑ̃ kɑ̃ ʒə- lə- vˈø.,zhohohh- peuz aytr kohnvayaynkan kan zhohohh- lohohh- veu.,6df585d7ee39ae63093632e1a1c986836ddd7cdde6f609781198b7eb3f5e8b9c
804,Je ressens des douleurs dans mes deux genoux.,I can feel pain in both of my knees.,C,ʒə- ʁəsˈɛn de- dulˈœʁ dɑ̃ me- dˈø ʒənˈu.,zhohohh- rohohhsayn day- dohohleur dan may- deu zhohohhnohoh.,6df585d7ee39ae63093632e1a1c986836ddd7cdde6f609781198b7eb3f5e8b9c
805,Je peux arriver à la station avant toi.,I can get to the station before you do.,C,ʒə- pˈøz aʁivˈe a la- stasjˈɔ̃ avˌɑ̃ twˈa.,zhohohh- peuz arayayvay a la- stasyohn avan twa.,6df585d7ee39ae63093632e1a1c986836ddd7cdde6f609781198b7eb3f5e8b9c
806,Je peux te ramener chez toi si tu veux.,I can give you a lift if you like.,C,ʒə- pˈø tə- ʁamnˈe ʃe twˌa sˈi ty vˈø.,zhohohh- peu tohohh- ramnay shay twa sayay ty veu.,6df585d7ee39ae63093632e1a1c986836ddd7cdde6f609781198b7eb3f5e8b9c
807,Je peux retenir mon souffle pendant longtemps.,I can hold my breath for a long time.,C,ʒə- pˈø ʁətnˈiʁ mɔ̃ sˈufl pɑ̃dˈɑ̃ lɔ̃tˈɑ̃.,zhohohh- peu rohohhtnayayr mohn sohohfl pandan lohntan.,6df585d7ee39ae63093632e1a1c986836ddd7cdde6f609781198b7eb3f5e8b9c
808,Je peux marcher plus rapidement si tu veux.,I can walk faster if you want.,B,ʒə- pˈø maʁʃˈe ply ʁapidmˈɑ̃ sˈi ty vˈø.,zhohohh- peu marshay ply rapayaydman sayay ty veu.,6df585d7ee39ae63093632e1a1c986836ddd7cdde6f609781198b7eb3f5e8b9c
809,Je ne peux pas croire que tu veuilles vraiment faire cela.,I can't believe you really want to do that.,C,ʒə- nə- pˈø pa kʁwˈaʁ kə ty vˈœj vʁɛmˈɑ̃ fˈɛʁ səlˈa.,zhohohh- nohohh- peu pa krwar kohohh ty veuy vrayman fayr sohohhla.,6df585d7ee39ae63093632e1a1c986836ddd7cdde6f609781198b7eb3f5e8b9c
810,"Je ne peux pas, aujourd'hui, aller au restaurant avec toi.",I can't go to the restaurant with you today.,C,"ʒə- nə- pˈø pˈa, oʒuʁdyˈi, alˈe o ʁɛstoʁˈɑ̃ avˌɛk twˈa.","zhohohh- nohohh- peu pa, ohzhohohrdyayay, alay oh raystohran avayk twa.",6df585d7ee39ae63093632e1a1c986836ddd7cdde6f609781198b7eb3f5e8b9c
811,Je ne peux pas aller avec vous. J'ai une réunion.,I can't go with you. I have a meeting.,C,ʒə- nə- pˈø paz alˈe avˌɛk vˈu. ʒe yn ʁeynjˈɔ̃.,zhohohh- nohohh- peu paz alay avayk vohoh. zhay yn rayynyohn.,6df585d7ee39ae63093632e1a1c986836ddd7cdde6f609781198b7eb3f5e8b9c
812,Je ne peux m'empêcher de penser que mon père est toujours en vie.,I can't help thinking my father is still alive.,C,ʒə- nə- pˈø mɑ̃pɛʃˈe də- pɑ̃sˈe kə mɔ̃ pˈɛʁ ɛ tuʒˌuʁz ɑ̃ vˈi.,zhohohh- nohohh- peu manpayshay dohohh- pansay kohohh mohn payr ay tohohzhohohrz an vayay.,6df585d7ee39ae63093632e1a1c986836ddd7cdde6f609781198b7eb3f5e8b9c
813,Je ne peux te dire combien cela m'énerve.,I can't tell you how much that annoys me.,C,ʒə- nə- pˈø tə- dˈiʁ kɔ̃bjˈɛ̃ səlˌa menˈɛʁv.,zhohohh- nohohh- peu tohohh- dayayr kohnbyayayn sohohhla maynayrv.,6df585d7ee39ae63093632e1a1c986836ddd7cdde6f609781198b7eb3f5e8b9c
814,Je ne peux pas te raconter ce que nous avons fait hier soir.,I can't tell you what we did last night.,C,ʒə- nə- pˈø pa tə- ʁakɔ̃tˈe sə- kə nuz avˈɔ̃ fˈɛ jˈɛʁ swˈaʁ.,zhohohh- nohohh- peu pa tohohh- rakohntay sohohh- kohohh nohohz avohn fay yayr swar.,6df585d7ee39ae63093632e1a1c986836ddd7cdde6f609781198b7eb3f5e8b9c
815,Je ne peux pas vous remercier suffisamment pour votre gentillesse.,I can't thank you enough for your kindness.,B,ʒə- nə- pˈø pa vu ʁəmɛʁsjˈe syfizamˈɑ̃ puʁ votʁ ʒɑ̃tijˈɛs.,zhohohh- nohohh- peu pa vohoh rohohhmayrsyay syfayayzaman pohohr vohtr zhantayayyays.,6df585d7ee39ae63093632e1a1c986836ddd7cdde6f609781198b7eb3f5e8b9c
816,Je ne comprends pas ce qu'il essaie de dire.,I don't understand what he is trying to say.,C,ʒə- nə- kɔ̃pʁˈɑ̃ pa sə- kil esˈɛ də- dˈiʁ.,zhohohh- nohohh- kohnpran pa sohohh- kayayl aysay dohohh- dayayr.,6df585d7ee39ae63093632e1a1c986836ddd7cdde6f609781198b7eb3f5e8b9c
817,Je n'arrive pas à comprendre ce qu'il veut que je fasse.,I can't understand what he wants me to do.,C,ʒə- naʁˈiv paz a kɔ̃pʁˈɑ̃dʁ sə- kil vˈø kə ʒə- fˈas.,zhohohh- narayayv paz a kohnprandr sohohh- kayayl veu kohohh zhohohh- fas.,6df585d7ee39ae63093632e1a1c986836ddd7cdde6f609781198b7eb3f5e8b9c
818,Je me soucie beaucoup de ce que vous pensez.,I care a good deal about what you think.,C,ʒə- mə- susˈi bokˌu də- sə- kə vu pɑ̃sˈe.,zhohohh- mohohh- sohohsayay bohkohoh dohohh- sohohh- kohohh vohoh pansay.,6df585d7ee39ae63093632e1a1c986836ddd7cdde6f609781198b7eb3f5e8b9c
819,Je me fiche complètement de ce que tu penses de moi.,I couldn't care less what you think of me.,C,ʒə- mə- fˈiʃ kɔ̃plɛtmˈɑ̃ də- sə- kə ty pˈɑ̃s də- mwˈa.,zhohohh- mohohh- fayaysh kohnplaytman dohohh- sohohh- kohohh ty pans dohohh- mwa.,6df585d7ee39ae63093632e1a1c986836ddd7cdde6f609781198b7eb3f5e8b9c
820,J'ai fait tout ce que je pouvais pour être votre ami.,I did everything I could to be your friend.,C,ʒe fˈɛ tu sə- kə ʒə- puvˈɛ puʁ ˈɛtʁ votʁ amˈi.,zhay fay tohoh sohohh- kohohh zhohohh- pohohvay pohohr aytr vohtr amayay.,6df585d7ee39ae63093632e1a1c986836ddd7cdde6f609781198b7eb3f5e8b9c
821,J'ai fait exactement ce que tu m'as dit de faire.,I did exactly what you told me to do.,C,ʒe fˈɛt ɛɡzaktəmˈɑ̃ sə- kə ty ma dˈi də- fˈɛʁ.,zhay fayt aygzaktohohhman sohohh- kohohh ty ma dayay dohohh- fayr.,6df585d7ee39ae63093632e1a1c986836ddd7cdde6f609781198b7eb3f5e8b9c
822,Je l'ai fait et je le referais.,I did it and I would do it again.,C,ʒə- le fˈɛt e ʒə- lə- ʁəfʁˈɛ.,zhohohh- lay fayt ay zhohohh- lohohh- rohohhfray.,6df585d7ee39ae63093632e1a1c986836ddd7cdde6f609781198b7eb3f5e8b9c
823,Je l'ai fait comme tu me l'as demandé.,I did it the way you asked me to.,C,ʒə- le fˈɛ kɔm ty mə- la dəmɑ̃dˈe.,zhohohh- lay fay kohm ty mohohh- la dohohhmanday.,6df585d7ee39ae63093632e1a1c986836ddd7cdde6f609781198b7eb3f5e8b9c
824,J'ai fait ce qu'elle m'a demandé de faire.,I did what she asked me to do.,B,ʒe fˈɛ sə- kɛl ma dəmɑ̃dˈe də- fˈɛʁ.,zhay fay sohohh- kayl ma dohohhmanday dohohh- fayr.,6df585d7ee39ae63093632e1a1c986836ddd7cdde6f609781198b7eb3f5e8b9c
825,Je n'ai pas fait ce qu'ils m'avaient dit de faire.,I didn't do what they had told me to do.,C,ʒə- ne pa fˈɛ sə- kil mavˈɛ dˈi də- fˈɛʁ.,zhohohh- nay pa fay sohohh- kayayl mavay dayay dohohh- fayr.,6df585d7ee39ae63093632e1a1c986836ddd7cdde6f609781198b7eb3f5e8b9c
826,Je ne m'attendais pas à ce que tu dises quelque chose comme ça.,I didn't expect you to say something like that.,C,ʒə- nə- matɑ̃dˈɛ paz a sə- kə ty dˈiz kˌɛlkə ʃˈɔz kɔm sˈa.,zhohohh- nohohh- matanday paz a sohohh- kohohh ty dayayz kaylkohohh shohz kohm sa.,6df585d7ee39ae63093632e1a1c986836ddd7cdde6f609781198b7eb3f5e8b9c
827,Je n'ai pas eu assez de temps pour finir ma présentation.,I didn't have enough time to finish my presentation.,C,ʒə- ne paz y asˌe də- tˈɑ̃ puʁ finˈiʁ ma- pʁezɑ̃tasjˈɔ̃.,zhohohh- nay paz y asay dohohh- tan pohohr fayaynayayr ma- prayzantasyohn.,6df585d7ee39ae63093632e1a1c986836ddd7cdde6f609781198b7eb3f5e8b9c
828,Je ne savais pas que tu avais besoin de faire ça.,I didn't know that you needed to do that.,C,ʒə- nə- savˈɛ pa kə ty avˈɛ bəzwˈɛ̃ də- fˈɛʁ sˈa.,zhohohh- nohohh- savay pa kohohh ty avay bohohhzwayayn dohohh- fayr sa.,6df585d7ee39ae63093632e1a1c986836ddd7cdde6f609781198b7eb3f5e8b9c
829,Je ne savais pas que nous étions censés faire ça.,I didn't know we were supposed to do that.,C,ʒə- nə- savˈɛ pa kə nuz etjˈɔ̃ sɑ̃sˈe fˈɛʁ sˈa.,zhohohh- nohohh- savay pa kohohh nohohz aytyohn sansay fayr sa.,6df585d7ee39ae63093632e1a1c986836ddd7cdde6f609781198b7eb3f5e8b9c
830,Je ne savais pas ce que ça voulait dire à l'époque.,I didn't know what it meant at that time.,C,ʒə- nə- savˈɛ pa sə- kə sa vulˈɛ dˈiʁ a lepˈok.,zhohohh- nohohh- savay pa sohohh- kohohh sa vohohlay dayayr a laypohk.,6df585d7ee39ae63093632e1a1c986836ddd7cdde6f609781198b7eb3f5e8b9c
831,Je ne savais pas que tu voulais travailler pour moi.,I didn't know you wanted to work for me.,C,ʒə- nə- savˈɛ pa kə ty vulˈɛ tʁavajˈe puʁ mwˈa.,zhohohh- nohohh- savay pa kohohh ty vohohlay travayay pohohr mwa.,6df585d7ee39ae63093632e1a1c986836ddd7cdde6f609781198b7eb3f5e8b9c
832,Je ne savais pas que tu allais revenir.,I didn't know you were going to come back.,C,ʒə- nə- savˈɛ pa kə ty alˈɛ ʁəvnˈiʁ.,zhohohh- nohohh- savay pa kohohh ty alay rohohhvnayayr.,6df585d7ee39ae63093632e1a1c986836ddd7cdde6f609781198b7eb3f5e8b9c
833,Je ne pensais pas que nous serions si occupés aujourd'hui.,I didn't think we would be so busy today.,C,ʒə- nə- pɑ̃sˈɛ pa kə nu səʁjˈɔ̃ sˈi ɔkypˈez oʒuʁdyˈi.,zhohohh- nohohh- pansay pa kohohh nohoh sohohhryohn sayay ohkypayz ohzhohohrdyayay.,6df585d7ee39ae63093632e1a1c986836ddd7cdde6f609781198b7eb3f5e8b9c
834,Je ne pensais pas que tu voudrais me revoir.,I didn't think you'd want to see me again.,C,ʒə- nə- pɑ̃sˈɛ pa kə ty vudʁˈɛ mə- ʁəvwˈaʁ.,zhohohh- nohohh- pansay pa kohohh ty vohohdray mohohh- rohohhvwar.,6df585d7ee39ae63093632e1a1c986836ddd7cdde6f609781198b7eb3f5e8b9c
835,Je ne voulais pas que qui que ce soit sache que j'étais là.,I didn't want anyone to know I was here.,C,ʒə- nə- vulˈɛ pa kə ki kə sə- swˌa sˈaʃ kə ʒetˈɛ lˈa.,zhohohh- nohohh- vohohlay pa kohohh kayay kohohh sohohh- swa sash kohohh zhaytay la.,6df585d7ee39ae63093632e1a1c986836ddd7cdde6f609781198b7eb3f5e8b9c
836,Je ne voulais pas partir sans dire merci.,I didn't want to leave without saying thank you.,C,ʒə- nə- vulˈɛ pa paʁtˈiʁ sɑ̃ dˈiʁ mɛʁsˈi.,zhohohh- nohohh- vohohlay pa partayayr san dayayr mayrsayay.,6df585d7ee39ae63093632e1a1c986836ddd7cdde6f609781198b7eb3f5e8b9c
837,Je ne voulais pas te le dire au téléphone.,I didn't want to tell you over the phone.,C,ʒə- nə- vulˈɛ pa tə- lə- dˈiʁ o telefˈɔn.,zhohohh- nohohh- vohohlay pa tohohh- lohohh- dayayr oh taylayfohn.,6df585d7ee39ae63093632e1a1c986836ddd7cdde6f609781198b7eb3f5e8b9c
838,Ça m'est égal que tu m'aides ou non.,I don't care if you help me or not.,C,sa mɛt eɡˈal kə ty mˈɛd u nˈɔ̃.,sa mayt aygal kohohh ty mayd ohoh nohn.,6df585d7ee39ae63093632e1a1c986836ddd7cdde6f609781198b7eb3f5e8b9c
839,Je n'ai pas envie de faire mes devoirs de mathématiques maintenant.,I don't feel like doing my math homework now.,C,ʒə- ne paz ɑ̃vˈi də- fˈɛʁ me- dəvwˈaʁ də- matematˈik mɛ̃tnˈɑ̃.,zhohohh- nay paz anvayay dohohh- fayr may- dohohhvwar dohohh- mataymatayayk mayayntnan.,6df585d7ee39ae63093632e1a1c986836ddd7cdde6f609781198b7eb3f5e8b9c
840,Je n'ai pas autant de patience que toi.,I don't have as much patience as you do.,C,ʒə- ne paz otˌɑ̃ də- pasjˈɑ̃s kə twˈa.,zhohohh- nay paz ohtan dohohh- pasyans kohohh twa.,6df585d7ee39ae63093632e1a1c986836ddd7cdde6f609781198b7eb3f5e8b9c
841,Je n'ai pas assez de temps pour déjeuner aujourd'hui.,I don't have enough time to eat lunch today.,C,ʒə- ne paz asˌe də- tˈɑ̃ puʁ deʒønˈe oʒuʁdyˈi.,zhohohh- nay paz asay dohohh- tan pohohr dayzheunay ohzhohohrdyayay.,6df585d7ee39ae63093632e1a1c986836ddd7cdde6f609781198b7eb3f5e8b9c
842,Je n'ai pas le temps de faire ça cet après-midi.,I don't have time to do that this afternoon.,C,ʒə- ne pa lə- tˈɑ̃ də- fˈɛʁ sa sɛt apʁˌɛmidˈi.,zhohohh- nay pa lohohh- tan dohohh- fayr sa sayt apraymayaydayay.,6df585d7ee39ae63093632e1a1c986836ddd7cdde6f609781198b7eb3f5e8b9c
843,Je n'ai pas le temps d'aller au cinéma.,I don't have time to go to the movies.,C,ʒə- ne pa lə- tˈɑ̃ dalˈe o sinemˈa.,zhohohh- nay pa lohohh- tan dalay oh sayaynayma.,6df585d7ee39ae63093632e1a1c986836ddd7cdde6f609781198b7eb3f5e8b9c
844,Je n'ai pas le temps de te faire un sandwich.,I don't have time to make you a sandwich.,C,ʒə- ne pa lə- tˈɑ̃ də- tə- fˈɛʁ œ̃ sɑ̃dwˈitʃ.,zhohohh- nay pa lohohh- tan dohohh- tohohh- fayr ohohn sandwayaych.,6df585d7ee39ae63093632e1a1c986836ddd7cdde6f609781198b7eb3f5e8b9c
845,Je n'ai pas le temps de te parler maintenant.,I don't have time to talk to you now.,C,ʒə- ne pa lə- tˈɑ̃ də- tə- paʁlˈe mɛ̃tnˈɑ̃.,zhohohh- nay pa lohohh- tan dohohh- tohohh- parlay mayayntnan.,6df585d7ee39ae63093632e1a1c986836ddd7cdde6f609781198b7eb3f5e8b9c
846,Je ne sais pas comment je vais m'y prendre.,I don't know how I'm going to go about it.,C,ʒə- nə- sˈɛ pa kɔmˌɑ̃ ʒə- vˈɛ mi pʁˈɑ̃dʁ.,zhohohh- nohohh- say pa kohman zhohohh- vay mayay prandr.,6df585d7ee39ae63093632e1a1c986836ddd7cdde6f609781198b7eb3f5e8b9c
847,Je ne sais pas combien de temps il nous reste.,I don't know how much time we have left.,C,ʒə- nə- sˈɛ pa kɔ̃bjˈɛ̃ də- tˈɑ̃ il nu ʁˈɛst.,zhohohh- nohohh- say pa kohnbyayayn dohohh- tan ayayl nohoh rayst.,6df585d7ee39ae63093632e1a1c986836ddd7cdde6f609781198b7eb3f5e8b9c
848,Je ne sais pas comment nous allons faire ça.,I don't know how we're going to do that.,C,ʒə- nə- sˈɛ pa kɔmˌɑ̃ nuz alˈɔ̃ fˈɛʁ sˈa.,zhohohh- nohohh- say pa kohman nohohz alohn fayr sa.,6df585d7ee39ae63093632e1a1c986836ddd7cdde6f609781198b7eb3f5e8b9c
849,Je ne sais pas si je peux le refaire.,I don't know if I can do it again.,C,ʒə- nə- sˈɛ pa sˈi ʒə- pˈø lə- ʁəfˈɛʁ.,zhohohh- nohohh- say pa sayay zhohohh- peu lohohh- rohohhfayr.,6df585d7ee39ae63093632e1a1c986836ddd7cdde6f609781198b7eb3f5e8b9c
850,Je ne sais pas si je peux encore faire ceci.,I don't know if I can still do this.,C,ʒə- nə- sˈɛ pa sˈi ʒə- pˈøz ɑ̃kˌɔʁ fˈɛʁ səsˈi.,zhohohh- nohohh- say pa sayay zhohohh- peuz ankohr fayr sohohhsayay.,6df585d7ee39ae63093632e1a1c986836ddd7cdde6f609781198b7eb3f5e8b9c
851,Je ne sais pas si je peux faire ce travail.,I don't know if I can do this job.,C,ʒə- nə- sˈɛ pa sˈi ʒə- pˈø fˈɛʁ sə- tʁavˈaj.,zhohohh- nohohh- say pa sayay zhohohh- peu fayr sohohh- travay.,6df585d7ee39ae63093632e1a1c986836ddd7cdde6f609781198b7eb3f5e8b9c
852,J'ignore si je peux aider ou non.,I don't know if I can help or not.,C,ʒinjˈɔʁ sˈi ʒə- pˈøz ɛdˈe u nˈɔ̃.,zhayaynyohr sayay zhohohh- peuz ayday ohoh nohn.,6df585d7ee39ae63093632e1a1c986836ddd7cdde6f609781198b7eb3f5e8b9c
853,Je ne sais pas si tu l'aimes ou pas.,I don't know if you like it or not.,C,ʒə- nə- sˈɛ pa sˈi ty lˈɛm u pˈa.,zhohohh- nohohh- say pa sayay ty laym ohoh pa.,6df585d7ee39ae63093632e1a1c986836ddd7cdde6f609781198b7eb3f5e8b9c
854,Je ne sais pas la raison pour laquelle il est absent aujourd'hui.,I don't know the reason he is absent today.,C,ʒə- nə- sˈɛ pa la- ʁɛzˈɔ̃ puʁ lakˈɛl il ɛt absˈɑ̃ oʒuʁdyˈi.,zhohohh- nohohh- say pa la- rayzohn pohohr lakayl ayayl ayt absan ohzhohohrdyayay.,6df585d7ee39ae63093632e1a1c986836ddd7cdde6f609781198b7eb3f5e8b9c
855,Je ne connais pas la raison qui l'a poussé à se rendre là.,I don't know the reason why he went there.,C,ʒə- nə- kɔnˈɛ pa la- ʁɛzˈɔ̃ ki la pusˈe a sə- ʁˈɑ̃dʁ lˈa.,zhohohh- nohohh- kohnay pa la- rayzohn kayay la pohohsay a sohohh- randr la.,6df585d7ee39ae63093632e1a1c986836ddd7cdde6f609781198b7eb3f5e8b9c
856,Je ne sais pas ce que je ferais dans cette situation.,I don't know what I'd do in this situation.,C,ʒə- nə- sˈɛ pa sə- kə ʒə- fəʁˈɛ dɑ̃ sɛt sityasjˈɔ̃.,zhohohh- nohohh- say pa sohohh- kohohh zhohohh- fohohhray dan sayt sayaytyasyohn.,6df585d7ee39ae63093632e1a1c986836ddd7cdde6f609781198b7eb3f5e8b9c
857,Je ne sais pas ce que je vais faire maintenant.,I don't know what I'm going to do now.,C,ʒə- nə- sˈɛ pa sə- kə ʒə- vˈɛ fˈɛʁ mɛ̃tnˈɑ̃.,zhohohh- nohohh- say pa sohohh- kohohh zhohohh- vay fayr mayayntnan.,6df585d7ee39ae63093632e1a1c986836ddd7cdde6f609781198b7eb3f5e8b9c
858,Je ne sais pas ce que je vais manger ce soir.,I don't know what I'm going to eat tonight.,C,ʒə- nə- sˈɛ pa sə- kə ʒə- vˈɛ mɑ̃ʒˈe sə- swˈaʁ.,zhohohh- nohohh- say pa sohohh- kohohh zhohohh- vay manzhay sohohh- swar.,6df585d7ee39ae63093632e1a1c986836ddd7cdde6f609781198b7eb3f5e8b9c
859,Je ne sais pas quel genre de personne c'est.,I don't know what kind of person he is.,C,ʒə- nə- sˈɛ pa kɛl ʒˈɑ̃ʁ də- pɛʁsˈɔn sˈɛ.,zhohohh- nohohh- say pa kayl zhanr dohohh- payrsohn say.,6df585d7ee39ae63093632e1a1c986836ddd7cdde6f609781198b7eb3f5e8b9c
860,Je ne sais pas ce qui m'a motivé à venir ici.,I don't know what motivated me to come here.,C,ʒə- nə- sˈɛ pa sə- ki ma motivˈe a vənˈiʁ isˈi.,zhohohh- nohohh- say pa sohohh- kayay ma mohtayayvay a vohohhnayayr ayaysayay.,6df585d7ee39ae63093632e1a1c986836ddd7cdde6f609781198b7eb3f5e8b9c
861,Je ne sais pas quoi faire de ce truc.,I don't know what to do with this thing.,C,ʒə- nə- sˈɛ pa kwˌa fˈɛʁ də- sə- tʁˈyk.,zhohohh- nohohh- say pa kwa fayr dohohh- sohohh- tryk.,6df585d7ee39ae63093632e1a1c986836ddd7cdde6f609781198b7eb3f5e8b9c
862,Je ne sais pas quoi faire de ces restes.,I don't know what to do with these leftovers.,C,ʒə- nə- sˈɛ pa kwˌa fˈɛʁ də- se ʁˈɛst.,zhohohh- nohohh- say pa kwa fayr dohohh- say rayst.,6df585d7ee39ae63093632e1a1c986836ddd7cdde6f609781198b7eb3f5e8b9c
863,Je ne sais pas quand ma maman reviendra.,I don't know when my mom will come back.,C,ʒə- nə- sˈɛ pa kɑ̃ ma- mamˈɑ̃ ʁəvjɛ̃dʁˈa.,zhohohh- nohohh- say pa kan ma- maman rohohhvyayayndra.,6df585d7ee39ae63093632e1a1c986836ddd7cdde6f609781198b7eb3f5e8b9c
864,Je ne sais pas où j'ai posé mon téléphone portable.,I don't know where I put my cell phone.,C,ʒə- nə- sˈɛ paz u ʒe pozˈe mɔ̃ telefˈɔn pɔʁtˈabl.,zhohohh- nohohh- say paz ohoh zhay pohzay mohn taylayfohn pohrtabl.,6df585d7ee39ae63093632e1a1c986836ddd7cdde6f609781198b7eb3f5e8b9c
865,Je ne sais pas à qui je peux demander conseil.,I don't know who I can ask for advice.,C,ʒə- nə- sˈɛ paz a ki ʒə- pˈø dəmɑ̃dˈe kɔ̃sˈɛj.,zhohohh- nohohh- say paz a kayay zhohohh- peu dohohhmanday kohnsayy.,6df585d7ee39ae63093632e1a1c986836ddd7cdde6f609781198b7eb3f5e8b9c
866,Je ne sais pas pourquoi je dois faire ceci.,I don't know why I have to do this.,C,ʒə- nə- sˈɛ pa puʁkwˌa ʒə- dwˈa fˈɛʁ səsˈi.,zhohohh- nohohh- say pa pohohrkwa zhohohh- dwa fayr sohohhsayay.,6df585d7ee39ae63093632e1a1c986836ddd7cdde6f609781198b7eb3f5e8b9c
867,Je ne sais pas pourquoi il m'a dit ça.,I don't know why he said that to me.,C,ʒə- nə- sˈɛ pa puʁkwˌa il ma dˈi sˈa.,zhohohh- nohohh- say pa pohohrkwa ayayl ma dayay sa.,6df585d7ee39ae63093632e1a1c986836ddd7cdde6f609781198b7eb3f5e8b9c
868,Je ne sais pas pourquoi nous devons faire cela.,I don't know why we have to do that.,C,ʒə- nə- sˈɛ pa puʁkwˌa nu dəvˈɔ̃ fˈɛʁ səlˈa.,zhohohh- nohohh- say pa pohohrkwa nohoh dohohhvohn fayr sohohhla.,6df585d7ee39ae63093632e1a1c986836ddd7cdde6f609781198b7eb3f5e8b9c
869,Je ne l'aime pas plus que vous.,I don't like it any more than you do.,C,ʒə- nə- lˈɛm pa ply kə vˈu.,zhohohh- nohohh- laym pa ply kohohh vohoh.,6df585d7ee39ae63093632e1a1c986836ddd7cdde6f609781198b7eb3f5e8b9c
870,Je n'aime pas quand tu ramènes du travail à la maison.,I don't like it when you bring work home.,C,ʒə- nˈɛm pa kɑ̃ ty ʁamˈɛn dy- tʁavˈaj a la- mɛzˈɔ̃.,zhohohh- naym pa kan ty ramayn dy- travay a la- mayzohn.,6df585d7ee39ae63093632e1a1c986836ddd7cdde6f609781198b7eb3f5e8b9c
871,Je n'aime pas quand tu me fixes.,I don't like it when you stare at me.,C,ʒə- nˈɛm pa kɑ̃ ty mə- fˈiks.,zhohohh- naym pa kan ty mohohh- fayayks.,6df585d7ee39ae63093632e1a1c986836ddd7cdde6f609781198b7eb3f5e8b9c
872,Je n'aime pas que ma femme m'appelle au travail.,I don't like my wife calling me at work.,C,ʒə- nˈɛm pa kə ma- fˈam mapˈɛl o tʁavˈaj.,zhohohh- naym pa kohohh ma- fam mapayl oh travay.,6df585d7ee39ae63093632e1a1c986836ddd7cdde6f609781198b7eb3f5e8b9c
873,Je n'aime pas cet avocat que tu as engagé pour moi.,I don't like that lawyer you hired for me.,C,ʒə- nˈɛm pa sɛt avokˈa kə ty az ɑ̃ɡaʒˈe puʁ mwˈa.,zhohohh- naym pa sayt avohka kohohh ty az angazhay pohohr mwa.,6df585d7ee39ae63093632e1a1c986836ddd7cdde6f609781198b7eb3f5e8b9c
874,Je n'aime pas la façon dont tu me parles.,I don't like the way you talk to me.,C,ʒə- nˈɛm pa la- fasˈɔ̃ dɔ̃ ty mə- pˈaʁl.,zhohohh- naym pa la- fasohn dohn ty mohohh- parl.,6df585d7ee39ae63093632e1a1c986836ddd7cdde6f609781198b7eb3f5e8b9c
875,Je n'ai pas besoin qu'ils me fassent des faveurs.,I don't need them to do me any favors.,C,ʒə- ne pa bəzwˈɛ̃ kil mə- fˈas de- favˈœʁ.,zhohohh- nay pa bohohhzwayayn kayayl mohohh- fas day- faveur.,6df585d7ee39ae63093632e1a1c986836ddd7cdde6f609781198b7eb3f5e8b9c
876,Je n'ai pas besoin qu'on me dise quoi faire.,I don't need to be told what to do.,C,ʒə- ne pa bəzwˈɛ̃ kɔ̃ mə- dˈiz kwˌa fˈɛʁ.,zhohohh- nay pa bohohhzwayayn kohn mohohh- dayayz kwa fayr.,6df585d7ee39ae63093632e1a1c986836ddd7cdde6f609781198b7eb3f5e8b9c
877,Je ne vois pas pourquoi j'ai besoin de faire ça.,I don't see why I need to do this.,C,ʒə- nə- vwˈa pa puʁkwˌa ʒe bəzwˈɛ̃ də- fˈɛʁ sˈa.,zhohohh- nohohh- vwa pa pohohrkwa zhay bohohhzwayayn dohohh- fayr sa.,6df585d7ee39ae63093632e1a1c986836ddd7cdde6f609781198b7eb3f5e8b9c
878,Je ne pense pas pouvoir le faire sans toi.,I don't think I can do it without you.,C,ʒə- nə- pˈɑ̃s pa puvwˈaʁ lə- fˈɛʁ sɑ̃ twˈa.,zhohohh- nohohh- pans pa pohohvwar lohohh- fayr san twa.,6df585d7ee39ae63093632e1a1c986836ddd7cdde6f609781198b7eb3f5e8b9c
879,Je ne pense pas que je puisse beaucoup t'aider.,I don't think I can help you very much.,C,ʒə- nə- pˈɑ̃s pa kə ʒə- pyˈis bokˌu tɛdˈe.,zhohohh- nohohh- pans pa kohohh zhohohh- pyayays bohkohoh tayday.,6df585d7ee39ae63093632e1a1c986836ddd7cdde6f609781198b7eb3f5e8b9c
880,Je ne pense pas avoir à le refaire.,I don't think I have to do it again.,C,ʒə- nə- pˈɑ̃s paz avwˈaʁ a lə- ʁəfˈɛʁ.,zhohohh- nohohh- pans paz avwar a lohohh- rohohhfayr.,6df585d7ee39ae63093632e1a1c986836ddd7cdde6f609781198b7eb3f5e8b9c
881,Je ne pense pas que nous puissions le faire aujourd'hui.,I don't think that we can do it today.,C,ʒə- nə- pˈɑ̃s pa kə nu pyisjˈɔ̃ lə- fˈɛʁ oʒuʁdyˈi.,zhohohh- nohohh- pans pa kohohh nohoh pyayaysyohn lohohh- fayr ohzhohohrdyayay.,6df585d7ee39ae63093632e1a1c986836ddd7cdde6f609781198b7eb3f5e8b9c
882,Je ne pense pas que nous puissions le faire si tôt.,I don't think we can do it so early.,C,ʒə- nə- pˈɑ̃s pa kə nu pyisjˈɔ̃ lə- fˈɛʁ sˈi tˈoː.,zhohohh- nohohh- pans pa kohohh nohoh pyayaysyohn lohohh- fayr sayay toh.,6df585d7ee39ae63093632e1a1c986836ddd7cdde6f609781198b7eb3f5e8b9c
883,Je ne pense pas que nous ayons besoin d'une permission pour faire ceci.,I don't think we need permission to do this.,C,ʒə- nə- pˈɑ̃s pa kə nuz ɛjˈɔ̃ bəzwˈɛ̃ dyn pɛʁmisjˈɔ̃ puʁ fˈɛʁ səsˈi.,zhohohh- nohohh- pans pa kohohh nohohz ayyohn bohohhzwayayn dyn payrmayaysyohn pohohr fayr sohohhsayay.,6df585d7ee39ae63093632e1a1c986836ddd7cdde6f609781198b7eb3f5e8b9c
884,Je ne pense pas que nous ayons besoin de faire ça aujourd'hui.,I don't think we need to do that today.,C,ʒə- nə- pˈɑ̃s pa kə nuz ɛjˈɔ̃ bəzwˈɛ̃ də- fˈɛʁ sa oʒuʁdyˈi.,zhohohh- nohohh- pans pa kohohh nohohz ayyohn bohohhzwayayn dohohh- fayr sa ohzhohohrdyayay.,6df585d7ee39ae63093632e1a1c986836ddd7cdde6f609781198b7eb3f5e8b9c
885,Je ne pense pas que nous soyons déjà prêts à faire cela.,I don't think we're ready to do that yet.,C,ʒə- nə- pˈɑ̃s pa kə nu swajˈɔ̃ deʒˈa pʁˈɛz a fˈɛʁ səlˈa.,zhohohh- nohohh- pans pa kohohh nohoh swayohn dayzha prayz a fayr sohohhla.,6df585d7ee39ae63093632e1a1c986836ddd7cdde6f609781198b7eb3f5e8b9c
886,Je ne pense pas que tu veuilles prendre ce risque.,I don't think you want to take that risk.,C,ʒə- nə- pˈɑ̃s pa kə ty vˈœj pʁˈɑ̃dʁ sə- ʁˈisk.,zhohohh- nohohh- pans pa kohohh ty veuy prandr sohohh- rayaysk.,6df585d7ee39ae63093632e1a1c986836ddd7cdde6f609781198b7eb3f5e8b9c
887,Je ne comprends pas pourquoi j'ai dû faire ça.,I don't understand why I had to do that.,C,ʒə- nə- kɔ̃pʁˈɑ̃ pa puʁkwˌa ʒe dˈyː fˈɛʁ sˈa.,zhohohh- nohohh- kohnpran pa pohohrkwa zhay dy fayr sa.,6df585d7ee39ae63093632e1a1c986836ddd7cdde6f609781198b7eb3f5e8b9c
888,Je ne comprends pas pourquoi je dois faire ça.,I don't understand why I have to do that.,C,ʒə- nə- kɔ̃pʁˈɑ̃ pa puʁkwˌa ʒə- dwˈa fˈɛʁ sˈa.,zhohohh- nohohh- kohnpran pa pohohrkwa zhohohh- dwa fayr sa.,6df585d7ee39ae63093632e1a1c986836ddd7cdde6f609781198b7eb3f5e8b9c
889,Je ne comprends pas pourquoi les pizzas au pepperoni sont si populaires.,I don't understand why pepperoni pizzas are so popular.,C,ʒə- nə- kɔ̃pʁˈɑ̃ pa puʁkwˌa le- pizzˈaz o pɛpʁonˈi sˈɔ̃ sˈi popylˈɛʁ.,zhohohh- nohohh- kohnpran pa pohohrkwa lay- payayzzaz oh payprohnayay sohn sayay pohpylayr.,6df585d7ee39ae63093632e1a1c986836ddd7cdde6f609781198b7eb3f5e8b9c
890,Je ne veux pas qu'on me voie comme ça.,I don't want anyone to see me like this.,C,ʒə- nə- vˈø pa kɔ̃ mə- vwˈa kɔm sˈa.,zhohohh- nohohh- veu pa kohn mohohh- vwa kohm sa.,6df585d7ee39ae63093632e1a1c986836ddd7cdde6f609781198b7eb3f5e8b9c
891,Je ne veux pas que mon fils soit comme toi.,I don't want my son to be like you.,C,ʒə- nə- vˈø pa kə mɔ̃ fˈis swˌa kɔm twˈa.,zhohohh- nohohh- veu pa kohohh mohn fayays swa kohm twa.,6df585d7ee39ae63093632e1a1c986836ddd7cdde6f609781198b7eb3f5e8b9c
892,Je ne veux pas vous accabler avec mes ennuis.,I don't want to burden you with my troubles.,C,ʒə- nə- vˈø pa vuz akablˈe avˌɛk me-z ɑ̃nyˈi.,zhohohh- nohohh- veu pa vohohz akablay avayk may-z annyayay.,6df585d7ee39ae63093632e1a1c986836ddd7cdde6f609781198b7eb3f5e8b9c
893,Je ne veux plus jamais retourner là-bas.,I don't want to go back there ever again.,C,ʒə- nə- vˈø ply ʒamˌɛ ʁətuʁnˈe lˈabˈa.,zhohohh- nohohh- veu ply zhamay rohohhtohohrnay laba.,6df585d7ee39ae63093632e1a1c986836ddd7cdde6f609781198b7eb3f5e8b9c
894,Je ne veux pas savoir ce que tu as fait hier.,I don't want to know what you did yesterday.,C,ʒə- nə- vˈø pa savwˈaʁ sə- kə ty a fˈɛ jˈɛʁ.,zhohohh- nohohh- veu pa savwar sohohh- kohohh ty a fay yayr.,6df585d7ee39ae63093632e1a1c986836ddd7cdde6f609781198b7eb3f5e8b9c
895,Je ne veux pas vivre ma vie comme cela.,I don't want to live my life like that.,C,ʒə- nə- vˈø pa vˈivʁ ma- vˈi kɔm səlˈa.,zhohohh- nohohh- veu pa vayayvr ma- vayay kohm sohohhla.,6df585d7ee39ae63093632e1a1c986836ddd7cdde6f609781198b7eb3f5e8b9c
896,Je ne veux pas dire ça à ma petite amie.,I don't want to say that to my girlfriend.,C,ʒə- nə- vˈø pa dˈiʁ sa a ma- pətˈit amˈi.,zhohohh- nohohh- veu pa dayayr sa a ma- pohohhtayayt amayay.,6df585d7ee39ae63093632e1a1c986836ddd7cdde6f609781198b7eb3f5e8b9c
897,Je ne veux pas passer toute ma vie ici.,I don't want to spend my whole life here.,C,ʒə- nə- vˈø pa pasˈe tut ma- vˈi isˈi.,zhohohh- nohohh- veu pa pasay tohoht ma- vayay ayaysayay.,6df585d7ee39ae63093632e1a1c986836ddd7cdde6f609781198b7eb3f5e8b9c
898,Je ne veux pas que tu fasses ce que j'ai fait.,I don't want you to do what I did.,C,ʒə- nə- vˈø pa kə ty fˈas sə- kə ʒe fˈɛ.,zhohohh- nohohh- veu pa kohohh ty fas sohohh- kohohh zhay fay.,6df585d7ee39ae63093632e1a1c986836ddd7cdde6f609781198b7eb3f5e8b9c
899,Je ne veux pas que vous connaissiez mon vrai nom.,I don't want you to know my real name.,C,ʒə- nə- vˈø pa kə vu kɔnɛsjˈe mɔ̃ vʁˈɛ nˈɔ̃.,zhohohh- nohohh- veu pa kohohh vohoh kohnaysyay mohn vray nohn.,6df585d7ee39ae63093632e1a1c986836ddd7cdde6f609781198b7eb3f5e8b9c
900,Je ne veux pas que vous démissionniez à cause de moi.,I don't want you to quit because of me.,C,ʒə- nə- vˈø pa kə vu demisjɔnjˈez a kˈoz də- mwˈa.,zhohohh- nohohh- veu pa kohohh vohoh daymayaysyohnyayz a kohz dohohh- mwa.,6df585d7ee39ae63093632e1a1c986836ddd7cdde6f609781198b7eb3f5e8b9c
901,Je ne veux pas que tu dépenses de l'argent pour moi.,I don't want you to spend money on me.,C,ʒə- nə- vˈø pa kə ty depˈɑ̃s də- laʁʒˈɑ̃ puʁ mwˈa.,zhohohh- nohohh- veu pa kohohh ty daypans dohohh- larzhan pohohr mwa.,6df585d7ee39ae63093632e1a1c986836ddd7cdde6f609781198b7eb3f5e8b9c
902,Je ne veux pas que tu le dises à qui que ce soit.,I don't want you to tell it to anybody.,C,ʒə- nə- vˈø pa kə ty lə- dˈizz a ki kə sə- swˈa.,zhohohh- nohohh- veu pa kohohh ty lohohh- dayayzz a kayay kohohh sohohh- swa.,6df585d7ee39ae63093632e1a1c986836ddd7cdde6f609781198b7eb3f5e8b9c
903,Je me sens mieux quand je bois du jus de citron chaud.,I feel better when I drink hot lemon juice.,C,ʒə- mə- sˈɑ̃ mjˌø kɑ̃ ʒə- bwˈa dy- ʒˈy də- sitʁˈɔ̃ ʃˈo.,zhohohh- mohohh- san myeu kan zhohohh- bwa dy- zhy dohohh- sayaytrohn shoh.,6df585d7ee39ae63093632e1a1c986836ddd7cdde6f609781198b7eb3f5e8b9c
904,J'ai l'impression que ma tête va exploser.,I feel like my head is going to explode.,C,ʒe lɛ̃pʁɛsjˈɔ̃ kə ma- tˈɛt vˈa ɛksplozˈe.,zhay layaynpraysyohn kohohh ma- tayt va ayksplohzay.,6df585d7ee39ae63093632e1a1c986836ddd7cdde6f609781198b7eb3f5e8b9c
905,J'ai l'impression que ça va mal se terminer.,I feel like it's going to end badly.,B,ʒe lɛ̃pʁɛsjˈɔ̃ kə sa vˈa mˈal sə- tɛʁminˈe.,zhay layaynpraysyohn kohohh sa va mal sohohh- tayrmayaynay.,6df585d7ee39ae63093632e1a1c986836ddd7cdde6f609781198b7eb3f5e8b9c
906,J'ai l'impression que tu n'en as rien à faire de moi.,I feel like you don't care about me at all.,C,ʒe lɛ̃pʁɛsjˈɔ̃ kə ty nɑ̃n a ʁjˌɛ̃n a fˈɛʁ də- mwˈa.,zhay layaynpraysyohn kohohh ty nann a ryayaynn a fayr dohohh- mwa.,6df585d7ee39ae63093632e1a1c986836ddd7cdde6f609781198b7eb3f5e8b9c
907,Je ressens le besoin de faire quelque chose de différent aujourd'hui.,I feel the need to do something different today.,C,ʒə- ʁəsˈɛn lə- bəzwˈɛ̃ də- fˈɛʁ kˌɛlkə ʃˈɔz də- difeʁˈɑ̃ oʒuʁdyˈi.,zhohohh- rohohhsayn lohohh- bohohhzwayayn dohohh- fayr kaylkohohh shohz dohohh- dayayfayran ohzhohohrdyayay.,6df585d7ee39ae63093632e1a1c986836ddd7cdde6f609781198b7eb3f5e8b9c
908,Je vais à l'école parce que je veux apprendre.,I go to school because I want to learn.,C,ʒə- vˈɛz a lekˈɔl paʁskˌə ʒə- vˈøz apʁˈɑ̃dʁ.,zhohohh- vayz a laykohl parskohohh zhohohh- veuz aprandr.,6df585d7ee39ae63093632e1a1c986836ddd7cdde6f609781198b7eb3f5e8b9c
909,Je déteste quand mes habits sentent la clope.,I hate it when my clothes smell like cigarettes.,C,ʒə- detˈɛst kɑ̃ me-z abˈi sˈɑ̃t la- klˈɔp.,zhohohh- daytayst kan may-z abayay sant la- klohp.,6df585d7ee39ae63093632e1a1c986836ddd7cdde6f609781198b7eb3f5e8b9c
910,J'ai quelques amis qui parlent bien français.,I have a few friends who speak French well.,C,ʒe kˌɛlkəz amˈi ki pˈaʁl bjˈɛ̃ fʁɑ̃sˈɛ.,zhay kaylkohohhz amayay kayay parl byayayn fransay.,6df585d7ee39ae63093632e1a1c986836ddd7cdde6f609781198b7eb3f5e8b9c
911,J'ai un ami qui travaille dans ce magasin.,I have a friend who works at this store.,C,ʒe œ̃n amˈi ki tʁavˈaj dɑ̃ sə- maɡazˈɛ̃.,zhay ohohnn amayay kayay travay dan sohohh- magazayayn.,6df585d7ee39ae63093632e1a1c986836ddd7cdde6f609781198b7eb3f5e8b9c
912,J'ai beaucoup plus de livres que toi.,I have a lot more books than you do.,C,ʒe bokˌu ply də- lˈivʁ kə twˈa.,zhay bohkohoh ply dohohh- layayvr kohohh twa.,6df585d7ee39ae63093632e1a1c986836ddd7cdde6f609781198b7eb3f5e8b9c
913,J'ai beaucoup de missions aujourd'hui.,I have a lot of tasks today.,B,ʒe bokˌu də- misjˈɔ̃z oʒuʁdyˈi.,zhay bohkohoh dohohh- mayaysyohnz ohzhohohrdyayay.,6df585d7ee39ae63093632e1a1c986836ddd7cdde6f609781198b7eb3f5e8b9c
914,J'ai beaucoup d'amis pour m'aider.,I have a lot of friends to help me.,C,ʒe bokˌu damˈi puʁ mɛdˈe.,zhay bohkohoh damayay pohohr mayday.,6df585d7ee39ae63093632e1a1c986836ddd7cdde6f609781198b7eb3f5e8b9c
915,J'ai plein de choses à te dire.,I have a lot of things to tell you.,C,ʒe plˈɛ̃ də- ʃˈozz a tə- dˈiʁ.,zhay playayn dohohh- shohzz a tohohh- dayayr.,6df585d7ee39ae63093632e1a1c986836ddd7cdde6f609781198b7eb3f5e8b9c
916,J'ai beaucoup de travail à faire ici.,I have a lot of work to do here.,C,ʒe bokˌu də- tʁavˈaj a fˈɛʁ isˈi.,zhay bohkohoh dohohh- travay a fayr ayaysayay.,6df585d7ee39ae63093632e1a1c986836ddd7cdde6f609781198b7eb3f5e8b9c
917,J'ai un message de votre père pour vous.,I have a message for you from your father.,C,ʒe œ̃ mɛsˈaʒ də- votʁ pˈɛʁ puʁ vˈu.,zhay ohohn maysazh dohohh- vohtr payr pohohr vohoh.,6df585d7ee39ae63093632e1a1c986836ddd7cdde6f609781198b7eb3f5e8b9c
918,Il y a une question que je veux te poser.,I have a question I want to ask you.,C,il i a yn kɛstjˈɔ̃ kə ʒə- vˈø tə- pozˈe.,ayayl ayay a yn kaystyohn kohohh zhohohh- veu tohohh- pohzay.,6df585d7ee39ae63093632e1a1c986836ddd7cdde6f609781198b7eb3f5e8b9c
919,J'ai un stylo en trop que je pourrais te prêter.,I have an extra pen I could lend you.,C,ʒe œ̃ stilˈo ɑ̃ tʁo kə ʒə- puʁˈɛ tə- pʁɛtˈe.,zhay ohohn stayayloh an troh kohohh zhohohh- pohohray tohohh- praytay.,6df585d7ee39ae63093632e1a1c986836ddd7cdde6f609781198b7eb3f5e8b9c
920,Je n'ai aucune idée de ce que je devrais faire.,I have no idea what I should do.,B,ʒə- ne okˈyn idˈe də- sə- kə ʒə- dəvʁˈɛ fˈɛʁ.,zhohohh- nay ohkyn ayayday dohohh- sohohh- kohohh zhohohh- dohohhvray fayr.,6df585d7ee39ae63093632e1a1c986836ddd7cdde6f609781198b7eb3f5e8b9c
921,Je n'ai aucune idée de ce que je vais faire.,I have no idea what I'm going to do.,C,ʒə- ne okˈyn idˈe də- sə- kə ʒə- vˈɛ fˈɛʁ.,zhohohh- nay ohkyn ayayday dohohh- sohohh- kohohh zhohohh- vay fayr.,6df585d7ee39ae63093632e1a1c986836ddd7cdde6f609781198b7eb3f5e8b9c
922,Je n'ai aucune idée de ce que je vais porter.,I have no idea what I'm going to wear.,C,ʒə- ne okˈyn idˈe də- sə- kə ʒə- vˈɛ pɔʁtˈe.,zhohohh- nay ohkyn ayayday dohohh- sohohh- kohohh zhohohh- vay pohrtay.,6df585d7ee39ae63093632e1a1c986836ddd7cdde6f609781198b7eb3f5e8b9c
923,Je n'ai aucune idée de ce que nous sommes supposés faire.,I have no idea what we're supposed to do.,C,ʒə- ne okˈyn idˈe də- sə- kə nu sɔm sypozˈe fˈɛʁ.,zhohohh- nay ohkyn ayayday dohohh- sohohh- kohohh nohoh sohm sypohzay fayr.,6df585d7ee39ae63093632e1a1c986836ddd7cdde6f609781198b7eb3f5e8b9c
924,Je n'ai aucune idée d'où j'ai laissé mes clés.,I have no idea where I left my keys.,C,ʒə- ne okˈyn idˈe du ʒe lɛsˈe me- klˈe.,zhohohh- nay ohkyn ayayday dohoh zhay laysay may- klay.,6df585d7ee39ae63093632e1a1c986836ddd7cdde6f609781198b7eb3f5e8b9c
925,Je n'ai aucune idée de la raison pour laquelle elle s'est tant énervée.,I have no idea why she got so angry.,C,ʒə- ne okˈyn idˈe də- la- ʁɛzˈɔ̃ puʁ lakˈɛl ɛl sɛ tɑ̃t enɛʁvˈe.,zhohohh- nay ohkyn ayayday dohohh- la- rayzohn pohohr lakayl ayl say tant aynayrvay.,6df585d7ee39ae63093632e1a1c986836ddd7cdde6f609781198b7eb3f5e8b9c
926,Je n'ai pas d'argent pour acheter ce livre.,I have no money to buy this book.,B,ʒə- ne pa daʁʒˈɑ̃ puʁ aʃtˈe sə- lˈivʁ.,zhohohh- nay pa darzhan pohohr ashtay sohohh- layayvr.,6df585d7ee39ae63093632e1a1c986836ddd7cdde6f609781198b7eb3f5e8b9c
927,Je n'ai pas d'argent pour acheter un dictionnaire.,I have no money to buy a dictionary.,B,ʒə- ne pa daʁʒˈɑ̃ puʁ aʃtˈe œ̃ diksjɔnˈɛʁ.,zhohohh- nay pa darzhan pohohr ashtay ohohn dayayksyohnayr.,6df585d7ee39ae63093632e1a1c986836ddd7cdde6f609781198b7eb3f5e8b9c
928,Je n'ai pas d'argent pour payer le bus.,I have no money to pay for the bus.,C,ʒə- ne pa daʁʒˈɑ̃ puʁ pɛjˈe lə- bˈys.,zhohohh- nay pa darzhan pohohr payyay lohohh- bys.,6df585d7ee39ae63093632e1a1c986836ddd7cdde6f609781198b7eb3f5e8b9c
929,"À part toi, je n'ai personne vers qui me tourner.",I have no one to turn to except you.,C,"a pˈaʁ twˈa, ʒə- ne pɛʁsˈɔn vɛʁ ki mə- tuʁnˈe.","a par twa, zhohohh- nay payrsohn vayr kayay mohohh- tohohrnay.",6df585d7ee39ae63093632e1a1c986836ddd7cdde6f609781198b7eb3f5e8b9c
930,Je n'ai aucun souvenir de la façon dont je suis arrivé là.,I have no recollection of how I got there.,C,ʒə- ne okˈœ̃ suvnˈiʁ də- la- fasˈɔ̃ dɔ̃ ʒə- syˌiz aʁivˈe lˈa.,zhohohh- nay ohkohohn sohohvnayayr dohohh- la- fasohn dohn zhohohh- syayayz arayayvay la.,6df585d7ee39ae63093632e1a1c986836ddd7cdde6f609781198b7eb3f5e8b9c
931,Je n'ai pas le temps de l'expliquer en détail.,I have no time to explain it in detail.,C,ʒə- ne pa lə- tˈɑ̃ də- lɛksplikˈe ɑ̃ detˈaj.,zhohohh- nay pa lohohh- tan dohohh- layksplayaykay an daytay.,6df585d7ee39ae63093632e1a1c986836ddd7cdde6f609781198b7eb3f5e8b9c
932,Je n'ai rien à dire à aucun d'entre vous.,I have nothing to say to any of you.,C,ʒə- ne ʁjˌɛ̃n a dˈiʁ a okˈœ̃ dɑ̃tʁ vˈu.,zhohohh- nay ryayaynn a dayayr a ohkohohn dantr vohoh.,6df585d7ee39ae63093632e1a1c986836ddd7cdde6f609781198b7eb3f5e8b9c
933,J'ai quelque chose à vous dire à tous.,I have something to say to all of you.,C,ʒe kˌɛlkə ʃˈɔz a vu dˈiʁ a tˈus.,zhay kaylkohohh shohz a vohoh dayayr a tohohs.,6df585d7ee39ae63093632e1a1c986836ddd7cdde6f609781198b7eb3f5e8b9c
934,J'ai dix fois plus de livres que tu en as.,I have ten times as many books as you do.,C,ʒe dˈi fwˈa ply də- lˈivʁ kə ty ɑ̃n ˈa.,zhay dayay fwa ply dohohh- layayvr kohohh ty ann a.,6df585d7ee39ae63093632e1a1c986836ddd7cdde6f609781198b7eb3f5e8b9c
935,J'ai le sentiment que mon français s'améliore.,I have the feeling that my French is improving.,C,ʒe lə- sɑ̃timˈɑ̃ kə mɔ̃ fʁɑ̃sˈɛ sameljˈɔʁ.,zhay lohohh- santayayman kohohh mohn fransay samaylyohr.,6df585d7ee39ae63093632e1a1c986836ddd7cdde6f609781198b7eb3f5e8b9c
936,J'ai trois fois plus de livres que toi.,I have three times as many books as you do.,C,ʒe tʁwˈa fwˈa ply də- lˈivʁ kə twˈa.,zhay trwa fwa ply dohohh- layayvr kohohh twa.,6df585d7ee39ae63093632e1a1c986836ddd7cdde6f609781198b7eb3f5e8b9c
937,Je dois me moucher tout le temps.,I have to blow my nose all the time.,C,ʒə- dwˈa mə- muʃˈe tultˈɑ̃.,zhohohh- dwa mohohh- mohohshay tohohltan.,6df585d7ee39ae63093632e1a1c986836ddd7cdde6f609781198b7eb3f5e8b9c
938,Je dois faire quelque chose tant que je le peux.,I have to do something while I still can.,C,ʒə- dwˈa fˈɛʁ kˌɛlkə ʃˈɔz tɑ̃ kə ʒə- lə- pˈø.,zhohohh- dwa fayr kaylkohohh shohz tan kohohh zhohohh- lohohh- peu.,6df585d7ee39ae63093632e1a1c986836ddd7cdde6f609781198b7eb3f5e8b9c
939,Je dois rentrer et faire mes devoirs.,I have to go home and do my homework.,C,ʒə- dwˈa ʁɑ̃tʁˈe e fˈɛʁ me- dəvwˈaʁ.,zhohohh- dwa rantray ay fayr may- dohohhvwar.,6df585d7ee39ae63093632e1a1c986836ddd7cdde6f609781198b7eb3f5e8b9c
940,Je dois rentrer faire mes devoirs.,I have to go home to do my homework.,C,ʒə- dwˈa ʁɑ̃tʁˈe fˈɛʁ me- dəvwˈaʁ.,zhohohh- dwa rantray fayr may- dohohhvwar.,6df585d7ee39ae63093632e1a1c986836ddd7cdde6f609781198b7eb3f5e8b9c
941,Je dois aller chez le dentiste après les cours.,I have to go to the dentist after school.,C,ʒə- dwˈaz alˈe ʃe lə- dɑ̃tˈist apʁˌɛ le- kˈuʁ.,zhohohh- dwaz alay shay lohohh- dantayayst apray lay- kohohr.,6df585d7ee39ae63093632e1a1c986836ddd7cdde6f609781198b7eb3f5e8b9c
942,J'espère pouvoir y aller avec toi aujourd'hui.,I hope I can go there with you today.,C,ʒɛspˈɛʁ puvwˈaʁ i alˈe avˌɛk twˌa oʒuʁdyˈi.,zhayspayr pohohvwar ayay alay avayk twa ohzhohohrdyayay.,6df585d7ee39ae63093632e1a1c986836ddd7cdde6f609781198b7eb3f5e8b9c
943,J'espère que personne ne vous a vu entrer ici.,I hope no one saw you come in here.,C,ʒɛspˈɛʁ kə pɛʁsˈɔn nə- vuz a vˈy ɑ̃tʁˈe isˈi.,zhayspayr kohohh payrsohn nohohh- vohohz a vy antray ayaysayay.,6df585d7ee39ae63093632e1a1c986836ddd7cdde6f609781198b7eb3f5e8b9c
944,J'espère que nous n'aurons pas à vendre notre maison.,I hope we won't have to sell our house.,C,ʒɛspˈɛʁ kə nu noʁˈɔ̃ paz a vˈɑ̃dʁ notʁ mɛzˈɔ̃.,zhayspayr kohohh nohoh nohrohn paz a vandr nohtr mayzohn.,6df585d7ee39ae63093632e1a1c986836ddd7cdde6f609781198b7eb3f5e8b9c
945,J'espère que nous n'aurons pas à attendre trop longtemps.,I hope we won't have to wait too long.,C,ʒɛspˈɛʁ kə nu noʁˈɔ̃ paz a atˈɑ̃dʁ tʁo lɔ̃tˈɑ̃.,zhayspayr kohohh nohoh nohrohn paz a atandr troh lohntan.,6df585d7ee39ae63093632e1a1c986836ddd7cdde6f609781198b7eb3f5e8b9c
946,J'espère que vous aimerez ce que j'ai fait pour vous.,I hope you'll like what I made for you.,C,ʒɛspˈɛʁ kə vuz ɛmʁˈe sə- kə ʒe fˈɛ puʁ vˈu.,zhayspayr kohohh vohohz aymray sohohh- kohohh zhay fay pohohr vohoh.,6df585d7ee39ae63093632e1a1c986836ddd7cdde6f609781198b7eb3f5e8b9c
947,Je viens de me rappeler ce que je devais te dire.,I just remembered what I had to tell you.,C,ʒə- vjˈɛ̃ də- mə- ʁaplˈe sə- kə ʒə- dəvˈɛ tə- dˈiʁ.,zhohohh- vyayayn dohohh- mohohh- raplay sohohh- kohohh zhohohh- dohohhvay tohohh- dayayr.,6df585d7ee39ae63093632e1a1c986836ddd7cdde6f609781198b7eb3f5e8b9c
948,Je veux seulement savoir si tu m'aimes.,I just want to know if you love me.,C,ʒə- vˈø sølmˈɑ̃ savwˈaʁ sˈi ty mˈɛm.,zhohohh- veu seulman savwar sayay ty maym.,6df585d7ee39ae63093632e1a1c986836ddd7cdde6f609781198b7eb3f5e8b9c
949,Je veux simplement vous dire merci à tous.,I just want to say thanks to you all.,C,ʒə- vˈø sɛ̃pləmˈɑ̃ vu dˈiʁ mɛʁsˈi a tˈus.,zhohohh- veu sayaynplohohhman vohoh dayayr mayrsayay a tohohs.,6df585d7ee39ae63093632e1a1c986836ddd7cdde6f609781198b7eb3f5e8b9c
950,Je veux juste te remercier pour ton aide.,I just want to thank you for your help.,C,ʒə- vˈø ʒˈyst tə- ʁəmɛʁsjˈe puʁ tɔ̃n ˈɛd.,zhohohh- veu zhyst tohohh- rohohhmayrsyay pohohr tohnn ayd.,6df585d7ee39ae63093632e1a1c986836ddd7cdde6f609781198b7eb3f5e8b9c
951,Je veux simplement que tu saches que je le regrette.,I just want you to know I regret it.,C,ʒə- vˈø sɛ̃pləmˈɑ̃ kə ty sˈaʃ kə ʒə- lə- ʁəɡʁˈɛt.,zhohohh- veu sayaynplohohhman kohohh ty sash kohohh zhohohh- lohohh- rohohhgrayt.,6df585d7ee39ae63093632e1a1c986836ddd7cdde6f609781198b7eb3f5e8b9c
952,Je veux seulement que vous sachiez que je suis désolée.,I just want you to know that I'm sorry.,C,ʒə- vˈø sølmˈɑ̃ kə vu saʃjˈe kə ʒə- syˌi dezolˈe.,zhohohh- veu seulman kohohh vohoh sashyay kohohh zhohohh- syayay dayzohlay.,6df585d7ee39ae63093632e1a1c986836ddd7cdde6f609781198b7eb3f5e8b9c
953,Je sais à quel point c'est difficile de faire cela.,I know how hard it is to do that.,C,ʒə- sˈɛz a kɛl pwˌɛ̃ sɛ difisˈil də- fˈɛʁ səlˈa.,zhohohh- sayz a kayl pwayayn say dayayfayaysayayl dohohh- fayr sohohhla.,6df585d7ee39ae63093632e1a1c986836ddd7cdde6f609781198b7eb3f5e8b9c
954,Je sais combien vous êtes fier de votre travail.,I know how proud you are of your work.,C,ʒə- sˈɛ kɔ̃bjˈɛ̃ vuz ɛt fjˈɛʁ də- votʁ tʁavˈaj.,zhohohh- say kohnbyayayn vohohz ayt fyayr dohohh- vohtr travay.,6df585d7ee39ae63093632e1a1c986836ddd7cdde6f609781198b7eb3f5e8b9c
955,Je sais que beaucoup de gens veulent faire cela.,I know lots of people want to do that.,C,ʒə- sˈɛ kə bokˌu də- ʒˈɑ̃ vˈœl fˈɛʁ səlˈa.,zhohohh- say kohohh bohkohoh dohohh- zhan veul fayr sohohhla.,6df585d7ee39ae63093632e1a1c986836ddd7cdde6f609781198b7eb3f5e8b9c
956,Je sais qu'on peut faire ça si on essaye.,I know we can do this if we try.,C,ʒə- sˈɛ kɔ̃ pˈø fˈɛʁ sa sˈi ɔ̃n esˈɛj.,zhohohh- say kohn peu fayr sa sayay ohnn aysayy.,6df585d7ee39ae63093632e1a1c986836ddd7cdde6f609781198b7eb3f5e8b9c
957,Je sais que tu n'as pas appris à parler français.,I know you didn't learn to speak French.,B,ʒə- sˈɛ kə ty na paz apʁˈi a paʁlˈe fʁɑ̃sˈɛ.,zhohohh- say kohohh ty na paz aprayay a parlay fransay.,6df585d7ee39ae63093632e1a1c986836ddd7cdde6f609781198b7eb3f5e8b9c
958,Je sais que tu m'as menti l'autre jour.,I know you lied to me the other day.,C,ʒə- sˈɛ kə ty ma mɑ̃tˈi lotʁ ʒˈuʁ.,zhohohh- say kohohh ty ma mantayay lohtr zhohohr.,6df585d7ee39ae63093632e1a1c986836ddd7cdde6f609781198b7eb3f5e8b9c
959,Je sais que tu dois avoir plein de questions.,I know you must have a lot of questions.,C,ʒə- sˈɛ kə ty dwˈaz avwˈaʁ plˈɛ̃ də- kɛstjˈɔ̃.,zhohohh- say kohohh ty dwaz avwar playayn dohohh- kaystyohn.,6df585d7ee39ae63093632e1a1c986836ddd7cdde6f609781198b7eb3f5e8b9c
960,Je sais que tu feras ce qu'il faut faire.,I know you'll do what needs to be done.,C,ʒə- sˈɛ kə ty fəʁˈa sə- kil fo fˈɛʁ.,zhohohh- say kohohh ty fohohhra sohohh- kayayl foh fayr.,6df585d7ee39ae63093632e1a1c986836ddd7cdde6f609781198b7eb3f5e8b9c
961,J'aime ma vie telle qu'elle est à présent.,I like my life the way it is now.,C,ʒˈɛm ma- vˈi tɛl kɛl ɛt a pʁezˈɑ̃.,zhaym ma- vayay tayl kayl ayt a prayzan.,6df585d7ee39ae63093632e1a1c986836ddd7cdde6f609781198b7eb3f5e8b9c
962,"J'aime ta chatte, mais elle ne m'aime pas.","I like your cat, but she doesn't like me.",C,"ʒˈɛm ta- ʃˈat, mɛz ɛl nə- mˈɛm pˈa.","zhaym ta- shat, mayz ayl nohohh- maym pa.",6df585d7ee39ae63093632e1a1c986836ddd7cdde6f609781198b7eb3f5e8b9c
963,J'ai dû laisser mon portefeuille dans le bus.,I must have left my wallet on the bus.,C,ʒe dˈyː lɛsˈe mɔ̃ pɔʁtəfˈœj dɑ̃ lə- bˈys.,zhay dy laysay mohn pohrtohohhfeuy dan lohohh- bys.,6df585d7ee39ae63093632e1a1c986836ddd7cdde6f609781198b7eb3f5e8b9c
964,Je l'ai rencontré en rentrant de l'école.,I met him on my way home from school.,C,ʒə- le ʁɑ̃kɔ̃tʁˈe ɑ̃ ʁɑ̃tʁˈɑ̃ də- lekˈɔl.,zhohohh- lay rankohntray an rantran dohohh- laykohl.,6df585d7ee39ae63093632e1a1c986836ddd7cdde6f609781198b7eb3f5e8b9c
965,J'ai besoin de plus de temps pour me décider.,I need more time to make up my mind.,C,ʒe bəzwˈɛ̃ də- ply də- tˈɑ̃ puʁ mə- desidˈe.,zhay bohohhzwayayn dohohh- ply dohohh- tan pohohr mohohh- daysayayday.,6df585d7ee39ae63093632e1a1c986836ddd7cdde6f609781198b7eb3f5e8b9c
966,"Pour obtenir une place, il suffit de faire la queue.",All you have to do to secure a seat is to wait in line.,D,"puʁ ɔbtnˈiʁ yn plˈas, il syfˈi də- fˈɛʁ la- kˈø.","pohohr ohbtnayayr yn plas, ayayl syfayay dohohh- fayr la- keu.",6df585d7ee39ae63093632e1a1c986836ddd7cdde6f609781198b7eb3f5e8b9c
967,Tout ce que vous pourriez faire à l'appui de leur effort serait très apprécié.,Anything you could do in support of their effort would be very much appreciated.,D,tu sə- kə vu puʁjˈe fˈɛʁ a lapyˈi də- lœʁ efˈɔʁ səʁˈɛ tʁɛz apʁesjˈe.,tohoh sohohh- kohohh vohoh pohohryay fayr a lapyayay dohohh- leur ayfohr sohohhray trayz apraysyay.,6df585d7ee39ae63093632e1a1c986836ddd7cdde6f609781198b7eb3f5e8b9c
968,"Même si elle devait passer, dis-lui que je ne suis pas à la maison.","Even if she stops by, tell her I am not at home.",C,"mˈɛm sˈi ɛl dəvˈɛ pasˈe, dˈilyˌi kə ʒə- nə- syˌi paz a la- mɛzˈɔ̃.","maym sayay ayl dohohhvay pasay, dayaylyayay kohohh zhohohh- nohohh- syayay paz a la- mayzohn.",6df585d7ee39ae63093632e1a1c986836ddd7cdde6f609781198b7eb3f5e8b9c
969,"Même si je connais un peu de français, je pense que nous devrions parler anglais.","Even though I know a little French, I think we should speak in English.",D,"mˈɛm sˈi ʒə- kɔnˈɛz œ̃ pø də- fʁɑ̃sˈɛ, ʒə- pˈɑ̃s kə nu dəvʁiˈɔ̃ paʁlˈe ɑ̃ɡlˈɛ.","maym sayay zhohohh- kohnayz ohohn peu dohohh- fransay, zhohohh- pans kohohh nohoh dohohhvrayayohn parlay anglay.",6df585d7ee39ae63093632e1a1c986836ddd7cdde6f609781198b7eb3f5e8b9c
970,"Franchement, je ne pense pas que tu aies ce qu'il faut pour devenir enseignant.","Frankly speaking, I don't think you have what it takes to become a teacher.",D,"fʁɑ̃ʃmˈɑ̃, ʒə- nə- pˈɑ̃s pa kə ty ɛ sə- kil fo puʁ dəvnˈiʁ ɑ̃sɛnjˈɑ̃.","franshman, zhohohh- nohohh- pans pa kohohh ty ay sohohh- kayayl foh pohohr dohohhvnayayr ansaynyan.",6df585d7ee39ae63093632e1a1c986836ddd7cdde6f609781198b7eb3f5e8b9c
971,Sans son aide je n'aurais pas pu finir le travail.,"Had it not been for his aid, I could not have finished the work.",D,sɑ̃ sɔ̃n ˈɛd ʒə- noʁˈɛ pa pˈy finˈiʁ lə- tʁavˈaj.,san sohnn ayd zhohohh- nohray pa py fayaynayayr lohohh- travay.,6df585d7ee39ae63093632e1a1c986836ddd7cdde6f609781198b7eb3f5e8b9c
972,"C'est la dernière personne à qui je demanderais de l'aide, car il n'est pas du tout fiable.","He's the last person I would ask for help, because he is completely unreliable.",D,"sɛ la- dɛʁnjˈɛʁ pɛʁsˈɔn a ki ʒə- dəmɑ̃dʁˈɛ də- lˈɛd, kaʁ il nɛ pa dy- tu fjˈabl.","say la- dayrnyayr payrsohn a kayay zhohohh- dohohhmandray dohohh- layd, kar ayayl nay pa dy- tohoh fyabl.",6df585d7ee39ae63093632e1a1c986836ddd7cdde6f609781198b7eb3f5e8b9c
973,"Je ne peux pas vous dire son nom, mais je peux vous dire où il vit.","I can't tell you his name, but I can tell you where he lives.",D,"ʒə- nə- pˈø pa vu dˈiʁ sɔ̃ nˈɔ̃, mɛ ʒə- pˈø vu dˈiʁ u il vˈi.","zhohohh- nohohh- peu pa vohoh dayayr sohn nohn, may zhohohh- peu vohoh dayayr ohoh ayayl vayay.",6df585d7ee39ae63093632e1a1c986836ddd7cdde6f609781198b7eb3f5e8b9c
974,Je ne peux pas te dire à quel point je suis heureux que tu sois venu nous voir.,I can't tell you how happy I am that you've come to visit us.,D,ʒə- nə- pˈø pa tə- dˈiʁ a kɛl pwˌɛ̃ ʒə- syˌiz øʁˈø kə ty swˌa vənˈy nu vwˈaʁ.,zhohohh- nohohh- peu pa tohohh- dayayr a kayl pwayayn zhohohh- syayayz eureu kohohh ty swa vohohhny nohoh vwar.,6df585d7ee39ae63093632e1a1c986836ddd7cdde6f609781198b7eb3f5e8b9c
975,Je ne peux pas vous dire qui est sur la liste. Mon patron m'a dit de ne pas le dire.,I can't tell you who's on the list. My boss told me not to.,D,ʒə- nə- pˈø pa vu dˈiʁ ki ɛ syʁ la- lˈist. mɔ̃ patʁˈɔ̃ ma dˈi də- nə- pa lə- dˈiʁ.,zhohohh- nohohh- peu pa vohoh dayayr kayay ay syr la- layayst. mohn patrohn ma dayay dohohh- nohohh- pa lohohh- dayayr.,6df585d7ee39ae63093632e1a1c986836ddd7cdde6f609781198b7eb3f5e8b9c
976,Je me fiche de ce que le docteur dit. Je vais manger ce que je veux.,I don't care what the doctor says. I'm going to eat whatever I want.,D,ʒə- mə- fˈiʃ də- sə- kə lə- dɔktˈœʁ dˈi. ʒə- vˈɛ mɑ̃ʒˈe sə- kə ʒə- vˈø.,zhohohh- mohohh- fayaysh dohohh- sohohh- kohohh lohohh- dohkteur dayay. zhohohh- vay manzhay sohohh- kohohh zhohohh- veu.,6df585d7ee39ae63093632e1a1c986836ddd7cdde6f609781198b7eb3f5e8b9c
977,Peu m'importe où je travaille tant que je peux trouver un emploi.,I don't care where I work as long as I can get a job.,D,pø mɛ̃pˈɔʁt u ʒə- tʁavˈaj tɑ̃ kə ʒə- pˈø tʁuvˈe œ̃n ɑ̃plwˈa.,peu mayaynpohrt ohoh zhohohh- travay tan kohohh zhohohh- peu trohohvay ohohnn anplwa.,6df585d7ee39ae63093632e1a1c986836ddd7cdde6f609781198b7eb3f5e8b9c
978,Je ne sais pas si je parle assez bien français pour pouvoir expliquer ceci correctement.,I don't know if I speak French well enough to explain this properly.,C,ʒə- nə- sˈɛ pa sˈi ʒə- pˈaʁl asˌe bjˈɛ̃ fʁɑ̃sˈɛ puʁ puvwˈaʁ ɛksplikˈe səsˌi koʁɛktəmˈɑ̃.,zhohohh- nohohh- say pa sayay zhohohh- parl asay byayayn fransay pohohr pohohvwar ayksplayaykay sohohhsayay kohrayktohohhman.,6df585d7ee39ae63093632e1a1c986836ddd7cdde6f609781198b7eb3f5e8b9c
979,Je ne sais pas si c'est important pour vous mais c'est très important pour moi.,"I don't know whether it's important to you, but it's very important to me.",D,ʒə- nə- sˈɛ pa sˈi sɛt ɛ̃pɔʁtˈɑ̃ puʁ vu mɛ sɛ tʁɛz ɛ̃pɔʁtˈɑ̃ puʁ mwˈa.,zhohohh- nohohh- say pa sayay sayt ayaynpohrtan pohohr vohoh may say trayz ayaynpohrtan pohohr mwa.,6df585d7ee39ae63093632e1a1c986836ddd7cdde6f609781198b7eb3f5e8b9c
980,Je ne pense pas que j'aie envie de répondre à plus de tes questions pour l'instant.,I don't think I want to answer any more of your questions right now.,D,ʒə- nə- pˈɑ̃s pa kə ʒɛ ɑ̃vˈi də- ʁepˈɔ̃dʁ a ply də- te- kɛstjˈɔ̃ puʁ lɛ̃stˈɑ̃.,zhohohh- nohohh- pans pa kohohh zhay anvayay dohohh- raypohndr a ply dohohh- tay- kaystyohn pohohr layaynstan.,6df585d7ee39ae63093632e1a1c986836ddd7cdde6f609781198b7eb3f5e8b9c
981,Je ne pense pas que je serai capable de faire ce que tu veux que je fasse.,I don't think I'll be able to do what you want me to do.,D,ʒə- nə- pˈɑ̃s pa kə ʒə- səʁˈe kapˈabl də- fˈɛʁ sə- kə ty vˈø kə ʒə- fˈas.,zhohohh- nohohh- pans pa kohohh zhohohh- sohohhray kapabl dohohh- fayr sohohh- kohohh ty veu kohohh zhohohh- fas.,6df585d7ee39ae63093632e1a1c986836ddd7cdde6f609781198b7eb3f5e8b9c
982,Je ne pense pas que j'aurai assez de temps pour faire tout ce que je veux faire.,I don't think I'll have enough time to do everything I want to do.,D,ʒə- nə- pˈɑ̃s pa kə ʒoʁˈe asˌe də- tˈɑ̃ puʁ fˈɛʁ tu sə- kə ʒə- vˈø fˈɛʁ.,zhohohh- nohohh- pans pa kohohh zhohray asay dohohh- tan pohohr fayr tohoh sohohh- kohohh zhohohh- veu fayr.,6df585d7ee39ae63093632e1a1c986836ddd7cdde6f609781198b7eb3f5e8b9c
983,Je ne pense pas que tu aies besoin d'autant d'argent pour acheter ce dont tu as besoin.,I don't think that you need that much money to buy what you need.,D,ʒə- nə- pˈɑ̃s pa kə ty ɛ bəzwˈɛ̃ dotˌɑ̃ daʁʒˈɑ̃ puʁ aʃtˈe sə- dɔ̃ ty a bəzwˈɛ̃.,zhohohh- nohohh- pans pa kohohh ty ay bohohhzwayayn dohtan darzhan pohohr ashtay sohohh- dohn ty a bohohhzwayayn.,6df585d7ee39ae63093632e1a1c986836ddd7cdde6f609781198b7eb3f5e8b9c
984,"Je ne voudrais pas te presser, mais essayons de prendre le prochain bus.","I wouldn't want to rush you, but let's try to catch the next bus.",D,"ʒə- nə- vudʁˈɛ pa tə- pʁɛsˈe, mɛz esɛjˈɔ̃ də- pʁˈɑ̃dʁ lə- pʁoʃˈɛ̃ bˈys.","zhohohh- nohohh- vohohdray pa tohohh- praysay, mayz aysayyohn dohohh- prandr lohohh- prohshayayn bys.",6df585d7ee39ae63093632e1a1c986836ddd7cdde6f609781198b7eb3f5e8b9c
985,Je suis triste quand je pense à toutes les personnes qui meurent au cours des guerres.,I feel sad when I think about all the people who die in wars.,D,ʒə- syˌi tʁˈist kɑ̃ ʒə- pˈɑ̃s a tut le- pɛʁsˈɔn ki mˈœʁt o kˈuʁ de- ɡˈɛʁ.,zhohohh- syayay trayayst kan zhohohh- pans a tohoht lay- payrsohn kayay meurt oh kohohr day- gayr.,6df585d7ee39ae63093632e1a1c986836ddd7cdde6f609781198b7eb3f5e8b9c
986,Je monte sur le toit quand je veux voir le ciel bleu.,I go up to the rooftop when I want to see the blue sky.,D,ʒə- mˈɔ̃t syʁ lə- twˈa kɑ̃ ʒə- vˈø vwˈaʁ lə- sjˈɛl blˈø.,zhohohh- mohnt syr lohohh- twa kan zhohohh- veu vwar lohohh- syayl bleu.,6df585d7ee39ae63093632e1a1c986836ddd7cdde6f609781198b7eb3f5e8b9c
987,Je n'arrive pas à comprendre les raisons qui poussent certaines personnes à parasiter les forums.,I can't understand what drives some people to troll forums.,C,ʒə- naʁˈiv paz a kɔ̃pʁˈɑ̃dʁ le- ʁɛzˈɔ̃ ki pˈus sɛʁtˈɛn pɛʁsˈɔnz a paʁazitˈe le- foʁˈɔm.,zhohohh- narayayv paz a kohnprandr lay- rayzohn kayay pohohs sayrtayn payrsohnz a parazayaytay lay- fohrohm.,6df585d7ee39ae63093632e1a1c986836ddd7cdde6f609781198b7eb3f5e8b9c
988,Je voulais seulement te dire que je suis réellement désolé de ce que j'ai dit.,I just wanted to tell you that I'm really sorry for what I said.,D,ʒə- vulˈɛ sølmˈɑ̃ tə- dˈiʁ kə ʒə- syˌi ʁeɛlmˈɑ̃ dezolˈe də- sə- kə ʒe dˈi.,zhohohh- vohohlay seulman tohohh- dayayr kohohh zhohohh- syayay rayaylman dayzohlay dohohh- sohohh- kohohh zhay dayay.,6df585d7ee39ae63093632e1a1c986836ddd7cdde6f609781198b7eb3f5e8b9c
989,"Je sais que ce n'est pas ce que tu as suggéré, mais c'est tout ce que j'ai pu faire.","I know it's not what you suggested, but it was all I could do.",D,"ʒə- sˈɛ kə sə- nɛ pa sə- kə ty a syɡʒeʁˈe, mɛ sɛ tu sə- kə ʒe pˈy fˈɛʁ.","zhohohh- say kohohh sohohh- nay pa sohohh- kohohh ty a sygzhayray, may say tohoh sohohh- kohohh zhay py fayr.",6df585d7ee39ae63093632e1a1c986836ddd7cdde6f609781198b7eb3f5e8b9c
990,J'ai besoin que quelqu'un me serre dans ses bras et me dise que tout ira bien.,I need someone to hug me and tell me everything will be all right.,D,ʒe bəzwˈɛ̃ kə kɛlkˌœ̃ mə- sˈɛʁ dɑ̃ se- bʁˈaz e mə- dˈiz kə tut iʁˈa bjˈɛ̃.,zhay bohohhzwayayn kohohh kaylkohohn mohohh- sayr dan say- braz ay mohohh- dayayz kohohh tohoht ayayra byayayn.,6df585d7ee39ae63093632e1a1c986836ddd7cdde6f609781198b7eb3f5e8b9c
991,Je me rappelle quand nous ne mangions jamais de légumes que nous n'avions pas cultivés nous-mêmes.,I remember when we never ate vegetables that we hadn't grown ourselves.,C,ʒə- mə- ʁapˈɛl kɑ̃ nu nə- mɑ̃ʒjˈɔ̃ ʒamˌɛ də- leɡˈym kə nu navjˈɔ̃ pa kyltivˈe numˈɛm.,zhohohh- mohohh- rapayl kan nohoh nohohh- manzhyohn zhamay dohohh- laygym kohohh nohoh navyohn pa kyltayayvay nohohmaym.,6df585d7ee39ae63093632e1a1c986836ddd7cdde6f609781198b7eb3f5e8b9c
992,Je pense qu'il est temps de changer nos façons de gérer les déchets.,I think it is about time we changed our ways of managing waste.,C,ʒə- pˈɑ̃s kil ɛ tˈɑ̃ də- ʃɑ̃ʒˈe no fasˈɔ̃ də- ʒeʁˈe le- deʃˈɛ.,zhohohh- pans kayayl ay tan dohohh- shanzhay noh fasohn dohohh- zhayray lay- dayshay.,6df585d7ee39ae63093632e1a1c986836ddd7cdde6f609781198b7eb3f5e8b9c
993,Je pense que ce serait une bonne idée pour toi d'étudier le français.,I think that it would be a good idea for you to study French.,D,ʒə- pˈɑ̃s kə sə- səʁˈɛt yn bˈɔn idˈe puʁ twˌa detydjˈe lə- fʁɑ̃sˈɛ.,zhohohh- pans kohohh sohohh- sohohhrayt yn bohn ayayday pohohr twa daytydyay lohohh- fransay.,6df585d7ee39ae63093632e1a1c986836ddd7cdde6f609781198b7eb3f5e8b9c
994,Je pensais que les choses allaient s'améliorer mais en fait elles ne font qu'empirer.,"I thought things would get better, but in fact they are only getting worse.",D,ʒə- pɑ̃sˈɛ kə le- ʃˈozz alˈɛ sameljoʁˈe mɛz ɑ̃ fˈɛt ɛl nə- fˈɔ̃ kɑ̃piʁˈe.,zhohohh- pansay kohohh lay- shohzz alay samaylyohray mayz an fayt ayl nohohh- fohn kanpayayray.,6df585d7ee39ae63093632e1a1c986836ddd7cdde6f609781198b7eb3f5e8b9c
995,J'ai accepté l'emploi parce qu'ils m'ont promis que je n'aurais pas à travailler les week-ends.,I took the job because they promised me I wouldn't have to work weekends.,D,ʒe aksɛptˈe lɑ̃plwˈa paʁskˌil mɔ̃ pʁomˈi kə ʒə- noʁˈɛ paz a tʁavajˈe le- (en)wˈiːkˈɛndz(fr).,zhay aksayptay lanplwa parskayayl mohn prohmayay kohohh zhohohh- nohray paz a travayay lay- (ayn)wayaykayndz(fr).,6df585d7ee39ae63093632e1a1c986836ddd7cdde6f609781198b7eb3f5e8b9c
996,Je veux que chacun de vous me dise exactement ce qu'il a fait le week-end dernier.,I want each of you to tell me exactly what you did last weekend.,D,ʒə- vˈø kə ʃakˈœ̃ də- vu mə- dˈiz ɛɡzaktəmˈɑ̃ sə- kil a fˈɛ lə- (en)wˈiːkˈɛnd(fr) dɛʁnjˈe.,zhohohh- veu kohohh shakohohn dohohh- vohoh mohohh- dayayz aygzaktohohhman sohohh- kayayl a fay lohohh- (ayn)wayaykaynd(fr) dayrnyay.,6df585d7ee39ae63093632e1a1c986836ddd7cdde6f609781198b7eb3f5e8b9c
997,"Je veux passer un coup de téléphone, mais je n'ai pas de monnaie maintenant.","I want to make a phone call, but I don't have any change now.",D,"ʒə- vˈø pasˈe œ̃ kˈu də- telefˈɔn, mɛ ʒə- ne pa də- mɔnˈɛ mɛ̃tnˈɑ̃.","zhohohh- veu pasay ohohn kohoh dohohh- taylayfohn, may zhohohh- nay pa dohohh- mohnay mayayntnan.",6df585d7ee39ae63093632e1a1c986836ddd7cdde6f609781198b7eb3f5e8b9c
998,Je préfèrerais rester à la maison plutôt que de sortir par un jour si froid.,I would rather stay at home than go out on such a cold day.,D,ʒə- pʁefɛʁʁˈɛ ʁɛstˈe a la- mɛzˈɔ̃ plytˈoː kə də- sɔʁtˈiʁ paʁ œ̃ ʒˈuʁ sˈi fʁwˈa.,zhohohh- prayfayrray raystay a la- mayzohn plytoh kohohh dohohh- sohrtayayr par ohohn zhohohr sayay frwa.,6df585d7ee39ae63093632e1a1c986836ddd7cdde6f609781198b7eb3f5e8b9c
999,Je voudrais juste vous remercier tous pour ce que vous avez fait pour nous.,I'd just like to thank all of you for what you've done for us.,D,ʒə- vudʁˈɛ ʒˈyst vu ʁəmɛʁsjˈe tus puʁ sə- kə vuz avˈe fˈɛ puʁ nˈu.,zhohohh- vohohdray zhyst vohoh rohohhmayrsyay tohohs pohohr sohohh- kohohh vohohz avay fay pohohr nohoh.,6df585d7ee39ae63093632e1a1c986836ddd7cdde6f609781198b7eb3f5e8b9c
1000,J'aimerais vous offrir le déjeuner pour vous remercier de toute votre aide.,I'd like to treat you to lunch to thank you for all your help.,D,ʒɛmʁˈɛ vuz ɔfʁˈiʁ lə- deʒønˈe puʁ vu ʁəmɛʁsjˈe də- tut votʁ ˈɛd.,zhaymray vohohz ohfrayayr lohohh- dayzheunay pohohr vohoh rohohhmayrsyay dohohh- tohoht vohtr ayd.,6df585d7ee39ae63093632e1a1c986836ddd7cdde6f609781198b7eb3f5e8b9c
