"Front","Back"
"کا","Translations:
EN: of / 's
AR: لِـ
FR: de

Definition:
(EN) Possessive particle used to link two nouns, indicating belonging or relationship.

Example: یہ احمد کا گھر ہے۔

Translation: This is Ahmad's house.

Root Word: Sanskrit 'kṛta'

Synonyms: کے, کی"
"کے","Translations:
EN: of (masculine plural/oblique)
AR: لِـ / الـ
FR: de

Definition:
(EN) Possessive particle used when the following noun is masculine plural or in an oblique case.

Example: یہ اس کے گھر ہیں۔

Translation: These are his houses.

Root Word: Sanskrit 'kṛta'

Synonyms: کا, کی"
"کی","Translations:
EN: of (feminine)
AR: لِـ / الـ
FR: de

Definition:
(EN) Possessive particle used when the following noun is feminine.

Example: یہ احمد کی کتاب ہے۔

Translation: This is Ahmad's book.

Root Word: Sanskrit 'kṛta'

Synonyms: کا, کے"
"ہے","Translations:
EN: is
AR: يَكُونُ / هُوَ
FR: est

Definition:
(EN) Third-person singular present form of 'to be'.

Example: وہ ایک طالب علم ہے۔

Translation: He is a student.

Root Word: Indo-Aryan origin.

Synonyms: ہیں, ہو"
"میں","Translations:
EN: in
AR: فِي
FR: dans

Definition:
(EN) Indicating location or inclusion within space, time, or a group.

Example: وہ کمرے میں ہے۔

Translation: He is in the room.

Root Word: Sanskrit 'madhye'.

Synonyms: اندر, بیچ"
"کو","Translations:
EN: to / for / (object marker)
AR: إِلَى / لِـ
FR: à / pour

Definition:
(EN) Postposition used to mark the indirect object or sometimes the definite direct object.

Example: اس کو پانی دو۔

Translation: Give him water.

Root Word: Indo-Aryan origin.

Synonyms: تئیں, واسطے"
"اور","Translations:
EN: and
AR: وَ
FR: et

Definition:
(EN) Conjunction used to connect words, phrases, or clauses.

Example: میں اور تم۔

Translation: I and you.

Root Word: Persian 'wa'

Synonyms: و, نیز"
"سے","Translations:
EN: from / with / by
AR: مِنْ / بِـ
FR: de / avec

Definition:
(EN) Postposition indicating origin, means, or comparison.

Example: میں لاہور سے ہوں۔

Translation: I am from Lahore.

Root Word: Indo-Aryan origin.

Synonyms: تئیں, ذریعے"
"ہیں","Translations:
EN: are
AR: يَكُونُونَ / هُمْ
FR: sont

Definition:
(EN) Third-person plural present form of 'to be'.

Example: وہ طالب علم ہیں۔

Translation: They are students.

Root Word: Indo-Aryan origin.

Synonyms: ہے, ہو"
"پر","Translations:
EN: on / at / but
AR: عَلَى / لَكِنْ
FR: sur / mais

Definition:
(EN) Postposition indicating location (on/at) or a conjunction meaning 'but'.

Example: کتاب میز پر ہے۔

Translation: The book is on the table.

Root Word: Persian 'bar' / Indo-Aryan 'par'.

Synonyms: اوپر, لیکن"
"نہ","Translations:
EN: no / not / neither
AR: لَا
FR: non / ne... pas

Definition:
(EN) Negative particle used for prohibition or in neither/nor constructions.

Example: نہ یہ نہ وہ۔

Translation: Neither this nor that.

Root Word: Indo-European origin.

Synonyms: نہیں, مت"
"نہیں","Translations:
EN: no / not
AR: لَا / لَيْسَ
FR: non / pas

Definition:
(EN) General negative particle used in sentences.

Example: میں نہیں جانتا۔

Translation: I do not know.

Root Word: Indo-Aryan origin.

Synonyms: نہ, نا"
"تو","Translations:
EN: then / so / (particle)
AR: إِذًا / فَـ
FR: alors / donc

Definition:
(EN) Particle used to indicate consequence or for emphasis in a sentence.

Example: اگر وہ آیا تو میں جاؤں گا۔

Translation: If he comes, then I will go.

Root Word: Indo-Aryan origin.

Synonyms: پھر, پس"
"کر","Translations:
EN: do / having done
AR: فَعَلَ / بَعْدَ فِعْلِ
FR: faire

Definition:
(EN) Root form of the verb 'to do' or a conjunctive participle.

Example: کام کر کے آؤ۔

Translation: Come after doing the work.

Root Word: Sanskrit 'kṛ'.

Synonyms: کرنا, انجام دینا"
"تھا","Translations:
EN: was
AR: كَانَ
FR: était

Definition:
(EN) Past tense masculine singular form of 'to be'.

Example: وہ وہاں تھا۔

Translation: He was there.

Root Word: Indo-Aryan origin.

Synonyms: تھی, تھے"
"گا","Translations:
EN: will (future marker)
AR: سَوْفَ / سَـ
FR: (futur)

Definition:
(EN) Future tense auxiliary marker (masculine singular).

Example: وہ آئے گا۔

Translation: He will come.

Root Word: Indo-Aryan origin.

Synonyms: گی, گے"
"وہ","Translations:
EN: he / she / it / that
AR: هُوَ / هِيَ / ذَلِكَ
FR: il / elle / cela

Definition:
(EN) Third-person singular pronoun used as a subject or a demonstrative adjective for distant objects.

Example: وہ بہت اچھا انسان ہے۔

Translation: He is a very good person.

Root Word: Indo-Aryan origin.

Synonyms: اس, انہوں"
"یہ","Translations:
EN: this / it
AR: هَذَا / هَذِهِ / هُوَ
FR: ceci / cela / il

Definition:
(EN) Demonstrative pronoun for identifying a specific person or thing close at hand.

Example: یہ میری کتاب ہے۔

Translation: This is my book.

Root Word: Indo-Aryan origin.

Synonyms: اس, ان"
"رہے","Translations:
EN: staying / remaining / (cont. marker)
AR: بَقِيَ / (cont.)
FR: restant / (cont.)

Definition:
(EN) Form of the verb 'rahna' (to stay) often used as an auxiliary for continuous actions.

Example: وہ کھیل رہے ہیں۔

Translation: They are playing.

Root Word: Indo-Aryan origin.

Synonyms: رہا, رہی"
"بھی","Translations:
EN: also / too / even
AR: أَيْضًا
FR: aussi

Definition:
(EN) Adverb used to indicate inclusion or emphasis.

Example: میں بھی جاؤں گا۔

Translation: I will also go.

Root Word: Indo-Aryan origin.

Synonyms: ہی, کما"
"نے","Translations:
EN: (agentive marker)
AR: (subject marker)
FR: (sujet marker)

Definition:
(EN) Postposition used to mark the subject of a transitive verb in perfective tenses.

Example: اس نے کھانا کھایا۔

Translation: He ate the food.

Root Word: Indo-Aryan origin.

Synonyms: (none)"
"ہو","Translations:
EN: be / become / happen
AR: يَكُونُ / يُصْبِحُ
FR: être / devenir

Definition:
(EN) Subjunctive or imperative form of the verb 'hona' (to be).

Example: خوش ہو جاؤ۔

Translation: Become happy.

Root Word: Indo-Aryan origin.

Synonyms: ہونا, بننا"
"کیا","Translations:
EN: what / did
AR: مَاذَا / فَعَلَ
FR: quoi / fait

Definition:
(EN) Interrogative pronoun ('what') or the past tense of 'karna' ('did').

Example: تم نے کیا کیا؟

Translation: What did you do?

Root Word: Sanskrit 'kim' / 'kṛta'.

Synonyms: کونسے, کیونکر"
"کہ","Translations:
EN: that (conjunction)
AR: أَنَّ / أَنْ
FR: que

Definition:
(EN) Conjunction used to link a main clause with a subordinate clause.

Example: اس نے کہا کہ وہ آئے گا۔

Translation: He said that he will come.

Root Word: Persian 'kih'.

Synonyms: تاکہ, چونکہ"
"اس","Translations:
EN: him / her / it / that (oblique)
AR: هُوَ / هِيَ / ذَلِكَ
FR: lui / le / la / cela

Definition:
(EN) Oblique form of 'woh' or 'yeh' used before postpositions.

Example: اس کا نام کیا ہے؟

Translation: What is his name?

Root Word: Indo-Aryan origin.

Synonyms: ان, اسے"
"ان","Translations:
EN: them / these / those (oblique)
AR: هُمْ / هُنَّ / هَؤُلَاءِ
FR: eux / elles / ces

Definition:
(EN) Oblique plural form of 'woh' or 'yeh'.

Example: ان لوگوں سے پوچھو۔

Translation: Ask these people.

Root Word: Indo-Aryan origin.

Synonyms: اس, انہیں"
"جو","Translations:
EN: who / which / that
AR: الَّذِي / مَنْ
FR: qui / lequel

Definition:
(EN) Relative pronoun used to refer to a person or thing already mentioned.

Example: وہ لڑکا جو وہاں ہے۔

Translation: The boy who is there.

Root Word: Indo-Aryan origin.

Synonyms: جس, جن"
"تھے","Translations:
EN: were (masculine plural)
AR: كَانُوا
FR: étaient

Definition:
(EN) Past tense masculine plural form of 'to be'.

Example: وہ وہاں تھے۔

Translation: They were there.

Root Word: Indo-Aryan origin.

Synonyms: تھا, تھی"
"کرنا","Translations:
EN: to do / to perform
AR: فَعَلَ
FR: faire

Definition:
(EN) Infinitive form of the verb meaning to perform an action.

Example: کام کرنا ضروری ہے۔

Translation: To work is necessary.

Root Word: Sanskrit 'kṛ'.

Synonyms: انجام دینا, بجا لانا"
"میں","Translations:
EN: I
AR: أَنَا
FR: je

Definition:
(EN) First-person singular subject pronoun. (Note: different from 'meñ' (in) which has a nasal n).

Example: میں ٹھیک ہوں۔

Translation: I am fine.

Root Word: Indo-Aryan origin.

Synonyms: (none)"
"جس","Translations:
EN: whom / which / whose (oblique)
AR: الَّذِي / لَهُ
FR: lequel / dont

Definition:
(EN) Oblique singular relative pronoun used before postpositions.

Example: جس کا گھر۔

Translation: Whose house.

Root Word: Indo-Aryan origin.

Synonyms: جو, جن"
"رہا","Translations:
EN: staying / remaining / (cont. masc)
AR: بَقِيَ / (cont.)
FR: restant / (cont.)

Definition:
(EN) Masculine singular form of 'rahna', used as an auxiliary for continuous present/past actions.

Example: وہ جا رہا ہے۔

Translation: He is going.

Root Word: Indo-Aryan origin.

Synonyms: رہی, رہے"
"رہی","Translations:
EN: staying / remaining / (cont. fem)
AR: بَقِيَتْ / (cont.)
FR: restant / (cont. f.)

Definition:
(EN) Feminine singular form of 'rahna', used as an auxiliary for continuous present/past actions.

Example: وہ کھیل رہی ہے۔

Translation: She is playing.

Root Word: Indo-Aryan origin.

Synonyms: رہا, رہے"
"لیے","Translations:
EN: for / for the sake of
AR: لِأَجْل / لِـ
FR: pour

Definition:
(EN) Postposition indicating the purpose, recipient, or reason for an action.

Example: یہ آپ کے لیے ہے۔

Translation: This is for you.

Root Word: Indo-Aryan origin.

Synonyms: واسطے, کی خاطر"
"کوئی","Translations:
EN: someone / any / some
AR: أَحَد / أَيّ
FR: quelqu'un / n'importe quel

Definition:
(EN) Indefinite pronoun or adjective referring to an unspecified person or thing.

Example: کوئی ہے؟

Translation: Is anyone there?

Root Word: Sanskrit 'ko-api'.

Synonyms: کچھ, کسی"
"کیا","Translations:
EN: what
AR: مَاذَا / مَا
FR: quoi / qu'est-ce que

Definition:
(EN) Interrogative pronoun used to ask about a thing or action (pronounced 'kyā').

Example: آپ کا نام کیا ہے؟

Translation: What is your name?

Root Word: Sanskrit 'kim'.

Synonyms: کونسا, کیونکر"
"تک","Translations:
EN: until / up to / even
AR: حَتَّى / إِلَى
FR: jusqu'à / même

Definition:
(EN) Postposition indicating a limit in time or space, or emphasis.

Example: میں شام تک آؤں گا۔

Translation: I will come until evening.

Root Word: Indo-Aryan origin.

Synonyms: حتٰی, توڑے"
"آپ","Translations:
EN: you (formal) / self
AR: أَنْتَ (formal) / نَفْس
FR: vous (vouvoiement) / soi-même

Definition:
(EN) Respectful second-person pronoun or a reflexive pronoun meaning 'self'.

Example: آپ کیسے ہیں؟

Translation: How are you?

Root Word: Sanskrit 'ātman' (self).

Synonyms: تم, جناب"
"ہم","Translations:
EN: we / us
AR: نَحْنُ / نَا (object)
FR: nous

Definition:
(EN) First-person plural subject pronoun.

Example: ہم کل جائیں گے۔

Translation: We will go tomorrow.

Root Word: Sanskrit 'asme'.

Synonyms: (none)"
"جب","Translations:
EN: when (conjunction)
AR: عِنْدَمَا / لَمَّا
FR: quand / lorsque

Definition:
(EN) Relative adverb of time used to link a time-based condition to a result.

Example: جب وہ آئے گا، میں جاؤں گا۔

Translation: When he comes, I will go.

Root Word: Sanskrit 'yadā'.

Synonyms: جس وقت, جب کبھی"
"اگر","Translations:
EN: if
AR: إِذَا / إِنْ / لَوْ
FR: si

Definition:
(EN) Conditional conjunction used to introduce a possibility or requirement.

Example: اگر تم محنت کرو گے تو کامیاب ہو گے۔

Translation: If you work hard, you will succeed.

Root Word: Persian 'agar'.

Synonyms: بشرطیکہ, جو"
"سب","Translations:
EN: all / every / everything
AR: كُلّ / جَمِيع
FR: tout / tous

Definition:
(EN) Adjective or pronoun referring to the whole quantity or every member of a set.

Example: سب لوگ ٹھیک ہیں۔

Translation: All the people are fine.

Root Word: Sanskrit 'sarva'.

Synonyms: تمام, کل"
"اب","Translations:
EN: now
AR: الآنَ
FR: maintenant

Definition:
(EN) Adverb of time referring to the present moment.

Example: اب ہم کیا کریں؟

Translation: What should we do now?

Root Word: Sanskrit 'evam'.

Synonyms: فی الوقت, اس وقت"
"تم","Translations:
EN: you (informal)
AR: أَنْتَ / أَنْتِ
FR: tu / toi

Definition:
(EN) Second-person singular pronoun used for friends, family, or children.

Example: تم کہاں ہو؟

Translation: Where are you?

Root Word: Sanskrit 'tva-m'.

Synonyms: آپ, تو"
"کچھ","Translations:
EN: some / something / a little
AR: بَعْض / شَيْء
FR: quelque chose / un peu

Definition:
(EN) Indefinite pronoun or adjective referring to an unspecified quantity or thing.

Example: مجھے کچھ پانی چاہیے۔

Translation: I want some water.

Root Word: Sanskrit 'kaścit'.

Synonyms: تھوڑا, کوئی"
"وہاں","Translations:
EN: there
AR: هُنَاكَ
FR: là / là-bas

Definition:
(EN) Adverb of place referring to a location away from the speaker.

Example: وہاں کون ہے؟

Translation: Who is there?

Root Word: Sanskrit 'tatra'.

Synonyms: ادھر, اس جگہ"
"کسی","Translations:
EN: someone / anyone / some (oblique)
AR: أَحَد / أَيّ
FR: quelqu'un / n'importe quel

Definition:
(EN) Oblique form of 'koī', used before postpositions to refer to an unspecified person or thing.

Example: کسی سے پوچھو۔

Translation: Ask someone.

Root Word: Sanskrit 'ko-api'.

Synonyms: کوئی, کس"
"انہوں","Translations:
EN: they (oblique / respect)
AR: هُمْ / هُنَّ
FR: ils / elles / eux

Definition:
(EN) Oblique form of 'woh' (plural or formal singular) used before postpositions.

Example: انہوں نے کہا۔

Translation: They said.

Root Word: Indo-Aryan origin.

Synonyms: ان, اس"
"اسے","Translations:
EN: him / her / it (acc / dat)
AR: إِيَّاهُ / لَهُ
FR: lui / le / la

Definition:
(EN) Accusative or dative form of 'woh' or 'yeh', meaning 'to him/her' or just 'him/her'.

Example: اسے جانے دو۔

Translation: Let him go.

Root Word: Indo-Aryan origin.

Synonyms: اس کو, انہیں"
"ہوتے","Translations:
EN: happening / becoming / being
AR: حَدَثَ / صَارَ
FR: arrivant / devenant

Definition:
(EN) Present participle (masculine plural) of the verb 'hona' (to be/become).

Example: وہ اچھے ہوتے ہیں۔

Translation: They are (become) good.

Root Word: Indo-Aryan origin.

Synonyms: ہونا, ہونا"
"دوسرے","Translations:
EN: others / second / another
AR: آخَرُونَ / ثَانٍ
FR: autres / second

Definition:
(EN) Ordinal number for 'second' or a pronoun/adjective meaning 'others'.

Example: دوسرے لوگ کہاں ہیں؟

Translation: Where are the other people?

Root Word: Sanskrit 'dvitīya'.

Synonyms: دیگر, ثانی"
"والی","Translations:
EN: (marker / possessor / fem)
AR: صَاحِبَة / (f. marker)
FR: celle qui / (f. marker)

Definition:
(EN) Suffix/particle used to turn a noun or verb into an adjective or to indicate possession (feminine).

Example: دودھ والی۔

Translation: The milkwoman.

Root Word: Sanskrit 'pāla'.

Synonyms: والا, والے"
"والے","Translations:
EN: (marker / possessor / plural)
AR: أَصْحَاب / (pl. marker)
FR: ceux qui / (pl. marker)

Definition:
(EN) Masculine plural or oblique form of the 'wālā' suffix.

Example: آنے والے۔

Translation: Those who are coming.

Root Word: Sanskrit 'pāla'.

Synonyms: والا, والی"
"والا","Translations:
EN: (marker / possessor / masc)
AR: ذُو / صَاحِب
FR: celui qui / (m. marker)

Definition:
(EN) Masculine singular suffix used to indicate a person associated with a thing or action.

Example: چائے والا۔

Translation: The tea-seller.

Root Word: Sanskrit 'pāla'.

Synonyms: والی, والے"
"اپنے","Translations:
EN: one's own (oblique / plural)
AR: خَاصَّتُهُ / نَفْسُهُ
FR: son propre / soi-même

Definition:
(EN) Reflexive possessive pronoun referring back to the subject (masculine plural or oblique).

Example: اپنے گھر جاؤ۔

Translation: Go to your (own) house.

Root Word: Sanskrit 'ātman'.

Synonyms: اپنا, اپنی"
"اپنی","Translations:
EN: one's own (feminine)
AR: خَاصَّتُهَا / نَفْسُهَا
FR: sa propre / soi-même

Definition:
(EN) Reflexive possessive pronoun referring back to the subject (feminine singular).

Example: وہ اپنی کتاب پڑھ رہی ہے۔

Translation: She is reading her (own) book.

Root Word: Sanskrit 'ātman'.

Synonyms: اپنا, اپنے"
"ابنا","Translations:
EN: one's own (masculine)
AR: خَاصَّتُهُ / نَفْسُهُ
FR: son propre / soi-même

Definition:
(EN) Reflexive possessive pronoun referring back to the subject (masculine singular).

Example: اپنا کام کرو۔

Translation: Do your (own) work.

Root Word: Sanskrit 'ātman'.

Synonyms: اپنی, اپنے"
"یہاں","Translations:
EN: here
AR: هُنَا
FR: ici

Definition:
(EN) Adverb of place referring to the current location of the speaker.

Example: یہاں آؤ۔

Translation: Come here.

Root Word: Sanskrit 'iha'.

Synonyms: ادھر, اس جگہ"
"کیوں","Translations:
EN: why
AR: لِمَاذَا
FR: pourquoi

Definition:
(EN) Interrogative adverb used to ask about the reason or purpose of something.

Example: تم کیوں رو رہے ہو؟

Translation: Why are you crying?

Root Word: Sanskrit 'kim'.

Synonyms: کس لیے, کاہے کو"
"کیسے","Translations:
EN: how / in what way
AR: كَيْفَ
FR: comment

Definition:
(EN) Interrogative adverb used to ask about the manner, quality, or state of something.

Example: یہ کیسے ہوا؟

Translation: How did this happen?

Root Word: Sanskrit 'kīdṛk'.

Synonyms: کیوں کر, کیونکر"
"کتنا","Translations:
EN: how much / how many
AR: كَمْ
FR: combien

Definition:
(EN) Interrogative adjective or pronoun used to ask about quantity or degree.

Example: کتنا وقت لگے گا؟

Translation: How much time will it take?

Root Word: Sanskrit 'kiyat'.

Synonyms: کثیر, بہت"
"جن","Translations:
EN: whom / those / which (plural oblique)
AR: الَّذِينَ / هُمْ
FR: lesquels / ceux

Definition:
(EN) Plural oblique relative pronoun used before postpositions to refer to people or things.

Example: جن لوگوں سے میں ملا۔

Translation: The people whom I met.

Root Word: Indo-Aryan origin.

Synonyms: جو, جس"
"پھر","Translations:
EN: then / again / afterwards
AR: ثُمَّ / مَرَّةً أُخْرَى
FR: puis / encore / ensuite

Definition:
(EN) Adverb indicating sequence in time or repetition of an action.

Example: پھر کیا ہوا؟

Translation: Then what happened?

Root Word: Sanskrit 'punar'.

Synonyms: تب, دوبارہ"
"ادھر","Translations:
EN: here / this way / hither
AR: إِلَى هُنَا
FR: ici / par ici

Definition:
(EN) Adverb of place indicating direction towards the speaker or a nearby location.

Example: ادھر آؤ۔

Translation: Come this way.

Root Word: Indo-Aryan origin.

Synonyms: یہاں, اس طرف"
"جہاں","Translations:
EN: where / world
AR: حَيْثُ / عَالَم
FR: où / monde

Definition:
(EN) Relative adverb of place ('where') or a noun meaning 'world'.

Example: جہاں تم ہو، میں بھی ہوں۔

Translation: Where you are, I am too.

Root Word: Persian 'jahān' (world) / Indo-Aryan (where).

Synonyms: جس جگہ, دنیا"
"کب","Translations:
EN: when
AR: مَتَى
FR: quand

Definition:
(EN) Interrogative adverb used to ask about the time of an event.

Example: تم کب آؤ گے؟

Translation: When will you come?

Root Word: Sanskrit 'kadā'.

Synonyms: کس وقت, جب"
"کس","Translations:
EN: who / which (singular oblique)
AR: مَنْ / أَيّ
FR: qui / lequel

Definition:
(EN) Singular oblique interrogative pronoun used before postpositions.

Example: کس کا گھر؟

Translation: Whose house?

Root Word: Sanskrit 'kasya'.

Synonyms: کون, کیا"
"کون","Translations:
EN: who
AR: مَنْ
FR: qui

Definition:
(EN) Interrogative pronoun used to ask about the identity of a person.

Example: تم کون ہو؟

Translation: Who are you?

Root Word: Sanskrit 'kaḥ'.

Synonyms: کس, جو"
"کونسے","Translations:
EN: which ones
AR: أَيُّهُمْ
FR: lesquels

Definition:
(EN) Plural interrogative adjective used to ask for a choice among many.

Example: کونسے کپڑے؟

Translation: Which clothes?

Root Word: Indo-Aryan origin.

Synonyms: کونسا, کونسی"
"کہیں","Translations:
EN: somewhere / anywhere / (lest)
AR: فِي مَكَانٍ مَا / لِئَلَّا
FR: quelque part / de peur que

Definition:
(EN) Indefinite adverb of place or a conjunction expressing a fear ('lest').

Example: کہیں مت جاؤ۔

Translation: Do not go anywhere.

Root Word: Indo-Aryan origin.

Synonyms: کسی جگہ, شاید"
"ہر","Translations:
EN: every / each
AR: كُلّ
FR: chaque

Definition:
(EN) Adjective referring to all members of a group considered individually.

Example: ہر روز۔

Translation: Every day.

Root Word: Persian 'har'.

Synonyms: سب, فی"
"تمام","Translations:
EN: all / entire / finished
AR: تَمَام / كُلّ
FR: tout / entier

Definition:
(EN) Adjective indicating completeness or the whole quantity of something.

Example: تمام کام ختم ہوا۔

Translation: All the work is finished.

Root Word: Arabic 'tamm'.

Synonyms: سب, مکمل"
"صرف","Translations:
EN: only / just
AR: فَقَطْ / صَرْف
FR: seulement / juste

Definition:
(EN) Adverb used to indicate a restriction or limitation.

Example: صرف ایک منٹ۔

Translation: Only one minute.

Root Word: Arabic 'ṣarf'.

Synonyms: محض, فقط"
"ہمیشہ","Translations:
EN: always / forever
AR: دَائِمًا
FR: toujours / à jamais

Definition:
(EN) Adverb indicating that something happens at all times without end.

Example: میں ہمیشہ تمھارے ساتھ ہوں۔

Translation: I am always with you.

Root Word: Persian 'hamesha'.

Synonyms: سدا, مدام"
"ابھی","Translations:
EN: right now / yet
AR: الآنَ / بَعْدُ
FR: tout de suite / encore

Definition:
(EN) Adverb referring to the immediate present or the time up to now.

Example: ابھی جاؤ۔

Translation: Go right now.

Root Word: Indo-Aryan origin (ab + hī).

Synonyms: اب, فی الحال"
"کبھی","Translations:
EN: ever / sometimes / once
AR: أَبَدًا / أَحْيَانًا
FR: jamais / parfois

Definition:
(EN) Adverb referring to some time or an indefinite time.

Example: کبھی کبھی۔

Translation: Sometimes.

Root Word: Indo-Aryan origin (kab + hī).

Synonyms: کسی وقت, کب"
"وہی","Translations:
EN: exactly that / same
AR: نَفْسُهُ / ذَلِكَ عَيْنُهُ
FR: le même / celui-là même

Definition:
(EN) Emphatic form of 'woh', indicating identity or the exact same thing.

Example: یہ وہی لڑکا ہے۔

Translation: This is the same boy.

Root Word: Indo-Aryan origin (woh + hī).

Synonyms: ویسا, اس جیسا"
"یہی","Translations:
EN: exactly this / same
AR: نَفْسُهُ / هَذَا عَيْنُهُ
FR: ceci même / le même

Definition:
(EN) Emphatic form of 'yeh', indicating the exact person or thing close at hand.

Example: یہی میری کتاب ہے۔

Translation: This is exactly my book.

Root Word: Indo-Aryan origin (yeh + hī).

Synonyms: ایسا, اس جیسا"
"انہیں","Translations:
EN: to them / them
AR: إِيَّاهُمْ / لَهُمْ
FR: les / leur / eux

Definition:
(EN) Accusative or dative form of the plural/formal singular pronoun 'un'.

Example: انہیں بلائو۔

Translation: Call them.

Root Word: Indo-Aryan origin.

Synonyms: ان کو, اسے"
"جسے","Translations:
EN: whom / which (acc / dat)
AR: الَّذِي (acc.)
FR: que / auquel

Definition:
(EN) Accusative or dative form of the relative pronoun 'jis'.

Example: جسے میں نے دیکھا۔

Translation: Whom I saw.

Root Word: Indo-Aryan origin.

Synonyms: جس کو, جنہوں"
"جنہوں","Translations:
EN: who (plural relative oblique)
AR: الَّذِينَ (subject)
FR: qui (pluriel)

Definition:
(EN) Oblique plural form of the relative pronoun 'jo', used as the subject in perfective tenses with 'ne'.

Example: جنہوں نے کام کیا۔

Translation: Those who worked.

Root Word: Indo-Aryan origin.

Synonyms: جو, جن"
"جس کا","Translations:
EN: whose / of which
AR: الَّذِي لَهُ
FR: dont / duquel

Definition:
(EN) Possessive form of the relative pronoun 'jis'.

Example: جس کا گھر وہاں ہے۔

Translation: Whose house is there.

Root Word: Indo-Aryan origin.

Synonyms: اس کا, جن کا"
"جن کا","Translations:
EN: whose (plural) / of which
AR: الَّذِينَ لَهُمْ
FR: dont (pluriel)

Definition:
(EN) Possessive plural form of the relative pronoun 'jin'.

Example: جن کا کام ختم ہوا۔

Translation: Whose work is finished.

Root Word: Indo-Aryan origin.

Synonyms: جس کا, ان کا"
"ان کا","Translations:
EN: their / theirs
AR: لَهُمْ / خَاصَّتُهُمْ
FR: leur / le leur

Definition:
(EN) Possessive form of the plural/formal pronoun 'un'.

Example: ان کا گھر۔

Translation: Their house.

Root Word: Indo-Aryan origin.

Synonyms: اس کا, اپنا"
"اس کا","Translations:
EN: his / her / its
AR: لَهُ / خَاصَّتُهُ
FR: son / sa / le sien

Definition:
(EN) Possessive form of the singular pronoun 'us'.

Example: اس کا بھائی۔

Translation: His/Her brother.

Root Word: Indo-Aryan origin.

Synonyms: ان کا, اپنا"
"آپ کا","Translations:
EN: your (formal) / yours
AR: لَكَ (formal)
FR: votre / le vôtre

Definition:
(EN) Possessive form of the respectful pronoun 'āp'.

Example: آپ کا شکریہ۔

Translation: Your thank you (Thank you).

Root Word: Indo-Aryan origin.

Synonyms: تمھارا, تیرا"
"تمھارا","Translations:
EN: your (informal) / yours
AR: لَكَ / خَاصَّتُكَ
FR: ton / le tien

Definition:
(EN) Possessive form of the second-person plural or informal pronoun 'tum'.

Example: تمھارا نام کیا ہے؟

Translation: What is your name?

Root Word: Indo-Aryan origin.

Synonyms: آپ کا, تیرا"
"میرا","Translations:
EN: my / mine
AR: لِي / خَاصَّتِي
FR: mon / le mien

Definition:
(EN) Possessive form of the first-person singular pronoun 'maiñ'.

Example: یہ میرا قلم ہے۔

Translation: This is my pen.

Root Word: Indo-Aryan origin.

Synonyms: ہمارا, اپنا"
"ہمارا","Translations:
EN: our / ours
AR: لَنَا / خَاصَّتُنَا
FR: notre / le nôtre

Definition:
(EN) Possessive form of the first-person plural pronoun 'ham'.

Example: یہ ہمارا سکول ہے۔

Translation: This is our school.

Root Word: Indo-Aryan origin.

Synonyms: میرا, اپنا"
"کونسا","Translations:
EN: which
AR: أَيّ
FR: quel / lequel

Definition:
(EN) Interrogative adjective used to ask for a choice among alternatives.

Example: کونسا رنگ؟

Translation: Which color?

Root Word: Indo-Aryan origin.

Synonyms: کونسے, کونسی"
"کیونکر","Translations:
EN: how / in what way / why
AR: كَيْفَ / لِمَاذَا
FR: comment / pourquoi

Definition:
(EN) Formal or literary interrogative adverb meaning 'how' or 'in what manner'.

Example: یہ کیونکر ممکن ہے؟

Translation: How is this possible?

Root Word: Persian 'kyūn' + 'kar'.

Synonyms: کیسے, کیوں"
"اتنا","Translations:
EN: so much / so many
AR: كَثِير جِدًّا
FR: tant / tellement

Definition:
(EN) Adjective or adverb indicating a large quantity or degree already implied.

Example: اتنا شور کیوں ہے؟

Translation: Why is there so much noise?

Root Word: Indo-Aryan origin.

Synonyms: بہت, زیادہ"
"جتنا","Translations:
EN: as much as
AR: بِقَدْرِ مَا
FR: autant que

Definition:
(EN) Relative adjective or adverb indicating an equal quantity or degree.

Example: جتنا ہو سکے، کام کرو۔

Translation: Work as much as possible.

Root Word: Indo-Aryan origin.

Synonyms: جتنا، جتنی"
"جتنے","Translations:
EN: as many as
AR: بِعَدَدِ مَا
FR: autant que (pluriel)

Definition:
(EN) Masculine plural or oblique form of 'jitnā'.

Example: جتنے لوگ آئے۔

Translation: As many people as came.

Root Word: Indo-Aryan origin.

Synonyms: جتنا، جتنی"
"اتنے","Translations:
EN: so many
AR: هَذَا العَدَد الكَبِير
FR: tant de

Definition:
(EN) Masculine plural or oblique form of 'itnā'.

Example: اتنے پیسے کہاں سے آئے؟

Translation: Where did so much money come from?

Root Word: Indo-Aryan origin.

Synonyms: اتنی، اتنے"
"کئی","Translations:
EN: many / several
AR: عِدَّة / كَثِير
FR: plusieurs / beaucoup

Definition:
(EN) Indefinite adjective referring to a large but unspecified number.

Example: کئی دن گزر گئے۔

Translation: Many days passed.

Root Word: Indo-Aryan origin.

Synonyms: بہت, متعدد"
"بہت","Translations:
EN: many / very / much
AR: جِدًّا / كَثِير
FR: très / beaucoup

Definition:
(EN) Adverb or adjective indicating a high degree or a large quantity.

Example: بہت شکریہ۔

Translation: Thank you very much.

Root Word: Sanskrit 'bahutva'.

Synonyms: زیادہ, کافی"
"زیادہ","Translations:
EN: more / much / excessive
AR: أَكْثَر
FR: plus / davantage

Definition:
(EN) Adjective or adverb indicating a greater amount or degree.

Example: زیادہ باتیں مت کرو۔

Translation: Do not talk too much.

Root Word: Persian 'ziyāda'.

Synonyms: بہت, مزید"
"کم","Translations:
EN: less / few / little
AR: أَقَلّ / قَلِيل
FR: moins / peu

Definition:
(EN) Adjective or adverb indicating a small quantity or degree.

Example: کم پانی پیو۔

Translation: Drink less water.

Root Word: Persian 'kam'.

Synonyms: تھوڑا, قلیل"
"تھوڑا","Translations:
EN: a little / few
AR: قَلِيل
FR: un peu

Definition:
(EN) Adjective referring to a small amount or short duration.

Example: تھوڑا وقت دو۔

Translation: Give a little time.

Root Word: Indo-Aryan origin.

Synonyms: کم, ذرا"
"پہلے","Translations:
EN: before / first / ago
AR: قَبْلَ / أَوَّلاً
FR: avant / d'abord / il y a

Definition:
(EN) Adverb or postposition indicating priority in time or position.

Example: کھانے سے پہلے ہاتھ دھوؤ۔

Translation: Wash hands before eating.

Root Word: Sanskrit 'prathama'.

Synonyms: قبل, اول"
"بعد","Translations:
EN: after
AR: بَعْدَ
FR: après

Definition:
(EN) Adverb or postposition indicating a later time or following in sequence.

Example: کام کے بعد ملتے ہیں۔

Translation: Let's meet after work.

Root Word: Arabic 'baʿd'.

Synonyms: پیچھے, پچھلا"
"سامنے","Translations:
EN: in front of / opposite
AR: أَمَامَ / قُبَالَة
FR: devant / en face de

Definition:
(EN) Postposition indicating position directly ahead or on the other side.

Example: میرے گھر کے سامنے ایک باغ ہے۔

Translation: There is a garden in front of my house.

Root Word: Sanskrit 'sammukha'.

Synonyms: آگے, روبرو"
"پاس","Translations:
EN: near / have / with
AR: قُرْبَ / عِنْدَ
FR: près de / chez / avoir

Definition:
(EN) Postposition indicating physical proximity or possession ('near' or 'to have').

Example: میرے پاس ایک قلم ہے۔

Translation: I have a pen.

Root Word: Sanskrit 'pārśva' (side).

Synonyms: قریب, نزدیک"
"ساتھ","Translations:
EN: with / together / company
AR: مَعَ
FR: avec / ensemble

Definition:
(EN) Postposition indicating accompaniment or association.

Example: میرے ساتھ چلو۔

Translation: Walk with me.

Root Word: Sanskrit 'sārtha'.

Synonyms: سنگ, مع"
"واسطے","Translations:
EN: for / for the sake of
AR: لِأَجْل
FR: pour

Definition:
(EN) Postposition indicating purpose or the person for whom an action is done.

Example: آپ کے واسطے دعا کرتا ہوں۔

Translation: I pray for your sake.

Root Word: Arabic 'wāsiṭa'.

Synonyms: لیے, خاطر"
"دور","Translations:
EN: far / distant / away
AR: بَعِيد
FR: loin / éloigné

Definition:
(EN) Adjective or adverb indicating a large physical or temporal distance.

Example: وہ بہت دور ہے۔

Translation: He is very far.

Root Word: Persian 'dūr'.

Synonyms: فاصلے پر, پرے"
"نزدیک","Translations:
EN: near / close / according to
AR: قَرِيب / عِنْدَ
FR: près de / proche

Definition:
(EN) Postposition or adverb indicating small distance or a viewpoint ('in my opinion').

Example: میرے نزدیک یہ غلط ہے۔

Translation: In my opinion (near me), this is wrong.

Root Word: Persian 'nazdīk'.

Synonyms: قریب, پاس"
"باہر","Translations:
EN: outside / out
AR: خَارِج / بَرَّا
FR: dehors / extérieur

Definition:
(EN) Adverb or postposition indicating a position away from the interior of something.

Example: گھر سے باہر نکلو۔

Translation: Get out of the house.

Root Word: Sanskrit 'bāhira'.

Synonyms: خارج, پرے"
"اندر","Translations:
EN: inside / in / within
AR: دَاخِل / جُوَّا
FR: dans / dedans / intérieur

Definition:
(EN) Adverb or postposition indicating a position within the limits of something.

Example: کمرے کے اندر آؤ۔

Translation: Come inside the room.

Root Word: Sanskrit 'antara'.

Synonyms: میں, درون"
"اوپر","Translations:
EN: above / on / up
AR: فَوْق / عَلَى
FR: au-dessus / sur / haut

Definition:
(EN) Adverb or postposition indicating a higher position or surface.

Example: چھت کے اوپر۔

Translation: On top of the roof.

Root Word: Sanskrit 'upari'.

Synonyms: پر, بالا"
"نیچے","Translations:
EN: below / under / down
AR: تَحْت / أَسْفَل
FR: sous / en dessous / bas

Definition:
(EN) Adverb or postposition indicating a lower position or rank.

Example: میز کے نیچے۔

Translation: Under the table.

Root Word: Sanskrit 'nīca'.

Synonyms: تلے, زیر"
"پیچھے","Translations:
EN: behind / back / ago
AR: خَلْف / وَرَاء
FR: derrière / arrière / il y a

Definition:
(EN) Adverb or postposition indicating a position at the back or a past time.

Example: میرے پیچھے آؤ۔

Translation: Come behind me.

Root Word: Sanskrit 'paścāt'.

Synonyms: عقب, پچھلا"
"آگے","Translations:
EN: in front / ahead / forward
AR: أَمَام / قُدَّام
FR: devant / en avant

Definition:
(EN) Adverb or postposition indicating a position at the front or a future time.

Example: آگے دیکھو۔

Translation: Look ahead.

Root Word: Sanskrit 'agra'.

Synonyms: سامنے, پیش"
"درمیان","Translations:
EN: between / middle / among
AR: بَيْنَ / وَسَط
FR: entre / parmi / milieu

Definition:
(EN) Postposition indicating a central position or inclusion within a group.

Example: دو شہروں کے درمیان۔

Translation: Between two cities.

Root Word: Persian 'dar-miyān'.

Synonyms: بیچ, مابین"
"بیچ","Translations:
EN: middle / center / in
AR: وَسَط / فِي
FR: milieu / centre

Definition:
(EN) Noun or postposition referring to the central point or interior.

Example: سمندر کے بیچ میں۔

Translation: In the middle of the sea.

Root Word: Sanskrit 'madhya'.

Synonyms: درمیان, وسط"
"آس پاس","Translations:
EN: around / nearby / vicinity
AR: حَوْل / قُرْب
FR: aux alentours / environ

Definition:
(EN) Adverbial phrase indicating proximity or the surrounding area.

Example: آس پاس کوئی نہیں ہے۔

Translation: There is no one around.

Root Word: Indo-Aryan origin.

Synonyms: ارد گرد, قریب"
"ارد گرد","Translations:
EN: around / surrounding
AR: حَوْل
FR: autour de

Definition:
(EN) Adverb or postposition indicating a position encircling something.

Example: گھر کے ارد گرد دیوار۔

Translation: A wall around the house.

Root Word: Persian 'gird'.

Synonyms: آس پاس, چاروں طرف"
"طرف","Translations:
EN: side / direction / towards
AR: جِهَة / جَانِب / نَحْو
FR: côté / direction / vers

Definition:
(EN) Noun or postposition indicating a specific direction or part of something.

Example: اس طرف دیکھو۔

Translation: Look towards this side.

Root Word: Arabic 'ṭaraf'.

Synonyms: جانب, سمت"
"جانب","Translations:
EN: side / direction / towards
AR: جَانِب
FR: côté / vers

Definition:
(EN) Noun or postposition similar to 'taraf', indicating a specific direction or party.

Example: میری جانب سے۔

Translation: From my side.

Root Word: Arabic 'jānib'.

Synonyms: طرف, سمت"
"جگہ","Translations:
EN: place / location / stead
AR: مَكَان
FR: lieu / endroit / place

Definition:
(EN) Noun referring to a specific point in space or a position occupied by someone.

Example: یہ اچھی جگہ ہے۔

Translation: This is a good place.

Root Word: Persian 'jā-gah'.

Synonyms: مقام, موقع"
"وقت","Translations:
EN: time / period / occasion
AR: وَقْت / زَمَن
FR: temps / époque

Definition:
(EN) Noun referring to the indefinite continued progress of existence or a specific point in time.

Example: وقت کی قدر کرو۔

Translation: Value (the) time.

Root Word: Arabic 'waqt'.

Synonyms: زمانہ, عرصہ"
"دن","Translations:
EN: day
AR: يَوْم
FR: jour / journée

Definition:
(EN) Noun referring to the period of twenty-four hours or the daylight hours.

Example: آج کا دن اچھا ہے۔

Translation: Today's day is good.

Root Word: Sanskrit 'dina'.

Synonyms: روز, یوم"
"رات","Translations:
EN: night
AR: لَيْل
FR: nuit

Definition:
(EN) Noun referring to the period from sunset to sunrise.

Example: رات بہت اندھیری ہے۔

Translation: The night is very dark.

Root Word: Sanskrit 'rātri'.

Synonyms: شب, لیل"
"صبح","Translations:
EN: morning
AR: صَبَاح
FR: matin / matinée

Definition:
(EN) Noun referring to the earliest part of the day, from sunrise to noon.

Example: صبح سویرے اٹھو۔

Translation: Wake up early in the morning.

Root Word: Arabic 'ṣubḥ'.

Synonyms: سحر, پگاہ"
"شام","Translations:
EN: evening
AR: مَسَاء
FR: soir / soirée

Definition:
(EN) Noun referring to the period between late afternoon and night.

Example: شام کو ملتے ہیں۔

Translation: Let's meet in the evening.

Root Word: Persian 'shām'.

Synonyms: مسا, عصر"
"آج","Translations:
EN: today
AR: اليَوْمَ
FR: aujourd'hui

Definition:
(EN) Adverb or noun referring to the current day.

Example: آج چھٹی ہے۔

Translation: Today is a holiday.

Root Word: Sanskrit 'adya'.

Synonyms: اس دن, فی الحال"
"کل","Translations:
EN: tomorrow / yesterday
AR: غَدًا / أَمْسِ
FR: demain / hier

Definition:
(EN) Adverb or noun referring to the day before or the day after today (context dependent).

Example: کل میں آئوں گا۔

Translation: I will come tomorrow.

Root Word: Sanskrit 'kalya'.

Synonyms: گزشتہ کل, آئندہ کل"
"پرسوں","Translations:
EN: day after tomorrow / day before yesterday
AR: بَعْدَ الغَد / قَبْلَ أَمْس
FR: après-demain / avant-hier

Definition:
(EN) Adverb referring to the day two days away from the current one.

Example: پرسوں میرا امتحان ہے۔

Translation: My exam is the day after tomorrow.

Root Word: Sanskrit 'parah-śvas'.

Synonyms: (none)"
"ہفتہ","Translations:
EN: week / Saturday
AR: أُسْبُوع / السَّبْت
FR: semaine / samedi

Definition:
(EN) Noun referring to a period of seven days or the specific day Saturday.

Example: ایک ہفتے میں سات دن ہوتے ہیں۔

Translation: There are seven days in a week.

Root Word: Persian 'hafta' (seven-day period).

Synonyms: سبت, ہفتہ وار"
"مہینہ","Translations:
EN: month
AR: شَهْر
FR: mois

Definition:
(EN) Noun referring to one of the twelve periods into which a year is divided.

Example: یہ مہینہ بہت مصروف ہے۔

Translation: This month is very busy.

Root Word: Sanskrit 'māsa'.

Synonyms: ماہ, قمری مہینہ"
"سال","Translations:
EN: year
AR: سَنَة / عَام
FR: an / année

Definition:
(EN) Noun referring to the period of 365 days or twelve months.

Example: نیا سال مبارک۔

Translation: Happy New Year.

Root Word: Persian 'sāl'.

Synonyms: برس, سن"
"کبھی کبھار","Translations:
EN: occasionally / once in a while
AR: بَيْنَ الحِينِ وَالآخَرِ
FR: de temps en temps

Definition:
(EN) Adverbial phrase indicating that an action happens infrequently.

Example: میں کبھی کبھار وہاں جاتا ہوں۔

Translation: I go there occasionally.

Root Word: Indo-Aryan origin.

Synonyms: کبھی کبھی, شاذ و نادر"
"اکثر","Translations:
EN: often / mostly / majority
AR: غَالِبًا / أَكْثَر
FR: souvent / la plupart

Definition:
(EN) Adverb or adjective meaning frequently or referring to the greater part of something.

Example: وہ اکثر یہاں آتا ہے۔

Translation: He often comes here.

Root Word: Arabic 'akthar'.

Synonyms: زیادہ تر, بار بار"
"روزانہ","Translations:
EN: daily / every day
AR: يَوْمِيًّا
FR: quotidiennement / chaque jour

Definition:
(EN) Adverb or adjective indicating that an action occurs every single day.

Example: روزانہ ورزش کرو۔

Translation: Exercise daily.

Root Word: Persian 'roz' + '-āna'.

Synonyms: ہر روز, یومیہ"
"شاید","Translations:
EN: perhaps / maybe
AR: رُبَّمَا / لَعَلَّ
FR: peut-être

Definition:
(EN) Adverb used to express uncertainty or possibility.

Example: شاید وہ کل آئے۔

Translation: Perhaps he will come tomorrow.

Root Word: Persian 'shāyad'.

Synonyms: ممکن ہے, لعل"
"لوگ","Translations:
EN: people / folk
AR: نَاس / أَشْخَاص
FR: gens / personnes

Definition:
(EN) Plural noun referring to human beings in general or a particular group.

Example: یہاں بہت لوگ ہیں۔

Translation: There are many people here.

Root Word: Sanskrit 'loka'.

Synonyms: عوام, اشخاص"
"کام","Translations:
EN: work / job / task
AR: عَمَل / شُغْل
FR: travail / tâche

Definition:
(EN) Noun referring to an activity involving mental or physical effort done to achieve a result.

Example: اپنا کام کرو۔

Translation: Do your work.

Root Word: Sanskrit 'karma'.

Synonyms: شغل, وظیفہ"
"بات","Translations:
EN: talk / word / matter / thing
AR: كَلَام / أَمْر
FR: parole / chose / affaire

Definition:
(EN) Noun referring to something spoken, a matter of discussion, or a specific situation.

Example: میری بات سنو۔

Translation: Listen to my word (Listen to me).

Root Word: Sanskrit 'vārttā'.

Synonyms: کلام, گفتگو"
"نام","Translations:
EN: name / reputation
AR: اِسْم
FR: nom

Definition:
(EN) Noun referring to the word or set of words by which a person, place, or thing is known.

Example: آپ کا نام کیا ہے؟

Translation: What is your name?

Root Word: Sanskrit 'nāman'.

Synonyms: پکار, تسمیہ"
"گھر","Translations:
EN: house / home
AR: بَيْت / مَنْزِل
FR: maison / foyer

Definition:
(EN) Noun referring to a building for human habitation or the place where one lives.

Example: یہ میرا گھر ہے۔

Translation: This is my house.

Root Word: Sanskrit 'gṛha'.

Synonyms: مکان, بیت"
"شہر","Translations:
EN: city / town
AR: مَدِينَة
FR: ville

Definition:
(EN) Noun referring to a large human settlement, typically bigger than a village.

Example: لاہور ایک بڑا شہر ہے۔

Translation: Lahore is a big city.

Root Word: Persian 'shahr'.

Synonyms: نگر, بلدیہ"
"ملک","Translations:
EN: country / nation / kingdom
AR: بَلَد / دَوْلَة
FR: pays / nation

Definition:
(EN) Noun referring to a nation with its own government, occupying a particular territory.

Example: میرا ملک پاکستان ہے۔

Translation: My country is Pakistan.

Root Word: Arabic 'mulk'.

Synonyms: وطن, دیار"
"دنیا","Translations:
EN: world / universe
AR: عَالَم / دُنْيَا
FR: monde / univers

Definition:
(EN) Noun referring to the earth and all the people and things on it.

Example: دنیا بہت بڑی ہے۔

Translation: The world is very big.

Root Word: Arabic 'dunyā'.

Synonyms: جہاں, کائنات"
"زندگی","Translations:
EN: life / existence
AR: حَيَاة
FR: vie / existence

Definition:
(EN) Noun referring to the condition that distinguishes animals and plants from inorganic matter.

Example: زندگی خوبصورت ہے۔

Translation: Life is beautiful.

Root Word: Persian 'zinda-gī'.

Synonyms: حیات, زیست"
"آدمی","Translations:
EN: man / person / human
AR: رَجُل / بَشَر
FR: homme / personne

Definition:
(EN) Noun referring to an adult male human being or any human person.

Example: وہ ایک اچھا آدمی ہے۔

Translation: He is a good man.

Root Word: Arabic 'ādamī' (son of Adam).

Synonyms: مرد, انسان"
"عورت","Translations:
EN: woman
AR: اِمْرَأَة / نِسَاء
FR: femme

Definition:
(EN) Noun referring to an adult female human being.

Example: وہ ایک بہادر عورت ہے۔

Translation: She is a brave woman.

Root Word: Arabic 'ʿawrat'.

Synonyms: خاتون, ناری"
"بچہ","Translations:
EN: child / baby / kid
AR: طِفْل / وَلَد
FR: enfant / bébé

Definition:
(EN) Noun referring to a young human being below the age of puberty.

Example: بچہ رو رہا ہے۔

Translation: The child is crying.

Root Word: Persian 'bacha'.

Synonyms: طفل, بالک"
"دوست","Translations:
EN: friend
AR: صَدِيق
FR: ami / amie

Definition:
(EN) Noun referring to a person with whom one has a bond of mutual affection.

Example: تم میرے بہترین دوست ہو۔

Translation: You are my best friend.

Root Word: Persian 'dost'.

Synonyms: یار, رفیق"
"دشمن","Translations:
EN: enemy / foe
AR: عَدُوّ
FR: ennemi

Definition:
(EN) Noun referring to a person who is actively opposed or hostile to someone or something.

Example: دشمن سے بچو۔

Translation: Avoid the enemy.

Root Word: Persian 'dushman'.

Synonyms: عدو, مخالف"
"خاندان","Translations:
EN: family / lineage
AR: عَائِلَة / أُسْرَة
FR: famille

Definition:
(EN) Noun referring to a group of one or more parents and their children living together as a unit.

Example: میرا خاندان بڑا ہے۔

Translation: My family is big.

Root Word: Persian 'khāndān'.

Synonyms: کنبہ, گھرانہ"
"کھانا","Translations:
EN: to eat / food
AR: أَكَلَ / طَعَام
FR: manger / nourriture

Definition:
(EN) Verb meaning to consume food, or a noun referring to the food itself.

Example: کھانا تیار ہے۔

Translation: The food is ready.

Root Word: Sanskrit 'khādana'.

Synonyms: تناول کرنا, طعام"
"پینا","Translations:
EN: to drink
AR: شَرِبَ
FR: boire

Definition:
(EN) Verb expressing the act of swallowing liquid.

Example: پانی پینا صحت کے لیے اچھا ہے۔

Translation: Drinking water is good for health.

Root Word: Sanskrit 'pāna'.

Synonyms: نوش کرنا, مشروب"
"سونا","Translations:
EN: to sleep / gold
AR: نَامَ / ذَهَب
FR: dormir / or

Definition:
(EN) Verb meaning to rest in sleep, or a noun referring to the precious metal gold.

Example: میں سونا چاہتا ہوں۔

Translation: I want to sleep.

Root Word: Sanskrit 'svapna' (sleep) / 'suvarṇa' (gold).

Synonyms: آرام کرنا, نیند"
"بولنا","Translations:
EN: to speak / to talk
AR: تَكَلَّمَ
FR: parler

Definition:
(EN) Verb expressing the act of producing words or sounds to communicate.

Example: سچ بولنا چاہیے۔

Translation: One should speak the truth.

Root Word: Indo-Aryan origin.

Synonyms: گفتگو کرنا, پکارنا"
"کہنا","Translations:
EN: to say / to tell
AR: قَالَ
FR: dire

Definition:
(EN) Verb expressing the act of uttering words or giving information.

Example: اس نے مجھ سے کہا۔

Translation: He said to me.

Root Word: Sanskrit 'kathana'.

Synonyms: بتانا, ذکر کرنا"
"دیکھنا","Translations:
EN: to see / to look / to watch
AR: رَأَى / نَظَرَ
FR: voir / regarder

Definition:
(EN) Verb expressing the act of perceiving with the eyes or directing gaze toward something.

Example: ٹی وی دیکھنا۔

Translation: To watch TV.

Root Word: Sanskrit 'dṛk' (sight).

Synonyms: نظر کرنا, مشاہدہ کرنا"
"سننا","Translations:
EN: to listen / to hear
AR: سَمِعَ / اِسْتَمَعَ
FR: écouter / entendre

Definition:
(EN) Verb expressing the perception of sound or paying attention to audio.

Example: میری بات سنو۔

Translation: Listen to me.

Root Word: Sanskrit 'śravaṇa'.

Synonyms: گوش گزار کرنا, سماعت"
"پڑھنا","Translations:
EN: to read / to study / to fall
AR: قَرَأَ / دَرَسَ / سَقَطَ
FR: lire / étudier / tomber

Definition:
(EN) Verb expressing the act of reading text or studying a subject. (Also used for falling).

Example: کتاب پڑھنا۔

Translation: To read a book.

Root Word: Sanskrit 'paṭhana'.

Synonyms: مطالعہ کرنا, سبق لینا"
"لکھنا","Translations:
EN: to write
AR: كَتَبَ
FR: écrire

Definition:
(EN) Verb expressing the act of forming letters or words on a surface.

Example: خط لکھنا۔

Translation: To write a letter.

Root Word: Sanskrit 'lekhana'.

Synonyms: تحریر کرنا, قلمبند کرنا"
"چلنا","Translations:
EN: to walk / to move / to work (function)
AR: مَشَى / تَمَشَّى / عَمِلَ
FR: marcher / fonctionner

Definition:
(EN) Verb expressing motion on foot or the operation of a machine/plan.

Example: میرے ساتھ چلو۔

Translation: Walk with me.

Root Word: Sanskrit 'calana'.

Synonyms: ٹہلنا, رواں ہونا"
"جانا","Translations:
EN: to go
AR: ذَهَبَ
FR: aller

Definition:
(EN) Verb expressing motion away from the speaker or toward a destination.

Example: میں اسکول جاتا ہوں۔

Translation: I go to school.

Root Word: Sanskrit 'yāna'.

Synonyms: روانہ ہونا, سدھارنا"
"آنا","Translations:
EN: to come
AR: جَاءَ / أَتَى
FR: venir

Definition:
(EN) Verb expressing motion toward the speaker or the current location.

Example: اندر آؤ۔

Translation: Come inside.

Root Word: Sanskrit 'ā-yāna'.

Synonyms: تشریف لانا, وارد ہونا"
"لانا","Translations:
EN: to bring
AR: أَحْضَرَ / جَاءَ بِـ
FR: apporter / amener

Definition:
(EN) Verb meaning to carry something to the speaker or a destination.

Example: پانی لائو۔

Translation: Bring (the) water.

Root Word: Sanskrit 'lāyana'.

Synonyms: پیش کرنا, لے آنا"
"لینا","Translations:
EN: to take / to receive
AR: أَخَذَ
FR: prendre / recevoir

Definition:
(EN) Verb meaning to lay hold of something or to accept a gift/item.

Example: یہ قلم لے لو۔

Translation: Take this pen.

Root Word: Sanskrit 'lāyana'.

Synonyms: حاصل کرنا, پکڑنا"
"دینا","Translations:
EN: to give
AR: أَعْطَى
FR: donner

Definition:
(EN) Verb meaning to transfer ownership of something to someone else.

Example: مجھے اپنی کتاب دو۔

Translation: Give me your book.

Root Word: Sanskrit 'dāna'.

Synonyms: عطا کرنا, بخشنا"
"سوچنا","Translations:
EN: to think / to ponder
AR: فَكَّرَ / تَأَمَّلَ
FR: penser / réfléchir

Definition:
(EN) Verb expressing the act of using one's mind to form ideas or consider something.

Example: اس بارے میں سوچو۔

Translation: Think about this.

Root Word: Sanskrit 'socana'.

Synonyms: غوروخوض کرنا, خیال کرنا"
"سمجھنا","Translations:
EN: to understand / to consider
AR: فَهِمَ / اِعْتَبَرَ
FR: comprendre / considérer

Definition:
(EN) Verb expressing the act of grasping a meaning or having an opinion about something.

Example: کیا تم سمجھے؟

Translation: Did you understand?

Root Word: Sanskrit 'sambudhyate'.

Synonyms: بوجھنا, ادراک کرنا"
"جاننا","Translations:
EN: to know
AR: عَرَفَ / عَلِمَ
FR: savoir / connaître

Definition:
(EN) Verb expressing the state of having knowledge or being familiar with something.

Example: میں اسے جانتا ہوں۔

Translation: I know him/it.

Root Word: Sanskrit 'jñāna'.

Synonyms: علم رکھنا, پہچاننا"
"پہنچنا","Translations:
EN: to arrive / to reach
AR: وَصَلَ
FR: arriver / atteindre

Definition:
(EN) Verb expressing the act of reaching a destination or a specific level.

Example: وہ گھر پہنچ گیا۔

Translation: He reached home.

Root Word: Sanskrit 'prapañca'.

Synonyms: وارد ہونا, رسائی پانا"
"ٹھہرنا","Translations:
EN: to stay / to wait / to stop
AR: بَقِيَ / اِنْتَظَرَ / تَوَقَّفَ
FR: rester / attendre / s'arrêter

Definition:
(EN) Verb expressing the act of staying in a place or waiting for someone/something.

Example: یہاں ٹھہرو۔

Translation: Stay (Wait) here.

Root Word: Sanskrit 'sthirī-bhūta'.

Synonyms: رکنا, انتظار کرنا"
"رہنا","Translations:
EN: to live / to stay / to remain
AR: سَكَنَ / بَقِيَ
FR: vivre / rester / demeurer

Definition:
(EN) Verb expressing residency in a place or the continuation of a state.

Example: میں لندن میں رہتا ہوں۔

Translation: I live in London.

Root Word: Sanskrit 'rahana'.

Synonyms: بسنا, سکونت اختیار کرنا"
"بیٹھنا","Translations:
EN: to sit
AR: جَلَسَ
FR: s'asseoir

Definition:
(EN) Verb expressing the act of resting one's weight on buttocks rather than feet.

Example: کرسی پر بیٹھو۔

Translation: Sit on the chair.

Root Word: Sanskrit 'upaviśati'.

Synonyms: براجمان ہونا, نشست کرنا"
"کھڑے ہونا","Translations:
EN: to stand / to stand up
AR: قَامَ / وَقَفَ
FR: se tenir debout / se lever

Definition:
(EN) Compound verb expressing the act of being on one's feet or rising from a sitting position.

Example: وہ لائن میں کھڑا ہے۔

Translation: He is standing in the line.

Root Word: Sanskrit 'sthitā'.

Synonyms: اٹھنا, ایستادہ ہونا"
"لیٹنا","Translations:
EN: to lie down
AR: اِسْتَلْقَى
FR: s'allonger

Definition:
(EN) Verb expressing the act of resting one's body in a horizontal position.

Example: بستر پر لیٹ جاؤ۔

Translation: Lie down on the bed.

Root Word: Sanskrit 'leṭa'.

Synonyms: دراز ہونا, آرام کرنا"
"اٹھنا","Translations:
EN: to get up / to rise / to wake up
AR: اِسْتَيْقَظَ / نَهَضَ
FR: se lever / se réveiller

Definition:
(EN) Verb expressing the act of rising from bed or a sitting/lying position.

Example: وہ صبح سویرے اٹھتا ہے۔

Translation: He gets up early in the morning.

Root Word: Sanskrit 'ut-sthā'.

Synonyms: جاگنا, بیدار ہونا"
"گرنا","Translations:
EN: to fall
AR: سَقَطَ
FR: tomber

Definition:
(EN) Verb expressing an uncontrolled downward motion toward the ground.

Example: درخت سے پھل گرا۔

Translation: Fruit fell from the tree.

Root Word: Sanskrit 'galana'.

Synonyms: پٹخنا, نیچے آنا"
"پکڑنا","Translations:
EN: to catch / to hold / to grab
AR: أَمْسَكَ / قَبَضَ
FR: attraper / tenir / saisir

Definition:
(EN) Verb expressing the act of taking hold of something with the hands.

Example: گیند پکڑو۔

Translation: Catch the ball.

Root Word: Sanskrit 'prakṛti'.

Synonyms: تھامنا, گرفت کرنا"
"چھوڑنا","Translations:
EN: to leave / to let go / to abandon
AR: تَرَكَ / هَجَرَ
FR: laisser / quitter / abandonner

Definition:
(EN) Verb expressing the act of departing from a place or releasing something.

Example: اسے یہاں چھوڑ دو۔

Translation: Leave it here.

Root Word: Sanskrit 'chūṭa'.

Synonyms: تیاگنا, دستبردار ہونا"
"ڈھونڈنا","Translations:
EN: to search / to look for / to find
AR: بَحَثَ عَنْ
FR: chercher / rechercher

Definition:
(EN) Verb expressing the act of trying to find someone or something.

Example: میں اپنی چابیاں ڈھونڈ رہا ہوں۔

Translation: I am looking for my keys.

Root Word: Indo-Aryan origin.

Synonyms: تلاش کرنا, کھوجنا"
"پانا","Translations:
EN: to find / to get / to obtain
AR: وَجَدَ / حَصَلَ
FR: trouver / obtenir

Definition:
(EN) Verb expressing the act of discovering something or receiving something sought.

Example: میں نے اسے پا لیا۔

Translation: I found (got) it.

Root Word: Sanskrit 'prāpana'.

Synonyms: حاصل کرنا, ڈھونڈ نکالنا"
"مانگنا","Translations:
EN: to ask for / to beg / to request
AR: طَلَبَ / سَأَلَ
FR: demander / mendier

Definition:
(EN) Verb expressing the act of asking someone for something or requesting a gift/favor.

Example: اس سے مدد مانگو۔

Translation: Ask him for help.

Root Word: Sanskrit 'mārgatī'.

Synonyms: طلب کرنا, سوال کرنا"
"پوچھنا","Translations:
EN: to ask / to inquire
AR: سَأَلَ / اِسْتَفْسَرَ
FR: demander / interroger

Definition:
(EN) Verb expressing the act of putting a question to someone to get information.

Example: راستہ پوچھو۔

Translation: Ask (the) way.

Root Word: Sanskrit 'pṛcchati'.

Synonyms: استفسار کرنا, دریافت کرنا"
"بتانا","Translations:
EN: to tell / to inform / to point out
AR: أَخْبَرَ / أَنْبَأَ
FR: dire / informer / indiquer

Definition:
(EN) Verb used to provide information or facts to someone verbally or by demonstration.

Example: مجھے سچ بتائو۔

Translation: Tell me the truth.

Root Word: Sanskrit 'vittā-pana'.

Synonyms: جتانا, ظاہر کرنا"
"سکھانا","Translations:
EN: to teach / to train
AR: عَلَّمَ / دَرَّسَ
FR: enseigner / apprendre à quelqu'un

Definition:
(EN) Verb expressing the act of imparting knowledge or a skill to someone else.

Example: اسے اردو سکھاؤ۔

Translation: Teach him Urdu.

Root Word: Sanskrit 'śikṣā-pana'.

Synonyms: پڑھانا, تعلیم دینا"
"سیکھنا","Translations:
EN: to learn
AR: تَعَلَّمَ
FR: apprendre

Definition:
(EN) Verb expressing the act of acquiring knowledge or a skill through study/experience.

Example: میں اردو سیکھ رہا ہوں۔

Translation: I am learning Urdu.

Root Word: Sanskrit 'śikṣati'.

Synonyms: تعلیم پانا, علم حاصل کرنا"
"جیتنا","Translations:
EN: to win / to be victorious
AR: فَازَ / اِنْتَصَرَ
FR: gagner / vaincre

Definition:
(EN) Verb expressing the act of being successful in a contest, conflict, or game.

Example: ہم میچ جیت گئے۔

Translation: We won the match.

Root Word: Sanskrit 'jayati'.

Synonyms: فتح پانا, کامیاب ہونا"
"ہارنا","Translations:
EN: to lose (defeat) / to fail
AR: خَسِرَ / هُزِمَ
FR: perdre / être vaincu

Definition:
(EN) Verb meaning to be defeated in a contest or to fail to achieve a goal.

Example: وہ بازی ہار گیا۔

Translation: He lost the game.

Root Word: Sanskrit 'harati'.

Synonyms: شکست کھانا, ناکام ہونا"
"کھونا","Translations:
EN: to lose (object) / to misplace
AR: فَقَدَ / أَضَاعَ
FR: perdre (objet)

Definition:
(EN) Verb meaning to no longer have something because you do not know where it is.

Example: اس نے اپنی چابی کھو دی۔

Translation: He lost his key.

Root Word: Sanskrit 'kṣapayati'.

Synonyms: گنوانا, ضائع کرنا"
"پکارنا","Translations:
EN: to call out / to shout / to name
AR: نَادَى / صَرَخَ
FR: appeler / crier

Definition:
(EN) Verb expressing the act of shouting or calling someone by name/attention.

Example: اسے نام سے پکارو۔

Translation: Call him by name.

Root Word: Indo-Aryan origin.

Synonyms: بلانا, آواز دینا"
"بلانا","Translations:
EN: to call / to invite / to summon
AR: دَعَا / نَادَى
FR: appeler / inviter

Definition:
(EN) Verb meaning to ask someone to come toward you or to attend an event.

Example: مہمانوں کو بلاؤ۔

Translation: Invite (Call) the guests.

Root Word: Indo-Aryan origin.

Synonyms: دعوت دینا, پکارنا"
"بھیجنا","Translations:
EN: to send
AR: أَرْسَلَ / بَعَثَ
FR: envoyer

Definition:
(EN) Verb expressing the act of causing something/someone to go to a destination.

Example: اسے خط بھیجو۔

Translation: Send him a letter.

Root Word: Sanskrit 'bheṣayati'.

Synonyms: روانہ کرنا, ارسا ل کرنا"
"خریدنا","Translations:
EN: to buy
AR: اِشْتَرَى
FR: acheter

Definition:
(EN) Verb meaning to obtain something in exchange for money.

Example: بازار سے سبزی خریدنا۔

Translation: To buy vegetables from the market.

Root Word: Persian 'kharīdan'.

Synonyms: مول لینا, خرید و فروخت کرنا"
"بیچنا","Translations:
EN: to sell
AR: بَاعَ
FR: vendre

Definition:
(EN) Verb meaning to transfer ownership of something in exchange for money.

Example: اپنا گھر بیچنا۔

Translation: To sell one's house.

Root Word: Sanskrit 'vikraya'.

Synonyms: فروخت کرنا, نیلام کرنا"
"کمانا","Translations:
EN: to earn / to gain
AR: كَسَبَ / رَبِحَ
FR: gagner / mériter

Definition:
(EN) Verb meaning to obtain money in return for labor or services.

Example: وہ بہت پیسے کماتا ہے۔

Translation: He earns a lot of money.

Root Word: Sanskrit 'karman'.

Synonyms: حاصل کرنا, نفع اٹھانا"
"خرچ کرنا","Translations:
EN: to spend (money / time)
AR: أَنْفَقَ / صَرَفَ
FR: dépenser

Definition:
(EN) Compound verb expressing the act of using money to pay for goods/services or consuming time/energy.

Example: وقت ضائع مت کرو، بلکہ خرچ کرو۔

Translation: Do not waste time, but spend it (wisely).

Root Word: Arabic 'kharch'.

Synonyms: صرف کرنا, اڑانا"
"بچانا","Translations:
EN: to save / to protect / to rescue
AR: أَنْقَذَ / حَمَى
FR: sauver / protéger / secourir

Definition:
(EN) Verb expressing the act of keeping someone/something safe from harm or saving money/time.

Example: اسے بچاؤ۔

Translation: Save him.

Root Word: Sanskrit 'vacyate'.

Synonyms: حفاظت کرنا, بچت کرنا"
"مارنا","Translations:
EN: to hit / to beat / to kill
AR: ضَرَبَ / قَتَلَ
FR: frapper / battre / tuer

Definition:
(EN) Verb expressing the act of striking someone or something, or taking a life.

Example: مچھر کو مارو۔

Translation: Kill the mosquito.

Root Word: Sanskrit 'mārayati'.

Synonyms: پیٹنا, قتل کرنا"
"لڑنا","Translations:
EN: to fight / to quarrel
AR: قَاتَلَ / تَشَاجَرَ
FR: se battre / se quereller

Definition:
(EN) Verb expressing physical combat or a verbal dispute between people.

Example: آپس میں مت لڑو۔

Translation: Do not fight with each other.

Root Word: Indo-Aryan origin.

Synonyms: جھگڑنا, مقابلہ کرنا"
"حاصل کرنا","Translations:
EN: to obtain / to get / to achieve
AR: حَصَلَ عَلَى / نَالَ
FR: obtenir / acquérir / atteindre

Definition:
(EN) Compound verb expressing the act of acquiring something through effort or naturally.

Example: تعلیم حاصل کرو۔

Translation: Obtain (Get) education.

Root Word: Arabic 'ḥāṣil'.

Synonyms: پانا, کمانا"
"استعمال کرنا","Translations:
EN: to use / to utilize
AR: اِسْتَعْمَلَ
FR: utiliser / employer

Definition:
(EN) Compound verb expressing the act of putting something to a purpose or service.

Example: اسے صحیح طریقے سے استعمال کرو۔

Translation: Use it correctly.

Root Word: Arabic 'istiʿmāl'.

Synonyms: کام میں لانا, برتنا"
"کوشش کرنا","Translations:
EN: to try / to attempt / to strive
AR: حَاوَلَ / جَهَدَ
FR: essayer / tenter / s'efforcer

Definition:
(EN) Compound verb expressing the act of making an effort to do something.

Example: دوبارہ کوشش کرو۔

Translation: Try again.

Root Word: Persian 'koshish'.

Synonyms: جدوجہد کرنا, سعی کرنا"
"مدد کرنا","Translations:
EN: to help / to assist / to aid
AR: سَاعَدَ
FR: aider / assister

Definition:
(EN) Compound verb expressing the act of providing support or assistance to someone.

Example: میری مدد کرو۔

Translation: Help me.

Root Word: Arabic 'madad'.

Synonyms: تعاون کرنا, دستگیری کرنا"
"انتظار کرنا","Translations:
EN: to wait / to expect
AR: اِنْتَظَرَ
FR: attendre

Definition:
(EN) Compound verb expressing the act of staying in a place until something happens or someone arrives.

Example: میرا انتظار کرنا۔

Translation: Wait for me.

Root Word: Arabic 'intiẓār'.

Synonyms: راہ دیکھنا, ٹھہرنا"
"شروع کرنا","Translations:
EN: to start / to begin / to initiate
AR: بَدَأَ
FR: commencer / débuter

Definition:
(EN) Compound verb indicating the commencement of an action or project.

Example: کام شروع کرو۔

Translation: Start (the) work.

Root Word: Arabic 'shurūʿ'.

Synonyms: آغاز کرنا, ابتدا کرنا"
"ختم کرنا","Translations:
EN: to finish / to end / to terminate
AR: أَنْهَى / خَتَمَ
FR: finir / terminer

Definition:
(EN) Compound verb expressing the act of bringing something to a conclusion or completion.

Example: سبق ختم کرو۔

Translation: Finish the lesson.

Root Word: Arabic 'khatm'.

Synonyms: پورا کرنا, نمٹانا"
"فیصلہ کرنا","Translations:
EN: to decide / to judge / to resolve
AR: قَرَّرَ / حَكَمَ
FR: décider / trancher

Definition:
(EN) Compound verb expressing the act of making a choice or settling a dispute.

Example: میں نے یہ فیصلہ کیا ہے۔

Translation: I have made this decision.

Root Word: Arabic 'faiṣala'.

Synonyms: طے کرنا, مصمم ارادہ کرنا"
"یاد کرنا","Translations:
EN: to remember / to memorize / to miss (someone)
AR: تَذَكَّرَ / حَفِظَ / اِشْتَاقَ
FR: se souvenir / mémoriser / manquer à

Definition:
(EN) Compound verb expressing the act of calling back to mind or learning by heart.

Example: اپنا سبق یاد کرو۔

Translation: Memorize (Learn) your lesson.

Root Word: Persian 'yād'.

Synonyms: حافظے میں لانا, حفظ کرنا"
"بھولنا","Translations:
EN: to forget / to err
AR: نَسِيَ / أَخْطَأَ
FR: oublier / se tromper

Definition:
(EN) Verb meaning to fail to remember something or to commit a mistake.

Example: مجھے مت بھولنا۔

Translation: Do not forget me.

Root Word: Sanskrit 'vismaraṇa'.

Synonyms: سہو کرنا, غفلت کرنا"
"معاف کرنا","Translations:
EN: to forgive / to pardon / to excuse
AR: سَامَحَ / غَفَرَ / عَذَرَ
FR: pardonner / excuser

Definition:
(EN) Compound verb expressing the act of ceasing to feel resentment against someone for an offense.

Example: مجھے معاف کر دو۔

Translation: Forgive (Excuse) me.

Root Word: Arabic 'muʿāf'.

Synonyms: درگزر کرنا, بخش دینا"
"پیار کرنا","Translations:
EN: to love / to fondle
AR: أَحَبَّ
FR: aimer / adorer

Definition:
(EN) Compound verb expressing affection or deep emotional attachment to someone.

Example: ماں اپنے بچے سے پیار کرتی ہے۔

Translation: A mother loves her child.

Root Word: Sanskrit 'priya'.

Synonyms: محبت کرنا, الفت رکھنا"
"ڈرنا","Translations:
EN: to fear / to be afraid / to dread
AR: خَافَ / خَشِيَ
FR: avoir peur / craindre

Definition:
(EN) Verb expressing the feeling of being afraid or worried about something dangerous or unpleasant.

Example: کتے سے مت ڈرو۔

Translation: Do not be afraid of the dog.

Root Word: Sanskrit 'darati'.

Synonyms: خوفزدہ ہونا, دہشت کھانا"
"ہنسنا","Translations:
EN: to laugh
AR: ضَحِكَ
FR: rire

Definition:
(EN) Verb expressing the act of making sounds and movements of the face that show amusement.

Example: وہ ہمیشہ ہنستا رہتا ہے۔

Translation: He is always laughing.

Root Word: Sanskrit 'hasati'.

Synonyms: قہقہہ لگانا, مسکرانا"
"رونا","Translations:
EN: to cry / to weep
AR: بَكَى
FR: pleurer

Definition:
(EN) Verb expressing the act of shedding tears due to sadness or pain.

Example: بچہ کیوں رو رہا ہے؟

Translation: Why is the child crying?

Root Word: Sanskrit 'rodana'.

Synonyms: گریہ کرنا, زار و قطار رونا"
"مسکرانا","Translations:
EN: to smile
AR: اِبْتَسَمَ
FR: sourire

Definition:
(EN) Verb meaning to form one's features into a pleased or kind expression.

Example: وہ دیکھ کر مسکرائی۔

Translation: She smiled upon seeing.

Root Word: Sanskrit 'smita'.

Synonyms: تبسم کرنا, ہنسنا"
"کھیلنا","Translations:
EN: to play
AR: لَعِبَ
FR: jouer

Definition:
(EN) Verb expressing engagement in an activity for enjoyment or sport.

Example: کیا تم کرکٹ کھیلتے ہو؟

Translation: Do you play cricket?

Root Word: Sanskrit 'khelati'.

Synonyms: سیرو تفریح کرنا, کودنا پھاندنا"
"گانا","Translations:
EN: to sing / song
AR: غَنَّى / أُغْنِيَة
FR: chanter / chanson

Definition:
(EN) Verb expressing the act of making musical sounds with the voice, or the noun for the song itself.

Example: ایک گانا گاؤ۔

Translation: Sing a song.

Root Word: Sanskrit 'gāna'.

Synonyms: نغمہ سرائی کرنا, گیت"
"ناچنا","Translations:
EN: to dance
AR: رَقَصَ
FR: danser

Definition:
(EN) Verb expressing the act of moving rhythmically to music.

Example: وہ اچھا ناچتی ہے۔

Translation: She dances well.

Root Word: Sanskrit 'nṛtyati'.

Synonyms: رقص کرنا, جھومنا"
"تیرنا","Translations:
EN: to swim / to float
AR: سَبَحَ / عَامَ
FR: nager / flotter

Definition:
(EN) Verb expressing the act of moving through water using bodily movements.

Example: مجھے تیرنا نہیں آتا۔

Translation: I do not know how to swim.

Root Word: Sanskrit 'tarati'.

Synonyms: پیراکی کرنا, بہنا"
"اڑنا","Translations:
EN: to fly
AR: طَارَ
FR: voler

Definition:
(EN) Verb expressing the act of moving through the air using wings or an aircraft.

Example: پرندے ہوا میں اڑ رہے ہیں۔

Translation: Birds are flying in the air.

Root Word: Sanskrit 'uḍḍīna'.

Synonyms: پرواز کرنا, فضا میں جانا"
"دوڑنا","Translations:
EN: to run
AR: جَرَى / رَكَضَ
FR: courir

Definition:
(EN) Verb expressing the act of moving rapidly on foot.

Example: تیز دوڑو۔

Translation: Run fast.

Root Word: Sanskrit 'dhavati' (influenced by 'dauṛ').

Synonyms: بھاگنا, لپکنا"
"کودنا","Translations:
EN: to jump / to leap
AR: قَفَزَ
FR: sauter

Definition:
(EN) Verb expressing a sudden movement off the ground using legs.

Example: دیوار سے مت کودو۔

Translation: Do not jump from the wall.

Root Word: Sanskrit 'kūrdati'.

Synonyms: چھلانگ لگانا, پھلانگنا"
"چڑھنا","Translations:
EN: to climb / to rise / to board
AR: صَعِدَ / رَكِبَ
FR: monter / grimper

Definition:
(EN) Verb expressing an upward motion or getting onto a vehicle.

Example: پہاڑ پر چڑھنا مشکل ہے۔

Translation: Climbing a mountain is difficult.

Root Word: Sanskrit 'caḍati'.

Synonyms: اوپر جانا, سوار ہونا"
"اترنا","Translations:
EN: to descend / to get off / to land
AR: نَزَلَ / هَبَطَ
FR: descendre / débarquer

Definition:
(EN) Verb expressing motion from a higher to a lower position or exiting a vehicle.

Example: بس سے اترو۔

Translation: Get off the bus.

Root Word: Sanskrit 'uttarati'.

Synonyms: نیچے آنا, مراجعت کرنا"
"مڑنا","Translations:
EN: to turn / to bend
AR: اِلْتَفَتَ / لَفَّ
FR: tourner / plier

Definition:
(EN) Verb expressing a change in direction or the act of curving something.

Example: بائیں طرف مڑو۔

Translation: Turn toward the left.

Root Word: Sanskrit 'muṭati'.

Synonyms: گھومنا, انحراف کرنا"
"رکنا","Translations:
EN: to stop / to stay / to halt
AR: تَوَقَّفَ / رَكَدَ
FR: s'arrêter / stagner

Definition:
(EN) Verb expressing the cessation of motion or an activity.

Example: یہاں رکو۔

Translation: Stop here.

Root Word: Sanskrit 'rukya'.

Synonyms: ٹھہرنا, تھمنا"
"خیال کرنا","Translations:
EN: to imagine / to think / to care
AR: تَخَيَّلَ / اِهْتَمَّ
FR: imaginer / s'occuper de

Definition:
(EN) Compound verb meaning to form a mental image, to hold an opinion, or to take care of someone/something.

Example: میرا خیال ہے کہ وہ ٹھیک ہے۔

Translation: I think (My opinion is) that he is fine.

Root Word: Arabic 'khayāl'.

Synonyms: سوچنا, گمان کرنا"
"پہچاننا","Translations:
EN: to recognize / to identify
AR: تَعَرَّفَ عَلَى
FR: reconnaître / identifier

Definition:
(EN) Verb expressing the act of knowing someone or something from previous experience.

Example: کیا تم نے مجھے پہچانا؟

Translation: Did you recognize me?

Root Word: Sanskrit 'praty-abhijñāna'.

Synonyms: شناخت کرنا, امتیاز کرنا"
"معلوم ہونا","Translations:
EN: to be known / to find out / to seem
AR: عُلِمَ / بَدَا
FR: être connu / paraître

Definition:
(EN) Compound verb indicating that information has become clear or how something appears to be.

Example: مجھے یہ معلوم نہیں تھا۔

Translation: I did not know this (This was not known to me).

Root Word: Arabic 'maʿlūm'.

Synonyms: پتا ہونا, خبر ہونا"
"دکھانا","Translations:
EN: to show / to display
AR: أَرَى / عَرَضَ
FR: montrer / exposer

Definition:
(EN) Causative verb used to make something visible or to demonstrate an action to someone.

Example: مجھے اپنا گھر دکھاؤ۔

Translation: Show me your house.

Root Word: Sanskrit 'darśana'.

Synonyms: ظاہر کرنا, نمائش کرنا"
"سمجھانا","Translations:
EN: to explain / to make someone understand / to counsel
AR: شَرَحَ / نَصَحَ
FR: expliquer / conseiller

Definition:
(EN) Causative verb used to clarify a point or to give advice/guidance to someone.

Example: اسے بات سمجھاؤ۔

Translation: Explain the matter to him.

Root Word: Sanskrit 'sambodhana'.

Synonyms: تشریح کرنا, جتانا"
"سنانا","Translations:
EN: to recite / to tell (auditory) / to make someone hear
AR: أَسْمَعَ / تَلَا
FR: faire entendre / réciter

Definition:
(EN) Causative verb meaning to cause someone to hear something, often by reciting a story or poem.

Example: مجھے ایک کہانی سناؤ۔

Translation: Tell (Recite) me a story.

Root Word: Sanskrit 'śrāvaṇa'.

Synonyms: بیان کرنا, تلاوت کرنا"
"کھلانا","Translations:
EN: to feed / to make someone play
AR: أَطْعَمَ / جَعَلَهُ يَلْعَبُ
FR: nourrir / faire jouer

Definition:
(EN) Causative verb meaning to give food to someone or to facilitate play/entertainment.

Example: بچے کو کھانا کھلاؤ۔

Translation: Feed the child.

Root Word: Sanskrit 'khādana'.

Synonyms: طعام دینا, ضیافت کرنا"
"پلانا","Translations:
EN: to give a drink / to water
AR: أَسْقَى
FR: donner à boire

Definition:
(EN) Causative verb meaning to make someone drink a liquid or to water plants/animals.

Example: مہمان کو پانی پلاؤ۔

Translation: Give the guest some water (to drink).

Root Word: Sanskrit 'pāyana'.

Synonyms: سیراب کرنا, شربت پیش کرنا"
"سلانا","Translations:
EN: to put to sleep
AR: أَنَامَ
FR: endormir / coucher

Definition:
(EN) Causative verb meaning to cause someone (usually a child) to go to sleep.

Example: بچے کو سلا دو۔

Translation: Put the child to sleep.

Root Word: Sanskrit 'svāpana'.

Synonyms: لوری دینا, نیند لانا"
"بٹھانا","Translations:
EN: to make someone sit / to seat
AR: أَجْلَسَ
FR: faire asseoir

Definition:
(EN) Causative verb meaning to cause someone to take a seat or to establish something in a place.

Example: مہمان کو کرسی پر بٹھاؤ۔

Translation: Seat the guest on the chair.

Root Word: Sanskrit 'upaveśana'.

Synonyms: بٹھا دینا, جگہ دینا"
"اٹھانا","Translations:
EN: to lift / to wake someone up / to bear
AR: رَفَعَ / أَيْقَظَ / تَحَمَّلَ
FR: soulever / réveiller / supporter

Definition:
(EN) Causative verb meaning to raise something physically or to awaken someone from sleep.

Example: اپنا بیگ اٹھاؤ۔

Translation: Lift (Pick up) your bag.

Root Word: Sanskrit 'ut-sthāpana'.

Synonyms: بیدار کرنا, برداشت کرنا"
"منگوانا","Translations:
EN: to order / to send for / to have something brought
AR: طَلَبَ إِحْضَار
FR: commander / faire venir

Definition:
(EN) Double causative verb meaning to cause someone to bring or send for an item/person.

Example: بازار سے چیزیں منگواؤ۔

Translation: Have the things brought from the market.

Root Word: Sanskrit 'mārgāpana'.

Synonyms: طلب کرنا, منگانا"
"بھجوانا","Translations:
EN: to cause to be sent
AR: جَعَلَهُ يُرْسِلُ
FR: faire envoyer

Definition:
(EN) Double causative verb meaning to arrange for someone to send something to another place.

Example: یہ پارسل بھجوا دو۔

Translation: Have this parcel sent.

Root Word: Indo-Aryan origin.

Synonyms: ارسال کروانا, بھیجنا"
"دکھلانا","Translations:
EN: to show / to exhibit / to manifest
AR: أَرَاهُ / كَشَفَ
FR: montrer / faire voir

Definition:
(EN) Emphatic form of 'dikhānā', used to mean showing something clearly or making it manifest.

Example: اپنا کمال دکھلاؤ۔

Translation: Show (Exhibit) your skill.

Root Word: Sanskrit 'darśana'.

Synonyms: دکھانا, نمایاں کرنا"
"فرمانا","Translations:
EN: to say / to command / to do (honorific)
AR: قَالَ / أَمَرَ (formal)
FR: dire / ordonner (poli)

Definition:
(EN) Honorific verb used instead of 'kahnā' or 'karnā' to show respect to the subject.

Example: آپ کیا فرما رہے ہیں؟

Translation: What are you saying? (Respectful).

Root Word: Persian 'farmūdan'.

Synonyms: ارشاد فرمانا, کہنا"
"عرض کرنا","Translations:
EN: to request / to state / to submit (humble)
AR: قَدَّمَ / سَأَلَ (بِتَوَاضُع)
FR: demander / soumettre (humble)

Definition:
(EN) Humble compound verb used by the speaker to refer to their own speaking/requesting to a superior.

Example: میں کچھ عرض کرنا چاہتا ہوں۔

Translation: I want to state (request) something.

Root Word: Arabic 'ʿarḍ'.

Synonyms: التجا کرنا, کہنا"
"گزارش کرنا","Translations:
EN: to request / to submit / to petition
AR: اِلْتَمَسَ / رَجَا
FR: prier / solliciter

Definition:
(EN) Formal compound verb used to make a polite request or submission, especially in writing.

Example: آپ سے گزارش ہے کہ کل تشریف لائیں۔

Translation: It is requested of you to come tomorrow.

Root Word: Persian 'guzārish'.

Synonyms: عرض کرنا, درخواست کرنا"
"درخواست کرنا","Translations:
EN: to apply / to request / to petition
AR: قَدَّمَ طَلَبًا
FR: postuler / demander officiellement

Definition:
(EN) Compound verb used for making an official application or a formal request.

Example: اس نے نوکری کے لیے درخواست کی۔

Translation: He applied for the job.

Root Word: Persian 'darkhwāst'.

Synonyms: اپیل کرنا, التجا کرنا"
"حکم دینا","Translations:
EN: to order / to command / to decree
AR: أَمَرَ / حَكَمَ
FR: ordonner / commander

Definition:
(EN) Compound verb used by an authority to give a command or instruction.

Example: بادشاہ نے حکم دیا کہ اسے آزاد کر دو۔

Translation: The king ordered to set him free.

Root Word: Arabic 'ḥukm'.

Synonyms: فرمان جاری کرنا, ہدایت دینا"
"وعدہ کرنا","Translations:
EN: to promise / to pledge
AR: وَعَدَ
FR: promettre

Definition:
(EN) Compound verb expressing the act of giving a word or assurance that something will be done.

Example: اس نے مجھ سے وعدہ کیا تھا۔

Translation: He had promised me.

Root Word: Arabic 'waʿda'.

Synonyms: عہد کرنا, زبان دینا"
"انکار کرنا","Translations:
EN: to refuse / to deny / to decline
AR: رَفَضَ / أَنْكَرَ
FR: refuser / nier

Definition:
(EN) Compound verb expressing the act of saying no to a request or denying a fact.

Example: اس نے دعوت سے انکار کر دیا۔

Translation: He refused the invitation.

Root Word: Arabic 'inkār'.

Synonyms: نفی کرنا, منکر ہونا"
"قبول کرنا","Translations:
EN: to accept / to admit / to approve
AR: قَبِلَ / وَافَقَ
FR: accepter / agréer

Definition:
(EN) Compound verb expressing the act of receiving something offered or agreeing to a proposal.

Example: آپ کا شکریہ قبول ہے۔

Translation: Your thanks are accepted (You're welcome).

Root Word: Arabic 'qabūl'.

Synonyms: مان لینا, تسلیم کرنا"
"انتخاب کرنا","Translations:
EN: to choose / to select / to elect
AR: اِخْتَارَ / اِنْتَخَبَ
FR: choisir / élire

Definition:
(EN) Compound verb used for making a selection or voting for a representative.

Example: صحیح راستے کا انتخاب کرو۔

Translation: Choose the right path.

Root Word: Arabic 'intikhāb'.

Synonyms: چننا, منتخب کرنا"
"محنت کرنا","Translations:
EN: to work hard / to strive / to toil
AR: اِجْتَهَدَ / كَدَحَ
FR: travailler dur / s'efforcer

Definition:
(EN) Compound verb expressing the act of putting in significant effort or labor.

Example: کامیابی کے لیے محنت کرو۔

Translation: Work hard for success.

Root Word: Arabic 'miḥnat'.

Synonyms: کوشش کرنا, مشقت کرنا"
"آرام کرنا","Translations:
EN: to rest / to relax
AR: اِسْتَرَاحَ
FR: se reposer / se détendre

Definition:
(EN) Compound verb expressing the act of taking a break or being at ease to recover strength.

Example: اب تھوڑا آرام کرو۔

Translation: Now rest a little.

Root Word: Persian 'ārām'.

Synonyms: سکون پانا, دم لینا"
"سفر کرنا","Translations:
EN: to travel / to journey
AR: سَافَرَ
FR: voyager

Definition:
(EN) Compound verb expressing the act of going from one place to another over a distance.

Example: ہم نے ٹرین سے سفر کیا۔

Translation: We traveled by train.

Root Word: Arabic 'safar'.

Synonyms: سیاحت کرنا, کوچ کرنا"
"سوار ہونا","Translations:
EN: to board / to ride / to mount
AR: رَكِبَ
FR: monter (véhicule) / chevaucher

Definition:
(EN) Compound verb meaning to get onto a vehicle or an animal for transport.

Example: گھوڑے پر سوار ہونا۔

Translation: To ride a horse.

Root Word: Persian 'sawār'.

Synonyms: بیٹھنا, چڑھنا"
"واپس آنا","Translations:
EN: to return / to come back
AR: رَجَعَ / عَادَ
FR: revenir / retourner

Definition:
(EN) Compound verb expressing the act of returning to a previous location.

Example: وہ کل واپس آئے گا۔

Translation: He will come back tomorrow.

Root Word: Arabic 'wāpas' + Urdu 'ānā'.

Synonyms: پلٹنا, مراجعت کرنا"
"راہ دیکھنا","Translations:
EN: to wait / to watch the path / to anticipate
AR: اِنْتَظَرَ / تَرَقَّبَ
FR: attendre / guetter

Definition:
(EN) Idiomatic compound verb meaning to wait anxiously or look forward to someone's arrival.

Example: میں کب سے تمھاری راہ دیکھ رہا ہوں۔

Translation: I have been waiting for you (watching your path) for so long.

Root Word: Indo-Aryan origin.

Synonyms: انتظار کرنا, راستہ دیکھنا"
"دعا کرنا","Translations:
EN: to pray / to bless / to wish well
AR: دَعَا / صَلَّى
FR: prier / bénir

Definition:
(EN) Compound verb expressing the act of asking God for something or wishing someone well.

Example: میرے لیے دعا کرنا۔

Translation: Pray for me.

Root Word: Arabic 'duʿā'.

Synonyms: مناجات کرنا, التجا کرنا"
"توبہ کرنا","Translations:
EN: to repent / to vow not to repeat / to be done with something
AR: تَابَ / نَدِمَ
FR: se repentir / renoncer à

Definition:
(EN) Compound verb expressing the act of repenting for a sin or deciding firmly to stop a certain habit or action.

Example: میں نے اس کام سے توبہ کی۔

Translation: I have repented from (vowed not to do) this work.

Root Word: Arabic 'tauba'.

Synonyms: تائب ہونا, پچھتانا"
"شکر کرنا","Translations:
EN: to give thanks / to be grateful
AR: شَكَرَ
FR: remercier / être reconnaissant

Definition:
(EN) Compound verb used to express gratitude to God or to another person.

Example: اللہ کا شکر کرو۔

Translation: Give thanks to Allah.

Root Word: Arabic 'shukr'.

Synonyms: احسان ماننا, ممنون ہونا"
"صبر کرنا","Translations:
EN: to have patience / to endure / to wait
AR: صَبَرَ
FR: patienter / endurer

Definition:
(EN) Compound verb expressing the act of remaining calm and steadfast during difficult times or while waiting.

Example: تھوڑا صبر کرو۔

Translation: Have a little patience.

Root Word: Arabic 'ṣabr'.

Synonyms: تحمل کرنا, برداشت کرنا"
"بھروسہ کرنا","Translations:
EN: to trust / to rely on / to depend
AR: اِعْتَمَدَ عَلَى / وَثِقَ بِـ
FR: faire confiance / compter sur

Definition:
(EN) Compound verb expressing the act of having confidence in someone or something.

Example: مجھ پر بھروسہ کرو۔

Translation: Trust me.

Root Word: Sanskrit 'bharosa'.

Synonyms: اعتبار کرنا, توکل کرنا"
"یقین کرنا","Translations:
EN: to believe / to trust / to be sure
AR: صَدَّقَ / آمَنَ بِـ
FR: croire / avoir la certitude

Definition:
(EN) Compound verb expressing the act of accepting something as true or having firm conviction.

Example: میری بات کا یقین کرو۔

Translation: Believe my word (Believe me).

Root Word: Arabic 'yaqeen'.

Synonyms: ماننا, سچ سمجھنا"
"شک کرنا","Translations:
EN: to doubt / to suspect
AR: شَكَّ / اِرْتَابَ
FR: douter / suspecter

Definition:
(EN) Compound verb expressing a lack of certainty or suspicion about someone or something.

Example: کسی پر بلاوجہ شک نہ کرو۔

Translation: Do not doubt anyone without reason.

Root Word: Arabic 'shak'.

Synonyms: شبہ کرنا, وسوسہ کرنا"
"فکر کرنا","Translations:
EN: to worry / to think / to care / to plan
AR: قَلِقَ / اِهْتَمَّ / فَكَّرَ
FR: s'inquiéter / se soucier de

Definition:
(EN) Compound verb with dual meanings: to be anxious about something or to think/reflect deeply.

Example: فکر نہ کرو، سب ٹھیک ہو جائے گا۔

Translation: Do not worry, everything will be fine.

Root Word: Arabic 'fikr'.

Synonyms: پریشان ہونا, سوچنا"
"غصہ کرنا","Translations:
EN: to be angry / to get mad
AR: غَضِبَ
FR: se fâcher / être en colère

Definition:
(EN) Compound verb expressing the feeling of annoyance, displeasure, or hostility.

Example: مجھ پر غصہ کیوں کر رہے ہو؟

Translation: Why are you being angry with me?

Root Word: Arabic 'ghuṣṣa'.

Synonyms: ناراض ہونا, برافروختہ ہونا"
"نفرت کرنا","Translations:
EN: to hate / to loathe
AR: كَرِهَ / مَقَتَ
FR: haïr / détester

Definition:
(EN) Compound verb expressing an intense feeling of dislike or aversion.

Example: جھوٹ سے نفرت کرو۔

Translation: Hate lies.

Root Word: Arabic 'nafrat'.

Synonyms: بیزاری ظاہر کرنا, کراہت کرنا"
"محبت کرنا","Translations:
EN: to love / to have affection
AR: أَحَبَّ
FR: aimer

Definition:
(EN) (Similar to pyār karnā, but often used for deeper or more formal love). To love.

Example: اپنے ملک سے محبت کرو۔

Translation: Love your country.

Root Word: Arabic 'muḥabbat'.

Synonyms: الفت رکھنا, عشق کرنا"
"پسند کرنا","Translations:
EN: to like / to choose / to prefer
AR: أَعْجَبَ بِـ / اِخْتَارَ
FR: aimer / apprécier / préférer

Definition:
(EN) Compound verb expressing the act of finding something agreeable or making a choice.

Example: میں اسے پسند کرتا ہوں۔

Translation: I like him/it.

Root Word: Persian 'pasand'.

Synonyms: اچھا سمجھنا, منتخب کرنا"
"ناپسند کرنا","Translations:
EN: to dislike
AR: لَمْ يُعْجَب بِـ
FR: ne pas aimer / déplaire

Definition:
(EN) Compound verb expressing the act of not liking something.

Example: وہ شور کو ناپسند کرتا ہے۔

Translation: He dislikes noise.

Root Word: Urdu 'nā-' + 'pasand'.

Synonyms: برا سمجھنا, کراہت کرنا"
"تعریف کرنا","Translations:
EN: to praise / to define / to compliment
AR: مَدَحَ / عَرَّفَ
FR: louer / complimenter / définir

Definition:
(EN) Compound verb expressing approval or admiration, or providing a definition of a word.

Example: اس کے کام کی تعریف کرو۔

Translation: Praise his work.

Root Word: Arabic 'taʿreef'.

Synonyms: سراہنا, توصیف کرنا"
"برائی کرنا","Translations:
EN: to backbite / to speak ill / to do evil
AR: اِغْتَابَ / فَعَلَ السُّوءَ
FR: médire / faire du mal

Definition:
(EN) Compound verb meaning to speak badly about someone in their absence or to commit a bad deed.

Example: کسی کی پیٹھ پیچھے برائی نہ کرو۔

Translation: Do not backbite (speak ill) behind anyone's back.

Root Word: Urdu 'burāʾī'.

Synonyms: غیبت کرنا, عیب نکالنا"
"شکایت کرنا","Translations:
EN: to complain
AR: اِشْتَكَى
FR: se plaindre

Definition:
(EN) Compound verb expressing dissatisfaction or annoyance about something to someone else.

Example: اس نے مینیجر سے شکایت کی۔

Translation: He complained to the manager.

Root Word: Arabic 'shikāyat'.

Synonyms: گلہ کرنا, شکوہ کرنا"
"مشورہ دینا","Translations:
EN: to advise / to suggest / to consult
AR: نَصَحَ / اِقْتَرَحَ
FR: conseiller / suggérer

Definition:
(EN) Compound verb expressing the act of providing a recommendation or guidance to someone.

Example: میں آپ کو یہ مشورہ دوں گا۔

Translation: I will give you this advice.

Root Word: Arabic 'mashwara'.

Synonyms: نصیحت کرنا, تجویز دینا"
"حکم ماننا","Translations:
EN: to obey / to follow an order
AR: أَطَاعَ / اِتَّبَعَ الأَمْر
FR: obéir / suivre un ordre

Definition:
(EN) Compound verb expressing the act of following a command or instruction given by an authority.

Example: بڑوں کا حکم مانو۔

Translation: Obey the elders.

Root Word: Arabic 'ḥukm' + Urdu 'mānnā'.

Synonyms: فرمانبرداری کرنا, اتباع کرنا"
"انتظار کروانا","Translations:
EN: to make someone wait
AR: جَعَلَهُ يَنْتَظِرُ
FR: faire attendre quelqu'un

Definition:
(EN) Causative compound verb meaning to cause another person to stay in a place until one arrives or something happens.

Example: کسی کو انتظار کروانا اچھی بات نہیں ہے۔

Translation: It is not a good thing to make someone wait.

Root Word: Arabic 'intiẓār'.

Synonyms: روکنا, ٹھہرانا"
"یاد دلانا","Translations:
EN: to remind
AR: ذَكَّرَ
FR: rappeler

Definition:
(EN) Compound verb meaning to cause someone to remember something they might have forgotten.

Example: مجھے میرا وعدہ یاد دلانا۔

Translation: Remind me of my promise.

Root Word: Persian 'yād' + Urdu 'dilānā'.

Synonyms: جتانا, متنبہ کرنا"
"سمجھ میں آنا","Translations:
EN: to be understood / to make sense
AR: فُهِمَ / صَارَ مَفْهُومًا
FR: être compris / avoir du sens

Definition:
(EN) Idiomatic compound verb expressing that something has become clear to the subject.

Example: کیا تمھاری سمجھ میں یہ بات آئی؟

Translation: Did this matter come into your understanding? (Did you understand this?).

Root Word: Sanskrit 'sambodhana'.

Synonyms: پتا چلنا, ذہن نشین ہونا"
"پتا چلنا","Translations:
EN: to find out / to come to know / to discover
AR: اِكْتَشَفَ / عَرَفَ
FR: découvrir / apprendre (nouvelle)

Definition:
(EN) Idiomatic compound verb indicating the discovery of information or a fact.

Example: مجھے آج پتا چلا۔

Translation: I found out today.

Root Word: Sanskrit 'pattra' (leaf/address) + Urdu 'chalnā'.

Synonyms: معلوم ہونا, خبر ہونا"
"کام آنا","Translations:
EN: to be of use / to be useful / to be martyred (context dependent)
AR: نَفَعَ / كَانَ مُفِيدًا / اِسْتُشْهِدَ
FR: être utile / servir / être martyrisé

Definition:
(EN) Compound verb meaning to be helpful in a situation, or specifically to die for a cause (in military/heroic contexts).

Example: یہ کتاب تمھارے کام آئے گی۔

Translation: This book will be of use to you.

Root Word: Sanskrit 'karma'.

Synonyms: مفید ہونا, کارآمد ہونا"
"پیش آنا","Translations:
EN: to occur / to happen / to behave
AR: حَدَثَ / وَقَعَ / تَعَامَلَ
FR: arriver / se produire / se comporter

Definition:
(EN) Compound verb meaning for an event to happen or describing how one conducts oneself toward others.

Example: میرے ساتھ اچھا سلوک پیش آیا۔

Translation: I was treated well (Good behavior occurred with me).

Root Word: Persian 'pesh'.

Synonyms: واقع ہونا, سلوک کرنا"
"نظر آنا","Translations:
EN: to be visible / to appear / to be seen
AR: بَدَا / ظَهَرَ
FR: être visible / apparaître

Definition:
(EN) Compound verb indicating that something can be perceived with the eyes.

Example: دور سے پہاڑ نظر آ رہے ہیں۔

Translation: Mountains are visible from afar.

Root Word: Arabic 'naẓar'.

Synonyms: دکھائی دینا, ظاہر ہونا"
"سنائی دینا","Translations:
EN: to be audible / to be heard
AR: سُمِعَ
FR: être audible / se faire entendre

Definition:
(EN) Compound verb indicating that a sound is reaching the ears.

Example: کیا تمھیں شور سنائی دے رہا ہے؟

Translation: Is the noise audible to you? (Can you hear the noise?).

Root Word: Sanskrit 'śravaṇa'.

Synonyms: سنائی آنا, آواز آنا"
"دکھائی دینا","Translations:
EN: to be visible / to appear
AR: ظَهَرَ / رُؤِيَ
FR: paraître / être visible

Definition:
(EN) Compound verb used to indicate that something is becoming apparent or can be seen.

Example: چاند دکھائی دے رہا ہے۔

Translation: The moon is appearing (visible).

Root Word: Sanskrit 'darśana'.

Synonyms: نظر آنا, سامنے آنا"
"محسوس ہونا","Translations:
EN: to be felt / to be perceived / to seem
AR: شُعِرَ بِـ / بَدَا
FR: être ressenti / sembler

Definition:
(EN) Compound verb expressing a sensation or a feeling that is perceived by the mind or body.

Example: مجھے سردی محسوس ہو رہی ہے۔

Translation: I am feeling cold.

Root Word: Arabic 'maḥsūs'.

Synonyms: پتا چلنا, لگنا"
"معلوم کرنا","Translations:
EN: to find out / to inquire / to ascertain
AR: اِسْتَفْسَرَ / عَرَفَ
FR: se renseigner / s'informer

Definition:
(EN) Compound verb meaning to make an effort to obtain information or to verify a fact.

Example: راستہ معلوم کرو۔

Translation: Find out (Inquire about) the way.

Root Word: Arabic 'maʿlūm'.

Synonyms: دریافت کرنا, پتا لگانا"
"تحقیق کرنا","Translations:
EN: to research / to investigate / to verify
AR: بَحَثَ / حَقَّقَ
FR: rechercher / enquêter

Definition:
(EN) Compound verb meaning to conduct a detailed study or investigation into a matter.

Example: اس معاملے کی تحقیق کرو۔

Translation: Investigate (Research) this matter.

Root Word: Arabic 'taḥqeeq'.

Synonyms: چھان بین کرنا, تفتیش کرنا"
"غور کرنا","Translations:
EN: to ponder / to consider / to meditate
AR: تَأَمَّلَ / تَدَبَّرَ
FR: réfléchir / méditer

Definition:
(EN) Compound verb meaning to think deeply or carefully about something.

Example: میری بات پر غور کرو۔

Translation: Ponder over my word.

Root Word: Arabic 'ghaur'.

Synonyms: سوچ بچار کرنا, دھیان دینا"
"دھیان دینا","Translations:
EN: to pay attention / to focus / to care
AR: اِهْتَمَّ / أَعَارَ اِنْتِبَاهًا
FR: faire attention / se concentrer

Definition:
(EN) Compound verb expressing the act of directing one's mind or attention toward something specific.

Example: اپنی پڑھائی پر دھیان دو۔

Translation: Pay attention to your studies.

Root Word: Sanskrit 'dhyāna'.

Synonyms: توجہ دینا, دھیان کرنا"
"خیال رکھنا","Translations:
EN: to take care / to look after / to keep in mind
AR: اِعْتَنَى بِـ / اِنْتَبَهَ إِلَى
FR: prendre soin de / veiller sur

Definition:
(EN) Compound verb meaning to watch over someone/something or to remember a particular fact.

Example: اپنا خیال رکھنا۔

Translation: Take care of yourself.

Root Word: Arabic 'khayāl' + Urdu 'rakhnā'.

Synonyms: دیکھ بھال کرنا, حفاظت کرنا"
"دھیان رکھنا","Translations:
EN: to be careful / to pay attention / to keep in mind
AR: اِحْتَرَزَ / اِنْتَبَهَ
FR: être prudent / garder à l'esprit

Definition:
(EN) (Similar to dhyān denā, but often refers to continuous awareness or caution). To be careful.

Example: چلتے ہوئے دھیان رکھنا۔

Translation: Be careful while walking.

Root Word: Sanskrit 'dhyāna'.

Synonyms: خبردار رہنا, احتیاط کرنا"
"پروا کرنا","Translations:
EN: to care / to mind / to be concerned
AR: اِهْتَمَّ / بَالَى
FR: se soucier de / s'inquiéter

Definition:
(EN) Compound verb expressing the act of being concerned about something or someone.

Example: وہ کسی کی پروا نہیں کرتا۔

Translation: He does not care about anyone.

Root Word: Persian 'parwā'.

Synonyms: فکر کرنا, پرواہ ہونا"
"ہمت کرنا","Translations:
EN: to dare / to have courage / to venture
AR: جَرُؤَ / تَشَجَّعَ
FR: oser / avoir du courage

Definition:
(EN) Compound verb expressing the act of showing bravery or resolving to do something difficult.

Example: آگے بڑھنے کی ہمت کرو۔

Translation: Have the courage to move forward.

Root Word: Arabic 'himmat'.

Synonyms: جرات کرنا, حوصلہ کرنا"
"مقابلہ کرنا","Translations:
EN: to compete / to face / to oppose
AR: تَنَافَسَ / وَاجَهَ
FR: rivaliser / faire face à

Definition:
(EN) Compound verb meaning to take part in a contest or to confront a difficult situation/person.

Example: دشمن کا مقابلہ کرو۔

Translation: Face (Oppose) the enemy.

Root Word: Arabic 'muqābala'.

Synonyms: سامنا کرنا, ٹکر لینا"
"دشمنی کرنا","Translations:
EN: to be hostile / to act as an enemy
AR: عَادَى
FR: être hostile / agir en ennemi

Definition:
(EN) Compound verb expressing the act of showing enmity or being in a state of conflict with someone.

Example: بلاوجہ کسی سے دشمنی نہ کرو۔

Translation: Do not be hostile toward anyone without reason.

Root Word: Persian 'dushmanī'.

Synonyms: عداوت رکھنا, بیر کرنا"
"دوستی کرنا","Translations:
EN: to make friends / to befriend
AR: صَادَقَ
FR: se lier d'amitié

Definition:
(EN) Compound verb expressing the act of establishing a friendly relationship with someone.

Example: اچھی کتابوں سے دوستی کرو۔

Translation: Make friends with good books.

Root Word: Persian 'dostī'.

Synonyms: یارانہ گانٹھنا, رفاقت کرنا"
"نیکی کرنا","Translations:
EN: to do good / to act virtuously
AR: فَعَلَ الخَيْرَ / أَحْسَنَ
FR: faire le bien / agir avec vertu

Definition:
(EN) Compound verb expressing the act of performing a good or righteous deed.

Example: ہمیشہ نیکی کرو۔

Translation: Always do good.

Root Word: Persian 'nekī'.

Synonyms: احسان کرنا, بھلائی کرنا"
"گناہ کرنا","Translations:
EN: to sin / to commit a transgression
AR: أَذْنَبَ / اِرْتَكَبَ إِثْمًا
FR: pécher / commettre une transgression

Definition:
(EN) Compound verb expressing the act of violating a religious or moral law.

Example: گناہ کرنا انسان کو تباہ کرتا ہے۔

Translation: Sinning destroys a human being.

Root Word: Persian 'gunāh'.

Synonyms: خطا کرنا, جرم کرنا"
"غلطی کرنا","Translations:
EN: to make a mistake / to err
AR: أَخْطَأَ
FR: faire une erreur / se tromper

Definition:
(EN) Compound verb expressing the act of doing something incorrectly or making a wrong judgment.

Example: ہم سب غلطی کرتے ہیں۔

Translation: We all make mistakes.

Root Word: Arabic 'ghalaṭ'.

Synonyms: خطا کرنا, بھول کرنا"
"جدوجہد کرنا","Translations:
EN: to struggle / to strive / to exert effort
AR: نَافَحَ / جَاهَدَ
FR: lutter / s'efforcer

Definition:
(EN) Compound verb expressing the act of making a continuous and difficult effort to achieve something.

Example: آزادی کے لیے جدوجہد کرنا۔

Translation: To struggle for freedom.

Root Word: Arabic 'jadd-o-jahd'.

Synonyms: کوشش کرنا, سعی کرنا"
"تعاون کرنا","Translations:
EN: to cooperate / to collaborate
AR: تَعَاوَنَ
FR: coopérer / collaborer

Definition:
(EN) Compound verb expressing the act of working together with others toward a common goal.

Example: ایک دوسرے سے تعاون کرو۔

Translation: Cooperate with each other.

Root Word: Arabic 'taʿāwun'.

Synonyms: مدد کرنا, ہاتھ بٹانا"
"انتظام کرنا","Translations:
EN: to arrange / to manage / to organize
AR: رَتَّبَ / نَظَّمَ
FR: organiser / gérer

Definition:
(EN) Compound verb expressing the act of planning or setting up an event, system, or space.

Example: تقریب کا انتظام کرو۔

Translation: Arrange (Organize) the event.

Root Word: Arabic 'intiẓām'.

Synonyms: بندوبست کرنا, ترتیب دینا"
"صرف کرنا","Translations:
EN: to spend / to consume / to use up
AR: أَنْفَقَ / صَرَفَ
FR: dépenser / consommer

Definition:
(EN) Compound verb meaning to use money, time, or energy for a purpose.

Example: وقت کو صحیح کاموں میں صرف کرو۔

Translation: Spend time in correct (good) works.

Root Word: Arabic 'ṣarf'.

Synonyms: خرچ کرنا, استعمال کرنا"
"تبدیل کرنا","Translations:
EN: to change / to exchange / to transform
AR: غَيَّرَ / حَوَّلَ
FR: changer / transformer

Definition:
(EN) Compound verb expressing the act of making something different or replacing one thing with another.

Example: اپنی عادتیں تبدیل کرو۔

Translation: Change your habits.

Root Word: Arabic 'tabdeel'.

Synonyms: بدلنا, تبدیل لانا"
"بدلہ لینا","Translations:
EN: to take revenge / to retaliate
AR: اِنْتَقَمَ
FR: se venger

Definition:
(EN) Compound verb expressing the act of punishing someone who has harmed you.

Example: میں اس سے بدلہ لوں گا۔

Translation: I will take revenge from him.

Root Word: Arabic 'badla'.

Synonyms: انتقام لینا, حساب چکانا"
"بدلہ دینا","Translations:
EN: to reward / to compensate / to pay back
AR: جَازَى / كَافَأَ
FR: récompenser / compenser

Definition:
(EN) Compound verb expressing the act of giving something in return for a service, favor, or harm.

Example: اللہ آپ کو اس کا بدلہ دے۔

Translation: May Allah reward (compensate) you for this.

Root Word: Arabic 'badla'.

Synonyms: اجر دینا, صلہ دینا"
"انصاف کرنا","Translations:
EN: to do justice / to be fair
AR: أَنْصَفَ / عَدَلَ
FR: faire justice / être juste

Definition:
(EN) Compound verb expressing the act of treating people fairly and according to the law/truth.

Example: ہمیشہ انصاف کرو۔

Translation: Always do justice.

Root Word: Arabic 'inṣāf'.

Synonyms: عدل کرنا, حق دینا"
"ظلم کرنا","Translations:
EN: to oppress / to act cruelly / to do injustice
AR: ظَلَمَ
FR: opprimer / être cruel

Definition:
(EN) Compound verb expressing the act of treating someone with cruelty or taking away their rights.

Example: کسی پر ظلم نہ کرو۔

Translation: Do not oppress anyone.

Root Word: Arabic 'ẓulm'.

Synonyms: زیادتی کرنا, جفا کرنا"
"چوری کرنا","Translations:
EN: to steal / to thieve
AR: سَرَقَ
FR: voler / dérober

Definition:
(EN) Compound verb expressing the act of taking something that belongs to someone else without permission.

Example: چوری کرنا گناہ ہے۔

Translation: Stealing is a sin.

Root Word: Sanskrit 'caura'.

Synonyms: سرقہ کرنا, چرانا"
"قتل کرنا","Translations:
EN: to kill / to murder
AR: قَتَلَ
FR: tuer / assassiner

Definition:
(EN) Compound verb expressing the act of ending a life intentionally.

Example: کسی کا ناحق قتل کرنا حرام ہے۔

Translation: To murder someone unjustly is forbidden.

Root Word: Arabic 'qatl'.

Synonyms: ہلاک کرنا, جان لیناہ"
"دھوکہ دینا","Translations:
EN: to deceive / to cheat / to betray
AR: خَدَعَ / غَشَّ
FR: tromper / duper

Definition:
(EN) Compound verb expressing the act of misleading someone through lies or trickery.

Example: کسی کو دھوکہ نہ دو۔

Translation: Do not deceive (cheat) anyone.

Root Word: Sanskrit 'dhokkha'.

Synonyms: فریب دینا, دغا کرنا"
"جھوٹ بولنا","Translations:
EN: to lie / to tell a lie
AR: كَذَبَ
FR: mentir

Definition:
(EN) Compound verb expressing the act of stating something that one knows is not true.

Example: جھوٹ بولنا بری عادت ہے۔

Translation: Telling lies is a bad habit.

Root Word: Sanskrit 'juṣṭa'.

Synonyms: کذب بیانی کرنا, غلط بیانی کرنا"
"سچ بولنا","Translations:
EN: to speak the truth
AR: صَدَقَ
FR: dire la vérité

Definition:
(EN) Compound verb expressing the act of stating facts as they are.

Example: ہمیشہ سچ بولنا چاہیے۔

Translation: One should always speak the truth.

Root Word: Sanskrit 'satya'.

Synonyms: سچائی بیان کرنا, حق گوئی کرنا"
"وعدہ توڑنا","Translations:
EN: to break a promise
AR: أَخْلَفَ الوَعْدَ
FR: rompre une promesse

Definition:
(EN) Compound verb expressing the failure to fulfill a commitment or pledge made earlier.

Example: وعدہ توڑنا منافقت کی نشانی ہے۔

Translation: Breaking a promise is a sign of hypocrisy.

Root Word: Arabic 'waʿda' + Urdu 'toṛnā'.

Synonyms: عہد شکنی کرنا, مکر جانا"
"وعدہ نبھانا","Translations:
EN: to keep a promise / to fulfill a pledge
AR: أَوْفَى بِالوَعْدِ
FR: tenir une promesse

Definition:
(EN) Compound verb expressing the act of successfully fulfilling a commitment.

Example: اپنا وعدہ نبھاؤ۔

Translation: Keep (Fulfill) your promise.

Root Word: Arabic 'waʿda' + Sanskrit 'nirvāhaṇa'.

Synonyms: وفا کرنا, پورا کرنا"
"عزت کرنا","Translations:
EN: to respect / to honor / to value
AR: اِحْتَرَمَ / أَكْرَمَ
FR: respecter / honorer

Definition:
(EN) Compound verb expressing the act of showing high regard or esteem for someone.

Example: اپنے استادوں کی عزت کرو۔

Translation: Respect your teachers.

Root Word: Arabic 'ʿizzat'.

Synonyms: احترام کرنا, تکریم کرنا"
"ذلیل کرنا","Translations:
EN: to humiliate / to insult / to degrade
AR: أَذَلَّ / أَهَانَ
FR: humilier / insulter

Definition:
(EN) Compound verb expressing the act of making someone feel ashamed or lower in status.

Example: کسی کو سب کے سامنے ذلیل نہ کرو۔

Translation: Do not humiliate anyone in front of everyone.

Root Word: Arabic 'ẓaleel'.

Synonyms: رسوا کرنا, تذلیل کرنا"
"فخر کرنا","Translations:
EN: to be proud / to take pride in
AR: اِفْتَخَرَ
FR: être fier / s'enorgueillir

Definition:
(EN) Compound verb expressing a feeling of deep pleasure or satisfaction in one's own or another's achievements.

Example: مجھے تم پر فخر ہے۔

Translation: I am proud of you.

Root Word: Arabic 'fakhr'.

Synonyms: ناز کرنا, اترانا"
"احسان کرنا","Translations:
EN: to do a favor / to be kind / to bestow
AR: أَحْسَنَ / تَفَضَّلَ
FR: faire une faveur / être bon

Definition:
(EN) Compound verb expressing the act of doing something good for someone without expecting anything in return.

Example: کسی پر احسان کر کے جتاؤ مت۔

Translation: Do not boast after doing a favor for someone.

Root Word: Arabic 'iḥsān'.

Synonyms: بھلائی کرنا, مدد کرنا"
"احسان ماننا","Translations:
EN: to be grateful / to acknowledge a favor
AR: اِعْتَرَفَ بِالجَمِيلِ / شَكَرَ
FR: être reconnaissant / avouer une faveur

Definition:
(EN) Compound verb expressing the act of feeling or showing gratitude for someone's kindness.

Example: میں آپ کا احسان مانتا ہوں۔

Translation: I acknowledge (am grateful for) your favor.

Root Word: Arabic 'iḥsān' + Urdu 'mānnā'.

Synonyms: ممنون ہونا, مشکور ہونا"
"شکر ادا کرنا","Translations:
EN: to express gratitude / to thank
AR: أَعْرَبَ عَنِ الشُّكْرِ
FR: exprimer sa gratitude / remercier

Definition:
(EN) (Formal version of shukr karnā). Compound verb used to formally thank someone or God.

Example: ہمیں ہر حال میں اللہ کا شکر ادا کرنا چاہیے۔

Translation: We should express gratitude to Allah in every situation.

Root Word: Arabic 'shukr' + 'adā'.

Synonyms: شکریہ ادا کرنا, ممنون ہونا"
"معذرت کرنا","Translations:
EN: to apologize / to excuse oneself
AR: اِعْتَذَرَ
FR: s'excuser / présenter des excuses

Definition:
(EN) Compound verb expressing regret for a mistake or declining an invitation politely.

Example: میں اپنی تاخیر پر معذرت کرتا ہوں۔

Translation: I apologize for my delay.

Root Word: Arabic 'maʿẓirat'.

Synonyms: معافی مانگنا, عذر پیش کرنا"
"معافی مانگنا","Translations:
EN: to ask for forgiveness / to apologize
AR: طَلَبَ المَعْفِرَةَ / اِسْتَعْفَى
FR: demander pardon

Definition:
(EN) Compound verb expressing a direct request for forgiveness from someone for a wrong done.

Example: اپنی غلطی پر معافی مانگو۔

Translation: Ask for forgiveness for your mistake.

Root Word: Arabic 'muʿāfī' + Urdu 'māngnā'.

Synonyms: عفو چاہنا, معذرت کرنا"
"تلافی کرنا","Translations:
EN: to compensate / to make up for / to redress
AR: عَوَّضَ / تَدَارَكَ
FR: compenser / rattraper

Definition:
(EN) Compound verb expressing the act of making amends for a loss, damage, or mistake.

Example: اس نقصان کی تلافی کون کرے گا؟

Translation: Who will compensate for (make up for) this loss?

Root Word: Arabic 'talāfī'.

Synonyms: ازالہ کرنا, بدلہ دینا"
"بدنام کرنا","Translations:
EN: to defame / to slander / to bring a bad name
AR: شَهَّرَ بِـ / شَوَّهَ السُّمْعَةَ
FR: diffamer / calomnier

Definition:
(EN) Compound verb expressing the act of harming someone's reputation through false or malicious talk.

Example: کسی کو ناحق بدنام نہ کرو۔

Translation: Do not defame anyone unjustly.

Root Word: Persian 'bad-nām'.

Synonyms: رسوا کرنا, عیب لگانا"
"نیک نامی کمانا","Translations:
EN: to earn a good name / to build a reputation
AR: كَسَبَ سُمْعَةً طَيِّبَةً
FR: se faire une bonne réputation

Definition:
(EN) Idiomatic compound verb meaning to achieve respect and honor through good deeds.

Example: محنت سے نیک نامی کماؤ۔

Translation: Earn a good name through hard work.

Root Word: Persian 'nek-nāmī' + Urdu 'kamānā'.

Synonyms: عزت پانا, نام پیدا کرنا"
"مشہوری پانا","Translations:
EN: to gain fame / to become famous
AR: اِشْتَهَرَ / نَالَ شُهْرَةً
FR: devenir célèbre / gagner en notoriété

Definition:
(EN) Compound verb expressing the act of becoming widely known to the public.

Example: اس نے بہت جلد مشہوری پائی۔

Translation: He gained fame very quickly.

Root Word: Arabic 'mashhūr'.

Synonyms: نام پانا, مشہور ہونا"
"بدزبانی کرنا","Translations:
EN: to use foul language / to be rude / to speak harshly
AR: أَسَاءَ التَّعْبِيرَ / شَتَمَ
FR: être grossier / mal parler

Definition:
(EN) Compound verb expressing the act of using insulting or disrespectful words.

Example: بڑوں کے سامنے بدزبانی نہ کرو۔

Translation: Do not use foul language (be rude) in front of elders.

Root Word: Persian 'bad-zubānī'.

Synonyms: گالی دینا, بدتمیزی کرنا"
"گالی دینا","Translations:
EN: to abuse / to curse / to swear at
AR: شَتَمَ / سَبَّ
FR: insulter / jurer contre

Definition:
(EN) Compound verb expressing the act of using profane or highly offensive language toward someone.

Example: گالی دینا شریفوں کا کام نہیں ہے۔

Translation: Swearing (Abusing) is not the work of noble people.

Root Word: Sanskrit 'gāli'.

Synonyms: برا بھلا کہنا, صلواتیں سنانا"
"دعا دینا","Translations:
EN: to bless / to give a prayer / to wish well
AR: دَعَا لِـ / بَارَكَ
FR: bénir / souhaiter du bien

Definition:
(EN) Compound verb expressing the act of praying for someone's success or well-being.

Example: بزرگوں کی دعا لیا کرو اور انھیں دعا دیا کرو۔

Translation: Take blessings from elders and give them prayers (wish them well).

Root Word: Arabic 'duʿā'.

Synonyms: برکت دینا, خیر چاہنا"
"بددعا دینا","Translations:
EN: to curse / to give a bad prayer / to ill-wish
AR: دَعَا عَلَى
FR: maudire / souhaiter du mal

Definition:
(EN) Compound verb expressing the act of praying for someone's misfortune or ruin.

Example: مظلوم کی بددعا سے بچو۔

Translation: Avoid the curse (bad prayer) of the oppressed.

Root Word: Persian 'bad' + Arabic 'duʿā'.

Synonyms: کوسنا, لعنت بھیجنا"
"نصیحت کرنا","Translations:
EN: to advise / to preach / to counsel
AR: نَصَحَ / وَعَظَ
FR: conseiller / prêcher

Definition:
(EN) Compound verb expressing the act of giving moral guidance or practical advice.

Example: میں تمھیں ایک نصیحت کرتا ہوں۔

Translation: I give you one piece of advice.

Root Word: Arabic 'naṣeeḥat'.

Synonyms: مشورہ دینا, فہمائش کرنا"
"وصیت کرنا","Translations:
EN: to bequeath / to make a will / to command (final)
AR: أَوْصَى
FR: léguer / faire un testament

Definition:
(EN) Compound verb expressing the act of making a formal statement about the distribution of property after death or a final request.

Example: اس نے اپنی جائیداد وقف کرنے کی وصیت کی۔

Translation: He made a will to endow his property.

Root Word: Arabic 'waṣiyyat'.

Synonyms: ترکہ چھوڑنا, حکم دینا"
"دعوت دینا","Translations:
EN: to invite / to host a feast
AR: دَعَا / عَزَمَ
FR: inviter / convier

Definition:
(EN) Compound verb expressing the act of asking someone to attend an event or a meal.

Example: اس نے مجھے کھانے کی دعوت دی۔

Translation: He invited me for a meal.

Root Word: Arabic 'daʿwat'.

Synonyms: بلانا, مدعو کرنا"
"مہمان نوازی کرنا","Translations:
EN: to show hospitality / to host
AR: اِسْتَضَافَ / أَكْرَمَ الضَّيْف
FR: faire preuve d'hospitalité

Definition:
(EN) Compound verb expressing the act of being a good host and taking care of guests.

Example: پاکستانی اپنی مہمان نوازی کے لیے مشہور ہیں۔

Translation: Pakistanis are famous for their hospitality.

Root Word: Persian 'mehmān-nawāzī'.

Synonyms: خاطر تواضع کرنا, میزبانی کرنا"
"شمولیت اختیار کرنا","Translations:
EN: to join / to participate / to become a member
AR: اِنْضَمَّ إِلَى / شَارَكَ
FR: rejoindre / participer / adhérer

Definition:
(EN) Formal compound verb meaning to become part of a group, party, or organization.

Example: اس نے تحریک میں شمولیت اختیار کی۔

Translation: He joined the movement.

Root Word: Arabic 'shumūliyyat' + 'ikhtiyār'.

Synonyms: شامل ہونا, حصہ لینا"
"شرکت کرنا","Translations:
EN: to participate / to attend / to take part
AR: شَارَكَ / حَضَرَ
FR: participer / assister à

Definition:
(EN) Compound verb expressing the act of being present and active in an event or meeting.

Example: جلسے میں شرکت کرو۔

Translation: Participate in the meeting.

Root Word: Arabic 'shirkat'.

Synonyms: شریک ہونا, شمولیت کرنا"
"مخالفت کرنا","Translations:
EN: to oppose / to resist / to contradict
AR: عَارَضَ / خَالَفَ
FR: s'opposer à / résister

Definition:
(EN) Compound verb expressing the act of being against an idea, person, or policy.

Example: اس نے میری بات کی مخالفت کی۔

Translation: He opposed my word.

Root Word: Arabic 'mukhālafat'.

Synonyms: اختلاف کرنا, تضاد کرنا"
"تائید کرنا","Translations:
EN: to support / to endorse / to second (a motion)
AR: أَيَّدَ / سَانَدَ
FR: soutenir / approuver / seconder

Definition:
(EN) Compound verb expressing the act of supporting an idea or statement made by someone else.

Example: میں آپ کی تجویز کی تائید کرتا ہوں۔

Translation: I support (endorse) your suggestion.

Root Word: Arabic 'tāʾeed'.

Synonyms: حمایت کرنا, تصدیق کرنا"
"فیصلہ کرنا","Translations:
EN: to decide / to judge / to resolve
AR: قَرَّرَ / حَكَمَ
FR: décider / trancher

Definition:
(EN) Compound verb expressing the act of making a choice or reaching a conclusion after consideration.

Example: اب تمھیں فیصلہ کرنا ہوگا۔

Translation: Now you will have to decide.

Root Word: Arabic 'faiṣla'.

Synonyms: طے کرنا, پختہ ارادہ کرنا"
"ارادہ کرنا","Translations:
EN: to intend / to resolve / to make up one's mind
AR: نَوَى / عَزَمَ
FR: avoir l'intention / décider de

Definition:
(EN) Compound verb expressing the act of planning or resolving to do something.

Example: میں نے وہاں جانے کا ارادہ کر لیا ہے۔

Translation: I have intended (resolved) to go there.

Root Word: Arabic 'irāda'.

Synonyms: نیت کرنا, قصد کرنا"
"منصوبہ بنانا","Translations:
EN: to plan / to scheme / to devise a strategy
AR: خَطَّطَ
FR: planifier / élaborer un projet

Definition:
(EN) Compound verb expressing the act of making a detailed plan for a future action.

Example: ہم نے ایک نیا منصوبہ بنایا ہے۔

Translation: We have made a new plan.

Root Word: Arabic 'manṣūba' + Urdu 'banānā'.

Synonyms: خاکہ تیار کرنا, تدبیر کرنا"
"اہتمام کرنا","Translations:
EN: to arrange / to manage / to organize (ceremonial/grand)
AR: نَظَّمَ / أَعَدَّ
FR: organiser / préparer (grandement)

Definition:
(EN) Compound verb expressing the act of making arrangements, often for a formal or significant event.

Example: کھانے کا اچھا اہتمام کیا گیا ہے۔

Translation: A good arrangement for the meal has been made.

Root Word: Arabic 'ehtemām'.

Synonyms: انتظام کرنا, بندوبست کرنا"
"تگ و دو کرنا","Translations:
EN: to struggle / to run around / to exert great effort
AR: كَدَحَ / سَعَى بِجَهْدٍ
FR: se démener / faire de grands efforts

Definition:
(EN) Idiomatic compound verb expressing the act of working very hard and being constantly busy to achieve a goal.

Example: اس نے نوکری کے لیے بہت تگ و دو کی۔

Translation: He struggled (ran around) a lot for the job.

Root Word: Persian 'tag-o-do'.

Synonyms: دوڑ دھوپ کرنا, کوشش کرنا"
"بھاگ دوڑ کرنا","Translations:
EN: to hustle / to run around / to be busy with chores
AR: هَرَعَ / سَعَى
FR: s'activer / courir partout

Definition:
(EN) Idiomatic compound verb expressing the physical act of being busy with various tasks or errands.

Example: دن بھر بھاگ دوڑ کر کے تھک گیا۔

Translation: Got tired after running around all day.

Root Word: Urdu 'bhāgnā' + 'dauṛnā'.

Synonyms: تگ و دو کرنا, مصروف رہنا"
"جانفشانی کرنا","Translations:
EN: to work with soul and life / to be extremely dedicated
AR: تَفَانَى فِي العَمَل
FR: se donner corps et âme

Definition:
(EN) Compound verb expressing the act of working with extreme dedication and self-sacrifice.

Example: اس نے جانفشانی سے اپنا فرض نبھایا۔

Translation: He fulfilled his duty with extreme dedication (soul and life).

Root Word: Persian 'jān-fishānī'.

Synonyms: تندہی سے کام کرنا, جی لگا کر کام کرنا"
"کام چوری کرنا","Translations:
EN: to shirk work / to be lazy / to avoid duty
AR: تَهَرَّبَ مِنَ العَمَل
FR: tirer au flanc / paresser

Definition:
(EN) Compound verb expressing the act of avoiding work or being lazy when one should be working.

Example: کام چوری کرنا بری بات ہے۔

Translation: Shirking work is a bad thing.

Root Word: Urdu 'kām' + 'chorī'.

Synonyms: سستی کرنا, تساہل برتنا"
"وقت ضائع کرنا","Translations:
EN: to waste time
AR: أَضَاعَ الوَقْتَ
FR: perdre son temps

Definition:
(EN) Compound verb expressing the act of spending time on useless or unproductive activities.

Example: اپنا وقت ضائع نہ کرو۔

Translation: Do not waste your time.

Root Word: Urdu 'waqt' + Arabic 'żāʾiʿ'.

Synonyms: وقت برباد کرنا, مکھیاں مارنا"
"دھوکہ کھانا","Translations:
EN: to be deceived / to be cheated / to be tricked
AR: خُدِعَ / غُرَّ بِـ
FR: être trompé / être dupé

Definition:
(EN) Passive compound verb used when the subject is the victim of a deception or trick.

Example: وہ زندگی میں بار بار دھوکہ کھاتا رہا۔

Translation: He kept being deceived repeatedly in life.

Root Word: Sanskrit 'dhokkha' + Urdu 'khānā'.

Synonyms: فریب میں آنا, بیوقوف بننا"
"مار کھانا","Translations:
EN: to be beaten / to get a thrashing
AR: ضُرِبَ / تَلَقَّى ضَرْبًا
FR: être battu / se faire battre

Definition:
(EN) Passive compound verb used when the subject receives physical blows or punishment.

Example: شرارت کرو گے تو مار کھاؤ گے۔

Translation: If you do mischief, you will be beaten.

Root Word: Sanskrit 'māraṇa' + Urdu 'khānā'.

Synonyms: پیٹنا جانا, زد و کوب ہونا"
"چوٹ لگنا","Translations:
EN: to get hurt / to be injured / to receive a blow
AR: أُصِيبَ / جُرِحَ
FR: se blesser / recevoir un coup

Definition:
(EN) Compound verb expressing the act of receiving a physical or emotional injury.

Example: اسے سر پر چوٹ لگی ہے۔

Translation: He has received a blow (hurt) on the head.

Root Word: Sanskrit 'coṭṭa' + Urdu 'lagnā'.

Synonyms: زخمی ہونا, دکھ پہنچنا"
"زخم لگنا","Translations:
EN: to be wounded / to receive a cut
AR: جُرِحَ
FR: être blessé / recevoir une plaie

Definition:
(EN) (Similar to choṭ lagnā, but usually refers to an open wound or a deep emotional hurt). To be wounded.

Example: میرے دل پر ایک زخم لگا ہے۔

Translation: A wound has been inflicted on my heart.

Root Word: Persian 'zakhm' + Urdu 'lagnā'.

Synonyms: گھائل ہونا, زخمی ہونا"
"ٹھوکر لگنا","Translations:
EN: to stumble / to trip / to be hit by an obstacle
AR: تَعَثَّرَ
FR: trébucher / buter contre

Definition:
(EN) Compound verb expressing the act of hitting one's foot against something or figuratively failing in a task.

Example: چلتے چلتے اسے ٹھوکر لگی۔

Translation: While walking, he stumbled.

Root Word: Sanskrit 'ṭhokkara' + Urdu 'lagnā'.

Synonyms: گرنا, ناکام ہونا"
"گر پڑنا","Translations:
EN: to fall down / to collapse
AR: سَقَطَ / اِنْهَارَ
FR: tomber / s'écrouler

Definition:
(EN) Compound verb expressing a sudden fall from a height or a physical collapse.

Example: بچہ فرش پر گر پڑا۔

Translation: The child fell down on the floor.

Root Word: Sanskrit 'girati' + Urdu 'paṛnā'.

Synonyms: سقط ہونا, ڈھیر ہونا"
"سہارا لینا","Translations:
EN: to take support / to rely on / to lean on
AR: اِسْتَنَدَ إِلَى / اِعْتَمَدَ عَلَى
FR: s'appuyer sur / prendre appui

Definition:
(EN) Compound verb expressing the act of using something or someone for physical or moral support.

Example: دیوار کا سہارا لو۔

Translation: Take the support of the wall (Lean on the wall).

Root Word: Sanskrit 'sadhāra' + Urdu 'lenā'.

Synonyms: آسرا لینا, ٹیک لگانا"
"سہارا دینا","Translations:
EN: to give support / to help / to sustain
AR: سَانَدَ / أَعَانَ
FR: soutenir / aider / épauler

Definition:
(EN) Compound verb expressing the act of providing assistance or physical support to someone in need.

Example: ضرورت مند کو سہارا دو۔

Translation: Give support to the needy.

Root Word: Sanskrit 'sadhāra' + Urdu 'denā'.

Synonyms: مدد کرنا, تھامنا"
"ہاتھ بڑھانا","Translations:
EN: to extend a hand (help) / to reach out
AR: مَدَّ يَدَ العَوْنِ
FR: tendre la main / aider

Definition:
(EN) Idiomatic compound verb meaning to offer help or to attempt to reach for something.

Example: غریبوں کی مدد کے لیے ہاتھ بڑھاؤ۔

Translation: Extend a hand to help the poor.

Root Word: Urdu 'hāth' + 'baṛhānā'.

Synonyms: مدد کرنا, تعاون کرنا"
"کندھا دینا","Translations:
EN: to give a shoulder (help) / to be a pallbearer
AR: سَانَدَ بِالرَّأْسِ / حَمَلَ الجِنَازَة
FR: épauler / porter un cercueil

Definition:
(EN) Idiomatic compound verb meaning to help someone in their burden or specifically to carry a coffin during a funeral.

Example: اس نے دوست کے جنازے کو کندھا دیا۔

Translation: He gave a shoulder to (carried) his friend's funeral.

Root Word: Sanskrit 'skandha' + Urdu 'denā'.

Synonyms: ساتھ دینا, جنازہ اٹھانا"
"جنازہ اٹھانا","Translations:
EN: to carry a funeral / to perform a funeral procession
AR: شَيَّعَ الجِنَازَة
FR: faire les funérailles

Definition:
(EN) Compound verb specifically referring to the act of lifting and carrying the deceased toward the burial ground.

Example: پورے محلے نے جنازہ اٹھایا۔

Translation: The whole neighborhood carried the funeral.

Root Word: Arabic 'janāza' + Urdu 'uṭhānā'.

Synonyms: تدفین کے لیے لے جانا, جنازہ نکالنا"
"دفن کرنا","Translations:
EN: to bury / to inter
AR: دَفَنَ
FR: enterrer / inhumer

Definition:
(EN) Compound verb expressing the act of putting a dead body into the ground.

Example: اسے قبرستان میں دفن کیا گیا۔

Translation: He was buried in the cemetery.

Root Word: Arabic 'dafn'.

Synonyms: خاک میں ملانا, سپردِ خاک کرنا"
"فاتحہ پڑھنا","Translations:
EN: to recite Fatiha / to pray for the deceased
AR: قَرَأَ الفَاتِحَة
FR: réciter la Fatiha

Definition:
(EN) Religious compound verb expressing the act of reciting the first chapter of the Quran as a prayer for someone who has passed away.

Example: اس کی روح کے لیے فاتحہ پڑھو۔

Translation: Recite Fatiha for his soul.

Root Word: Arabic 'fātiḥa' + Urdu 'paṛhnā'.

Synonyms: ایصالِ ثواب کرنا, دعا کرنا"
"تعزیت کرنا","Translations:
EN: to offer condolences / to sympathize with the bereaved
AR: عَزَّى
FR: présenter ses condoléances

Definition:
(EN) Compound verb expressing the act of visiting the family of the deceased to offer sympathy and prayers.

Example: ہم ان کے گھر تعزیت کے لیے گئے۔

Translation: We went to their house to offer condolences.

Root Word: Arabic 'taʿziyat'.

Synonyms: افسوس کرنا, پرسہ دینا"
"ماتم کرنا","Translations:
EN: to mourn / to lament / to beat the chest (ceremonial)
AR: حَزِنَ / أَقَامَ مَأْتَمًا
FR: faire le deuil / se lamenter

Definition:
(EN) Compound verb expressing the act of mourning for the dead, often involving public or ceremonial displays of grief.

Example: وہ اپنے بیٹے کا ماتم کر رہی ہے۔

Translation: She is mourning her son.

Root Word: Arabic 'mātam'.

Synonyms: سوگ منانا, بین کرنا"
"برداشت کرنا","Translations:
EN: to bear / to tolerate / to endure
AR: تَحَمَّلَ / صَبَرَ عَلَى
FR: supporter / tolérer / endurer

Definition:
(EN) Compound verb expressing the act of putting up with something difficult, painful, or annoying.

Example: میں اب مزید برداشت نہیں کر سکتا۔

Translation: I cannot tolerate (bear) anymore now.

Root Word: Persian 'bardāsht'.

Synonyms: جھیلنا, سہنا"
"جھیلنا","Translations:
EN: to endure / to suffer through / to weather (a storm)
AR: قَاسَى / عَانَى
FR: endurer / subir

Definition:
(EN) Verb expressing the act of undergoing a long or difficult experience or hardship.

Example: اس نے بہت دکھ جھیلے ہیں۔

Translation: He has endured (suffered through) many sorrows.

Root Word: Sanskrit 'jhalla'.

Synonyms: برداشت کرنا, سہنا"
"رونا","Translations:
EN: to cry / to weep / to lament
AR: بَكَى
FR: pleurer

Definition:
(EN) Verb expressing the act of shedding tears as a response to pain, sorrow, or strong emotion.

Example: رونا بند کرو۔

Translation: Stop crying.

Root Word: Sanskrit 'rodana'.

Synonyms: آنسو بہانا, زاری کرنا"
"رلانا","Translations:
EN: to make someone cry
AR: أَبْكَى
FR: faire pleurer

Definition:
(EN) Causative verb meaning to cause someone else to shed tears or feel extreme sorrow.

Example: کسی کو رلانا گناہ ہے۔

Translation: It is a sin to make someone cry.

Root Word: Sanskrit 'rodana' (Causative).

Synonyms: تڑپانا, دکھی کرنا"
"ہنسنا","Translations:
EN: to laugh
AR: ضَحِكَ
FR: rire

Definition:
(EN) Verb expressing the act of making sounds and movements of the face that show amusement or happiness.

Example: زور سے ہنسنا۔

Translation: To laugh loudly.

Root Word: Sanskrit 'hasana'.

Synonyms: ہنسی آنا, مسکرانا"
"ہنسانا","Translations:
EN: to make someone laugh
AR: أَضْحَكَ
FR: faire rire

Definition:
(EN) Causative verb meaning to cause someone else to feel amused and laugh.

Example: وہ سب کو ہنساتا ہے۔

Translation: He makes everyone laugh.

Root Word: Sanskrit 'hasana' (Causative).

Synonyms: خوش کرنا, مذاق کرنا"
"مسکرانا","Translations:
EN: to smile
AR: اِبْتَسَمَ
FR: sourire

Definition:
(EN) Verb expressing the act of forming a pleased or kind expression on the face.

Example: وہ ہمیشہ مسکراتی رہتی ہے۔

Translation: She is always smiling.

Root Word: Arabic 'muskurāhat' (Urdu modification).

Synonyms: ہنسنا, تبسم کرنا"
"قہقہہ لگانا","Translations:
EN: to burst out laughing / to guffaw
AR: قَهْقَهَ
FR: éclater de rire

Definition:
(EN) Compound verb expressing a sudden, loud, and hearty laugh.

Example: اس نے لطیفہ سن کر قہقہہ لگایا۔

Translation: He burst out laughing after hearing the joke.

Root Word: Arabic 'qahqaha'.

Synonyms: کھلکھلانا, زور سے ہنسنا"
"مذاق اڑانا","Translations:
EN: to make fun of / to mock / to ridicule
AR: سَخِرَ مِنْ / اِسْتَهْزَأَ بِـ
FR: se moquer de / ridiculiser

Definition:
(EN) Idiomatic compound verb expressing the act of teasing someone in an unkind or mocking way.

Example: کسی کی غربت کا مذاق نہ اڑاؤ۔

Translation: Do not make fun of (mock) anyone's poverty.

Root Word: Arabic 'mazāq' + Urdu 'uṛānā'.

Synonyms: ٹھٹھا کرنا, تضحیک کرنا"
"طنز کرنا","Translations:
EN: to use sarcasm / to taunt / to mock (intellectually)
AR: تَهَكَّمَ / سَخِرَ
FR: ironiser / railler

Definition:
(EN) Compound verb expressing the act of using irony or sharp words to mock or convey contempt.

Example: اس پر طنز نہ کرو۔

Translation: Do not use sarcasm (taunt) on him.

Root Word: Arabic 'ṭanz'.

Synonyms: چوٹ کرنا, آوازے کسنا"
"غیبت کرنا","Translations:
EN: to backbite / to speak ill behind someone's back
AR: اِغْتَابَ
FR: médire

Definition:
(EN) (Specific religious/moral term). Compound verb expressing the act of speaking about someone's faults in their absence.

Example: غیبت کرنا اپنے مردہ بھائی کا گوشت کھانے کے برابر ہے۔

Translation: Backbiting is like eating the flesh of one's dead brother.

Root Word: Arabic 'gheebat'.

Synonyms: برائی کرنا, شکایت کرنا"
"تہمت لگانا","Translations:
EN: to accuse falsely / to slander / to libel
AR: اِتَّهَمَ زُورًا / قَذَفَ
FR: calomnier / accuser faussement

Definition:
(EN) Compound verb expressing the act of making a false and damaging statement about someone.

Example: کسی پر جھوٹی تہمت نہ لگاؤ۔

Translation: Do not level a false accusation (slander) against anyone.

Root Word: Arabic 'tohamat'.

Synonyms: الزام لگانا, بہتان باندھنا"
"بدگوئی کرنا","Translations:
EN: to speak ill / to malign
AR: أَسَاءَ القَوْل فِي / ذَمَّ
FR: dire du mal de

Definition:
(EN) Compound verb expressing the act of saying bad things about someone, whether in their presence or absence.

Example: بدگوئی کرنا اخلاق کے خلاف ہے۔

Translation: Speaking ill (maligning) is against ethics.

Root Word: Persian 'bad-goʾī'.

Synonyms: برائی کرنا, عیب گوئی کرنا"
"خوشامد کرنا","Translations:
EN: to flatter / to butter up
AR: تَمَلَّقَ / دَاهَنَ
FR: flatter

Definition:
(EN) Compound verb expressing the act of praising someone excessively or insincerely to gain a favor.

Example: وہ افسر کی خوشامد کرتا ہے۔

Translation: He flatters the officer.

Root Word: Persian 'khushāmad'.

Synonyms: چاپلوسی کرنا, لجاجت کرنا"
"چاپلوسی کرنا","Translations:
EN: to sycophant / to fawn / to be a toady
AR: نَافَقَ / تَمَلَّقَ
FR: cajoler / faire le lèche-bottes

Definition:
(EN) (Stronger than khushāmad). Compound verb expressing the act of behaving in an excessively submissive way to win favor.

Example: مجھے چاپلوسی پسند نہیں ہے۔

Translation: I do not like sycophancy (fawning).

Root Word: Hindi/Urdu origin.

Synonyms: خوشامد کرنا, تلوی چاٹنا"
"عبادت کرنا","Translations:
EN: to worship / to serve (God)
AR: عَبَدَ
FR: adorer / pratiquer le culte

Definition:
(EN) Compound verb expressing the act of performing religious devotion and service to God.

Example: سچے دل سے اللہ کی عبادت کرو۔

Translation: Worship Allah with a true heart.

Root Word: Arabic 'ʿibādat'.

Synonyms: بندگی کرنا, پوجا کرنا"
"سجدہ کرنا","Translations:
EN: to prostrate / to bow down
AR: سَجَدَ
FR: se prosterner

Definition:
(EN) Compound verb expressing the act of touching the ground with the forehead in submission or worship.

Example: صرف اللہ کے سامنے سجدہ کرو۔

Translation: Prostrate only before Allah.

Root Word: Arabic 'sajda'.

Synonyms: پیشانی ٹیکنا, بندگی کرنا"
"ذکر کرنا","Translations:
EN: to mention / to remember (God) / to state
AR: ذَكَرَ
FR: mentionner / se souvenir de

Definition:
(EN) Compound verb expressing the act of speaking about something or reciting the names/attributes of God.

Example: اس نے تمھارا ذکر کیا تھا۔

Translation: He had mentioned you.

Root Word: Arabic 'zikr'.

Synonyms: بیان کرنا, یاد کرنا"
"تلاوت کرنا","Translations:
EN: to recite (Holy Book)
AR: تَلَا / قَرَأَ
FR: réciter (le Livre Saint)

Definition:
(EN) Compound verb specifically used for the act of reading or reciting verses from a holy scripture, especially the Quran.

Example: روزانہ قرآن کی تلاوت کرو۔

Translation: Recite the Quran daily.

Root Word: Arabic 'tilāwat'.

Synonyms: پڑھنا, ترتیل کرنا"
"وعظ کرنا","Translations:
EN: to preach / to deliver a sermon
AR: وَعَظَ
FR: prêcher / donner un sermon

Definition:
(EN) Compound verb expressing the act of giving a religious or moral discourse to a congregation.

Example: مولانا نے مسجد میں وعظ کیا۔

Translation: The Maulana delivered a sermon (preached) in the mosque.

Root Word: Arabic 'waʿẓ'.

Synonyms: نصیحت کرنا, خطبہ دینا"
"تبلیغ کرنا","Translations:
EN: to propagate (faith) / to preach / to spread a message
AR: بَلَّغَ
FR: propager (la foi) / prêcher

Definition:
(EN) Compound verb expressing the act of spreading a religious message or an ideology to others.

Example: اسلام کی تبلیغ کرنا ہر مسلمان کا فرض ہے۔

Translation: To propagate Islam is the duty of every Muslim.

Root Word: Arabic 'tableegh'.

Synonyms: اشاعت کرنا, پیغام پہنچانا"
"ہدایت دینا","Translations:
EN: to give guidance / to direct / to instruct
AR: أَهْدَى / أَرْشَدَ
FR: guider / orienter / instruire

Definition:
(EN) Compound verb expressing the act of providing spiritual or practical direction to someone.

Example: اللہ ہمیں سیدھے راستے کی ہدایت دے۔

Translation: May Allah give us guidance to the straight path.

Root Word: Arabic 'hidāyat' + Urdu 'denā'.

Synonyms: رہنمائی کرنا, رستہ دکھانا"
"گمراہ کرنا","Translations:
EN: to mislead / to lead astray
AR: أَضَلَّ
FR: égarer / induire en erreur

Definition:
(EN) Compound verb expressing the act of making someone lose their way physically or morally.

Example: بری صحبت انسان کو گمراہ کرتی ہے۔

Translation: Bad company misleads a human being.

Root Word: Persian 'gum-rāh'.

Synonyms: بہکانا, راہ سے بھٹکانا"
"بہکانا","Translations:
EN: to lead astray / to entice / to tempt
AR: غَوَى / أَغْرَى
FR: séduire / égarer / tenter

Definition:
(EN) Verb expressing the act of persuading someone to do something wrong or foolish through trickery or temptation.

Example: اسے غلط باتوں سے نہ بہکاؤ۔

Translation: Do not lead him astray with wrong talks.

Root Word: Sanskrit 'bahkānā'.

Synonyms: ورغلانا, گمراہ کرنا"
"ورغلانا","Translations:
EN: to instigate / to entice / to provoke
AR: حَرَّضَ / أَغْرَى
FR: instiguer / inciter

Definition:
(EN) (Stronger than behkānā). Verb expressing the act of inciting someone to commit a negative act or crime.

Example: دشمن نے سپاہیوں کو ورغلایا۔

Translation: The enemy instigated (enticed) the soldiers.

Root Word: Persian 'war-ghalānā'.

Synonyms: اکسانا, بہکانا"
"اکسانا","Translations:
EN: to incite / to provoke / to stimulate
AR: حَرَّضَ / حَثَّ
FR: inciter / provoquer / stimuler

Definition:
(EN) Verb expressing the act of encouraging or stirring someone to take an action, often a rebellious or aggressive one.

Example: اسے جھگڑے کے لیے نہ اکساؤ۔

Translation: Do not incite him for a fight.

Root Word: Sanskrit 'uksānā'.

Synonyms: اشتعال دینا, ترغیب دینا"
"اشتعال دلانا","Translations:
EN: to provoke (anger) / to inflame
AR: أَثَارَ / أَغْضَبَ
FR: provoquer (colère) / enflammer

Definition:
(EN) Compound verb expressing the act of making someone extremely angry or stirring up strong emotions.

Example: لوگوں کو اشتعال نہ دلاؤ۔

Translation: Do not provoke (inflame) the people.

Root Word: Arabic 'ishtiʿāl' + Urdu 'dilānā'.

Synonyms: اکسانا, بھڑکانا"
"صلح کرنا","Translations:
EN: to reconcile / to make peace / to settle a dispute
AR: صَالَحَ
FR: se réconcilier / faire la paix

Definition:
(EN) Compound verb expressing the act of ending a conflict and reaching an agreement with an opponent.

Example: دونوں فریقوں نے صلح کر لی۔

Translation: Both parties made peace (reconciled).

Root Word: Arabic 'ṣulḥ'.

Synonyms: راضی ہونا, سمجھوتہ کرنا"
"راضی کرنا","Translations:
EN: to persuade / to make someone agree / to please
AR: أَقْنَعَ / أَرْضَى
FR: persuader / convaincre / plaire

Definition:
(EN) Compound verb expressing the act of making someone willing to do something or gaining their consent/pleasure.

Example: میں اسے راضی کر لوں گا۔

Translation: I will persuade him (make him agree).

Root Word: Arabic 'rāżī' + Urdu 'karnā'.

Synonyms: منانا, قائل کرنا"
"منانا","Translations:
EN: to persuade / to win over (emotionally) / to celebrate
AR: اِسْتَمَالَ / اِحْتَفَلَ
FR: amadouer / gagner / célébrer

Definition:
(EN) Verb meaning to appease an angry person or to celebrate an event/festival.

Example: ناراض دوست کو مناؤ۔

Translation: Persuade (Appease) the angry friend.

Root Word: Sanskrit 'mānanā'.

Synonyms: راضی کرنا, جشن منانا"
"شرمانا","Translations:
EN: to feel shy / to be ashamed / to blush
AR: خَجِلَ / اِسْتَحْيَا
FR: avoir honte / être timide / rougir

Definition:
(EN) Verb expressing the feeling of shyness, modesty, or shame.

Example: وہ بات کرتے ہوئے شرماتا ہے۔

Translation: He feels shy while talking.

Root Word: Sanskrit 'śarma'.

Synonyms: حیا کرنا, لجانا"
"گھبرانا","Translations:
EN: to be nervous / to panic / to be agitated
AR: اِضْطَرَبَ / ذُعِرَ
FR: s'inquiéter / paniquer

Definition:
(EN) Verb expressing a state of mental agitation, nervousness, or sudden fear.

Example: مشکل وقت میں گھبرانا نہیں چاہیے۔

Translation: One should not panic (be nervous) in difficult times.

Root Word: Sanskrit 'ghabara'.

Synonyms: پریشان ہونا, ڈرنا"
"پریشان ہونا","Translations:
EN: to be worried / to be upset / to be troubled
AR: قَلِقَ / اِنْزَعَجَ
FR: s'inquiéter / être troublé

Definition:
(EN) Compound verb expressing a state of anxiety or being bothered by something.

Example: تم کیوں پریشان ہو؟

Translation: Why are you worried (upset)?

Root Word: Persian 'pare-shān'.

Synonyms: فکر مند ہونا, گھبرانا"
"سکون پانا","Translations:
EN: to find peace / to be at ease / to find tranquility
AR: اِطْمَأَنَّ / نَالَ السَّكِينَة
FR: trouver la paix / être tranquille

Definition:
(EN) Compound verb expressing the act of attaining a state of mental or physical calmness.

Example: اسے عبادت میں سکون ملتا ہے۔

Translation: He finds peace in worship.

Root Word: Arabic 'sukūn'.

Synonyms: اطمینان پانا, چین ملنا"
"آرام پہنچانا","Translations:
EN: to provide comfort / to give rest / to soothe
AR: أَرَاحَ / واسَى
FR: apporter du confort / soulager

Definition:
(EN) Compound verb meaning to do something that makes another person feel comfortable or relieved of pain/stress.

Example: مریض کو آرام پہنچاؤ۔

Translation: Provide comfort to the patient.

Root Word: Persian 'ārām' + Urdu 'pahunchānā'.

Synonyms: تسلی دینا, سکھ دینا"
"تکلیف دینا","Translations:
EN: to give pain / to trouble / to bother
AR: آلَمَ / أَزْعَجَ
FR: faire souffrir / déranger

Definition:
(EN) Compound verb meaning to cause physical or mental distress to someone.

Example: کسی کو بلاوجہ تکلیف نہ دو۔

Translation: Do not give pain (trouble) to anyone without reason.

Root Word: Arabic 'takleef'.

Synonyms: دکھ دینا, ستانا"
"دکھ پہنچانا","Translations:
EN: to hurt (emotionally) / to cause sorrow
AR: أَحْزَنَ / جَرَحَ المَشَاعِر
FR: faire de la peine / blesser

Definition:
(EN) Compound verb specifically referring to hurting someone's feelings or causing them sadness.

Example: میری باتوں سے اسے دکھ پہنچا۔

Translation: My words hurt him (caused him sorrow).

Root Word: Sanskrit 'duḥkha' + Urdu 'pahunchānā'.

Synonyms: دل دکھانا, غمگین کرنا"
"خوشی منانا","Translations:
EN: to celebrate happiness / to rejoice
AR: اِحْتَفَلَ / فَرِحَ
FR: célébrer / se réjouir

Definition:
(EN) Compound verb expressing the act of celebrating or showing joy for an achievement or event.

Example: ہم اپنی کامیابی کی خوشی منا رہے ہیں۔

Translation: We are celebrating (rejoicing in) our success.

Root Word: Persian 'khushī' + Sanskrit 'mānanā'.

Synonyms: جشن منانا, مسرور ہونا"
"عید منانا","Translations:
EN: to celebrate Eid
AR: اِحْتَفَلَ بِالعِيد
FR: fêter l'Aïd

Definition:
(EN) (Specific cultural verb). Compound verb referring to performing the rituals and festivities of the Eid holiday.

Example: ہم سب مل کر عید منائیں گے۔

Translation: We will all celebrate Eid together.

Root Word: Arabic 'ʿeed' + Sanskrit 'mānanā'.

Synonyms: تہوار منانا, خوشی کرنا"
"سالگرہ منانا","Translations:
EN: to celebrate birthday
AR: اِحْتَفَلَ بِعِيدِ المِيلاد
FR: fêter un anniversaire

Definition:
(EN) Compound verb referring to celebrating the anniversary of one's birth.

Example: آج میری سالگرہ منائی جا رہی ہے۔

Translation: Today my birthday is being celebrated.

Root Word: Persian 'sāl' (year) + 'girah' (knot).

Synonyms: یومِ پیدائش منانا"
"سوگ منانا","Translations:
EN: to mourn / to be in mourning
AR: حَزِنَ / اِعْتَدَّتْ (for widow)
FR: porter le deuil

Definition:
(EN) Compound verb expressing the act of showing sorrow for the death of someone, often for a specific period.

Example: ملک میں تین دن کا سوگ منایا گیا۔

Translation: Three days of mourning was observed (celebrated/marked) in the country.

Root Word: Sanskrit 'śoka' + 'mānanā'.

Synonyms: ماتم کرنا, غم کرنا"
"فراموش کرنا","Translations:
EN: to forget / to overlook / to omit
AR: نَسِيَ / أَغْفَلَ
FR: oublier / omettre

Definition:
(EN) Formal compound verb meaning to fail to remember or to intentionally ignore something.

Example: ماضی کی باتوں کو فراموش کر دو۔

Translation: Forget (Overlook) the matters of the past.

Root Word: Persian 'farāmosh'.

Synonyms: بھول جانا, نظر انداز کرنا"
"نظر انداز کرنا","Translations:
EN: to ignore / to overlook / to disregard
AR: تَجَاهَلَ / أَغْفَلَ
FR: ignorer / négliger

Definition:
(EN) Compound verb expressing the act of not paying attention to something or someone, either intentionally or unintentionally.

Example: میری تجویز کو نظر انداز نہ کرو۔

Translation: Do not ignore (overlook) my suggestion.

Root Word: Arabic 'naẓar' + Persian 'andāz'.

Synonyms: درگزر کرنا, فراموش کرنا"
"درگزر کرنا","Translations:
EN: to forgive / to overlook / to pass over
AR: عَفَا / صَفَحَ
FR: pardonner / passer outre

Definition:
(EN) Noble compound verb meaning to ignore someone's mistake and choose not to punish or remember it.

Example: غلطیوں سے درگزر کرنا سیکھو۔

Translation: Learn to overlook (forgive) mistakes.

Root Word: Persian 'dar-guzar'.

Synonyms: معاف کرنا, چشم پوشی کرنا"
"درکنار کرنا","Translations:
EN: to set aside / to disregard / to keep aside
AR: نَحَّى جَانِبًا
FR: mettre de côté / écarter

Definition:
(EN) Compound verb used to indicate that something is being left out of consideration for the moment.

Example: اصل مسئلے کو درکنار نہ کرو۔

Translation: Do not set aside (disregard) the main issue.

Root Word: Persian 'dar-kanār'.

Synonyms: الگ کرنا, ایک طرف رکھنا"
"سفر کرنا","Translations:
EN: to travel / to journey / to voyage
AR: سَافَرَ
FR: voyager

Definition:
(EN) Compound verb expressing the act of going from one place to another, especially over a long distance.

Example: میں نے بحری جہاز سے سفر کیا۔

Translation: I traveled by ship.

Root Word: Arabic 'safar'.

Synonyms: مسافت کرنا, سیاحت کرنا"
"روانہ ہونا","Translations:
EN: to depart / to set out / to leave (for a destination)
AR: رَحَلَ / اِنْطَلَقَ
FR: partir / se mettre en route

Definition:
(EN) Compound verb expressing the act of starting a journey or leaving for a specific place.

Example: وہ لاہور کے لیے روانہ ہو گیا۔

Translation: He departed (set out) for Lahore.

Root Word: Persian 'rawāna' + Urdu 'honā'.

Synonyms: کوچ کرنا, نکلنا"
"منزل پانا","Translations:
EN: to reach destination / to achieve a goal
AR: وَصَلَ إِلَى المَقْصِد
FR: atteindre sa destination / atteindre un but

Definition:
(EN) Idiomatic compound verb expressing the act of successfully arriving at one's travel destination or life goal.

Example: محنت کرنے والے منزل پا لیتے ہیں۔

Translation: Those who work hard reach their destination.

Root Word: Arabic 'manzil' + Urdu 'pānā'.

Synonyms: منزل مقصود تک پہنچنا, کامیاب ہونا"
"راستہ دکھانا","Translations:
EN: to show the way / to guide / to direct
AR: أَرَشَدَ / هَدَى
FR: montrer le chemin / guider

Definition:
(EN) Compound verb meaning to provide physical or moral direction to someone.

Example: اس نے مجھے گھر کا راستہ دکھایا۔

Translation: He showed me the way to the house.

Root Word: Persian 'rāsta' + Urdu 'dikhānā'.

Synonyms: رہنمائی کرنا, ہدایت دینا"
"بھٹک جانا","Translations:
EN: to go astray / to lose one's way / to wander
AR: ضَلَّ / تَاهَ
FR: s'égarer / s'éloigner du chemin

Definition:
(EN) Compound verb expressing the act of losing the correct path physically or ethically.

Example: وہ جنگل میں راستہ بھٹک گیا۔

Translation: He lost his way (went astray) in the forest.

Root Word: Sanskrit 'bhraṣṭa' + Urdu 'jānā'.

Synonyms: گمراہ ہونا, رستہ بھول جانا"
"کھو جانا","Translations:
EN: to get lost / to disappear / to be absorbed in thought
AR: ضَاعَ / اِخْتَفَى / غَرِقَ فِي التَّفْكِير
FR: se perdre / disparaître

Definition:
(EN) Compound verb expressing the act of becoming lost or being so focused on something that one loses awareness of surroundings.

Example: بچہ میلے میں کھو گیا۔

Translation: The child got lost in the fair.

Root Word: Sanskrit 'kṣaya' + Urdu 'jānā'.

Synonyms: گم ہو جانا, غائب ہونا"
"تلاش کرنا","Translations:
EN: to search / to look for / to seek
AR: بَحَثَ عَنْ
FR: chercher / rechercher

Definition:
(EN) Compound verb expressing the act of trying to find someone or something.

Example: میں اپنی چابیاں تلاش کر رہا ہوں۔

Translation: I am searching for my keys.

Root Word: Arabic 'talāsh'.

Synonyms: ڈھونڈنا, کھوج لگانا"
"ڈھونڈنا","Translations:
EN: to find / to look for / to search out
AR: بَحَثَ / وَجَدَ
FR: chercher / trouver

Definition:
(EN) Verb expressing the act of searching for something specifically in order to find it.

Example: اسے ڈھونڈ کر لاؤ۔

Translation: Find him and bring (him).

Root Word: Sanskrit 'ḍhūnḍhana'.

Synonyms: تلاش کرنا, کھوجنا"
"دستیاب ہونا","Translations:
EN: to be available / to be obtainable / to be at hand
AR: تَوَفَّرَ / مَوْجُود
FR: être disponible / être à disposition

Definition:
(EN) Compound verb expressing the state of something being ready for use or easy to reach.

Example: یہ کتاب مارکیٹ میں دستیاب ہے۔

Translation: This book is available in the market.

Root Word: Persian 'dast-yāb'.

Synonyms: ملنا, میسر ہونا"
"رسائی حاصل کرنا","Translations:
EN: to gain access / to reach / to approach
AR: وَصَلَ إِلَى / نَالَ دُخُولاً
FR: accéder à / avoir accès

Definition:
(EN) Formal compound verb meaning to achieve the ability to enter a place or contact a person.

Example: انٹرنیٹ تک رسائی حاصل کرنا مشکل ہے۔

Translation: It is difficult to gain access to the internet.

Root Word: Persian 'rasāʾī' + Arabic 'ḥāṣil'.

Synonyms: پہنچ پانا, باریاب ہونا"
"دخل دینا","Translations:
EN: to interfere / to intervene / to interrupt
AR: تَدَخَّلَ / قَاطَعَ
FR: s'ingérer / intervenir

Definition:
(EN) Compound verb expressing the act of involving oneself in a matter where one is not needed or invited.

Example: میرے کام میں دخل نہ دو۔

Translation: Do not interfere in my work.

Root Word: Arabic 'dakhl'.

Synonyms: مداخلت کرنا, ٹوکنا"
"مداخلت کرنا","Translations:
EN: to interfere (formal) / to intervene / to meddle
AR: تَدَخَّلَ
FR: intervenir / s'immiscer

Definition:
(EN) Formal version of dakhl denā, used in administrative or serious contexts.

Example: بیرونی مداخلت برداشت نہیں کی جائے گی۔

Translation: Foreign interference will not be tolerated.

Root Word: Arabic 'mudākhalat'.

Synonyms: دخل اندازی کرنا, آڑے آنا"
"روک ٹوک کرنا","Translations:
EN: to check / to question / to restrain / to hinder
AR: اِعْتَرَضَ / مَنَعَ
FR: contrôler / réprimer / mettre des obstacles

Definition:
(EN) Compound verb expressing the act of constantly questioning or stopping someone from doing something.

Example: اس پر زیادہ روک ٹوک نہ کرو۔

Translation: Do not restrain (check) him too much.

Root Word: Urdu 'roknā' + 'ṭoknā'.

Synonyms: پابندی لگانا, باز رکھنا"
"پابندی لگانا","Translations:
EN: to impose a ban / to restrict / to limit
AR: فَرَضَ حَظْرًا / قَيَّدَ
FR: interdire / imposer une restriction

Definition:
(EN) Compound verb expressing the act of legally or formally forbidding an action or item.

Example: حکومت نے اس کتاب پر پابندی لگا دی۔

Translation: The government imposed a ban on this book.

Root Word: Persian 'pābandī'.

Synonyms: روکنا, قید لگانا"
"آزاد کرنا","Translations:
EN: to free / to liberate / to release
AR: حَرَّرَ / أَطْلَقَ سَرَاحَ
FR: libérer / affranchir

Definition:
(EN) Compound verb expressing the act of giving freedom to a prisoner, a slave, or a country.

Example: قیدیوں کو آزاد کر دیا گیا۔

Translation: The prisoners were freed (released).

Root Word: Persian 'āzād'.

Synonyms: رہائی دینا, خلاصی کرنا"
"قید کرنا","Translations:
EN: to imprison / to cage / to confine
AR: حَبَسَ / سَجَنَ
FR: emprisonner / enfermer

Definition:
(EN) Compound verb expressing the act of putting someone in jail or confining something in a restricted space.

Example: پرندوں کو قید نہ کرو۔

Translation: Do not cage (imprison) the birds.

Root Word: Arabic 'qaid'.

Synonyms: جیل بھیجنا, حبس کرنا"
"گرفتار کرنا","Translations:
EN: to arrest / to capture / to seize
AR: أَلْقَى القَبْض عَلَى / اِعْتَقَلَ
FR: arrêter / capturer

Definition:
(EN) Compound verb expressing the act of legally taking someone into custody by the police.

Example: پولیس نے چور کو گرفتار کر لیا۔

Translation: The police arrested the thief.

Root Word: Persian 'giriftār'.

Synonyms: پکڑنا, حراست میں لینا"
"رہائی پانا","Translations:
EN: to get released / to gain freedom / to be acquitted
AR: نَالَ الحُرِّيَّة / أُطْلِقَ سَرَاحُه
FR: être libéré / obtenir sa libération

Definition:
(EN) Compound verb expressing the act of being set free from prison or a difficult situation.

Example: وہ دس سال بعد قید سے رہائی پائے گا۔

Translation: He will get released from prison after ten years.

Root Word: Persian 'rahāʾī' + Urdu 'pānā'.

Synonyms: آزاد ہونا, خلاصی پانا"
"ضمانت دینا","Translations:
EN: to give bail / to guarantee / to stand surety
AR: كَفَلَ / ضَمِنَ
FR: donner une caution / garantir

Definition:
(EN) Compound verb expressing the act of providing a legal or personal guarantee for someone's appearance or behavior.

Example: اس کے بھائی نے اس کی ضمانت دی۔

Translation: His brother gave bail (guarantee) for him.

Root Word: Arabic 'żamānat'.

Synonyms: کڑی بھرنا, ذمہ داری لینا"
"گواہی دینا","Translations:
EN: to testify / to give evidence / to bear witness
AR: شَهِدَ
FR: témoigner / apporter une preuve

Definition:
(EN) Compound verb expressing the act of stating what one has seen or known, especially in a court of law.

Example: عدالت میں سچی گواہی دو۔

Translation: Give true testimony (witness) in court.

Root Word: Persian 'gawāhī'.

Synonyms: شہادت دینا, تصدیق کرنا"
"ثبوت پیش کرنا","Translations:
EN: to present proof / to provide evidence
AR: قَدَّمَ دَلِيلاً / أَثْبَتَ
FR: présenter une preuve / apporter des preuves

Definition:
(EN) Compound verb expressing the act of showing facts or items that confirm the truth of a statement.

Example: اپنے دعوے کا ثبوت پیش کرو۔

Translation: Present proof of your claim.

Root Word: Arabic 'subūt' + Persian 'pesh'.

Synonyms: دلیل لانا, ثابت کرنا"
"اقرار کرنا","Translations:
EN: to confess / to admit / to affirm / to promise
AR: أَقَرَّ / اِعْتَرَفَ
FR: avouer / admettre / affirmer

Definition:
(EN) Compound verb expressing the act of admitting a truth, a crime, or making a formal affirmation.

Example: اس نے اپنی غلطی کا اقرار کیا۔

Translation: He confessed (admitted) his mistake.

Root Word: Arabic 'iqrār'.

Synonyms: اعتراف کرنا, ماننا"
"انکار کرنا","Translations:
EN: to deny / to refuse / to reject
AR: أَنْكَرَ / رَفَضَ
FR: nier / refuser

Definition:
(EN) Compound verb expressing the act of stating that something is not true or refusing to do/accept something.

Example: اس نے مدد کرنے سے انکار کر دیا۔

Translation: He refused to help.

Root Word: Arabic 'inkār'.

Synonyms: نفی کرنا, نامنظور کرنا"
"جھٹلانا","Translations:
EN: to belie / to falsify / to call someone a liar
AR: كَذَّبَ
FR: démentir / contredire

Definition:
(EN) Verb expressing the act of showing that a statement is false or accusing someone of lying.

Example: تم حق کو کیسے جھٹلا سکتے ہو؟

Translation: How can you belie (falsify) the truth?

Root Word: Sanskrit 'jhūṭ' (Causative).

Synonyms: تکذیب کرنا, غلط ثابت کرنا"
"ثابت کرنا","Translations:
EN: to prove / to establish / to demonstrate
AR: أَثْبَتَ / بَرْهَنَ
FR: prouver / démontrer

Definition:
(EN) Compound verb expressing the act of using evidence to show that something is true or exists.

Example: میں اپنی بے گناہی ثابت کروں گا۔

Translation: I will prove my innocence.

Root Word: Arabic 'sābit' + Urdu 'karnā'.

Synonyms: ثبوت دینا, جتانا"
"الزام لگانا","Translations:
EN: to accuse / to blame / to indict
AR: اِتَّهَمَ
FR: accuser / blâmer

Definition:
(EN) Compound verb expressing the act of stating that someone is responsible for a crime or a mistake.

Example: مجھ پر جھوٹا الزام نہ لگاؤ۔

Translation: Do not level a false accusation (blame) against me.

Root Word: Arabic 'ilzām' + Urdu 'lagānā'.

Synonyms: تہمت دھرنا, دوش دینا"
"تہمت دھرنا","Translations:
EN: to level a slander / to falsely accuse (vivid)
AR: قَذَفَ بِالبُهْتَان
FR: calomnier / diffamer

Definition:
(EN) (Vivid/Strong version of ilzām lagānā). Compound verb specifically referring to malicious false accusations.

Example: کسی شریف پر تہمت دھرنا بہت بڑا گناہ ہے۔

Translation: To slander (falsely accuse) a noble person is a very big sin.

Root Word: Arabic 'tohamat' + Urdu 'dharnā'.

Synonyms: بہتان باندھنا, بدنام کرنا"
"بریت حاصل کرنا","Translations:
EN: to get acquittal / to be exonerated
AR: نَالَ بَرَاءَة
FR: être acquitté

Definition:
(EN) Formal compound verb meaning to be declared innocent and free from charges in a court.

Example: وہ تمام الزامات سے بریت حاصل کرنے میں کامیاب رہا۔

Translation: He succeeded in getting acquittal from all charges.

Root Word: Arabic 'bariyyat' + 'ḥāṣil'.

Synonyms: بے گناہ ثابت ہونا, بری ہونا"
"سزا پانا","Translations:
EN: to receive punishment / to be sentenced
AR: تَلَقَّى عُقُوبَة
FR: être puni / recevoir une sentence

Definition:
(EN) Compound verb expressing the state of receiving retribution for an offense.

Example: مجرم کو اس کے کیے کی سزا ملی۔

Translation: The criminal received punishment for what he did.

Root Word: Persian 'sazā' + Urdu 'pānā'.

Synonyms: عذاب جھیلنا, موردِ عتاب ٹھہرنا"
"پھانسی دینا","Translations:
EN: to hang (execution) / to execute by hanging
AR: شَنَقَ
FR: pendre / exécuter

Definition:
(EN) Compound verb specifically referring to the death penalty carried out by hanging.

Example: قاتل کو پھانسی دی گئی۔

Translation: The murderer was hanged (executed).

Root Word: Sanskrit 'phāñsī' + Urdu 'denā'.

Synonyms: دار پر چڑھانا, تختہ دار پر لٹکانا"
"قتل ہونا","Translations:
EN: to be killed / to be murdered / to be assassinated
AR: قُتِلَ
FR: être tué / être assassiné

Definition:
(EN) Passive compound verb used when the subject is the victim of a murder or homicide.

Example: وہ دشمن کے ہاتھوں قتل ہو گیا۔

Translation: He was killed by the hands of the enemy.

Root Word: Arabic 'qatl' + Urdu 'honā'.

Synonyms: ہلاک ہونا, جان سے جانا"
"شہید ہونا","Translations:
EN: to be martyred / to die for a cause
AR: اُسْتُشْهِدَ
FR: être martyrisé / tomber en martyr

Definition:
(EN) (Specific religious/noble term). Compound verb referring to dying in the way of God, for one's country, or a righteous cause.

Example: سپاہی محاذ پر شہید ہو گیا۔

Translation: The soldier was martyred on the front.

Root Word: Arabic 'shaheed'.

Synonyms: جان قربان کرنا, فدا ہونا"
"دفنایا جانا","Translations:
EN: to be buried / to be interred
AR: دُفِنَ
FR: être enterré

Definition:
(EN) Passive compound verb specifically used for the act of a body being placed in a grave.

Example: اسے کل دفنایا جائے گا۔

Translation: He will be buried tomorrow.

Root Word: Arabic 'dafn' (Causative Passive).

Synonyms: سپردِ خاک ہونا, مدفون ہونا"
"قبر کھودنا","Translations:
EN: to dig a grave / to prepare for burial
AR: حَفَرَ قَبْرًا
FR: creuser une tombe

Definition:
(EN) Compound verb expressing the physical act of digging a hole in the earth for a funeral.

Example: گورکن قبر کھود رہا ہے۔

Translation: The gravedigger is digging the grave.

Root Word: Arabic 'qabr' + Urdu 'khodnā'.

Synonyms: لحد تیار کرنا"
"لحد بنانا","Translations:
EN: to make a niche (in a grave) / to prepare the burial chamber
AR: لَحَدَ
FR: préparer la niche funéraire

Definition:
(EN) (Specific Islamic burial term). Compound verb referring to digging the side-recess (niche) at the bottom of a grave where the body is placed.

Example: قبر میں لحد بنائی گئی ہے۔

Translation: A niche has been made in the grave.

Root Word: Arabic 'laḥad'.

Synonyms: قبر تیار کرنا"
"کفن پہنانا","Translations:
EN: to shroud / to wrap in a funeral cloth
AR: كَفَّنَ
FR: envelopper dans un linceul

Definition:
(EN) Compound verb expressing the act of wrapping the deceased in the specific unstitched white sheets (shroud).

Example: میت کو کفن پہنا دیا گیا۔

Translation: The deceased was wrapped in the shroud (shrouded).

Root Word: Arabic 'kafan' + Urdu 'pehnānā'.

Synonyms: کفن دینا"
"غسل دینا","Translations:
EN: to give a ritual bath (to the deceased)
AR: غَسَّلَ (المَيْت)
FR: faire la toilette mortuaire

Definition:
(EN) (Specific religious term). Compound verb referring to the final ritual washing of a dead body before burial.

Example: میت کو غسل دیا جا رہا ہے۔

Translation: The deceased is being given a ritual bath.

Root Word: Arabic 'ghusl'.

Synonyms: نہلانا (formal)"
"جنازہ پڑھنا","Translations:
EN: to offer funeral prayer / to perform the Janaza prayer
AR: صَلَّى عَلَى الجِنَازَة
FR: faire la prière funéraire

Definition:
(EN) Compound verb referring to the specific collective prayer performed for the deceased before burial.

Example: سب نے مل کر جنازہ پڑھا۔

Translation: Everyone offered the funeral prayer together.

Root Word: Arabic 'janāza' + Urdu 'paṛhnā'.

Synonyms: نمازِ جنازہ ادا کرنا"
"قل خوانی کرنا","Translations:
EN: to perform Qul (3rd day prayer ritual)
AR: أَقَامَ ذِكْرَ اليَوْمِ الثَّالِث
FR: faire le rituel du 3ème jour

Definition:
(EN) (Cultural/Religious term). Compound verb referring to the gathering held on the 3rd day after death to recite Quranic verses (Qul) for the soul.

Example: کل مسجد میں قل خوانی کی جائے گی۔

Translation: Qul-khwani will be performed in the mosque tomorrow.

Root Word: Arabic 'qul' (from the Quranic chapters).

Synonyms: تیجا کرنا"
"چالیسواں کرنا","Translations:
EN: to perform the 40th day ceremony / Chehlum
AR: أَقَامَ ذِكْرَ الأَرْبَعِين
FR: faire la cérémonie du 40ème jour

Definition:
(EN) (Cultural/Religious term). Compound verb referring to the charity and prayers held 40 days after a death.

Example: ہم نے اپنے والد کا چالیسواں کیا۔

Translation: We performed the 40th day ceremony of our father.

Root Word: Urdu 'chālees' (forty).

Synonyms: چہلم کرنا"
"برسی منانا","Translations:
EN: to observe a death anniversary
AR: أَحْيَا ذِكْرَى الوَفَاة
FR: célébrer l'anniversaire d'un décès

Definition:
(EN) Compound verb expressing the act of remembering and praying for the deceased on the annual date of their passing.

Example: آج دادا جان کی برسی منائی جا رہی ہے۔

Translation: Today, grandfather's death anniversary is being observed.

Root Word: Sanskrit 'varṣa' (year) + Urdu 'mānanā'.

Synonyms: یومِ وفات منانا"
"صبر و شکر کرنا","Translations:
EN: to be patient and grateful / to accept fate with grace
AR: صَبَرَ وَشَكَرَ
FR: être patient et reconnaissant

Definition:
(EN) Idiomatic compound verb expressing the act of enduring a loss without complaining and remaining thankful to God.

Example: اس نے ہر حال میں صبر و شکر کیا۔

Translation: He was patient and grateful in every situation.

Root Word: Arabic 'ṣabr' + 'shukr'.

Synonyms: ہمت نہ ہارنا, راضی بہ رضا ہونا"
"تسلی دینا","Translations:
EN: to console / to reassure / to comfort
AR: وَاسَى / سَلَّى
FR: consoler / réconforter

Definition:
(EN) Compound verb expressing the act of giving hope and comfort to someone in distress or grief.

Example: غم زدہ ماں کو تسلی دو۔

Translation: Console the grieving mother.

Root Word: Arabic 'tasallī' + Urdu 'denā'.

Synonyms: دلاسہ دینا, ہمت بندھانا"
"ہمدردی کرنا","Translations:
EN: to sympathize / to show compassion
AR: تَعَاطَفَ مَعَ
FR: compatir / manifester de la sympathie

Definition:
(EN) Compound verb expressing the act of feeling or showing concern and pity for someone else's misfortune.

Example: دوسروں کے ساتھ ہمدردی کرنا سیکھو۔

Translation: Learn to sympathize with others.

Root Word: Persian 'ham-dardī'.

Synonyms: غم خواری کرنا, ترس کھانا"
"غم بانٹنا","Translations:
EN: to share sorrow / to empathize / to help in grief
AR: شَارَكَ الأَحْزَان
FR: partager le chagrin

Definition:
(EN) Idiomatic compound verb expressing the act of being with someone in their grief to make their burden lighter.

Example: دوست وہی ہے جو غم بانٹے۔

Translation: A friend is one who shares sorrow.

Root Word: Urdu 'gham' + 'bānṭnā'.

Synonyms: دکھ درد میں شریک ہونا"
"تماشہ کرنا","Translations:
EN: to make a scene / to create a spectacle / to perform
AR: أَثَارَ ضَجَّة / قَدَّمَ عَرْضًا
FR: faire une scène / donner un spectacle

Definition:
(EN) Compound verb expressing the act of behaving in a way that attracts public attention, often in a negative or dramatic way.

Example: سرِ عام تماشہ نہ کرو۔

Translation: Do not make a scene in public.

Root Word: Persian 'tamāsha'.

Synonyms: ہنگامہ کرنا, ڈرامہ کرنا"
"تماشہ دیکھنا","Translations:
EN: to watch a show / to be a spectator / to watch a spectacle
AR: شَاهَدَ عَرْضًا
FR: regarder un spectacle / être spectateur

Definition:
(EN) Compound verb expressing the act of watching an event or a dramatic situation without interfering.

Example: وہ دور کھڑا تماشہ دیکھ رہا ہے۔

Translation: He is standing far away watching the spectacle.

Root Word: Persian 'tamāsha' + Urdu 'dekhnā'.

Synonyms: نظارہ کرنا, تماشائی بننا"
"تالیاں بجانا","Translations:
EN: to clap / to applaud
AR: صَفَّقَ
FR: applaudir / battre des mains

Definition:
(EN) Compound verb expressing the act of striking the palms of the hands together to show approval or enjoyment.

Example: سب نے خوشی میں تالیاں بجائیں۔

Translation: Everyone clapped in joy.

Root Word: Sanskrit 'tāla' + Urdu 'bajānā'.

Synonyms: داد دینا, تالی مارنا"
"سیٹیاں بجانا","Translations:
EN: to whistle / to jeer (with whistles)
AR: صَفَرَ
FR: siffler

Definition:
(EN) Compound verb expressing the act of producing a shrill sound with the lips or a whistle, often used for cheering or mocking.

Example: لڑکوں نے فلم دیکھ کر سیٹیاں بجائیں۔

Translation: The boys whistled after watching the movie.

Root Word: Sanskrit 'seeṭī' + Urdu 'bajānā'.

Synonyms: سیٹی مارنا"
"شور مچانا","Translations:
EN: to make noise / to create a racket / to shout
AR: أَثَارَ ضَوْضَاء / صَرَخَ
FR: faire du bruit / faire du vacarme

Definition:
(EN) Compound verb expressing the act of producing loud, confused, or unpleasant sounds.

Example: کلاس میں شور نہ مچاؤ۔

Translation: Do not make noise in the class.

Root Word: Persian 'shor' + Urdu 'machānā'.

Synonyms: غل کرنا, چیخنا چلانا"
"ہنگامہ کرنا","Translations:
EN: to riot / to create an uproar / to cause a commotion
AR: أَثَارَ شَغَبًا
FR: faire du grabuge / provoquer une émeute

Definition:
(EN) Compound verb expressing the act of creating a loud and often violent public disturbance.

Example: مظاہرین نے شہر میں ہنگامہ کیا۔

Translation: The protesters created an uproar (commotion) in the city.

Root Word: Persian 'hangāma'.

Synonyms: فساد کرنا, اودھم مچانا"
"فساد کرنا","Translations:
EN: to create mischief / to riot / to cause discord
AR: أَفْسَدَ / أَثَارَ فِتْنَة
FR: semer le désordre / créer la discorde

Definition:
(EN) Compound verb expressing the act of causing trouble, corruption, or violent conflict in society.

Example: ملک میں فساد کرنا جرم ہے۔

Translation: It is a crime to create discord (riot) in the country.

Root Word: Arabic 'fasād'.

Synonyms: فتنہ کھڑا کرنا, جھگڑا کرنا"
"فتنہ پھیلانا","Translations:
EN: to spread discord / to cause sedition / to create mischief
AR: نَشَرَ الفِتْنَة
FR: semer la discorde / provoquer la sédition

Definition:
(EN) Compound verb expressing the act of spreading lies or ideas that cause division and conflict among people.

Example: جھوٹی خبریں فتنہ پھیلاتی ہیں۔

Translation: False news spreads discord.

Root Word: Arabic 'fitna'.

Synonyms: شر انگیزی کرنا, فساد ڈالنا"
"آگ لگانا","Translations:
EN: to set fire / to ignite / to provoke (figuratively)
AR: أَشْعَلَ النَّار
FR: mettre le feu / incendier

Definition:
(EN) Compound verb expressing the physical act of starting a fire or figuratively inciting a conflict/passion.

Example: اس نے جھوٹ بول کر دو گھروں میں آگ لگا دی۔

Translation: He set fire to (provoked conflict between) two houses by lying.

Root Word: Sanskrit 'agni' + Urdu 'lagānā'.

Synonyms: بھڑکانا, جلانا"
"آگ بجھانا","Translations:
EN: to extinguish fire / to put out a flame / to calm down
AR: أَطْفَأَ النَّار
FR: éteindre le feu / apaiser

Definition:
(EN) Compound verb expressing the act of stopping a fire or figuratively calming down a heated situation/anger.

Example: فائر بریگیڈ نے آگ بجھائی۔

Translation: The fire brigade extinguished the fire.

Root Word: Sanskrit 'agni' + Urdu 'bujhānā'.

Synonyms: ٹھنڈا کرنا, رفع دفع کرنا"
"پیاس بجھانا","Translations:
EN: to quench thirst / to satisfy thirst
AR: أَرْوَى العَطَش
FR: étancher la soif

Definition:
(EN) Idiomatic compound verb expressing the act of drinking enough water to no longer feel thirsty.

Example: ٹھنڈے پانی نے میری پیاس بجھائی۔

Translation: Cold water quenched my thirst.

Root Word: Sanskrit 'pipāsā' + Urdu 'bujhānā'.

Synonyms: تسکین پانا"
"بھوک مٹانا","Translations:
EN: to satisfy hunger / to quell hunger
AR: أَشْبَعَ الجُوع
FR: apaiser la faim

Definition:
(EN) Idiomatic compound verb expressing the act of eating to remove the feeling of hunger.

Example: غریب نے روٹی کھا کر اپنی بھوک مٹائی۔

Translation: The poor man satisfied his hunger by eating bread.

Root Word: Sanskrit 'bubhukṣā' + Urdu 'miṭānā'.

Synonyms: پیٹ بھرنا, سیری حاصل کرنا"
"پیٹ بھرنا","Translations:
EN: to fill the stomach / to eat to one's fill / to earn a living
AR: شَبِعَ / كَسَبَ الرِّزْق
FR: se rassasier / gagner sa croûte

Definition:
(EN) Compound verb meaning to eat until full or figuratively to earn enough to survive.

Example: وہ دن بھر محنت کر کے اپنا پیٹ بھرتا ہے۔

Translation: He works all day to fill his stomach (earn a living).

Root Word: Sanskrit 'peṭa' + Urdu 'bharnā'.

Synonyms: سیر ہونا, روٹی کمانا"
"فاقہ کرنا","Translations:
EN: to fast (out of poverty) / to starve / to go without food
AR: جَاعَ / تَعَرَّضَ لِلمَجَاعَة
FR: jeûner (par pauvreté) / s'affamer

Definition:
(EN) Compound verb expressing the state of going without food, usually due to lack of resources rather than choice.

Example: غریب خاندان نے کئی دن فاقہ کیا۔

Translation: The poor family starved (went without food) for many days.

Root Word: Arabic 'fāqa'.

Synonyms: بھوکا رہنا, کسمپرسی میں ہونا"
"روزہ رکھنا","Translations:
EN: to fast (religious) / to observe a fast
AR: صَامَ
FR: jeûner (religieux) / observer le jeûne

Definition:
(EN) Compound verb specifically referring to the act of refraining from food/drink from dawn to sunset for religious reasons.

Example: رمضان میں ہم روزہ رکھتے ہیں۔

Translation: We fast (observe a fast) in Ramadan.

Root Word: Persian 'roza' + Urdu 'rakhnā'.

Synonyms: صوم رکھنا"
"پیٹ کاٹنا","Translations:
EN: to skimp on food / to save by starving / to economize strictly
AR: اِقْتَصَدَ بِمَشَقَّة / جَوَّعَ نَفْسَه
FR: se serrer la ceinture / économiser sur la nourriture

Definition:
(EN) Idiomatic compound verb expressing the act of reducing one's basic food intake to save money for other needs or for family.

Example: غریب والدین اپنا پیٹ کاٹ کر بچوں کو پڑھاتے ہیں۔

Translation: Poor parents skimp on food (starve themselves) to educate their children.

Root Word: Urdu 'peṭ' + ' kāṭnā'.

Synonyms: فاقہ کشی کرنا, سخت بچت کرنا"
"پیٹ پر لات مارنا","Translations:
EN: to take away someone's livelihood / to deprive of bread
AR: قَطَعَ أَرْزَاق النَّاس
FR: ôter le pain de la bouche / priver de gagne-pain

Definition:
(EN) Strong idiomatic compound verb meaning to do something that causes someone to lose their job or source of income.

Example: کسی غریب کے پیٹ پر لات نہ مارو۔

Translation: Do not take away the livelihood (deprive of bread) of a poor person.

Root Word: Urdu 'peṭ' + 'lāt' + 'mārnā'.

Synonyms: روزی چھیننا, بے روزگار کرنا"
"محنت مزدوری کرنا","Translations:
EN: to do labor work / to work for wages / to toil
AR: كَدَحَ / عَمِلَ كَأَجِير
FR: faire du travail manuel / travailler dur

Definition:
(EN) Compound verb expressing the act of performing hard physical labor to earn a daily living.

Example: وہ شہر میں محنت مزدوری کرتا ہے۔

Translation: He does labor work in the city.

Root Word: Arabic 'mehnat' + Persian 'mazdūrī'.

Synonyms: مشقت کرنا, مزدوری کرنا"
"کما کر لانا","Translations:
EN: to earn and bring back / to provide for family
AR: كَسَبَ وَأَحْضَرَ المَال
FR: gagner sa vie et ramener l'argent

Definition:
(EN) Compound verb expressing the act of earning money outside and bringing it home for the household.

Example: باپ دن بھر کما کر لاتا ہے۔

Translation: The father earns and brings back (money) all day.

Root Word: Urdu 'kamānā' + 'lānā'.

Synonyms: روزی کمانا, رزق لانا"
"گھر چلانا","Translations:
EN: to run a household / to manage domestic expenses
AR: أَدَارَ شُؤُون المَنْزِل
FR: tenir un ménage / gérer les dépenses du foyer

Definition:
(EN) Idiomatic compound verb expressing the act of managing the financial and logistical needs of a family.

Example: آج کل گھر چلانا مشکل ہو گیا ہے۔

Translation: These days, running a household has become difficult.

Root Word: Urdu 'ghar' + 'chalānā'.

Synonyms: گزر اوقات کرنا, انتظامِ خانہ کرنا"
"ذمہ داری اٹھانا","Translations:
EN: to take responsibility / to shoulder a duty
AR: تَحَمَّلَ المَسْؤُولِيَّة
FR: prendre ses responsabilités / assumer un devoir

Definition:
(EN) Compound verb expressing the act of accepting a task or the welfare of others as one's own duty.

Example: اس نے پورے خاندان کی ذمہ داری اٹھائی۔

Translation: He took (shouldered) the responsibility of the whole family.

Root Word: Arabic 'zimma' + 'dārī'.

Synonyms: بوجھ اٹھانا, ذمہ دار ہونا"
"بوجھ اٹھانا","Translations:
EN: to carry a burden / to bear a load
AR: حَمَلَ العِبْء
FR: porter un fardeau / porter une charge

Definition:
(EN) Compound verb expressing the physical act of carrying weight or figuratively bearing a heavy responsibility.

Example: قلی نے سامان کا بوجھ اٹھایا۔

Translation: The porter carried the burden (load) of the luggage.

Root Word: Sanskrit 'bojh' + Urdu 'uṭhānā'.

Synonyms: وزن اٹھانا, مشقت جھیلنا"
"قرض لینا","Translations:
EN: to take a loan / to borrow money
AR: اِقْتَرَضَ / اِسْتَدَانَ
FR: emprunter de l'argent / faire un prêt

Definition:
(EN) Compound verb expressing the act of borrowing money with the intention of paying it back.

Example: ضرورت کے لیے قرض لینا پڑا۔

Translation: Had to take a loan for the need.

Root Word: Arabic 'qarż'.

Synonyms: ادھار لینا, وام لینا"
"قرض اتارنا","Translations:
EN: to pay off a loan / to settle a debt
AR: سَدَّدَ الدَّيْن
FR: rembourser un prêt / régler une dette

Definition:
(EN) Compound verb expressing the act of returning borrowed money and becoming debt-free.

Example: اس نے محنت کر کے اپنا قرض اتارا۔

Translation: He paid off his loan by working hard.

Root Word: Arabic 'qarż' + Urdu 'utārnā'.

Synonyms: قرض ادا کرنا, بیباق کرنا"
"سود لینا","Translations:
EN: to take interest (usury) / to charge interest
AR: أَخَذَ الرِّبَا
FR: prendre des intérêts / pratiquer l'usure

Definition:
(EN) Compound verb expressing the act of charging or receiving interest on a loan (often with a negative religious connotation).

Example: سود لینا اسلام میں حرام ہے۔

Translation: Taking interest is forbidden in Islam.

Root Word: Persian 'sūd'.

Synonyms: بیاج لینا"
"سود دینا","Translations:
EN: to pay interest
AR: دَفَعَ الرِّبَا
FR: payer des intérêts

Definition:
(EN) Compound verb expressing the act of paying the additional amount charged on a borrowed sum.

Example: وہ بھاری سود دے رہا ہے۔

Translation: He is paying heavy interest.

Root Word: Persian 'sūd' + Urdu 'denā'.

Synonyms: بیاج دینا"
"گروی رکھنا","Translations:
EN: to mortgage / to pawn / to pledge
AR: رَهَنَ
FR: hypothéquer / mettre en gage

Definition:
(EN) Compound verb expressing the act of giving an item as security for a loan.

Example: اس نے زیورات گروی رکھے۔

Translation: She mortgaged (pawned) the jewelry.

Root Word: Sanskrit 'giravī' + Urdu 'rakhnā'.

Synonyms: رہن رکھنا"
"نیلام کرنا","Translations:
EN: to auction / to sell to the highest bidder
AR: بَاعَ بِالمَزَاد
FR: vendre aux enchères

Definition:
(EN) Compound verb expressing the act of selling property or items publicly to the person who offers the most money.

Example: مقروض کا گھر نیلام کر دیا گیا۔

Translation: The debtor's house was auctioned.

Root Word: Portuguese 'leilão' (via Hindi/Urdu).

Synonyms: بولی لگانا"
"فروخت کرنا","Translations:
EN: to sell (formal)
AR: بَاعَ
FR: vendre

Definition:
(EN) Formal compound verb for the act of transferring goods in exchange for money.

Example: وہ اپنی پرانی کار فروخت کر رہا ہے۔

Translation: He is selling (formal) his old car.

Root Word: Persian 'farokht'.

Synonyms: بیچنا, بیع کرنا"
"خرید و فروخت کرنا","Translations:
EN: to trade / to buy and sell / to deal in
AR: بَاعَ وَاشْتَرَى / اتَّجَرَ
FR: commercer / faire du commerce

Definition:
(EN) Compound verb expressing the continuous act of commerce or trading in goods.

Example: وہ اناج کی خرید و فروخت کرتا ہے۔

Translation: He trades in (buys and sells) grain.

Root Word: Persian 'khareed' + 'farokht'.

Synonyms: تجارت کرنا, لین دین کرنا"
"کاروبار کرنا","Translations:
EN: to do business / to trade / to engage in commerce
AR: اِتَّجَرَ / مَارَسَ الأَعْمَال
FR: faire des affaires / commercer

Definition:
(EN) Compound verb expressing the act of buying, selling, or providing services for profit.

Example: وہ کپڑے کا کاروبار کرتا ہے۔

Translation: He does business in cloth.

Root Word: Persian 'kārobār'.

Synonyms: تجارت کرنا, کام کاج کرنا"
"منافع کمانا","Translations:
EN: to earn profit / to make a gain
AR: رَبِحَ / كَسَبَ الرِّبْح
FR: réaliser un profit / faire des bénéfices

Definition:
(EN) Compound verb expressing the act of making more money than what was spent in business.

Example: اس سال ہم نے بہت منافع کمایا۔

Translation: This year we earned a lot of profit.

Root Word: Arabic 'munāfa' + Urdu 'kamānā'.

Synonyms: نفع پانا, فائدہ اٹھانا"
"نقصان اٹھانا","Translations:
EN: to suffer loss / to incur a deficit
AR: خَسِرَ / تَعَرَّضَ لِلخَسَارَة
FR: subir une perte / essuyer un revers

Definition:
(EN) Compound verb expressing the act of losing money or facing damage in an undertaking.

Example: کاروبار میں نقصان اٹھانا پڑتا ہے۔

Translation: One has to suffer loss in business.

Root Word: Arabic 'nuqṣān' + Urdu 'uṭhānā'.

Synonyms: گھاٹا ہونا, خسارہ ہونا"
"دیوالیہ ہونا","Translations:
EN: to go bankrupt / to be insolvent
AR: أَفْلَسَ
FR: faire faillite / être insolvable

Definition:
(EN) Compound verb expressing the state of being unable to pay debts and losing all business capital.

Example: بڑی کمپنی دیوالیہ ہو گئی۔

Translation: The big company went bankrupt.

Root Word: Sanskrit 'devālayā' (literally: temple of the gods, but idiomatically linked to empty pockets/bankruptcy).

Synonyms: کنگال ہونا, بیڑہ غرق ہونا"
"حساب کتاب کرنا","Translations:
EN: to do accounting / to settle accounts / to do book-keeping
AR: حَاسَبَ / قَامَ بِالمُحَاسَبَة
FR: faire la comptabilité / régler ses comptes

Definition:
(EN) Compound verb expressing the act of calculating income and expenses or settling financial dealings.

Example: شام کو دکان کا حساب کتاب کرو۔

Translation: Do the accounting (settle accounts) of the shop in the evening.

Root Word: Arabic 'ḥisāb' + 'kitāb'.

Synonyms: حساب کرنا, لین دین دیکھنا"
"سودا کرنا","Translations:
EN: to strike a deal / to bargain / to purchase goods
AR: عَقَدَ صَفْقَة / شَرَى
FR: conclure une affaire / marchander

Definition:
(EN) Compound verb expressing the act of making an agreement for a purchase or general shopping.

Example: ہم نے ایک نئی گاڑی کا سودا کیا ہے۔

Translation: We have struck a deal for a new car.

Root Word: Persian 'sauda'.

Synonyms: سودا سلف لینا, معاملہ کرنا"
"قیمت لگانا","Translations:
EN: to quote a price / to value / to appraise
AR: سَعَّرَ / ثَمَّنَ
FR: fixer un prix / évaluer

Definition:
(EN) Compound verb expressing the act of stating how much an item is worth or how much one is willing to pay.

Example: اس مکان کی کیا قیمت لگائی؟

Translation: What price was quoted (valued) for this house?

Root Word: Arabic 'qeemat' + Urdu 'lagānā'.

Synonyms: مول تول کرنا, نرخ بتانا"
"بھاؤ تاؤ کرنا","Translations:
EN: to haggle / to bargain / to negotiate price
AR: سَاوَمَ / جَادَلَ فِي السِّعْر
FR: marchander / négocier le prix

Definition:
(EN) Compound verb expressing the act of arguing over the price of an item to get it cheaper.

Example: بازار میں بھاؤ تاؤ کرنا پڑتا ہے۔

Translation: One has to haggle (bargain) in the market.

Root Word: Sanskrit 'bhāva' + 'tāva'.

Synonyms: مول تول کرنا, قیمت کم کرانا"
"ذخیرہ اندوزی کرنا","Translations:
EN: to hoard / to stockpile (illegally)
AR: اِحْتَكَرَ
FR: thésauriser / stocker illégalement

Definition:
(EN) Compound verb expressing the act of collecting and hiding goods (especially food) to sell at a higher price later.

Example: ذخیرہ اندوزی کرنا اخلاقی جرم ہے۔

Translation: Hoarding is an ethical crime.

Root Word: Persian 'zakheera-andozī'.

Synonyms: مال چھپانا, ذخیرہ کرنا"
"ملاوٹ کرنا","Translations:
EN: to adulterate / to mix inferior substances / to contaminate
AR: غَشَّ / خَلَطَ
FR: frelater / falsifier / frelater

Definition:
(EN) Compound verb expressing the act of mixing lower-quality or harmful substances into food or products to increase quantity.

Example: دودھ میں ملاوٹ کرنا گناہ ہے۔

Translation: To adulterate milk is a sin.

Root Word: Urdu 'milāwaṭ'.

Synonyms: آمیزش کرنا, کھوٹ ملانا"
"ناپ تول کرنا","Translations:
EN: to measure and weigh / to gauge
AR: كَالَ وَوَزَنَ
FR: mesurer et peser

Definition:
(EN) Compound verb expressing the act of calculating the size, volume, or weight of an item.

Example: دکاندار ایمانداری سے ناپ تول کرتا ہے۔

Translation: The shopkeeper measures and weighs honestly.

Root Word: Sanskrit 'nāpa' + 'taula'.

Synonyms: ناپنا تولنا, پیمائش کرنا"
"ڈنڈی مارنا","Translations:
EN: to cheat in weighing / to give short weight / to pilfer
AR: طَفَّفَ المِيزَان
FR: tricher sur le poids / donner moins que prévu

Definition:
(EN) Idiomatic compound verb expressing the act of intentionally weighing something incorrectly to cheat the customer.

Example: تولتے وقت ڈنڈی نہ مارو۔

Translation: Do not cheat in weighing (give short weight) while weighing.

Root Word: Urdu 'ḍanḍī' (beam of a scale) + 'mārnā'.

Synonyms: کم تولنا, خیانت کرنا"
"حق مارنا","Translations:
EN: to usurp rights / to deprive / to deny someone's due
AR: غَصَبَ الحُقُوق
FR: usurper les droits / léser

Definition:
(EN) Idiomatic compound verb meaning to take away what rightfully belongs to someone else (wages, property, respect).

Example: کسی غریب کا حق نہ مارو۔

Translation: Do not usurp the rights (deprive) of a poor person.

Root Word: Arabic 'ḥaq' + Urdu 'mārnā'.

Synonyms: غصب کرنا, حق تلفی کرنا"
"رشوت لینا","Translations:
EN: to take a bribe / to accept graft
AR: اِرْتَشَى / أَخَذَ الرِّشْوَة
FR: toucher un pot-de-vin / accepter une corruption

Definition:
(EN) Compound verb expressing the act of accepting money or gifts in exchange for an illegal or unfair favor.

Example: رشوت لینا اور دینا دونوں گناہ ہیں۔

Translation: Taking and giving a bribe are both sins.

Root Word: Arabic 'rishwat'.

Synonyms: حرام کھانا, رشوت خوری کرنا"
"رشوت دینا","Translations:
EN: to give a bribe / to bribe
AR: رَشَى / أَعْطَى الرِّشْوَة
FR: soudoyer / corrompre

Definition:
(EN) Compound verb expressing the act of offering money to an official to get a job done illegally.

Example: اس نے کام نکلوانے کے لیے رشوت دی۔

Translation: He gave a bribe to get the work done.

Root Word: Arabic 'rishwat' + Urdu 'denā'.

Synonyms: مٹھی گرم کرنا, رشوت کھلانا"
"چوری کرنا","Translations:
EN: to steal / to thieve / to pilfer
AR: سَرَقَ
FR: voler / dérober

Definition:
(EN) Compound verb expressing the act of taking someone else's property without permission and with intent to keep it.

Example: چوری کرنا بری بات ہے۔

Translation: To steal is a bad thing.

Root Word: Sanskrit 'cora' + Urdu 'karnā'.

Synonyms: اڑانا, سرقہ کرنا"
"ڈاکہ ڈالنا","Translations:
EN: to commit robbery / to commit dacoity / to raid
AR: سَطَا عَلَى / نَهَبَ
FR: commettre un vol à main armée / braquer

Definition:
(EN) Compound verb specifically referring to organized robbery, often involving a group (dacoits) and force.

Example: ڈاکوؤں نے بینک پر ڈاکہ ڈالا۔

Translation: The dacoits committed a robbery (raided) at the bank.

Root Word: Sanskrit 'ḍākā' + Urdu 'ḍālnā'.

Synonyms: لوٹنا, چھاپہ مارنا"
"لوٹ مار کرنا","Translations:
EN: to loot / to plunder / to pillage
AR: نَهَبَ وَسَلَبَ
FR: piller / saccager

Definition:
(EN) Compound verb expressing the act of widespread and often violent stealing, especially during a riot or war.

Example: فسادات کے دوران لوٹ مار کی گئی۔

Translation: Looting (plundering) was done during the riots.

Root Word: Sanskrit 'lūṭa' + 'māra'.

Synonyms: غارت گری کرنا, چھیننا جھپٹنا"
"قتل و غارت کرنا","Translations:
EN: to massacre / to kill and plunder / to engage in carnage
AR: ذَبَحَ وَنَهَبَ / قَامَ بِمَجْزَرَة
FR: massacrer / livrer au carnage

Definition:
(EN) Strong compound verb expressing a state of extreme violence involving both killing and the destruction of property.

Example: جنگ میں قتل و غارت عام ہوتی ہے۔

Translation: Massacre (killing and plundering) is common in war.

Root Word: Arabic 'qatl' + 'ghārat'.

Synonyms: خون خرابا کرنا, بربادی کرنا"
"خون بہانا","Translations:
EN: to shed blood / to cause bloodshed
AR: سَفَكَ الدِّمَاء
FR: verser le sang

Definition:
(EN) Idiomatic compound verb expressing the act of causing injury or death resulting in physical bleeding, often in a conflict.

Example: معصوموں کا خون بہانا بند کرو۔

Translation: Stop shedding the blood of the innocent.

Root Word: Persian 'khūn' + Urdu 'bahānā'.

Synonyms: خون ریزی کرنا, قتل کرنا"
"انتقام لینا","Translations:
EN: to take revenge / to avenge / to retaliate
AR: اِنْتَقَمَ
FR: se venger / prendre sa revanche

Definition:
(EN) Compound verb expressing the act of hurting someone because they have hurt you.

Example: اس نے اپنے بھائی کے قتل کا انتقام لیا۔

Translation: He took revenge for his brother's murder.

Root Word: Arabic 'intiqām'.

Synonyms: بدلہ لینا, مکافات کرنا"
"بدلہ چکانا","Translations:
EN: to settle a score / to take revenge (vivid) / to pay back
AR: تَقَاصَّ / اِنْتَقَمَ
FR: régler ses comptes / se venger

Definition:
(EN) Vivid compound verb meaning to complete the act of revenge, as if paying a debt of hatred.

Example: میں ایک دن اپنا بدلہ چکاؤں گا۔

Translation: I will settle my score (take my revenge) one day.

Root Word: Urdu 'badla' + 'chukānā'.

Synonyms: حساب برابر کرنا, بدلہ لینا"
"چشم پوشی کرنا","Translations:
EN: to overlook / to turn a blind eye / to ignore deliberately
AR: تَغَاضَى عَنْ
FR: fermer les yeux sur / ignorer délibérément

Definition:
(EN) Noble compound verb meaning to intentionally ignore a mistake or a fault out of kindness or policy.

Example: کبھی کبھی غلطیوں سے چشم پوشی کرنی پڑتی ہے۔

Translation: Sometimes one has to turn a blind eye (overlook) mistakes.

Root Word: Persian 'chashm' (eye) + 'poshī' (covering).

Synonyms: نظر انداز کرنا, درگزر کرنا"
"صلح کرنا","Translations:
EN: to make peace / to reconcile / to compromise
AR: صَالَحَ / اِصْطَلَحَ
FR: faire la paix / se réconcilier

Definition:
(EN) Compound verb expressing the act of ending a quarrel or war and reaching a friendly understanding.

Example: دونوں خاندانوں نے آپس میں صلح کر لی۔

Translation: Both families made peace with each other.

Root Word: Arabic 'ṣulḥ'.

Synonyms: راضی نامہ کرنا, میل ملاپ کرنا"
"تصفیہ کرنا","Translations:
EN: to settle (a dispute) / to resolve / to clear up
AR: صَفَّى / حَسَمَ النِّزَاع
FR: régler / résoudre / liquider

Definition:
(EN) Formal compound verb meaning to reach a final decision or resolution in a legal or personal disagreement.

Example: جج نے معاملے کا تصفیہ کر دیا۔

Translation: The judge settled the matter.

Root Word: Arabic 'taṣfiya'.

Synonyms: فیصلہ کرنا, نبٹانا"
"سمجھوتہ کرنا","Translations:
EN: to compromise / to reach an agreement / to adjust
AR: تَسَاوَى / اِتَّفَقَ
FR: faire un compromis / transiger

Definition:
(EN) Compound verb expressing the act of reaching an agreement where both sides give up some demands.

Example: اصولوں پر سمجھوتہ نہیں کرنا چاہیے۔

Translation: One should not compromise on principles.

Root Word: Urdu 'samajh' + 'auta' (Suffix of agreement).

Synonyms: مصالحت کرنا, اتفاق کرنا"
"ہار ماننا","Translations:
EN: to admit defeat / to give up / to concede
AR: اِعْتَرَفَ بِالهَزِيمَة / اِسْتَسْلَمَ
FR: s'avouer vaincu / abandonner

Definition:
(EN) Compound verb expressing the act of accepting that one has lost or cannot continue a struggle.

Example: سچا کھلاڑی کبھی ہار نہیں مانتا۔

Translation: A true sportsman never admits defeat (gives up).

Root Word: Sanskrit 'hāra' + Urdu 'mānanā'.

Synonyms: شکست تسلیم کرنا, ہمت ہارنا"
"ہتھیار ڈالنا","Translations:
EN: to lay down arms / to surrender / to give in
AR: أَلْقَى السِّلاح / اِسْتَسْلَمَ
FR: déposer les armes / se rendre

Definition:
(EN) Idiomatic compound verb expressing the act of surrendering in a battle or a serious argument.

Example: باغیوں نے فوج کے سامنے ہتھیار ڈال دیے۔

Translation: The rebels laid down their arms (surrendered) before the army.

Root Word: Persian 'hathyār' + Urdu 'ḍālnā'.

Synonyms: اِطاعت کرنا, سر تسلیم خم کرنا"
"جیت حاصل کرنا","Translations:
EN: to gain victory / to win
AR: نَالَ الفَوْز / اِنْتَصَرَ
FR: remporter la victoire / gagner

Definition:
(EN) Compound verb expressing the act of successfully winning a competition or a fight.

Example: پاکستانی ٹیم نے فائنل میں جیت حاصل کی۔

Translation: The Pakistani team gained victory in the final.

Root Word: Sanskrit 'jeeta' + Arabic 'ḥāṣil'.

Synonyms: کامیاب ہونا, جیتنا"
"فتح پانا","Translations:
EN: to achieve conquest / to be victorious / to conquer
AR: فَتَحَ / تَمَكَّنَ مِنَ النَّصْر
FR: triompher / conquérir

Definition:
(EN) Formal compound verb meaning to achieve a significant and decisive victory or conquest.

Example: مسلمانوں نے مکہ پر فتح پائی۔

Translation: The Muslims achieved conquest over (conquered) Mecca.

Root Word: Arabic 'fataḥ' + Urdu 'pānā'.

Synonyms: غالب آنا, سر کرنا"
"شکست دینا","Translations:
EN: to defeat / to beat / to overcome
AR: هَزَمَ / قَهَرَ
FR: vaincre / battre / défaire

Definition:
(EN) Compound verb expressing the act of winning against an opponent in war, sports, or an argument.

Example: ہماری ٹیم نے حریف کو شکست دی۔

Translation: Our team defeated the opponent.

Root Word: Persian 'shikast' + Urdu 'denā'.

Synonyms: ہرانا, مات دینا"
"شکست کھانا","Translations:
EN: to be defeated / to lose / to suffer a setback
AR: هُزِمَ / خَسِرَ
FR: être vaincu / perdre / subir une défaite

Definition:
(EN) Compound verb expressing the state of being beaten by an opponent or failing in an endeavor.

Example: وہ اپنی غلطی کی وجہ سے شکست کھا گیا۔

Translation: He was defeated (lost) because of his mistake.

Root Word: Persian 'shikast' + Urdu 'khānā'.

Synonyms: ہارنا, مات کھانا"
"سر جھکانا","Translations:
EN: to bow the head / to submit / to yield / to be ashamed
AR: طَأْطَأَ الرَّأْس / خَضَعَ / اِسْتَحْيَا
FR: baisser la tête / se soumettre / avoir honte

Definition:
(EN) Idiomatic compound verb expressing physical bowing in respect, religious submission, or feeling ashamed.

Example: سچے مومن اللہ کے سامنے سر جھکاتے ہیں۔

Translation: True believers bow their heads before Allah.

Root Word: Sanskrit 'sira' + 'jhukānā'.

Synonyms: تسلیم کرنا, جھکنا"
"اطاعت کرنا","Translations:
EN: to obey / to submit / to follow (commands)
AR: أَطَاعَ / اِمْتَثَلَ
FR: obéir / se soumettre

Definition:
(EN) Compound verb expressing the act of following orders or showing loyalty to an authority.

Example: والدین کی اطاعت کرنا فرض ہے۔

Translation: It is a duty to obey (one's) parents.

Root Word: Arabic 'iṭāʿat'.

Synonyms: فرمانبرداری کرنا, کہنا ماننا"
"بغاوت کرنا","Translations:
EN: to rebel / to revolt / to mutiny
AR: تَمَرَّدَ / خَرَجَ عَلَى
FR: se révolter / se rebeller

Definition:
(EN) Compound verb expressing the act of rising up against a government, an authority, or established rules.

Example: فوج کے ایک حصے نے بغاوت کر دی۔

Translation: A part of the army revolted (rebelled).

Root Word: Arabic 'baghāwat'.

Synonyms: سرکشی کرنا, غدر مچانا"
"سرکشی کرنا","Translations:
EN: to be defiant / to be rebellious / to disobey arrogantly
AR: عَصَى / اِسْتَكْبَرَ
FR: être rebelle / défier l'autorité

Definition:
(EN) Compound verb expressing an arrogant or stubborn refusal to obey an authority.

Example: اس نے افسر کے سامنے سرکشی کی۔

Translation: He showed defiance (rebelled) before the officer.

Root Word: Persian 'sar' + 'kashī'.

Synonyms: نافرمانی کرنا, اکڑ دکھانا"
"بغاوت کچلنا","Translations:
EN: to crush a rebellion / to suppress a revolt
AR: قَمَعَ التَّمَرُّد
FR: écraser une révolte / réprimer une rébellion

Definition:
(EN) Compound verb expressing the use of force to end a rebellion and restore order.

Example: حکومت نے بغاوت کچلنے کے لیے فوج بھیجی۔

Translation: The government sent the army to crush the rebellion.

Root Word: Arabic 'baghāwat' + Urdu 'kuchalnā'.

Synonyms: فتنہ دبانا, دبا دینا"
"ظلم کرنا","Translations:
EN: to oppress / to commit cruelty / to do injustice
AR: ظَلَمَ / جَارَ
FR: opprimer / commettre une injustice

Definition:
(EN) Compound verb expressing the act of treating others unfairly or cruelly, especially by those in power.

Example: کسی پر ظلم کرنا انسانیت کے خلاف ہے۔

Translation: To oppress (commit cruelty against) anyone is against humanity.

Root Word: Arabic 'ẓulm'.

Synonyms: زیادتی کرنا, ستم کرنا"
"ستم ڈھانا","Translations:
EN: to inflict tyranny / to commit extreme cruelty (vivid)
AR: بَطَشَ / نَكَّلَ بِـ
FR: infliger une tyrannie / commettre des atrocités

Definition:
(EN) (Vivid/Literary version of ẓulm karnā). Compound verb expressing the act of inflicting severe suffering.

Example: ظالم نے بے گناہوں پر ستم ڈھایا۔

Translation: The tyrant inflicted extreme cruelty on the innocent.

Root Word: Persian 'sitam' + Urdu 'ḍhānā'.

Synonyms: جفا کرنا, قہر ڈھانا"
"انصاف کرنا","Translations:
EN: to do justice / to be fair / to judge righteously
AR: أَنْصَفَ / عَدَلَ
FR: rendre justice / être juste

Definition:
(EN) Compound verb expressing the act of treating everyone according to the law and facts, without bias.

Example: قاضی کو ہمیشہ انصاف کرنا چاہیے۔

Translation: A judge should always do justice.

Root Word: Arabic 'inṣāf'.

Synonyms: عدل کرنا, فیصلہ کرنا"
"عدل و انصاف کرنا","Translations:
EN: to practice equity and justice / to establish fairness
AR: أَقَامَ العَدْلَ وَالإِنْصَاف
FR: pratiquer l'équité et la justice

Definition:
(EN) (Emphasis version). Compound verb expressing the total establishment of a fair and just system.

Example: حکمران کا کام عدل و انصاف کرنا ہے۔

Translation: The ruler's job is to practice equity and justice.

Root Word: Arabic 'ʿadl' + 'inṣāf'.

Synonyms: حق دینا, انصاف قائم کرنا"
"فیصلہ سنانا","Translations:
EN: to announce a verdict / to deliver a judgment / to decide
AR: نَطَقَ بِالحُكْم / أَصْدَرَ القَرَار
FR: prononcer un verdict / rendre un jugement

Definition:
(EN) Compound verb specifically referring to a judge or authority making their final decision public.

Example: جج کل اپنا فیصلہ سنائے گا۔

Translation: The judge will announce his verdict tomorrow.

Root Word: Arabic 'faiṣla' + Urdu 'sunānā'.

Synonyms: حکم دینا, فیصلہ دینا"
"حق دلانا","Translations:
EN: to ensure (someone gets) their right / to restore rights
AR: أَعْطَى الحَقّ لِصَاحِبِه
FR: faire valoir les droits de quelqu'un / rendre justice

Definition:
(EN) Compound verb expressing the act of helping someone get what they legally or morally deserve.

Example: میں تمہیں تمہارا حق دلا کر رہوں گا۔

Translation: I will definitely ensure you get your right.

Root Word: Arabic 'ḥaq' + Urdu 'dilānā'.

Synonyms: حق تلفی روکنا, انصاف فراہم کرنا"
"داد رسی کرنا","Translations:
EN: to redress grievances / to provide justice / to help the oppressed
AR: نَصَرَ المَظْلُوم / أَنْصَفَ
FR: réparer les torts / rendre justice aux opprimés

Definition:
(EN) (Noble/Formal term). Compound verb meaning to listen to a complaint and provide a remedy or justice.

Example: مظلوم کی داد رسی کرنا حکومت کا فرض ہے۔

Translation: It is the government's duty to redress the grievances of the oppressed.

Root Word: Persian 'dād' (justice) + 'rasī' (reaching).

Synonyms: انصاف کرنا, ہمدردی کرنا"
"فریاد کرنا","Translations:
EN: to plead / to appeal for help / to cry out for justice
AR: اِسْتَغَاثَ / تَضَرَّعَ
FR: implorer / appeler à l'aide / porter plainte

Definition:
(EN) Compound verb expressing the act of making a desperate emotional appeal to a higher authority or God.

Example: غریب نے بادشاہ سے فریاد کی۔

Translation: The poor man pleaded (appealed for help) to the king.

Root Word: Persian 'faryād'.

Synonyms: دہائی دینا, التجا کرنا"
"دعا کرنا","Translations:
EN: to pray / to supplicate / to ask (God)
AR: دَعَا / صَلَّى
FR: prier / implorer / supplier

Definition:
(EN) Compound verb expressing the act of asking God for blessings, help, or forgiveness.

Example: میں تمہارے لیے دعا کروں گا۔

Translation: I will pray for you.

Root Word: Arabic 'duʿā'.

Synonyms: التجا کرنا, ہاتھ اٹھانا"
"منت ماننا","Translations:
EN: to make a vow / to pledge a religious offering
AR: نَذَرَ
FR: faire vœu / s'engager religieusement

Definition:
(EN) Compound verb expressing the act of promising to do a good deed or give charity if a specific prayer is answered.

Example: اس نے بیٹے کی صحت کے لیے منت مانی۔

Translation: She made a vow for her son's health.

Root Word: Arabic 'mannat' + Urdu 'mānanā'.

Synonyms: نذر ماننا, عہد کرنا"
"صدقہ دینا","Translations:
EN: to give charity (voluntary) / to give alms
AR: تَصَدَّقَ
FR: faire l'aumône / donner la charité

Definition:
(EN) Compound verb expressing the act of giving money or food to the poor voluntarily to please God or ward off evil.

Example: مصیبت ٹالنے کے لیے صدقہ دو۔

Translation: Give charity to ward off trouble.

Root Word: Arabic 'ṣadaqa'.

Synonyms: خیرات دینا, راہِ خدا میں دینا"
"خیرات کرنا","Translations:
EN: to give charity (general) / to perform acts of benevolence
AR: فَعَلَ الخَيْر / تَصَدَّقَ
FR: faire la charité / être bienfaisant

Definition:
(EN) Compound verb expressing the act of giving help or resources to the needy in a general sense.

Example: وہ اپنی کمائی سے بہت خیرات کرتا ہے۔

Translation: He gives a lot of charity from his earnings.

Root Word: Arabic 'khairāt'.

Synonyms: صدقہ کرنا, بھلا کرنا"
"زکوٰۃ دینا","Translations:
EN: to pay Zakat / to give obligatory alms
AR: آتَى الزَّكَاة
FR: payer la Zakat

Definition:
(EN) (Specific religious term). Compound verb referring to the annual obligatory payment under Islamic law on certain types of property.

Example: ہر صاحبِ نصاب کو زکوٰۃ دینی چاہیے۔

Translation: Every person of means should pay Zakat.

Root Word: Arabic 'zakāt'.

Synonyms: زکوٰۃ نکالنا"
"حج کرنا","Translations:
EN: to perform Hajj / to go on pilgrimage to Mecca
AR: حَجَّ
FR: faire le pèlerinage (Hadj)

Definition:
(EN) Compound verb referring to the performance of the specific annual pilgrimage to Mecca.

Example: اس سال میرے والدین نے حج کیا۔

Translation: My parents performed Hajj this year.

Root Word: Arabic 'ḥajj'.

Synonyms: بیت اللہ کی زیارت کرنا"
"توبہ کرنا","Translations:
EN: to repent / to turn back (from sin) / to vow not to repeat
AR: تَابَ
FR: se repentir

Definition:
(EN) Compound verb expressing the act of feeling sincere regret for a sin and promising God not to do it again.

Example: سچے دل سے توبہ کرو۔

Translation: Repent with a true heart.

Root Word: Arabic 'tauba'.

Synonyms: استغفار کرنا, رجوع کرنا"
"بخشش مانگنا","Translations:
EN: to ask for forgiveness / to beg for alms
AR: اِسْتَغْفَرَ / طَلَبَ العَفْو
FR: demander pardon / mendier

Definition:
(EN) Compound verb used both for asking God for pardon and for a beggar asking for money.

Example: گناہوں کی بخشش مانگو۔

Translation: Ask for forgiveness for (your) sins.

Root Word: Persian 'bakhshish' + Urdu 'māngnā'.

Synonyms: معافی چاہنا, مغفرت مانگنا"
"مغفرت چاہنا","Translations:
EN: to seek salvation / to seek forgiveness (formal)
AR: سَأَلَ المَغْفِرَة
FR: chercher le salut / demander pardon (formel)

Definition:
(EN) Formal compound verb used specifically in the context of seeking God's mercy and protection from punishment.

Example: اللہ سے مغفرت کی دعا کرو۔

Translation: Pray for salvation (forgiveness) from Allah.

Root Word: Arabic 'maghfirat'.

Synonyms: نجات مانگنا, توبہ کرنا"
"عبادت کرنا","Translations:
EN: to worship / to perform religious rites
AR: عَبَدَ
FR: adorer / pratiquer le culte

Definition:
(EN) Compound verb expressing the act of showing devotion to God through prayer, fasting, and other rituals.

Example: وہ رات بھر عبادت کرتا رہا۔

Translation: He kept worshipping throughout the night.

Root Word: Arabic 'ʿibādat'.

Synonyms: بندگی کرنا, پوجا کرنا"
"تلاوت کرنا","Translations:
EN: to recite (scripture) / to read Quran aloud
AR: تَلَا / قَرَأَ (القُرْآن)
FR: réciter (le Coran)

Definition:
(EN) Compound verb specifically used for the rhythmic and respectful recitation of holy books, especially the Quran.

Example: وہ روزانہ صبح تلاوت کرتا ہے۔

Translation: He recites (scripture) every morning.

Root Word: Arabic 'tilāwat'.

Synonyms: قرأت کرنا"
"تبلیغ کرنا","Translations:
EN: to preach / to proselytize / to spread a message
AR: بَلَّغَ / دَعَا إِلَى
FR: prêcher / faire du prosélytisme

Definition:
(EN) Compound verb expressing the act of conveying religious teachings or a specific ideology to others.

Example: اسلام کی تبلیغ پیار سے کرو۔

Translation: Preach Islam with love.

Root Word: Arabic 'tableegh'.

Synonyms: وعظ کرنا, دعوت دینا"
"فتویٰ دینا","Translations:
EN: to issue a religious decree / to give a formal ruling
AR: أَفْتَى
FR: émettre une fatwa / rendre un avis juridique religieux

Definition:
(EN) Compound verb referring to a qualified scholar (Mufti) giving an official opinion on a matter of Islamic law.

Example: مفتی صاحب نے اس مسئلے پر فتویٰ دیا۔

Translation: The Mufti issued a religious decree (fatwa) on this issue.

Root Word: Arabic 'fatwa'.

Synonyms: شرعی حکم دینا"
"کفر کرنا","Translations:
EN: to disbelieve / to commit blasphemy / to deny truth
AR: كَفَرَ
FR: mécroire / blasphémer

Definition:
(EN) Compound verb expressing the act of denying God's existence or rejecting the truth of religion.

Example: نعمتوں کا کفر نہ کرو۔

Translation: Do not deny (be ungrateful for) blessings.

Root Word: Arabic 'kufr'.

Synonyms: انکار کرنا, ملحد ہونا"
"ایمان لانا","Translations:
EN: to embrace faith / to believe / to testify
AR: آمَنَ
FR: embrasser la foi / croire

Definition:
(EN) Compound verb expressing the act of accepting and declaring belief in God and a prophet.

Example: وہ سچے دل سے ایمان لایا۔

Translation: He embraced faith (believed) with a true heart.

Root Word: Arabic 'eemān' + Urdu 'lānā'.

Synonyms: کلمہ پڑھنا, مسلمان ہونا"
"گناہ کرنا","Translations:
EN: to commit a sin / to do wrong / to trespass
AR: أَذْنَبَ / اِرْتَكَبَ إِثْمًا
FR: commettre un péché / faire le mal

Definition:
(EN) Compound verb expressing the act of violating a religious or moral law.

Example: جانتے بوجھتے گناہ نہ کرو۔

Translation: Do not commit a sin knowingly.

Root Word: Persian 'gunāh' + Urdu 'karnā'.

Synonyms: خطا کرنا, معصیت کرنا"
"نیکی کرنا","Translations:
EN: to do a good deed / to act virtuously / to do a favor
AR: فَعَلَ الخَيْر / بَرَّ
FR: faire une bonne action / agir avec vertu

Definition:
(EN) Compound verb expressing the act of performing a deed that is religiously or socially approved and beneficial.

Example: نیکی کر اور دریا میں ڈال۔

Translation: Do a good deed and throw (it) in the river (proverb: do good without expecting return).

Root Word: Persian 'nekī' + Urdu 'karnā'.

Synonyms: بھلائی کرنا, احسان کرنا"
"ثواب کمانا","Translations:
EN: to earn spiritual reward / to do something for divine merit
AR: نَالَ الثَّوَاب / كَسَبَ الأَجْر
FR: gagner des mérites spirituels

Definition:
(EN) Compound verb specifically referring to performing actions that will be rewarded by God in the afterlife.

Example: غریبوں کی مدد کر کے ثواب کماؤ۔

Translation: Earn spiritual reward by helping the poor.

Root Word: Arabic 'thawāb' + Urdu 'kamānā'.

Synonyms: اجر پانا, نیکی سمیٹنا"
"معذرت کرنا","Translations:
EN: to apologize / to excuse oneself / to express regret
AR: اِعْتَذَرَ
FR: s'excuser / présenter des excuses

Definition:
(EN) Compound verb expressing the act of saying sorry for a mistake or declining an invitation politely.

Example: میں نے اپنی تاخیر پر معذرت کی۔

Translation: I apologized for my delay.

Root Word: Arabic 'maʿżarat'.

Synonyms: معافی مانگنا, عذر پیش کرنا"
"تلافی کرنا","Translations:
EN: to compensate / to make amends / to rectify a loss
AR: عَوَّضَ / تَدَارَكَ
FR: compenser / réparer (un tort)

Definition:
(EN) Compound verb expressing the act of doing something to balance out a previous mistake, loss, or harm.

Example: وہ اپنے برے سلوک کی تلافی کرنا چاہتا ہے۔

Translation: He wants to make amends (compensate) for his bad behavior.

Root Word: Arabic 'talāfī'.

Synonyms: بدلہ دینا, کمی پوری کرنا"
"مکافاتِ عمل ہونا","Translations:
EN: to face the consequences / to experience karma / what goes around comes around
AR: نَالَ جَزَاء عَمَلِه / كَمَا تَدِينُ تُدَان
FR: subir les conséquences de ses actes / le retour من bâton

Definition:
(EN) Formal idiomatic phrase expressing the law of nature where one's actions (good or bad) return to them.

Example: یہ سب مکافاتِ عمل ہے، جو بویا وہی کاٹا۔

Translation: This is all the consequence of actions (karma); what was sown is what was reaped.

Root Word: Arabic 'mukāfāt' (reward/retribution) + 'ʿamal' (action).

Synonyms: بدلہ ملنا, انجام کو پہنچنا"
"ظلم سہنا","Translations:
EN: to endure oppression / to suffer cruelty / to bear injustice
AR: تَحَمَّلَ الظُّلْم
FR: subir l'oppression / endurer la cruauté

Definition:
(EN) Compound verb expressing the state of being a victim of unfair treatment and enduring it.

Example: خاموشی سے ظلم سہنا بھی جرم ہے۔

Translation: To endure oppression (cruelty) silently is also a crime.

Root Word: Arabic 'ẓulm' + Urdu 'sahnā'.

Synonyms: زیادتی جھیلنا, ستم اٹھانا"
"تحمل کرنا","Translations:
EN: to tolerate / to bear / to have patience / to endure
AR: تَحَمَّلَ / صَبَرَ
FR: tolérer / supporter / endurer

Definition:
(EN) Formal compound verb expressing the act of enduring a difficult person or situation with patience and restraint.

Example: ہمیں دوسروں کی باتوں کا تحمل کرنا چاہیے۔

Translation: We should tolerate (bear) the words of others.

Root Word: Arabic 'taḥammul'.

Synonyms: برداشت کرنا, صبر کرنا"
"برداشت کرنا","Translations:
EN: to tolerate / to endure / to put up with / to afford (financially)
AR: تَحَمَّلَ / طَاقَ / اِسْتَطَاعَ
FR: supporter / endurer / tolérer / avoir les moyens

Definition:
(EN) Compound verb used for physical endurance, emotional tolerance, or the ability to pay for something.

Example: میں اب یہ رویہ برداشت نہیں کر سکتا۔

Translation: I cannot tolerate (put up with) this behavior anymore.

Root Word: Persian 'bardāsht'.

Synonyms: سہنا, جھیلنا"
"ضبط کرنا","Translations:
EN: to control (anger/emotion) / to confiscate / to seize
AR: ضَبَطَ / كَبَتَ / صَادَرَ
FR: contrôler / réprimer / confisquer

Definition:
(EN) Compound verb meaning to keep one's feelings in check or for an authority to take away property.

Example: اپنے غصے پر ضبط کرنا سیکھو۔

Translation: Learn to control (keep check on) your anger.

Root Word: Arabic 'ẓabt'.

Synonyms: قابو پانا, روکنا"
"غصہ پینا","Translations:
EN: to swallow anger / to suppress rage / to remain calm
AR: كَظَمَ الغَيْظ
FR: ravaler sa colère / réprimer sa rage

Definition:
(EN) Idiomatic compound verb expressing the act of not showing anger even when provoked, drinking the rage.

Example: عقل مند وہی ہے جو غصہ پی جائے۔

Translation: The wise one is he who swallows (his) anger.

Root Word: Arabic 'ghuṣṣa' + Urdu 'peenā'.

Synonyms: صبر کرنا, ضبط کرنا"
"غصہ کرنا","Translations:
EN: to get angry / to scold / to be annoyed
AR: غَضِبَ / اِسْتَشَاطَ غَضَبًا
FR: se mettre en colère / s'énerver

Definition:
(EN) Compound verb expressing the feeling of annoyance or rage toward someone.

Example: چھوٹی باتوں پر غصہ نہ کیا کرو۔

Translation: Do not get angry at small things.

Root Word: Arabic 'ghuṣṣa' + Urdu 'karnā'.

Synonyms: خفا ہونا, برہم ہونا"
"بھڑک اٹھنا","Translations:
EN: to flare up / to burst into anger / to ignite suddenly
AR: اِشْتَعَلَ / اِسْتَشَاطَ غَضَبًا
FR: s'emporter / s'enflammer / éclater de colère

Definition:
(EN) Compound verb expressing a sudden and intense explosion of anger or a fire starting quickly.

Example: وہ ذرا سی بات پر بھڑک اٹھتا ہے۔

Translation: He flares up (bursts into anger) at the slightest thing.

Root Word: Sanskrit 'bhaṛaka' + Urdu 'uṭhānā'.

Synonyms: آگ بگولا ہونا, طیش میں آنا"
"اشتعال دلانا","Translations:
EN: to provoke / to incite / to instigate / to inflame
AR: أَثَارَ / اِسْتَفَزَّ
FR: provoquer / inciter / attiser

Definition:
(EN) Compound verb expressing the act of intentionally making someone angry or inciting them to violence.

Example: لوگوں کو اشتعال دلانا غلط ہے۔

Translation: It is wrong to provoke (incite) the people.

Root Word: Arabic 'ishtiʿāl' (igniting/inflammation).

Synonyms: بھڑکانا, اکسانا"
"ضبطِ نفس کرنا","Translations:
EN: to practice self-control / to discipline oneself / to master the self
AR: جَاهَدَ نَفْسَه / ضَبَطَ نَفْسَه
FR: pratiquer la maîtrise de soi / se discipliner

Definition:
(EN) Formal/Spiritual compound verb meaning to control one's desires and impulses through self-discipline.

Example: کامیابی کے لیے ضبطِ نفس کرنا ضروری ہے۔

Translation: Self-control (mastering the self) is necessary for success.

Root Word: Arabic 'ẓabt' + 'nafs'.

Synonyms: نفس مارنا, خود پر قابو پانا"
"کلمہ پڑھنا","Translations:
EN: to recite the Kalima / to embrace Islam / to declare faith
AR: نَطَقَ بِالشَّهَادَة
FR: réciter la Kalima / embrasser l'Islam

Definition:
(EN) Compound verb specifically referring to the recitation of the Islamic declaration of faith to become a Muslim.

Example: اس نے سچے دل سے کلمہ پڑھا۔

Translation: He recited the Kalima (declared faith) with a true heart.

Root Word: Arabic 'kalima' + Urdu 'paṛhnā'.

Synonyms: مسلمان ہونا, ایمان لانا"
"کلمہِ طیبہ","Translations:
EN: the pure word / the Islamic declaration of faith
AR: الكَلِمَة الطَّيِّبَة
FR: la parole pure / la profession de foi islamique

Definition:
(EN) (Specific religious term). The fundamental declaration of faith (There is no god but Allah...) used as a core flashcard.

Example: کلمہِ طیبہ اسلام کی بنیاد ہے۔

Translation: The Kalima-e-Tayyiba is the foundation of Islam.

Root Word: Arabic 'kalima' + 'tayyiba'.

Synonyms: کلمہ توحید"
"شہادت دینا","Translations:
EN: to bear witness / to testify / to achieve martyrdom
AR: شَهِدَ / اِسْتُشْهِدَ
FR: témoigner / mourir en martyr

Definition:
(EN) Compound verb with dual meanings: to give legal/religious testimony or to die for a sacred cause (martyrdom).

Example: سچی گواہی کے لیے شہادت دو۔

Translation: Bear witness (testify) for the truth.

Root Word: Arabic 'shahādat'.

Synonyms: گواہی دینا, شہید ہونا"
"گواہی دینا","Translations:
EN: to give evidence / to testify / to bear witness
AR: أَدْلَى بِشَهَادَتِه
FR: témoigner / apporter une preuve

Definition:
(EN) Compound verb expressing the act of stating what one has seen or known in a court or formal setting.

Example: وہ عدالت میں گواہی دے گا۔

Translation: He will give evidence (testify) in court.

Root Word: Persian 'gawāhī' + Urdu 'denā'.

Synonyms: شہادت دینا, تصدیق کرنا"
"قسم کھانا","Translations:
EN: to take an oath / to swear / to vow
AR: حَلَفَ / أَقْسَمَ
FR: prêter serment / jurer

Definition:
(EN) Compound verb expressing the act of making a solemn statement, often by invoking God's name, to prove truthfulness.

Example: جھوٹی قسم نہ کھاؤ۔

Translation: Do not take a false oath (swear falsely).

Root Word: Arabic 'qasam' + Urdu 'khānā'.

Synonyms: حلف اٹھانا, عہد کرنا"
"وعدہ کرنا","Translations:
EN: to promise / to pledge / to give one's word
AR: وَعَدَ / تَعَهَّدَ
FR: promettre / s'engager

Definition:
(EN) Compound verb expressing the act of telling someone that you will certainly do something.

Example: اس نے وقت پر آنے کا وعدہ کیا۔

Translation: He promised to come on time.

Root Word: Arabic 'waʿda'.

Synonyms: قول دینا, عہد کرنا"
"وعدہ خلافی کرنا","Translations:
EN: to break a promise / to go back on one's word
AR: أَخْلَفَ الوَعْد
FR: rompre une promesse / manquer à sa parole

Definition:
(EN) Compound verb expressing the act of not doing what one had promised.

Example: وعدہ خلافی کرنا منافقت کی نشانی ہے۔

Translation: Breaking a promise is a sign of hypocrisy.

Root Word: Arabic 'waʿda' + 'khilāfī'.

Synonyms: وعدہ توڑنا, قول سے پھرنا"
"وعدہ نبھانا","Translations:
EN: to keep a promise / to fulfill a pledge
AR: أَوْفَى بِالوَعْد
FR: tenir une promesse / respecter son engagement

Definition:
(EN) Compound verb expressing the act of successfully doing what was promised.

Example: سچا انسان ہمیشہ وعدہ نبھاتا ہے۔

Translation: A true person always keeps (their) promise.

Root Word: Arabic 'waʿda' + Urdu 'nibhānā'.

Synonyms: وعدہ پورا کرنا, ایفاءِ عہد کرنا"
"عہد کرنا","Translations:
EN: to make a pact / to resolve / to take a vow
AR: تَعَهَّدَ / عَزَمَ
FR: conclure un pacte / prendre une résolution

Definition:
(EN) Stronger and more formal compound verb for making a serious commitment or a resolution to oneself or others.

Example: ہم نے ملک کی خدمت کا عہد کیا۔

Translation: We made a pact (resolved) to serve the country.

Root Word: Arabic 'ʿahd'.

Synonyms: پختہ ارادہ کرنا, قول و قرار کرنا"
"عہد توڑنا","Translations:
EN: to break a pact / to violate a treaty / to breach a resolution
AR: نَقَضَ العَهْد
FR: rompre un pacte / violer un traité

Definition:
(EN) Compound verb expressing the act of violating a formal agreement or a serious resolution.

Example: کسی سے کیا ہوا عہد نہ توڑو۔

Translation: Do not break a pact (agreement) made with anyone.

Root Word: Arabic 'ʿahd' + Urdu 'toṛnā'.

Synonyms: عہد شکنی کرنا, معاہدہ توڑنا"
"معاہدہ کرنا","Translations:
EN: to make a contract / to sign a treaty / to reach an agreement
AR: عَقَدَ اِتِّفَاقِيَّة / عَاقَدَ
FR: signer un contrat / conclure un traité

Definition:
(EN) Formal/Legal compound verb for making a written or official agreement between two parties.

Example: دونوں ملکوں نے تجارتی معاہدہ کیا۔

Translation: Both countries made (signed) a trade treaty.

Root Word: Arabic 'muʿāhada'.

Synonyms: اگریمنٹ کرنا, لکھت پڑھت کرنا"
"اقرار کرنا","Translations:
EN: to confess / to admit / to agree / to affirm
AR: أَقَرَّ / اِعْتَرَفَ
FR: avouer / admettre / affirmer

Definition:
(EN) Compound verb expressing the act of acknowledging a truth or admitting a mistake/crime.

Example: مجرم نے اپنے جرم کا اقرار کیا۔

Translation: The criminal confessed to his crime.

Root Word: Arabic 'iqrār'.

Synonyms: ماننا, اعتراف کرنا"
"انکار کرنا","Translations:
EN: to refuse / to deny / to decline / to reject
AR: أَنْكَرَ / رَفَضَ
FR: refuser / nier / décliner

Definition:
(EN) Compound verb expressing the act of saying no to a request or denying an accusation.

Example: اس نے مدد کرنے سے انکار کر دیا۔

Translation: He refused to help.

Root Word: Arabic 'inkār'.

Synonyms: نفی کرنا, نامنظور کرنا"
"تردید کرنا","Translations:
EN: to refute / to contradict / to deny a report
AR: نَفَى / كَذَّبَ
FR: réfuter / démentir

Definition:
(EN) Formal compound verb meaning to officially state that a report or claim is false.

Example: ترجمان نے خبر کی تردید کی۔

Translation: The spokesperson refuted (denied) the news.

Root Word: Arabic 'tardeed'.

Synonyms: جھٹلانا, رد کرنا"
"تصدیق کرنا","Translations:
EN: to verify / to confirm / to validate / to attest
AR: صَدَّقَ / أَكَّدَ
FR: vérifier / confirmer / valider

Definition:
(EN) Compound verb expressing the act of proving that something is true or authentic.

Example: پولیس نے اس واقعے کی تصدیق کی۔

Translation: The police verified (confirmed) this incident.

Root Word: Arabic 'taṣdeeq'.

Synonyms: توثیق کرنا, سچا ثابت کرنا"
"گواہ بنانا","Translations:
EN: to make (someone) a witness / to call as witness
AR: اِتَّخَذَ شَاهِدًا
FR: prendre à témoin

Definition:
(EN) Compound verb expressing the act of asking someone to observe an event or agreement so they can testify later.

Example: میں اس معاملے میں تمہیں گواہ بناتا ہوں۔

Translation: I make you a witness in this matter.

Root Word: Persian 'gawāh' + Urdu 'banānā'.

Synonyms: گواہ ٹھہرانا"
"بیعت کرنا","Translations:
EN: to pledge allegiance / to take an oath of fealty / to become a disciple
AR: بَايَعَ
FR: prêter allégeance / faire acte de soumission

Definition:
(EN) (Specific religious/political term). Compound verb expressing a formal oath of loyalty to a leader or spiritual guide.

Example: صحابہ نے نبی کریم ﷺ کے ہاتھ پر بیعت کی۔

Translation: The companions pledged allegiance at the hand of the Holy Prophet (PBUH).

Root Word: Arabic 'baiʿat'.

Synonyms: وفا کا عہد کرنا, مرید ہونا"
"سرکوبی کرنا","Translations:
EN: to suppress / to punish / to crush / to repress
AR: قَمَعَ / نَكَّلَ بِـ
FR: réprimer / châtier / écraser

Definition:
(EN) Formal compound verb meaning to use power or force to end the defiance or rebellion of a group.

Example: حکومت نے شر پسند عناصر کی سرکوبی کی۔

Translation: The government suppressed (crushed) the mischievous elements.

Root Word: Persian 'sar' + 'kobī'.

Synonyms: کچل دینا, سزا دینا"
"فرمان جاری کرنا","Translations:
EN: to issue an edict / to issue a royal command / to decree
AR: أَصْدَرَ فَرْمَانًا / أَمَرَ رَسْمِيًّا
FR: émettre un édit / décréter

Definition:
(EN) Compound verb specifically used for high authorities or kings issuing an official, binding command.

Example: بادشاہ نے نیا فرمان جاری کیا۔

Translation: The king issued a new edict (royal command).

Root Word: Persian 'farmān' + Urdu 'jārī karnā'.

Synonyms: حکم نامہ بھیجنا"
"ڈھنڈورا پیٹنا","Translations:
EN: to proclaim loudly / to beat the drum (proclamation) / to broadcast
AR: نَادَى فِي النَّاس / أَشَاعَ
FR: proclamer haut et fort / crier sur les toits

Definition:
(EN) Idiomatic compound verb literally meaning to beat a drum to gather a crowd for an announcement; figuratively to spread news everywhere.

Example: اپنی نیکی کا ڈھنڈورا نہ پیٹو۔

Translation: Do not proclaim your good deed loudly (broadcast it).

Root Word: Sanskrit 'ḍhanḍorā' + Urdu 'peeṭnā'.

Synonyms: منادی کرنا, مشہور کرنا"
"مہم چلانا","Translations:
EN: to run a campaign / to lead an expedition / to launch a drive
AR: شَنَّ حَمْلَة
FR: mener une campagne / lancer une expédition

Definition:
(EN) Compound verb expressing the act of organizing a systematic effort for a goal (election, cleaning, war).

Example: پولیو کے خلاف مہم چلائی جا رہی ہے۔

Translation: A campaign is being run against Polio.

Root Word: Arabic 'muhim' + Urdu 'chalānā'.

Synonyms: کام شروع کرنا, تحریک شروع کرنا"
"تحریک چلانا","Translations:
EN: to start a movement / to initiate an agitation / to mobilize
AR: أَطْلَقَ حَرَكَة
FR: lancer un mouvement / déclencher une agitation

Definition:
(EN) Compound verb expressing the act of starting a large-scale social or political movement to bring change.

Example: آزادی کی تحریک چلانا ضروری تھا۔

Translation: It was necessary to start the movement for independence.

Root Word: Arabic 'taḥreek' + Urdu 'chalānā'.

Synonyms: مہم جوئی کرنا, بیدار کرنا"
"احتجاج کرنا","Translations:
EN: to protest / to object / to demonstrate
AR: اِحْتَجَّ / تَظَاهَرَ
FR: protester / manifester

Definition:
(EN) Compound verb expressing the act of publicly showing disagreement or anger against a policy or action.

Example: مہنگائی کے خلاف عوام نے احتجاج کیا۔

Translation: The people protested against the inflation.

Root Word: Arabic 'iḥtijāj'.

Synonyms: واویلا کرنا, آواز اٹھانا"
"ہڑتال کرنا","Translations:
EN: to strike (work stoppage) / to close shops in protest
AR: أَضْرَبَ عَنِ العَمَل
FR: faire grève / fermer boutique (en protestation)

Definition:
(EN) Compound verb expressing the act of stopping work or closing businesses to force an authority to meet demands.

Example: ڈاکٹروں نے مطالبات کے لیے ہڑتال کر دی۔

Translation: The doctors went on strike for (their) demands.

Root Word: Sanskrit 'haṛatāla'.

Synonyms: کام روکنا, پہیہ جام کرنا"
"دھرنا دینا","Translations:
EN: to stage a sit-in / to camp in protest / to squat
AR: اِعْتَصَمَ
FR: faire un sit-in / occuper un lieu en protestation

Definition:
(EN) Compound verb expressing the act of sitting and staying in a public place as a form of non-violent protest.

Example: مظاہرین نے پارلیمنٹ کے سامنے دھرنا دیا۔

Translation: The protesters staged a sit-in before the Parliament.

Root Word: Sanskrit 'dharnā' + Urdu 'denā'.

Synonyms: اعتصام کرنا, جم کر بیٹھنا"
"نعرے لگانا","Translations:
EN: to chant slogans / to shout slogans / to cheer
AR: هَتَفَ / رَدَّدَ الشِّعَارَات
FR: scander des slogans / pousser des cris

Definition:
(EN) Compound verb expressing the act of shouting short, catchy phrases to express support or protest.

Example: کارکنوں نے اپنے لیڈر کے حق میں نعرے لگائے۔

Translation: The workers chanted slogans in favor of their leader.

Root Word: Persian 'naʿra' + Urdu 'lagānā'.

Synonyms: شور مچانا, آواز بلند کرنا"
"جلاؤ گھیراؤ کرنا","Translations:
EN: to commit arson and surround / to engage in mob violence
AR: أَحْرَقَ وَحَاصَرَ / أَعْمَال شَغَب
FR: commettre des incendies criminels et encercler / vandalisme violent

Definition:
(EN) Severe compound verb describing a mob setting things on fire and surrounding buildings/people violently.

Example: ہجوم نے شہر میں جلاؤ گھیراؤ کیا۔

Translation: The mob committed arson and surrounded (engaged in violence) in the city.

Root Word: Urdu 'jalāʾo' + 'gherāʾo'.

Synonyms: توڑ پھوڑ کرنا, دنگا فساد کرنا"
"توڑ پھوڑ کرنا","Translations:
EN: to vandalize / to break things / to engage in destruction
AR: خَرَّبَ / كَسَّرَ
FR: vandaliser / casser / saccager

Definition:
(EN) Compound verb expressing the act of damaging property, especially during a riot or as a form of protest.

Example: مظاہرین نے سرکاری عمارتوں میں توڑ پھوڑ کی۔

Translation: The protesters vandalized (broke things in) government buildings.

Root Word: Urdu 'toṛ' + 'phoṛ'.

Synonyms: نقصان پہنچانا, غارت کرنا"
"امن و امان قائم کرنا","Translations:
EN: to establish law and order / to restore peace
AR: اِسْتَتَبَّ الأَمْن / أَقَامَ النِّظَام
FR: établir l'ordre et la paix / rétablir le calme

Definition:
(EN) Compound verb expressing the act of bringing stability and safety back to a chaotic situation.

Example: پولیس کی ذمہ داری امن و امان قائم کرنا ہے۔

Translation: The police's responsibility is to establish law and order.

Root Word: Arabic 'amn' + 'amān'.

Synonyms: سکون لانا, انتظام سنبھالنا"
"کرفیو لگانا","Translations:
EN: to impose a curfew / to restrict movement
AR: فَرَضَ حَظْر التَّجَوُّل
FR: instaurer un couvre-feu

Definition:
(EN) Compound verb expressing the act of banning people from being on the streets during specific hours, usually for security.

Example: حالات خراب ہونے پر شہر میں کرفیو لگا دیا گیا۔

Translation: A curfew was imposed in the city when conditions worsened.

Root Word: English 'curfew' + Urdu 'lagānā'.

Synonyms: پابندی لگانا, ناکہ بندی کرنا"
"دفعہ لگانا","Translations:
EN: to impose a section / to charge with a clause (law)
AR: فَرَضَ بَنْدًا قَانُونِيًّا / وَجَّهَ تُهْمَة
FR: appliquer un article de loi / inculper

Definition:
(EN) Compound verb specifically used by police or legal authorities to apply a specific section of the penal code to a crime.

Example: اس پر چوری کی دفعہ لگائی گئی۔

Translation: He was charged with the section (clause) for theft.

Root Word: Arabic 'dafʿa' + Urdu 'lagānā'.

Synonyms: تعزیر لگانا, مقدمہ درج کرنا"
"مقدمہ چلانا","Translations:
EN: to prosecute / to run a case / to conduct a trial
AR: حَاكَمَ / قَاضَى
FR: poursuivre en justice / mener un procès

Definition:
(EN) Compound verb expressing the act of conducting a formal legal case against someone in court.

Example: ملزم پر قتل کا مقدمہ چلایا جا رہا ہے۔

Translation: A murder case is being run (prosecuted) against the accused.

Root Word: Arabic 'muqaddama' + Urdu 'chalānā'.

Synonyms: کیس لڑنا, کارروائی کرنا"
"مقدمہ بازی کرنا","Translations:
EN: to engage in litigation / to involve in constant lawsuits
AR: اِشْتَغَلَ بِالمُقَاضَاة / الدَّعَاوَى
FR: se lancer dans des litiges / plaider sans cesse

Definition:
(EN) Compound verb (often with a negative connotation) expressing a habit of constantly suing people or being in court.

Example: اسے مقدمہ بازی کرنے کا شوق ہے۔

Translation: He has a hobby of engaging in litigation.

Root Word: Arabic 'muqaddama' + Persian 'bāzī'.

Synonyms: قانونی لڑائی لڑنا"
"مدعی بننا","Translations:
EN: to become a plaintiff / to become a claimant / to sue
AR: صَارَ مُدَّعِيًا
FR: se porter demandeur / devenir plaignant

Definition:
(EN) Compound verb expressing the act of being the party that brings a charge or claim against another in court.

Example: اس کیس میں حکومت خود مدعی بنی ہے۔

Translation: In this case, the government itself has become the plaintiff.

Root Word: Arabic 'muddaʿī' + Urdu 'bannā'.

Synonyms: دعویٰ کرنا, فریادی ہونا"
"وکیل کرنا","Translations:
EN: to hire a lawyer / to appoint an attorney / to engage counsel
AR: وَكَّلَ مُحَامِيًا
FR: engager un avocat / constituer un défenseur

Definition:
(EN) Compound verb expressing the act of hiring a legal professional to represent one in court.

Example: اس نے اپنا مقدمہ لڑنے کے لیے مہنگا وکیل کیا۔

Translation: He hired an expensive lawyer to fight his case.

Root Word: Arabic 'wakeel' + Urdu 'karnā'.

Synonyms: قانونی مشیر بنانا"
"بحث کرنا","Translations:
EN: to argue / to debate / to discuss / to plead in court
AR: جَادَلَ / نَاقَشَ
FR: débattre / argumenter / plaider

Definition:
(EN) Compound verb expressing the act of presenting logical points for or against a matter, used both in daily life and court.

Example: بلاوجہ بحث نہ کرو۔

Translation: Do not argue without reason.

Root Word: Arabic 'baḥath'.

Synonyms: تکرار کرنا, مناظرہ کرنا"
"جرح کرنا","Translations:
EN: to cross-examine / to interrogate (legal)
AR: اِسْتَجْوَبَ / طَعَنَ فِي الشَّهَادَة
FR: contre-interroger / mener un contre-interrogatoire

Definition:
(EN) (Specific legal term). Compound verb referring to a lawyer questioning the opposing witness to find flaws in their story.

Example: وکیل نے گواہ پر سخت جرح کی۔

Translation: The lawyer conducted a tough cross-examination on the witness.

Root Word: Arabic 'jiraḥ' (wounding/probing).

Synonyms: سوال و جواب کرنا, باز پرس کرنا"
"گواہ پیش کرنا","Translations:
EN: to present a witness / to produce evidence
AR: أَحْضَرَ شَاهِدًا
FR: présenter un témoin / produire un témoignage

Definition:
(EN) Compound verb expressing the act of bringing someone to court to give testimony in favor of one's side.

Example: ملزم نے اپنی بے گناہی کے لیے دو گواہ پیش کیے۔

Translation: The accused presented two witnesses for his innocence.

Root Word: Persian 'gawāh' + Urdu 'pesh karnā'.

Synonyms: شہادت لانا"
"ثبوت فراہم کرنا","Translations:
EN: to provide proof / to supply evidence / to substantiate
AR: قَدَّمَ الأَدِلَّة / أَثْبَتَ
FR: fournir des preuves / apporter des témoignages

Definition:
(EN) Compound verb expressing the act of giving physical or verbal confirmation of a fact to a court or authority.

Example: پولیس نے جرم کے ثبوت فراہم کیے۔

Translation: The police provided proof of the crime.

Root Word: Arabic 'thubūt' + 'farāham'.

Synonyms: دلیل دینا, شہادت پیش کرنا"
"جرم ثابت ہونا","Translations:
EN: to be proven guilty / to be convicted / for a crime to be established
AR: ثَبَتَتِ التُّهْمَة / أُدِينَ
FR: être reconnu coupable / être convaincu de crime

Definition:
(EN) Compound verb expressing the result where the court decides that the person actually committed the crime based on evidence.

Example: عدالت میں اس کا جرم ثابت ہو گیا۔

Translation: His crime was proven (he was found guilty) in court.

Root Word: Arabic 'jurm' + 'thābit'.

Synonyms: قصور وار ٹھہرنا, مجرم قرار پانا"
"سزا سنانا","Translations:
EN: to announce a sentence / to condemn / to pass judgment
AR: نَطَقَ بِالعُقُوبَة
FR: prononcer une peine / condamner

Definition:
(EN) Compound verb specifically referring to a judge telling the convicted person what their punishment will be.

Example: جج نے اسے عمر قید کی سزا سنائی۔

Translation: The judge announced (delivered) a life imprisonment sentence to him.

Root Word: Arabic 'sazā' + Urdu 'sunānā'.

Synonyms: حکمِ سزا دینا"
"قید کرنا","Translations:
EN: to imprison / to jail / to confine
AR: حَبَسَ / سَجَنَ
FR: emprisonner / incarcérer

Definition:
(EN) Compound verb expressing the act of putting someone behind bars or restricting their physical freedom.

Example: باغیوں کو قلعے میں قید کر دیا گیا۔

Translation: The rebels were imprisoned in the fort.

Root Word: Arabic 'qaid'.

Synonyms: جیل بھیجنا, محبوس کرنا"
"رہا کرنا","Translations:
EN: to release / to set free / to liberate / to acquit
AR: أَطْلَقَ سَرَاح / حَرَّرَ
FR: libérer / relâcher / élargir

Definition:
(EN) Compound verb expressing the act of letting someone go from jail or captivity.

Example: بے گناہ ثابت ہونے پر اسے رہا کر دیا گیا۔

Translation: He was released (set free) upon being proven innocent.

Root Word: Arabic 'rihā'.

Synonyms: آزاد کرنا, چھوڑنا"
"بریت حاصل کرنا","Translations:
EN: to gain acquittal / to be exonerated / to be cleared of charges
AR: نَالَ البَرَاءَة
FR: obtenir un acquittement / être blanchi

Definition:
(EN) Formal compound verb expressing the successful outcome of being officially declared innocent by the court.

Example: اس نے بڑی مشکل سے بریت حاصل کی۔

Translation: He gained acquittal (was cleared) with great difficulty.

Root Word: Arabic 'bariyyat' (innocence/acquittal).

Synonyms: بے گناہ ثابت ہونا, پاک صاف نکلنا"
"اپیل کرنا","Translations:
EN: to appeal (legal) / to request a higher court / to plead
AR: اِسْتَأْنَفَ (قَانُونِيًّا) / نَاشَدَ
FR: faire appel / interjeter appel

Definition:
(EN) Compound verb expressing the act of asking a higher court to change the decision of a lower court.

Example: اس نے ہائی کورٹ میں اپیل کی ہے۔

Translation: He has made an appeal in the High Court.

Root Word: English 'appeal' + Urdu 'karnā'.

Synonyms: نظرِ ثانی کی درخواست کرنا, دہائی دینا"
"انتخاب کرنا","Translations:
EN: to elect / to choose / to select
AR: اِنْتَخَبَ / اِخْتَارَ
FR: élire / choisir / sélectionner

Definition:
(EN) Compound verb expressing the act of choosing a person for an office by vote or selecting an item from a group.

Example: عوام نے اپنے نمائندے کا انتخاب کیا۔

Translation: The people elected (chose) their representative.

Root Word: Arabic 'intikhāb'.

Synonyms: چننا, منتخب کرنا"
"ووٹ دینا","Translations:
EN: to vote / to cast a ballot
AR: أَدْلَى بِصَوْتِه
FR: voter / donner sa voix

Definition:
(EN) Compound verb expressing the act of giving one's formal choice in an election.

Example: اپنا ووٹ سوچ سمجھ کر دینا۔

Translation: Give (cast) your vote carefully.

Root Word: English 'vote' + Urdu 'denā'.

Synonyms: رائے دہی کرنا"
"انتخابی مہم چلانا","Translations:
EN: to run an election campaign / to canvass
AR: شَنَّ حَمْلَة اِنْتِخَابِيَّة
FR: mener une campagne électorale

Definition:
(EN) Compound verb expressing the act of organized activity to persuade voters to vote for a specific candidate.

Example: امیدوار پورے حلقے میں انتخابی مہم چلا رہا ہے۔

Translation: The candidate is running an election campaign in the whole constituency.

Root Word: Arabic 'intikhābī' + 'muhim'.

Synonyms: ووٹ مانگنا"
"دھاندلی کرنا","Translations:
EN: to rig (election) / to cheat / to commit fraud / to be unfair
AR: زَوَّرَ (الاِنْتِخَابَات) / غَشَّ
FR: truquer (une élection) / tricher

Definition:
(EN) Compound verb expressing illegal or unfair manipulation of a process, especially an election, to get a desired result.

Example: اپوزیشن نے دھاندلی کرنے کا الزام لگایا۔

Translation: The opposition accused (the government) of rigging (cheating).

Root Word: Urdu 'dhāndlī'.

Synonyms: ہیرا پھیری کرنا, جعل سازی کرنا"
"منتخب ہونا","Translations:
EN: to be elected / to be chosen / to be selected
AR: اِخْتِيرَ / اِنْتُخِبَ
FR: être élu / être choisi

Definition:
(EN) Compound verb expressing the state of having been successfully chosen by a group or through a process.

Example: وہ بھاری اکثریت سے منتخب ہوا۔

Translation: He was elected with a heavy majority.

Root Word: Arabic 'muntaikhab'.

Synonyms: چنا جانا, کامیاب ہونا"
"حلف اٹھانا","Translations:
EN: to take an oath (office) / to be sworn in
AR: أَدَّى القَسَم
FR: prêter serment / être assermenté

Definition:
(EN) Compound verb specifically referring to an official taking a formal oath before starting their duties.

Example: نئے وزیرِ اعظم نے آج حلف اٹھایا۔

Translation: The new Prime Minister took the oath (was sworn in) today.

Root Word: Arabic 'ḥalf' + Urdu 'uṭhānā'.

Synonyms: قسم کھانا, عہد لینا"
"وزارت سنبھالنا","Translations:
EN: to take charge of a ministry / to become a minister
AR: تَوَلَّى الوِزَارَة
FR: prendre la direction d'un ministère / devenir ministre

Definition:
(EN) Compound verb expressing the act of officially starting work as a government minister.

Example: اس نے تعلیم کی وزارت سنبھالی۔

Translation: He took charge of (became the minister for) Education.

Root Word: Arabic 'wizārat' + Urdu 'sambhālnā'.

Synonyms: عہدہ سنبھالنا"
"استعفیٰ دینا","Translations:
EN: to resign / to quit / to step down
AR: اِسْتَقَالَ
FR: démissionner

Definition:
(EN) Compound verb expressing the act of officially giving up a job or office.

Example: وزیر نے اپنے عہدے سے استعفیٰ دے دیا۔

Translation: The minister resigned from his post.

Root Word: Arabic 'istiʿfa'.

Synonyms: نوکری چھوڑنا, دستبردار ہونا"
"معطل کرنا","Translations:
EN: to suspend (official/service) / to put on hold
AR: عَلَّقَ / أَوْقَفَ مُؤَقَّتًا
FR: suspendre

Definition:
(EN) Compound verb meaning to temporarily stop someone from working or to stop a service/process.

Example: بدعنوانی پر افسر کو معطل کر دیا گیا۔

Translation: The officer was suspended for corruption.

Root Word: Arabic 'muʿat̤t̤al'.

Synonyms: فارغ کرنا (عارضی طور پر), روک دینا"
"برطرف کرنا","Translations:
EN: to dismiss / to fire (official) / to remove from post
AR: عَزَلَ / أَقَالَ
FR: licencier / limoger / destituer

Definition:
(EN) Compound verb meaning to permanently remove someone from their job or official position.

Example: ملازم کو بدتمیزی پر برطرف کر دیا گیا۔

Translation: The employee was dismissed (fired) for misbehavior.

Root Word: Persian 'bart̤araf'.

Synonyms: نکال دینا, موقوف کرنا"
"بحال کرنا","Translations:
EN: to restore / to reinstate / to revive / to bring back
AR: أَعَادَ / اِسْتَرَدَّ
FR: rétablir / restaurer / réintégrer

Definition:
(EN) Compound verb expressing the act of returning someone to their post or returning a system to its previous state.

Example: عدالت نے معطل افسر کو بحال کر دیا۔

Translation: The court reinstated (restored) the suspended officer.

Root Word: Arabic 'baḥāl'.

Synonyms: دوبارہ قائم کرنا, درست کرنا"
"تنقید کرنا","Translations:
EN: to criticize / to critique / to find fault
AR: اِنْتَقَدَ
FR: critiquer

Definition:
(EN) Compound verb expressing the act of pointing out flaws or giving an evaluation of someone's work or policy.

Example: حکومت کی معاشی پالیسی پر تنقید کی گئی۔

Translation: The government's economic policy was criticized.

Root Word: Arabic 'tanqeed'.

Synonyms: نکتہ چینی کرنا, اعتراض کرنا"
"مخالفت کرنا","Translations:
EN: to oppose / to disagree / to resist
AR: عَارَضَ / نَاهَضَ
FR: s'opposer à / contester

Definition:
(EN) Compound verb expressing the act of going against an idea, person, or group.

Example: اپوزیشن نے نئے قانون کی مخالفت کی۔

Translation: The opposition opposed the new law.

Root Word: Arabic 'mukhalifat'.

Synonyms: خلاف ہونا, روڑے اٹکانا"
"حمایت کرنا","Translations:
EN: to support / to back / to favor / to protect
AR: دَعَمَ / سَانَدَ
FR: soutenir / appuyer / favoriser

Definition:
(EN) Compound verb expressing the act of helping or agreeing with a person/cause.

Example: میں سچ کی حمایت کروں گا۔

Translation: I will support the truth.

Root Word: Arabic 'ḥimāyat'.

Synonyms: ساتھ دینا, مدد کرنا"
"تائید کرنا","Translations:
EN: to endorse / to second / to confirm / to support (formal)
AR: أَيَّدَ
FR: endosser / appuyer / confirmer (formel)

Definition:
(EN) Formal compound verb meaning to support a statement or proposal made by someone else.

Example: میں آپ کی تجویز کی تائید کرتا ہوں۔

Translation: I endorse (second) your proposal.

Root Word: Arabic 'tāʾeed'.

Synonyms: تصدیق کرنا, حمایت کرنا"
"مشورہ کرنا","Translations:
EN: to consult / to seek advice / to deliberate
AR: اِسْتَشَارَ / شَاوَرَ
FR: consulter / demander conseil

Definition:
(EN) Compound verb expressing the act of talking to someone to get their opinion or guidance before making a decision.

Example: کوئی بھی قدم اٹھانے سے پہلے والدین سے مشورہ کرو۔

Translation: Consult with (seek advice from) parents before taking any step.

Root Word: Arabic 'mashwara'.

Synonyms: رائے لینا, صلاح مشورہ کرنا"
"اتفاق کرنا","Translations:
EN: to agree / to coincide / to happen by chance
AR: اِتَّفَقَ / وَافَقَ
FR: être d'accord / coïncider

Definition:
(EN) Compound verb expressing the act of having the same opinion as someone else or two events happening at the same time.

Example: میں آپ کی بات سے مکمل اتفاق کرتا ہوں۔

Translation: I completely agree with what you say.

Root Word: Arabic 'ittifāq'.

Synonyms: ہمنوا ہونا, مان لینا"
"اختلاف کرنا","Translations:
EN: to disagree / to differ / to have a dispute
AR: اِخْتَلَفَ / تَعَارَضَ
FR: être en désaccord / différer

Definition:
(EN) Compound verb expressing the act of having a different opinion or being in conflict with a statement or person.

Example: جمہوریت میں اختلاف کرنے کا حق سب کو ہے۔

Translation: Everyone has the right to disagree in a democracy.

Root Word: Arabic 'ikhtilāf'.

Synonyms: اختلافِ رائے رکھنا, خلاف ہونا"
"سمجھوتہ کرنا","Translations:
EN: to compromise / to make a deal / to reach an understanding
AR: سَاوَمَ / تَصَالَحَ / قَدَّمَ تَنَازُلات
FR: faire un compromis / passer un accord

Definition:
(EN) Compound verb expressing the act of settling a dispute by each side giving up something.

Example: اس نے اپنے اصولوں پر کبھی سمجھوتہ نہیں کیا۔

Translation: He never compromised on his principles.

Root Word: Hindi/Urdu 'samajh' + 'autā'.

Synonyms: صلح کرنا, ڈیل کرنا"
"مصالحت کرنا","Translations:
EN: to reconcile / to make peace / to arbitrate
AR: صَالَحَ / صَالَحَ بَيْنَ
FR: se réconcilier / faire la paix

Definition:
(EN) Formal compound verb expressing the act of ending a quarrel or helping two parties reach a peaceful resolution.

Example: دونوں خاندانوں کے درمیان مصالحت ہو گئی۔

Translation: Reconciliation took place (reconciled) between both families.

Root Word: Arabic 'muṣāliḥat'.

Synonyms: صلح صفائی کرنا, بیچ بچاؤ کرانا"
"جنگ کرنا","Translations:
EN: to wage war / to fight / to battle
AR: حَارَبَ / قَاتَلَ
FR: faire la guerre / combattre

Definition:
(EN) Compound verb expressing the act of engaging in an organized armed conflict between nations or groups.

Example: حق کی خاطر جنگ کرنا عین عبادت ہے۔

Translation: To wage war (fight) for the sake of truth is exactly like worship.

Root Word: Persian 'jang' + Urdu 'karnā'.

Synonyms: لڑائی کرنا, معرکہ آرائی کرنا"
"حملہ کرنا","Translations:
EN: to attack / to assault / to raid
AR: هَجَمَ / اِعْتَدَى
FR: attaquer / assaillir

Definition:
(EN) Compound verb expressing the act of starting a violent action against someone or something suddenly.

Example: شیر نے ہرن پر حملہ کر دیا۔

Translation: The lion attacked the deer.

Root Word: Arabic 'ḥamla'.

Synonyms: چڑھائی کرنا, وار کرنا"
"دفاع کرنا","Translations:
EN: to defend / to protect / to stand up for
AR: دَافَعَ / حَمَى
FR: défendre / protéger

Definition:
(EN) Compound verb expressing the act of protecting oneself or others from an attack or accusation.

Example: ملک کا دفاع کرنا ہر شہری کا فرض ہے۔

Translation: To defend the country is the duty of every citizen.

Root Word: Arabic 'difāʿ'.

Synonyms: حفاظت کرنا, بچاؤ کرنا"
"شکست دینا","Translations:
EN: to defeat / to beat / to conquer
AR: هَزَمَ / قَهَرَ
FR: vaincre / battre / défaire

Definition:
(EN) Compound verb expressing the act of winning a battle or competition against someone.

Example: ہماری ٹیم نے مخالف کو شکست دی۔

Translation: Our team defeated the opponent.

Root Word: Persian 'shikast' + Urdu 'denā'.

Synonyms: ہرانا, مات دینا"
"شکست کھانا","Translations:
EN: to suffer defeat / to be beaten / to lose
AR: اِنْهَزَمَ / خَسِرَ
FR: être vaincu / subir une défaite

Definition:
(EN) Compound verb expressing the state of losing a battle or being beaten by an opponent.

Example: دشمن نے میدان میں شکست کھائی۔

Translation: The enemy suffered defeat in the field.

Root Word: Persian 'shikast' + Urdu 'khānā'.

Synonyms: ہار جانا, پسپا ہونا"
"فتح حاصل کرنا","Translations:
EN: to gain victory / to conquer / to triumph
AR: اِنْتَصَرَ / فَتَحَ
FR: remporter la victoire / triompher

Definition:
(EN) Formal compound verb expressing the act of successfully winning a war or a major achievement.

Example: مسلمانوں نے مکہ پر فتح حاصل کی۔

Translation: The Muslims gained victory over (conquered) Mecca.

Root Word: Arabic 'fataḥ' + Urdu 'ḥāṣil karnā'.

Synonyms: جیتنا, غالب آنا"
"قبضہ کرنا","Translations:
EN: to occupy / to seize / to take control / to capture
AR: اِحْتَلَّ / اِسْتَوْلَى / قَبَضَ عَلَى
FR: occuper / saisir / s'emparer de

Definition:
(EN) Compound verb expressing the act of taking physical control of a place, property, or person by force or authority.

Example: فوج نے شہر پر قبضہ کر لیا۔

Translation: The army occupied (seized control of) the city.

Root Word: Arabic 'qabẓa'.

Synonyms: ہتھیانا, تسلط قائم کرنا"
"محاصرہ کرنا","Translations:
EN: to besiege / to surround / to blockade
AR: حَاصَرَ
FR: assiéger / encercler

Definition:
(EN) Compound verb expressing the act of surrounding a place with an army to force it to surrender.

Example: قلعے کا کئی ماہ تک محاصرہ رہا۔

Translation: The fort remained besieged for many months.

Root Word: Arabic 'muḥāṣara'.

Synonyms: گھیرا ڈالنا, ناکہ بندی کرنا"
"بمباری کرنا","Translations:
EN: to bomb / to bombard / to shell
AR: قَصَفَ
FR: bombarder / pilonner

Definition:
(EN) Compound verb expressing the act of attacking a place with bombs or heavy artillery.

Example: طیاروں نے سرحد پر بمباری کی۔

Translation: The planes bombed (bombarded) the border.

Root Word: English 'bomb' + Persian 'bārī' + Urdu 'karnā'.

Synonyms: گولہ باری کرنا"
"فائرنگ کرنا","Translations:
EN: to fire (a weapon) / to shoot / to discharge a firearm
AR: أَطْلَقَ النَّار
FR: tirer (une arme) / faire feu

Definition:
(EN) Compound verb expressing the act of shooting bullets from a gun or pistol.

Example: نامعلوم افراد نے پولیس پر فائرنگ کی۔

Translation: Unknown persons fired (shot) at the police.

Root Word: English 'firing' + Urdu 'karnā'.

Synonyms: گولی چلانا"
"گولی لگنا","Translations:
EN: to be hit by a bullet / to be shot
AR: أُصِيبَ بِرَصَاصَة
FR: être touché par une balle / être blessé par balle

Definition:
(EN) Compound verb expressing the state of a bullet hitting a person or animal.

Example: اسے کندھے پر گولی لگی۔

Translation: He was hit by a bullet (shot) in the shoulder.

Root Word: Hindi 'golī' + Urdu 'lagnā'.

Synonyms: گولی کا نشانہ بننا"
"زخمی ہونا","Translations:
EN: to be injured / to be wounded / to be hurt
AR: جُرِحَ / أُصِيبَ
FR: être blessé / être blessé de guerre

Definition:
(EN) Compound verb expressing the state of receiving physical harm to the body.

Example: حادثے میں کئی لوگ زخمی ہوئے۔

Translation: Many people were injured in the accident.

Root Word: Persian 'zakhmī' + Urdu 'honā'.

Synonyms: چوٹ لگنا, گھائل ہونا"
"دم توڑنا","Translations:
EN: to pass away / to breathe one's last / to die
AR: لَفَظَ أَنْفَاسَه الأَخِيرَة / مَاتَ
FR: rendre le dernier soupir / s'éteindre

Definition:
(EN) Idiomatic compound verb literally meaning to break the breath; used as a respectful way to say someone has died.

Example: وہ ہسپتال پہنچتے ہی دم توڑ گیا۔

Translation: He breathed his last (passed away) as soon as he reached the hospital.

Root Word: Persian 'dam' + Urdu 'toṛnā'.

Synonyms: انتقال کرنا, وفات پانا"
"جنازہ اٹھانا","Translations:
EN: to carry the funeral bier / to take out the funeral procession
AR: شَيَّعَ الجِنَازَة / حَمَلَ النَّعْش
FR: porter le cercueil / faire les funérailles

Definition:
(EN) Compound verb expressing the act of moving the deceased towards the burial ground.

Example: آج شام ان کا جنازہ اٹھایا جائے گا۔

Translation: His funeral (bier) will be carried this evening.

Root Word: Arabic 'janāza' + Urdu 'uṭhānā'.

Synonyms: آخری سفر پر روانہ کرنا"
"تدفین کرنا","Translations:
EN: to bury / to inter / to commit to the earth
AR: دَفَنَ
FR: enterrer / inhumer

Definition:
(EN) Formal compound verb expressing the act of placing a body in a grave.

Example: ان کی تدفین آبائی قبرستان میں کی گئی۔

Translation: His burial (interment) was done in the ancestral graveyard.

Root Word: Arabic 'tadfeen'.

Synonyms: دفن کرنا, خاک میں چھپانا"
"فاتحہ پڑھنا","Translations:
EN: to recite Fatiha / to pray for the deceased
AR: قَرَأَ الفَاتِحَة (عَلَى المَيْت)
FR: réciter la Fatiha / prier pour le défunt

Definition:
(EN) (Specific religious term). Reciting the opening chapter of the Quran to send spiritual reward to the dead.

Example: قبر پر جا کر فاتحہ پڑھنا سنت ہے۔

Translation: It is a Sunnah to go to the grave and recite Fatiha.

Root Word: Arabic 'fātiḥa' + Urdu 'paṛhnā'.

Synonyms: ایصالِ ثواب کرنا"
"سوگ منانا","Translations:
EN: to mourn / to be in grief / to observe mourning
AR: حَزِنَ / أَقَامَ الحِدَاد
FR: porter le deuil / être en deuil

Definition:
(EN) Compound verb expressing the act of showing sadness after a death, often by wearing specific clothes or avoiding celebrations.

Example: پورے ملک میں تین دن کا سوگ منایا گیا۔

Translation: Three days of mourning was observed throughout the country.

Root Word: Sanskrit 'soka' + Urdu 'manānā'.

Synonyms: غم کرنا, ماتم کرنا"
"تعزیت کرنا","Translations:
EN: to condole / to express sympathy / to offer condolences
AR: عَزَّى / قَدَّمَ التَّعَازِي
FR: présenter ses condoléances

Definition:
(EN) Compound verb expressing the act of visiting the family of the deceased to share their grief.

Example: وہ اپنے دوست سے تعزیت کرنے گیا۔

Translation: He went to condole (express sympathy) with his friend.

Root Word: Arabic 'taʿziyat'.

Synonyms: پرسہ دینا, ماتم پرسی کرنا"
"دعائے خیر کرنا","Translations:
EN: to pray for someone's well-being / to give a blessing
AR: دَعَا لَهُ بِالخَيْر
FR: prier pour le bien de quelqu'un

Definition:
(EN) Compound verb expressing the act of asking God for good things, health, or success for another person.

Example: بزرگوں سے دعائے خیر کروایا کرو۔

Translation: Always ask the elders to pray for (your) well-being.

Root Word: Arabic 'duʿā' + 'khair'.

Synonyms: دعا دینا, نیک تمنائیں رکھنا"
"نذرانہ پیش کرنا","Translations:
EN: to present an offering / to give a tribute / to gift (to a superior)
AR: قَدَّمَ قُرْبَانًا / تَقْدِمَة
FR: présenter une offrande / rendre hommage

Definition:
(EN) Compound verb expressing the act of giving a gift or money out of respect to a spiritual leader, a shrine, or a superior.

Example: مرید نے پیر صاحب کو نذرانہ پیش کیا۔

Translation: The disciple presented an offering to the Peer Sahib.

Root Word: Arabic 'nazrāna' + Urdu 'pesh karnā'.

Synonyms: تحفہ دینا, بھینٹ چڑھانا"
"سلامی دینا","Translations:
EN: to give a salute / to pay a guard of honor / to offer tribute
AR: أَدَّى التَّحِيَّة (العَسْكَرِيَّة)
FR: rendre les honneurs / saluer (militairement)

Definition:
(EN) Compound verb used for military salutes, honoring a guest of honor, or showing respect to a flag.

Example: پولیس کے دستے نے مہمانِ خصوصی کو سلامی دی۔

Translation: The police contingent gave a salute (guard of honor) to the guest of honor.

Root Word: Arabic 'salāmī' + Urdu 'denā'.

Synonyms: سلام کرنا, گارڈ آف آنر پیش کرنا"
"خراجِ تحسین پیش کرنا","Translations:
EN: to pay tribute / to praise / to acknowledge greatness
AR: قَدَّمَ الثَّنَاء / أَشَادَ بِـ
FR: rendre hommage / louer / saluer (mérite)

Definition:
(EN) Formal compound verb expressing high praise and acknowledgment of someone's services or talent.

Example: ادیبوں نے ان کی خدمات پر خراجِ تحسین پیش کیا۔

Translation: The writers paid tribute to (praised) his services.

Root Word: Arabic 'kharāj' (tribute) + 'taḥseen' (praise).

Synonyms: واہ واہ کرنا, داد دینا"
"یاد منانا","Translations:
EN: to commemorate / to remember / to observe an anniversary
AR: أَحْيَى الذِّكْرَى
FR: commémorer / célébrer le souvenir

Definition:
(EN) Compound verb expressing the act of organizing an event to remember a past person or historic occasion.

Example: ہم ہر سال یومِ آزادی کی یاد مناتے ہیں۔

Translation: We commemorate (remember) Independence Day every year.

Root Word: Persian 'yād' + Urdu 'manānā'.

Synonyms: سالگرہ منانا, برسی کرنا"
"سنگِ بنیاد رکھنا","Translations:
EN: to lay the foundation stone / to initiate a project
AR: وَضَعَ حَجَرَ الأَسَاس
FR: poser la première pierre

Definition:
(EN) Formal compound verb expressing the act of officially starting the construction of a building or a large project.

Example: وزیرِ اعلیٰ نے نئے ہسپتال کا سنگِ بنیاد رکھا۔

Translation: The Chief Minister laid the foundation stone of the new hospital.

Root Word: Persian 'sang' (stone) + 'bunyād' (foundation).

Synonyms: بنیاد ڈالنا"
"افتتاح کرنا","Translations:
EN: to inaugurate / to open (a ceremony/shop) / to launch
AR: اِفْتَتَحَ / دَشَّنَ
FR: inaugurer / ouvrir officiellement

Definition:
(EN) Compound verb expressing the act of officially opening a new business, building, or exhibition for the first time.

Example: اس نے نئی دکان کا افتتاح کیا۔

Translation: He inaugurated (opened) the new shop.

Root Word: Arabic 'iftitāḥ'.

Synonyms: آغاز کرنا, فیتہ کاٹنا"
"سنگِ میل ثابت ہونا","Translations:
EN: to prove to be a milestone / to be a landmark achievement
AR: كَانَ بِمَثَابَةِ حَجَرَ عِثْرَة / حَجَرَ زَاوِيَة
FR: s'avérer être un jalon / être une étape marquante

Definition:
(EN) Idiomatic compound verb expressing that an event or achievement is a major turning point in a journey or history.

Example: یہ منصوبہ ملکی ترقی میں سنگِ میل ثابت ہو گا۔

Translation: This project will prove to be a milestone in the country's progress.

Root Word: Persian 'sang' (stone) + 'meel' (mile).

Synonyms: اہم موڑ ثابت ہونا"
"جشن منانا","Translations:
EN: to celebrate / to rejoice / to observe a festival
AR: اِحْتَفَلَ / أَقَامَ عِيدًا
FR: célébrer / fêter / se réjouir

Definition:
(EN) Compound verb expressing the act of showing happiness through ceremonies, parties, or public events.

Example: فتح کی خوشی میں جشن منایا گیا۔

Translation: A celebration (festivity) was held in the joy of victory.

Root Word: Persian 'jashn' + Urdu 'manānā'.

Synonyms: خوشی منانا, تقریب کرنا"
"مبارکباد دینا","Translations:
EN: to congratulate / to felicitate
AR: هَنَّأَ / بَارَكَ لَهُ
FR: féliciter / présenter ses vœux

Definition:
(EN) Compound verb expressing the act of telling someone you are happy for their success or good fortune.

Example: اس نے مجھے کامیابی پر مبارکباد دی۔

Translation: He congratulated me on (my) success.

Root Word: Arabic 'mubārak' + Persian 'bād' (may it be).

Synonyms: بدھائی دینا"
"ہدیہ پیش کرنا","Translations:
EN: to present a gift / to offer a donation / to give a spiritual gift
AR: أَهْدَى / قَدَّمَ هَدِيَّة
FR: présenter un cadeau / offrir un présent

Definition:
(EN) Respectful compound verb for giving a gift, especially to a respected person, or for a spiritual offering.

Example: انہوں نے مہمان کو ہدیہ پیش کیا۔

Translation: They presented a gift to the guest.

Root Word: Arabic 'hadiya' + Urdu 'pesh karnā'.

Synonyms: تحفہ دینا, نذرانہ دینا"
"میزبانی کرنا","Translations:
EN: to host / to be a host
AR: اِسْتَضَافَ / قَامَ بِدَوْرِ المُضِيف
FR: accueillir / être l'hôte / recevoir

Definition:
(EN) Compound verb expressing the act of receiving guests and looking after their needs.

Example: پاکستان نے ایشیا کپ کی میزبانی کی۔

Translation: Pakistan hosted the Asia Cup.

Root Word: Persian 'mezbān' + Urdu 'karnā'.

Synonyms: خدمت کرنا, ٹھہرانا"
"مہمان نوازی کرنا","Translations:
EN: to show hospitality / to be hospitable
AR: أَكْرَمَ الضَّيْف
FR: faire preuve d'hospitalité / bien recevoir

Definition:
(EN) Compound verb expressing the act of being exceptionally kind and generous to guests.

Example: وہ اپنی مہمان نوازی کے لیے مشہور ہیں۔

Translation: They are famous for their hospitality.

Root Word: Persian 'mehmān' + 'nawāzī'.

Synonyms: خاطر تواضع کرنا"
"ضیافت کرنا","Translations:
EN: to feast / to entertain (with food) / to give a banquet
AR: أَقَامَ مَأْدُبَة / ضَيَّفَ
FR: donner un banquet / régaler / festoyer

Definition:
(EN) Formal compound verb expressing the act of providing a grand meal for a group of people.

Example: انہوں نے دوستوں کی شاہانہ ضیافت کی۔

Translation: They gave a royal feast (banquet) for their friends.

Root Word: Arabic 'ziyāfat'.

Synonyms: دعوت کرنا, کھانا کھلانا"
"دعوت دینا","Translations:
EN: to invite / to call / to preach (religious)
AR: دَعَا / وَجَّهَ دَعْوَة
FR: inviter / convier / prêcher

Definition:
(EN) Compound verb expressing the act of asking someone to attend an event or, religiously, to call people to faith.

Example: میں نے اسے شادی کی دعوت دی۔

Translation: I invited him to the wedding.

Root Word: Arabic 'daʿwat'.

Synonyms: بلانا, مدعو کرنا"
"شرکت کرنا","Translations:
EN: to participate / to attend / to take part in
AR: شَارَكَ / حَضَرَ
FR: participer / assister à / prendre part

Definition:
(EN) Compound verb expressing the act of being present at and joining in an activity or event.

Example: تقریب میں سینکڑوں لوگوں نے شرکت کی۔

Translation: Hundreds of people participated (attended) in the ceremony.

Root Word: Arabic 'shirkat'.

Synonyms: شامل ہونا, حصہ لینا"
"تقریب منعقد کرنا","Translations:
EN: to hold a ceremony / to organize an event / to host a function
AR: أَقَامَ حَفْلاً / نَظَّمَ فَعَالِيَّة
FR: organiser une cérémonie / tenir un événement

Definition:
(EN) Formal compound verb expressing the act of arranging and carrying out a formal occasion.

Example: سکول میں سالانہ تقریب منعقد کی گئی۔

Translation: The annual ceremony was held (organized) in the school.

Root Word: Arabic 'taqreeb' + 'munaʿqid'.

Synonyms: پروگرام کرنا, بزم سجانا"
"صدارت کرنا","Translations:
EN: to preside over / to chair (a meeting) / to be the president
AR: تَرَأَّسَ / أَدَارَ الجَلْسَة
FR: présider / diriger (une séance)

Definition:
(EN) Compound verb expressing the act of being the head or chairperson of a meeting or organization.

Example: اس اجلاس کی صدارت وزیرِ اعظم نے کی۔

Translation: The Prime Minister presided over this meeting.

Root Word: Arabic 'ṣadārat'.

Synonyms: سربراہی کرنا, کرسیِ صدارت پر بیٹھنا"
"خطاب کرنا","Translations:
EN: to address / to give a keynote speech / to speak to
AR: خَاطَبَ / أَلْقَى كَلِمَة
FR: s'adresser à / haranguer

Definition:
(EN) Formal compound verb expressing the act of delivering a speech to a large or official audience.

Example: لیڈر نے قوم سے خطاب کیا۔

Translation: The leader addressed the nation.

Root Word: Arabic 'khit̤āb'.

Synonyms: بات کرنا, تقریر کرنا"
"تقریر کرنا","Translations:
EN: to give a speech / to speak in public / to orate
AR: أَلْقَى خِطَابًا
FR: faire un discours / discourir

Definition:
(EN) Compound verb expressing the act of speaking formally to an audience on a specific subject.

Example: اس نے بہت موثر تقریر کی۔

Translation: He gave a very effective speech.

Root Word: Arabic 'taqreer'.

Synonyms: خطاب کرنا, بیان کرنا"
"نکتہ اٹھانا","Translations:
EN: to raise a point / to highlight an issue / to mention a nuance
AR: أَثَارَ نُقْطَة
FR: soulever un point / relever une nuance

Definition:
(EN) Compound verb expressing the act of bringing up a specific, often clever or important, detail during a discussion.

Example: وکیل نے ایک اہم قانونی نکتہ اٹھایا۔

Translation: The lawyer raised an important legal point.

Root Word: Arabic 'nuqta' + Urdu 'uṭhānā'.

Synonyms: بات پیش کرنا, اعتراض کرنا"
"توجہ دلانا","Translations:
EN: to draw attention / to point out / to remind
AR: لَفَتَ الِانْتِبَاه / نَبَّهَ
FR: attirer l'attention / signaler / rappeler

Definition:
(EN) Compound verb expressing the act of making someone notice or think about something specific.

Example: میں آپ کی توجہ اس مسئلے کی طرف دلانا چاہتا ہوں۔

Translation: I want to draw your attention toward this issue.

Root Word: Arabic 'tawajjuh' + Urdu 'dilānā'.

Synonyms: متوجہ کرنا, یاد دلانا"
"غور و فکر کرنا","Translations:
EN: to ponder / to contemplate / to reflect / to think deeply
AR: تَفَكَّرَ / تَأَمَّلَ
FR: méditer / réfléchir profondément / contempler

Definition:
(EN) Compound verb expressing the act of thinking very seriously and deeply about a subject or a problem.

Example: کائنات کی نشانیوں پر غور و فکر کرو۔

Translation: Ponder (contemplate) over the signs of the universe.

Root Word: Arabic 'ghaur' + 'fikr'.

Synonyms: سوچنا, سوچ بچار کرنا"
"تحقیق کرنا","Translations:
EN: to research / to investigate / to probe
AR: بَحَثَ / حَقَّقَ
FR: rechercher / enquêter / faire des recherches

Definition:
(EN) Compound verb expressing the act of systematic study or investigation to discover facts or reach new conclusions.

Example: سائنسدان نئے علاج پر تحقیق کر رہے ہیں۔

Translation: Scientists are researching (investigating) a new treatment.

Root Word: Arabic 'taḥqeeq'.

Synonyms: کھوج لگانا, چھان بین کرنا"
"تجزیہ کرنا","Translations:
EN: to analyze / to break down / to examine
AR: حَلَّلَ / جَزَّأَ
FR: analyser / décortiquer

Definition:
(EN) Compound verb expressing the act of examining something in detail to understand its structure or nature.

Example: معاشی صورتحال کا تجزیہ کرنا ضروری ہے۔

Translation: It is necessary to analyze the economic situation.

Root Word: Arabic 'tajziya' (dividing into parts).

Synonyms: پرکھنا, تفتیش کرنا"
"تجربہ کرنا","Translations:
EN: to experiment / to experience / to test
AR: جَرَّبَ / اِخْتَبَرَ
FR: expérimenter / faire l'expérience / tester

Definition:
(EN) Compound verb used for scientific testing or for undergoing a life event and gaining knowledge from it.

Example: نئی مشین پر تجربہ کیا گیا۔

Translation: An experiment was done on the new machine.

Root Word: Arabic 'tajruba'.

Synonyms: آزمانا, پرکھنا"
"دریافت کرنا","Translations:
EN: to discover / to find out / to inquire / to explore
AR: اِكْتَشَفَ / اِسْتَفْسَرَ
FR: découvrir / s'enquérir / explorer

Definition:
(EN) Compound verb expressing the act of finding something that already existed but was unknown, or asking for information.

Example: کولمبس نے امریکہ دریافت کیا۔

Translation: Columbus discovered America.

Root Word: Persian 'daryāft' + Urdu 'karnā'.

Synonyms: پتا لگانا, معلوم کرنا"
"ایجاد کرنا","Translations:
EN: to invent / to innovate / to originate
AR: اِخْتَرَعَ / اِبْتَكَرَ
FR: inventer / innover

Definition:
(EN) Compound verb expressing the act of creating something completely new that did not exist before (like a machine/device).

Example: گراہم بیل نے ٹیلی فون ایجاد کیا۔

Translation: Graham Bell invented the telephone.

Root Word: Arabic 'eejād'.

Synonyms: نئی چیز بنانا, تخلیق کرنا"
"تخلیق کرنا","Translations:
EN: to create / to produce (art) / to bring into being
AR: خَلَقَ / أَبْدَعَ
FR: créer / produire / engendrer

Definition:
(EN) Compound verb used for God creating the world or for artists creating literature, art, or music.

Example: شاعر نے ایک شاہکار نظم تخلیق کی۔

Translation: The poet created a masterpiece poem.

Root Word: Arabic 'takhleeq'.

Synonyms: بنانا, پیدا کرنا"
"ڈیزائن کرنا","Translations:
EN: to design / to plan / to sketch
AR: صَمَّمَ / خَطَّطَ
FR: concevoir / dessiner / planifier

Definition:
(EN) Compound verb expressing the act of planning the look or function of something before it is made.

Example: اس نے عمارت کا نقشہ ڈیزائن کیا۔

Translation: He designed (planned) the map (layout) of the building.

Root Word: English 'design' + Urdu 'karnā'.

Synonyms: خاکہ بنانا, نقشہ بنانا"
"تعمیر کرنا","Translations:
EN: to construct / to build / to erect
AR: بَنَى / شَيَّدَ
FR: construire / bâtir / édifier

Definition:
(EN) Compound verb expressing the act of building a physical structure like a house, bridge, or road.

Example: یہاں ایک نیا سکول تعمیر کیا جائے گا۔

Translation: A new school will be constructed (built) here.

Root Word: Arabic 'taʿmeer'.

Synonyms: بنانا, کھڑا کرنا"
"مرمت کرنا","Translations:
EN: to repair / to fix / to mend / to renovate
AR: أَصْلَحَ / رَمَّمَ
FR: réparer / fixer / raccommoder / rénover

Definition:
(EN) Compound verb expressing the act of fixing something that is broken or damaged.

Example: ہمیں اپنی گاڑی مرمت کروانی چاہیے۔

Translation: We should get our car repaired (fixed).

Root Word: Arabic 'marammat'.

Synonyms: درست کرنا, ٹھیک کرنا"
"تجدید کرنا","Translations:
EN: to renew / to renovate / to modernize / to refresh
AR: جَدَّدَ / حَدَّثَ
FR: renouveler / rénover / moderniser / rafraîchir

Definition:
(EN) Compound verb expressing the act of making something new again or updating a license, agreement, or building.

Example: اس نے اپنے پاسپورٹ کی تجدید کروائی۔

Translation: He got his passport renewed.

Root Word: Arabic 'tajdeed'.

Synonyms: نیا کرنا, تازہ کرنا"
"تبدیل کرنا","Translations:
EN: to change / to transform / to modify / to convert
AR: غَيَّرَ / بَدَّلَ / حَوَّلَ
FR: changer / transformer / modifier / convertir

Definition:
(EN) Compound verb expressing the act of making something different or replacing it with something else.

Example: اپنا رویہ تبدیل کرنے کی ضرورت ہے۔

Translation: There is a need to change (one's) behavior.

Root Word: Arabic 'tabdeel'.

Synonyms: بدلنا, الٹ پلٹ کرنا"
"ترمیم کرنا","Translations:
EN: to amend / to modify / to edit (text/law)
AR: عَدَّلَ / أَنْقَحَ
FR: amender / modifier / éditer

Definition:
(EN) Compound verb specifically used for changing a law, a document, or a piece of writing to improve it.

Example: آئین میں نئی ترمیم کی گئی۔

Translation: A new amendment (modification) was made in the constitution.

Root Word: Arabic 'tarmeem'.

Synonyms: درستگی کرنا, رد و بدل کرنا"
"حذف کرنا","Translations:
EN: to delete / to omit / to erase / to strike out
AR: حَذَفَ / مَحَا
FR: supprimer / omettre / effacer

Definition:
(EN) Compound verb expressing the act of removing words, data, or items from a list or document.

Example: فہرست سے فالتو نام حذف کر دو۔

Translation: Delete (omit) the extra names from the list.

Root Word: Arabic 'ḥażaf'.

Synonyms: نکال دینا, مٹانا"
"شامل کرنا","Translations:
EN: to include / to add / to incorporate / to join
AR: أَضَافَ / شَمَلَ / أَدْرَجَ
FR: inclure / ajouter / incorporer

Definition:
(EN) Compound verb expressing the act of making something or someone part of a larger group or whole.

Example: اسے بھی اپنی ٹیم میں شامل کر لو۔

Translation: Include him also in your team.

Root Word: Arabic 'shāmil' + Urdu 'karnā'.

Synonyms: ملانا, درج کرنا"
"منسوخ کرنا","Translations:
EN: to cancel / to annul / to abrogate / to repeal
AR: أَلْغَى / نَسَخَ
FR: annuler / abroger / résilier

Definition:
(EN) Formal compound verb expressing the act of officially making a law, contract, or appointment no longer valid.

Example: حکومت نے پرانا قانون منسوخ کر دیا۔

Translation: The government canceled (annulled) the old law.

Root Word: Arabic 'mansookh'.

Synonyms: ختم کرنا, رد کرنا"
"خارج کرنا","Translations:
EN: to exclude / to reject / to expel / to dismiss (a case)
AR: طَرَدَ / اِسْتَبْعَدَ / رَفَضَ
FR: exclure / rejeter / expulser / débouter

Definition:
(EN) Compound verb expressing the act of putting something or someone out, or a court rejecting a lawsuit as invalid.

Example: عدالت نے درخواست خارج کر دی۔

Translation: The court rejected (dismissed) the application.

Root Word: Arabic 'khārij'.

Synonyms: نکالنا, مسترد کرنا"
"مسترد کرنا","Translations:
EN: to reject / to turn down / to decline / to refuse
AR: رَفَضَ / نَفَى
FR: rejeter / refuser / décliner

Definition:
(EN) Compound verb expressing the act of formally saying no to a proposal, idea, or person.

Example: کمیٹی نے اس کے مشورے کو مسترد کر دیا۔

Translation: The committee rejected (turned down) his advice.

Root Word: Arabic 'mustarad'.

Synonyms: نامنظور کرنا, ٹھکرانا"
"قبول کرنا","Translations:
EN: to accept / to admit / to embrace
AR: قَبِلَ / وَافَقَ
FR: accepter / admettre / embrasser

Definition:
(EN) Compound verb expressing the act of saying yes to something, taking a gift, or agreeing to a fact.

Example: اس نے اپنی غلطی قبول کر لی۔

Translation: He accepted (admitted) his mistake.

Root Word: Arabic 'qabool'.

Synonyms: ماننا, تسلیم کرنا"
"منظور کرنا","Translations:
EN: to approve / to sanction / to pass (a bill) / to grant
AR: صَادَقَ عَلَى / وَافَقَ
FR: approuver / sanctionner / entériner

Definition:
(EN) Compound verb expressing the act of giving official permission or saying yes to a formal request.

Example: افسر نے میری چھٹی منظور کر لی۔

Translation: The officer approved (granted) my leave.

Root Word: Arabic 'manzoor'.

Synonyms: پاس کرنا, اجازت دینا"
"اجازت دینا","Translations:
EN: to permit / to allow / to authorize
AR: سَمَحَ لَهُ / أَذِنَ
FR: permettre / autoriser / laisser faire

Definition:
(EN) Compound verb expressing the act of giving someone the freedom to do something or go somewhere.

Example: ڈاکٹر نے مریض کو گھر جانے کی اجازت دے دی۔

Translation: The doctor gave permission (allowed) the patient to go home.

Root Word: Arabic 'ijāzat' + Urdu 'denā'.

Synonyms: اذن دینا, پروانہ دینا"
"پابندی لگانا","Translations:
EN: to impose a ban / to restrict / to forbid
AR: فَرَضَ حَظْرًا / مَنَعَ
FR: imposer une interdiction / bannir / restreindre

Definition:
(EN) Compound verb expressing the act of officially stopping an activity or restricting people's movement.

Example: حکومت نے پلاسٹک کے استعمال پر پابندی لگا دی۔

Translation: The government imposed a ban (restriction) on the use of plastic.

Root Word: Persian 'pābandī' + Urdu 'lagānā'.

Synonyms: روکنا, ممانعت کرنا"
"روک تھام کرنا","Translations:
EN: to prevent / to curb / to check / to control
AR: مَنَعَ / كَبَحَ / سَيْطَرَ عَلَى
FR: prévenir / freiner / endiguer

Definition:
(EN) Compound verb expressing the act of stopping something bad (like a disease or crime) from spreading or happening.

Example: ڈینگی کی روک تھام کے لیے مہم چلائی گئی۔

Translation: A campaign was run to prevent (curb) Dengue.

Root Word: Hindi/Urdu 'rok' + 'thām'.

Synonyms: تدارک کرنا, سدِ باب کرنا"
"نگرانی کرنا","Translations:
EN: to supervise / to monitor / to oversee / to keep watch
AR: أَشْرَفَ عَلَى / رَاقَبَ
FR: superviser / surveiller / monitorer

Definition:
(EN) Compound verb expressing the act of watching something or someone closely to ensure everything is done correctly.

Example: امتحانی مرکز کی نگرانی کے لیے ٹیم بنائی گئی۔

Translation: A team was formed to supervise (monitor) the examination center.

Root Word: Persian 'nigrānī' + Urdu 'karnā'.

Synonyms: دیکھ بھال کرنا, چوکس رہنا"
"تفتیش کرنا","Translations:
EN: to investigate (police/crime) / to probe / to cross-examine
AR: حَقَّقَ (فِي جَرِيمَة) / فَتَّشَ
FR: enquêter (police) / mener une instruction

Definition:
(EN) Formal compound verb used for police or authorities searching for clues and evidence regarding a crime.

Example: پولیس اس معاملے کی تفتیش کر رہی ہے۔

Translation: The police are investigating (probing) this matter.

Root Word: Arabic 'tafteesh'.

Synonyms: چھان بین کرنا, باز پرس کرنا"
"چھاپہ مارنا","Translations:
EN: to raid / to conduct a surprise search
AR: دَاهَمَ / كَبَسَ
FR: faire une descente / mener un raid

Definition:
(EN) Compound verb expressing a sudden and surprise attack or search by police or military on a specific place.

Example: پولیس نے جواریوں کے اڈے پر چھاپہ مارا۔

Translation: The police raided (conducted a surprise search on) the gamblers' den.

Root Word: Hindi 'chhāpa' + Urdu 'mārnā'.

Synonyms: دھاوا بولنا"
"گرفتار کرنا","Translations:
EN: to arrest / to apprehend / to capture / to seize
AR: اِعْتَقَلَ / أَلْقَى القَبْضَ عَلَى
FR: arrêter / appréhender / capturer

Definition:
(EN) Compound verb expressing the act of the police taking someone into custody for a crime.

Example: چور کو رنگے ہاتھوں گرفتار کر لیا گیا۔

Translation: The thief was arrested (captured) red-handed.

Root Word: Persian 'giriftār' + Urdu 'karnā'.

Synonyms: پکڑنا, پابندِ سلاسل کرنا"
"آزاد کرنا","Translations:
EN: to set free / to liberate / to release / to emancipate
AR: حَرَّرَ / أَعْتَقَ
FR: libérer / affranchir / émanciper

Definition:
(EN) Compound verb expressing the act of giving freedom to a slave, a prisoner, or a country.

Example: قائدِ اعظم نے ہمیں غلامی سے آزاد کیا۔

Translation: Quaid-e-Azam set us free (liberated us) from slavery.

Root Word: Persian 'āzād' + Urdu 'karnā'.

Synonyms: رہا کرنا, نجات دلانا"
"پناہ دینا","Translations:
EN: to give shelter / to provide asylum / to harbor / to protect
AR: آوَى / أَعْطَى لُجُوءًا
FR: donner asile / abriter / héberger

Definition:
(EN) Compound verb expressing the act of providing a safe place to live for someone in danger or a refugee.

Example: اس نے اپنے دشمن کو بھی پناہ دی۔

Translation: He gave shelter (asylum) even to his enemy.

Root Word: Persian 'panāh' + Urdu 'denā'.

Synonyms: جگہ دینا, سہارا دینا"
"ہجرت کرنا","Translations:
EN: to migrate / to emigrate / to move (for a cause)
AR: هَاجَرَ
FR: émigrer / migrer

Definition:
(EN) Compound verb expressing the act of leaving one's homeland to settle in another place, especially for religion or safety.

Example: مسلمانوں نے مکہ سے مدینہ ہجرت کی۔

Translation: The Muslims migrated from Mecca to Medina.

Root Word: Arabic 'hijrat'.

Synonyms: وطن چھوڑنا, نقل مکانی کرنا"
"تبلیغ کرنا","Translations:
EN: to preach / to propagate / to spread (a message)
AR: بَلَّغَ / دَعَا إِلَى
FR: prêcher / propager / diffuser (un message)

Definition:
(EN) Compound verb expressing the act of teaching religious or moral principles to others or spreading a specific ideology.

Example: صوفیاء نے پیار و محبت کی تبلیغ کی۔

Translation: The Sufis preached (propagated) love and affection.

Root Word: Arabic 'tableegh'.

Synonyms: وعظ کرنا, پیغام پہنچانا"
"عبادت کرنا","Translations:
EN: to worship / to serve God / to adore
AR: عَبَدَ / تَعَبَّدَ
FR: adorer / rendre un culte / vénérer

Definition:
(EN) Compound verb expressing the act of performing religious rites or showing deep devotion to a deity.

Example: ہمیں صرف ایک اللہ کی عبادت کرنی چاہیے۔

Translation: We should only worship (serve) one Allah.

Root Word: Arabic 'ʿibādat'.

Synonyms: بندگی کرنا, پوجا کرنا"
"سجدہ کرنا","Translations:
EN: to prostrate / to bow down (in prayer)
AR: سَجَدَ
FR: se prosterner / s'incliner

Definition:
(EN) Compound verb expressing the act of touching the forehead to the ground as a sign of absolute submission and worship.

Example: مومن صرف خدا کے سامنے سجدہ کرتا ہے۔

Translation: A believer only prostrates (bows down) before God.

Root Word: Arabic 'sajda' + Urdu 'karnā'.

Synonyms: سر بسجود ہونا"
"دعا مانگنا","Translations:
EN: to pray / to ask for a blessing / to supplicate
AR: دَعَا / سَأَلَ اللهَ
FR: prier / demander une bénédiction / supplier

Definition:
(EN) Compound verb expressing the act of asking God for help, forgiveness, or success, usually with raised hands.

Example: مشکل میں صرف اللہ سے دعا مانگو۔

Translation: In difficulty, only pray to (ask from) Allah.

Root Word: Arabic 'duʿā' + Urdu 'māngnā'.

Synonyms: التجا کرنا, مناجات کرنا"
"روزہ رکھنا","Translations:
EN: to fast / to observe a fast
AR: صَامَ
FR: jeûner / observer le jeûne

Definition:
(EN) Compound verb expressing the act of refraining from food and drink from dawn to sunset for religious reasons.

Example: میں کل روزہ رکھوں گا۔

Translation: I will fast (observe a fast) tomorrow.

Root Word: Persian 'roza' + Urdu 'rakhnā'.

Synonyms: صوم رکھنا"
"تلاوت کرنا","Translations:
EN: to recite (scripture) / to read out loud
AR: تَلَا / قَرَأَ (القُرْآن)
FR: réciter (l'écriture) / psalmodier

Definition:
(EN) Compound verb specifically used for the formal and rhythmic recitation of the Quran or holy books.

Example: وہ صبح سویرے تلاوت کرتا ہے۔

Translation: He recites (scripture) early in the morning.

Root Word: Arabic 'tilāwat'.

Synonyms: قرآت کرنا, پڑھنا"
"توبہ کرنا","Translations:
EN: to repent / to ask for forgiveness / to vow not to repeat
AR: تَابَ / نَدِمَ
FR: se repentir / demander pardon

Definition:
(EN) Compound verb expressing the act of feeling regret for a sin and asking God for forgiveness while promising to change.

Example: سچے دل سے توبہ کرو۔

Translation: Repent (ask for forgiveness) with a true heart.

Root Word: Arabic 'tauba'.

Synonyms: استغفار کرنا, ندامت کرنا"
"گناہ کرنا","Translations:
EN: to sin / to commit a transgression / to do wrong
AR: أَذْنَبَ / اِرْتَكَبَ مَعْصِيَة
FR: pécher / commettre un péché

Definition:
(EN) Compound verb expressing the act of breaking a religious law or doing something morally wrong.

Example: جھوٹ بولنا گناہ کرنا ہے۔

Translation: To tell a lie is to sin (commit a transgression).

Root Word: Persian 'gunāh' + Urdu 'karnā'.

Synonyms: معصیت کرنا, جرم کرنا"
"بخشش طلب کرنا","Translations:
EN: to seek forgiveness / to ask for pardon
AR: اِسْتَغْفَرَ / طَلَبَ المَغْفِرَة
FR: demander pardon / solliciter la rémission

Definition:
(EN) Compound verb expressing the act of specifically asking for mercy and the clearing of one's sins.

Example: اللہ سے اپنی خطاؤں کی بخشش طلب کرو۔

Translation: Seek forgiveness (pardon) from Allah for your mistakes.

Root Word: Persian 'bakhshish' + Arabic 't̤alab'.

Synonyms: معافی مانگنا, استغفار کرنا"
"قربانی دینا","Translations:
EN: to sacrifice / to offer an animal / to give up one's life
AR: ضَحَّى / قَدَّمَ قُرْبَانًا
FR: sacrifier / offrir un sacrifice / se dévouer

Definition:
(EN) Compound verb expressing the act of giving up something valuable, or an animal, for the sake of God or a higher cause.

Example: اس نے وطن کے لیے اپنی جان کی قربانی دی۔

Translation: He gave the sacrifice of his life for the country.

Root Word: Arabic 'qurbānī' + Urdu 'denā'.

Synonyms: فدا ہونا, نثار کرنا"
"صبر کرنا","Translations:
EN: to be patient / to endure / to persevere / to wait
AR: صَبَرَ / تَحَمَّلَ
FR: patienter / endurer / persévérer

Definition:
(EN) Compound verb expressing the act of remaining calm and steadfast during difficult times or while waiting.

Example: مشکل وقت میں صبر کرنا سیکھو۔

Translation: Learn to be patient (endure) in difficult times.

Root Word: Arabic 'ṣabr'.

Synonyms: تحمل کرنا, برداشت کرنا"
"شکر ادا کرنا","Translations:
EN: to give thanks / to be grateful / to express gratitude
AR: شَكَرَ / حَمِدَ
FR: remercier / rendre grâce / être reconnaissant

Definition:
(EN) Compound verb expressing the act of thanking God or a person for their kindness or blessings.

Example: ہر حال میں اللہ کا شکر ادا کرو۔

Translation: Give thanks (express gratitude) to Allah in every condition.

Root Word: Arabic 'shukr' + 'adā'.

Synonyms: احسان ماننا, ممنون ہونا"
"بھروسہ کرنا","Translations:
EN: to trust / to rely on / to have faith in / to believe
AR: وَثِقَ بِـ / اِعْتَمَدَ عَلَى
FR: faire confiance / se fier à / compter sur

Definition:
(EN) Compound verb expressing the act of having confidence in someone's honesty, ability, or strength.

Example: کسی پر اندھا بھروسہ نہ کرو۔

Translation: Do not trust (rely on) anyone blindly.

Root Word: Hindi/Urdu 'bharosa' + 'karnā'.

Synonyms: اعتبار کرنا, تکیہ کرنا"
"توکل کرنا","Translations:
EN: to trust in God / to rely on divine will / to leave to God
AR: تَوَكَّلَ عَلَى الله
FR: s'en remettre à Dieu / se confier en Dieu

Definition:
(EN) Formal compound verb expressing absolute trust in God's plan after making one's own effort.

Example: اپنا کام کرو اور اللہ پر توکل کرو۔

Translation: Do your work and trust in God (rely on divine will).

Root Word: Arabic 'tawakkul'.

Synonyms: اللہ پر چھوڑنا"
"نیت کرنا","Translations:
EN: to intend / to make an intention / to resolve / to aim
AR: نَوَى / عَزَمَ
FR: avoir l'intention / résoudre / se proposer de

Definition:
(EN) Compound verb expressing the act of making a mental decision or resolve to do something, especially before a prayer or fast.

Example: میں نے سچ بولنے کی نیت کی ہے۔

Translation: I have made an intention (resolved) to speak the truth.

Root Word: Arabic 'niyyat'.

Synonyms: ارادہ کرنا, قصد کرنا"
"عزم کرنا","Translations:
EN: to resolve / to determine / to make a firm decision
AR: عَزَمَ / صَمَّمَ
FR: résoudre / décider fermement / se déterminer

Definition:
(EN) Compound verb expressing a very strong and unshakable intention to achieve a goal or do something difficult.

Example: اس نے کامیاب ہونے کا پکا عزم کیا۔

Translation: He made a firm resolve (decision) to be successful.

Root Word: Arabic 'ʿazm'.

Synonyms: ارادہ کرنا, پختہ ارادہ کرنا"
"جدوجہد کرنا","Translations:
EN: to struggle / to strive / to exert great effort
AR: كَافَحَ / جَاهَدَ
FR: lutter / s'efforcer / se démener

Definition:
(EN) Compound verb expressing a long-term and difficult struggle for a cause, independence, or success.

Example: آزادی کے لیے بڑی جدوجہد کرنی پڑی۔

Translation: A great struggle had to be made (done) for freedom.

Root Word: Arabic 'jaddo' + 'jehd'.

Synonyms: کوشش کرنا, تگ و دو کرنا"
"محنت کرنا","Translations:
EN: to work hard / to labor / to strive
AR: اِجْتَهَدَ / عَمِلَ بِجِدّ
FR: travailler dur / peiner / s'échiner

Definition:
(EN) Compound verb expressing the act of putting in significant physical or mental effort to achieve something.

Example: محنت کرنے والا کبھی ناکام نہیں ہوتا۔

Translation: The one who works hard (strives) never fails.

Root Word: Arabic 'mehnat'.

Synonyms: جان مارنا, مشقت کرنا"
"ہمت ہارنا","Translations:
EN: to lose heart / to give up courage / to despair
AR: فَقَدَ الأَمَل / ضَعُفَتْ عَزِيمَتُه
FR: perdre courage / se décourager / baisser les bras

Definition:
(EN) Idiomatic compound verb literally meaning to lose courage; used when someone stops trying because they feel defeated.

Example: مشکل وقت میں ہمت نہیں ہارنی چاہیے۔

Translation: One should not lose heart (give up courage) in difficult times.

Root Word: Arabic 'himmat' + Urdu 'hārnā'.

Synonyms: حوصلہ ہارنا, مایوس ہونا"
"حوصلہ بلند کرنا","Translations:
EN: to boost morale / to encourage / to embolden
AR: شَجَّعَ / رَفَعَ المَعْنَوِيَّات
FR: remonter le moral / encourager / enhardir

Definition:
(EN) Compound verb expressing the act of making someone feel brave, confident, and determined to face a challenge.

Example: لیڈر کی تقریر نے عوام کا حوصلہ بلند کیا۔

Translation: The leader's speech boosted (raised) the people's morale.

Root Word: Arabic 'ḥauṣla' + Persian 'buland'.

Synonyms: ہمت بڑھانا, حوصلہ دینا"
"رہنمائی کرنا","Translations:
EN: to guide / to lead / to provide direction
AR: أَرْشَدَ / هَدَى
FR: guider / orienter / diriger

Definition:
(EN) Compound verb expressing the act of showing someone the way, either physically or by providing advice and wisdom.

Example: اساتذہ طلباء کی بہترین رہنمائی کرتے ہیں۔

Translation: Teachers provide the best guidance (direction) to students.

Root Word: Persian 'rehnumā' + Urdu 'karnā'.

Synonyms: راستہ دکھانا, ہدایت دینا"
"قیادت کرنا","Translations:
EN: to lead / to command / to head (a group)
AR: قَادَ / تَرَأَّسَ
FR: diriger / mener / commander

Definition:
(EN) Compound verb expressing the act of being the leader of a political party, an army, or a social movement.

Example: وہ تحریک کی قیادت کر رہا ہے۔

Translation: He is leading (commanding) the movement.

Root Word: Arabic 'qiyādat'.

Synonyms: سربراہی کرنا, لیڈ کرنا"
"پیروی کرنا","Translations:
EN: to follow / to obey / to pursue (legal/goal)
AR: اِتَّبَعَ / اِقْتَدَى بِـ / لَاحَقَ
FR: suivre / obéir / poursuivre

Definition:
(EN) Compound verb meaning to follow someone's footsteps, obey rules, or continue working toward a goal or a legal case.

Example: اپنے بڑوں کے نقشِ قدم پر پیروی کرو۔

Translation: Follow (pursue) the footsteps of your elders.

Root Word: Persian 'pairavī'.

Synonyms: اطاعت کرنا, تقلید کرنا"
"نقل کرنا","Translations:
EN: to copy / to imitate / to cheat (exam) / to move (goods)
AR: نَسَخَ / قَلَّدَ / غَشَّ
FR: copier / imiter / tricher / transcrire

Definition:
(EN) Compound verb expressing the act of making a duplicate, imitating someone's behavior, or illegally copying in an exam.

Example: امتحانی ہال میں نقل کرنا منع ہے۔

Translation: Copying (cheating) in the examination hall is forbidden.

Root Word: Arabic 'naql'.

Synonyms: دیکھ کر لکھنا, مماثلت کرنا"
"ترجمہ کرنا","Translations:
EN: to translate / to interpret
AR: تَرْجَمَ
FR: traduire / interpréter

Definition:
(EN) Compound verb expressing the act of changing words from one language into another.

Example: اس کتاب کا اردو میں ترجمہ کیا گیا۔

Translation: This book was translated into Urdu.

Root Word: Arabic 'tarjuma'.

Synonyms: ترجمانی کرنا"
"تشریح کرنا","Translations:
EN: to explain / to interpret / to clarify / to dissect (anatomy)
AR: شَرَحَ / فَسَّرَ / شَرَّحَ
FR: expliquer / interpréter / clarifier / disséquer

Definition:
(EN) Compound verb expressing the act of providing a detailed explanation of a poem, law, or complex idea.

Example: استاد نے مشکل شعر کی تشریح کی۔

Translation: The teacher explained (interpreted) the difficult verse.

Root Word: Arabic 'tashreeḥ'.

Synonyms: کھول کر بیان کرنا, وضاحت کرنا"
"خلاصہ کرنا","Translations:
EN: to summarize / to abstract / to condense
AR: خَصَّصَ / أَوْجَزَ
FR: résumer / condenser / synthétiser

Definition:
(EN) Compound verb expressing the act of providing a brief version of a long story or speech.

Example: پوری رپورٹ کا خلاصہ کرو۔

Translation: Summarize (condense) the whole report.

Root Word: Arabic 'khulāṣa'.

Synonyms: لبِ لباب بیان کرنا, مختصر کرنا"
"تبصرہ کرنا","Translations:
EN: to comment / to review / to give an opinion
AR: عَلَّقَ / أَبْدَى رَأْيًا
FR: commenter / passer en revue / donner un avis

Definition:
(EN) Compound verb expressing the act of giving a critical or analytical opinion on a book, movie, or event.

Example: ماہرین نے بجٹ پر تبصرہ کیا۔

Translation: The experts commented (reviewed) on the budget.

Root Word: Arabic 'tabṣira'.

Synonyms: رائے دینا, تنقید کرنا"
"وضاحت کرنا","Translations:
EN: to explain / to clarify / to elucidate / to specify
AR: أَوْضَحَ / بَيَّنَ
FR: clarifier / élucider / préciser

Definition:
(EN) Compound verb expressing the act of making something clear so that there is no confusion.

Example: اپنی بات کی وضاحت کرو۔

Translation: Clarify (explain) your statement.

Root Word: Arabic 'waẓāḥat'.

Synonyms: صراحت کرنا, کھول کر بتانا"
"ثبوت پیش کرنا","Translations:
EN: to present proof / to provide evidence / to substantiate
AR: قَدَّمَ الأَدِلَّة
FR: fournir des preuves / apporter des témoignages

Definition:
(EN) Formal compound verb expressing the act of bringing forward logical or physical confirmation of a claim.

Example: عدالت میں ٹھوس ثبوت پیش کیے گئے۔

Translation: Concrete proof was presented (provided) in court.

Root Word: Arabic 'thubūt' + Urdu 'pesh karnā'.

Synonyms: شہادت دینا, دلیل لانا"
"یقین دلانا","Translations:
EN: to assure / to convince / to make someone believe
AR: طَمْأَنَ / أَكَّدَ لَهُ
FR: assurer / convaincre / rassurer

Definition:
(EN) Compound verb expressing the act of removing someone's doubt and making them confident about a fact or a promise.

Example: اس نے مجھے اپنی وفاداری کا یقین دلایا۔

Translation: He assured (convinced) me of his loyalty.

Root Word: Arabic 'yaqeen' + Urdu 'dilānā'.

Synonyms: بھروسہ دلانا, اطمینان دلانا"
"وعدہ کرنا","Translations:
EN: to promise / to give one's word
AR: وَعَدَ / عَاهَدَ
FR: promettre / donner sa parole

Definition:
(EN) Compound verb expressing the act of telling someone that you will certainly do or not do something in the future.

Example: میں نے سچ بولنے کا وعدہ کیا ہے۔

Translation: I have promised (given my word) to speak the truth.

Root Word: Arabic 'waʿda'.

Synonyms: قول دینا, زبان دینا"
"عہد کرنا","Translations:
EN: to vow / to pledge / to make a contract / to resolve
AR: تَعَهَّدَ / عَاهَدَ / تَعَاقَدَ
FR: jurer / s'engager / passer un contrat

Definition:
(EN) Formal compound verb expressing a serious promise or a legal agreement between parties.

Example: ہم نے ملک کی خدمت کا عہد کیا ہے۔

Translation: We have vowed (pledged) to serve the country.

Root Word: Arabic 'ʿahd'.

Synonyms: پیمان کرنا, عزم کرنا"
"مطالبہ کرنا","Translations:
EN: to demand / to claim / to call for
AR: طَالَبَ / اِدَّعَى
FR: exiger / revendiquer / réclamer

Definition:
(EN) Compound verb expressing the act of asking for something forcefully or as a right.

Example: طلباء نے فیس میں کمی کا مطالبہ کیا۔

Translation: The students demanded (called for) a reduction in fees.

Root Word: Arabic 'mut̤āliba'.

Synonyms: تقاضا کرنا, دعویٰ کرنا"
"شکایت کرنا","Translations:
EN: to complain / to grumble / to report (a grievance)
AR: اِشْتَكَى / تَذَمَّرَ
FR: se plaindre / porter plainte / rouspéter

Definition:
(EN) Compound verb expressing the act of showing dissatisfaction about something or telling an authority about a problem.

Example: اس نے شور کی شکایت کی۔

Translation: He complained about the noise.

Root Word: Arabic 'shikāyat'.

Synonyms: گلہ کرنا, فریاد کرنا"
"درخواست کرنا","Translations:
EN: to request / to apply / to petition / to appeal
AR: طَلَبَ / قَدَّمَ طَلَبًا / اِلْتَمَسَ
FR: demander / solliciter / postuler / pétitionner

Definition:
(EN) Compound verb expressing the act of formally asking for something, like a job, a favor, or a legal remedy.

Example: میں نے نوکری کے لیے درخواست دی ہے۔

Translation: I have applied (made a request) for a job.

Root Word: Persian 'darkhwāst' + Urdu 'karnā'.

Synonyms: التجا کرنا, عرض کرنا"
"سفارش کرنا","Translations:
EN: to recommend / to intercede / to give a reference
AR: أَوْصَى بِـ / تَوَسَّطَ لَهُ
FR: recommander / intercéder / pistonner (slang)

Definition:
(EN) Compound verb expressing the act of telling someone in power to help or hire another person.

Example: کیا آپ میرے لیے سفارش کریں گے؟

Translation: Will you recommend (intercede for) me?

Root Word: Arabic 'sifārish'.

Synonyms: وساطت کرنا"
"تصدیق کرنا","Translations:
EN: to verify / to confirm / to attest / to validate
AR: صَدَّقَ / أَكَّدَ
FR: vérifier / confirmer / attester / valider

Definition:
(EN) Compound verb expressing the act of proving that a statement or document is true and genuine.

Example: پولیس نے خبر کی تصدیق کی۔

Translation: The police verified (confirmed) the news.

Root Word: Arabic 'taṣdeeq'.

Synonyms: ثبوت دینا, پکا کرنا"
"تردید کرنا","Translations:
EN: to refute / to deny / to contradict / to rebut
AR: نَفَى / كَذَّبَ / دَحَضَ
FR: réfuter / démentir / contredire

Definition:
(EN) Formal compound verb expressing the act of officially saying that a report or statement is false.

Example: وزیر نے افواہوں کی تردید کی۔

Translation: The minister refuted (denied) the rumors.

Root Word: Arabic 'tardeed'.

Synonyms: جھٹلانا, نفی کرنا"
"اعتراف کرنا","Translations:
EN: to admit / to confess / to acknowledge / to recognize
AR: اِعْتَرَفَ / أَقَرَّ
FR: avouer / confesser / reconnaître / admettre

Definition:
(EN) Compound verb expressing the act of accepting that one has done something wrong or recognizing someone's greatness.

Example: مجرم نے اپنے جرم کا اعتراف کیا۔

Translation: The criminal confessed (admitted) his crime.

Root Word: Arabic 'iʿtirāf'.

Synonyms: مان لینا, تسلیم کرنا"
"دعویٰ کرنا","Translations:
EN: to claim / to assert / to sue / to profess
AR: اِدَّعَى / زَعَمَ
FR: prétendre / revendiquer / affirmer

Definition:
(EN) Compound verb expressing the act of saying that something is true (often without proof) or claiming a right in court.

Example: اس نے معجزے کا دعویٰ کیا۔

Translation: He claimed (asserted) a miracle.

Root Word: Arabic 'daʿwā'.

Synonyms: مطالبہ کرنا, کہنا"
"اصرار کرنا","Translations:
EN: to insist / to persist / to urge
AR: أَصَرَّ / أَلَحَّ
FR: insister / persister / presser

Definition:
(EN) Compound verb expressing the act of firmly demanding that something happen or that someone do something.

Example: وہ میرے ساتھ چلنے پر اصرار کر رہا ہے۔

Translation: He is insisting on going with me.

Root Word: Arabic 'iṣrār'.

Synonyms: زور دینا, ضد کرنا"
"انکار کرنا","Translations:
EN: to refuse / to deny / to reject
AR: أَنْكَرَ / رَفَضَ
FR: refuser / nier / rejeter

Definition:
(EN) Compound verb expressing the act of saying no to a request or denying that a statement is true.

Example: اس نے رشوت لینے سے انکار کر دیا۔

Translation: He refused to take a bribe.

Root Word: Arabic 'inkār'.

Synonyms: نہ کرنا, نفی کرنا"
"ملامت کرنا","Translations:
EN: to reproach / to blame / to rebuke / to scold
AR: لَامَ / عَنَّفَ
FR: reprocher / blâmer / réprimander

Definition:
(EN) Compound verb expressing the act of criticizing someone severely for their behavior or mistakes.

Example: ضمیر اسے ملامت کر رہا ہے۔

Translation: (His) conscience is reproaching (blaming) him.

Root Word: Arabic 'malāmat'.

Synonyms: برا بھلا کہنا, لعنت ملامت کرنا"
"معاف کرنا","Translations:
EN: to forgive / to excuse / to pardon / to waive
AR: غَفَرَ / عَفَا / سَامَحَ
FR: pardonner / excuser / gracier / exonérer

Definition:
(EN) Compound verb expressing the act of letting go of anger toward someone who did wrong or pardoning a debt/punishment.

Example: اللہ ہمیں معاف کرے ! 

Translation: May Allah forgive us!

Root Word: Arabic 'muʿāf' + Urdu 'karnā'.

Synonyms: درگزر کرنا, بخش دینا"
"سزا دینا","Translations:
EN: to punish / to penalize / to sentence
AR: عَاقَبَ / جَازَى
FR: punir / sanctionner / condamner

Definition:
(EN) Compound verb expressing the act of imposing a legal or moral penalty on someone for a crime or mistake.

Example: عدالت نے اسے جرمانے کی سزا دی۔

Translation: The court gave him the punishment of a fine.

Root Word: Persian 'sazā' + Urdu 'denā'.

Synonyms: تادیب کرنا, سزا سنانا"
"بدلہ لینا","Translations:
EN: to take revenge / to avenge / to retaliate / to exchange
AR: اِنْتَقَمَ / ثَأَرَ
FR: se venger / venger / exercer des représailles

Definition:
(EN) Compound verb expressing the act of harming someone because they harmed you first, or simply to exchange something.

Example: اس نے اپنی توہین کا بدلہ لیا۔

Translation: He took revenge (avenged) for his insult.

Root Word: Urdu 'badla' (change/exchange) + 'lenā'.

Synonyms: انتقام لینا, مکافات کرنا"
"پچھتانا","Translations:
EN: to regret / to repent / to feel remorse
AR: نَدِمَ / تَأَسَّفَ
FR: regretter / se repentir / éprouver des remords

Definition:
(EN) Verb expressing the act of feeling sorry or sad about a past action or a missed opportunity.

Example: اب پچھتانے سے کیا فائدہ؟

Translation: What is the benefit of regretting (feeling remorse) now?

Root Word: Sanskrit 'pashchāttāpa' (heat after/remorse).

Synonyms: نادم ہونا, افسوس کرنا"
"ہمدردی کرنا","Translations:
EN: to sympathize / to show compassion / to pity
AR: تَعَاطَفَ / وَاسَى
FR: compatir / sympathiser / témoigner de la compassion

Definition:
(EN) Compound verb expressing the act of sharing someone's pain and showing kindness to them in their suffering.

Example: ہمیں غریبوں کے ساتھ ہمدردی کرنی چاہیے۔

Translation: We should sympathize (show compassion) with the poor.

Root Word: Persian 'ham' (same) + 'dard' (pain).

Synonyms: دلاسہ دینا, غم گساری کرنا"
"تعاون کرنا","Translations:
EN: to cooperate / to assist / to collaborate
AR: تَعَاوَنَ / سَاعَدَ
FR: coopérer / collaborer / s'entraider

Definition:
(EN) Formal compound verb expressing the act of working together with others to achieve a common goal.

Example: براہِ کرم ہمارے ساتھ تعاون کریں۔

Translation: Please cooperate (assist) with us.

Root Word: Arabic 'taʿāwun'.

Synonyms: مدد کرنا, ساتھ دینا"
"حمایت کرنا","Translations:
EN: to support / to advocate / to defend / to back
AR: أَيَّدَ / دَعَمَ / حَامَى عَنْ
FR: soutenir / défendre / préconiser / appuyer

Definition:
(EN) Compound verb expressing the act of standing by someone's side or supporting a specific cause or candidate.

Example: میں آپ کی تجویز کی حمایت کرتا ہوں۔

Translation: I support (advocate) your proposal.

Root Word: Arabic 'ḥimāyat'.

Synonyms: تائید کرنا, ساتھ دینا"
"مخالفت کرنا","Translations:
EN: to oppose / to resist / to object / to contradict
AR: عَارَضَ / خَالَفَ
FR: s'opposer / résister / contester

Definition:
(EN) Compound verb expressing the act of being against an idea, person, or law.

Example: انہوں نے نئے ٹیکس کی مخالفت کی۔

Translation: They opposed (objected to) the new tax.

Root Word: Arabic 'mukhālifat'.

Synonyms: خلاف ہونا, ٹوکنا"
"سازش کرنا","Translations:
EN: to conspire / to plot / to intrigue / to scheme
AR: تَآمَرَ / خَطَّطَ سِرًّا
FR: conspirer / comploter / intriguer

Definition:
(EN) Compound verb expressing the act of making a secret plan to do something harmful or illegal.

Example: دشمنوں نے حکومت کے خلاف سازش کی۔

Translation: The enemies conspired (plotted) against the government.

Root Word: Persian 'sāzish'.

Synonyms: جوڑ توڑ کرنا, گٹھ جوڑ کرنا"
"فریب دینا","Translations:
EN: to deceive / to cheat / to trick / to hoodwink
AR: خَدَعَ / غَشَّ
FR: tromper / duper / escroquer

Definition:
(EN) Compound verb expressing the act of making someone believe something that is not true to gain an advantage.

Example: اس نے معصوم لوگوں کو فریب دیا۔

Translation: He deceived (tricked) innocent people.

Root Word: Persian 'fareeb' + Urdu 'denā'.

Synonyms: دھوکہ دینا, جل دینا"
"نقصان پہنچانا","Translations:
EN: to cause harm / to damage / to injure / to hurt
AR: أَضَرَّ بِـ / أَلْحَقَ الضَّرَر
FR: nuire / endommager / causer du tort

Definition:
(EN) Compound verb expressing the act of doing something that results in physical, financial, or emotional loss to someone.

Example: کسی کو ناحق نقصان نہ پہنچاؤ۔

Translation: Do not cause (reach) harm to anyone unjustly.

Root Word: Arabic 'nuqṣān' + Urdu 'pahuñchānā'.

Synonyms: گزند پہنچانا, بگاڑنا"
"فائدہ اٹھانا","Translations:
EN: to take advantage / to benefit / to utilize / to exploit
AR: اِسْتَفَادَ / اِسْتَغَلَّ
FR: profiter / tirer avantage / bénéficier / exploiter

Definition:
(EN) Compound verb expressing the act of using a situation or opportunity to get a positive result for oneself.

Example: اس موقع سے فائدہ اٹھاؤ۔

Translation: Take advantage (benefit) of this opportunity.

Root Word: Arabic 'fāʾida' + Urdu 'uṭhānā'.

Synonyms: مستفید ہونا, کام میں لانا"
"سعی کرنا","Translations:
EN: to strive / to endeavor / to make an effort / to run (ceremonial)
AR: سَعَى / بَذَلَ جُهْدًا
FR: s'efforcer / s'évertuer / tâcher

Definition:
(EN) Formal compound verb expressing the act of making a sincere effort toward a goal or the ceremonial walking/running between Safa and Marwa.

Example: ہمیں صلح کی سعی کرنی چاہیے۔

Translation: We should strive (endeavor) for peace.

Root Word: Arabic 'saʿī'.

Synonyms: کوشش کرنا, تگ و دو کرنا"
"کامیاب ہونا","Translations:
EN: to be successful / to succeed / to pass (exam) / to win
AR: نَجَحَ / فَازَ
FR: réussir / avoir du succès / triompher

Definition:
(EN) Compound verb expressing the act of achieving a desired aim or result.

Example: وہ امتحان میں کامیاب ہو گیا۔

Translation: He was successful (succeeded) in the examination.

Root Word: Persian 'kām' (desire) + 'yāb' (finder).

Synonyms: بامراد ہونا, فتح پانا"
"ناکام ہونا","Translations:
EN: to fail / to be unsuccessful / to lose / to collapse
AR: فَشَلَ / رَسَبَ / خَابَ
FR: échouer / rater / faire fiasco

Definition:
(EN) Compound verb expressing the act of not achieving a goal or a project coming to an end without success.

Example: اس کا منصوبہ ناکام ہو گیا۔

Translation: His plan failed (was unsuccessful).

Root Word: Persian 'nā' (not) + 'kām' (desire).

Synonyms: پٹ جانا, شکست کھانا"
"قسمت آزمائی کرنا","Translations:
EN: to try one's luck / to take a chance / to venture
AR: جَرَّبَ حَظَّه / غَامَرَ
FR: tenter sa chance / s'aventurer

Definition:
(EN) Idiomatic compound verb expressing the act of doing something where success depends on luck or fate.

Example: میں نے اس کاروبار میں اپنی قسمت آزمائی کی۔

Translation: I tried my luck in this business.

Root Word: Arabic 'qismat' + Urdu 'āzmāʾī'.

Synonyms: نصیب آزمانا"
"مقدر بننا","Translations:
EN: to become fate / to become destiny / to be written in the stars
AR: صَارَ مَصِيرًا / كُتِبَ لَهُ
FR: devenir le destin / être écrit dans les astres

Definition:
(EN) Compound verb expressing the idea that a specific outcome has become an unavoidable part of a person's or nation's destiny.

Example: غلامی ہمارا مقدر نہیں بن سکتی۔

Translation: Slavery cannot become our fate (destiny).

Root Word: Arabic 'muqaddar' (decreed) + Urdu 'bannā'.

Synonyms: نصیب میں ہونا, مقدر ہونا"
"نصیب ہونا","Translations:
EN: to be blessed with / to fall to one's lot / to attain
AR: رُزِقَ بِـ / كَانَ مِنْ نَصِيبِهِ
FR: être gratifié de / avoir la chance de / obtenir

Definition:
(EN) Compound verb expressing the act of receiving something good, like success, a child, or a peaceful death, through divine favor or luck.

Example: اسے شہادت نصیب ہوئی۔

Translation: He was blessed with (attained) martyrdom.

Root Word: Arabic 'naṣeeb'.

Synonyms: ملنا, حاصل ہونا"
"تقدیر بدلنا","Translations:
EN: to change one's fate / to transform destiny / to turn the tide
AR: غَيَّرَ المَصِير
FR: changer son destin / transformer le sort

Definition:
(EN) Compound verb expressing the act of working so hard that one changes their life circumstances and future for the better.

Example: محنت انسان کی تقدیر بدل دیتی ہے۔

Translation: Hard work changes a human's fate (destiny).

Root Word: Arabic 'taqdeer'.

Synonyms: مقدر سنوارنا"
"کوشش جاری رکھنا","Translations:
EN: to keep trying / to continue effort / to persist
AR: اِسْتَمَرَّ فِي المُحَاوَلَة
FR: continuer à essayer / persévérer / maintenir l'effort

Definition:
(EN) Phrasal compound verb expressing the act of not giving up and continuously putting in effort toward a goal.

Example: ہمیں اپنی کوشش جاری رکھنی چاہیے۔

Translation: We should keep trying (continue our effort).

Root Word: Persian 'koshish' + Urdu 'jārī rakhnā'.

Synonyms: لگے رہنا, ہمت نہ ہارنا"
"ہمت سے کام لینا","Translations:
EN: to act with courage / to show bravery / to be brave
AR: تَصَرَّفَ بِشَجَاعَة / اِسْتَجْمَعَ قُوَاه
FR: agir avec courage / faire preuve de bravoure

Definition:
(EN) Idiomatic compound verb expressing the act of facing a difficult or scary situation with strength and resolve.

Example: مشکل میں ہمت سے کام لو۔

Translation: Act with courage (be brave) in difficulty.

Root Word: Arabic 'himmat' + Urdu 'kām lenā'.

Synonyms: جوانمردی دکھانا, حوصلہ کرنا"
"حوصلہ افزائی کرنا","Translations:
EN: to encourage / to hearten / to cheer on / to promote
AR: شَجَّعَ / حَفَّزَ
FR: encourager / ragaillardir / promouvoir

Definition:
(EN) Formal compound verb expressing the act of giving someone confidence and praise to help them keep doing a good job.

Example: اساتذہ کو بچوں کی حوصلہ افزائی کرنی چاہیے۔

Translation: Teachers should encourage (hearten) the children.

Root Word: Arabic 'ḥauṣla' + Persian 'afzāʾī' (increasing).

Synonyms: ہمت بڑھانا, تھپکی دینا"
"نگرانی میں رکھنا","Translations:
EN: to keep under supervision / to keep a watch on / to detain
AR: أَبْقَى تَحْتَ الرِّقَابَة
FR: garder sous surveillance / maintenir sous contrôle

Definition:
(EN) Compound verb expressing the act of keeping someone or something under constant watch or protective custody.

Example: مریض کو آئی سی یو میں نگرانی میں رکھا گیا۔

Translation: The patient was kept under supervision in the ICU.

Root Word: Persian 'nigrānī' + Urdu 'rakhnā'.

Synonyms: زیرِ نظر رکھنا"
"نظر رکھنا","Translations:
EN: to keep an eye on / to monitor / to keep track of
AR: رَاقَبَ / أَبْقَى عَيْنَهُ عَلَى
FR: surveiller / garder un œil sur / suivre de près

Definition:
(EN) Idiomatic compound verb meaning to watch someone or something closely, often to prevent them from doing something wrong.

Example: اپنے بچوں کی سرگرمیوں پر نظر رکھو۔

Translation: Keep an eye on (monitor) your children's activities.

Root Word: Arabic 'naẓar' + Urdu 'rakhnā'.

Synonyms: واچ کرنا, نگرانی کرنا"
"توجہ دینا","Translations:
EN: to pay attention / to focus / to heed / to listen
AR: اِهْتَمَّ / أَعَارَ اِنْتِبَاهًا
FR: faire attention / se concentrer / prêter l'oreille

Definition:
(EN) Compound verb expressing the act of concentrating one's mind or eyes on something specific.

Example: اپنی پڑھائی پر توجہ دو۔

Translation: Pay attention (focus) to your studies.

Root Word: Arabic 'tawajjuh'.

Synonyms: دھیان دینا, متوجہ ہونا"
"خیال رکھنا","Translations:
EN: to take care / to keep in mind / to be careful / to look after
AR: اِعْتَنَى بِـ / رَعَى / تَبَهَ
FR: prendre soin de / s'occuper de / faire attention

Definition:
(EN) Compound verb used both for looking after someone's health/needs and for remembering a specific rule or fact.

Example: اپنے ماں باپ کا خیال رکھو۔

Translation: Take care (look after) your parents.

Root Word: Arabic 'khayāl' + Urdu 'rakhnā'.

Synonyms: دھیان رکھنا, فکر کرنا"
"پرواہ کرنا","Translations:
EN: to care about / to mind / to be concerned / to bother
AR: اِهْتَمَّ / بَالَى بِـ
FR: se soucier de / s'inquiéter / faire cas de

Definition:
(EN) Compound verb expressing the act of feeling concern or interest in something, often used in the negative to show indifference.

Example: مجھے دنیا کی پرواہ نہیں۔

Translation: I do not care about (mind) the world.

Root Word: Persian 'parwāh' + Urdu 'karnā'.

Synonyms: فکر کرنا, دھیان دینا"
"نظر انداز کرنا","Translations:
EN: to ignore / to overlook / to disregard / to bypass
AR: تَجَاهَلَ / أَغْفَلَ
FR: ignorer / négliger / passer outre

Definition:
(EN) Compound verb expressing the act of deliberately not noticing or not giving importance to someone or something.

Example: اس نے میری بات کو نظر انداز کر دیا۔

Translation: He ignored (disregarded) my statement.

Root Word: Arabic 'naẓar' + Persian 'andāz' (throwing).

Synonyms: چشم پوشی کرنا, ٹالنا"
"موازنہ کرنا","Translations:
EN: to compare / to contrast / to weigh up
AR: قَارَنَ / وَازَنَ
FR: comparer / confronter / mettre en balance

Definition:
(EN) Compound verb expressing the act of examining two things to see their similarities and differences.

Example: ان دونوں شہروں کا موازنہ کرنا مشکل ہے۔

Translation: It is difficult to compare (contrast) these two cities.

Root Word: Arabic 'muwāzana'.

Synonyms: مقابلہ کرنا, پرکھنا"
"فرق کرنا","Translations:
EN: to distinguish / to differentiate / to discriminate / to make a difference
AR: فَرَّقَ / مَيَّزَ
FR: distinguer / différencier / faire la différence

Definition:
(EN) Compound verb expressing the act of noticing or creating a difference between two things.

Example: سچ اور جھوٹ میں فرق کرنا سیکھو۔

Translation: Learn to distinguish (differentiate) between truth and falsehood.

Root Word: Arabic 'farq' + Urdu 'karnā'.

Synonyms: تمیز کرنا, امتیاز کرنا"
"ترجیح دینا","Translations:
EN: to prefer / to give priority / to favor
AR: فَضَّلَ / أَعْطَى الأَوْلَوِيَّة
FR: préférer / privilégier / donner la priorité

Definition:
(EN) Compound verb expressing the act of liking or choosing one thing more than another because it is better or more important.

Example: میں چائے پر کافی کو ترجیح دیتا ہوں۔

Translation: I prefer (give priority to) coffee over tea.

Root Word: Arabic 'tarjeeḥ'.

Synonyms: فوقیت دینا, پہلے رکھنا"
"منتخب کرنا","Translations:
EN: to select / to elect / to choose / to pick out
AR: اِنْتَخَبَ / اِخْتَارَ
FR: élire / choisir / sélectionner

Definition:
(EN) Compound verb expressing the act of choosing someone for a position through voting or selecting the best items from a group.

Example: عوام نے اپنا نمائندہ منتخب کر لیا۔

Translation: The people elected (selected) their representative.

Root Word: Arabic 'munta khab' + Urdu 'karnā'.

Synonyms: چننا, انتخاب کرنا"
"نامزد کرنا","Translations:
EN: to nominate / to designate / to name (for a role)
AR: رَشَّحَ / سَمَّى
FR: nommer / désigner / proposer

Definition:
(EN) Compound verb expressing the act of officially proposing someone's name for an election, an award, or a specific post.

Example: اسے صدارت کے لیے نامزد کیا گیا۔

Translation: He was nominated (designated) for the presidency.

Root Word: Persian 'nām' (name) + 'zad' (struck/made).

Synonyms: تجویز کرنا, نام بتانا"
"مقرر کرنا","Translations:
EN: to appoint / to fix / to set / to establish
AR: عَيَّنَ / حَدَّدَ / قَرَّرَ
FR: nommer / fixer / établir / désigner

Definition:
(EN) Compound verb expressing the act of giving someone a job or setting a specific time, price, or place for something.

Example: حکومت نے نیا سفیر مقرر کیا۔

Translation: The government appointed (established) a new ambassador.

Root Word: Arabic 'muqarrar'.

Synonyms: تعین کرنا, لگانا"
"متعین کرنا","Translations:
EN: to determine / to specify / to fix / to pinpoint
AR: حَدَّدَ / عَيَّنَ بِدِقَّة
FR: déterminer / spécifier / fixer / cibler

Definition:
(EN) Formal compound verb expressing the act of fixing a boundary, a limit, or the exact nature of something.

Example: اپنی منزل متعین کرو۔

Translation: Determine (specify) your destination.

Root Word: Arabic 'mutaʿayyan'.

Synonyms: طے کرنا, مقرر کرنا"
"تشکیل دینا","Translations:
EN: to form / to constitute / to organize / to shape
AR: شَكَّلَ / أَلَّفَ / كَوَّنَ
FR: former / constituer / organiser / façonner

Definition:
(EN) Compound verb expressing the act of putting different parts together to make a whole (like a committee, a team, or a thought).

Example: ایک نئی کمیٹی تشکیل دی گئی۔

Translation: A new committee was formed (constituted).

Root Word: Arabic 'tashkeel' + Urdu 'denā'.

Synonyms: بنانا, صورت دینا"
"ترتیب دینا","Translations:
EN: to arrange / to organize / to order / to compile
AR: رَتَّبَ / نَظَّمَ
FR: arranger / organiser / ordonner / compiler

Definition:
(EN) Compound verb expressing the act of putting things in a specific logical or aesthetic sequence (like books, flowers, or data).

Example: کتابوں کو حروفِ تہجی کے لحاظ سے ترتیب دو۔

Translation: Arrange (organize) the books according to the alphabet.

Root Word: Arabic 'tarteeb' + Urdu 'denā'.

Synonyms: سلیقے سے رکھنا, سنوارنا"
"منظم کرنا","Translations:
EN: to organize / to systematize / to discipline
AR: نَظَّمَ / ضَبَطَ
FR: organiser / systématiser / discipliner

Definition:
(EN) Compound verb expressing the act of arranging things or people into a structured and efficient system.

Example: اس نے اپنی لائبریری کو منظم کیا۔

Translation: He organized (systematized) his library.

Root Word: Arabic 'munaẓẓam'.

Synonyms: باقاعدہ بنانا, ترتیب دینا"
"جاری کرنا","Translations:
EN: to issue / to release / to launch / to circulate
AR: أَصْدَرَ / نَشَرَ / أَطْلَقَ
FR: émettre / publier / lancer / diffuser

Definition:
(EN) Compound verb expressing the act of officially giving out a document (passport/license), a statement, or starting a project.

Example: حکومت نے نیا سکہ جاری کیا۔

Translation: The government issued (released) a new coin.

Root Word: Persian 'jārī' + Urdu 'karnā'.

Synonyms: نکالنا, شروع کرنا"
"نافذ کرنا","Translations:
EN: to enforce / to implement / to apply (a law) / to penetrate
AR: نَفَّذَ / طَبَّقَ
FR: faire respecter / mettre en œuvre / appliquer / pénétrer

Definition:
(EN) Formal compound verb expressing the act of making sure that a law or a policy is followed by everyone.

Example: ملک میں مارشل لاء نافذ کر دیا گیا۔

Translation: Martial law was enforced (implemented) in the country.

Root Word: Arabic 'nāfiz'.

Synonyms: عمل درآمد کرنا, رائج کرنا"
"عائد کرنا","Translations:
EN: to impose / to apply (tax/charge) / to return / to levy
AR: فَرَضَ / أَلْقَى (تُهْمَة) / عَادَ
FR: imposer / appliquer / prélever / imputer

Definition:
(EN) Formal compound verb used for putting a tax on goods, a duty on a person, or an accusation on a suspect.

Example: اس پر چوری کا الزام عائد کیا گیا۔

Translation: A charge of theft was imposed (applied) on him.

Root Word: Arabic 'ʿāʾid'.

Synonyms: لگانا, لاگو کرنا"
"منسوب کرنا","Translations:
EN: to attribute / to associate / to betroth / to dedicate
AR: نَسَبَ / عَزَا إِلَى / خَطَبَ
FR: attribuer / associer / fiancer / dédier

Definition:
(EN) Compound verb expressing the act of saying something belongs to someone or was written by them, or formally engaging someone for marriage.

Example: یہ شعر علامہ اقبال سے منسوب ہے۔

Translation: This verse is attributed (associated) to Allama Iqbal.

Root Word: Arabic 'mansoob'.

Synonyms: نسبت دینا, جوڑنا"
"تقابل کرنا","Translations:
EN: to compare / to contrast / to confront (ideas)
AR: قَابَلَ / نَاظَرَ
FR: comparer / confronter / mettre en parallèle

Definition:
(EN) Formal compound verb expressing the act of putting two things side by side to see their differences or to compete.

Example: قدیم اور جدید شاعری کا تقابل کرو۔

Translation: Compare (contrast) ancient and modern poetry.

Root Word: Arabic 'taqābul'.

Synonyms: موازنہ کرنا, آمنا سامنا کرنا"
"مشابہت رکھنا","Translations:
EN: to resemble / to look like / to be similar
AR: أَشْبَهَ / شَابَهَ
FR: ressembler à / avoir une ressemblance / être semblable

Definition:
(EN) Compound verb expressing the state of being like someone or something else in appearance or character.

Example: اس کی شکل اپنے باپ سے مشابہت رکھتی ہے۔

Translation: His face resembles (is similar to) his father's.

Root Word: Arabic 'mushābahat' + Urdu 'rakhnā'.

Synonyms: ملتا جلتا ہونا, ہم شکل ہونا"
"نمائندگی کرنا","Translations:
EN: to represent / to act as an agent / to personify
AR: مَثَّلَ / نَابَ عَنْ
FR: représenter / agir en tant qu'agent / personnifier

Definition:
(EN) Compound verb expressing the act of speaking or acting on behalf of a group, a country, or a person.

Example: وہ اقوامِ متحدہ میں پاکستان کی نمائندگی کر رہا ہے۔

Translation: He is representing Pakistan in the United Nations.

Root Word: Arabic 'numāʾindagī' (from Persian 'numā' + 'anda').

Synonyms: وکالت کرنا, سفارت کرنا"
"شمولیت اختیار کرنا","Translations:
EN: to join / to enter into / to become a member
AR: اِنْضَمَّ إِلَى / اِنْخَرَطَ فِي
FR: rejoindre / adhérer / s'affilier

Definition:
(EN) Formal compound verb expressing the act of joining a political party, a group, or an organization.

Example: اس نے تحریکِ انصاف میں شمولیت اختیار کی۔

Translation: He joined (entered into) Tehreek-e-Insaaf.

Root Word: Arabic 'shamooliyat' + Urdu 'ikhtiyār karnā'.

Synonyms: شامل ہونا, رکن بننا"
"تعاون حاصل کرنا","Translations:
EN: to get cooperation / to enlist support / to seek help
AR: حَصَلَ عَلَى التَّعَاوُن / اِسْتَمَالَ
FR: obtenir la coopération / solliciter le soutien

Definition:
(EN) Compound verb expressing the act of successfully convincing others to work with you on a project or task.

Example: حکومت نے عوام کا تعاون حاصل کیا۔

Translation: The government got (enlisted) the cooperation of the people.

Root Word: Arabic 'taʿāwun' + Urdu 'ḥāṣil karnā'.

Synonyms: مدد لینا, ساتھ حاصل کرنا"
"رابطہ کرنا","Translations:
EN: to contact / to get in touch / to communicate / to link
AR: اِتَّصَلَ بِـ / تَوَاصَلَ
FR: contacter / prendre contact / communiquer

Definition:
(EN) Compound verb expressing the act of establishing a connection with someone via phone, mail, or in person.

Example: مزید معلومات کے لیے ہم سے رابطہ کریں۔

Translation: Contact (get in touch with) us for more information.

Root Word: Arabic 'rābit̤a'.

Synonyms: ملنا, بات کرنا"
"مشورہ کرنا","Translations:
EN: to consult / to seek advice / to deliberate
AR: اِسْتَشَارَ / تَدَاوَلَ
FR: consulter / demander conseil / délibérer

Definition:
(EN) Compound verb expressing the act of talking to someone to get their opinion or guidance before making a decision.

Example: ہمیں بڑوں سے مشورہ کرنا چاہیے۔

Translation: We should consult (seek advice from) the elders.

Root Word: Arabic 'mashwara'.

Synonyms: رائے لینا, صلاح مشورہ کرنا"
"اتفاق کرنا","Translations:
EN: to agree / to coincide / to concur
AR: اِتَّفَقَ مَعَ / وَافَقَ
FR: être d'accord / coïncider / concorder

Definition:
(EN) Compound verb expressing the act of having the same opinion as someone else or two events happening at the same time.

Example: میں آپ کی بات سے اتفاق کرتا ہوں۔

Translation: I agree with your statement.

Root Word: Arabic 'ittifāq'.

Synonyms: ہم خیال ہونا, ماننا"
"اختلاف کرنا","Translations:
EN: to disagree / to differ / to dissent
AR: اِخْتَلَفَ مَعَ / عَارَضَ
FR: être en désaccord / différer / s'opposer

Definition:
(EN) Compound verb expressing the act of having a different opinion or being in opposition to a point or person.

Example: اس معاملے میں سب نے اختلاف کیا۔

Translation: Everyone disagreed (differed) in this matter.

Root Word: Arabic 'ikhtilāf'.

Synonyms: خلاف ہونا, تضاد رکھنا"
"بحث کرنا","Translations:
EN: to argue / to debate / to discuss / to dispute
AR: نَاقَشَ / جَادَلَ / نَاظَرَ
FR: argumenter / débattre / discuter / disputer

Definition:
(EN) Compound verb expressing the act of talking about something seriously, often with differing viewpoints, to reach a conclusion.

Example: فضول باتوں پر بحث نہ کرو۔

Translation: Do not argue (debate) over useless things.

Root Word: Arabic 'baḥath'.

Synonyms: تکرار کرنا, مناظرہ کرنا"
"ثابت کرنا","Translations:
EN: to prove / to establish / to demonstrate / to verify
AR: أَثْبَتَ / بَرْهَنَ
FR: prouver / établir / démontrer / vérifier

Definition:
(EN) Compound verb expressing the act of providing evidence to show that a statement or a fact is true.

Example: اس نے اپنی بے گناہی ثابت کر دی۔

Translation: He proved (established) his innocence.

Root Word: Arabic 'thābit' + Urdu 'karnā'.

Synonyms: سچ کر دکھانا, دلیل دینا"
"جھٹلانا","Translations:
EN: to belie / to deny / to contradict / to prove false
AR: كَذَّبَ / نَفَى
FR: démentir / nier / contredire

Definition:
(EN) Verb expressing the act of saying that a statement or claim is false, often used in religious contexts regarding truth.

Example: ظالموں نے حق کو جھٹلایا۔

Translation: The oppressors belied (denied) the truth.

Root Word: Urdu 'jhūṭ' (lie) + 'lānā'.

Synonyms: تردید کرنا, جھوٹا قرار دینا"
"توثیق کرنا","Translations:
EN: to ratify / to authenticate / to endorse / to certify
AR: صَادَقَ عَلَى / وَثَّقَ
FR: ratifier / authentifier / entériner / certifier

Definition:
(EN) Formal compound verb expressing the act of giving official approval or confirming the authenticity of a document or treaty.

Example: اسمبلی نے بل کی توثیق کر دی۔

Translation: The assembly ratified (endorsed) the bill.

Root Word: Arabic 'tau thereeq' (making firm).

Synonyms: پکا کرنا, تصدیق کرنا"
"وضاحت طلب کرنا","Translations:
EN: to seek clarification / to ask for an explanation
AR: اِسْتَوْضَحَ / طَلَبَ التَّوْضِيح
FR: demander des éclaircissements / solliciter une explication

Definition:
(EN) Formal compound verb expressing the act of asking someone to make their statement or action clear.

Example: مینیجر نے ملازم سے وضاحت طلب کی۔

Translation: The manager sought clarification (asked for an explanation) from the employee.

Root Word: Arabic 'waẓāḥat' + 't̤alab'.

Synonyms: پوچھنا, باز پرس کرنا"
"معذرت کرنا","Translations:
EN: to apologize / to excuse oneself / to express regret
AR: اِعْتَذَرَ / أَسِفَ
FR: s'excuser / présenter ses excuses / regretter

Definition:
(EN) Compound verb expressing the act of saying sorry for a mistake or politely refusing an invitation.

Example: میں تاخیر پر معذرت کرتا ہوں۔

Translation: I apologize (express regret) for the delay.

Root Word: Arabic 'maʿżarat'.

Synonyms: معافی مانگنا, عذر پیش کرنا"
"ممنون ہونا","Translations:
EN: to be obliged / to be grateful / to be thankful
AR: كَانَ مَمْنُونًا / اِمْتَنَّ
FR: être obligé / être reconnaissant / être redevable

Definition:
(EN) Formal compound verb expressing a deep sense of gratitude toward someone for their favor or kindness.

Example: میں آپ کی نوازش کا ممنون ہوں۔

Translation: I am obliged (grateful) for your kindness.

Root Word: Arabic 'mamnoon'.

Synonyms: احسان مند ہونا, شکر گزار ہونا"
"احسان کرنا","Translations:
EN: to do a favor / to be kind / to bestow grace / to excel
AR: أَحْسَنَ / تَفَضَّلَ
FR: faire une faveur / être bienveillant / accorder une grâce

Definition:
(EN) Compound verb expressing the act of doing something good for someone without expecting anything in return.

Example: اس نے مجھ پر بڑا احسان کیا۔

Translation: He did (bestowed) a great favor on me.

Root Word: Arabic 'iḥsān'.

Synonyms: نیکی کرنا, بھلائی کرنا"
"ظلم کرنا","Translations:
EN: to oppress / to be cruel / to do injustice / to wrong
AR: ظَلَمَ / طَغَى
FR: opprimer / être cruel / commettre une injustice

Definition:
(EN) Compound verb expressing the act of treating someone unfairly, harshly, or taking away their rights.

Example: کسی پر ظلم کرنا گناہ ہے۔

Translation: To oppress (be cruel to) anyone is a sin.

Root Word: Arabic 'ẓulm'.

Synonyms: زیادتی کرنا, ستم ڈھانا"
"انصاف کرنا","Translations:
EN: to do justice / to be fair / to judge rightly
AR: أَنْصَفَ / عَدَلَ
FR: faire justice / être juste / juger équitablement

Definition:
(EN) Compound verb expressing the act of treating everyone according to the law and facts, or giving everyone their due right.

Example: بادشاہ نے اپنی رعایا کے ساتھ انصاف کیا۔

Translation: The king did justice (was fair) with his subjects.

Root Word: Arabic 'inṣāf'.

Synonyms: عدل کرنا, حق دینا"
"بدلہ دینا","Translations:
EN: to repay / to reward / to return (a favor) / to give in exchange
AR: جَازَى / كَافَأَ / رَدَّ الفَضْل
FR: récompenser / rendre la pareille / donner en échange

Definition:
(EN) Compound verb expressing the act of giving something back to someone as a reward for their kindness or a payment for their work.

Example: اللہ آپ کو اس کا اچھا بدلہ دے۔

Translation: May Allah give you a good reward (repay you) for this.

Root Word: Urdu 'badla' + 'denā'.

Synonyms: اجر دینا, بدلہ چکانا"
"صلہ دینا","Translations:
EN: to reward / to recompense / to give a return (for effort)
AR: آجَرَ / كَافَأَ
FR: récompenser / rétribuer / donner un prix

Definition:
(EN) Formal compound verb expressing the act of giving a reward or recognition for hard work, loyalty, or a good deed.

Example: اس کی محنت کا صلہ اسے مل گیا۔

Translation: He received the reward (recompense) for his hard work.

Root Word: Arabic 'ṣila'.

Synonyms: انعام دینا, بدلہ دینا"
"انعام دینا","Translations:
EN: to give a prize / to award / to bestow a gift
AR: أَعْطَى جَائِزَة / وَهَبَ
FR: donner un prix / décerner / primer

Definition:
(EN) Compound verb expressing the act of giving a physical prize or money to someone as a mark of success or excellence.

Example: صدر نے کھلاڑیوں کو انعام دیا۔

Translation: The President gave a prize (award) to the players.

Root Word: Arabic 'inʿām'.

Synonyms: نوازنا, اعزاز دینا"
"خراجِ تحسین پیش کرنا","Translations:
EN: to pay tribute / to praise highly / to salute (metaphor)
AR: قَدَّمَ الثَّنَاء / حَيَّا
FR: rendre hommage / saluer / faire l'éloge de

Definition:
(EN) Formal idiomatic compound verb expressing the act of showing great respect and appreciation for someone's achievements or life.

Example: قوم نے اپنے شہیدوں کو خراجِ تحسین پیش کیا۔

Translation: The nation paid tribute (highly praised) its martyrs.

Root Word: Persian 'kharāj' (tax/tribute) + Arabic 'taḥseen' (praise).

Synonyms: داد دینا, ستائش کرنا"
"یاد تازہ کرنا","Translations:
EN: to refresh memory / to reminisce / to commemorate
AR: جَدَّدَ الذِّكْرَى / تذكر
FR: rafraîchir la mémoire / se remémorer / commémorer

Definition:
(EN) Idiomatic compound verb expressing the act of doing or seeing something that brings back old memories.

Example: پرانے دوستوں نے مل کر یادیں تازہ کیں۔

Translation: Old friends met and refreshed (reminisced) their memories.

Root Word: Persian 'yād' + Urdu 'tāza karnā'.

Synonyms: دہرانا, پرانی باتیں کرنا"
"تاریخ رقم کرنا","Translations:
EN: to make history / to write history / to do something historic
AR: سَجَّلَ التَّارِيخ / صَنَعَ التَّارِيخ
FR: entrer dans l'histoire / écrire l'histoire

Definition:
(EN) Idiomatic compound verb expressing the act of doing a great deed that will be remembered and recorded for generations.

Example: اس جیت نے ایک نئی تاریخ رقم کر دی۔

Translation: This victory made (wrote) a new history.

Root Word: Arabic 'tāreekh' + 'raqam' (writing/digit).

Synonyms: نام پیدا کرنا, بڑا کام کرنا"
"بنیاد رکھنا","Translations:
EN: to lay the foundation / to found / to base upon
AR: أَرَّسَ / وَضَعَ الحَجَرَ الأَسَاس
FR: jeter les bases / fonder / poser la première pierre

Definition:
(EN) Compound verb expressing the act of starting the construction of a building or initiating a new organization or ideology.

Example: اس نے ایک عظیم ادارے کی بنیاد رکھی۔

Translation: He laid the foundation of a great institution.

Root Word: Persian 'bunyād' + Urdu 'rakhnā'.

Synonyms: آغاز کرنا, نیو ڈالنا"
"آغاز کرنا","Translations:
EN: to begin / to start / to initiate / to commence
AR: بَدَأَ / اِسْتَهَلَّ
FR: commencer / débuter / initier / entamer

Definition:
(EN) Formal compound verb expressing the act of starting something new, like a journey, a speech, or a project.

Example: پروگرام کا آغاز تلاوت سے ہوا۔

Translation: The program began (initiated) with a recitation.

Root Word: Persian 'āghāz'.

Synonyms: شروع کرنا, ابتدا کرنا"
"اختتام کرنا","Translations:
EN: to conclude / to end / to terminate / to finish
AR: خَتَمَ / أَنْهَى
FR: conclure / terminer / finir / clore

Definition:
(EN) Formal compound verb expressing the act of bringing something to a close or finishing a task.

Example: تقریب کا اختتام دعا پر ہوا۔

Translation: The ceremony concluded (ended) with a prayer.

Root Word: Arabic 'ikhtitām'.

Synonyms: ختم کرنا, انجام دینا"
"تکمیل کرنا","Translations:
EN: to complete / to finalize / to perfect / to accomplish
AR: أَتَمَّ / أَكْمَلَ
FR: compléter / finaliser / parfaire / accomplir

Definition:
(EN) Formal compound verb expressing the act of making something whole or finishing a project to its highest standard.

Example: اس نے اپنے مشن کی تکمیل کی۔

Translation: He completed (finalized) his mission.

Root Word: Arabic 'takmeel'.

Synonyms: پورا کرنا, پائے تکمیل تک پہنچانا"
"عمل درآمد کرنا","Translations:
EN: to implement / to execute / to carry out (orders)
AR: نَفَّذَ / أجرى
FR: mettre en œuvre / exécuter / appliquer

Definition:
(EN) Compound verb expressing the act of putting a plan, a law, or an order into actual practice.

Example: عدالتی فیصلے پر عمل درآمد کیا گیا۔

Translation: The court decision was implemented (executed).

Root Word: Arabic 'ʿamal' + Persian 'darāmad' (income/entry).

Synonyms: نافذ کرنا, عمل کرنا"
"پابندی کرنا","Translations:
EN: to follow (rules) / to adhere / to restrict / to observe (time)
AR: اِلْتَزَمَ / تَقَيَّدَ
FR: respecter / suivre / se conformer / observer

Definition:
(EN) Compound verb expressing the act of strictly following rules, a schedule, or a law.

Example: وقت کی پابندی کرو۔

Translation: Follow (be restricted to) the time (be punctual).

Root Word: Persian 'pābandī'.

Synonyms: لحاظ کرنا, عمل کرنا"
"خلاف ورزی کرنا","Translations:
EN: to violate / to infringe / to break (a law) / to defy
AR: اِنْتَهَكَ / خَالَفَ
FR: violer / enfreindre / transgresser / braver

Definition:
(EN) Compound verb expressing the act of going against a law, a rule, or an agreement.

Example: قانون کی خلاف ورزی نہ کرو۔

Translation: Do not violate (infringe) the law.

Root Word: Persian 'khilāf' + 'warzī'.

Synonyms: توڑنا, عدول حکمی کرنا"
"سزا پانا","Translations:
EN: to be punished / to receive a sentence / to suffer the consequences
AR: نَالَ عِقَابَهُ / عُوقِبَ
FR: être puni / recevoir une peine / subir les conséquences

Definition:
(EN) Compound verb expressing the state of receiving a penalty for one's actions.

Example: مجرم نے اپنے کیے کی سزا پائی۔

Translation: The criminal was punished (received a sentence) for what he did.

Root Word: Persian 'sazā' + Urdu 'pānā'.

Synonyms: سزا بھگتنا"
"رہائی پانا","Translations:
EN: to be released / to be set free / to get liberty / to be acquitted
AR: نَالَ حُرِّيَّتَهُ / أُطْلِقَ سَرَاحُهُ
FR: être libéré / être élargi / obtenir sa liberté

Definition:
(EN) Compound verb expressing the act of getting out of prison or being freed from a difficult situation.

Example: وہ دس سال بعد جیل سے رہائی پائے گا۔

Translation: He will be released (set free) from jail after ten years.

Root Word: Persian 'rihāʾī' + Urdu 'pānā'.

Synonyms: آزاد ہونا, خلاصی پانا"
"گرفتار کرنا","Translations:
EN: to arrest / to capture / to seize / to apprehend
AR: اِعْتَقَلَ / قَبَضَ عَلَى
FR: arrêter / capturer / appréhender

Definition:
(EN) Compound verb expressing the act of the police or an army taking someone into custody by force of law.

Example: پولیس نے چور کو رنگے ہاتھوں گرفتار کیا۔

Translation: The police arrested (captured) the thief red-handed.

Root Word: Persian 'giriftār' + Urdu 'karnā'.

Synonyms: پکڑنا, حراست میں لینا"
"رہا کرنا","Translations:
EN: to release / to set free / to acquit / to discharge
AR: أَطْلَقَ سَرَاحَهُ / بَرَّأَهُ
FR: libérer / relâcher / acquitter

Definition:
(EN) Compound verb expressing the act of letting someone go from prison, a cage, or a legal charge.

Example: قیدی کو رہا کر دیا گیا۔

Translation: The prisoner was released (set free).

Root Word: Persian 'rihā' + Urdu 'karnā'.

Synonyms: آزاد کرنا, چھوڑنا"
"قتل کرنا","Translations:
EN: to kill / to murder / to execute / to slay
AR: قَتَلَ / ذَبَحَ
FR: tuer / assassiner / exécuter

Definition:
(EN) Compound verb expressing the act of taking someone's life, whether legally (execution) or illegally (murder).

Example: اس نے اپنے دشمن کو قتل کیا۔

Translation: He killed (murdered) his enemy.

Root Word: Arabic 'qatl'.

Synonyms: مار ڈالنا, ہلاک کرنا"
"خودکشی کرنا","Translations:
EN: to commit suicide / to kill oneself
AR: اِنْتَحَرَ
FR: se suicider

Definition:
(EN) Compound verb expressing the act of intentionally taking one's own life.

Example: مایوسی میں خودکشی کرنا حرام ہے۔

Translation: To commit suicide in despair is forbidden.

Root Word: Persian 'khud' (self) + 'kushī' (killing).

Synonyms: اپنی جان لینا"
"حملہ کرنا","Translations:
EN: to attack / to assault / to invade / to pounce
AR: هَجَمَ / هَاجَمَ / اِجْتَاحَ
FR: attaquer / assaillir / envahir

Definition:
(EN) Compound verb expressing the act of using force against someone or something, physically, verbally, or as an army.

Example: دشمن نے سرحد پر حملہ کیا۔

Translation: The enemy attacked (invaded) the border.

Root Word: Arabic 'ḥamla'.

Synonyms: دھاوا بولنا, چڑھائی کرنا"
"دفاع کرنا","Translations:
EN: to defend / to protect / to justify / to plead (a case)
AR: دَافَعَ عَنْ / حَامَى
FR: défendre / protéger / justifier / plaider

Definition:
(EN) Compound verb expressing the act of protecting oneself or others from an attack, or justifying one's actions/ideas.

Example: ہمیں اپنے ملک کا دفاع کرنا آتا ہے۔

Translation: We know how to defend (protect) our country.

Root Word: Arabic 'difāʿ'.

Synonyms: بچاؤ کرنا, حمایت کرنا"
"حفاظت کرنا","Translations:
EN: to protect / to guard / to preserve / to secure
AR: حَفِظَ / صَانَ / حَرَسَ
FR: protéger / garder / préserver / sécuriser

Definition:
(EN) Compound verb expressing the act of keeping someone or something safe from harm, theft, or decay.

Example: اللہ سب کی حفاظت کرے۔

Translation: May Allah protect (guard) everyone.

Root Word: Arabic 'ḥifāẓat'.

Synonyms: بچانا, نگہبانی کرنا"
"دیکھ بھال کرنا","Translations:
EN: to look after / to tend / to care for / to supervise
AR: اِعْتَنَى بِـ / رَعَى
FR: s'occuper de / soigner / surveiller

Definition:
(EN) Phrasal compound verb expressing the act of attending to the needs of a person (like a child/sick person) or an object (like a garden).

Example: وہ اپنے بوڑھے والدین کی دیکھ بھال کرتا ہے۔

Translation: He looks after (cares for) his elderly parents.

Root Word: Urdu 'dekh' (see) + 'bhāl' (search/look).

Synonyms: خبر گیری کرنا, تیمار داری کرنا"
"خدمت کرنا","Translations:
EN: to serve / to wait upon / to attend to / to help
AR: خَدَمَ / قَامَ عَلَى أَمْرِهِ
FR: servir / être au service / aider

Definition:
(EN) Compound verb expressing the act of doing work for someone else, especially out of respect, duty, or as a job.

Example: انسانیت کی خدمت کرنا بہترین عبادت ہے۔

Translation: To serve (help) humanity is the best worship.

Root Word: Arabic 'khidmad'.

Synonyms: کام آنا, سیوا کرنا"
"توقیر کرنا","Translations:
EN: to honor / to revere / to venerate / to dignify
AR: وَقَّرَ / أَجَلَّ / كَرَّمَ
FR: honorer / révérer / vénérer / dignifier

Definition:
(EN) Formal compound verb expressing the act of showing deep respect and giving a high status to someone based on their character or rank.

Example: عالم کی توقیر کرنا واجب ہے۔

Translation: It is obligatory to honor (revere) the scholar.

Root Word: Arabic 'tauqeer'.

Synonyms: عزت کرنا, احترام کرنا"
"تذلیل کرنا","Translations:
EN: to humiliate / to disgrace / to debase / to abase
AR: أَهَانَ / أَذَلَّ
FR: humilier / déshonorer / rabaisser

Definition:
(EN) Formal compound verb expressing the act of making someone feel ashamed or lowering their dignity in front of others.

Example: کسی غریب کی تذلیل نہ کرو۔

Translation: Do not humiliate (disgrace) any poor person.

Root Word: Arabic 'tażleel'.

Synonyms: نیچا دکھانا, بے عزتی کرنا"
"رسوا کرنا","Translations:
EN: to defame / to disgrace / to make notorious / to expose
AR: فَضَحَ / شَهَّرَ بِهِ
FR: diffamer / déshonorer / vilipender

Definition:
(EN) Compound verb expressing the act of ruining someone's reputation and making them a target of public shame.

Example: تم نے پورے خاندان کو رسوا کر دیا۔

Translation: You disgraced (defamed) the whole family.

Root Word: Persian 'ruswā' + Urdu 'karnā'.

Synonyms: بدنام کرنا, ذلیل کرنا"
"دھوکہ کھانا","Translations:
EN: to be deceived / to be tricked / to be fooled / to misjudge
AR: اِنْخَدَعَ / غُرَّ بِهِ
FR: être trompé / être dupé / se faire avoir

Definition:
(EN) Phrasal compound verb expressing the state of being a victim of someone else's lies or a false appearance.

Example: وہ اپنی سادگی کی وجہ سے دھوکہ کھا گیا۔

Translation: He was deceived (tricked) because of his simplicity.

Root Word: Sanskrit 'dhokha' + Urdu 'khānā'.

Synonyms: فریب میں آنا, چکمہ کھانا"
"ٹھوکر کھانا","Translations:
EN: to stumble / to trip / to be rebuffed / to learn the hard way
AR: تَعَثَّرَ / كَبَا
FR: trébucher / buter / être éconduit

Definition:
(EN) Phrasal compound verb expressing both physical tripping and figuratively failing or being rejected after an effort.

Example: انسان ٹھوکر کھا کر ہی سیکھتا ہے۔

Translation: A human learns only after stumbling (tripping/failing).

Root Word: Urdu 'ṭhoker' + 'khānā'.

Synonyms: گرنا, ناکام ہونا"
"عبرت حاصل کرنا","Translations:
EN: to take a lesson (from a tragedy) / to be warned / to learn by example
AR: اِعْتَبَرَ / اِتَّعَظَ
FR: tirer une leçon / être averti / apprendre par l'exemple

Definition:
(EN) Formal compound verb expressing the act of observing someone else's downfall or punishment and correcting one's own behavior to avoid a similar fate.

Example: ہمیں دوسروں کی غلطیوں سے عبرت حاصل کرنی چاہیے۔

Translation: We should take a lesson (learn by example) from others' mistakes.

Root Word: Arabic 'ʿibrat' + Urdu 'ḥāṣil karnā'.

Synonyms: سبق لینا, نصیحت پکڑنا"
"نصیحت کرنا","Translations:
EN: to advise / to counsel / to exhort / to give a moral lesson
AR: نَصَحَ / وَعَظَ
FR: conseiller / exhorter / donner une leçon de morale

Definition:
(EN) Compound verb expressing the act of giving someone sincere and helpful advice, usually regarding their behavior or future.

Example: باپ نے بیٹے کو نیک بننے کی نصیحت کی۔

Translation: The father advised (counseled) his son to be good.

Root Word: Arabic 'naṣeeḥat'.

Synonyms: صلاح دینا, پند و نصح کرنا"
"وصیت کرنا","Translations:
EN: to bequeath / to make a will / to command (at death)
AR: أَوْصَى / عَهِدَ
FR: léguer / faire un testament / ordonner

Definition:
(EN) Compound verb expressing the act of legally or verbally stating how one's property should be divided after death, or giving a final instruction.

Example: اس نے اپنی جائیداد خیرات کرنے کی وصیت کی۔

Translation: He made a will (bequeathed) to give his property to charity.

Root Word: Arabic 'waṣiyat'.

Synonyms: مرنے سے پہلے کہنا"
"وراثت پانا","Translations:
EN: to inherit / to receive as a legacy
AR: وَرِثَ
FR: hériter / recevoir en héritage

Definition:
(EN) Compound verb expressing the act of receiving money, property, or titles from someone who has died.

Example: اسے اپنے باپ سے بڑی دولت وراثت میں ملی۔

Translation: He inherited (received as legacy) great wealth from his father.

Root Word: Arabic 'wirāthat' + Urdu 'pānā'.

Synonyms: ورثہ ملنا"
"ملکیت رکھنا","Translations:
EN: to own / to possess / to have ownership
AR: مَلَكَ / اِمْتَلَكَ
FR: posséder / détenir / avoir la propriété

Definition:
(EN) Compound verb expressing the state of legally having something as one's own property.

Example: یہ مکان میری ملکیت ہے۔

Translation: This house is my ownership (I own this house).

Root Word: Arabic 'malkiyat' + Urdu 'rakhnā'.

Synonyms: مالک ہونا, پلے ہونا"
"قبضہ کرنا","Translations:
EN: to occupy / to seize / to take possession / to capture
AR: اِحْتَلَّ / اِسْتَوْلَى عَلَى
FR: occuper / saisir / s'emparer de / capturer

Definition:
(EN) Compound verb expressing the act of taking control of a place, house, or country, often by force or illegally.

Example: دشمن نے شہر پر قبضہ کر لیا۔

Translation: The enemy occupied (seized) the city.

Root Word: Arabic 'qabẓa'.

Synonyms: ہتھیا لینا, قابض ہونا"
"خالی کرنا","Translations:
EN: to vacate / to empty / to evacuate / to leave
AR: أَخْلَى / فَرَّغَ
FR: évacuer / vider / quitter

Definition:
(EN) Compound verb expressing the act of removing people or things from a place, or leaving a house/room so someone else can use it.

Example: کرایہ دار نے مکان خالی کر دیا۔

Translation: The tenant vacated (emptied) the house.

Root Word: Arabic 'khālī' + Urdu 'karnā'.

Synonyms: چھوڑ دینا, فارغ کرنا"
"ہجرت کرنا","Translations:
EN: to migrate / to emigrate / to move (for a cause)
AR: هَاجَرَ
FR: émigrer / migrer / s'expatrier

Definition:
(EN) Compound verb specifically used for moving from one country or place to another, often for religious or political reasons.

Example: مسلمانوں نے مکہ سے مدینہ ہجرت کی۔

Translation: The Muslims migrated from Mecca to Medina.

Root Word: Arabic 'hijrat'.

Synonyms: ترکِ وطن کرنا, کوچ کرنا"
"آباد ہونا","Translations:
EN: to settle / to inhabit / to prosper / to be populated
AR: اِسْتَوْطَنَ / عَمَرَ
FR: s'installer / habiter / prospérer

Definition:
(EN) Compound verb expressing the act of making a place one's home or a ruined area becoming full of people and life again.

Example: وہ اب لاہور میں آباد ہو گئے ہیں۔

Translation: They have now settled (inhabited) in Lahore.

Root Word: Persian 'ābād' + Urdu 'honā'.

Synonyms: بسنا, سکونت اختیار کرنا"
"اجڑنا","Translations:
EN: to be ruined / to be desolated / to be uprooted / to be destroyed
AR: تَهَدَّمَ / اِنْدَثَرَ / خَرِبَ
FR: être ruiné / être désolé / être dévasté

Definition:
(EN) Verb expressing the tragic state of a city, home, or family being destroyed or its people being forced to leave.

Example: جنگ میں ہنستے بستے شہر اجڑ گئے۔

Translation: Happy cities were ruined (desolated) in the war.

Root Word: Sanskrit 'ujaḍa' (without root/uprooted).

Synonyms: برباد ہونا, ویران ہونا"
"ہلاک ہونا","Translations:
EN: to perish / to be killed / to die (in an accident/war)
AR: هَلَكَ / لَقِيَ حَتْفَهُ
FR: périr / être tué / succomber

Definition:
(EN) Formal compound verb expressing death, usually in a sudden or violent way, like in a disaster or on the battlefield.

Example: حادثے میں کئی لوگ ہلاک ہو گئے۔

Translation: Many people perished (were killed) in the accident.

Root Word: Arabic 'halāk'.

Synonyms: مارا جانا, مرنا"
"دفن کرنا","Translations:
EN: to bury / to inter / to hide (underground)
AR: دَفَنَ / قَبَرَ
FR: enterrer / inhumer / ensevelir

Definition:
(EN) Compound verb expressing the act of putting a dead body or an object into the ground and covering it with earth.

Example: اسے آبائی قبرستان میں دفن کیا گیا۔

Translation: He was buried (interred) in the ancestral graveyard.

Root Word: Arabic 'dafan'.

Synonyms: گاڑنا, سپردِ خاک کرنا"
"فاتحہ پڑھنا","Translations:
EN: to offer prayers for the dead / to recite the Fatiha
AR: قَرَأَ الفَاتِحَة (عَلَى المَيْت)
FR: réciter la Fatiha / prier pour les morts

Definition:
(EN) Compound verb expressing the act of reciting the first chapter of the Quran and praying for the soul of a deceased person.

Example: اس نے اپنے والدین کی قبر پر فاتحہ پڑھی۔

Translation: He offered prayers for the dead (recited Fatiha) at his parents' grave.

Root Word: Arabic 'fātiḥa' + Urdu 'paṛhnā'.

Synonyms: ایصالِ ثواب کرنا"
"مناجات کرنا","Translations:
EN: to pray / to supplicate / to sing hymns / to have a silent talk with God
AR: نَاجَى / تَبَتَّلَ / اِبْتَهَلَ
FR: prier / supplier / chanter des hymnes

Definition:
(EN) Formal compound verb expressing the act of praying to God with deep emotion, often in a poetic or musical way.

Example: شاعر نے اپنی نظم میں مناجات کی۔

Translation: The poet supplicated (prayed) in his poem.

Root Word: Arabic 'munājāt'.

Synonyms: دعا کرنا, التجا کرنا"
"شکر بجا لانا","Translations:
EN: to offer thanks (to God) / to be grateful / to show gratitude
AR: شَكَرَ الله / حَمِدَ
FR: rendre grâce / remercier Dieu / être reconnaissant

Definition:
(EN) Formal phrasal verb expressing the act of performing a ritual or saying words of gratitude to the Creator for His blessings.

Example: ہمیں ہر حال میں اللہ کا شکر بجا لانا چاہیے۔

Translation: We should offer thanks (to God) in every condition.

Root Word: Arabic 'shukr' + Urdu 'bajā lānā'.

Synonyms: شکر ادا کرنا, حمد و ثنا کرنا"
"توبہ کرنا","Translations:
EN: to repent / to ask forgiveness / to vow not to repeat a sin
AR: تَابَ / اِسْتَغْفَرَ
FR: se repentir / demander pardon / renoncer au péché

Definition:
(EN) Compound verb expressing the act of feeling sorry for one's sins and promising God never to do them again.

Example: گناہ کے بعد سچی توبہ کرنی چاہیے۔

Translation: One should sincerely repent (ask forgiveness) after a sin.

Root Word: Arabic 'tauba'.

Synonyms: معافی مانگنا, باز آنا"
"گناہ بخشوانا","Translations:
EN: to seek forgiveness for sins / to have one's sins forgiven
AR: اِسْتَغْفَرَ / طَلَبَ المَغْفِرَة
FR: demander le pardon des péchés / se faire pardonner

Definition:
(EN) Compound verb expressing the act of praying to God or asking an intercessor to help in getting one's sins wiped away.

Example: وہ گناہ بخشوانے کے لیے مکہ گیا۔

Translation: He went to Mecca to seek forgiveness (for his sins).

Root Word: Persian 'gunāh' + Urdu 'bakhshwānā'.

Synonyms: توبہ کرنا, مغفرت چاہنا"
"معافی مانگنا","Translations:
EN: to ask for forgiveness / to pardon / to apologize / to beg for mercy
AR: اِعْتَذَرَ / طَلَبَ العَفْو
FR: demander pardon / s'excuser / implorer la grâce

Definition:
(EN) Compound verb expressing the act of telling someone you are sorry for a mistake or a crime and asking them not to punish you.

Example: اپنی غلطی پر معافی مانگنے میں شرم کیسی؟

Translation: What shame is there in asking for forgiveness (apologizing) for your mistake?

Root Word: Arabic 'maʿāfī' + Urdu 'māṅgnā'.

Synonyms: عذر خواہی کرنا, پشیمان ہونا"
"رحم کرنا","Translations:
EN: to show mercy / to have pity / to be compassionate
AR: رَحِمَ / أَشْفَقَ عَلَى
FR: avoir pitié / faire preuve de clémence / compatir

Definition:
(EN) Compound verb expressing the act of being kind to someone who is in a weaker position or who deserves punishment.

Example: اللہ ہم پر رحم فرمائے۔

Translation: May Allah show mercy (be compassionate) to us.

Root Word: Arabic 'raḥm'.

Synonyms: ترس کھانا, مہربانی کرنا"
"مہربانی کرنا","Translations:
EN: to be kind / to do a kindness / to favor / to oblige
AR: تَفَضَّلَ / أَحْسَنَ
FR: être aimable / faire une faveur / obliger

Definition:
(EN) Compound verb expressing the act of doing a favor or showing goodness to someone.

Example: کیا آپ مجھ پر ایک مہربانی کریں گے؟

Translation: Will you do a kindness (favor) for me?

Root Word: Persian 'meherbānī' + Urdu 'karnā'.

Synonyms: احسان کرنا, کرم کرنا"
"نوازنا","Translations:
EN: to bestow / to cherish / to reward / to honor (with a gift)
AR: نَوَّلَ / أَكْرَمَ / مَنَّ عَلَى
FR: gratifier / choyer / honorer / récompenser

Definition:
(EN) Verb expressing the act of giving a reward, a title, or a blessing to someone with great respect and generosity.

Example: بادشاہ نے شاعر کو انعام سے نوازا۔

Translation: The king bestowed (honored) a prize on the poet.

Root Word: Persian 'nawāz' (cherisher/player).

Synonyms: عطا کرنا, بخشنا"
"سرفراز کرنا","Translations:
EN: to exalt / to dignify / to make successful / to honor
AR: شَرَّفَ / أَعْلَى شَأْنَهُ
FR: exalter / honorer / rendre glorieux

Definition:
(EN) Formal compound verb expressing the act of raising someone's status and making them proud and successful.

Example: خدا نے اسے بڑی کامیابی سے سرفراز کیا۔

Translation: God exalted (honored) him with great success.

Root Word: Persian 'sar' (head) + 'farāz' (high).

Synonyms: سر بلند کرنا, عزت دینا"
"بلند کرنا","Translations:
EN: to raise / to elevate / to lift / to promote
AR: رَفَعَ / أَعْلَى
FR: élever / hausser / soulever / promouvoir

Definition:
(EN) Compound verb expressing the act of moving something upward physically or raising a person's rank or spirit.

Example: اپنا ہاتھ بلند کرو۔

Translation: Raise (lift) your hand.

Root Word: Persian 'buland' + Urdu 'karnā'.

Synonyms: اونچا کرنا, اٹھانا"
"پست کرنا","Translations:
EN: to lower / to debase / to humiliate / to depress
AR: خَفَضَ / أَذَلَّ / حَطَّ مِنْ قَدْرِهِ
FR: abaisser / rabaisser / humilier / déprimer

Definition:
(EN) Compound verb expressing the act of lowering someone's status, pride, or physical position.

Example: دشمن نے ہمیں پست کرنے کی کوشش کی۔

Translation: The enemy tried to debase (humiliate/lower) us.

Root Word: Persian 'past' + Urdu 'karnā'.

Synonyms: نیچا دکھانا, ذلیل کرنا"
"فتح پانا","Translations:
EN: to conquer / to win / to triumph / to overcome
AR: اِنْتَصَرَ / فَتَحَ / ظَفِرَ
FR: conquérir / triompher / vaincre / remporter la victoire

Definition:
(EN) Compound verb expressing the act of winning a battle, a game, or a difficult challenge.

Example: مسلمانوں نے مکہ پر فتح پائی۔

Translation: The Muslims conquered (triumphed over) Mecca.

Root Word: Arabic 'fataḥ' + Urdu 'pānā'.

Synonyms: جیتنا, غالب آنا"
"شکست دینا","Translations:
EN: to defeat / to beat / to rout / to crush
AR: هَزَمَ / كَسَرَ
FR: vaincre / battre / défaire / écraser

Definition:
(EN) Compound verb expressing the act of making an opponent lose a fight or a competition.

Example: ہماری ٹیم نے حریف کو شکست دی۔

Translation: Our team defeated (beat) the rival.

Root Word: Persian 'shikast' (break/defeat) + Urdu 'denā'.

Synonyms: ہرانا, پچھاڑنا"
"پسپا کرنا","Translations:
EN: to repel / to drive back / to make retreat / to push back
AR: دَحَرَ / صَدَّ / أَرْجَعَهُ
FR: repousser / refouler / faire reculer

Definition:
(EN) Formal compound verb expressing the act of forcing an attacking army or an opponent to run back to where they came from.

Example: فوج نے حملے کو پسپا کر دیا۔

Translation: The army repelled (drove back) the attack.

Root Word: Persian 'pas' (back) + 'pā' (foot).

Synonyms: پیچھے ہٹانا, بھگانا"
"قبضہ چھڑانا","Translations:
EN: to liberate / to get back possession / to reclaim
AR: اِسْتَعَادَ السَّيْطَرَة / حَرَّرَ
FR: libérer / récupérer la possession / reprendre

Definition:
(EN) Compound verb expressing the act of freeing a house or a territory from someone who was occupying it illegally or by force.

Example: پولیس نے مکان کا قبضہ چھڑایا۔

Translation: The police liberated (got back possession of) the house.

Root Word: Arabic 'qabẓa' + Urdu 'chhuṛānā'.

Synonyms: واگزار کرانا, آزاد کرانا"
"آزاد کرنا","Translations:
EN: to liberate / to set free / to emancipate / to release
AR: حَرَّرَ / أَعْتَقَ
FR: libérer / affranchir / émanciper / délivrer

Definition:
(EN) Compound verb expressing the act of giving freedom to a slave, a prisoner, or a nation.

Example: غلاموں کو آزاد کرنا ثواب کا کام ہے۔

Translation: To liberate (set free) slaves is a meritorious deed.

Root Word: Persian 'āzād' + Urdu 'karnā'.

Synonyms: رہائی دینا, خلاصی دلانا"
"غلام بنانا","Translations:
EN: to enslave / to subjugate / to dominate
AR: اِسْتَعْبَدَ / ذَلَّلَ
FR: asservir / réduire en esclavage / subjuguer

Definition:
(EN) Compound verb expressing the act of taking away someone's freedom and making them your property or totally under your control.

Example: کسی کو اپنا غلام بنانا انسانیت کے خلاف ہے۔

Translation: To enslave (subjugate) anyone is against humanity.

Root Word: Arabic 'ghulām' + Urdu 'banāā'.

Synonyms: محکوم بنانا, قیدی بنانا"
"بیعت کرنا","Translations:
EN: to pledge allegiance / to swear fealty / to initiate (into a Sufi order)
AR: بَايَعَ / عَاهَدَ
FR: prêter serment d'allégeance / faire acte de foi

Definition:
(EN) Formal compound verb expressing the act of promising total loyalty to a leader, a king, or a spiritual master.

Example: صحابہ نے درخت کے نیچے بیعت کی۔

Translation: The companions pledged allegiance (swore fealty) under the tree.

Root Word: Arabic 'baiʿat'.

Synonyms: ہاتھ پر ہاتھ رکھنا, شاگرد بننا"
"عہد کرنا","Translations:
EN: to vow / to pledge / to make a covenant / to resolve
AR: عَاهَدَ / قَطَعَ وَعْدًا
FR: faire vœu / s'engager / conclure une alliance

Definition:
(EN) Formal compound verb expressing the act of making a solemn and binding promise to someone or to oneself.

Example: میں نے سچ بولنے کا عہد کیا ہے۔

Translation: I have made a vow (pledged) to speak the truth.

Root Word: Arabic 'ʿahd'.

Synonyms: وعدہ کرنا, قسم کھانا"
"قسم کھانا","Translations:
EN: to swear / to take an oath / to vow by (God)
AR: حَلَفَ / أَقْسَمَ بِـ
FR: jurer / prêter serment / jurer par (Dieu)

Definition:
(EN) Compound verb expressing the act of calling upon God or something sacred to witness the truth of a statement.

Example: اس نے جھوٹی قسم کھائی۔

Translation: He took a false oath (swore falsely).

Root Word: Sanskrit 'kas' (oath) + Urdu 'khānā'.

Synonyms: حلف لینا, سوگند کھانا"
"منحرف ہونا","Translations:
EN: to deviate / to recant / to turn away / to rebel (from a path)
AR: اِنْحَرَفَ / اِرْتَدَّ
FR: dévier / se rétracter / se détourner / se rebeller

Definition:
(EN) Formal compound verb expressing the act of moving away from a promised path, an ideology, or a religion.

Example: وہ اپنے اصولوں سے منحرف ہو گیا۔

Translation: He deviated (turned away) from his principles.

Root Word: Arabic 'munḥarif'.

Synonyms: پھر جانا, بغاوت کرنا"
"اقرار کرنا","Translations:
EN: to confess / to admit / to profess / to affirm
AR: أَقَرَّ / اِعْتَرَفَ / صَرَّحَ
FR: confesser / avouer / professer / affirmer

Definition:
(EN) Compound verb expressing the act of openly stating a truth, admitting a fault, or declaring a belief.

Example: مجرم نے اپنے جرم کا اقرار کر لیا۔

Translation: The criminal confessed (admitted) his crime.

Root Word: Arabic 'iqrār'.

Synonyms: ماننا, قبول کرنا"
"قائل ہونا","Translations:
EN: to be convinced / to acknowledge / to admit (the truth)
AR: اِقْتَنَعَ / أَقَرَّ بـ
FR: être convaincu / reconnaître / admettre

Definition:
(EN) Compound verb expressing the state of accepting someone's argument as true or recognizing their superiority.

Example: میں آپ کی ذہانت کا قائل ہوں۔

Translation: I am convinced of (acknowledge) your intelligence.

Root Word: Arabic 'qāʾil' (speaker/proclaimer).

Synonyms: مان لینا, تسلیم کرنا"
"فخر کرنا","Translations:
EN: to be proud / to boast / to take pride / to glory in
AR: فَخَرَ / اِعْتَزَّ
FR: être fier / se vanter / tirer fierté / se glorifier

Definition:
(EN) Compound verb expressing the act of feeling great satisfaction in one's achievements, family, or country.

Example: مجھے اپنے وطن پر فخر ہے۔

Translation: I am proud of (take pride in) my homeland.

Root Word: Arabic 'fakhr'.

Synonyms: ناز کرنا, اترانا"
"تکبر کرنا","Translations:
EN: to be arrogant / to be haughty / to look down on others
AR: تَكَبَّرَ / اِسْتَعْلَى
FR: être arrogant / être hautain / mépriser les autres

Definition:
(EN) Compound verb expressing the act of thinking oneself better than others and showing it through behavior.

Example: دولت پا کر تکبر نہ کرو۔

Translation: Do not be arrogant (haughty) after getting wealth.

Root Word: Arabic 'takabbur'.

Synonyms: غرور کرنا, شیخی بگھارنا"
"عاجزی کرنا","Translations:
EN: to show humility / to be humble / to plead submissively
AR: تَوَاضَعَ / تَذَلَّلَ
FR: faire preuve d'humilité / être humble / supplier humblement

Definition:
(EN) Compound verb expressing the act of behaving with lowliness and respect, especially before God or a superior.

Example: اس نے بڑی عاجزی سے بات کی۔

Translation: He spoke with great humility (humbly).

Root Word: Arabic 'ʿājizī'.

Synonyms: انکساری دکھانا, جھکنا"
"منت سماجت کرنا","Translations:
EN: to entreat / to beseech / to beg / to plead earnestly
AR: تَوَسَّلَ / اِبْتَهَلَ / نَاشَدَ
FR: supplier / conjurer / implorer / solliciter vivement

Definition:
(EN) Idiomatic compound verb expressing the act of begging someone repeatedly and very humbly for a favor or mercy.

Example: اس نے اپنے مالک کی بڑی منت سماجت کی۔

Translation: He entreated (beseeched) his master a lot.

Root Word: Sanskrit 'minnat' + 'samājat'.

Synonyms: التجا کرنا, خوشامد کرنا"
"سفارش کرنا","Translations:
EN: to recommend / to intercede / to put in a word for someone
AR: شَفَعَ / أَوْصَى بِـ
FR: recommander / intercéder / pistonner (informal)

Definition:
(EN) Compound verb expressing the act of using one's influence to help someone else get a job or avoid punishment.

Example: کیا آپ میری سفارش کریں گے؟

Translation: Will you recommend (intercede for) me?

Root Word: Arabic 'sifārish'.

Synonyms: کہنا, سفارش لانا"
"گلہ کرنا","Translations:
EN: to complain / to grumble / to express a mild grievance
AR: عَاتَبَ / تَذَمَّرَ
FR: se plaindre / grommeler / exprimer un grief

Definition:
(EN) Compound verb expressing the act of telling someone (often a friend) that you are unhappy with their behavior toward you.

Example: مجھے تم سے کوئی گلہ نہیں ہے۔

Translation: I have no complaint (grievance) against you.

Root Word: Persian 'gila'.

Synonyms: شکایت کرنا, شکوہ کرنا"
"فریاد کرنا","Translations:
EN: to cry for help / to appeal / to petition / to complain loudly
AR: اِسْتَغَاثَ / تَظَلَّمَ
FR: appeler à l'aide / faire appel / pétitionner

Definition:
(EN) Compound verb expressing the act of loudly asking for justice or help in a desperate situation.

Example: مظلوم نے خدا سے فریاد کی۔

Translation: The oppressed person cried for help (appealed) to God.

Root Word: Persian 'faryād' + Urdu 'karnā'.

Synonyms: پکارنا, دہائی دینا"
"ماتم کرنا","Translations:
EN: to mourn / to lament / to beat the chest (ritually)
AR: نَاحَ / عَزَّى / لَطَمَ
FR: mener le deuil / se lamenter / pleurer les morts

Definition:
(EN) Compound verb expressing the act of showing deep sorrow for someone's death, often through specific cultural rituals.

Example: پورا شہر ماتم کر رہا تھا۔

Translation: The whole city was mourning (lamenting).

Root Word: Arabic 'mātam'.

Synonyms: رونا دھونا, سینہ زنی کرنا"
"سوگ منانا","Translations:
EN: to observe mourning / to be in mourning / to grieve
AR: حَدَّ / اِعْتَزَّ بِالعَزَاء
FR: porter le deuil / être en deuil

Definition:
(EN) Compound verb expressing the state of officially or personally showing sorrow for a period after a death.

Example: ملک میں تین دن کا سوگ منایا گیا۔

Translation: Three days of mourning was observed in the country.

Root Word: Persian 'sog' + Urdu 'manānā'.

Synonyms: رنج کرنا, غم زدہ ہونا"
"خوشی منانا","Translations:
EN: to celebrate / to rejoice / to make merry / to feast
AR: اِحْتَفَلَ / اِبْتَهَجَ
FR: célébrer / se réjouir / faire la fête / festoyer

Definition:
(EN) Compound verb expressing the act of showing happiness through a party, festival, or group event.

Example: عید کے دن سب خوشی مناتے ہیں۔

Translation: Everyone celebrates (rejoices) on the day of Eid.

Root Word: Persian 'khushī' + Urdu 'manānā'.

Synonyms: جشن منانا, شادمانی کرنا"
"غمگین ہونا","Translations:
EN: to be sad / to be sorrowful / to be grieved
AR: حَزِنَ / اِغْتَمَّ
FR: être triste / être chagriné / s'affliger

Definition:
(EN) Compound verb expressing the state of feeling deep sorrow or emotional pain, often due to a loss or bad news.

Example: وہ خبر سن کر بہت غمگین ہوا۔

Translation: He became very sad (sorrowful) after hearing the news.

Root Word: Arabic 'gham' + Urdu 'honā'.

Synonyms: رنجیدہ ہونا, ملول ہونا"
"اداس ہونا","Translations:
EN: to be sad / to be gloomy / to be dejected / to be lonely
AR: اِكْتَأَبَ / حَزِنَ
FR: être triste / être maussade / être abattu

Definition:
(EN) Compound verb expressing a quieter, more personal form of sadness or melancholy, often feeling uninspired or lonely.

Example: اکیلے بیٹھ کر وہ اداس ہو گیا۔

Translation: Sitting alone, he became sad (gloomy).

Root Word: Sanskrit 'udāsa' (indifferent/retired).

Synonyms: دل بجھنا, غمگین ہونا"
"آنسو بہانا","Translations:
EN: to shed tears / to weep / to cry silently
AR: ذَرَفَ الدُّمُوع / بَكَى
FR: verser des larmes / pleurer / larmoyer

Definition:
(EN) Idiomatic compound verb expressing the act of crying, emphasizing the physical flow of tears from the eyes.

Example: اس نے دکھ میں بہت آنسو بہائے۔

Translation: He shed many tears (wept) in grief.

Root Word: Sanskrit 'āṅsū' + Urdu 'bahānā'.

Synonyms: رونا, زار و قطار رونا"
"ہنسنا","Translations:
EN: to laugh
AR: ضَحِكَ
FR: rire

Definition:
(EN) Verb expressing the sound and facial movement showing happiness, amusement, or sometimes mockery.

Example: زیادہ ہنسنا بھی اچھا نہیں ہوتا۔

Translation: Laughing too much is also not good.

Root Word: Sanskrit 'hasana'.

Synonyms: قہقہہ لگانا, کھلکھلانا"
"مسکرانا","Translations:
EN: to smile
AR: اِبْتَسَمَ
FR: sourire

Definition:
(EN) Verb expressing the silent movement of the lips showing happiness, friendliness, or satisfaction.

Example: وہ سب کو دیکھ کر مسکرایا۔

Translation: He smiled seeing everyone.

Root Word: Persian 'muskurānā' (via Urdu derivation).

Synonyms: تبسم کرنا"
"مذاق اڑانا","Translations:
EN: to mock / to make fun of / to ridicule / to jeer
AR: سَخِرَ مِنْ / اِسْتَهْزَأَ بِـ
FR: se moquer de / railler / ridiculiser

Definition:
(EN) Idiomatic compound verb expressing the act of laughing at someone in an unkind way to make them look stupid.

Example: کسی کی غریبی کا مذاق نہ اڑاؤ۔

Translation: Do not mock (make fun of) anyone's poverty.

Root Word: Arabic 'mazāq' + Urdu 'uṛānā'.

Synonyms: ٹھٹھا کرنا, ہنسی اڑانا"
"طنز کرنا","Translations:
EN: to satirize / to use sarcasm / to taunt / to speak ironically
AR: تَهَكَّمَ / تَنَدَّرَ
FR: satiriser / faire preuve de sarcasme / railler

Definition:
(EN) Compound verb expressing the act of saying something clever but sharp to criticize someone or point out their faults.

Example: اس نے مجھ پر تلخ طنز کیا۔

Translation: He used bitter sarcasm (taunted) against me.

Root Word: Arabic 't̤anz'.

Synonyms: طعنہ دینا, چوٹ کرنا"
"چھیڑنا","Translations:
EN: to tease / to provoke / to touch (a topic) / to disturb
AR: دَاعَبَ / اِسْتَفَزَّ / لَمَسَ (مَوْضُوعًا)
FR: taquiner / provoquer / aborder (un sujet)

Definition:
(EN) Verb meaning to annoy someone playfully, to provoke someone into anger, or to start talking about a sensitive subject.

Example: پرانی باتوں کو نہ چھیڑو۔

Translation: Do not touch upon (disturb/tease) old matters.

Root Word: Sanskrit 'chheṛa'.

Synonyms: تنگ کرنا, اکسانا"
"ستانا","Translations:
EN: to torment / to harass / to tease / to oppress (mildly)
AR: عَذَّبَ / ضَايَقَ / آذَى
FR: tourmenter / harceler / taquiner / opprimer

Definition:
(EN) Verb expressing the act of causing someone physical or mental pain, either playfully or cruelly.

Example: جانوروں کو ستانا بری بات ہے۔

Translation: It is a bad thing to torment (harass) animals.

Root Word: Sanskrit 'santāpa' (heat/torment).

Synonyms: اذیت دینا, دکھ دینا"
"تذبذب میں ڈالنا","Translations:
EN: to put in a fix / to make hesitant / to cause dilemma / to confuse
AR: أَوْقَعَ فِي الحِيرَة / شَكَّكَ
FR: mettre dans l'embarras / rendre hésitant / causer un dilemme

Definition:
(EN) Idiomatic compound verb expressing the act of making someone unable to decide between two choices.

Example: اس کے سوال نے مجھے تذبذب میں ڈال دیا۔

Translation: His question put me in a fix (made me hesitant).

Root Word: Arabic 'tażabżub' + Urdu 'meiṅ dālnā'.

Synonyms: الجھن میں ڈالنا, پریشان کرنا"
"حیران ہونا","Translations:
EN: to be surprised / to be amazed / to be astonished / to wonder
AR: اِنْدَهَشَ / تَعَجَّبَ
FR: être surpris / être étonné / s'émerveiller

Definition:
(EN) Compound verb expressing the state of feeling shock or wonder because of something unexpected or strange.

Example: وہ یہ دیکھ کر حیران رہ گیا۔

Translation: He remained surprised (amazed) seeing this.

Root Word: Arabic 'ḥairān' + Urdu 'honā'.

Synonyms: دنگ رہ جانا, تعجب کرنا"
"گھبرانا","Translations:
EN: to be nervous / to panic / to be agitated / to be flustered
AR: اِضْطَرَبَ / ذُعِرَ
FR: être nerveux / paniquer / être agité

Definition:
(EN) Verb expressing the state of feeling sudden fear, anxiety, or lack of confidence, often in a difficult situation.

Example: مشکل وقت میں گھبرانا نہیں چاہیے۔

Translation: One should not panic (be nervous) in difficult times.

Root Word: Sanskrit 'ghabara'.

Synonyms: پریشان ہونا, ڈرنا"
"خوف زدہ ہونا","Translations:
EN: to be terrified / to be scared / to be afraid / to be struck with fear
AR: خَافَ جِدًّا / ذُعِرَ
FR: être terrifié / avoir peur / être effrayé

Definition:
(EN) Compound verb expressing a deep and intense feeling of fear, often due to a real danger.

Example: وہ اکیلا ہونے پر خوف زدہ ہو گیا۔

Translation: He became terrified (scared) upon being alone.

Root Word: Arabic 'khauf' + Persian 'zada'.

Synonyms: ڈرنا, سہم جانا"
"ہمت کرنا","Translations:
EN: to dare / to have courage / to venture / to pluck up heart
AR: تَجَرَّأَ / اِسْتَجْمَعَ شَجَاعَتَهُ
FR: oser / avoir du courage / prendre son courage à deux mains

Definition:
(EN) Compound verb expressing the act of being brave enough to do something difficult or dangerous.

Example: اس نے سچ بولنے کی ہمت کی۔

Translation: He had the courage (dared) to speak the truth.

Root Word: Arabic 'himmat'.

Synonyms: حوصلہ کرنا, جرات کرنا"
"سعی کرنا","Translations:
EN: to strive / to endeavor / to exert effort / to try hard
AR: سَعَى / بَذَلَ جُهْدًا
FR: s'efforcer / s'employer / faire un effort

Definition:
(EN) Formal compound verb expressing the act of putting in continuous and serious effort to achieve a goal.

Example: ہمیں علم کے حصول کے لیے سعی کرنی چاہیے۔

Translation: We should strive (exert effort) to acquire knowledge.

Root Word: Arabic 'saʿī'.

Synonyms: کوشش کرنا, جدوجہد کرنا"
"کامیاب ہونا","Translations:
EN: to be successful / to succeed / to prosper / to win
AR: نَجَحَ / أَفْلَحَ
FR: réussir / avoir du succès / prospérer

Definition:
(EN) Compound verb expressing the state of achieving a goal, passing an exam, or attaining wealth and fame.

Example: وہ امتحان میں کامیاب ہو گیا۔

Translation: He was successful (passed) in the exam.

Root Word: Arabic 'kāmyāb' (finding desire) + Urdu 'honā'.

Synonyms: بامراد ہونا, نصرت پانا"
"ناکام ہونا","Translations:
EN: to fail / to be unsuccessful / to miss the mark
AR: فَشَلَ / خَابَ
FR: échouer / ne pas réussir

Definition:
(EN) Compound verb expressing the state of not achieving a desired result or being unable to complete a task.

Example: اس کی تمام کوششیں ناکام ہو گئیں۔

Translation: All his efforts failed (were unsuccessful).

Root Word: Persian 'nā-' (not) + 'kām' (desire) + Urdu 'honā'.

Synonyms: نامراد ہونا, مات کھانا"
"بازی لے جانا","Translations:
EN: to win the day / to excel / to outdo others / to carry the prize
AR: فازَ بِالجَائِزَة / غَلَبَ
FR: l'emporter / exceller / gagner la mise

Definition:
(EN) Idiomatic compound verb expressing the act of winning a competition or performing better than everyone else in a group.

Example: اس نے اپنی محنت سے بازی لے لی۔

Translation: He won the day (excelled) through his hard work.

Root Word: Persian 'bāzī' (game) + Urdu 'le jānā'.

Synonyms: جیتنا, سبقت لے جانا"
"ہارنا","Translations:
EN: to lose / to be defeated / to fail in a contest
AR: خَسِرَ / هُزِمَ
FR: perdre / être vaincu

Definition:
(EN) Verb expressing the act of losing a game, a battle, or a bet to someone else.

Example: کھیل میں ایک کو تو ہارنا ہی ہوتا ہے۔

Translation: In a game, one has to lose (be defeated).

Root Word: Sanskrit 'hāra'.

Synonyms: شکست کھانا, پسپا ہونا"
"مقابلہ کرنا","Translations:
EN: to compete / to face / to encounter / to confront / to oppose
AR: نَافَسَ / وَاجَهَ / قَابَلَ
FR: rivaliser / faire face / affronter / s'opposer

Definition:
(EN) Compound verb expressing the act of standing up against an opponent or a difficult situation, or comparing two things.

Example: ہم نے دشمن کا ڈٹ کر مقابلہ کیا۔

Translation: We faced (competed with) the enemy firmly.

Root Word: Arabic 'muqābala'.

Synonyms: ٹکر لینا, سامنا کرنا"
"دوچار ہونا","Translations:
EN: to be faced with / to encounter / to confront / to be in contact with
AR: وَاجَهَ / تَعَرَّضَ لِـ
FR: être confronté à / rencontrer / faire face

Definition:
(EN) Idiomatic compound verb expressing the act of suddenly meeting a problem or a person, or being in a state of crisis.

Example: ملک معاشی بحران سے دوچار ہے۔

Translation: The country is faced with (confronting) an economic crisis.

Root Word: Persian 'do' (two) + 'chār' (four/face).

Synonyms: سامنا ہونا, مبتلا ہونا"
"نظر انداز کرنا","Translations:
EN: to ignore / to overlook / to neglect / to turn a blind eye
AR: تَجَاهَلَ / أَغْفَلَ
FR: ignorer / négliger / fermer les yeux sur

Definition:
(EN) Compound verb expressing the act of deliberately not paying attention to someone or something.

Example: میری باتوں کو نظر انداز نہ کرو۔

Translation: Do not ignore (overlook) my words.

Root Word: Persian 'naẓar' + 'andāz'.

Synonyms: چشم پوشی کرنا, ٹالنا"
"توجہ دینا","Translations:
EN: to pay attention / to focus / to concentrate / to listen carefully
AR: اِهْتَمَّ / أَعَارَ اِنْتِبَاهًا
FR: prêter attention / se concentrer / écouter attentivement

Definition:
(EN) Compound verb expressing the act of focusing one's mind and ears on a person or a task.

Example: اپنی پڑھائی پر توجہ دو۔

Translation: Pay attention (focus) on your studies.

Root Word: Arabic 'tawajju'.

Synonyms: دھیان دینا, متوجہ ہونا"
"غور کرنا","Translations:
EN: to ponder / to consider / to deliberate / to scrutinize
AR: تَأَمَّلَ / تَدَبَّرَ / فَكَّرَ مَلِيًّا
FR: réfléchir / considérer / délibérer / scruter

Definition:
(EN) Compound verb expressing the act of thinking deeply about a matter before making a decision or understanding a secret.

Example: اس مسئلے پر غور کرنے کی ضرورت ہے۔

Translation: There is a need to ponder (consider) this problem.

Root Word: Arabic 'ghaur'.

Synonyms: سوچنا, تدبر کرنا"
"تشویش کرنا","Translations:
EN: to worry / to be anxious / to be concerned / to feel uneasy
AR: قَلِقَ / اِنْشَغَلَ بَالُهُ
FR: s'inquiéter / être anxieux / se soucier

Definition:
(EN) Formal compound verb expressing a state of mental anxiety regarding a potential danger or an uncertain future.

Example: ڈاکٹر نے مریض کی حالت پر تشویش کا اظہار کیا۔

Translation: The doctor expressed concern (worried) about the patient's condition.

Root Word: Arabic 'tashveesh'.

Synonyms: فکر کرنا, پریشان ہونا"
"انتظار کرنا","Translations:
EN: to wait / to expect / to look forward to
AR: اِنْتَظَرَ / تَرَقَّبَ
FR: attendre / s'attendre à / aspirer à

Definition:
(EN) Compound verb expressing the act of staying in a place or delayed state until someone arrives or something happens.

Example: میں آپ کا صبح سے انتظار کر رہا ہوں۔

Translation: I have been waiting for you since morning.

Root Word: Arabic 'intiz̤ār'.

Synonyms: راہ دیکھنا, رکا رہنا"
"صبر کرنا","Translations:
EN: to be patient / to endure / to wait calmly / to restrain oneself
AR: صَبَرَ / اِصْطَبَرَ
FR: être patient / endurer / attendre calmement / se retenir

Definition:
(EN) Compound verb expressing the act of showing strength and patience during difficult times or when things are delayed.

Example: مشکل وقت میں صبر کرنا چاہیے۔

Translation: One should be patient (endure) in difficult times.

Root Word: Arabic 'ṣabr'.

Synonyms: حوصلہ کرنا, جھیلنا"
"شکر کرنا","Translations:
EN: to thank / to be grateful / to show appreciation
AR: شَكَرَ / حَمِدَ
FR: remercier / être reconnaissant / apprécier

Definition:
(EN) Compound verb expressing the act of saying thank you or feeling satisfied with what one has received.

Example: ہمیں ہر حال میں اللہ کا شکر کرنا چاہیے۔

Translation: We should thank (be grateful to) Allah in every condition.

Root Word: Arabic 'shukr'.

Synonyms: شکر گزار ہونا, احسان ماننا"
"شکایت کرنا","Translations:
EN: to complain / to grumble / to report (a fault)
AR: اِشْتَكَى / تَظَلَّمَ
FR: se plaindre / grommeler / rapporter (une faute)

Definition:
(EN) Compound verb expressing the act of telling someone about a problem or expressing dissatisfaction with someone's work.

Example: اس نے مینیجر سے میری شکایت کی۔

Translation: He complained (reported a fault) about me to the manager.

Root Word: Arabic 'shikāyat'.

Synonyms: گلہ کرنا, شکوہ کرنا"
"درگزر کرنا","Translations:
EN: to overlook / to forgive / to pass over / to ignore (a mistake)
AR: صَفَحَ / تَجَاوَزَ عَنْ
FR: fermer les yeux / pardonner / passer outre / ignorer (une erreur)

Definition:
(EN) Formal compound verb expressing the act of intentionally ignoring someone's mistake and choosing not to punish them.

Example: بڑوں کو چھوٹوں کی غلطیوں سے درگزر کرنا چاہیے۔

Translation: Elders should overlook (forgive) the mistakes of youngsters.

Root Word: Persian 'dar' (in) + 'guzar' (passing).

Synonyms: معاف کرنا, چشم پوشی کرنا"
"تعزیر کرنا","Translations:
EN: to penalize / to sentence / to discipline / to punish (legally)
AR: عَزَّرَ / عَاقَبَ
FR: pénaliser / condamner / discipliner / punir

Definition:
(EN) Formal compound verb expressing the act of a judge or authority giving a specific penalty or punishment to correct someone's behavior.

Example: عدالت نے اسے جرمانہ ادا کرنے کی تعزیر کی۔

Translation: The court sentenced (penalized) him to pay a fine.

Root Word: Arabic 'taʿzeer'.

Synonyms: سزا دینا, تادیب کرنا"
"بدلہ لینا","Translations:
EN: to take revenge / to avenge / to retaliate
AR: اِنْتَقَمَ / ثَأَرَ
FR: se venger / venger / exercer des représailles

Definition:
(EN) Compound verb expressing the act of doing something bad to someone because they did something bad to you first.

Example: میں اس سے اپنا بدلہ لے کر رہوں گا۔

Translation: I will definitely take my revenge (avenge myself) on him.

Root Word: Urdu 'badla' + 'lenā'.

Synonyms: انتقام لینا, قصاص لینا"
"زیادتی کرنا","Translations:
EN: to commit excess / to wrong / to oppress / to go too far
AR: تَجَاوَزَ / ظَلَمَ / أَسَاءَ
FR: commettre un excès / faire du tort / opprimer

Definition:
(EN) Compound verb expressing the act of treating someone unfairly or using more force/authority than is allowed or right.

Example: کسی پر زیادتی کرنا بزدلی ہے۔

Translation: To commit excess (wrong) against anyone is cowardice.

Root Word: Arabic 'ziyādatī' + Urdu 'karnā'.

Synonyms: ظلم کرنا, ناانصافی کرنا"
"زیادتی سہنا","Translations:
EN: to suffer excess / to be wronged / to bear injustice
AR: عَانَى مِنَ الظُّلْم / صَبَرَ عَلَى الأَذَى
FR: subir un excès / être lésé / supporter une injustice

Definition:
(EN) Compound verb expressing the state of being a victim of unfair treatment and having to endure it.

Example: وہ خاموشی سے زیادتی سہتا رہا۔

Translation: He kept suffering the wrong (injustice) silently.

Root Word: Arabic 'ziyādatī' + Urdu 'sahnā'.

Synonyms: ظلم سہنا, برداشت کرنا"
"ظلم سہنا","Translations:
EN: to suffer oppression / to bear cruelty / to be victimized
AR: عَانَى مِنَ الطُّغْيَان / ظُلِمَ
FR: subir l'oppression / endurer la cruauté / être victime

Definition:
(EN) Compound verb expressing the state of enduring harsh and unfair treatment from a powerful person or government.

Example: مظلوم کب تک ظلم سہتا رہے گا؟

Translation: How long will the oppressed person keep suffering oppression (cruelty)?

Root Word: Arabic 'ẓulm' + Urdu 'sahnā'.

Synonyms: ستم سہنا, دکھ جھیلنا"
"فریاد لے جانا","Translations:
EN: to take a petition / to cry for help (to authority) / to seek redress
AR: رَفَعَ شَكْوَاه / اِسْتَغَاثَ
FR: porter une pétition / appeler à l'aide / demander réparation

Definition:
(EN) Idiomatic compound verb expressing the act of going to a king, a judge, or God to ask for help against an injustice.

Example: وہ بادشاہ کے پاس فریاد لے گیا۔

Translation: He took a petition (cry for help) to the king.

Root Word: Persian 'faryād' + Urdu 'le jānā'.

Synonyms: نالِش کرنا, دہائی دینا"
"انصاف پانا","Translations:
EN: to get justice / to be treated fairly / to receive a fair verdict
AR: نَالَ حَقَّهُ / أُنْصِفَ
FR: obtenir justice / être traité équitablement

Definition:
(EN) Compound verb expressing the act of successfully receiving what is right and fair through a legal or moral process.

Example: آخرکار غریب کو انصاف مل گیا۔

Translation: Finally, the poor man got justice.

Root Word: Arabic 'inṣāf' + Urdu 'pānā'.

Synonyms: حق ملنا, داد رسی ہونا"
"حق ملنا","Translations:
EN: to get one's right / to receive what is due / to be entitled
AR: نَالَ الحَقّ / اِسْتَحَقَّ
FR: obtenir son droit / recevoir ce qui est dû

Definition:
(EN) Compound verb expressing the act of receiving a share, a property, or a status that belongs to you by law or nature.

Example: ہر انسان کو اس کا حق ملنا چاہیے۔

Translation: Every human should get their right.

Root Word: Arabic 'ḥaq' + Urdu 'milnā'.

Synonyms: حصہ ملنا, واجبی ملنا"
"حق مارنا","Translations:
EN: to usurp a right / to deprive / to cheat someone out of their due
AR: غَصَبَ الحَقّ / هَضَمَ الحَقّ
FR: usurper un droit / léser / frustrer quelqu'un de son dû

Definition:
(EN) Idiomatic compound verb expressing the act of taking away or refusing to give someone what they legally or morally deserve.

Example: کسی یتیم کا حق مارنا گناہ ہے۔

Translation: To usurp the right (deprive) of an orphan is a sin.

Root Word: Arabic 'ḥaq' + Urdu 'mārnā'.

Synonyms: غصب کرنا, حق دبانا"
"چوری کرنا","Translations:
EN: to steal / to commit theft / to pilfer
AR: سَرَقَ / اِخْتَلَسَ
FR: voler / dérober / chiper

Definition:
(EN) Compound verb expressing the act of taking something that belongs to someone else without their permission and with the intent to keep it.

Example: چوری کرنا ایک سماجی برائی ہے۔

Translation: To steal (commit theft) is a social evil.

Root Word: Sanskrit 'chaura' (thief) + Urdu 'karnā'.

Synonyms: سرقہ کرنا, چرانا"
"ڈاکہ ڈالنا","Translations:
EN: to rob / to commit dacoity / to raid / to plunder (violently)
AR: سَطَا عَلَى / نَهَبَ بِالقُوَّة
FR: braquer / piller / commettre un vol à main armée

Definition:
(EN) Compound verb expressing the act of stealing from a bank, a house, or a group by using weapons and threats.

Example: ڈاکوؤں نے بینک پر ڈاکہ ڈالا۔

Translation: The dacoits (robbers) robbed the bank.

Root Word: Urdu 'ḍāka' + 'ḍālnā'.

Synonyms: لوٹنا, چھاپہ مارنا"
"لوٹ مار کرنا","Translations:
EN: to loot / to plunder / to pillage / to sack (a city)
AR: نَهَبَ وَسَلَبَ / عَاثَ فَسَادًا
FR: piller / mettre à sac / saccager

Definition:
(EN) Compound verb expressing the act of stealing many things and causing destruction, usually during a war, a riot, or a disaster.

Example: ہجوم نے دکانوں میں لوٹ مار کی۔

Translation: The crowd looted (plundered) the shops.

Root Word: Sanskrit 'loot' + 'mār'.

Synonyms: غارت گری کرنا, چھیننا"
"قتل و غارت کرنا","Translations:
EN: to massacre and plunder / to engage in carnage / to lay waste
AR: قَتَلَ وَنَهَبَ / جَزَرَ
FR: massacrer et piller / commettre un carnage

Definition:
(EN) Formal compound verb expressing the act of killing many people and stealing their property simultaneously, often in an army raid.

Example: حملہ آوروں نے شہر میں قتل و غارت کی۔

Translation: The invaders engaged in massacre and plunder (carnage) in the city.

Root Word: Arabic 'qatl' + 'ghārat'.

Synonyms: خون خرابہ کرنا, اجاڑنا"
"خون بہانا","Translations:
EN: to shed blood / to kill / to cause violence
AR: سَفَكَ الدِّمَاء / أَرَاقَ الدَّم
FR: verser le sang / tuer / commettre des violences

Definition:
(EN) Idiomatic compound verb expressing the act of causing injury or death to many people, leading to physical bloodshed.

Example: اقتدار کے لیے معصوموں کا خون نہ بہاؤ۔

Translation: Do not shed the blood of innocents for power.

Root Word: Persian 'khoon' + Urdu 'bahānā'.

Synonyms: خونریزی کرنا, ہلاک کرنا"
"صلح کرنا","Translations:
EN: to make peace / to reconcile / to compromise / to settle a dispute
AR: صَالَحَ / تَصَالَحَ
FR: faire la paix / se réconcilier / faire un compromis

Definition:
(EN) Compound verb expressing the act of ending an argument or a war and agreeing to live in friendship again.

Example: دونوں بھائیوں نے آپس میں صلح کر لی۔

Translation: The two brothers made peace (reconciled) with each other.

Root Word: Arabic 'ṣulaḥ'.

Synonyms: راضی ہونا, سمجھوتہ کرنا"
"دشمنی کرنا","Translations:
EN: to show enmity / to be hostile / to act like an enemy / to oppose
AR: عادى / نَاصَبَ العَدَاء
FR: faire preuve d'inimitié / être hostile / agir en ennemi

Definition:
(EN) Compound verb expressing the act of treating someone as an enemy and working against their interests.

Example: بلاوجہ کسی سے دشمنی کرنا اچھی بات نہیں۔

Translation: It is not a good thing to show enmity (be hostile) toward anyone without reason.

Root Word: Persian 'dushman' + Urdu 'karnā'.

Synonyms: بیر رکھنا, عداوت کرنا"
"بیر رکھنا","Translations:
EN: to bear a grudge / to harbor enmity / to have a long-standing feud
AR: حَقَدَ عَلَى / أَضْمَرَ العَدَاء
FR: garder rancune / nourrir de l'inimitié

Definition:
(EN) Idiomatic compound verb expressing the state of keeping an old anger or hatred in the heart for a long time.

Example: دل میں کسی کے لیے بیر رکھنا گناہ ہے۔

Translation: To bear a grudge (harbor enmity) in the heart for anyone is a sin.

Root Word: Sanskrit 'vaira'.

Synonyms: کینہ رکھنا, عداوت رکھنا"
"حسد کرنا","Translations:
EN: to be jealous / to envy / to feel malice (at someone's success)
AR: حَسَدَ / غَارَ مِنْ
FR: être jaloux / envier / éprouver de la malice

Definition:
(EN) Compound verb expressing the act of feeling unhappy or angry because someone else has something good and wishing they didn't have it.

Example: دوسروں کی کامیابی پر حسد نہ کرو۔

Translation: Do not be jealous (envy) of others' success.

Root Word: Arabic 'ḥasad'.

Synonyms: جلنا, کڑھنا"
"رشک کرنا","Translations:
EN: to admire / to feel enviable / to feel positive envy / to emulate
AR: غَبَطَ / أُعْجِبَ بِـ
FR: admirer / envier (positivement) / s'émerveiller

Definition:
(EN) Compound verb expressing a positive form of envy where you admire someone's good quality and wish to have it yourself without wanting them to lose it.

Example: اس کی ذہانت پر سب رشک کرتے ہیں۔

Translation: Everyone admires (feels enviable of) his intelligence.

Root Word: Persian 'rashk'.

Synonyms: فخر کرنا, دیکھ کر خوش ہونا"
"برابری کرنا","Translations:
EN: to emulate / to equal / to rival / to match / to claim equality
AR: ضَاهَى / سَاوَى / جَارَى
FR: égaler / rivaliser / s'égaler à / faire le poids

Definition:
(EN) Compound verb expressing the act of trying to be as good as someone else or claiming to have the same status as them.

Example: تم اس کی برابری نہیں کر سکتے۔

Translation: You cannot equal (match) him.

Root Word: Persian 'barābar' + Urdu 'karnā'.

Synonyms: ہمسری کرنا, مقابلہ کرنا"
"ہمسری کرنا","Translations:
EN: to vie / to cope with / to match / to be a contemporary / to rival
AR: نَافَسَ / جَارَى / بَارَى
FR: rivaliser / faire face / être à la hauteur / s'égaler

Definition:
(EN) Formal compound verb expressing the act of competing with someone of equal rank or trying to reach their level.

Example: کوئی اس کے فن کی ہمسری نہیں کر سکتا۔

Translation: No one can match (rival) his art.

Root Word: Persian 'ham' (same) + 'sar' (head).

Synonyms: برابری کرنا, ہم پلہ ہونا"
"تقلید کرنا","Translations:
EN: to imitate / to follow (blindly) / to copy / to mimic
AR: قَلَّدَ / اِحْتَذَى بِـ
FR: imiter / suivre (aveuglément) / copier / singer

Definition:
(EN) Compound verb expressing the act of following someone's example, fashion, or religious school of thought, sometimes without thinking.

Example: مغربی تہذیب کی اندھی تقلید نہ کرو۔

Translation: Do not follow (imitate) Western civilization blindly.

Root Word: Arabic 'taqleed'.

Synonyms: نقل کرنا, پیروی کرنا"
"پیروی کرنا","Translations:
EN: to follow / to pursue / to prosecute / to adhere to
AR: اِتَّبَعَ / اِقْتَفَى / وَاصَلَ
FR: suivre / poursuivre / adhérer à

Definition:
(EN) Compound verb expressing the act of following a leader, a path, or a legal case with dedication and purpose.

Example: ہمیں قانون کی پیروی کرنی چاہیے۔

Translation: We should follow (adhere to) the law.

Root Word: Persian 'pairvī'.

Synonyms: پیچھے چلنا, اطاعت کرنا"
"اطاعت کرنا","Translations:
EN: to obey / to submit / to yield / to be subservient
AR: أَطَاعَ / اِنْصَاعَ
FR: obéir / se soumettre / céder / être asservi

Definition:
(EN) Formal compound verb expressing the act of doing what a ruler, parent, or God asks of you with respect.

Example: والدین کی اطاعت فرض ہے۔

Translation: Obedience (submitting) to parents is a duty.

Root Word: Arabic 'iṭāʿat'.

Synonyms: فرمانبرداری کرنا, کہنا ماننا"
"فرمانبرداری کرنا","Translations:
EN: to be obedient / to serve faithfully / to comply
AR: بَرَّ / خَدَمَ بِإِخْلَاص / اِمْتَثَلَ
FR: être obéissant / servir fidèlement / se conformer

Definition:
(EN) Compound verb expressing the quality of being a faithful and obedient person to an authority.

Example: وہ اپنے استاد کی بہت فرمانبرداری کرتا ہے۔

Translation: He is very obedient (serves faithfully) to his teacher.

Root Word: Persian 'farmān' (order) + 'bardār' (carrier).

Synonyms: اطاعت کرنا, خدمت کرنا"
"حکم ماننا","Translations:
EN: to obey a command / to carry out orders / to comply
AR: اِمْتَثَلَ لِلأَمْر / أَطَاعَ الحُكْم
FR: obéir à un ordre / exécuter les ordres / se conformer

Definition:
(EN) Compound verb expressing the act of listening to a specific order and doing exactly what is told.

Example: سپاہی نے افسر کا حکم مانا۔

Translation: The soldier obeyed the command (carried out orders) of the officer.

Root Word: Arabic 'ḥukm' + Urdu 'mānnā'.

Synonyms: تعمیل کرنا, اطاعت کرنا"
"سرتابی کرنا","Translations:
EN: to disobey / to rebel / to turn the head away / to defy
AR: عَصَى / تَمَرَّدَ / أَعْرَضَ
FR: désobéir / se rebeller / braver / défier

Definition:
(EN) Formal compound verb expressing the act of refusing to follow an order or turning away from an authority in defiance.

Example: حکم کی سرتابی کی سزا موت ہے۔

Translation: The punishment for disobeying (defying) the order is death.

Root Word: Persian 'sar' (head) + 'tābī' (turning).

Synonyms: نافرمانی کرنا, انکار کرنا"
"روگردانی کرنا","Translations:
EN: to turn the face away / to desert / to abandon / to neglect
AR: أَعْرَضَ عَنْ / تَوَلَّى / هَجَرَ
FR: se détourner / déserter / abandonner / négliger

Definition:
(EN) Idiomatic compound verb expressing the act of turning one's back on a duty, a friend, or a truth.

Example: اپنے وعدے سے روگردانی نہ کرو۔

Translation: Do not turn your face away (abandon) from your promise.

Root Word: Persian 'roo' (face) + 'gardānī' (turning).

Synonyms: منہ پھیرنا, بے وفائی کرنا"
"بغاوت کرنا","Translations:
EN: to revolt / to rebel / to mutiny / to rise up against
AR: تَمَرَّدَ / ثَارَ / خَرَجَ عَلَى
FR: se révolter / se rebeller / se mutiner / se soulever contre

Definition:
(EN) Compound verb expressing the act of organized and forceful opposition to a government or an authority.

Example: فوج نے بادشاہ کے خلاف بغاوت کر دی۔

Translation: The army revolted (rebelled) against the king.

Root Word: Arabic 'baghāwat'.

Synonyms: غدر مچانا, سرکشی کرنا"
"غداری کرنا","Translations:
EN: to betray / to commit treason / to be treacherous / to double-cross
AR: خَانَ / غَدَرَ
FR: trahir / commettre une trahison / être perfide

Definition:
(EN) Compound verb expressing the act of being disloyal to one's country, friend, or master by helping their enemy.

Example: وطن سے غداری کرنے والا کبھی خوش نہیں رہتا۔

Translation: One who betrays (commits treason against) the homeland never remains happy.

Root Word: Arabic 'ghadārī'.

Synonyms: بے وفائی کرنا, نمک حرامی کرنا"
"وفاداری کرنا","Translations:
EN: to be loyal / to show fidelity / to remain faithful / to stand by
AR: أَخْلَصَ / وَفَى بِالعَهْد
FR: être fidèle / faire preuve de loyauté / rester dévoué

Definition:
(EN) Compound verb expressing the act of being true to one's promise, country, or partner, especially during difficult times.

Example: کتا اپنی وفاداری کے لیے مشہور ہے۔

Translation: The dog is famous for its loyalty (being faithful).

Root Word: Arabic 'wafā' + Persian 'dārī' + Urdu 'karnā'.

Synonyms: ساتھ نبھانا, نمک حلالی کرنا"
"ساتھ دینا","Translations:
EN: to support / to stand by / to accompany / to join hands with
AR: سَانَدَ / عَاوَنَ / نَصَرَ
FR: soutenir / épauler / accompagner / se joindre à

Definition:
(EN) Idiomatic compound verb expressing the act of helping someone or being with them when they are in trouble or when they are doing something.

Example: مشکل وقت میں دوست کا ساتھ دینا چاہیے۔

Translation: One should support (stand by) a friend in difficult times.

Root Word: Urdu 'sāth' + 'denā'.

Synonyms: مدد کرنا, حمایت کرنا"
"قربانی دینا","Translations:
EN: to sacrifice / to give an offering / to immolate
AR: ضَحَّى / قَدَّمَ قُرْبَانًا
FR: sacrifier / faire une offrande / s'immoler

Definition:
(EN) Compound verb expressing the act of giving up something very precious (even life) for a higher cause or a religious ritual.

Example: مجاہدین ملک کے لیے جان کی قربانی دیتے ہیں۔

Translation: Mujahideen give the sacrifice (immolate) of their lives for the country.

Root Word: Arabic 'qurbānī' + Urdu 'denā'.

Synonyms: جان دینا, وار دینا"
"نچھاور کرنا","Translations:
EN: to sacrifice / to devote / to sprinkle (money/life) / to bestow
AR: بَذَلَ / ضَحَّى / نَثَرَ (المَالَ)
FR: sacrifier / consacrer / répandre / prodiguer

Definition:
(EN) Verb meaning to give something with great love and devotion, often used for throwing coins over a bride or throwing one's life for a beloved.

Example: میں تم پر اپنی جان نچھاور کر دوں گا۔

Translation: I will sacrifice (devote) my life for you.

Root Word: Sanskrit 'nichhāvara'.

Synonyms: صدقے جانا, قربان کرنا"
"صدقہ دینا","Translations:
EN: to give alms / to give charity / to give for God's sake
AR: تَصَدَّقَ
FR: donner l'aumône / faire la charité

Definition:
(EN) Compound verb specifically used for giving money or food to the poor to please God and remove bad luck.

Example: مصیبت ٹالنے کے لیے صدقہ دو۔

Translation: Give alms (charity) to ward off trouble.

Root Word: Arabic 'ṣadqa' + Urdu 'denā'.

Synonyms: خیرات کرنا, دان کرنا"
"خیرات کرنا","Translations:
EN: to give to charity / to distribute alms / to donate
AR: زَكَّى / أَعْطَى الخَيْرَات
FR: faire la charité / distribuer des aumônes / donner

Definition:
(EN) Compound verb expressing the act of giving money, clothes, or food to the needy as an act of goodness.

Example: وہ اپنی دولت غریبوں میں خیرات کرتا ہے۔

Translation: He distributes his wealth in charity among the poor.

Root Word: Arabic 'khairāt'.

Synonyms: صدقہ کرنا, بانٹنا"
"اعانت کرنا","Translations:
EN: to assist / to help / to aid / to cooperate
AR: أَعَانَ / عَاوَنَ / سَاعَدَ
FR: assister / aider / seconder / coopérer

Definition:
(EN) Formal compound verb expressing the act of providing support, especially financial or physical, for a project or a person.

Example: اس مہم میں ہماری اعانت کریں۔

Translation: Please assist (aid) us in this campaign.

Root Word: Arabic 'iʿānat'.

Synonyms: مدد کرنا, تعاون کرنا"
"دستگیری کرنا","Translations:
EN: to help / to support / to take someone by the hand / to patronize
AR: أَخَذَ بِيَدِهِ / سَانَدَ
FR: secourir / soutenir / tendre la main / patronner

Definition:
(EN) Poetic and formal compound verb meaning to help someone who is falling or in a very miserable state.

Example: یتیموں کی دستگیری کرنا عظیم کام ہے۔

Translation: To help (support) orphans is a great deed.

Root Word: Persian 'dast' (hand) + 'geerī' (holding).

Synonyms: سہارا دینا, مدد کرنا"
"سرپرستی کرنا","Translations:
EN: to patronize / to sponsor / to supervise / to act as a guardian
AR: رَعَى / أَشْرَفَ عَلَى / وَلِيَ
FR: patronner / parrainer / superviser / agir en tuteur

Definition:
(EN) Compound verb expressing the act of looking after a project, a person, or a family as a leader or protector.

Example: آپ اس ادارے کی سرپرستی قبول فرمائیں۔

Translation: Please accept the patronage (supervision) of this institution.

Root Word: Persian 'sar' (head) + 'parast' (worshipper/devotee).

Synonyms: نگرانی کرنا, کفالت کرنا"
"نگرانی کرنا","Translations:
EN: to monitor / to supervise / to watch over / to oversee
AR: رَاقَبَ / أَشْرَفَ / نَظَرَ فِي
FR: surveiller / superviser / veiller sur / contrôler

Definition:
(EN) Compound verb expressing the act of carefully watching a person or a process to make sure everything is done correctly.

Example: امتحان کے دوران اساتذہ نگرانی کرتے ہیں۔

Translation: Teachers supervise (monitor) during the exam.

Root Word: Persian 'nigrānī'.

Synonyms: دیکھ بھال کرنا, چوکسی کرنا"
"صیانت کرنا","Translations:
EN: to preserve / to protect / to guard / to maintain
AR: صَانَ / حَفِظَ / وَقَى
FR: préserver / protéger / garder / maintenir

Definition:
(EN) Highly formal compound verb expressing the act of keeping something safe from decay, damage, or attack.

Example: آثارِ قدیمہ کی صیانت ضروری ہے۔

Translation: The preservation (protection) of ancient ruins is necessary.

Root Word: Arabic 'ṣiyānat'.

Synonyms: حفاظت کرنا, بچانا"
"دیکھ بھال کرنا","Translations:
EN: to look after / to care for / to tend / to maintain
AR: اِعْتَنَى بِـ / رَعَى
FR: s'occuper de / soigner / entretenir / prendre soin de

Definition:
(EN) Idiomatic compound verb expressing the daily act of taking care of a child, an elderly person, a garden, or a house.

Example: وہ اپنے بوڑھے والدین کی دیکھ بھال کرتا ہے۔

Translation: He looks after (cares for) his elderly parents.

Root Word: Urdu 'dekh' (see) + 'bhāl' (search/care).

Synonyms: توجہ دینا, خبر گیری کرنا"
"پرورش کرنا","Translations:
EN: to nourish / to bring up / to nurture / to foster
AR: رَبَّى / غَذَّى
FR: nourrir / élever / cultiver / favoriser

Definition:
(EN) Compound verb expressing the act of providing food and education to a child or a plant so they can grow properly.

Example: اس کی پرورش اچھے ماحول میں ہوئی۔

Translation: His upbringing (nurturing) happened in a good environment.

Root Word: Persian 'parvarish'.

Synonyms: پالنا پوسنا, تربیت کرنا"
"تربیت کرنا","Translations:
EN: to train / to educate / to discipline / to groom
AR: رَبَّى / دَرَّبَ / هَذَّبَ
FR: former / éduquer / discipliner / préparer

Definition:
(EN) Compound verb expressing the act of teaching someone skills, manners, or a specific way of behaving.

Example: بچوں کی اخلاقی تربیت بہت ضروری ہے۔

Translation: Moral training (discipline) of children is very important.

Root Word: Arabic 'tarbiyat'.

Synonyms: سکھانا, ادب سکھانا"
"درس دینا","Translations:
EN: to lecture / to teach / to give a lesson / to preach
AR: أَلْقَى دَرْسًا / وَعَظَ
FR: donner un cours / enseigner / donner une leçon / prêcher

Definition:
(EN) Compound verb expressing the act of standing before a group and explaining a religious, moral, or academic topic.

Example: امام صاحب نے جمعہ کو بہترین درس دیا۔

Translation: The Imam gave an excellent lecture (lesson) on Friday.

Root Word: Arabic 'dars' + Urdu 'denā'.

Synonyms: سبق دینا, وعظ کرنا"
"وعظ کرنا","Translations:
EN: to preach / to sermonize / to give a religious discourse
AR: وَعَظَ / أَلْقَى خُطْبَة
FR: prêcher / sermonner / donner un discours religieux

Definition:
(EN) Compound verb expressing the act of giving a formal religious or moral speech to an audience to guide them.

Example: عالم دین نے مسجد میں وعظ کیا۔

Translation: The religious scholar preached (gave a sermon) in the mosque.

Root Word: Arabic 'waʿẓ'.

Synonyms: نصیحت کرنا, درس دینا"
"تبلیغ کرنا","Translations:
EN: to propagate / to preach / to missionize / to convey (a message)
AR: بَلَّغَ / دَعَا إِلَى
FR: propager / prêcher / faire du prosélytisme / transmettre

Definition:
(EN) Compound verb expressing the act of spreading a religion, a message, or an ideology to others.

Example: اسلام کی تبلیغ پوری دنیا میں ہوئی۔

Translation: The propagation (preaching) of Islam happened throughout the world.

Root Word: Arabic 'tableegh'.

Synonyms: پھیلانا, دعوت دینا"
"نصیحت قبول کرنا","Translations:
EN: to accept advice / to listen to counsel / to take a lesson
AR: اِتَّعَظَ / قَبِلَ النَّصِيحَة
FR: accepter un conseil / écouter les recommandations / tirer une leçon

Definition:
(EN) Compound verb expressing the act of agreeing with and following the good advice given by someone.

Example: دانشمند وہی ہے جو نصیحت قبول کرے۔

Translation: The wise one is he who accepts advice (listens to counsel).

Root Word: Arabic 'naṣeeḥat' + Urdu 'qabool karnā'.

Synonyms: مان لینا, پند لینا"
"اصلاح کرنا","Translations:
EN: to reform / to correct / to improve / to mend (behavior)
AR: أَصْلَحَ / هَذَّبَ / عَدَّلَ
FR: réformer / corriger / améliorer / amender

Definition:
(EN) Compound verb expressing the act of making something or someone better by removing faults or bad habits.

Example: حکومت کو تعلیمی نظام کی اصلاح کرنی چاہیے۔

Translation: The government should reform (improve) the educational system.

Root Word: Arabic 'iṣlāḥ'.

Synonyms: درست کرنا, سنوارنا"
"سنوارنا","Translations:
EN: to adorn / to decorate / to mend / to improve (appearance)
AR: زَيَّنَ / حَسَّنَ / جَمَّلَ
FR: parer / décorer / embellir / arranger

Definition:
(EN) Verb meaning to make something look beautiful, neat, and well-organized.

Example: اس نے اپنا کمرہ بہت اچھے طریقے سے سنوارا۔

Translation: She adorned (decorated) her room very beautifully.

Root Word: Sanskrit 'saṅvāra'.

Synonyms: سجانا, نکھارنا"
"بگاڑنا","Translations:
EN: to spoil / to damage / to ruin / to corrupt / to make worse
AR: أَفْسَدَ / خَرَّبَ / سَوَّأَ
FR: gâcher / endommager / ruiner / corrompre

Definition:
(EN) Verb meaning to make something bad, useless, or ugly, or to lead someone toward bad habits.

Example: بری صحبت انسان کو بگاڑ دیتی ہے۔

Translation: Bad company spoils (corrupts) a person.

Root Word: Sanskrit 'vikaṭa' (distorted).

Synonyms: خراب کرنا, برباد کرنا"
"پاش پاش کرنا","Translations:
EN: to shatter / to shiver / to break into pieces / to crush
AR: حَطَّمَ / هَشَّمَ / سَحَقَ
FR: fracasser / briser en éclats / concasser / écraser

Definition:
(EN) Idiomatic compound verb expressing the act of breaking something (like glass or a dream) into many small, tiny bits.

Example: پتھر لگتے ہی شیشہ پاش پاش ہو گیا۔

Translation: The glass shattered (broke into pieces) as soon as the stone hit it.

Root Word: Persian 'pāsh' (sprinkling/shattering).

Synonyms: توڑنا, چکنا چور کرنا"
"جوڑنا","Translations:
EN: to join / to connect / to add / to save (money) / to collect
AR: رَبَطَ / وَصَلَ / جَمَعَ (المَالَ)
FR: joindre / connecter / ajouter / épargner / collectionner

Definition:
(EN) Verb meaning to put two things together, to save money bit by bit, or to build a relationship.

Example: وہ ایک ایک پیسہ جوڑ کر گھر بنا رہا ہے۔

Translation: He is building a house by saving (collecting) every single penny.

Root Word: Sanskrit 'yoḍa'.

Synonyms: ملانا, اکٹھا کرنا"
"پیوند لگانا","Translations:
EN: to patch / to graft / to mend / to join
AR: رَقَعَ / طَعَّمَ (نَبَاتًا)
FR: raboutir / greffer / rapiécer / joindre

Definition:
(EN) Compound verb expressing the act of sewing a piece of cloth over a hole, or grafting a branch of one tree onto another.

Example: غریب نے اپنے لباس پر پیوند لگایا۔

Translation: The poor man put a patch (mended) on his clothes.

Root Word: Persian 'paiwand'.

Synonyms: جوڑ لگانا, گانٹھنا"
"مرمت کرنا","Translations:
EN: to repair / to mend / to fix / to renovate / to beat up (slang)
AR: رَمَّمَ / أَصْلَحَ / ضَرَبَ (عَامِّيَّة)
FR: réparer / raccommoder / fixer / rénover / tabasser (familier)

Definition:
(EN) Compound verb expressing the act of fixing a broken machine, house, or road, or (slang) giving someone a physical beating.

Example: مستری نے پرانی گاڑی کی مرمت کی۔

Translation: The mechanic repaired (fixed) the old car.

Root Word: Arabic 'marammat'.

Synonyms: ٹھیک کرنا, درستی کرنا"
"بناوٹ کرنا","Translations:
EN: to make up / to invent / to feign / to pretend / to artificialize
AR: اِصْطَنَعَ / تَصَنَّعَ / لَفَّقَ
FR: inventer / feindre / prétendre / artificialiser

Definition:
(EN) Compound verb expressing the act of creating a false story or behaving in an unnatural, artificial way to impress or deceive.

Example: اس کی باتوں میں بناوٹ صاف ظاہر تھی۔

Translation: The feigning (artificiality) was clearly evident in his words.

Root Word: Urdu 'banāwaṭ' + 'karnā'.

Synonyms: دکھاوا کرنا, ملمع کاری کرنا"
"ملمع کرنا","Translations:
EN: to gild / to plate / to coat (with gold/silver) / to deceive (with appearance)
AR: طَلَى / مَوَّهَ / دَلَّسَ
FR: dorer / plaquer / enduire / tromper (par l'apparence)

Definition:
(EN) Compound verb meaning to cover a cheap metal with gold or silver, or figuratively to hide a person's faults with a fake good behavior.

Example: اس نے اپنے پیتل کو ملمع کر کے سونا بنا دیا۔

Translation: He gilded (plated) his brass to make it look like gold.

Root Word: Arabic 'mulammaʿ'.

Synonyms: پالش کرنا, دھوکہ دینا"
"فریب دینا","Translations:
EN: to deceive / to cheat / to delude / to mislead / to trick
AR: خَدَعَ / غَشَّ / دَلَّسَ
FR: tromper / duper / leurrer / induire en erreur / ruser

Definition:
(EN) Compound verb expressing the act of making someone believe something false to get a benefit or to hurt them.

Example: کسی کو فریب دینا انسانیت کے خلاف ہے۔

Translation: To deceive (trick) someone is against humanity.

Root Word: Persian 'fareb'.

Synonyms: دھوکہ دینا, جھانسا دینا"
"جال بچھانا","Translations:
EN: to spread a net / to set a trap / to conspire / to plot
AR: نَصَبَ المِصْيَدَة / حَاكَ مَكِيدَة
FR: tendre un filet / tendre un piège / conspirer / comploter

Definition:
(EN) Idiomatic compound verb expressing the act of planning a complex trap for an animal or a political enemy.

Example: شکاری نے ہرن کے لیے جال بچھایا۔

Translation: The hunter spread a net (set a trap) for the deer.

Root Word: Urdu 'jāl' + 'bichhānā'.

Synonyms: سازش کرنا, گھات لگانا"
"قابو پانا","Translations:
EN: to gain control / to master / to overcome / to curb / to subdue
AR: سَيْطَرَ / تَمَكَّنَ مِنْ / غَلَبَ
FR: prendre le contrôle / maîtriser / surmonter / réprimer / subjuguer

Definition:
(EN) Compound verb expressing the act of getting power over a situation, an emotion (like anger), or an enemy.

Example: اس نے اپنے غصے پر قابو پایا۔

Translation: He gained control (mastered) over his anger.

Root Word: Turkish 'qāboo' + Urdu 'pānā'.

Synonyms: کنٹرول کرنا, غالب آنا"
"بس میں لانا","Translations:
EN: to bring under control / to subdue / to tame / to fascinate
AR: سَيْطَرَ عَلَى / رَوَّضَ
FR: mettre sous contrôle / subjuguer / apprivoiser / fasciner

Definition:
(EN) Idiomatic compound verb expressing the act of making a person or a situation do what you want, often using power or charm.

Example: غصے کو بس میں لانا بڑی بہادری ہے۔

Translation: It is great bravery to bring one's anger under control (subdue it).

Root Word: Urdu 'bas' (power/reach) + 'meiṅ lānā'.

Synonyms: قابو میں لانا, مطیع کرنا"
"تسخیر کرنا","Translations:
EN: to conquer / to subdue / to captivate / to harness (nature)
AR: سَخَّرَ / قَهَرَ / اِسْتَوْلَى عَلَى
FR: conquérir / subjuguer / captiver / exploiter (la nature)

Definition:
(EN) Formal compound verb expressing the act of winning over a heart or a territory, or making natural forces (like space or the atom) work for human benefit.

Example: انسان نے چاند کو تسخیر کر لیا ہے۔

Translation: Man has conquered (harnessed) the moon.

Root Word: Arabic 'taskheer'.

Synonyms: مسخر کرنا, فتح کرنا"
"مسخر کرنا","Translations:
EN: to subdue / to enchant / to make subservient / to ridicule
AR: ذَلَّلَ / سَحَرَ / اِسْتَهْزَأَ
FR: subjuguer / enchanter / rendre servile / ridiculiser

Definition:
(EN) Compound verb expressing the act of making someone totally obedient to you, or (less commonly) making fun of someone.

Example: اس نے اپنی باتوں سے سب کو مسخر کر لیا۔

Translation: He subdued (enchanted) everyone with his words.

Root Word: Arabic 'musakh-khar'.

Synonyms: اپنا بنانا, قابو کرنا"
"سر کرنا","Translations:
EN: to conquer / to accomplish / to scale (a peak) / to solve
AR: فَتَحَ / أَنْجَزَ / صَعِدَ (قِمَّة)
FR: conquérir / accomplir / gravir (un sommet) / résoudre

Definition:
(EN) Idiomatic compound verb meaning to successfully finish a very difficult task, like climbing a mountain or winning a fort.

Example: کوہ پیماؤں نے کے ٹو کو سر کر لیا۔

Translation: The mountaineers conquered (scaled) K2.

Root Word: Persian 'sar' (head) + Urdu 'karnā'.

Synonyms: فتح کرنا, پورا کرنا"
"مغلوب کرنا","Translations:
EN: to overcome / to defeat / to subdue / to overwhelm
AR: غَلَبَ / هَزَمَ / قَهَرَ
FR: vaincre / battre / subjuguer / accabler

Definition:
(EN) Formal compound verb expressing the act of making an opponent lose and making them completely powerless.

Example: سچ ہمیشہ جھوٹ کو مغلوب کر دیتا ہے۔

Translation: Truth always overcomes (defeats) falsehood.

Root Word: Arabic 'maghloob'.

Synonyms: ہرانا, زیر کرنا"
"غالب آنا","Translations:
EN: to prevail / to overcome / to dominate / to surmount
AR: سادَ / اِسْتَوْلَى عَلَى / اِنْتَصَرَ
FR: l'emporter / surmonter / dominer / vaincre

Definition:
(EN) Compound verb expressing the act of being stronger than an enemy, a feeling, or a problem, and winning in the end.

Example: آخرکار عقل جذبات پر غالب آ گئی۔

Translation: Finally, reason prevailed over (dominated) emotions.

Root Word: Arabic 'ghālib' + Urdu 'ānā'.

Synonyms: چھا جانا, فتح پانا"
"حاوی ہونا","Translations:
EN: to overlap / to dominate / to cover / to include / to encompass
AR: هَيْمَنَ / شَمَلَ / غَطَّى
FR: chevaucher / dominer / couvrir / inclure / englober

Definition:
(EN) Compound verb expressing the state of one thing being larger or more powerful than others and covering them completely.

Example: یہ کتاب تمام موضوعات پر حاوی ہے۔

Translation: This book covers (encompasses) all subjects.

Root Word: Arabic 'ḥāvee' + Urdu 'honā'.

Synonyms: محیط ہونا, غالب ہونا"
"محیط ہونا","Translations:
EN: to surround / to encompass / to contain / to be prevalent
AR: أَحَاطَ بِـ / شَمَلَ / عَمَّ
FR: entourer / englober / contenir / être prédominant

Definition:
(EN) Formal compound verb expressing the act of being all around something or including everything within its boundaries.

Example: سمندر زمین کے بڑے حصے پر محیط ہے۔

Translation: The ocean encompasses (surrounds) a large part of the earth.

Root Word: Arabic 'muḥeeṭ'.

Synonyms: گھیرنا, شامل ہونا"
"محاصرہ کرنا","Translations:
EN: to besiege / to beleaguer / to surround (a city/enemy) / to block
AR: حَاصَرَ / طَوَّقَ
FR: assiéger / assaillir / entourer (une ville) / bloquer

Definition:
(EN) Compound verb expressing the act of an army surrounding a fort or a city to prevent anyone from leaving or entering.

Example: فوج نے قلعے کا محاصرہ کر لیا۔

Translation: The army besieged (surrounded) the fort.

Root Word: Arabic 'muḥāṣara'.

Synonyms: گھیر لینا, ناکہ بندی کرنا"
"چھاپہ مارنا","Translations:
EN: to raid / to make a foray / to conduct a search / to strike suddenly
AR: دَاهَمَ / كَبَسَ / أَغَارَ عَلَى
FR: faire une descente / mener un raid / perquisitionner / frapper soudainement

Definition:
(EN) Compound verb expressing the act of police or army suddenly attacking a place to catch criminals or seize property.

Example: پولیس نے جواریوں کے اڈے پر چھاپہ مارا۔

Translation: The police raided (made a foray into) the gamblers' den.

Root Word: Urdu 'chhāpa' (print/raid) + 'mārnā'.

Synonyms: دھاوا بولنا, اچانک حملہ کرنا"
"دھاوا بولنا","Translations:
EN: to charge / to attack / to storm / to make an assault
AR: اِنْقَضَّ عَلَى / هَجَمَ / اِقْتَحَمَ
FR: charger / attaquer / donner l'assaut / monter à l'assaut

Definition:
(EN) Idiomatic compound verb expressing the act of running forward with great force to attack an enemy position.

Example: دشمن نے سرحد پر دھاوا بول دیا۔

Translation: The enemy charged (stormed) the border.

Root Word: Sanskrit 'dhāva' (run) + Urdu 'bolnā'.

Synonyms: حملہ کرنا, چڑھائی کرنا"
"یورش کرنا","Translations:
EN: to assault / to storm / to invade / to rush upon
AR: اِقْتَحَمَ / أَغَارَ / اِجْتَاحَ
FR: assaillir / donner l'assaut / envahir / se ruer sur

Definition:
(EN) Formal compound verb expressing a violent and sudden military invasion or a collective rush against an enemy.

Example: تاتاریوں نے بغداد پر یورش کی۔

Translation: The Tatars assaulted (invaded) Baghdad.

Root Word: Turkish 'yorish'.

Synonyms: چڑھائی کرنا, حملہ آور ہونا"
"پسپا ہونا","Translations:
EN: to retreat / to withdraw / to fall back / to be repulsed
AR: تَقَهْقَرَ / اِنْسَحَبَ / اِنْدَحَرَ
FR: battre en retraite / se retirer / replier / être repoussé

Definition:
(EN) Compound verb expressing the state of an army being forced to run back after losing a battle or failing an attack.

Example: شکست کے بعد فوج پسپا ہو گئی۔

Translation: After the defeat, the army retreated (withdrew).

Root Word: Persian 'pas' (back) + 'pā' (foot) + Urdu 'honā'.

Synonyms: پیچھے ہٹنا, بھاگنا"
"فرار ہونا","Translations:
EN: to escape / to flee / to run away / to abscond
AR: فَرَّ / هَرَبَ / لَاذَ بِالفِرَار
FR: s'échapper / s'enfuir / prendre la fuite / s'esquiver

Definition:
(EN) Compound verb expressing the act of secretly leaving a place (like a prison or a difficult home) to avoid punishment or danger.

Example: قیدی جیل سے فرار ہو گیا۔

Translation: The prisoner escaped (fled) from the jail.

Root Word: Arabic 'farār'.

Synonyms: بھاگ جانا, نکل جانا"
"روپوش ہونا","Translations:
EN: to go into hiding / to abscond / to go underground / to disappear
AR: اِخْتَبَأَ / تَوَارَى عَنِ الأَنْظَار
FR: se cacher / s'absenter / entrer dans la clandestinité / disparaître

Definition:
(EN) Compound verb expressing the act of hiding one's face and location from the police or the public, often for a long time.

Example: گرفتاری کے ڈر سے وہ روپوش ہو گیا۔

Translation: He went into hiding (absconded) for fear of arrest.

Root Word: Persian 'roo' (face) + 'posh' (covering) + Urdu 'honā'.

Synonyms: چھپ جانا, روپوش ہو جانا"
"گوشہ نشین ہونا","Translations:
EN: to become a recluse / to go into retirement / to seclude oneself / to live in isolation
AR: اِعْتَزَلَ / اِنْزَوى / تَنَحَّى
FR: devenir un reclus / prendre sa retraite / s'isoler / vivre en retrait

Definition:
(EN) Formal compound verb expressing the act of leaving society or public life to live a quiet life alone, often for spiritual or personal reasons.

Example: بڑھاپے میں وہ گوشہ نشین ہو گیا۔

Translation: He became a recluse (secluded himself) in old age.

Root Word: Persian 'gosha' (corner) + 'nasheen' (sitter).

Synonyms: علیحدگی اختیار کرنا, خلوت نشین ہونا"
"ترک کرنا","Translations:
EN: to abandon / to give up / to leave / to omit / to quit (a habit)
AR: تَرَكَ / هَجَرَ / أَقْلَعَ عَنْ
FR: abandonner / délaisser / quitter / renoncer à

Definition:
(EN) Compound verb expressing the act of stopping a bad habit, leaving a place forever, or giving up a claim.

Example: بری عادتیں ترک کر دینی چاہئیں۔

Translation: Bad habits should be abandoned (given up).

Root Word: Arabic 'tark'.

Synonyms: چھوڑ دینا, دستبردار ہونا"
"دستبردار ہونا","Translations:
EN: to withdraw / to waive / to renounce / to relinquish (a right/claim)
AR: تَنَازَلَ عَنْ / اِنْسَحَبَ
FR: se désister / renoncer / se désister de / s'abstenir

Definition:
(EN) Formal compound verb expressing the act of officially saying you no longer want a post, a property, or a legal right.

Example: اس نے اپنے عہدے سے دستبردار ہونے کا فیصلہ کیا۔

Translation: He decided to withdraw (renounce) from his position.

Root Word: Persian 'dast' (hand) + 'bardār' (taking away).

Synonyms: تیاگنا, استعفیٰ دینا"
"تیاگنا","Translations:
EN: to renounce / to forsake / to abandon / to leave (worldly life)
AR: هَجَرَ / زَهِدَ فِي / تَرَكَ الدُّنْيَا
FR: renoncer à / délaisser / abandonner (la vie mondaine)

Definition:
(EN) Verb (often used in a spiritual or poetic sense) meaning to give up family, wealth, or comfort to follow a path of truth or for a higher goal.

Example: سادھو نے دنیا کو تیاگ دیا۔

Translation: The Sadhu renounced (forsook) the world.

Root Word: Sanskrit 'tyāga'.

Synonyms: تیاگ کرنا, چھوڑنا"
"ہجرت کرنا","Translations:
EN: to migrate / to emigrate / to move (for God/refuge)
AR: هَاجَرَ
FR: émigrer / migrer / s'exiler

Definition:
(EN) Compound verb specifically used for leaving one's homeland for another place, usually to save one's faith or to escape persecution.

Example: صحابہ کرام نے مدینہ کی طرف ہجرت کی۔

Translation: The companions of the Prophet migrated (emigrated) toward Medina.

Root Word: Arabic 'hijrat'.

Synonyms: ملک چھوڑنا, پردیس جانا"
"سکونت اختیار کرنا","Translations:
EN: to take up residence / to settle / to dwell / to inhabit
AR: اِسْتَوْطَنَ / سَكَنَ / أَقَامَ
FR: élire domicile / s'installer / demeurer / habiter

Definition:
(EN) Formal compound verb expressing the act of making a place your permanent home.

Example: اس نے لاہور میں سکونت اختیار کر لی۔

Translation: He took up residence (settled) in Lahore.

Root Word: Arabic 'sukoonat' + Urdu 'ikhtiyār karnā'.

Synonyms: آباد ہونا, قیام کرنا"
"قیام کرنا","Translations:
EN: to stay / to halt / to reside / to stand up / to establish
AR: أَقَامَ / نَزَلَ / أَنْشَأَ
FR: séjourner / faire halte / résider / s'établir

Definition:
(EN) Compound verb meaning to stay at a place (hotel, camp) for a few days, or for an event to take place.

Example: ہم نے ہوٹل میں قیام کیا۔

Translation: We stayed (resided) in a hotel.

Root Word: Arabic 'qayām'.

Synonyms: ٹھہرنا, رکنا"
"راہ دیکھنا","Translations:
EN: to watch the path / to wait expectantly / to look forward to / to await
AR: اِنْتَظَرَ بِفَارِغِ الصَّبْر / تَرَقَّبَ
FR: attendre avec impatience / guetter / attendre quelqu'un

Definition:
(EN) Idiomatic compound verb expressing the act of waiting for someone with great longing and keeping one's eyes on the door or the road.

Example: ماں اپنے بیٹے کی راہ دیکھ رہی ہے۔

Translation: The mother is watching the path (waiting expectantly) for her son.

Root Word: Urdu 'rāh' (path) + 'dekhnā'.

Synonyms: انتظار کرنا, راستہ دیکھنا"
"تاخیر کرنا","Translations:
EN: to delay / to procrastinate / to be late / to stall
AR: أَخَّرَ / تَمَاطَلَ / أَبْطَأَ
FR: retarder / procrastiner / être en retard / temporiser

Definition:
(EN) Compound verb expressing the act of doing something later than planned or being slow in performing a task.

Example: کام مکمل کرنے میں تاخیر نہ کریں۔

Translation: Do not delay (procrastinate) in completing the work.

Root Word: Arabic 'tākheer'.

Synonyms: دیر کرنا, سستی کرنا"
"جلدی کرنا","Translations:
EN: to hurry / to make haste / to rush / to be quick
AR: أَسْرَعَ / اِسْتَعْجَلَ
FR: se dépêcher / se hâter / s'empresser / faire vite

Definition:
(EN) Compound verb expressing the act of moving or working fast to save time or to finish quickly.

Example: جلدی کرو، ٹرین چھوٹ جائے گی۔

Translation: Hurry up (make haste), the train will be missed.

Root Word: Urdu 'jaldī' + 'karnā'.

Synonyms: عجلت کرنا, شتابی کرنا"
"عجلت کرنا","Translations:
EN: to hasten / to act in a hurry / to precipitate / to be rash
AR: اِسْتَعْجَلَ / عَجَّلَ / تَهَوَّرَ
FR: se hâter / agir avec précipitation / précipiter / être téméraire

Definition:
(EN) Formal compound verb expressing the act of doing something very quickly, often without thinking properly (rashly).

Example: فیصلے میں عجلت کرنا ٹھیک نہیں۔

Translation: It is not right to hasten (act in a hurry) in making a decision.

Root Word: Arabic 'ʿajlat'.

Synonyms: شتابی کرنا, جلدی کرنا"
"لپکنا","Translations:
EN: to spring / to pounce / to rush / to flash (lightning) / to dart
AR: اِنْقَضَّ / اِنْدَفَعَ / لَمَعَ
FR: bondir / se ruer / foncer / jaillir / s'élancer

Definition:
(EN) Verb meaning to move suddenly and quickly toward something, like a player catching a ball or lightning flashing in the sky.

Example: وہ گیند پکڑنے کے لیے لپکا۔

Translation: He sprang (rushed) to catch the ball.

Root Word: Sanskrit 'lappa'.

Synonyms: جھپٹنا, تیزی سے بڑھنا"
"جھپٹنا","Translations:
EN: to pounce / to snatch / to swoop / to spring upon
AR: اِنْقَضَّ / اِخْتَطَفَ
FR: bondir sur / arracher / fondre sur / s'élancer

Definition:
(EN) Verb meaning to suddenly attack or grab something with force, like an eagle catching a fish or a thief snatching a bag.

Example: عقاب مچھلی پر جھپٹا۔

Translation: The eagle pounced (swooped) on the fish.

Root Word: Sanskrit 'jhapaṭa'.

Synonyms: چھیننا, حملہ کرنا"
"اغوا کرنا","Translations:
EN: to kidnap / to abduct / to hijack / to spirit away
AR: اِخْتَطَفَ
FR: enlever / kidnapper / détourner / escamoter

Definition:
(EN) Compound verb expressing the act of taking someone away by force and keeping them prisoner, often for money or political reasons.

Example: ڈاکوؤں نے بچے کو اغوا کر لیا۔

Translation: The dacoits kidnapped (abducted) the child.

Root Word: Arabic 'aghwā'.

Synonyms: اغوا کر لے جانا, اٹھا لے جانا"
"بازی لے جانا","Translations:
EN: to win the game / to surpass / to excel / to outdo / to carry the day
AR: فَازَ بِالمُبَارَاة / تَفَوَّقَ عَلَى
FR: remporter la partie / surpasser / exceller / l'emporter

Definition:
(EN) Idiomatic compound verb expressing the act of winning a competition or proving to be better than everyone else in a task.

Example: اس بار وہ سب سے بازی لے گیا۔

Translation: This time he surpassed (outdid) everyone.

Root Word: Persian 'bāzee' (game) + Urdu 'le jānā'.

Synonyms: جیتنا, سبقت لے جانا"
"ہار ماننا","Translations:
EN: to admit defeat / to give up / to surrender / to yield
AR: اِعْتَرَفَ بِالهَزِيمَة / اِسْتَسْلَمَ
FR: s'avouer vaincu / baisser les bras / se rendre / céder

Definition:
(EN) Compound verb expressing the act of accepting that you cannot win or finish a task and stopping the effort.

Example: بہادر کبھی ہار نہیں مانتا۔

Translation: A brave person never admits defeat (gives up).

Root Word: Urdu 'hār' + 'mānnā'.

Synonyms: ہتھیار ڈالنا, پیچھے ہٹنا"
"هتھيار ڈالنا","Translations:
EN: to lay down arms / to surrender / to give in / to capitulate
AR: أَلْقَى السِّلاح / اِسْتَسْلَمَ
FR: déposer les armes / se rendre / capituler

Definition:
(EN) Idiomatic compound verb expressing the act of an army or a person stopping a fight and handing over their weapons to the enemy.

Example: باغیوں نے فوج کے سامنے ہتھیار ڈال دیے۔

Translation: The rebels laid down their arms (surrendered) before the army.

Root Word: Urdu 'hathyār' (weapon) + 'ḍālnā'.

Synonyms: ہار ماننا, مغلوب ہونا"
"سرخرو ہونا","Translations:
EN: to be successful / to be honorable / to be acquitted / to come out with flying colors
AR: نَجَحَ بِتَفَوُّق / تَبَرَّأَ / نَالَ الشَّرَف
FR: réussir brillamment / être honoré / être acquitté / sortir la tête haute

Definition:
(EN) Idiomatic compound verb meaning to be successful in a difficult trial or task in a way that brings honor to your face (literally: making the face red/bright).

Example: وہ امتحان میں سرخرو ہوا۔

Translation: He was successful (came out with flying colors) in the exam.

Root Word: Persian 'surkh' (red) + 'roo' (face).

Synonyms: کامیاب ہونا, کامیاب و کامران ہونا"
"ناکام ہونا","Translations:
EN: to fail / to be unsuccessful / to fall through / to miscarry
AR: فَشَلَ / خَابَ أَمَلُهُ
FR: échouer / ne pas réussir / tomber à l'eau

Definition:
(EN) Compound verb expressing the state of not achieving a goal or a plan not working as intended.

Example: اس کا سارا منصوبہ ناکام ہو گیا۔

Translation: His entire plan failed (fell through).

Root Word: Persian 'nā-' (not) + 'kām' (work/desire).

Synonyms: نامراد ہونا, شکست کھانا"
"نامراد ہونا","Translations:
EN: to be disappointed / to be unsuccessful / to be hopeless / to be unlucky
AR: خَابَ مَسْعَاه / شَقِيَ / حُرِمَ
FR: être déçu / être malheureux / être malchanceux

Definition:
(EN) Formal compound verb expressing the state of someone whose desires or goals were not fulfilled, leaving them in a state of misery.

Example: وہ اپنی محبت میں نامراد رہا۔

Translation: He remained unsuccessful (disappointed) in his love.

Root Word: Persian 'nā-' + Arabic 'murād'.

Synonyms: ناکام ہونا, مایوس ہونا"
"مایوس ہونا","Translations:
EN: to be despondent / to despair / to be hopeless / to lose heart
AR: يَئِسَ / قَنَطَ
FR: se désespérer / être découragé / perdre espoir

Definition:
(EN) Compound verb expressing a deep state of sadness where a person believes that nothing good will ever happen.

Example: اللہ کی رحمت سے مایوس نہ ہو۔

Translation: Do not despair (be hopeless) of the mercy of Allah.

Root Word: Arabic 'māyoos'.

Synonyms: ناامید ہونا, دل چھوڑنا"
"امید رکھنا","Translations:
EN: to hope / to expect / to have faith / to look forward
AR: رَجَا / أَمَلَ / تَوَقَّعَ
FR: espérer / s'attendre à / avoir foi / avoir de l'espoir

Definition:
(EN) Compound verb expressing the positive feeling that what you want will happen or that the future will be good.

Example: ہمیشہ اچھے کی امید رکھو۔

Translation: Always hope (expect) for the best.

Root Word: Persian 'umeed' + Urdu 'rakhnā'.

Synonyms: آس لگانا, بھروسہ رکھنا"
"توکل کرنا","Translations:
EN: to trust / to rely (on God) / to surrender to fate / to have absolute faith
AR: تَوَكَّلَ عَلَى اللَّه
FR: s'en remettre à Dieu / avoir une confiance absolue / se fier à

Definition:
(EN) Formal compound verb expressing the act of leaving the results of your work to God and being at peace with whatever happens.

Example: محنت کرو اور اللہ پر توکل کرو۔

Translation: Work hard and trust (rely on God).

Root Word: Arabic 'tawakkul'.

Synonyms: بھروسہ کرنا, ایمان لانا"
"شکر کرنا","Translations:
EN: to give thanks / to be grateful / to appreciate / to thank God
AR: شَكَرَ / حَمِدَ اللَّه
FR: remercier / être reconnaissant / rendre grâce

Definition:
(EN) Compound verb expressing the act of feeling and saying thank you to a person or to God for a favor or a blessing.

Example: ہر حال میں اللہ کا شکر کرنا چاہیے۔

Translation: One should give thanks (be grateful) to Allah in every condition.

Root Word: Arabic 'shukr'.

Synonyms: احسان ماننا, حمد کرنا"
"صبر کرنا","Translations:
EN: to be patient / to endure / to persevere / to restrain oneself
AR: صَبَرَ / تَحَمَّلَ / اِصْطَبَرَ
FR: patienter / endurer / persévérer / se retenir

Definition:
(EN) Compound verb expressing the act of staying calm and strong during a difficult time or when someone treats you badly.

Example: مصیبت میں صبر کرنا اجر کا باعث ہے۔

Translation: To be patient (endure) in trouble leads to a reward.

Root Word: Arabic 'ṣabr'.

Synonyms: برداشت کرنا, تحمل کرنا"
"قناعت کرنا","Translations:
EN: to be content / to be satisfied / to live within means / to be frugal
AR: قَنَعَ / اِسْتَغْنَى بِمَا لَدَيْه
FR: se contenter de / être satisfait / vivre sobrement

Definition:
(EN) Formal compound verb expressing the act of being happy with the little you have and not desiring more than you need.

Example: درویش اپنی تھوڑی سی چیز پر بھی قناعت کرتا ہے۔

Translation: The dervish is content (satisfied) even with his small possession.

Root Word: Arabic 'qanāʿat'.

Synonyms: صبر شکر کرنا, راضی ہونا"
"توفیق پانا","Translations:
EN: to get the divine grace / to be enabled / to get the opportunity (from God) / to succeed
AR: وُفِّقَ / نَالَ التَّوْفِيق
FR: recevoir la grâce divine / avoir l'opportunité / être favorisé

Definition:
(EN) Formal compound verb expressing the state of being given the spiritual power and the chance by God to do a good deed.

Example: اسے حج کرنے کی توفیق ملی۔

Translation: He got the divine grace (opportunity) to perform Hajj.

Root Word: Arabic 'taufeeq'.

Synonyms: ہمت پانا, موقع ملنا"
"فیض پانا","Translations:
EN: to receive benefit / to receive grace / to be blessed / to gain bounty
AR: اِسْتَفَادَ / نَالَ البَرَكَة / فَاضَ عَلَيْهِ
FR: bénéficier de / recevoir la grâce / être béni

Definition:
(EN) Poetic and formal compound verb expressing the act of receiving spiritual or physical benefits from a saint, a teacher, or God.

Example: مرید نے پیر سے فیض پایا۔

Translation: The disciple received benefit (grace) from the saint.

Root Word: Arabic 'faiẓ'.

Synonyms: فائدہ اٹھانا, برکت پانا"
"برکت پانا","Translations:
EN: to receive blessing / to prosper / to have abundance / to be sanctified
AR: نَالَ البَرَكَة / بُورِكَ لَهُ
FR: être béni / prospérer / abonder / être sanctifié

Definition:
(EN) Compound verb expressing the state of having a blessing in one's wealth, time, or family so that it increases and lasts long.

Example: سچ بولنے سے رزق میں برکت پاتے ہیں۔

Translation: By speaking the truth, people receive blessing (abundance) in their livelihood.

Root Word: Arabic 'barkat'.

Synonyms: پھلنا پھولنا, فیض یاب ہونا"
"تکمیل پانا","Translations:
EN: to be completed / to be finalized / to be perfected / to reach fulfillment
AR: تَمَّ / اِكْتَمَلَ / بَلَغَ التَّمَام
FR: être achevé / être finalisé / être perfectionné / s'accomplir

Definition:
(EN) Formal compound verb expressing the state of a long process, a building, or a book reaching its final and perfect stage.

Example: یہ نصاب آج تکمیل پاتا ہے۔

Translation: This curriculum reaches completion (is finalized) today.

Root Word: Arabic 'takmeel'.

Synonyms: ختم ہونا, پورا ہونا"
"مات دینا","Translations:
EN: to checkmate / to defeat / to outwit / to surpass
AR: غَلَبَ / هَزَمَ / تَفَوَّقَ عَلَى
FR: faire échec et mat / vaincre / surpasser / l'emporter

Definition:
(EN) Compound verb expressing the act of putting an opponent in a position where they cannot move or win, like in chess or a political argument.

Example: اس نے اپنی چالاک سیاست سے سب کو مات دے دی۔

Translation: He outwitted (checkmated) everyone with his clever politics.

Root Word: Persian 'māt' + Urdu 'denā'.

Synonyms: ہرانا, نیچا دکھانا"
"بچھاڑنا","Translations:
EN: to floor / to dash down / to overthrow / to knock down
AR: صَرَعَ / طَرَحَ أَرْضًا
FR: terrasser / jeter à terre / renverser

Definition:
(EN) Verb meaning to throw someone to the ground with great force, often used in wrestling or in a physical fight.

Example: پہلوان نے اپنے حریف کو ایک ہی وار میں بچھاڑ دیا۔

Translation: The wrestler floored (knocked down) his opponent in a single blow.

Root Word: Sanskrit 'vichhāḍa'.

Synonyms: پٹخنا, گرانا"
"روندنا","Translations:
EN: to trample / to crush / to tread under foot / to devastate
AR: دَاسَ / سَحَقَ / دَهَسَ
FR: piétiner / écraser / fouler aux pieds / ravager

Definition:
(EN) Verb meaning to step on something with great weight and destroy it, like an elephant walking over crops or a cruel ruler treating his people like dirt.

Example: ہاتھی نے ساری فصل روند ڈالی۔

Translation: The elephant trampled (crushed) the entire crop.

Root Word: Sanskrit 'runda'.

Synonyms: کچلنا, پاؤں تلے دبانا"
"کچلنا","Translations:
EN: to crush / to bruise / to suppress / to squash
AR: سَحَقَ / قَمَعَ / هَرَسَ
FR: écraser / meurtrir / réprimer / broyer

Definition:
(EN) Verb meaning to press something hard so that its shape is ruined, or figuratively to stop a rebellion or a movement by force.

Example: حکومت نے بغاوت کو سختی سے کچل دیا۔

Translation: The government suppressed (crushed) the rebellion with severity.

Root Word: Sanskrit 'kuchala'.

Synonyms: دبانا, پاش پاش کرنا"
"دبوچنا","Translations:
EN: to pounce / to seize / to throttle / to grab (by the neck)
AR: اِنْقَضَّ عَلَى / خَنَقَ / أَمْسَكَ بِقُوَّة
FR: bondir sur / saisir / étrangler / empoigner

Definition:
(EN) Verb meaning to suddenly grab something or someone with great force, often by the throat or in a way that prevents them from escaping.

Example: چیتے نے ہرن کو دبوچ لیا۔

Translation: The leopard pounced on (seized) the deer.

Root Word: Urdu origin.

Synonyms: پکڑنا, جھپٹنا"
"جکڑنا","Translations:
EN: to bind / to tighten / to clinch / to clasp firmly
AR: قَيَّدَ / أَوْثَقَ / رَبَطَ بِإِحْكَام
FR: lier / serrer / étreindre / attacher fermement

Definition:
(EN) Verb meaning to tie something or someone so tightly that they cannot move even an inch.

Example: زنجیروں نے اسے جکڑ رکھا تھا۔

Translation: The chains had bound (clinched) him tightly.

Root Word: Sanskrit 'jakaḍa'.

Synonyms: باندھنا, جکڑ لینا"
"کسنا","Translations:
EN: to tighten / to brace / to test (on a touchstone) / to stretch
AR: شَدَّ / اِخْتَبَرَ / مَطَّ
FR: serrer / tendre / éprouver (à la pierre de touche) / étirer

Definition:
(EN) Verb meaning to make a rope or a belt tighter, or figuratively to test the purity of gold or the quality of a person.

Example: گھوڑے کی زین کس دو۔

Translation: Tighten (brace) the saddle of the horse.

Root Word: Sanskrit 'kaṣa'.

Synonyms: کھینچنا, مضبوط کرنا"
"ڈھیلا کرنا","Translations:
EN: to loosen / to relax / to slacken / to soften
AR: أَرْخَى / سَهَّلَ / رَخَّى
FR: desserrer / relâcher / détendre / amollir

Definition:
(EN) Compound verb expressing the act of making a tight knot, a string, or a strict law less tight.

Example: رسی کو تھوڑا ڈھیلا کر دو۔

Translation: Loosen (slacken) the rope a little bit.

Root Word: Urdu 'ḍheela' + 'karnā'.

Synonyms: کھولنا, نرم کرنا"
"وا کرنا","Translations:
EN: to open / to unlock / to disclose / to reveal (a secret)
AR: فَتَحَ / كَشَفَ / أَظْهَرَ
FR: ouvrir / déverrouiller / divulguer / révéler

Definition:
(EN) Formal compound verb meaning to open a door or a heart, or to reveal a truth that was hidden.

Example: اپنی آنکھیں وا کرو اور حقیقت دیکھو۔

Translation: Open (unlock) your eyes and see the reality.

Root Word: Persian 'wā' + Urdu 'karnā'.

Synonyms: کھولنا, ظاہر کرنا"
"اجاگر کرنا","Translations:
EN: to highlight / to bring to light / to manifest / to make prominent
AR: أَبْرَزَ / سَلَّطَ الضَّوْءَ عَلَى / جَلَّى
FR: mettre en évidence / mettre en lumière / manifester / rendre proéminent

Definition:
(EN) Compound verb expressing the act of making a point, a hidden talent, or a fact clearly visible to everyone.

Example: ادیب نے معاشرے کی برائیوں کو اجاگر کیا۔

Translation: The writer highlighted (brought to light) the evils of society.

Root Word: Sanskrit 'ujāgara' (awake/bright).

Synonyms: نمایاں کرنا, واضح کرنا"
"پوشیدہ رکھنا","Translations:
EN: to keep hidden / to conceal / to keep secret / to mask
AR: أَخْفَى / كَتَمَ / سَتَرَ
FR: garder caché / dissimuler / tenir secret / masquer

Definition:
(EN) Compound verb expressing the intentional act of not letting anyone see an object or know a piece of information.

Example: ہمیں اپنی نیکیوں کو پوشیدہ رکھنا چاہیے۔

Translation: We should keep our good deeds hidden (concealed).

Root Word: Persian 'posheeda' + Urdu 'rakhnā'.

Synonyms: چھپانا, پردہ ڈالنا"
"راز رکھنا","Translations:
EN: to keep a secret / to be confidential / to suppress (information)
AR: كَتَمَ السِّر / حَفِظَ السِّر
FR: garder un secret / être confidentiel / taire

Definition:
(EN) Compound verb expressing the act of not telling anyone else a piece of information that was shared with you in trust.

Example: وہ اپنا ہر راز سینے میں دفن رکھتا ہے۔

Translation: He keeps every secret of his buried in his chest.

Root Word: Persian 'rāz' + Urdu 'rakhnā'.

Synonyms: بات پی جانا, چھپانا"
"افشا کرنا","Translations:
EN: to reveal / to disclose / to expose (a secret) / to proclaim
AR: كَشَفَ / أَفْشَى (السِّر)
FR: révéler / divulguer / exposer (un secret) / proclamer

Definition:
(EN) Formal compound verb expressing the act of making a hidden secret or a conspiracy known to the public.

Example: اس نے تمام سازش افشا کر دی۔

Translation: He revealed (exposed) the entire conspiracy.

Root Word: Arabic 'ifshā'.

Synonyms: ظاہر کرنا, بتانا"
"پردہ فاش کرنا","Translations:
EN: to expose / to unmask / to reveal a fault / to blow someone's cover
AR: كَشَفَ الغِطَاء / فَضَحَ
FR: démasquer / dévoiler / révéler une faute / griller la couverture

Definition:
(EN) Idiomatic compound verb expressing the act of showing the world someone's real, often bad, character by removing the curtain of their lies.

Example: پولیس نے مجرم کا پردہ فاش کر دیا۔

Translation: The police exposed (unmasked) the criminal.

Root Word: Persian 'parda' + 'fāsh'.

Synonyms: بھانڈا پھوڑنا, رسوا کرنا"
"رسوا کرنا","Translations:
EN: to disgrace / to dishonor / to defame / to humiliate publicly
AR: أَهَانَ / فَضَحَ / أَذَلَّ
FR: déshonorer / diffamer / humilier publiquement / bafouer

Definition:
(EN) Compound verb expressing the act of ruining someone's reputation and making them feel ashamed in front of everyone.

Example: کسی کو بھرے مجمع میں رسوا کرنا غلط ہے۔

Translation: It is wrong to disgrace (humiliate) anyone in a full gathering.

Root Word: Persian 'ruswā'.

Synonyms: ذلیل کرنا, بدنام کرنا"
"کوسنا","Translations:
EN: to curse / to abuse / to vituperate / to reprove
AR: سَبَّ / شَتَمَ / لَعَنَ
FR: maudire / injurier / vitupérer / réprimander

Definition:
(EN) Verb meaning to say bad words to someone because you are angry, or to wish for bad luck to happen to them.

Example: وہ ہر وقت اپنی قسمت کو کوستی رہتی ہے۔

Translation: She keeps cursing (reproving) her fate all the time.

Root Word: Sanskrit 'krosha'.

Synonyms: برا بھلا کہنا, بد دعا دینا"
"بد دعا دینا","Translations:
EN: to curse / to imprecate / to pray for someone's ruin
AR: دَعَا عَلَى
FR: maudire / souhaiter le malheur / impréquer

Definition:
(EN) Compound verb expressing the act of asking God to punish someone or bring disaster upon them.

Example: مظلوم کی بد دعا سے ڈرو۔

Translation: Fear the curse (imprecation) of the oppressed.

Root Word: Persian 'bad' + Arabic 'duʿā'.

Synonyms: کوسنا, لعنت بھیجنا"
"دعا دینا","Translations:
EN: to bless / to pray for / to give a blessing / to wish well
AR: دَعَا لَهُ / بَارَكَ
FR: bénir / prier pour quelqu'un / donner une bénédiction

Definition:
(EN) Compound verb expressing the act of asking God to give someone happiness, health, or success.

Example: فقیر نے اسے ڈھیروں دعائیں دیں۔

Translation: The beggar gave him many blessings (prayed for him).

Root Word: Arabic 'duʿā' + Urdu 'denā'.

Synonyms: برکت کی دعا کرنا, خیر چاہنا"
"نوازنا","Translations:
EN: to cherish / to comfort / to favor / to grace / to bestow a gift
AR: أَكْرَمَ / تَفَضَّلَ عَلَى / أَنْعَمَ
FR: chérir / réconforter / favoriser / honorer / gratifier

Definition:
(EN) Formal verb meaning to treat someone with great kindness or to give them a high honor or a valuable gift, often used for kings or God.

Example: بادشاہ نے شاعر کو انعام سے نوازا۔

Translation: The king favored (graced) the poet with a prize.

Root Word: Persian 'nawāz'.

Synonyms: عزت دینا, عطا کرنا"
"برافروختہ ہونا","Translations:
EN: to be inflamed / to be enraged / to be provoked / to flare up
AR: اِسْتَشَاطَ غَضَبًا / اِلْتَهَبَ
FR: être enflammé / être enragé / être provoqué / s'emporter

Definition:
(EN) Formal compound verb expressing the state of becoming extremely angry and red in the face, as if a fire has been lit inside.

Example: وہ معمولی بات پر برافروختہ ہو گیا۔

Translation: He became enraged (inflamed) over a trivial matter.

Root Word: Persian 'bar' + 'afrokhta' (lit/ignited).

Synonyms: آگ بگولا ہونا, شدید غصے میں آنا"
"آگ بگولا ہونا","Translations:
EN: to be furious / to be extremely angry / to seethe with rage / to be a ball of fire
AR: اِحْمَرَّ مِنَ الغَضَب / ثارَ ثَائِرُهُ
FR: être furieux / être hors de soi / bouillir de rage

Definition:
(EN) Idiomatic compound verb expressing the highest level of anger where a person loses control and looks like they might explode.

Example: بیٹے کی جھوٹ پر باپ آگ بگولا ہو گیا۔

Translation: The father became furious (seethed with rage) at the son's lie.

Root Word: Urdu 'āg' (fire) + 'bagolā' (whirlwind).

Synonyms: تیش میں آنا, غصے سے لال ہونا"
"غصہ پینا","Translations:
EN: to suppress anger / to swallow one's pride / to restrain oneself / to bottle up rage
AR: كَظَمَ الغَيْظ
FR: refouler sa colère / ravaler sa fierté / se retenir / contenir sa rage

Definition:
(EN) Idiomatic compound verb meaning to feel very angry but choosing not to show it and staying quiet instead.

Example: طاقتور وہی ہے جو غصہ پینا جانتا ہو۔

Translation: The powerful one is he who knows how to suppress (swallow) his anger.

Root Word: Urdu 'ghuṣṣa' + 'peenā' (to drink).

Synonyms: ضبط کرنا, پی جانا"
"درگزر کرنا","Translations:
EN: to overlook / to excuse / to forgive / to pass over / to ignore (a fault)
AR: صَفَحَ / تَغَاضَى عَنْ
FR: fermer les yeux sur / excuser / pardonner / ignorer (une faute)

Definition:
(EN) Compound verb expressing the act of seeing someone's mistake but deciding not to punish them or mention it.

Example: چھوٹوں کی غلطیوں سے درگزر کرنا چاہیے۔

Translation: One should overlook (excuse) the mistakes of the youngsters.

Root Word: Persian 'dar' + 'guzar'.

Synonyms: معاف کرنا, نظر انداز کرنا"
"بخشش کرنا","Translations:
EN: to bestow / to give / to forgive (sins) / to grant pardon
AR: وَهَبَ / غَفَرَ / صَفَحَ
FR: accorder / donner / pardonner (les péchés) / gracier

Definition:
(EN) Compound verb expressing the act of giving a gift or, more commonly, for God to forgive a person's sins on the Day of Judgment.

Example: اللہ سب کے گناہوں کی بخشش کرے۔

Translation: May Allah grant pardon (forgive the sins) for everyone.

Root Word: Persian 'bakhshish'.

Synonyms: معافی دینا, عطا کرنا"
"گناہ کرنا","Translations:
EN: to sin / to commit a crime / to do wrong / to transgress
AR: أَذْنَبَ / اِرْتَكَبَ إِثْمًا
FR: pécher / commettre un crime / mal agir / transgresser

Definition:
(EN) Compound verb expressing the act of breaking a religious law or doing something that is morally wrong.

Example: جانتے بوجھتے گناہ کرنا بڑی نادانی ہے۔

Translation: It is great foolishness to sin (transgress) knowingly.

Root Word: Persian 'gunāh' + Urdu 'karnā'.

Synonyms: خطا کرنا, جرم کرنا"
"توبہ کرنا","Translations:
EN: to repent / to vow to sin no more / to recant / to ask for forgiveness
AR: تَابَ / اِسْتَغْفَرَ
FR: se repentir / jurer de ne plus pécher / abjurer / demander pardon

Definition:
(EN) Compound verb expressing the act of feeling sorry for a sin and promising God never to do it again.

Example: اس نے اپنے پچھلے گناہوں سے سچی توبہ کی۔

Translation: He sincerely repented (asked for forgiveness) for his past sins.

Root Word: Arabic 'tauba'.

Synonyms: معافی مانگنا, رجوع کرنا"
"رجوع کرنا","Translations:
EN: to turn back / to refer / to consult / to return (to God) / to appeal
AR: رَجَعَ / رَاجَعَ / أَنَابَ
FR: se retourner / se référer / consulter / revenir (à Dieu) / faire appel

Definition:
(EN) Formal compound verb meaning to look at a book for information, to contact someone for help, or for a heart to turn back toward God.

Example: مشکل وقت میں صرف خدا کی طرف رجوع کریں۔

Translation: In difficult times, only return (turn back) toward God.

Root Word: Arabic 'rujooʿ'.

Synonyms: رجوع لانا, رابطہ کرنا"
"مائل ہونا","Translations:
EN: to be inclined / to be leaning / to be prone / to be attracted / to be disposed
AR: مَالَ إِلَى / اِنْحَازَ
FR: être enclin / pencher / être enclin à / être attiré / être disposé

Definition:
(EN) Compound verb expressing the state of one's mind or heart starting to like something or moving in a certain direction.

Example: وہ نیکی کی طرف مائل ہو رہا ہے۔

Translation: He is becoming inclined (attracted) toward goodness.

Root Word: Arabic 'mā-il' + Urdu 'honā'.

Synonyms: راغب ہونا, جھکنا"
"راغب ہونا","Translations:
EN: to be inclined / to be desirous / to be attracted / to be interested
AR: رَغِبَ فِي / اِنْجَذَبَ
FR: être enclin / être désireux / être attiré / être intéressé

Definition:
(EN) Formal compound verb expressing a strong desire or a natural attraction toward an idea, a person, or a path of life.

Example: لوگ اس کی باتوں کی طرف راغب ہو گئے۔

Translation: People became attracted (interested) toward his words.

Root Word: Arabic 'rāghib'.

Synonyms: مائل ہونا, رغبت رکھنا"
"گریز کرنا","Translations:
EN: to avoid / to shun / to evade / to abstain / to escape
AR: تَجَنَّبَ / اِعْتَزَلَ / هَرَبَ مِن
FR: éviter / fuir / éluder / s'abstenir / s'échapper

Definition:
(EN) Formal compound verb expressing the act of staying away from a person, a place, or a bad habit.

Example: ہمیں بری صحبت سے گریز کرنا چاہیے۔

Translation: We should avoid (shun) bad company.

Root Word: Persian 'gureez'.

Synonyms: بچنا, پرہیز کرنا"
"اجتناب کرنا","Translations:
EN: to abstain / to avoid / to refrain / to shun
AR: اِجْتَنَبَ / تَنَزَّهَ عَنْ
FR: s'abstenir / éviter / s'écarter de / fuir

Definition:
(EN) Formal compound verb expressing the act of staying away from something bad, illegal, or harmful for moral or legal reasons.

Example: جھوٹ سے اجتناب کرنا فرض ہے۔

Translation: It is an obligation to abstain (refrain) from lying.

Root Word: Arabic 'ijtināb'.

Synonyms: پرہیز کرنا, گریز کرنا"
"پرہیز کرنا","Translations:
EN: to abstain / to diet / to take care / to avoid (for health)
AR: حَمَى / اِمْتَنَعَ عَن
FR: s'abstenir / faire diète / prendre soin / éviter (pour la santé)

Definition:
(EN) Compound verb used for staying away from certain foods when sick (dieting) or staying away from bad habits for one's well-being.

Example: بیمار کو چکنائی سے پرہیز کرنا چاہیے۔

Translation: The sick person should abstain (diet) from oily food.

Root Word: Persian 'parhez'.

Synonyms: بچنا, پرہیز کرنا"
"ضبط کرنا","Translations:
EN: to control / to restrain / to confiscate / to seize (property)
AR: ضَبَطَ / كَبَتَ / صَادَرَ
FR: contrôler / réprimer / confisquer / saisir (propriété)

Definition:
(EN) Compound verb expressing the act of keeping your feelings (like tears or anger) inside, or for a government to officially take away someone's land or money.

Example: اس نے اپنے آنسو ضبط کر لیے۔

Translation: He controlled (restrained) his tears.

Root Word: Arabic 'zabṭ'.

Synonyms: روکنا, قرق کرنا"
"برداشت کرنا","Translations:
EN: to endure / to bear / to tolerate / to sustain
AR: تَحَمَّلَ / صَبَرَ عَلَى / طَاقَ
FR: endurer / supporter / tolérer / soutenir

Definition:
(EN) Compound verb expressing the act of suffering through pain, a bad person, or a difficult situation without complaining.

Example: میں اب یہ ظلم برداشت نہیں کر سکتا۔

Translation: I cannot endure (bear) this oppression anymore.

Root Word: Persian 'bardāsht' + Urdu 'karnā'.

Synonyms: سہارنا, جھیلنا"
"سہارنا","Translations:
EN: to support / to sustain / to endure / to prop up
AR: سَنَدَ / دَعَمَ / عَالَ
FR: soutenir / entretenir / endurer / étayer

Definition:
(EN) Verb meaning to give physical support to a wall or a person, or to bear the weight of a difficult time with patience.

Example: اس نے بڑی ہمت سے یہ دکھ سہارا۔

Translation: He supported (endured) this sorrow with great courage.

Root Word: Sanskrit 'sahāra'.

Synonyms: سہارا دینا, برداشت کرنا"
"جھیلنا","Translations:
EN: to suffer / to endure / to undergo / to weather (a storm)
AR: عَانَى / قَاسَى / كَابَدَ
FR: souffrir / endurer / subir / affronter (une tempête)

Definition:
(EN) Verb expressing the act of going through a long period of trouble or pain, often used for natural disasters or long illnesses.

Example: غریبوں نے بڑی مشکلیں جھیلی ہیں۔

Translation: The poor have suffered (endured) great hardships.

Root Word: Sanskrit 'jhellana'.

Synonyms: بھگتنا, برداشت کرنا"
"بھگتنا","Translations:
EN: to suffer / to pay for (a mistake) / to settle (a matter) / to enjoy (ironically)
AR: دَفَعَ الثَّمَن / عُوقِبَ / سَوَّى
FR: souffrir / payer pour (une erreur) / régler (une affaire)

Definition:
(EN) Verb expressing the act of facing the consequences of one's actions, or finishing a long, tiring task.

Example: اب تم اپنے کیے کا نتیجہ بھگتو۔

Translation: Now suffer (pay for) the consequences of your deeds.

Root Word: Sanskrit 'bhoga' (enjoyment/experience).

Synonyms: جھیلنا, پورا کرنا"
"نباہنا","Translations:
EN: to maintain / to carry on / to manage / to get along / to fulfill (a promise)
AR: أَدَامَ / أَنْجَزَ / تَعَايَشَ مَع
FR: maintenir / poursuivre / gérer / s'entendre avec / accomplir (une promesse)

Definition:
(EN) Verb meaning to continue a relationship or a duty until the end, often despite difficulties.

Example: دوستی کرنا آسان ہے پر نباہنا مشکل۔

Translation: Making a friendship is easy, but maintaining (carrying it on) is difficult.

Root Word: Sanskrit 'nirvāha'.

Synonyms: نباہ کرنا, پورا کرنا"
"گزارنا","Translations:
EN: to pass (time) / to live / to spend / to submit / to cause to go by
AR: أَمْضَى / قَضَى (الوَقْت) / عَرَضَ
FR: passer (le temps) / vivre / dépenser / soumettre

Definition:
(EN) Verb meaning to spend days, months, or years in a certain way, or to formally present a document to an office.

Example: اس نے اپنی زندگی سادگی میں گزاری۔

Translation: He passed (spent) his life in simplicity.

Root Word: Persian 'guzār' + Urdu 'nā'.

Synonyms: بسر کرنا, پیش کرنا"
"بسر کرنا","Translations:
EN: to pass (time) / to live / to complete / to finish
AR: قَضَى / عَاشَ / أَتَمَّ
FR: passer (le temps) / vivre / achever / finir

Definition:
(EN) Compound verb expressing the act of living one's life or finishing a period of time, often used in formal writing.

Example: ہم امن و سکون سے زندگی بسر کرنا چاہتے ہیں۔

Translation: We want to pass (live) our life in peace and quiet.

Root Word: Persian 'basar' (end) + Urdu 'karnā'.

Synonyms: گزارنا, پوری کرنا"
"رکنا","Translations:
EN: to stop / to stay / to wait / to be hindered
AR: تَوَقَّفَ / بَقِيَ / تَعَطَّلَ
FR: s'arrêter / rester / attendre / être gêné

Definition:
(EN) Verb meaning to not move anymore, to wait for someone at a place, or for a process to be blocked.

Example: بارش کی وجہ سے وہ گھر پر ہی رک گیا۔

Translation: He stayed (waited) at home because of the rain.

Root Word: Sanskrit 'rukkha'.

Synonyms: ٹھہرنا, رک جانا"
"تھمنا","Translations:
EN: to stop / to cease / to be supported / to be steady
AR: تَوَقَّفَ / اِنْقَطَعَ (المَطَر) / ثَبَتَ
FR: s'arrêter / cesser / être soutenu / être stable

Definition:
(EN) Verb specifically used for rain, tears, or a storm stopping, or for a falling building to be propped up.

Example: اب طوفان تھم چکا ہے۔

Translation: Now the storm has stopped (ceased).

Root Word: Sanskrit 'stambha'.

Synonyms: رکنا, ٹھہرنا"
"ٹلنا","Translations:
EN: to pass away / to be postponed / to move / to be avoided (danger)
AR: مَرَّ / اِنْجَلَى / تَأَجَّلَ
FR: passer / être reporté / bouger / être évité (danger)

Definition:
(EN) Verb expressing the state of a danger, a headache, or a difficult time finally going away, or an event being moved to a later date.

Example: شکر ہے مصیبت ٹل گئی۔

Translation: Thank God, the trouble has passed away (been avoided).

Root Word: Sanskrit 'ṭalla'.

Synonyms: دور ہونا, ہٹنا"
"ٹالنا","Translations:
EN: to postpone / to avoid / to evade / to put off / to ward off
AR: أَجَّلَ / تَمَاطَلَ / دَفَعَ
FR: reporter / éviter / éluder / différer / repousser

Definition:
(EN) Verb meaning to move a meeting to another day, to avoid answering a direct question, or to prevent a disaster from happening.

Example: آج کا کام کل پر نہ ٹالو۔

Translation: Do not postpone (put off) today's work until tomorrow.

Root Word: Sanskrit 'ṭalla'.

Synonyms: ملتوی کرنا, دفع کرنا"
"بہلانا","Translations:
EN: to amuse / to divert / to entertain / to console
AR: سَلَّى / هَيَّأَ / شَغَلَ
FR: amuser / divertir / entretenir / consoler

Definition:
(EN) Verb meaning to make a child or a sad person happy by playing with them or showing them something interesting to take their mind off their pain.

Example: رونے والے بچے کو کھلونے سے بہلاؤ۔

Translation: Amuse (divert) the crying child with a toy.

Root Word: Sanskrit 'bahalā'.

Synonyms: دل بہلانا, تسلی دینا"
"ریجھنا","Translations:
EN: to be delighted / to be pleased / to be fascinated / to fall in love
AR: اِبْتَهَجَ / اِفْتَتَنَ بِـ / أُعْجِبَ
FR: être ravi / être enchanté / être fasciné / tomber amoureux

Definition:
(EN) Verb expressing the act of being extremely happy and captivated by someone's beauty, a song, or a beautiful scene.

Example: وہ اس کی آواز پر ریجھ گیا۔

Translation: He was fascinated (delighted) by her voice.

Root Word: Sanskrit 'ranjita'.

Synonyms: خوش ہونا, لٹو ہونا"
"للچانا","Translations:
EN: to covet / to long for / to entice / to tempt / to be greedy
AR: طَمَعَ فِي / أَغْوَى / تَمَنَّى
FR: convoiter / désirer ardemment / séduire / tenter / être avide

Definition:
(EN) Verb meaning to strongly desire something that belongs to someone else, or to show something to someone to make them want it (entice).

Example: مٹھائی دیکھ کر بچے کا جی للچایا۔

Translation: The child's heart coveted (was tempted) upon seeing the sweets.

Root Word: Sanskrit 'lālitya'.

Synonyms: جی للچانا, طمع کرنا"
"ترسنا","Translations:
EN: to long / to yearn / to pity / to be deprived of / to desire intensely
AR: تَاقَ إِلَى / رَحِمَ / اِشْتَاقَ
FR: languir / soupirer après / avoir pitié / être privé de / désirer intensément

Definition:
(EN) Verb meaning to wait for something for a very long time with great pain, or to feel sorry for someone's condition.

Example: وہ برسوں سے بارش کو ترس رہے ہیں۔

Translation: They have been yearning (longing) for rain for years.

Root Word: Sanskrit 'tarṣa'.

Synonyms: تڑپنا, آرزو کرنا"
"سسکنا","Translations:
EN: to sob / to gasp / to breathe hard / to be in agony
AR: نَشَجَ / تَنَفَّسَ بِصُعُوبَة
FR: sangloter / haleter / respirer difficilement / être à l'agonie

Definition:
(EN) Verb expressing the act of crying quietly with short gasps, or the difficult breathing of someone who is very ill or dying.

Example: بچہ درد کی وجہ سے سسک رہا تھا۔

Translation: The child was sobbing (gasping) because of the pain.

Root Word: Onomatopoeia.

Synonyms: سسکیاں بھرنا, ہچکیاں لینا"
"بلکنا","Translations:
EN: to sob violently / to weep bitterly / to wail / to lament
AR: اِنْتَحَبَ / بَكَى مَرَارَةً
FR: sangloter violemment / pleurer amèrement / gémir / se lamenter

Definition:
(EN) Verb meaning to cry very loudly and with great pain, often used for a child who has lost its mother or a person in extreme grief.

Example: وہ اپنی ماں کی یاد میں بلک بلک کر رویا۔

Translation: He sobbed violently (wept bitterly) in the memory of his mother.

Root Word: Sanskrit 'vilapana'.

Synonyms: زار و قطار رونا, دہائیاں دینا"
"تلملانا","Translations:
EN: to be agitated / to be restless / to toss about (in pain) / to writhe
AR: اِضْطَرَبَ / تَلَوَّى (مِنَ الأَلَم)
FR: être agité / être inquiet / se tordre (de douleur) / s'agiter

Definition:
(EN) Verb expressing the state of a person who cannot stay still because of physical pain, extreme anger, or a stinging feeling.

Example: وہ غصے کے مارے تلملا اٹھا۔

Translation: He became agitated (restless) out of anger.

Root Word: Urdu origin.

Synonyms: تڑپنا, بے چین ہونا"
"سٹپٹانا","Translations:
EN: to be confounded / to be staggered / to be nonplussed / to be flurried
AR: ذُهِلَ / اِرْتَبَكَ / بَهَتَ
FR: être confondu / être stupéfait / être déconcerté / s'affoler

Definition:
(EN) Verb expressing the state of being suddenly confused and not knowing what to say or do when caught in a lie or a surprise.

Example: اچانک پکڑے جانے پر وہ سٹپٹا گیا۔

Translation: He was confounded (nonplussed) upon being caught suddenly.

Root Word: Urdu origin.

Synonyms: ہکا بکا ہونا, گھبرانا"
"ہکا بکا ہونا","Translations:
EN: to be thunderstruck / to be amazed / to be confused / to be speechless
AR: اِنْدَهَشَ / مَبْهُوت / حَارَ
FR: être foudroyé / être étonné / être confus / être sans voix

Definition:
(EN) Idiomatic compound verb expressing a state of extreme shock where a person's mouth stays open and they cannot speak.

Example: شیر کو سامنے دیکھ کر وہ ہکا بکا رہ گیا۔

Translation: He was thunderstruck (amazed) to see the lion in front of him.

Root Word: Urdu origin.

Synonyms: حیران و پریشان ہونا, سٹپٹانا"
"چونکنا","Translations:
EN: to startle / to wake up suddenly / to be alert / to jump (in surprise)
AR: جَفَلَ / اِسْتَيْقَظَ فَجْأَةً / اِنْتَبَهَ
FR: sursauter / se réveiller brusquement / être vigilant / bondir (de surprise)

Definition:
(EN) Verb meaning to suddenly move or wake up because of a noise, a touch, or a sudden thought.

Example: آہٹ سن کر وہ چونک پڑا۔

Translation: He startled (woke up suddenly) upon hearing a sound.

Root Word: Sanskrit 'chūka'.

Synonyms: چونک اٹھنا, ہوشیار ہونا"
"سہم جانا","Translations:
EN: to be struck with terror / to be cowed / to be frightened / to shrink in fear
AR: اِرْتَعَدَ فَرَقًا / ذُعِرَ
FR: être frappé de terreur / être intimidé / être effrayé / reculer de peur

Definition:
(EN) Compound verb expressing the state of becoming very quiet and still because of extreme fear, like a child being scolded.

Example: دھماکے کی آواز سے پورا شہر سہم گیا۔

Translation: The entire city was struck with terror (frightened) by the sound of the blast.

Root Word: Persian 'seham' (terror) + Urdu 'jānā'.

Synonyms: خوفزدہ ہونا, ڈرنا"
"تھرتھرانا","Translations:
EN: to tremble / to quiver / to shake / to vibrate
AR: اِرْتَجَفَ / اِرْتَعَدَ / تَهَزْهَزَ
FR: trembler / frémir / secouer / vibrer

Definition:
(EN) Verb meaning to shake quickly and repeatedly because of cold, fear, or a loud sound like an earthquake.

Example: سردی سے اس کے ہاتھ تھرتھرا رہے تھے۔

Translation: His hands were trembling (quivering) because of the cold.

Root Word: Onomatopoeia.

Synonyms: کانپنا, لرزنا"
"لرزنا","Translations:
EN: to tremble / to shake / to quiver / to shudder
AR: اِهْتَزَّ / اِرْتَعَدَ
FR: trembler / secouer / frémir / frissonner

Definition:
(EN) Formal verb expressing a deep shaking of the body or the earth, often used in a poetic or serious context.

Example: اللہ کے خوف سے مومن کا دل لرزتا ہے۔

Translation: The heart of a believer trembles (shakes) with the fear of Allah.

Root Word: Persian 'larzish' + Urdu 'nā'.

Synonyms: تھرتھرانا, کانپنا"
"پشیمان ہونا","Translations:
EN: to be penitent / to be ashamed / to be sorry / to regret
AR: نَدِمَ / شَعَرَ بِالخِزْي / تَأَسَّفَ
FR: être pénitent / avoir honte / être désolé / regretter

Definition:
(EN) Formal compound verb expressing the feeling of being very sorry and ashamed after doing something wrong.

Example: وہ اپنی غلطی پر بہت پشیمان ہے۔

Translation: He is very penitent (sorry) for his mistake.

Root Word: Persian 'pashemān'.

Synonyms: شرمندہ ہونا, نادم ہونا"
"شرمانا","Translations:
EN: to be shy / to be ashamed / to blush / to feel bashful
AR: خَجِلَ / اِحْمَرَّ خَجَلاً / اِسْتَحَى
FR: être timide / avoir honte / rougir / se sentir embarrassé

Definition:
(EN) Verb expressing the feeling of shyness when meeting someone or being ashamed because of a mistake.

Example: نئی دلہن شرما رہی ہے۔

Translation: The new bride is feeling shy (blushing).

Root Word: Persian 'sharm' + Urdu 'nā'.

Synonyms: لجانا, حجاب کرنا"
"لجانا","Translations:
EN: to be ashamed / to be put to shame / to feel shy / to be bashful
AR: خَزِيَ / اِسْتَحَى
FR: avoir honte / avoir honte de soi / se sentir timide / être embarrassé

Definition:
(EN) Verb similar to 'sharmānā', meaning to feel bashful or to be made to feel small in front of others.

Example: اس کی باتوں نے مجھے لجا دیا۔

Translation: His words put me to shame (made me feel ashamed).

Root Word: Sanskrit 'lajjā'.

Synonyms: شرمانا, شرمندہ ہونا"
"پچھتانا","Translations:
EN: to regret / to repent / to rue / to feel remorse
AR: نَدِمَ / تَأَسَّفَ / شَعَرَ بِالنَّدَم
FR: regretter / se repentir / éprouver du remords

Definition:
(EN) Verb meaning to feel sorry for something you did or did not do in the past, wishing you could change it.

Example: اب پچھتائے کیا ہوت جب چڑیاں چگ گئیں کھیت۔

Translation: What use is it to regret (rue) now when the birds have already eaten the field (crops)?

Root Word: Sanskrit 'pashchāttāpa'.

Synonyms: نادم ہونا, افسوس کرنا"
"نادم ہونا","Translations:
EN: to be penitent / to be ashamed / to be sorry / to feel remorseful
AR: نَدِمَ / شَعَرَ بِالخِزْي
FR: être pénitent / avoir honte / être désolé / éprouver du remords

Definition:
(EN) Formal compound verb expressing the feeling of shame and deep regret for one's bad behavior or a mistake.

Example: وہ اپنے برے سلوک پر بہت نادم ہے۔

Translation: He is very penitent (ashamed) for his bad behavior.

Root Word: Arabic 'nādim' + Urdu 'honā'.

Synonyms: پچھتانا, شرمندہ ہونا"
"شرمندہ کرنا","Translations:
EN: to make ashamed / to put to shame / to humiliate / to embarrass
AR: أَخْجَلَ / أَفْضَحَ / أَهَانَ
FR: faire honte / mettre honte / humilier / embarrasser

Definition:
(EN) Compound verb expressing the act of making someone feel ashamed of themselves by showing their mistakes to others.

Example: اس کی کامیابی نے اس کے دشمنوں کو شرمندہ کر دیا۔

Translation: His success put his enemies to shame (made them ashamed).

Root Word: Persian 'sharminda' + Urdu 'karnā'.

Synonyms: لجانا, نیچا دکھانا"
"ذلیل کرنا","Translations:
EN: to abase / to humiliate / to disgrace / to insult
AR: أَهَانَ / أَذَلَّ / فَضَحَ
FR: abaisser / humilier / déshonorer / insulter

Definition:
(EN) Compound verb expressing the act of treating someone very badly to take away their respect and honor in the eyes of society.

Example: کسی کو ذلیل کرنا انسانیت کے خلاف ہے۔

Translation: To humiliate (disgrace) anyone is against humanity.

Root Word: Arabic 'zaleel'.

Synonyms: رسوا کرنا, تذلیل کرنا"
"خوار ہونا","Translations:
EN: to be wretched / to be miserable / to be deserted / to be disgraced
AR: شَقِيَ / ذَلَّ / تَبَدَّدَ
FR: être misérable / être malheureux / être délaissé / être déshonoré

Definition:
(EN) Compound verb expressing the state of wandering without respect, help, or a home, often after losing one's honor.

Example: سچائی کا راستہ چھوڑ کر وہ در در خوار ہوا۔

Translation: Leaving the path of truth, he became wretched (disgraced) from door to door.

Root Word: Persian 'khwār'.

Synonyms: ذلیل ہونا, پریشان ہونا"
"تذلیل کرنا","Translations:
EN: to humiliate / to insult / to debase / to treat with contempt
AR: أَهَانَ / اِحْتَقَرَ / أَذَلَّ
FR: humilier / insulter / avilir / traiter avec mépris

Definition:
(EN) Formal compound verb meaning to purposely act in a way that destroys another person's self-respect and social status.

Example: کسی غریب کی تذلیل نہ کرو۔

Translation: Do not humiliate (insult) any poor person.

Root Word: Arabic 'tazleel'.

Synonyms: ذلیل کرنا, توہین کرنا"
"حقیر سمجھنا","Translations:
EN: to despise / to look down upon / to consider worthless / to disdain
AR: اِحْتَقَرَ / اِزْدَرَى
FR: mépriser / dédaigner / considérer comme sans valeur

Definition:
(EN) Compound verb expressing the internal feeling that someone or something is small, unimportant, and beneath your level.

Example: کسی کو اس کے لباس کی وجہ سے حقیر نہ سمجھو۔

Translation: Do not look down upon (despise) anyone because of their clothes.

Root Word: Arabic 'ḥaqeer' + Urdu 'samajhnā'.

Synonyms: کمتر جاننا, نفرت کرنا"
"نفرت کرنا","Translations:
EN: to hate / to detest / to loathe / to have aversion
AR: كَرِهَ / بَغَضَ / مَقَتَ
FR: haïr / détester / exécrer / avoir de l'aversion

Definition:
(EN) Compound verb expressing a very strong feeling of dislike and anger toward a person, a habit, or a group.

Example: ہمیں گناہ سے نفرت کرنی چاہیے گنہگار سے نہیں۔

Translation: We should hate (detest) the sin, not the sinner.

Root Word: Arabic 'nafrat'.

Synonyms: کراہت کرنا, دشمنی رکھنا"
"گھن آنا","Translations:
EN: to be disgusted / to feel nausea / to loathe / to find repulsive
AR: اِشْمَأَزَّ / قَرِفَ
FR: être dégoûté / avoir la nausée / avoir horreur de / trouver répugnant

Definition:
(EN) Idiomatic compound verb expressing a physical feeling of disgust toward something dirty or a very bad behavior.

Example: گندگی دیکھ کر مجھے گھن آتی ہے۔

Translation: I feel disgusted (nausea) seeing the filth.

Root Word: Sanskrit 'ghṛṇā'.

Synonyms: کراہت ہونا, برا لگنا"
"اکتا جانا","Translations:
EN: to be weary / to be tired of / to be bored / to be fed up
AR: مَلَّ / سَئِمَ / ضَجِرَ
FR: être las / être fatigué de / s'ennuyer / en avoir marre

Definition:
(EN) Compound verb expressing the state of losing interest in a job or a person because you have been doing it or seeing them for too long.

Example: وہ اس کام سے اکتا گیا ہے۔

Translation: He is weary (tired) of this work.

Root Word: Urdu origin.

Synonyms: بیزار ہونا, تھک جانا"
"بیزار ہونا","Translations:
EN: to be disgusted / to be weary / to be out of humor / to be annoyed
AR: سَئِمَ / تَضَايَقَ / اِسْتَاءَ
FR: être dégoûté / être lassé / être de mauvaise humeur / être agacé

Definition:
(EN) Compound verb expressing a state of deep unhappiness or annoyance with a situation, often wanting to leave it immediately.

Example: میں تمہاری شکایتوں سے بیزار ہو چکا ہوں۔

Translation: I have become weary (disgusted) of your complaints.

Root Word: Persian 'be-' (without) + 'zār' (desire/strength).

Synonyms: اکتا جانا, تنگ آ جانا"
"اکتاہٹ ہونا","Translations:
EN: to feel weariness / to feel boredom / to be satiated / to feel tedium
AR: شَعَرَ بِالمَلَل / سَأَم
FR: ressentir de la lassitude / ressentir de l'ennui / être rassasié / ressentir du l'ennui

Definition:
(EN) Compound verb expressing the internal feeling of not wanting to do anything because life feels repetitive and empty.

Example: تنہائی میں اکثر اکتاہٹ ہوتی ہے۔

Translation: One often feels weariness (boredom) in loneliness.

Root Word: Urdu 'uktāhaṭ' + 'honā'.

Synonyms: بوریت ہونا, بیزاری ہونا"
"تھک جانا","Translations:
EN: to be tired / to be fatigued / to be weary / to be exhausted
AR: تَعِبَ / أَعْيَا / اِنْهَكَ
FR: être fatigué / être exténué / être lassé / être épuisé

Definition:
(EN) Verb meaning to lose all your energy after working hard or walking a long distance.

Example: سارا دن کام کر کے وہ تھک گیا۔

Translation: He became tired (fatigued) after working all day.

Root Word: Sanskrit 'thakka'.

Synonyms: نڈھال ہونا, تھک کر چور ہونا"
"نڈھال ہونا","Translations:
EN: to be exhausted / to be faint / to be languid / to be weak from fatigue
AR: اِنْهَكَ / خَارَتْ قُوَاهُ
FR: être épuisé / être défaillant / être languissant / être affaibli par la fatigue

Definition:
(EN) Verb expressing a state of extreme tiredness where a person can no longer stand or even speak properly.

Example: بھوک اور پیاس سے وہ نڈھال ہو گیا۔

Translation: He became exhausted (faint) from hunger and thirst.

Root Word: Urdu origin.

Synonyms: بے حال ہونا, تھک جانا"
"بے حال ہونا","Translations:
EN: to be in a bad state / to be distracted / to be miserable / to be out of sorts
AR: سَاءَتْ حَالُهُ / اِرْتَبَكَ / بَائِس
FR: être dans un sale état / être distrait / être misérable / ne pas être dans son assiette

Definition:
(EN) Compound verb expressing the state of a person who is suffering so much (from illness or grief) that they do not look like themselves anymore.

Example: بخار کی شدت سے بچہ بے حال تھا۔

Translation: The child was in a bad state (miserable) because of the intense fever.

Root Word: Persian 'be-' + Arabic 'ḥāl'.

Synonyms: نڈھال ہونا, پریشان ہونا"
"بد حال ہونا","Translations:
EN: to be in a bad state / to be ruined / to be in a wretched condition
AR: سَاءَتْ حَالُهُ / دُمِّرَ / بَائِس
FR: être dans un sale état / être ruiné / être dans une condition misérable

Definition:
(EN) Compound verb describing a person or a place that has lost everything and looks very poor, dirty, or broken.

Example: سیلاب کے بعد بستی بد حال ہو گئی۔

Translation: The settlement became ruined (in a bad state) after the flood.

Root Word: Persian 'bad' + Arabic 'ḥāl'.

Synonyms: بے حال ہونا, برباد ہونا"
"ہانپنا","Translations:
EN: to pant / to puff / to gasp for breath / to be out of breath
AR: لَهَثَ / اِنْبَهَرَ نَفَسُهُ
FR: haleter / souffler / haleter pour respirer / être essoufflé

Definition:
(EN) Verb meaning to breathe very quickly and loudly after running fast or doing heavy work.

Example: تیز دوڑنے کی وجہ سے وہ ہانپ رہا تھا۔

Translation: He was panting (gasping for breath) because of running fast.

Root Word: Sanskrit 'hampa'.

Synonyms: سانس پھولنا, تھکنا"
"کڑھنا","Translations:
EN: to be vexed / to fret / to grieve / to be drawn (as thread)
AR: اِغْتَاظَ / حَزِنَ / تَأَلَّمَ نَفْسِيًّا
FR: être vexé / se tourmenter / s'affliger / être tiré (comme un fil)

Definition:
(EN) Verb meaning to feel a quiet, long-lasting pain or anger inside your heart without showing it, or to be stitched (embroidery).

Example: وہ دوسروں کی ترقی دیکھ کر اندر ہی اندر کڑھتا رہتا ہے۔

Translation: He keeps fretting (being vexed) inside upon seeing others' progress.

Root Word: Sanskrit 'kaḍḍha'.

Synonyms: کباب ہونا, جلنا"
"سلگنا","Translations:
EN: to smolder / to be ignited / to burn without flame / to be provoked
AR: اِحْتَرَقَ بَبُطْء / اِتَّقَدَ / اِشْتَعَلَ كُمُونًا
FR: couver / être allumé / brûler sans flamme / être provoqué

Definition:
(EN) Verb meaning for fire to burn slowly with smoke but no big flames, or figuratively for a war or an anger to start growing quietly.

Example: گیلی لکڑی دیر تک سلگتی رہی۔

Translation: The wet wood kept smoldering for a long time.

Root Word: Sanskrit 'sulagna'.

Synonyms: جلنا, بھڑکنا"
"دہکنا","Translations:
EN: to blaze / to glow / to burn brightly / to be red hot
AR: تَوَهَّجَ / اِتَّقَدَ / لَمَعَ نَارًا
FR: flamboyer / luire / brûler vivement / être rouge vif

Definition:
(EN) Verb meaning to burn with great heat and bright light, like coals in a furnace or the sun in summer.

Example: تندور میں کوئلے دہک رہے تھے۔

Translation: The coals were blazing (glowing) in the oven.

Root Word: Sanskrit 'dahaka'.

Synonyms: بھڑکنا, روشن ہونا"
"جھلملانا","Translations:
EN: to twinkle / to glimmer / to shimmer / to glisten
AR: تَلَالَأَ / لَمَعَ بِخِفَّة / بَرَقَ
FR: scintiller / luire / miroiter / luire doucement

Definition:
(EN) Verb meaning to shine with a moving, soft light, like stars in the sky or the reflection of the moon on water.

Example: دور افق پر ستارے جھلملا رہے تھے۔

Translation: The stars were twinkling (shimmering) on the distant horizon.

Root Word: Onomatopoeia.

Synonyms: ٹمٹمانا, چمکنا"
"ٹمٹمانا","Translations:
EN: to twinkle / to flicker / to burn dimly / to flutter
AR: رَمَشَ / خَفَتَ الضَّوْء / تَرَدَّدَ
FR: scintiller / vaciller / brûler faiblement / s'agiter

Definition:
(EN) Verb meaning to shine with a weak light that keeps changing, like a candle about to go out or a very distant star.

Example: چراغ کی لو ٹمٹما رہی تھی۔

Translation: The flame of the lamp was flickering (burning dimly).

Root Word: Onomatopoeia.

Synonyms: جھلملانا, بجھنا"
"بجھنا","Translations:
EN: to be extinguished / to be quenched / to be slaked / to be depressed
AR: اِنْطَفَأَ / خَمَدَ / اِرْتَوَى
FR: être éteint / être étanché / être apaisé / être déprimé

Definition:
(EN) Verb meaning for a fire or light to go out, for thirst to be satisfied, or figuratively for a person to lose their spirit and become sad.

Example: ہوا چلتے ہی شمع بجھ گئی۔

Translation: The candle was extinguished (went out) as soon as the wind blew.

Root Word: Sanskrit 'vikṣyapa'.

Synonyms: گل ہونا, ٹھنڈا ہونا"
"بجھانا","Translations:
EN: to extinguish / to quench / to explain (a riddle) / to satisfy (thirst)
AR: أَطْفَأَ / أَخْمَدَ / رَوِيَ / حَلَّ (لُغْزًا)
FR: éteindre / étancher / expliquer (une énigme) / satisfaire (la soif)

Definition:
(EN) Active verb meaning to put out a fire, to drink water to stop being thirsty, or to give the answer to a difficult riddle.

Example: فائر بریگیڈ نے آگ بجھا دی۔

Translation: The fire brigade extinguished (put out) the fire.

Root Word: Sanskrit 'vikṣyapa'.

Synonyms: گل کرنا, ٹھنڈا کرنا"
"جھلسنا","Translations:
EN: to be scorched / to be singed / to be parched / to be withered
AR: اِحْتَرَقَ سَطْحِيًّا / لَفَحَ / ذَبُلَ
FR: être brûlé / être roussi / être desséché / être flétri

Definition:
(EN) Verb expressing the state of being slightly burnt on the surface by heat or sun, or for crops to dry up in a heatwave.

Example: گرم ہوا سے پودے جھلس گئے۔

Translation: The plants were scorched (withered) by the hot wind.

Root Word: Urdu origin.

Synonyms: جلنا, جھلس جانا"
"جھلسانا","Translations:
EN: to scorch / to singe / to parch / to burn the surface
AR: لَفَحَ / أَحْرَقَ سَطْحِيًّا
FR: roussir / singe / dessécher / brûler la surface

Definition:
(EN) Active verb meaning to make something burnt or dry using intense heat or fire, often used for the sun's rays.

Example: کڑی دھوپ نے چہرہ جھلسا دیا۔

Translation: The intense sun scorched (singed) the face.

Root Word: Urdu origin.

Synonyms: جلانا, گرم کرنا"
"پگھلنا","Translations:
EN: to melt / to fuse / to be moved (to pity) / to soften
AR: اِنْصَهَرَ / ذَابَ / رَقَّ قَلْبُهُ
FR: fondre / fusionner / être ému (de pitié) / s'amollir

Definition:
(EN) Verb meaning for a solid like ice or metal to turn into liquid because of heat, or figuratively for a hard heart to become kind.

Example: سورج کی گرمی سے برف پگھل گئی۔

Translation: The ice melted because of the sun's heat.

Root Word: Sanskrit 'pighalana'.

Synonyms: پسیجنا, نرم ہونا"
"پگھلانا","Translations:
EN: to melt / to fuse / to soften / to touch someone's heart
AR: صَهَرَ / أَذَابَ / اِسْتَمَالَ
FR: fondre / fusionner / amollir / toucher le cœur de quelqu'un

Definition:
(EN) Active verb meaning to apply heat to turn a solid into liquid, or to say something so sweet or sad that it makes someone else feel pity.

Example: لوہار نے لوہا پگھلا کر اوزار بنائے۔

Translation: The blacksmith melted (fused) the iron to make tools.

Root Word: Sanskrit 'pighalana'.

Synonyms: نرم کرنا, گداز کرنا"
"جمانا","Translations:
EN: to freeze / to congeal / to establish / to settle / to plant firmly
AR: جَمَّدَ / أَقَامَ / ثَبَّتَ
FR: congeler / figer / établir / installer / planter fermement

Definition:
(EN) Active verb meaning to make a liquid turn into solid (like making ice), or to make your power/reputation strong in a new place.

Example: اس نے شہر میں اپنا کاروبار جما لیا۔

Translation: He established (settled) his business in the city.

Root Word: Sanskrit 'yamana'.

Synonyms: گاڑنا, مضبوط کرنا"
"جمنا","Translations:
EN: to freeze / to congeal / to take root / to be firm / to be crowded
AR: تَجَمَّدَ / تَأَصَّلَ / اِزْدَحَمَ
FR: geler / se figer / prendre racine / être ferme / être bondé

Definition:
(EN) Verb meaning for water to turn into ice, for a plant to start growing roots, or for a crowd of people to gather in one spot.

Example: ندی کا پانی سردی سے جم گیا۔

Translation: The river water froze because of the cold.

Root Word: Sanskrit 'yamana'.

Synonyms: جم جانا, ٹھہرنا"
"سدھارنا","Translations:
EN: to reform / to correct / to improve / to prepare / to train
AR: أَصْلَحَ / هَذَّبَ / قَوَّمَ
FR: réformer / corriger / améliorer / préparer / former

Definition:
(EN) Verb meaning to make a bad habit better, to correct a mistake, or to train a person or an animal to behave properly.

Example: ہمیں اپنے اخلاق سدھارنے چاہئیں۔

Translation: We should reform (improve) our morals.

Root Word: Sanskrit 'shuddhā' (pure/correct).

Synonyms: سنوارنا, ٹھیک کرنا"
"سنوارنا","Translations:
EN: to adorn / to dress / to trick out / to prepare / to beautify
AR: زَيَّنَ / حَسَّنَ / هَيَّأَ
FR: parer / habiller / attifer / préparer / embellir

Definition:
(EN) Verb meaning to make something or someone look more beautiful by adding decorations, fixing hair, or dressing up.

Example: وہ آئینہ دیکھ کر اپنے بال سنوار رہی ہے۔

Translation: She is fixing (beautifying) her hair while looking in the mirror.

Root Word: Sanskrit 'saṃvāra'.

Synonyms: سجانا, آراستہ کرنا"
"آراستہ کرنا","Translations:
EN: to adorn / to decorate / to equip / to furnish / to array
AR: زَيَّنَ / جَهَّزَ / نَسَّقَ
FR: parer / décorer / équiper / meubler / parer

Definition:
(EN) Formal compound verb meaning to decorate a room for a party, to equip an army with weapons, or to dress someone in fine clothes.

Example: شادی کے لیے ہال کو خوب آراستہ کیا گیا۔

Translation: The hall was beautifully decorated (adorned) for the wedding.

Root Word: Persian 'ārāsta' + Urdu 'karnā'.

Synonyms: سجانا, سنوارنا"
"سنبھالنا","Translations:
EN: to support / to sustain / to hold up / to manage / to look after
AR: سَنَدَ / دَعَمَ / أَدَارَ / اِهْتَمَّ بِـ
FR: soutenir / entretenir / maintenir / gérer / s'occuper de

Definition:
(EN) Verb meaning to prevent someone from falling by holding them, to manage a business, or to keep an object safely in its place.

Example: گرتے ہوئے بچے کو ماں نے سنبھال لیا۔

Translation: The mother supported (held up) the falling child.

Root Word: Sanskrit 'sambhālana'.

Synonyms: تھامنا, انتظام کرنا"
"تھامنا","Translations:
EN: to stop / to pull up / to support / to clutch / to grasp firmly
AR: أَوْقَفَ / كَبَحَ / أَمْسَكَ بِقُوَّة
FR: arrêter / stopper / soutenir / empoigner / saisir fermement

Definition:
(EN) Verb meaning to suddenly catch something that is moving or falling, or to hold someone's hand to give them strength.

Example: میرا ہاتھ تھام لو۔

Translation: Grasp (clutch) my hand firmly.

Root Word: Sanskrit 'stambha'.

Synonyms: پکڑنا, سنبھالنا"
"لپکنا","Translations:
EN: to flash / to glitter / to spring / to pounce / to rush forward
AR: لَمَعَ / قَفَزَ / اِنْقَضَّ
FR: briller / scintiller / bondir / se jeter sur / s'élancer

Definition:
(EN) Verb meaning for lightning to flash, or for a person/animal to suddenly move forward fast to catch something.

Example: گیند پکڑنے کے لیے کھلاڑی لپکا۔

Translation: The player rushed forward (pounced) to catch the ball.

Root Word: Sanskrit 'lappa'.

Synonyms: جھپٹنا, تیزی سے بڑھنا"
"جھپٹنا","Translations:
EN: to pounce / to snatch / to snap / to fly at / to swoop down
AR: اِنْقَضَّ / خَطَفَ / هَجَمَ
FR: se jeter sur / arracher / happer / voler sur / fondre sur

Definition:
(EN) Verb expressing the sudden and violent movement of a bird of prey or a robber to take something away.

Example: چیل نے مچھلی پر جھپٹا مارا۔

Translation: The eagle pounced on (swooped down on) the fish.

Root Word: Sanskrit 'jhappa'.

Synonyms: لپکنا, چھیننا"
"ہتھیانا","Translations:
EN: to seize / to lay hands on / to embezzle / to usurp
AR: اِسْتَوْلَى عَلَى / اِغْتَصَبَ / اِخْتَلَسَ
FR: saisir / mettre la main sur / détourner / usurper

Definition:
(EN) Verb meaning to take control of someone else's land, money, or property using unfair or illegal methods.

Example: اس نے دھوکے سے جائیداد ہتھیا لی۔

Translation: He seized (usurped) the property through deceit.

Root Word: Urdu 'hāth' (hand).

Synonyms: قبضہ کرنا, چھین لینا"
"بٹورنا","Translations:
EN: to gather / to collect / to rake up / to accumulate
AR: جَمَعَ / حَشَدَ / كَدَّسَ
FR: rassembler / collecter / râteler / accumuler

Definition:
(EN) Verb meaning to bring many small things together into one pile, or to collect money from many people (sometimes greedily).

Example: اس نے سارا مال بٹور لیا۔

Translation: He gathered (accumulated) all the goods.

Root Word: Sanskrit 'baṭṭa'.

Synonyms: جمع کرنا, اکٹھا کرنا"
"یکجا کرنا","Translations:
EN: to collect / to gather in one place / to unify / to bring together
AR: جَمَعَ فِي مَكَانٍ وَاحِد / وَحَّدَ
FR: collecter / rassembler en un lieu / unifier / réunir

Definition:
(EN) Formal compound verb meaning to bring scattered people or things together so they become one group or one pile.

Example: تمام معلومات کو ایک جگہ یکجا کرو۔

Translation: Collect (gather) all the information in one place.

Root Word: Persian 'yak' (one) + 'jā' (place) + Urdu 'karnā'.

Synonyms: اکٹھا کرنا, جمع کرنا"
"ڈھیر کرنا","Translations:
EN: to pile up / to knock down / to kill / to floor someone
AR: كَدَّسَ / صَرَعَ / قَتَلَ
FR: empiler / terrasser / tuer / jeter à terre

Definition:
(EN) Idiomatic compound verb meaning to make a large pile of something, or figuratively to defeat or kill an opponent instantly so they fall like a pile of dirt.

Example: شکاری نے ایک ہی گولی میں شیر کو ڈھیر کر دیا۔

Translation: The hunter killed (floored) the lion with a single bullet.

Root Word: Urdu 'ḍher' + 'karnā'.

Synonyms: مار گرانا, ڈھیر لگانا"
"منتشر ہونا","Translations:
EN: to be dispersed / to be scattered / to be diffused / to be distracted
AR: تَفَرَّقَ / تَبَدَّدَ / اِنْتَشَرَ
FR: être dispersé / être éparpillé / être diffusé / être distrait

Definition:
(EN) Formal compound verb expressing the state of a crowd, a smell, or a person's thoughts going in many different directions.

Example: پولیس کے آتے ہی ہجوم منتشر ہو گیا۔

Translation: The crowd was dispersed (scattered) as soon as the police arrived.

Root Word: Arabic 'muntashir'.

Synonyms: بکھرنا, تتر بتر ہونا"
"تتر بتر کرنا","Translations:
EN: to scatter / to disperse / to shatter / to throw into confusion
AR: شَتَّتَ / بَدَّدَ / فَرَّقَ
FR: éparpiller / disperser / briser / jeter dans la confusion

Definition:
(EN) Idiomatic compound verb meaning to forcefully make a group of people or objects fly in different directions, leaving them in a mess.

Example: فوج نے دشمن کے دستوں کو تتر بتر کر دیا۔

Translation: The army scattered (dispersed) the enemy troops.

Root Word: Urdu origin.

Synonyms: منتشر کرنا, بکھیر دینا"
"اکھاڑنا","Translations:
EN: to root up / to eradicate / to pluck out / to demolish
AR: اِقْتَلَعَ / اِسْتَأْصَلَ / هَدَمَ
FR: déraciner / éradiquer / arracher / démolir

Definition:
(EN) Verb meaning to pull a plant or a nail out of the ground or a wall, or figuratively to destroy a whole system or a government.

Example: طوفان نے درختوں کو جڑ سے اکھاڑ دیا۔

Translation: The storm rooted up (plucked out) the trees by the roots.

Root Word: Sanskrit 'ut-khāṭana'.

Synonyms: نکالنا, بیخ کنی کرنا"
"جڑ سے اکھاڑنا","Translations:
EN: to uproot / to exterminate / to destroy completely / to wipe out
AR: اِسْتَأْصَلَ مِنْ جُذُورِهِ / أَبَادَ
FR: déraciner / exterminer / détruire complètement / anéantir

Definition:
(EN) Idiomatic compound verb expressing the total destruction of an evil habit, a disease, or an enemy so that they can never grow back.

Example: ہمیں معاشرے سے کرپشن کو جڑ سے اکھاڑنا ہوگا۔

Translation: We must uproot (exterminate) corruption from society.

Root Word: Urdu 'jaṛ' (root) + 'se' + 'ukhāṛnā'.

Synonyms: مٹانا, بیخ و بن سے اکھاڑنا"
"بیخ کنی کرنا","Translations:
EN: to uproot / to eradicate / to destroy / to strike at the root
AR: اِسْتَأْصَلَ / مَحَا / قَضَى عَلَى الجُذُور
FR: déraciner / éradiquer / détruire / frapper à la racine

Definition:
(EN) Formal compound verb meaning to completely destroy something by attacking its very source or foundation so it cannot exist anymore.

Example: جہالت کی بیخ کنی کرنا وقت کی ضرورت ہے۔

Translation: It is the need of the hour to eradicate (uproot) ignorance.

Root Word: Persian 'bekh' (root) + 'kani' (digging) + Urdu 'karnā'.

Synonyms: جڑ سے اکھاڑنا, قلع قمع کرنا"
"قلع قمع کرنا","Translations:
EN: to eradicate / to exterminate / to extirpate / to annihilate
AR: أَبَادَ / سَحَقَ / مَحَا أَثَرَهُ
FR: éradiquer / exterminer / extirper / anéantir

Definition:
(EN) Formal compound verb expressing the total destruction of an enemy or an evil force, leaving no trace behind.

Example: پولیس نے جرائم کا قلع قمع کر دیا۔

Translation: The police eradicated (exterminated) the crimes.

Root Word: Arabic 'qalʿa' (fort) + 'qamaʿ' (crushing).

Synonyms: مٹانا, بیخ کنی کرنا"
"بیخ و بن سے مٹانا","Translations:
EN: to destroy root and branch / to annihilate / to wipe out completely
AR: مَحَا مِنْ جُذُورِهِ تَمَامًا / أَبَادَ شَامِلاً
FR: détruire de fond en comble / anéantir / effacer complètement

Definition:
(EN) Idiomatic compound verb expressing the ultimate level of destruction where every single part of a thing (the root and the foundation) is turned into nothing.

Example: اس سلطنت کو بیخ و بن سے مٹا دیا گیا۔

Translation: This empire was destroyed root and branch (annihilated).

Root Word: Persian 'bekh' (root) + 'o' (and) + 'bun' (foundation) + Urdu 'miṭānā'.

Synonyms: نیست و نابود کرنا, جڑ سے اکھاڑنا"
"نابود کرنا","Translations:
EN: to annihilate / to make non-existent / to destroy / to nullify
AR: أَعْدَمَ / مَحَا / جَعَلَهُ هَبَاءً
FR: anéantir / rendre inexistant / détruire / annuler

Definition:
(EN) Formal compound verb expressing the act of making something that existed before completely vanish from the world of being.

Example: سچائی جھوٹ کو نابود کر دیتی ہے۔

Translation: Truth annihilates (makes non-existent) the lie.

Root Word: Persian 'nā' (not) + 'bud' (being/existence).

Synonyms: نیست کرنا, مٹانا"
"معدوم ہونا","Translations:
EN: to be non-existent / to be extinct / to be null / to be missing
AR: اِنْعَدَمَ / اِنْقَرَضَ / فُقِدَ
FR: être inexistant / être éteint / être nul / manquer

Definition:
(EN) Formal compound verb expressing the state of something having vanished or died out, like a species or a forgotten language.

Example: ڈائناسور اب دنیا سے معدوم ہو چکے ہیں۔

Translation: Dinosaurs have now become extinct (non-existent) in the world.

Root Word: Arabic 'maʿdoom' + Urdu 'honā'.

Synonyms: ختم ہونا, مٹ جانا"
"مفقود ہونا","Translations:
EN: to be missing / to be lost / to be non-existent / to be unavailable
AR: فُقِدَ / عُدِمَ / غَابَ
FR: manquer / être perdu / être inexistant / être indisponible

Definition:
(EN) Formal compound verb similar to 'maʿdoom', but often used for a specific person or an object that is suddenly not found where it should be.

Example: جنگ کے بعد بہت سے لوگ مفقود الخبر ہیں۔

Translation: After the war, many people are missing (lost).

Root Word: Arabic 'mafqood'.

Synonyms: غائب ہونا, نہ ملنا"
"روپوش ہونا","Translations:
EN: to be hidden / to abscond / to go underground / to be in hiding
AR: اِخْتَبَأَ / تَوَارَى / اِخْتَفَى
FR: être caché / s'absenter / entrer dans la clandestinité / se cacher

Definition:
(EN) Compound verb expressing the act of a criminal or a political leader hiding their face and location from the police or the public.

Example: پولیس کے چھاپے سے پہلے ہی وہ روپوش ہو گیا۔

Translation: He went underground (absconded) before the police raid.

Root Word: Persian 'ro' (face) + 'posh' (covering).

Synonyms: چھپ جانا, غائب ہونا"
"اوجھل ہونا","Translations:
EN: to be out of sight / to be invisible / to be hidden / to vanish from view
AR: غَابَ عَنِ الأَنْظَار / اِخْتَفَى
FR: être hors de vue / être invisible / être caché / disparaître de la vue

Definition:
(EN) Compound verb expressing the state of something moving so far away or behind something else that the eyes cannot see it anymore.

Example: جہاز بادلوں میں اوجھل ہو گیا۔

Translation: The plane became out of sight (invisible) in the clouds.

Root Word: Urdu origin.

Synonyms: غائب ہونا, نظروں سے دور ہونا"
"نمودار ہونا","Translations:
EN: to be apparent / to be visible / to appear / to emerge / to manifest
AR: ظَهَرَ / بَرَزَ / بَانَ
FR: être apparent / être visible / apparaître / émerger / se manifester

Definition:
(EN) Compound verb expressing the act of something suddenly becoming visible, like the sun coming out from clouds or a ghost appearing in a story.

Example: آسمان پر چاند نمودار ہوا۔

Translation: The moon appeared (became visible) in the sky.

Root Word: Persian 'namood' + 'dār'.

Synonyms: ظاہر ہونا, سامنے آنا"
"ہویدا ہونا","Translations:
EN: to be manifest / to be apparent / to be clear / to be evident
AR: اِتَّضَحَ / بَانَ / اِنْجَلَى
FR: être manifeste / être apparent / être clair / être évident

Definition:
(EN) High formal compound verb meaning for a truth or a secret to become 100% clear and obvious to everyone's understanding.

Example: اس کی باتوں سے اس کی نیت ہویدا ہو گئی۔

Translation: His intention became manifest (clear) from his words.

Root Word: Persian 'huwaidā'.

Synonyms: واضح ہونا, عیاں ہونا"
"نمو پانا","Translations:
EN: to grow / to sprout / to develop / to flourish
AR: نَمَا / تَطَوَّرَ / اِزْدَهَرَ
FR: croître / germer / se développer / fleurir

Definition:
(EN) Formal compound verb meaning for a seed, a child, or an idea to grow and develop slowly into a stronger form.

Example: یہ پودا کھاد کی وجہ سے نمو پا رہا ہے۔

Translation: This plant is growing (developing) because of the fertilizer.

Root Word: Arabic 'numoo' + Urdu 'pānā'.

Synonyms: بڑھنا, پھلنا پھولنا"
"پنپنا","Translations:
EN: to grow / to thrive / to flourish / to recover / to be restored
AR: اِزْدَهَرَ / اِنْتَعَشَ / شُفِيَ
FR: croître / prospérer / fleurir / se rétablir / être restauré

Definition:
(EN) Verb meaning to start growing well again after a period of sickness or weakness, or for a business to start succeeding.

Example: بیماری کے بعد اب وہ آہستہ آہستہ پنپ رہا ہے۔

Translation: After the illness, he is now slowly recovering (thriving).

Root Word: Sanskrit 'punar' (again) + 'pra'.

Synonyms: پھلنا پھولنا, ٹھیک ہونا"
"پھلنا","Translations:
EN: to bear fruit / to prosper / to be productive / to thrive
AR: أَثْمَرَ / نَجَحَ / اِزْدَهَرَ
FR: porter du fruit / prospérer / être productif / croître

Definition:
(EN) Verb meaning for a tree to produce fruit, or figuratively for a person's efforts to result in success and money.

Example: اس کی محنت اب پھل رہی ہے۔

Translation: His hard work is now bearing fruit (prospering).

Root Word: Sanskrit 'phala'.

Synonyms: کامیاب ہونا, پھل دینا"
"پھولنا","Translations:
EN: to blossom / to flower / to swell / to be puffed up / to be proud
AR: أَزْهَرَ / اِنْتَفَخَ / تَكَبَّرَ
FR: fleurir / s'épanouir / enfler / être bouffi / être fier

Definition:
(EN) Verb meaning for a bud to become a flower, for a body part to swell because of injury, or figuratively for a person to become arrogant with pride.

Example: بہار میں باغ پھولتا ہے۔

Translation: The garden blossoms (flowers) in spring.

Root Word: Sanskrit 'phulla'.

Synonyms: کھلنا, سوجنا"
"پھلنا پھولنا","Translations:
EN: to prosper / to thrive / to flourish / to blossom out
AR: اِزْدَهَرَ / رَقِيَ / تَرَعْرَعَ
FR: prospérer / croître / fleurir / s'épanouir

Definition:
(EN) Idiomatic pair of verbs expressing a state of complete success, happiness, and growth in a family or a business.

Example: اللہ تمہارے گھر بار کو پھلتا پھولتا رکھے۔

Translation: May Allah keep your household prospering (thriving).

Root Word: Urdu 'phalnā' + 'phoolnā'.

Synonyms: کامیاب ہونا, نمو پانا"
"نکھرنا","Translations:
EN: to be brightened / to be cleaned / to be improved / to be settled
AR: تَحَسَّنَ / اِصْطَفَى / تَنَقَّى
FR: être éclairci / être nettoyé / être amélioré / être réglé

Definition:
(EN) Verb meaning for someone's face to look more beautiful after washing, or for a situation to become clear and better after a period of confusion.

Example: بارش کے بعد موسم نکھر گیا۔

Translation: The weather became brightened (improved) after the rain.

Root Word: Sanskrit 'nikhara'.

Synonyms: سنورنا, ٹھیک ہونا"
"نکھارنا","Translations:
EN: to brighten / to clean / to refine / to improve / to polish
AR: صَقَلَ / جَمَّلَ / نَقَّى
FR: éclaircir / nettoyer / raffiner / améliorer / polir

Definition:
(EN) Active verb meaning to work on something (like a skill or a painting) to make it look much better and more professional.

Example: اس نے اپنی صلاحیتوں کو خوب نکھارا ہے۔

Translation: He has refined (brightened) his skills very well.

Root Word: Sanskrit 'nikhara'.

Synonyms: بہتر کرنا, سنوارنا"
"آراستہ ہونا","Translations:
EN: to be adorned / to be equipped / to be decorated / to be ready
AR: تَزَيَّنَ / جُهِّزَ / اِسْتَعَدَّ
FR: être paré / être équipé / être décoré / être prêt

Definition:
(EN) Compound verb describing the state of a person or a place that has been made ready with fine clothes, decorations, or tools.

Example: دلہن زیورات سے آراستہ تھی۔

Translation: The bride was adorned (equipped) with jewelry.

Root Word: Persian 'ārāsta' + Urdu 'honā'.

Synonyms: سجنا, پیراستہ ہونا"
"پیراستہ ہونا","Translations:
EN: to be adorned / to be decorated / to be dressed up
AR: تَزَيَّنَ / تَحَلَّى بِـ
FR: être paré / être décoré / être pomponné

Definition:
(EN) High formal compound verb, similar to 'ārāsta honā', often used in poetry to describe someone looking extremely elegant and decorated.

Example: محفل شاعروں سے پیراستہ تھی۔

Translation: The gathering was adorned (decorated) with poets.

Root Word: Persian 'pairāsta'.

Synonyms: آراستہ ہونا, سجنا"
"پیراستہ کرنا","Translations:
EN: to adorn / to decorate / to embellish
AR: زَيَّنَ / جَمَّلَ
FR: parer / décorer / embellir

Definition:
(EN) High formal active verb meaning to add beauty or value to something by decorating it with ornaments or fine words.

Example: اس نے اپنے کلام کو تشبیہات سے پیراستہ کیا۔

Translation: He adorned (embellished) his speech with metaphors.

Root Word: Persian 'pairāsta' + Urdu 'karnā'.

Synonyms: آراستہ کرنا, سجانا"
"سانچے میں ڈھلنا","Translations:
EN: to be cast in a mold / to be formed / to be adapted
AR: صُبَّ فِي قَالِب / تَشَكَّلَ
FR: être coulé dans un moule / être formé / être adapté

Definition:
(EN) Idiomatic compound verb meaning to take a specific shape or character, often used for a child following a teacher's example.

Example: وہ اپنے والد کے سانچے میں ڈھل رہا ہے۔

Translation: He is being formed (cast in the mold) of his father.

Root Word: Urdu 'sānchā' (mold) + 'mein' + 'ḍhalnā'.

Synonyms: بننا, اختیار کرنا"
"سانچے میں ڈھالنا","Translations:
EN: to mold / to cast / to form / to shape someone
AR: صَاغَ / شَكَّلَ / أَدَّبَ
FR: mouler / couler / former / façonner quelqu'un

Definition:
(EN) Active idiomatic compound verb meaning to give a specific character or shape to something or someone through hard work and training.

Example: استاد شاگردوں کو بہترین سانچے میں ڈھالتا ہے۔

Translation: The teacher molds (forms) the students into an excellent shape.

Root Word: Urdu 'sānchā' + 'mein' + 'ḍhālnā'.

Synonyms: بنانا, تربیت دینا"
"تراشنا","Translations:
EN: to cut / to carve / to clip / to pare / to shave
AR: نَحَتَ / قَصَّ / بَرَى
FR: couper / sculpter / tailler / rogner / raser

Definition:
(EN) Verb meaning to remove small pieces from a solid object (like wood, stone, or nails) to give it a better shape or to make it clean.

Example: بت تراش نے پتھر سے خوبصورت مورت تراشی۔

Translation: The sculptor carved (cut) a beautiful statue from stone.

Root Word: Persian 'tarāshidan'.

Synonyms: کاٹنا, چھیلنا"
"خرادنا","Translations:
EN: to turn on a lathe / to polish / to refine / to smooth
AR: خَرَطَ / صَقَلَ
FR: tourner au tour / polir / raffiner / lisser

Definition:
(EN) Technical verb meaning to shape wood or metal by spinning it on a machine (lathe), or figuratively to make a person more polite and refined.

Example: لکڑی کو خراد کر گول بنایا گیا۔

Translation: The wood was turned on a lathe (smoothed) to make it round.

Root Word: Arabic 'kharāṭa'.

Synonyms: تراشنا, ہموار کرنا"
"رگڑنا","Translations:
EN: to rub / to scour / to grate / to abrade / to harass
AR: فَرَكَ / حَكَّ / جَلَى / ضَايَقَ
FR: frotter / récurer / râper / abraser / harceler

Definition:
(EN) Verb meaning to move one object against another with force to clean it, to grind it, or figuratively to make someone work very hard as a punishment.

Example: فرش کو صابن سے خوب رگڑو۔

Translation: Rub (scour) the floor well with soap.

Root Word: Sanskrit 'ragga'.

Synonyms: گھسنا, مسلنا"
"گھسنا","Translations:
EN: to be rubbed / to be worn / to be frayed / to intrude / to enter
AR: تآكَلَ / بَلِيَ / تَدَخَّلَ
FR: être frotté / être usé / être effiloché / s'introduire / entrer

Definition:
(EN) Verb meaning to become thin or broken by too much rubbing (like shoes), or to enter a place without permission.

Example: پرانے ہونے کی وجہ سے جوتے گھس گئے ہیں۔

Translation: The shoes are worn (rubbed) out because of being old.

Root Word: Sanskrit 'gharṣa'.

Synonyms: رگڑ کھانا, پرانا ہونا"
"گھسانا","Translations:
EN: to cause to rub / to wear away / to thrust in / to cram
AR: جَعَلَهُ يَتَآكَل / أَدْخَلَ بِقُوَّة
FR: faire frotter / user / enfoncer / fourrer

Definition:
(EN) Active verb meaning to make something rub against another thing until it wears out, or to force an object into a tight space.

Example: اس نے زبردستی فائل میں کاغذ گھسا دیا۔

Translation: He forced (thrust) the paper into the file.

Root Word: Sanskrit 'gharṣa'.

Synonyms: رگڑنا, ٹھونسنا"
"مسلنا","Translations:
EN: to press / to crush / to squeeze / to mash / to rub
AR: سَحَقَ / عَصَرَ / فَرَكَ
FR: presser / écraser / presser / écraser en purée / frotter

Definition:
(EN) Verb meaning to use your fingers or hands to crush something soft (like a flower or a fruit) or to rub your eyes.

Example: اس نے غصے میں پھول کو مسل دیا۔

Translation: He crushed (mashed) the flower in anger.

Root Word: Sanskrit 'mradana'.

Synonyms: کچلنا, رگڑنا"
"روندنا","Translations:
EN: to trample / to tread upon / to crush / to devastate
AR: دَاسَ / وَطِئَ / سَحَقَ
FR: piétiner / fouler aux pieds / écraser / dévaster

Definition:
(EN) Verb meaning to walk over something with heavy feet, destroying it completely (like an army walking over crops).

Example: ہاتھی نے فصلوں کو روند ڈالا۔

Translation: The elephant trampled (crushed) the crops.

Root Word: Sanskrit 'rondana'.

Synonyms: کچلنا, پامال کرنا"
"پامال کرنا","Translations:
EN: to trample / to ruin / to devastate / to violate (rights)
AR: دَاسَ بِالأَقْدَام / اِنْتَهَكَ / خَرَّبَ
FR: piétiner / ruiner / dévaster / violer (des droits)

Definition:
(EN) Formal compound verb meaning to destroy someone's honor or rights, or to walk over a beautiful place and leave it in ruins.

Example: غریبوں کے حقوق پامال نہ کرو۔

Translation: Do not violate (trample) the rights of the poor.

Root Word: Persian 'pā' (foot) + 'māl' (rubbing).

Synonyms: روندنا, برباد کرنا"
"دبانا","Translations:
EN: to press / to suppress / to crush / to massage
AR: ضَغَطَ / قَمَعَ / سَحَقَ / دَلَّكَ
FR: presser / supprimer / écraser / masser

Definition:
(EN) Verb meaning to apply weight or force on something with your hand, to stop a rebellion by force, or to massage someone's feet to take away tiredness.

Example: زخم کو ہاتھ سے دباؤ۔

Translation: Press (apply force to) the wound with your hand.

Root Word: Sanskrit 'damana'.

Synonyms: کچلنا, بھینچنا"
"بھینچنا","Translations:
EN: to squeeze / to tighten / to compress / to clasp tightly
AR: عَصَرَ / شَدَّ بِقُوَّة / ضَغَطَ
FR: presser / serrer / compresser / étreindre fermement

Definition:
(EN) Verb meaning to press something very hard from both sides, like squeezing a wet cloth or hugging someone very tightly.

Example: اس نے غصے میں اپنے دانت بھینچ لیے۔

Translation: He clenched (tightened) his teeth in anger.

Root Word: Sanskrit 'bhañjana'.

Synonyms: دبانا, نچوڑنا"
"نچوڑنا","Translations:
EN: to wring / to squeeze / to extract / to milk / to exploit
AR: عَصَرَ / اِسْتَخْلَصَ / اِبْتَزَّ
FR: tordre / presser / extraire / traire / exploiter

Definition:
(EN) Verb meaning to twist a wet object to get the water out, to get juice from a fruit, or figuratively to take all the money from a poor person.

Example: کپڑے دھو کر اچھی طرح نچوڑ لو۔

Translation: Wring (squeeze) the clothes well after washing.

Root Word: Sanskrit 'niścyotana'.

Synonyms: بھینچنا, نکالنا"
"گھسیٹنا","Translations:
EN: to drag / to pull along / to trail / to involve (in a case)
AR: سَحَلَ / جَرَّ / وَرَّطَ
FR: traîner / tirer / traîner derrière soi / impliquer

Definition:
(EN) Verb meaning to pull a heavy object along the ground, or figuratively to force someone to become part of a fight or a court case they don't want.

Example: بھاری بکسے کو زمین پر نہ گھسیٹو۔

Translation: Do not drag (pull along) the heavy box on the ground.

Root Word: Sanskrit 'ghṛṣṭa'.

Synonyms: کھینچنا, کشاں کشاں لے جانا"
"تاننا","Translations:
EN: to stretch / to tighten / to pitch (a tent) / to spread
AR: مَدَّ / شَدَّ / نَصَبَ (خَيْمَة)
FR: étirer / tendre / dresser (une tente) / étendre

Definition:
(EN) Verb meaning to pull something (like a rope or a cloth) until it is very straight and tight, or to put up a tent or a wire.

Example: اس نے دھوپ سے بچنے کے لیے چادر تان لی۔

Translation: He stretched (spread) the sheet to protect from the sun.

Root Word: Sanskrit 'tāna'.

Synonyms: پھیلانا, کھینچنا"
"وسیع کرنا","Translations:
EN: to expand / to widen / to enlarge / to broaden
AR: وَسَّعَ / نَمَّى / كَبَّرَ
FR: élargir / agrandir / étendre / élargir

Definition:
(EN) Formal compound verb meaning to make a room, a road, or your knowledge bigger and wider.

Example: حکومت سڑکوں کو وسیع کر رہی ہے۔

Translation: The government is widening (expanding) the roads.

Root Word: Arabic 'waseeʿ' + Urdu 'karnā'.

Synonyms: پھیلانا, بڑھانا"
"سکیڑنا","Translations:
EN: to shrink / to tighten / to contract / to gather / to shrivel
AR: قَلَّصَ / جَمَعَ / ضَمَّ
FR: rétrécir / serrer / contracter / rassembler / flétrir

Definition:
(EN) Active verb meaning to pull something inward to make it smaller, like a person pulling their legs in or a tailor gathering cloth.

Example: سردی کی وجہ سے اس نے اپنے پاؤں سکیڑ لیے۔

Translation: He contracted (shrank) his feet because of the cold.

Root Word: Sanskrit 'saṅkoṭa'.

Synonyms: سکڑنا, جمع کرنا"
"سکڑنا","Translations:
EN: to shrink / to shrivel / to contract / to be reduced
AR: تَقَلَّصَ / اِنْكَمَشَ / صَغُرَ
FR: rétrécir / se flétrir / se contracter / être réduit

Definition:
(EN) Verb meaning for an object (like cloth or skin) to become smaller by itself, often because of cold, heat, or age.

Example: گرم پانی میں دھو کر قمیض سکڑ گئی۔

Translation: The shirt shrank (contracted) after being washed in hot water.

Root Word: Sanskrit 'saṅkoca'.

Synonyms: سکیڑنا, کم ہونا"
"تلملانا","Translations:
EN: to be restless / to toss / to be in agony / to flounce / to be agitated
AR: تَلَوَّى (مِنَ الأَلَم) / تَمَلْمَلَ / اِضْطَرَبَ
FR: être agité / s'agiter / être à l'agonie / s'élancer / être agité

Definition:
(EN) Verb expressing the quick and restless movement of a person in pain, or a fish out of water, or someone very angry but unable to do anything.

Example: وہ شدید درد کی وجہ سے تلملا رہا تھا۔

Translation: He was restless (in agony) because of severe pain.

Root Word: Onomatopoeia.

Synonyms: تڑپنا, بے چین ہونا"
"تڑپنا","Translations:
EN: to flutter / to throb / to palpitate / to be in agony / to long for
AR: اِخْتَلَجَ / نَبَضَ / تَحَرَّقَ (شَوْقًا) / تَأَلَّمَ بِشِدَّة
FR: palpiter / tressaillir / palpiter / être à l'agonie / languir après

Definition:
(EN) Verb meaning to move violently with pain or desire, like a wounded bird flapping its wings or a heart beating fast with love/fear.

Example: زخمی پرندہ زمین پر تڑپ رہا تھا۔

Translation: The wounded bird was fluttering (in agony) on the ground.

Root Word: Sanskrit 'taḍapa'.

Synonyms: تلملانا, بے قرار ہونا"
"لرزنا","Translations:
EN: to tremble / to shake / to quiver / to shiver / to oscillate
AR: اِرْتَعَشَ / اِهْتَزَّ / اِرْتَجَفَ
FR: trembler / secouer / frémir / grelotter / osciller

Definition:
(EN) Verb meaning to shake quickly because of fear, cold, or a very loud sound like thunder or an earthquake.

Example: زوردار دھماکے سے دیواریں لرز گئیں۔

Translation: The walls trembled (shook) due to the powerful explosion.

Root Word: Persian 'larzidan'.

Synonyms: کانپنا, تھرتھرانا"
"تھرتھرانا","Translations:
EN: to tremble / to quiver / to vibrate / to shudder
AR: تَرَعَّدَ / اِهْتَزَّ بِشِدَّة / اِخْتَلَجَ
FR: trembler / frémir / vibrer / frissonner

Definition:
(EN) Verb meaning to shake with many small, fast movements, like a leaf in the wind or a person's voice when they are crying.

Example: سردی سے اس کا سارا جسم تھرتھرا رہا تھا۔

Translation: His whole body was trembling (quivering) with cold.

Root Word: Sanskrit 'tharthara'.

Synonyms: کانپنا, لرزنا"
"لہرانا","Translations:
EN: to wave / to undulate / to flash / to flourish / to brandish
AR: تَمَوَّجَ / رَفْرَفَ / لَمَعَ / هَزَّ (سِلَاحًا)
FR: ondoyer / onduler / briller / fleurir / brandir

Definition:
(EN) Verb meaning for a flag to move in the wind, for water to make waves, or for a person to swing a sword or a hand in the air.

Example: قلعے پر پرچم لہرا رہا تھا۔

Translation: The flag was waving (fluttering) on the fort.

Root Word: Sanskrit 'lahari'.

Synonyms: جھومنا, لہریں لینا"
"جھومنا","Translations:
EN: to wave / to undulate / to rock / to slumber / to stagger (with joy)
AR: تَمَايَلَ / تَهَادَى / غَفَا / تَرَنَّحَ
FR: ondoyer / onduler / balancer / sommeiller / chanceler (de joie)

Definition:
(EN) Verb meaning to move slowly from side to side like a tree in a breeze or a person dancing with spiritual happiness or intoxication.

Example: مست ہاتھی اپنی چال میں جھوم رہا تھا۔

Translation: The intoxicated elephant was rocking (undulating) in its gait.

Root Word: Sanskrit 'jhūmana'.

Synonyms: لہرانا, تڑپنا"
"ڈگمگانا","Translations:
EN: to totter / to stagger / to wobble / to falter / to hesitate
AR: تَرَنَّحَ / تَزَعْزَعَ / تَرَدَّدَ
FR: chanceler / vaciller / flageoler / chanceler / hésiter

Definition:
(EN) Verb meaning to walk or stand without balance, like a drunk person or a baby learning to walk, or figuratively to lose confidence in a decision.

Example: بھاری بوجھ تلے اس کے قدم ڈگمگا گئے۔

Translation: His steps tottered (staggered) under the heavy load.

Root Word: Sanskrit 'ḍagmagāyana'.

Synonyms: لڑکھڑانا, تذبذب کرنا"
"ہچکولے کھانا","Translations:
EN: to be jolted / to rock / to toss / to shake / to experience bumps
AR: تَهَزْهَزَ / اِهْتَزَّ بِقُوَّة / تَقَلَّبَ
FR: être secoué / balancer / s'agiter / subir des cahots

Definition:
(EN) Idiomatic compound verb expressing the rough movement of a boat in high waves or a car on a broken road, making passengers move violently.

Example: کچی سڑک پر گاڑی ہچکولے کھا رہی تھی۔

Translation: The car was being jolted (rocking) on the unpaved road.

Root Word: Urdu 'hachkola' + 'khānā'.

Synonyms: جھولنا, ڈگمگانا"
"جھولنا","Translations:
EN: to swing / to oscillate / to dangle / to loll / to rock
AR: تَرَجَّحَ / تَدَلَّى / تَهَادَى
FR: se balancer / osciller / pendre / s'agiter / balancer

Definition:
(EN) Verb meaning to move back and forth or side to side while hanging from something, like a child on a swing or a pendulum in a clock.

Example: بچے باغ میں جھولا جھول رہے ہیں۔

Translation: Children are swinging (rocking) on the swing in the garden.

Root Word: Sanskrit 'jhola'.

Synonyms: لٹکنا, ہچکولے کھانا"
"جھلانا","Translations:
EN: to cause to swing / to rock / to swing (active) / to shake
AR: أَرْجَحَ / هَزَّ / حَرَّكَ
FR: faire balancer / bercer / balancer (actif) / secouer

Definition:
(EN) Active verb meaning to move an object or a person (like a baby in a cradle) back and forth to calm them or to play.

Example: ماں بچے کو جھولا جھلا رہی ہے۔

Translation: The mother is rocking (swinging) the baby in the cradle.

Root Word: Sanskrit 'jhola'.

Synonyms: ہلانا, جھولنا (active form)"
"آویزاں ہونا","Translations:
EN: to be suspended / to be hanging / to be appended / to be displayed
AR: عُلِّقَ / تَدَلَّى / عُرِضَ
FR: être suspendu / être accroché / être annexé / être affiché

Definition:
(EN) Formal compound verb describing the state of a picture on a wall, a sign on a door, or a fruit on a branch.

Example: دیوار پر ایک خوبصورت تصویر آویزاں تھی۔

Translation: A beautiful picture was hanging (suspended) on the wall.

Root Word: Persian 'āwezāñ' + Urdu 'honā'.

Synonyms: لٹکنا, موجود ہونا"
"آویزاں کرنا","Translations:
EN: to hang up / to suspend / to post (active) / to display
AR: عَلَّقَ / ثَبَّتَ / نَشَرَ
FR: accrocher / suspendre / afficher (actif) / exposer

Definition:
(EN) Formal active compound verb meaning to put a notice, a map, or a decoration in a high place where everyone can see it.

Example: نوٹس بورڈ پر نیا اشتہار آویزاں کر دیا گیا۔

Translation: The new advertisement was posted (hung up) on the notice board.

Root Word: Persian 'āwezāñ' + Urdu 'karnā'.

Synonyms: لٹکانا, لگانا"
"چپکنا","Translations:
EN: to stick / to adhere / to cling / to be compressed / to be flat
AR: اِلْتَصَقَ / اِلْتَزَقَ / اِنْضَمَّ
FR: coller / adhérer / s'accrocher / être compressé / être plat

Definition:
(EN) Verb meaning for two surfaces to stay together because of glue, or for a person to stay very close to someone else out of fear or love.

Example: گیلی مٹی جوتوں کے ساتھ چپک گئی۔

Translation: The wet mud stuck (adhered) to the shoes.

Root Word: Sanskrit 'cippa'.

Synonyms: جڑنا, چمٹنا"
"چپکانا","Translations:
EN: to stick / to paste / to glue / to compress (active) / to slap
AR: لَصَقَ / ثَبَّتَ بِالغِرَاء / صَفَعَ
FR: coller / encoller / coller / compresser (actif) / gifler

Definition:
(EN) Active verb meaning to use glue or tape to join two things together, or informally to give someone a hard slap on the face.

Example: اس نے لفافے پر ٹکٹ چپکا دیا۔

Translation: He pasted (stuck) the stamp on the envelope.

Root Word: Sanskrit 'cippa'.

Synonyms: جوڑنا, لگانا"
"جڑنا","Translations:
EN: to be joined / to be united / to be set (with jewels) / to be coupled
AR: اِتَّصَلَ / اِلْتَحَمَ / تَرَصَّعَ
FR: être joint / être uni / être serti (de bijoux) / être couplé

Definition:
(EN) Verb meaning for two broken parts to become one again, or for a ring to have diamonds fixed into it.

Example: ٹوٹی ہوئی ہڈی دوبارہ جڑ گئی۔

Translation: The broken bone joined (united) again.

Root Word: Sanskrit 'juṭa'.

Synonyms: ملنا, منسلک ہونا"
"منسلک کرنا","Translations:
EN: to annex / to attach / to link / to connect / to append
AR: أَلْحَقَ / رَبَطَ / وَصَلَ
FR: annexer / attacher / lier / connecter / annexer

Definition:
(EN) Formal compound verb meaning to join a document to a letter, to link two ideas together, or to annex a small territory to a large country.

Example: درخواست کے ساتھ اسناد منسلک کریں۔

Translation: Attach (append) the certificates with the application.

Root Word: Arabic 'munsalik' + Urdu 'karnā'.

Synonyms: جوڑنا, ملانا"
"ٹانکنا","Translations:
EN: to stitch / to cobble / to append / to jot down / to patch
AR: خاطَ / رَقَعَ / دَوَّنَ سَرِيعًا
FR: recoudre / saveter / annexer / noter rapidement / rapiécer

Definition:
(EN) Verb meaning to use a needle and thread to fix a button or a small hole, or figuratively to quickly write down a few notes.

Example: قمیض پر بٹن ٹانک دو۔

Translation: Stitch (append) the button on the shirt.

Root Word: Sanskrit 'ṭaṅka'.

Synonyms: سینا, لگانا"
"سینا","Translations:
EN: to sew / to stitch / to tailor
AR: خاطَ / حَاكَ
FR: coudre / piquer / tailler

Definition:
(EN) Verb meaning to use a needle, thread, or a machine to make clothes or to close a long wound in the skin.

Example: وہ اپنے کپڑے خود سیتی ہے۔

Translation: She sews (tailors) her clothes herself.

Root Word: Sanskrit 'sīvana'.

Synonyms: ٹانکنا, بخیہ کرنا"
"ادھیڑنا","Translations:
EN: to undo / to unravel / to strip / to skin / to expose
AR: فَكَّ الخِيَاطَة / نَقَضَ / سَلَخَ / كَشَفَ
FR: défaire / découdre / dépouiller / écorcher / exposer

Definition:
(EN) Verb meaning to pull out the stitches from a cloth, or figuratively to reveal the hidden secrets of a person's life.

Example: پرانی سویٹر کو ادھیڑ کر اون نکالی گئی۔

Translation: The wool was taken out after unravelling (undoing) the old sweater.

Root Word: Sanskrit 'ud-bhedana'.

Synonyms: کھولنا, ننگا کرنا"
"ادھڑنا","Translations:
EN: to be undone / to be unraveled / to be stripped / to be frayed
AR: اِنْفَكَّتْ خِيَاطَتُهُ / اِنْتَقَضَ
FR: être défait / être décousu / être dépouillé / être effiloché

Definition:
(EN) Verb describing the state of stitches coming out of a shirt or a person's skin wound opening up by itself.

Example: بکسے کے کونے سے سلائی ادھڑ گئی ہے۔

Translation: The stitching has become undone (unraveled) from the corner of the box.

Root Word: Sanskrit 'ud-bhedana'.

Synonyms: کھلنا, پھٹنا"
"چیرنا","Translations:
EN: to rend / to tear / to split / to slit / to saw
AR: شَقَّ / مَزَّقَ / شَرَطَ / نَشَرَ (بِالمِنْشَار)
FR: déchirer / déchirer / fendre / fendre / scier

Definition:
(EN) Verb meaning to use a knife, a saw, or your hands to cut something along its length (like wood, cloth, or skin during surgery).

Example: اس نے لکڑی کو کلہاڑی سے چیر دیا۔

Translation: He split (sawed) the wood with an axe.

Root Word: Sanskrit 'cīra'.

Synonyms: پھاڑنا, کاٹنا"
"پھاڑنا","Translations:
EN: to tear / to rend / to split / to lacerate / to burst
AR: مَزَّقَ / هَتَكَ / شَقَّ
FR: déchirer / déchirer / fendre / lacérer / éclater

Definition:
(EN) Verb meaning to pull a piece of paper or cloth into two or more parts using force, or for a loud sound to tear the air.

Example: غصے میں اس نے خط پھاڑ دیا۔

Translation: He tore (rent) the letter in anger.

Root Word: Sanskrit 'sphāṭana'.

Synonyms: چیرنا, ہتک کرنا"
"اغوا کرنا","Translations:
EN: to abduct / to kidnap / to carry off / to hijack
AR: اِخْتَطَفَ / سَبَى / جَذَبَ
FR: enlever / kidnapper / emmener / détourner

Definition:
(EN) Compound verb meaning to take a person away by force or deceit, often to ask for money or for a political reason.

Example: دہشت گردوں نے مسافروں کو اغوا کر لیا۔

Translation: The terrorists abducted (kidnapped) the passengers.

Root Word: Arabic 'aghwā' (seducing/misleading) + Urdu 'karnā'.

Synonyms: اٹھا لے جانا, پکڑنا"
"حبس میں رکھنا","Translations:
EN: to keep in confinement / to imprison / to detain / to hold back
AR: حَبَسَ / اِحْتَجَزَ / قَيَّدَ
FR: maintenir en détention / emprisonner / détenir / retenir

Definition:
(EN) Formal compound verb meaning to keep a person in a small room or jail where they cannot leave or talk to anyone.

Example: اسے غیر قانونی طور پر حبس میں رکھا گیا۔

Translation: He was kept in confinement (detained) illegally.

Root Word: Arabic 'ḥabs' + Urdu 'mein rakhnā'.

Synonyms: قید کرنا, بند کرنا"
"واگزار کرنا","Translations:
EN: to release / to relinquish / to leave open / to restore property
AR: أَطْلَقَ سَرَاح / أَعَادَ المِلْكِيَّة / تَرَكَ
FR: libérer / abandonner / laisser ouvert / restaurer la propriété

Definition:
(EN) High formal compound verb meaning to give back land or a building to its owner, or to release someone from a promise/debt.

Example: حکومت نے غصب شدہ زمینیں واگزار کر لیں۔

Translation: The government restored (released) the seized lands.

Root Word: Persian 'wā' (back/open) + 'guzār' (leaving) + Urdu 'karnā'.

Synonyms: رہا کرنا, چھوڑنا"
"دست بردار ہونا","Translations:
EN: to withdraw / to relinquish / to renounce / to give up a claim
AR: تَنَازَلَ / اِعْتَزَلَ / تَخَلَّى عَن
FR: se retirer / renoncer / abandonner / renoncer à une réclamation

Definition:
(EN) High formal compound verb meaning to officially say that you do not want your right, your job, or your property anymore.

Example: وہ اپنے عہدے سے دست بردار ہو گیا۔

Translation: He relinquished (renounced) his position.

Root Word: Persian 'dast' (hand) + 'bardār' (taking away) + Urdu 'honā'.

Synonyms: چھوڑ دینا, دست کش ہونا"
"تھوکنا","Translations:
EN: to spit / to expectorate / to treat with contempt
AR: بَصَقَ / نَفَثَ / اِحْتَقَرَ
FR: cracher / expectorer / traiter avec mépris

Definition:
(EN) Verb meaning to force saliva out of your mouth, or figuratively to show that you have no respect at all for someone.

Example: زمین پر تھوکنا بری عادت ہے۔

Translation: To spit (expectorate) on the ground is a bad habit.

Root Word: Sanskrit 'thūtkāra'.

Synonyms: اگلنا, تھو تھو کرنا"
"اگلنا","Translations:
EN: to vomit / to spit out / to reveal (a secret) / to give back
AR: تَقَيَّأَ / لَفَظَ / أَفْشَى (سِرًّا) / أَعَادَ
FR: vomir / cracher / révéler (un secret) / rendre

Definition:
(EN) Verb meaning for the stomach to push food back up, or figuratively to finally tell a secret that you were hiding, or for a thief to give back stolen money.

Example: اس نے ڈر کے مارے سارا سچ اگل دیا۔

Translation: He revealed (spit out) the whole truth out of fear.

Root Word: Sanskrit 'ud-galana'.

Synonyms: تھوکنا, ظاہر کرنا"
"نگلنا","Translations:
EN: to swallow / to gulp down / to devour / to embezzle
AR: بَلَعَ / اِلْتَهَمَ / اِخْتَلَسَ
FR: avaler / engloutir / dévorer / détourner

Definition:
(EN) Verb meaning to move food or drink from your mouth down to your stomach, or figuratively to take someone's money illegally and hide it.

Example: بچہ سکہ نگل گیا۔

Translation: The child swallowed (gulped down) the coin.

Root Word: Sanskrit 'nigaraṇa'.

Synonyms: کھانا, ہضم کرنا"
"ڈکارنا","Translations:
EN: to belch / to bellow / to embezzle / to roar
AR: تَجَشَّأَ / خَارَ / اِخْتَلَسَ / زَأَرَ
FR: roter / beugler / détourner / rugir

Definition:
(EN) Verb meaning to let air out of the stomach with a sound after eating, or for an animal (like a bull) to make a loud sound, or to swallow someone's wealth.

Example: کھانا کھانے کے بعد اس نے زور سے ڈکار ماری۔

Translation: He belched (let air out) loudly after eating.

Root Word: Sanskrit 'ud-gāra'.

Synonyms: ہضم کرنا, چنگھاڑنا"
"ہضم کرنا","Translations:
EN: to digest / to embezzle / to tolerate / to stomach (an insult)
AR: هَضَمَ / اِخْتَلَسَ / تَحَمَّلَ
FR: digérer / détourner / tolérer / encaisser (une insulte)

Definition:
(EN) Compound verb meaning for the body to process food, or figuratively to keep stolen money for yourself without getting caught, or to accept a rude comment without fighting.

Example: وہ کسی کی تنقید ہضم نہیں کر سکتا۔

Translation: He cannot stomach (tolerate) anyone's criticism.

Root Word: Arabic 'hazam' + Urdu 'karnā'.

Synonyms: پچانا, برداشت کرنا"
"چبانا","Translations:
EN: to chew / to masticate / to crunch / to gnash (teeth)
AR: مَضَغَ / قَضَمَ / صَرَّ (الأَسْنَان)
FR: mâcher / mastiquer / croquer / grincer (des dents)

Definition:
(EN) Verb meaning to use your teeth to break food into small pieces before swallowing, or to grind your teeth in anger.

Example: کھانا خوب چبا کر کھانا چاہیے۔

Translation: One should eat food after chewing (masticating) it well.

Root Word: Sanskrit 'carvaṇa'.

Synonyms: کترنا, کاٹنا"
"کترنا","Translations:
EN: to gnaw / to nibble / to clip / to pare / to cut out
AR: قَرَضَ / قَضَمَ / قَصَّ / فَصَّلَ
FR: ronge / grignoter / couper / rogner / découper

Definition:
(EN) Verb meaning to bite off small pieces (like a mouse with cheese or a tailor with cloth), or to clip wings/hair.

Example: چوہے نے کتاب کے صفحات کتر دیے۔

Translation: The mouse gnawed (nibbled) the pages of the book.

Root Word: Sanskrit 'kartana'.

Synonyms: چبانا, کاٹنا"
"چاٹنا","Translations:
EN: to lick / to lap / to polish off / to consume
AR: لَعِقَ / اِلْتَحَسَ / اِسْتَهْلَكَ
FR: lécher / laper / liquider / consommer

Definition:
(EN) Verb meaning to move your tongue over something to taste it, or for fire to lick a building, or informally to eat everything very fast.

Example: کتے نے دودھ چاٹ لیا۔

Translation: The dog lapped (licked) the milk.

Root Word: Sanskrit 'cāṭana'.

Synonyms: کھانا, ختم کرنا"
"چوسنا","Translations:
EN: to suck / to absorb / to exhaust / to extract juice
AR: مَصَّ / اِمْتَصَّ / اِسْتَنْفَدَ
FR: sucer / absorber / épuiser / extraire le jus

Definition:
(EN) Verb meaning to pull liquid into the mouth using the lips, or figuratively for a bad person to take away all the energy or money from someone else.

Example: بچہ انگوٹھا چوس رہا ہے۔

Translation: The child is sucking (absorbing) his thumb.

Root Word: Sanskrit 'cūṣaṇa'.

Synonyms: پینا, جذب کرنا"
"سونگھنا","Translations:
EN: to smell / to sniff / to scent / to perceive
AR: شَمَّ / اِسْتَنْشَقَ / شَعَرَ بِـ
FR: sentir / renifler / flairer / percevoir

Definition:
(EN) Verb meaning to use your nose to find out the odor of a flower, food, or a gas leak.

Example: کتا ہر چیز کو سونگھتا ہے۔

Translation: The dog sniffs (smells) everything.

Root Word: Sanskrit 'siṅghana'.

Synonyms: خوشبو لینا, بو پانا"
"چکھنا","Translations:
EN: to taste / to relish / to experience (suffering) / to try
AR: ذَاقَ / اِسْتَطْعَمَ / عَانَى / جَرَّبَ
FR: goûter / savourer / éprouver (souffrance) / essayer

Definition:
(EN) Verb meaning to put a small amount of food/drink in your mouth to see if it is good, or figuratively to experience a feeling like victory or pain.

Example: ذرا نمک چکھ کر بتاؤ۔

Translation: Just taste (experience) the salt and tell me.

Root Word: Sanskrit 'cakṣa'.

Synonyms: مزہ لینا, آزمائنا"
"چھونا","Translations:
EN: to touch / to feel / to meddle with / to reach
AR: لَمَسَ / مَسَّ / عَبِثَ بِـ
FR: toucher / tâter / se mêler de / atteindre

Definition:
(EN) Verb meaning to put your hand or a part of your body on something, or figuratively to reach a high level or to disturb a sensitive topic.

Example: اس خوبصورت پھول کو مت چھونا۔

Translation: Do not touch (feel) this beautiful flower.

Root Word: Sanskrit 'chup'.

Synonyms: مس کرنا, ہاتھ لگانا"
"چھڑنا","Translations:
EN: to be touched / to be started / to be provoked (a fight) / to be played
AR: بُدِئَ / اِسْتُفِزَّ / عُزِفَ
FR: être touché / être commencé / être provoqué (une bagarre) / être joué

Definition:
(EN) Verb meaning for a war, a song, or a long discussion to begin suddenly, often because of a small reason.

Example: دونوں ملکوں کے درمیان جنگ چھڑ گئی۔

Translation: War started (was provoked) between the two countries.

Root Word: Sanskrit 'kṣubh'.

Synonyms: شروع ہونا, برپا ہونا"
"چھیڑنا","Translations:
EN: to touch / to provoke / to irritate / to tease / to start (a song)
AR: اِسْتَفَزَّ / ضَايَقَ / تَلَاعَبَ / بَدَأَ (عَزْفًا)
FR: toucher / provoquer / irriter / taquiner / commencer (une chanson)

Definition:
(EN) Active verb meaning to annoy someone on purpose, to start playing a musical instrument, or to bring up a topic that makes people emotional.

Example: اسے مت چھیڑو، وہ پہلے ہی غصے میں ہے۔

Translation: Do not provoke (tease) him, he is already angry.

Root Word: Sanskrit 'kṣubh'.

Synonyms: تنگ کرنا, شروع کرنا"
"ساز چھیڑنا","Translations:
EN: to strike a chord / to play music / to begin a melody
AR: عَزَفَ لَحْنًا / بَدَأَ العَزْف
FR: pincer une corde / jouer de la musique / entonner une mélodie

Definition:
(EN) Idiomatic compound verb meaning to start playing a musical instrument, or figuratively to start a specific type of emotional conversation.

Example: اس نے محبت کا ساز چھیڑ دیا۔

Translation: He struck the chord (began the melody) of love.

Root Word: Persian 'sāz' + Urdu 'chheeṛnā'.

Synonyms: بجانا, نغمہ سرائی کرنا"
"گونجنا","Translations:
EN: to echo / to resound / to ring / to buzz
AR: رَنَّ / دَوَّى / رَدَّدَ الصَّدَى
FR: résonner / retentir / sonner / bourdonner

Definition:
(EN) Verb meaning for a sound to be heard again and again in a large room or a valley, or for a famous name to be known everywhere.

Example: ہال تالیوں سے گونج اٹھا۔

Translation: The hall resounded (echoed) with applause.

Root Word: Sanskrit 'guñja'.

Synonyms: آواز آنا, تھرتھرانا"
"سنائی دینا","Translations:
EN: to be heard / to be audible / to reach the ears
AR: سُمِعَ / كَانَ مَسْمُوعًا
FR: être entendu / être audible / parvenir aux oreilles

Definition:
(EN) Compound verb describing the experience of hearing a sound from far away or a voice through a wall.

Example: دور سے ڈھول کی آواز سنائی دے رہی تھی۔

Translation: The sound of the drum was being heard (was audible) from far away.

Root Word: Urdu 'sunnā' + 'denā'.

Synonyms: آواز آنا, گوش گزار ہونا"
"دکھائی دینا","Translations:
EN: to be visible / to appear / to look like / to be seen
AR: ظَهَرَ / بَدَا / شُوهِدَ
FR: être visible / apparaître / ressembler à / être vu

Definition:
(EN) Compound verb expressing the experience of seeing an object, or how a situation appears to your mind.

Example: دور سے ایک روشن ستارہ دکھائی دے رہا ہے۔

Translation: A bright star is visible (is seen) from far away.

Root Word: Urdu 'dekhnā' + 'denā'.

Synonyms: نظر آنا, نمودار ہونا"
"سجھائی دینا","Translations:
EN: to be perceived / to be understood / to be visible (in mind)
AR: تَبَيَّنَ / اِتَّضَحَ (لِلْعَقْل)
FR: être perçu / être compris / être visible (dans l'esprit)

Definition:
(EN) Compound verb used when an idea or a solution suddenly becomes clear to your mind after you were confused.

Example: مجھے اس مسئلے کا کوئی حل سجھائی نہیں دے رہا۔

Translation: No solution to this problem is being perceived (appearing) to me.

Root Word: Sanskrit 'śuddha'.

Synonyms: نظر آنا, سمجھ میں آنا"
"سجھانا","Translations:
EN: to suggest / to point out / to explain / to give an idea
AR: اِقْتَرَحَ / أَرْشَدَ / أَفْهَمَ
FR: suggérer / signaler / expliquer / donner une idée

Definition:
(EN) Active verb meaning to help someone find a way or a solution by giving them a good idea.

Example: اس نے مجھے ایک نئی ترکیب سجھائی۔

Translation: He suggested (gave an idea) a new trick to me.

Root Word: Sanskrit 'śuddha'.

Synonyms: بتانا, سمجھانا"
"تلقین کرنا","Translations:
EN: to instruct / to enjoin / to exhort / to advise strongly
AR: لَقَّنَ / وَعَظَ / نَصَحَ بِقُوَّة
FR: instruire / enjoindre / exhorter / conseiller fermement

Definition:
(EN) Formal compound verb meaning to give religious or moral advice to someone, often repeatedly, so they follow the right path.

Example: بزرگ ہمیشہ نیکی کی تلقین کرتے ہیں۔

Translation: Elders always instruct (exhort) towards goodness.

Root Word: Arabic 'talqeen' + Urdu 'karnā'.

Synonyms: سمجھانا, نصیحت کرنا"
"بہلانا","Translations:
EN: to amuse / to divert / to cheer up / to console
AR: سَلَّى / رَفَّهَ عَن / وَاسَى
FR: amuser / divertir / remonter le moral / consoler

Definition:
(EN) Verb meaning to make a child or a sad person happy by playing with them or showing them interesting things.

Example: کھلونے دے کر روتے ہوئے بچے کو بہلاؤ۔

Translation: Amuse (cheer up) the crying child by giving toys.

Root Word: Sanskrit 'vihlāyana'.

Synonyms: خوش کرنا, دل لگانا"
"پھسلانا","Translations:
EN: to cause to slip / to coax / to wheedle / to beguile
AR: أَزْلَقَ / تَمَلَّقَ / خَدَعَ
FR: faire glisser / amadouer / enjôler / séduire

Definition:
(EN) Verb meaning to make a surface slippery, or figuratively to use sweet words to make someone do something they wouldn't usually do.

Example: اس نے اپنی باتوں سے اسے پھسلا لیا۔

Translation: He coaxed (beguiled) him with his words.

Root Word: Sanskrit 'pichala'.

Synonyms: بہکانا, ورغلانا"
"ورغلانا","Translations:
EN: to deceive / to entice / to seduce / to decoy / to mislead
AR: أَغْوَى / غَرَّرَ / خَدَعَ
FR: tromper / allécher / séduire / leurrer / égarer

Definition:
(EN) Strong verb meaning to trick someone into a bad action or a crime by promising them something good or by telling lies.

Example: دشمن نے سپاہی کو ورغلانے کی کوشش کی۔

Translation: The enemy tried to entice (mislead) the soldier.

Root Word: Persian origin.

Synonyms: بہکانا, دھوکہ دینا"
"بہکنا","Translations:
EN: to be deceived / to stray / to err / to be intoxicated / to wander
AR: ضَلَّ / اِنْخَدَعَ / سَكِرَ
FR: être trompé / s'égarer / errer / être ivre / errer

Definition:
(EN) Verb meaning to lose the right path (moral or physical), to talk without sense because of fever/alcohol, or to be tricked by someone.

Example: وہ بری صحبت میں پڑ کر بہک گیا۔

Translation: He strayed (was deceived) by falling into bad company.

Root Word: Sanskrit 'vihlāyana'.

Synonyms: گمراہ ہونا, بھٹکنا"
"بہکانا","Translations:
EN: to deceive / to mislead / to intoxicate / to instigate
AR: أَضَلَّ / خَدَعَ / حَرَّضَ
FR: tromper / égarer / enivrer / instiguer

Definition:
(EN) Active verb meaning to lead someone away from the truth or from their duty by using lies or bad advice.

Example: شیطان انسان کو نیکی سے بہکاتا ہے۔

Translation: Satan misleads (deceives) man from goodness.

Root Word: Sanskrit 'vihlāyana'.

Synonyms: ورغلانا, گمراہ کرنا"
"دہشت زدہ ہونا","Translations:
EN: to be terrified / to be struck with terror / to be horrified
AR: ذُعِرَ / اِرْتَاعَ / اِرْتَعَدَ فَرَقًا
FR: être terrifié / être frappé de terreur / être horrifié

Definition:
(EN) Compound verb expressing the state of a person who is so scared that they cannot move or think, usually because of a sudden danger or a horrible sight.

Example: دھماکے کی آواز سن کر لوگ دہشت زدہ ہو گئے۔

Translation: People became terrified (horrified) after hearing the sound of the explosion.

Root Word: Arabic 'dehshat' (terror) + Persian 'zada' (struck) + Urdu 'honā'.

Synonyms: ڈرنا, خوف کھانا"
"دھمکانا","Translations:
EN: to threaten / to menace / to browbeat / to intimidate
AR: هَدَّدَ / تَوَعَّدَ / خَوَّفَ
FR: menacer / intimider / rudoyer / brimer

Definition:
(EN) Verb meaning to tell someone that you will hurt them or do something bad to them if they do not do what you want.

Example: اس نے گواہ کو دھمکانے کی کوشش کی۔

Translation: He tried to threaten (intimidate) the witness.

Root Word: Sanskrit 'dhamakka'.

Synonyms: ڈرانا, تڑی دینا"
"ہانپنا","Translations:
EN: to pant / to puff / to be out of breath / to gasp
AR: لَهَثَ / اِنْبَهَرَ (نَفَسُهُ)
FR: haleter / souffler / être essoufflé / haleter

Definition:
(EN) Verb meaning to breathe very fast and loudly with your mouth open, like a person after running a race or an old man climbing stairs.

Example: تیز دوڑنے کی وجہ سے وہ ہانپ رہا تھا۔

Translation: He was panting (puffing) because of running fast.

Root Word: Onomatopoeia.

Synonyms: سانس پھولنا, تھکنا"
"کھانسنا","Translations:
EN: to cough / to clear the throat
AR: سَعَلَ / تَنَحْنَحَ
FR: tousser / se racler la gorge

Definition:
(EN) Verb meaning to force air out of the lungs with a sudden loud noise, usually because of a sickness or a dry throat.

Example: سردی لگنے کی وجہ سے وہ رات بھر کھانستا رہا۔

Translation: He kept coughing throughout the night because of the cold.

Root Word: Sanskrit 'kāsa'.

Synonyms: کھانسی آنا, تنحنح کرنا"
"چھینکنا","Translations:
EN: to sneeze / to have a sneezing fit
AR: عَطَسَ
FR: éternuer / avoir une quinte d'éternuements

Definition:
(EN) Verb meaning to suddenly force air out through the nose and mouth in an uncontrolled way, usually because of dust or a cold.

Example: مرچوں کی خوشبو سے وہ چھینکنے لگا۔

Translation: He started sneezing because of the smell of chilies.

Root Word: Sanskrit 'chikka'.

Synonyms: چھینک آنا, نزلہ ہونا"
"قہقہہ لگانا","Translations:
EN: to laugh loudly / to guffaw / to burst into laughter
AR: قَهْقَهَ / ضَحِكَ بِأَعْلَى صَوْتِهِ
FR: rire aux éclats / éclater de rire / pouffer de rire

Definition:
(EN) Compound verb expressing a very loud and sudden sound of laughter, often because of a very funny joke or a successful trick.

Example: لطیفہ سن کر سب نے زور دار قہقہہ لگایا۔

Translation: Everyone burst into a loud laugh (guffawed) after hearing the joke.

Root Word: Arabic 'qahqaha' + Urdu 'lagānā'.

Synonyms: ہنسنا, کھلکھلانا"
"مسکرانا","Translations:
EN: to smile / to beam / to smirk
AR: تَبَسَّمَ / اِبْتَسَمَ
FR: sourire / rayonner / ricaner

Definition:
(EN) Verb meaning to make the corners of the mouth turn up to show that you are happy, friendly, or find something slightly funny.

Example: وہ ہمیشہ مسکرا کر بات کرتا ہے۔

Translation: He always speaks with a smile (beaming).

Root Word: Sanskrit 'muskara'.

Synonyms: ہنسنا, تبسم کرنا"
"بلکنا","Translations:
EN: to sob / to weep bitterly / to lament / to wail
AR: نَحَبَ / تَبَاكَى بِحُرْقَة / نَاحَ
FR: sangloter / pleurer amèrement / se lamenter / gémir

Definition:
(EN) Verb describing the state of a person (often a child) who is crying so hard that they are catching their breath and making broken sounds of grief.

Example: ماں کی یاد میں بچہ بلک رہا تھا۔

Translation: The child was sobbing (weeping bitterly) in memory of his mother.

Root Word: Sanskrit 'vilapana'.

Synonyms: رونا, دھاڑیں مار کر رونا"
"چیخنا","Translations:
EN: to scream / to shriek / to cry out / to yell
AR: صَرَخَ / صَاحَ / أَعْوَلَ
FR: crier / hurler / s'écrier / hurler

Definition:
(EN) Verb meaning to make a very loud, high, and sharp sound with the voice because of fear, pain, anger, or excitement.

Example: چوہے کو دیکھ کر لڑکی چیخنے لگی۔

Translation: The girl started screaming (shrieking) upon seeing the mouse.

Root Word: Sanskrit 'cītkāra'.

Synonyms: چلانا, پکارنا"
"پکارنا","Translations:
EN: to call / to shout / to invoke / to address
AR: نَادَى / اِسْتَنْجَدَ / دَعَا
FR: appeler / crier / invoquer / s'adresser à

Definition:
(EN) Verb meaning to call someone by their name to get their attention, or to shout for help, or to pray to God using a specific title.

Example: اس نے دور سے اپنے دوست کو پکاراُ۔

Translation: He called (addressed) his friend from far away.

Root Word: Sanskrit 'prakāra'.

Synonyms: بلانا, آواز دینا"
"تکلم کرنا","Translations:
EN: to converse / to speak / to discourse / to talk
AR: تَكَلَّمَ / حَادَثَ / خَاطَبَ
FR: converser / parler / discourir / parler

Definition:
(EN) High formal compound verb meaning to engage in speech or to have a conversation, often used in a literary or respectful context.

Example: آپ سے تکلم کرنا باعثِ فخر ہے۔

Translation: It is a matter of pride to converse (speak) with you.

Root Word: Arabic 'takallum' + Urdu 'karnā'.

Synonyms: بولنا, بات کرنا"
"ارشاد کرنا","Translations:
EN: to command / to direct / to say (honorable) / to instruct
AR: أَمَرَ / أَوْصَى / قَالَ (لِلْمُحْتَرَم)
FR: commander / diriger / dire (honorable) / instruire

Definition:
(EN) Respectful compound verb used when a senior, a teacher, or a leader speaks or gives a command. It is the polite way to say ""to say"".

Example: آپ نے کیا ارشاد کیا؟

Translation: What did you say (direct/command)?

Root Word: Arabic 'irshād' + Urdu 'karnā'.

Synonyms: فرمانا, کہنا"
"سماعت کرنا","Translations:
EN: to hear / to listen (legal/formal) / to grant a hearing
AR: سَمِعَ / نَظَرَ فِي (قَضِيَّة)
FR: entendre / écouter (juridique/formel) / accorder une audience

Definition:
(EN) High formal compound verb used for the sense of hearing, or specifically for a judge listening to the arguments in a court case.

Example: جج صاحب آج اس کیس کی سماعت کریں گے۔

Translation: The judge will hear (grant a hearing to) this case today.

Root Word: Arabic 'samāʿat' + Urdu 'karnā'.

Synonyms: سننا, توجہ دینا"
"مشاہدہ کرنا","Translations:
EN: to observe / to witness / to view / to contemplate
AR: شَاهَدَ / رَاقَبَ / لَاحَظَ
FR: observer / témoigner / voir / contempler

Definition:
(EN) Formal compound verb meaning to look at something very carefully to learn about it, or to witness an event as it happens.

Example: ہم نے چاند گرہن کا مشاہدہ کیا۔

Translation: We observed (viewed) the lunar eclipse.

Root Word: Arabic 'mushāhada' + Urdu 'karnā'.

Synonyms: دیکھنا, غور سے دیکھنا"
"محسوس کرنا","Translations:
EN: to feel / to perceive / to experience / to sense
AR: شَعَرَ بِـ / أَحَسَّ / أَدْرَكَ
FR: sentir / percevoir / éprouver / ressentir

Definition:
(EN) Compound verb meaning to have a physical sensation (like heat or cold) or an internal emotion (like sadness or joy) because of a situation.

Example: اس نے اپنی غلطی محسوس کر لی۔

Translation: He felt (perceived) his mistake.

Root Word: Arabic 'maḥsoos' + Urdu 'karnā'.

Synonyms: جاننا, پانا"
"سراہنا","Translations:
EN: to praise / to applaud / to admire / to appreciate
AR: اِسْتَحْسَنَ / أَثْنَى عَلَى / مَدَحَ
FR: louer / applaudir / admirer / apprécier

Definition:
(EN) Verb meaning to express approval and admiration for someone's work, a beautiful scene, or a good action.

Example: سب نے اس کی ہمت کو سراہا۔

Translation: Everyone praised (admired) his courage.

Root Word: Sanskrit 'slāghana'.

Synonyms: تعریف کرنا, داد دینا"
"چونکنا","Translations:
EN: to start / to be startled / to wake up suddenly / to be alert
AR: جَفَلَ / فَزِعَ / اِسْتَيْقَظَ فَجْأَة
FR: tressaillir / être surpris / se réveiller en sursaut / être alerte

Definition:
(EN) Verb meaning to move your body suddenly because of a surprise or a noise, or to suddenly wake up from sleep or a deep thought.

Example: شور سن کر وہ نیند سے چونک گیا۔

Translation: He was startled (woke up suddenly) from sleep hearing the noise.

Root Word: Sanskrit 'cyuta'.

Synonyms: ہڑبڑا کر اٹھنا, متوجہ ہونا"
"چونکانا","Translations:
EN: to startle / to rouse / to awaken (active) / to surprise
AR: أَجْفَلَ / أَفْزَعَ / أَيْقَظَ
FR: faire tressaillir / réveiller / éveiller (actif) / surprendre

Definition:
(EN) Active verb meaning to do something (like making a loud noise or telling a shock news) that makes another person jump with surprise or wake up.

Example: اس نے اچانک چیخ کر سب کو چونکا دیا۔

Translation: He startled (roused) everyone by screaming suddenly.

Root Word: Sanskrit 'cyuta'.

Synonyms: حیران کرنا, بیدار کرنا"
"شرمانا","Translations:
EN: to be ashamed / to be shy / to be bashful / to blush
AR: خَجِلَ / اِسْتَحْيَا / اِحْمَرَّ وَجْهُهُ
FR: avoir honte / être timide / être pudique / rougir

Definition:
(EN) Verb meaning to feel embarrassed because of a mistake, or to feel shy when meeting a new person, making the face look red.

Example: وہ تعریف سن کر شرما گئی۔

Translation: She blushed (felt shy) after hearing the praise.

Root Word: Persian 'sharm' + Urdu 'ānā'.

Synonyms: لجانا, حیا کرنا"
"کانپنا","Translations:
EN: to tremble / to shake / to shiver / to quiver
AR: اِرْتَعَدَ / اِرْتَجَفَ / اِهْتَزَّ
FR: trembler / secouer / grelotter / frémir

Definition:
(EN) Verb meaning for the body to shake uncontrollably because of cold weather, intense fear, or extreme weakness.

Example: خوف سے اس کے ہاتھ کانپ رہے تھے۔

Translation: His hands were trembling (shaking) with fear.

Root Word: Sanskrit 'kampana'.

Synonyms: لرزنا, تھرتھرانا"
"سرنگوں ہونا","Translations:
EN: to be bowed down / to hang the head / to be humbled / to surrender
AR: نَكَسَ رَأْسَهُ / خَضَعَ / اِسْتَسْلَمَ
FR: être incliné / baisser la tête / être humilié / se rendre

Definition:
(EN) High formal compound verb meaning to lower the head because of shame, sadness, or as a sign of complete defeat and respect.

Example: شکست کے بعد دشمن سرنگوں ہو گیا۔

Translation: After the defeat, the enemy was bowed down (humbled).

Root Word: Persian 'sar' (head) + 'nigūn' (lowered) + Urdu 'honā'.

Synonyms: جھکنا, شرمندہ ہونا"
"مسخر کرنا","Translations:
EN: to subdue / to conquer / to subject / to bring under control
AR: سَخَّرَ / غَلَبَ / طَوَّعَ
FR: subjuguer / conquérir / soumettre / mettre sous contrôle

Definition:
(EN) High formal compound verb meaning to use power, knowledge, or technology to bring an army, a nation, or even a planet under your total rule.

Example: انسان نے فضاؤں کو مسخر کر لیا ہے۔

Translation: Man has subdued (conquered) the skies.

Root Word: Arabic 'musakh-khar' + Urdu 'karnā'.

Synonyms: فتح کرنا, قابو پانا"
"اکڑنا","Translations:
EN: to be stiff / to strut / to be arrogant / to cramp / to tighten
AR: تَعَظَّمَ / تَبَاهَى / تَشَنَّجَ
FR: être raide / se pavaner / être arrogant / avoir des crampes / se tendre

Definition:
(EN) Verb meaning for muscles to become hard and painful, or figuratively for a person to walk with pride and look down on others.

Example: دولت پا کر وہ بہت اکڑنے لگا ہے۔

Translation: He has started to strut (be arrogant) after getting wealth.

Root Word: Sanskrit 'arka'.

Synonyms: غرور کرنا, اینٹھنا"
"سنبھلنا","Translations:
EN: to be supported / to recover / to be careful / to manage / to be steady
AR: تَمَاسَكَ / تَعَافَى / اِحْتَاطَ
FR: être soutenu / se rétablir / faire attention / s'organiser / être stable

Definition:
(EN) Verb meaning to regain balance after a slip, to start feeling better after a tragedy, or to start behaving responsibly.

Example: ٹھوکر لگنے کے بعد وہ جلدی سے سنبھل گیا۔

Translation: He quickly recovered (regained balance) after tripping.

Root Word: Sanskrit 'stambhana'.

Synonyms: ٹھیک ہونا, ہوشیار ہونا"
"سنبھالنا","Translations:
EN: to support / to manage / to take care of / to restrain (active) / to handle
AR: سَانَدَ / أَدَارَ / اِعْتَنَى بِـ / كَبَحَ
FR: soutenir / gérer / s'occuper de / retenir (actif) / manipuler

Definition:
(EN) Active verb meaning to catch a falling object, to run a business, to look after an orphan, or to control your emotions.

Example: اس نے اپنے آپ کو مشکل وقت میں سنبھالا۔

Translation: He managed (restrained) himself during difficult times.

Root Word: Sanskrit 'stambhana'.

Synonyms: تھامنا, انتظام کرنا"
"تھامنا","Translations:
EN: to support / to prop / to hold / to stop / to restrain
AR: أَمْسَكَ / سَنَدَ / أَوْقَفَ / كَبَحَ
FR: soutenir / étayer / tenir / arrêter / retenir

Definition:
(EN) Verb meaning to hold something tightly with the hand so it doesn't fall, or to stop a flowing liquid or a moving crowd.

Example: گرتے ہوئے بچے کو اس نے ہاتھ سے تھام لیا۔

Translation: He held (supported) the falling child with his hand.

Root Word: Sanskrit 'stambhana'.

Synonyms: سنبھالنا, پکڑنا"
"مانع ہونا","Translations:
EN: to be a hindrance / to prevent / to prohibit / to forbid
AR: مَنَعَ / كَانَ حَائِلاً / حَرَّمَ
FR: être un obstacle / empêcher / prohiber / interdire

Definition:
(EN) High formal compound verb used when a law, a rule, or a physical barrier stops an action from happening.

Example: اس کا غرور ترقی کی راہ میں مانع ہے۔

Translation: His pride is a hindrance (prevents) in the way of progress.

Root Word: Arabic 'māniʿ' + Urdu 'honā'.

Synonyms: روکنا, حائل ہونا"
"ٹالنا","Translations:
EN: to avert / to postpone / to put off / to avoid / to evade
AR: أَجَّلَ / دَفَعَ (بَلاءً) / تَجَنَّبَ
FR: écarter / reporter / remettre à plus tard / éviter / éluder

Definition:
(EN) Verb meaning to move a task to a later date, to avoid answering a difficult question, or for God to turn away a disaster from a person.

Example: آج کا کام کل پر مت ٹالو۔

Translation: Do not postpone (put off) today's work until tomorrow.

Root Word: Sanskrit 'ṭala'.

Synonyms: ہٹانا, ملتوی کرنا"
"کترانا","Translations:
EN: to slink away / to avoid / to edge away / to bypass
AR: تَهَرَّبَ / تَحَاشَى / اِنْزَوَى
FR: s'esquiver / éviter / s'écarter / contourner

Definition:
(EN) Verb meaning to walk in a way that avoids meeting someone you don't like, or to move past a crowd quickly without touching anyone.

Example: وہ قرض داروں کو دیکھ کر کترا جاتا ہے۔

Translation: He avoids (slinks away) upon seeing the creditors.

Root Word: Sanskrit 'kartana'.

Synonyms: بچ کر نکلنا, پہلو تہی کرنا"
"پیچھا کرنا","Translations:
EN: to follow / to pursue / to chase / to track
AR: طَارَدَ / تَعَقَّبَ / لَحِقَ بِـ
FR: suivre / poursuivre / chasser / traquer

Definition:
(EN) Compound verb meaning to go after someone who is running away, or to consistently follow an idea or a career goal.

Example: پولیس نے چور کا دور تک پیچھا کیا۔

Translation: The police pursued (chased) the thief for a long distance.

Root Word: Urdu 'peechhā' (back/rear) + 'karnā'.

Synonyms: تعاقب کرنا, پیچھے جانا"
"کھوجنا","Translations:
EN: to search / to track / to explore / to investigate / to find out
AR: بَحَثَ / اِسْتَكْشَفَ / فَتَّشَ
FR: chercher / traquer / explorer / enquêter / découvrir

Definition:
(EN) Verb meaning to look for something very carefully, like a detective looking for clues or a scientist exploring a new planet.

Example: وہ کئی دنوں سے اس پرانی کتاب کو کھوج رہا ہے۔

Translation: He has been searching (exploring) for that old book for many days.

Root Word: Sanskrit 'khoj'.

Synonyms: تلاش کرنا, تحقیق کرنا"
"کھوج لگانا","Translations:
EN: to track down / to trace / to discover / to find a clue
AR: تَعَقَّبَ / كَشَفَ الأَثَر / اِكْتَشَفَ
FR: traquer / tracer / découvrir / trouver un indice

Definition:
(EN) Compound verb meaning to finally find where someone is or how something happened after a long and difficult search.

Example: پولیس نے آخرکار مجرم کا کھوج لگا لیا۔

Translation: The police finally tracked down (discovered) the criminal.

Root Word: Urdu 'khoj' + 'lagānā'.

Synonyms: پتہ لگانا, سراغ لگانا"
"تلاش کرنا","Translations:
EN: to search / to seek / to look for / to hunt
AR: بَحَثَ عَنْ / فَتَّشَ / طَلَبَ
FR: chercher / rechercher / quérir / chasser

Definition:
(EN) Formal compound verb meaning to make an effort to find a person, a place, or an object that is missing or needed.

Example: میں نوکری تلاش کر رہا ہوں۔

Translation: I am searching (seeking) for a job.

Root Word: Arabic 'talāsh' + Urdu 'karnā'.

Synonyms: ڈھونڈنا, کھوجنا"
"دستیاب ہونا","Translations:
EN: to be available / to be obtainable / to be at hand
AR: تَوَفَّرَ / كَانَ مُتَاحًا
FR: être disponible / être obtenable / être à portée de main

Definition:
(EN) Formal compound verb describing an object, a service, or a person that is ready to be used or can be easily found.

Example: یہ کتاب ہر دکان پر دستیاب ہے۔

Translation: This book is available (obtainable) at every shop.

Root Word: Persian 'dast' (hand) + 'yāb' (finding) + Urdu 'honā'.

Synonyms: ملنا, میسر ہونا"
"میسر آنا","Translations:
EN: to be provided / to be available / to be attained / to be easy
AR: تَيَسَّرَ / حَصَلَ عَلَى / وُجِدَ
FR: être fourni / être disponible / être atteint / être facile

Definition:
(EN) Formal compound verb meaning for a blessing, a facility, or an opportunity to become possible for a person by God's grace or luck.

Example: اسے پڑھنے کا موقع مشکل سے میسر آیا۔

Translation: He attained (was provided) the opportunity to study with difficulty.

Root Word: Arabic 'muyassar' + Urdu 'ānā'.

Synonyms: دستیاب ہونا, حاصل ہونا"
"گنوانا","Translations:
EN: to lose / to waste / to squander / to let go
AR: أَضَاعَ / أَهْدَرَ / فَقَدَ
FR: perdre / gaspiller / prodiguer / laisser partir

Definition:
(EN) Verb meaning to lose something precious (like respect, time, or a life) through one's own mistakes or laziness.

Example: اس نے سستی کی وجہ سے سنہری موقع گنوا دیا۔

Translation: He squandered (lost) a golden opportunity due to laziness.

Root Word: Sanskrit 'gan'.

Synonyms: کھونا, ضائع کرنا"
"سرقہ کرنا","Translations:
EN: to steal / to plagiarize / to lift (ideas) / to pilfer
AR: سَرَقَ / اِنْتَحَلَ / اِخْتَلَسَ
FR: voler / plagier / piquer (idées) / chiper

Definition:
(EN) High formal compound verb meaning to take someone else's physical property, or specifically to copy someone else's writing and call it your own.

Example: اس نے دوسرے مصنف کی تحریر کا سرقہ کیا۔

Translation: He plagiarized (stole) the writing of another author.

Root Word: Arabic 'sarqa' + Urdu 'karnā'.

Synonyms: چرانا, ڈاکہ ڈالنا"
"پوشیدہ رکھنا","Translations:
EN: to keep hidden / to keep secret / to conceal / to mask
AR: أَخْفَى / كَتَمَ / سَتَرَ
FR: garder caché / garder secret / dissimuler / masquer

Definition:
(EN) Formal compound verb meaning to intentionally prevent a fact, a feeling, or an object from being seen or known by others.

Example: اس نے اپنا مقصد سب سے پوشیدہ رکھا۔

Translation: He kept his goal hidden (secret) from everyone.

Root Word: Persian 'posheeda' + Urdu 'rakhnā'.

Synonyms: چھپانا, راز میں رکھنا"
"نمایاں کرنا","Translations:
EN: to make prominent / to manifest / to display / to highlight
AR: أَبْرَزَ / أَظْهَرَ / جَعَلَهُ مَرْئِيًّا
FR: rendre proéminent / manifester / afficher / mettre en évidence

Definition:
(EN) Formal compound verb meaning to make something stand out so it is easily noticed by everyone, like highlighting a word or making a person famous.

Example: اس نے اپنی کارکردگی سے ملک کا نام نمایاں کیا۔

Translation: He made the country's name prominent (manifest) through his performance.

Root Word: Persian 'numāyān' + Urdu 'karnā'.

Synonyms: دکھانا, واضح کرنا"
"گوش گزار کرنا","Translations:
EN: to bring to notice / to inform (auditory) / to mention / to tell
AR: أَبْلَغَ / أَسْمَعَ / أَخْبَرَ
FR: porter à l'attention / informer (auditif) / mentionner / raconter

Definition:
(EN) High formal compound verb meaning to politely say something so that the listener hears it and takes notice of it.

Example: میں نے اپنی عرضی صاحب کے گوش گزار کر دی۔

Translation: I brought my request to the notice (informed) of the master.

Root Word: Persian 'gosh' (ear) + 'guzār' (passing) + Urdu 'karnā'.

Synonyms: سنانا, عرض کرنا"
"مطلع کرنا","Translations:
EN: to inform / to apprise / to reveal / to announce
AR: أَعْلَمَ / أَخْبَرَ / أَطْلَعَ عَلَى
FR: informer / aviser / révéler / annoncer

Definition:
(EN) Formal compound verb meaning to give information or news to someone about a specific event or a decision.

Example: اسے وقت پر فیصلے سے مطلع کر دیا گیا۔

Translation: He was informed (apprised) of the decision on time.

Root Word: Arabic 'maṭlaʿ' + Urdu 'karnā'.

Synonyms: بتانا, خبر دینا"
"روپوش ہونا","Translations:
EN: to go into hiding / to abscond / to go underground / to disappear
AR: تَوَارَى عَنِ الأَنْظَار / اِخْتَبَأَ / هَرَبَ
FR: se cacher / s'enfuir / entrer dans la clandestinité / disparaître

Definition:
(EN) Formal compound verb meaning to hide from the police or from the public so that nobody can find you, often used for criminals.

Example: پولیس کے ڈر سے ملزم روپوش ہو گیا۔

Translation: The accused went into hiding (absconded) out of fear of the police.

Root Word: Persian 'ro' (face) + 'posh' (covering) + Urdu 'honā'.

Synonyms: چھپنا, غائب ہونا"
"ابھرنا","Translations:
EN: to rise / to emerge / to swell / to be prominent / to recover
AR: بَرَزَ / ظَهَرَ / نَشَأَ / نَهَضَ
FR: s'élever / émerger / gonfler / être proéminent / se rétablir

Definition:
(EN) Verb meaning to come up from under the water, for a new star to appear, or for a leader to become powerful among the people.

Example: سورج پہاڑوں کے پیچھے سے ابھرا۔

Translation: The sun emerged (rose) from behind the mountains.

Root Word: Sanskrit 'ud-bha'.

Synonyms: نکلنا, نمایاں ہونا"
"غرق ہونا","Translations:
EN: to be drowned / to be immersed / to be absorbed / to be ruined
AR: غَرِقَ / اِنْغَمَسَ / اِسْتَغْرَقَ
FR: être noyé / être immergé / être absorbé / être ruiné

Definition:
(EN) Formal compound verb meaning to go down under the water (like a ship), or figuratively to be completely lost in thought or to be destroyed by a disaster.

Example: وہ اپنے خیالوں میں غرق تھا۔

Translation: He was absorbed (immersed) in his thoughts.

Root Word: Arabic 'gharq' + Urdu 'honā'.

Synonyms: ڈوبنا, محو ہونا"
"تیرنا","Translations:
EN: to swim / to float / to glide / to drift
AR: سَبَحَ / طَفَا / جَرَى
FR: nager / flotter / glisser / dériver

Definition:
(EN) Verb meaning to move through the water using your arms and legs, or for a light object (like a leaf) to stay on the surface of the water.

Example: مچھلیاں پانی میں تیر رہی ہیں۔

Translation: The fish are swimming (floating) in the water.

Root Word: Sanskrit 'tra'.

Synonyms: طرنا, بہنا"
"ہچکچانا","Translations:
EN: to hesitate / to falter / to waver / to feel shy
AR: تَرَدَّدَ / تَلَعْثَمَ / اِسْتَحْيَا
FR: hésiter / chanceler / vaciller / être timide

Definition:
(EN) Verb meaning to pause before doing something because you are nervous, unsure, or embarrassed.

Example: مدد مانگنے میں ہچکچانا نہیں چاہیے۔

Translation: One should not hesitate (falter) in asking for help.

Root Word: Sanskrit 'hikk'.

Synonyms: تذبذب کرنا, شرمانا"
"گریز کرنا","Translations:
EN: to avoid / to shun / to evade / to fly from / to abstain
AR: تَجَنَّبَ / هَرَبَ مِن / اِعْتَزَلَ
FR: éviter / fuir / éluder / s'abstenir

Definition:
(EN) Formal compound verb meaning to intentionally stay away from a person, a place, or a specific behavior (like telling lies).

Example: ہمیں جھوٹ بولنے سے گریز کرنا چاہیے۔

Translation: We should avoid (abstain from) telling lies.

Root Word: Persian 'gureiz' + Urdu 'karnā'.

Synonyms: بچنا, پرہیز کرنا"
"انحراف کرنا","Translations:
EN: to deviate / to swerve / to rebel / to turn aside / to decline
AR: اِنْحَرَفَ / تَمَرَّدَ / مَالَ عَن
FR: dévier / s'écarter / se rebeller / décliner

Definition:
(EN) High formal compound verb meaning to go away from the right path, a rule, or a promise, often used for political or religious rebellion.

Example: اس نے اپنے اصولوں سے انحراف نہیں کیا۔

Translation: He did not deviate (swerve) from his principles.

Root Word: Arabic 'inhirāf' + Urdu 'karnā'.

Synonyms: پھر جانا, بغاوت کرنا"
"اختلاف کرنا","Translations:
EN: to disagree / to differ / to oppose / to contradict
AR: اِخْتَلَفَ / عَارَضَ / نَاقَضَ
FR: être en désaccord / différer / s'opposer / contredire

Definition:
(EN) Compound verb meaning to have a different opinion from someone else or to find a mismatch between two facts.

Example: میں آپ کی اس بات سے اختلاف کرتا ہوں۔

Translation: I disagree (differ) with this point of yours.

Root Word: Arabic 'ikhtilāf' + Urdu 'karnā'.

Synonyms: الگ رائے رکھنا, مخالفت کرنا"
"اعتراف کرنا","Translations:
EN: to confess / to acknowledge / to admit / to recognize
AR: اِعْتَرَفَ / أَقَرَّ بـ / سَلَّمَ بـ
FR: confesser / reconnaître / admettre / avouer

Definition:
(EN) Compound verb meaning to say that something is true, especially when you have done something wrong or when you are praising someone's success.

Example: اس نے اپنی غلطی کا اعتراف کر لیا۔

Translation: He confessed (admitted) his mistake.

Root Word: Arabic 'iʿtirāf' + Urdu 'karnā'.

Synonyms: مان لینا, اقرار کرنا"
"اصرار کرنا","Translations:
EN: to insist / to persist / to urge / to demand stubbornly
AR: أَصَرَّ / أَلَحَّ / طَالَبَ بِقُوَّة
FR: insister / persister / presser / exiger obstinément

Definition:
(EN) Compound verb meaning to keep saying or doing something firmly, even when others disagree or try to stop you.

Example: اس نے مجھے گھر لے جانے پر اصرار کیا۔

Translation: He insisted (urged) on taking me home.

Root Word: Arabic 'iṣrār' + Urdu 'karnā'.

Synonyms: ضد کرنا, زور دینا"
"تکرار کرنا","Translations:
EN: to repeat / to argue / to dispute / to altercate
AR: كَرَّرَ / جَادَلَ / خَاصَمَ
FR: répéter / argumenter / contester / se disputer

Definition:
(EN) Compound verb meaning to say the same thing again and again, or to engage in a loud and angry argument with someone.

Example: بات بات پر تکرار کرنا اچھی عادت نہیں۔

Translation: To argue (dispute) over every small thing is not a good habit.

Root Word: Arabic 'takrār' + Urdu 'karnā'.

Synonyms: بحث کرنا, جھگڑا کرنا"
"انکار کرنا","Translations:
EN: to deny / to refuse / to reject / to disavow
AR: أَنْكَرَ / رَفَضَ / جَحَدَ
FR: nier / refuser / rejeter / désavouer

Definition:
(EN) Compound verb meaning to say no to a request, or to state that you did not do something you are accused of.

Example: اس نے رشوت لینے سے صاف انکار کر دیا۔

Translation: He flatly refused (denied) taking the bribe.

Root Word: Arabic 'inkār' + Urdu 'karnā'.

Synonyms: منع کرنا, نا ماننا"
"اقرار کرنا","Translations:
EN: to promise / to agree / to confess / to covenant
AR: أَقَرَّ / وَعَدَ / عَاهَدَ
FR: promettre / accepter / confesser / s'engager

Definition:
(EN) Compound verb meaning to officially agree to do something, or to admit a truth (opposite of denial).

Example: ملزم نے اپنے جرم کا اقرار کر لیا۔

Translation: The accused confessed (admitted) his crime.

Root Word: Arabic 'iqrār' + Urdu 'karnā'.

Synonyms: وعدہ کرنا, ماننا"
"ایفا کرنا","Translations:
EN: to fulfill / to perform (a promise/duty) / to discharge
AR: أَوْفَى / أَتَمَّ / أَدَّى (وَاجِبًا)
FR: remplir / accomplir (promesse/devoir) / s'acquitter de

Definition:
(EN) High formal compound verb meaning to do exactly what you promised to do or what your duty requires.

Example: ہمیں اپنا وعدہ ایفا کرنا چاہیے۔

Translation: We should fulfill (perform) our promise.

Root Word: Arabic 'eefā' + Urdu 'karnā'.

Synonyms: پورا کرنا, نبھانا"
"بھگتنا","Translations:
EN: to suffer / to endure / to pay the penalty / to be finished
AR: عَانَى / تَحَمَّلَ / دَفَعَ الثَّمَن
FR: souffrir / endurer / payer le prix / être fini

Definition:
(EN) Verb meaning to face the bad consequences of your actions or a difficult situation, or to finish a boring/hard task.

Example: اسے اپنی غلطی کا خمیازہ بھگتنا پڑے گا۔

Translation: He will have to suffer (pay the penalty) for his mistake.

Root Word: Sanskrit 'bhukta'.

Synonyms: جھیلنا, برداشت کرنا"
"نبھانا","Translations:
EN: to fulfill / to carry out / to manage / to keep (a promise) / to get along
AR: أَتَمَّ / حَافَظَ عَلَى / عَاشَرَ
FR: remplir / exécuter / gérer / tenir (promesse) / s'entendre

Definition:
(EN) Verb meaning to continue a friendship or a marriage despite difficulties, or to strictly follow a promise until the end.

Example: اس نے مرتے دم تک دوستی نبھائی۔

Translation: He kept (fulfilled) the friendship until his last breath.

Root Word: Sanskrit 'nir-vaha'.

Synonyms: پورا کرنا, ایفا کرنا"
"نبٹنا","Translations:
EN: to be settled / to be finished / to deal with / to be decided
AR: اِنْتَهَى / حُسِمَ / تَعَامَلَ مَع
FR: être réglé / être fini / s'occuper de / être décidé

Definition:
(EN) Verb meaning to finish a piece of work, or to deal with a difficult person or a legal case so it is over.

Example: میں اس سے خود نبٹ لوں گا۔

Translation: I will deal with (settle with) him myself.

Root Word: Sanskrit 'nir-vṛtta'.

Synonyms: فارغ ہونا, تصفیہ ہونا"
"سلجھنا","Translations:
EN: to be disentangled / to be settled / to be solved / to become orderly
AR: اِنْحَلَّ / تَرَتَّبَ / اِنْفَضَّ (نِزَاع)
FR: être démêlé / être réglé / être résolu / devenir ordonné

Definition:
(EN) Verb meaning for a knotted thread to become straight, or for a very complicated problem or fight to finally become clear and easy.

Example: اب جا کر معاملہ کچھ سلجھا ہے۔

Translation: Now the matter has become somewhat settled (solved).

Root Word: Sanskrit 'su-lakṣ'.

Synonyms: حل ہونا, ٹھیک ہونا"
"سلجھانا","Translations:
EN: to disentangle / to solve / to unravel (active) / to settle
AR: حَلَّ / سَوَّى / رَتَّبَ
FR: démêler / résoudre / débrouiller (actif) / régler

Definition:
(EN) Active verb meaning to use your intelligence to find a solution to a difficult mystery or to fix a fight between two friends.

Example: ہمیں اس الجھن کو سلجھانا ہوگا۔

Translation: We have to solve (disentangle) this confusion.

Root Word: Sanskrit 'su-lakṣ'.

Synonyms: حل کرنا, ٹھیک کرنا"
"الجھنا","Translations:
EN: to be entangled / to be confused / to be embroiled / to fight
AR: اِشْتَبَكَ / اِرْتَبَكَ / تَوَرَّطَ / تَشَاجَرَ
FR: être emmêlé / être confus / être impliqué / se battre

Definition:
(EN) Verb meaning for threads to get knotted, or for a person to get into a complicated problem or a fight with someone else.

Example: وہ فضول بحث میں الجھ گیا۔

Translation: He became embroiled (entangled) in a useless argument.

Root Word: Sanskrit 'ulajhana'.

Synonyms: پھنسنا, بحث کرنا"
"الجھانا","Translations:
EN: to entangle / to confuse / to complicate (active) / to mislead
AR: شَبَّكَ / أَرْبَكَ / عَقَّدَ
FR: emmêler / confondre / compliquer (actif) / égarer

Definition:
(EN) Active verb meaning to make a situation difficult to understand or to knot threads together on purpose.

Example: اس نے باتوں کو اور الجھا دیا۔

Translation: He complicated (entangled) the matters even more.

Root Word: Sanskrit 'ulajhana'.

Synonyms: پیچیدہ کرنا, پریشان کرنا"
"پھنسنا","Translations:
EN: to be caught / to be trapped / to be stuck / to be ensnared
AR: وَقَعَ فِي فَخ / اِنْحَشَرَ / عَلِقَ
FR: être attrapé / être piégé / être coincé / être pris au piège

Definition:
(EN) Verb meaning to be unable to move because you are in a trap, or to be stuck in a difficult social situation like a bad marriage or a debt.

Example: شیر شکاری کے جال میں پھنس گیا۔

Translation: The lion was caught (trapped) in the hunter's net.

Root Word: Sanskrit 'pāśa'.

Synonyms: الجھنا, گھرنا"
"پھنسانا","Translations:
EN: to catch / to trap / to entangle (active) / to frame
AR: أَوْقَعَ فِي فَخ / صَادَ / وَرَّطَ
FR: attraper / piéger / emmêler (actif) / accuser à tort

Definition:
(EN) Active verb meaning to use a trap to catch an animal, or to trick a person into a bad situation or a crime so they get in trouble.

Example: اس نے اپنے دشمن کو جھوٹے کیس میں پھنسا دیا۔

Translation: He framed (trapped) his enemy in a false case.

Root Word: Sanskrit 'pāśa'.

Synonyms: جال میں لانا, الجھانا"
"دبنا","Translations:
EN: to be pressed / to be suppressed / to crouch / to be hidden / to yield
AR: اِنْضَغَطَ / كُبِتَ / رَبَضَ / اِخْتَفَى / خَضَعَ
FR: être pressé / être supprimé / s'accroupir / être caché / céder

Definition:
(EN) Verb meaning for an object to be pushed down by weight, or for a person to lose their power and become submissive, or to crouch down to hide.

Example: وہ بوجھ کے نیچے دب گیا ہے۔

Translation: He is pressed (suppressed) under the weight.

Root Word: Sanskrit 'damba'.

Synonyms: چھپنا, مغلوب ہونا"
"زیر کرنا","Translations:
EN: to overpower / to subdue / to bring low / to conquer
AR: غَلَبَ / قَهَرَ / أَذَلَّ / اِفْتَتَحَ
FR: subjuguer / maîtriser / humilier / conquérir

Definition:
(EN) High formal compound verb meaning to use superior strength or intelligence to defeat an enemy and bring them under your feet.

Example: پہلوان نے اپنے حریف کو زیر کر لیا۔

Translation: The wrestler overpowered (subdued) his rival.

Root Word: Persian 'zeer' (below) + Urdu 'karnā'.

Synonyms: ہرانا, قابو پانا"
"کچلنا","Translations:
EN: to crush / to trample / to suppress / to squash
AR: سَحَقَ / دَاسَ / قَمَعَ / هَرَسَ
FR: écraser / piétiner / supprimer / écrabouiller

Definition:
(EN) Verb meaning to break something into pieces by stepping on it or putting heavy weight on it, or to stop a rebellion with total force.

Example: پولیس نے بغاوت کو کچل دیا۔

Translation: The police suppressed (crushed) the rebellion.

Root Word: Sanskrit 'kūrca'.

Synonyms: پیسنا, روندنا"
"پیسنا","Translations:
EN: to grind / to mash / to gnash (teeth) / to harass
AR: طَحَنَ / هَرَسَ / صَرَّ (الأَسْنَان) / ضَايَقَ
FR: moudre / écraser / grincer (des dents) / harceler

Definition:
(EN) Verb meaning to turn grain into flour, to crush spices, or figuratively to treat a poor person very cruelly to take their money.

Example: غریبوں کو پیسنا بند کرو۔

Translation: Stop harassing (grinding) the poor.

Root Word: Sanskrit 'peṣa'.

Synonyms: باریک کرنا, کچلنا"
"کوٹنا","Translations:
EN: to pound / to beat / to thrash / to macerate
AR: دَقَّ / ضَرَبَ / هَرَسَ
FR: piler / battre / rosser / macérer

Definition:
(EN) Verb meaning to hit something repeatedly with a heavy tool (like a hammer or a pestle), or informally to hit a person many times.

Example: اس نے مصالحے کو اچھی طرح کوٹ لیا۔

Translation: She pounded (macerated) the spices well.

Root Word: Sanskrit 'kuṭṭa'.

Synonyms: مارنا, پیسنا"
"چھاننا","Translations:
EN: to sift / to strain / to search thoroughly / to filter
AR: نَخَلَ / صَفَّى / فَتَّشَ بِدِقَّة / رَشَّحَ
FR: tamiser / filtrer / chercher minutieusement / filtrer

Definition:
(EN) Verb meaning to pass a liquid or flour through a sieve, or figuratively to search every corner of a forest or a city to find someone.

Example: پولیس نے پورا جنگل چھان مارا۔

Translation: The police searched (sifted through) the entire forest.

Root Word: Sanskrit 'chana'.

Synonyms: صاف کرنا, تلاش کرنا"
"پھٹکنا","Translations:
EN: to winnow / to shake / to separate grain / to avoid (someone)
AR: ذَرَّى (الحُبُوب) / نَفَضَ / اِبْتَعَدَ عَن
FR: vanner / secouer / séparer le grain / éviter (quelqu'un)

Definition:
(EN) Verb meaning to throw grain in the air so the wind cleans it, or informally to stay away from someone's house.

Example: وہ میرے گھر کے پاس نہیں پھٹکتا۔

Translation: He does not come near (avoids) my house.

Root Word: Sanskrit 'sphoṭana'.

Synonyms: صاف کرنا, الگ کرنا"
"جھاڑنا","Translations:
EN: to dust / to shake off / to scold / to comb
AR: نَفَضَ / زَجَرَ / مَشَّطَ
FR: épousseter / secouer / gronder / peigner

Definition:
(EN) Verb meaning to remove dust from a cloth by shaking it, or to scold someone very loudly to make them behave.

Example: امی نے غصے میں اسے خوب جھاڑا۔

Translation: Mother scolded (shook him off) well in anger.

Root Word: Sanskrit 'jhaṭa'.

Synonyms: صاف کرنا, ڈانٹنا"
"پونچھنا","Translations:
EN: to wipe / to clean / to dry / to erase
AR: مَسَحَ / نَظَّفَ / جَفَّفَ / مَحَا
FR: essuyer / nettoyer / sécher / effacer

Definition:
(EN) Verb meaning to use a cloth to remove liquid (like water or tears) from a surface or a face.

Example: اپنے آنسو پونچھ لو۔

Translation: Wipe (dry) your tears.

Root Word: Sanskrit 'proñchana'.

Synonyms: صاف کرنا, خشک کرنا"
"غسل دینا","Translations:
EN: to bathe / to wash (body) / to perform ablution / to wash a corpse
AR: غَسَّلَ / اِسْتَحَمَّ / طَهَّرَ
FR: baigner / laver (corps) / faire ses ablutions / laver un cadavre

Definition:
(EN) Formal compound verb meaning to wash the entire body of a person, often used for religious cleaning or for washing a dead person before burial.

Example: میت کو غسل دیا گیا۔

Translation: The deceased was bathed (washed).

Root Word: Arabic 'ghusal' + Urdu 'denā'.

Synonyms: نہلانا, دھونا"
"شناوری کرنا","Translations:
EN: to swim / to float / to master the water
AR: سَبَحَ / كَانَ سَبَّاحًا مَاهِرًا / طَفَا
FR: nager / flotter / maîtriser l'eau

Definition:
(EN) High formal compound verb meaning to swim in the water, often used in literature to describe a skill or a journey through waves.

Example: وہ دریا میں شناوری کر رہا ہے۔

Translation: He is swimming (mastering the water) in the river.

Root Word: Persian 'shanāwarī' + Urdu 'karnā'.

Synonyms: تیرنا, پینا"
"ڈوبکی لگانا","Translations:
EN: to dive / to plunge / to dip / to take a bath
AR: غَاصَ / غَطَسَ / اِنْغَمَسَ
FR: plonger / s'immerger / tremper / prendre un bain

Definition:
(EN) Verb meaning to jump headfirst into water, or to quickly submerge your body in a river or a pool for a religious or physical cleaning.

Example: اس نے دریا میں ڈوبکی لگائی۔

Translation: He dove (took a plunge) into the river.

Root Word: Urdu 'dobkī' + 'lagānā'.

Synonyms: غوطہ لگانا, نہانا"
"اچھلنا","Translations:
EN: to jump / to leap / to bounce / to skip / to throb
AR: قَفَزَ / وَثَبَ / اِرْتَدَّ / نَبَضَ
FR: sauter / bondir / rebondir / sauter / palpiter

Definition:
(EN) Verb meaning to move off the ground using your legs, for a ball to hit a surface and move back up, or for the heart to beat fast with joy.

Example: بچہ خوشی سے اچھلنے لگا۔

Translation: The child started to jump (leap) with joy.

Root Word: Sanskrit 'ut-sal'.

Synonyms: کودنا, تڑپنا"
"اچھالنا","Translations:
EN: to throw up / to toss / to catapult (active) / to flip (a coin)
AR: قَذَفَ لِلأَعْلَى / رَمَى / طَرَحَ
FR: jeter en l'air / lancer / catapulter (actif) / jouer à pile ou face

Definition:
(EN) Active verb meaning to throw an object into the air, or figuratively to make someone famous or to insult a person's honor in public.

Example: اس نے سکہ ہوا میں اچھالا۔

Translation: He tossed (flipped) the coin in the air.

Root Word: Sanskrit 'ut-sal'.

Synonyms: پھینکنا, بلند کرنا"
"پھاندنا","Translations:
EN: to leap over / to jump across / to skip / to scale (a wall)
AR: طَفَرَ / وَثَبَ فَوْقَ / تَسَلَّقَ
FR: sauter par-dessus / franchir / sauter / escalader (un mur)

Definition:
(EN) Verb meaning to jump over a barrier like a wall or a fence, often used for thieves or athletes.

Example: چور دیوار پھاند کر بھاگ گیا۔

Translation: The thief escaped by leaping over (scaling) the wall.

Root Word: Sanskrit 'phand'.

Synonyms: ٹاپنا, کودنا"
"کودنا","Translations:
EN: to jump / to leap / to hop / to plunge in
AR: قَفَزَ / وَثَبَ / اِرْتَمَى
FR: sauter / bondir / sautiller / se jeter dedans

Definition:
(EN) Common verb meaning to jump from one place to another, or to enter into a discussion or a fight very suddenly.

Example: وہ چھت سے نیچے کود گیا۔

Translation: He jumped (leaped) down from the roof.

Root Word: Sanskrit 'kūrd'.

Synonyms: اچھلنا, پھاندنا"
"سرپٹ دوڑنا","Translations:
EN: to gallop / to run at full speed / to race / to scurry
AR: رَكَضَ بِمُنْتَهَى السُّرْعَة / عَدَا / جَرَى
FR: galoper / courir à toute vitesse / faire la course / détaler

Definition:
(EN) Compound verb describing a horse running at its fastest pace, or for a car/person to move with extreme speed.

Example: گھوڑا میدان میں سرپٹ دوڑ رہا ہے۔

Translation: The horse is galloping (running at full speed) in the field.

Root Word: Urdu 'sarpaṭ' (gallop) + 'dauṛnā'.

Synonyms: تیزی سے بھاگنا, بگٹٹ دوڑنا"
"فرار ہونا","Translations:
EN: to escape / to flee / to abscond / to run away
AR: هَرَبَ / فَرَّ / وَلَّى هَارِبًا
FR: s'échapper / fuir / s'enfuir / décamper

Definition:
(EN) Formal compound verb meaning to run away from prison, from a dangerous animal, or from a difficult responsibility.

Example: قیدی جیل سے فرار ہو گیا۔

Translation: The prisoner escaped (fled) from the jail.

Root Word: Arabic 'farār' + Urdu 'honā'.

Synonyms: بھاگنا, نکل جانا"
"تعاقب کرنا","Translations:
EN: to pursue / to chase / to follow (formal) / to track
AR: تَعَقَّبَ / طَارَدَ / لَحِقَ بِـ
FR: poursuivre / chasser / suivre (formel) / traquer

Definition:
(EN) High formal compound verb meaning to go after a person or an animal with the intention of catching them.

Example: پولیس نے ڈاکوؤں کا تعاقب کیا۔

Translation: The police pursued (chased) the dacoits.

Root Word: Arabic 'taʿāqub' + Urdu 'karnā'.

Synonyms: پیچھا کرنا, پیچھے جانا"
"گرفتار کرنا","Translations:
EN: to arrest / to capture / to seize / to apprehend
AR: اِعْتَقَلَ / قَبَضَ عَلَى / أَسَرَ
FR: arrêter / capturer / saisir / appréhender

Definition:
(EN) Compound verb used by the police or an army to catch a person and put them in custody for a crime.

Example: پولیس نے قاتل کو گرفتار کر لیا۔

Translation: The police arrested (captured) the murderer.

Root Word: Persian 'giriftār' + Urdu 'karnā'.

Synonyms: پکڑنا, قید کرنا"
"دستبردار ہونا","Translations:
EN: to withdraw / to renounce / to relinquish / to give up (a claim)
AR: تَنَازَلَ عَن / اِنْسَحَبَ / تَخَلَّى عَن
FR: se retirer / renoncer / abandonner / renoncer à (un droit)

Definition:
(EN) High formal compound verb meaning to officially give up a right, a title, or a claim to a piece of land.

Example: وہ اپنے عہدے سے دستبردار ہو گیا۔

Translation: He withdrew (relinquished) from his post.

Root Word: Persian 'dast' (hand) + 'bardār' (taking off) + Urdu 'honā'.

Synonyms: دست کش ہونا, چھوڑنا"
"تیاگنا","Translations:
EN: to abandon / to renounce / to forsake / to leave
AR: هَجَرَ / تَخَلَّى عَن / تَرَكَ
FR: abandonner / renoncer / délaisser / quitter

Definition:
(EN) Verb meaning to leave a person or a lifestyle forever, often used for religious renunciation (leaving the world for God).

Example: اس نے دنیا کی لذتوں کو تیاگ دیا۔

Translation: He renounced (forsaken) the pleasures of the world.

Root Word: Sanskrit 'tyāga'.

Synonyms: چھوڑنا, ترک کرنا"
"تارک ہونا","Translations:
EN: to be an abandoner / to leave off / to forsake / to omit
AR: كَانَ تَارِكًا / هَجَرَ / تَرَكَ
FR: être un abandonnateur / délaisser / abandonner / omettre

Definition:
(EN) High formal compound verb meaning to become someone who leaves a habit, a place, or a duty completely.

Example: وہ گناہوں کا تارک ہو گیا۔

Translation: He became an abandoner of (left off) sins.

Root Word: Arabic 'tārik' + Urdu 'honā'.

Synonyms: چھوڑ دینا, تیاگنا"
"اپنانا","Translations:
EN: to adopt / to make one's own / to follow / to embrace
AR: تَبَنَّى / اِتَّخَذَ / اِعْتَنَقَ
FR: adopter / faire sien / suivre / embrasser

Definition:
(EN) Verb meaning to start treating a child as your own, or to start following a new idea, culture, or religion.

Example: ہمیں اچھی عادتیں اپنانی چاہئیں۔

Translation: We should adopt (embrace) good habits.

Root Word: Urdu 'apnā' (own) + 'ānā'.

Synonyms: اختیار کرنا, متبنیٰ بنانا"
"اختیار کرنا","Translations:
EN: to adopt / to choose / to assume (a path/style) / to authorize
AR: اِتَّخَذَ / اِخْتَارَ / اِعْتَمَدَ
FR: adopter / choisir / assumer (un chemin/style) / autoriser

Definition:
(EN) Formal compound verb meaning to pick a specific method, a religion, or a career to follow for the rest of your life.

Example: اس نے خاموشی اختیار کر لی۔

Translation: He adopted (assumed) silence.

Root Word: Arabic 'ikhtiyār' + Urdu 'karnā'.

Synonyms: اپنانا, چننا"
"ترک کرنا","Translations:
EN: to abandon / to give up / to leave / to omit
AR: تَرَكَ / هَجَرَ / أَقْلَعَ عَن
FR: abandonner / renoncer / quitter / omettre

Definition:
(EN) Formal compound verb meaning to stop doing a habit or to leave a city forever.

Example: ڈاکٹر نے اسے سگریٹ نوشی ترک کرنے کا مشورہ دیا۔

Translation: The doctor advised him to give up (abandon) smoking.

Root Word: Arabic 'tark' + Urdu 'karnā'.

Synonyms: چھوڑنا, تیاگنا"
"درگزر کرنا","Translations:
EN: to overlook / to forgive / to pass over / to refrain from taking notice
AR: صَفَحَ عَنْ / تَجَاوَزَ عَنْ / غَفَرَ
FR: fermer les yeux sur / pardonner / passer outre / s'abstenir de remarquer

Definition:
(EN) Formal compound verb meaning to choose not to punish someone for their mistake or to ignore a bad action out of kindness.

Example: بڑوں کو چھوٹوں کی غلطیوں سے درگزر کرنا چاہیے۔

Translation: Elders should overlook (forgive) the mistakes of youngsters.

Root Word: Persian 'dar-guzar' + Urdu 'karnā'.

Synonyms: معاف کرنا, نظر انداز کرنا"
"چشم پوشی کرنا","Translations:
EN: to connive at / to overlook / to shut the eyes to / to ignore intentionally
AR: تَغَاضَى عَنْ / أَغْمَضَ العَيْن عَنْ / تَجَاوَزَ
FR: fermer les yeux sur / ignorer intentionnellement / passer sous silence

Definition:
(EN) High formal compound verb meaning to intentionally pretend you didn't see a crime or a mistake, often used for leaders who ignore corruption.

Example: افسر نے ماتحت کی بدعنوانی سے چشم پوشی کی۔

Translation: The officer shut his eyes to (overlooked) the subordinate's corruption.

Root Word: Persian 'chashm' (eye) + 'poshī' (covering) + Urdu 'karnā'.

Synonyms: درگزر کرنا, ان دیکھا کرنا"
"اغماض برتنا","Translations:
EN: to ignore / to overlook / to neglect (formal) / to disregard
AR: أَهْمَلَ / غَضَّ الطَّرْف / تَسَاهَلَ مَع
FR: ignorer / négliger (formel) / mépriser / omettre

Definition:
(EN) High formal compound verb meaning to strictly avoid taking action against a situation or to treat a matter as unimportant.

Example: قانون کی خلاف ورزی پر اغماض نہیں برتا جائے گا۔

Translation: Neglect (disregard) will not be shown towards the violation of the law.

Root Word: Arabic 'ighmāẓ' + Urdu 'baratnā'.

Synonyms: لاپرواہی کرنا, نظر انداز کرنا"
"نظر انداز کرنا","Translations:
EN: to ignore / to overlook / to disregard / to bypass
AR: تَجَاهَلَ / أَغْفَلَ / نَبَذَ
FR: ignorer / négliger / mépriser / contourner

Definition:
(EN) Common compound verb meaning to behave as if you haven't seen a person or to pay no attention to a specific advice or fact.

Example: اس نے میری بات کو بالکل نظر انداز کر دیا۔

Translation: He completely ignored (disregarded) my point.

Root Word: Persian 'naẓar' (sight) + 'andāz' (throwing) + Urdu 'karnā'.

Synonyms: بے توجہی کرنا, چھوڑ دینا"
"توجہ دینا","Translations:
EN: to pay attention / to attend to / to focus on / to mind
AR: اِهْتَمَّ بـ / أَعَارَ اِنْتِبَاهًا / رَكَّزَ عَلَى
FR: faire attention / s'occuper de / se concentrer sur / prendre garde

Definition:
(EN) Compound verb meaning to use your mind and eyes to carefully watch or listen to something that is important.

Example: اپنی پڑھائی پر توجہ دو۔

Translation: Pay attention (focus) on your studies.

Root Word: Arabic 'tawajjuh' + Urdu 'denā'.

Synonyms: دھیان دینا, غور کرنا"
"التفات کرنا","Translations:
EN: to notice / to pay attention / to regard (formal) / to show favor
AR: اِلْتَفَتَ إِلَى / رَاعَى / حَنَّ عَلَى
FR: remarquer / faire attention / regarder (formel) / montrer de la faveur

Definition:
(EN) High formal compound verb meaning to look towards someone with kindness or to give a person a moment of your precious time.

Example: اس نے میری طرف ایک لمحہ بھی التفات نہ کیا۔

Translation: He did not pay even a moment's attention (regard) towards me.

Root Word: Arabic 'iltifāt' + Urdu 'karnā'.

Synonyms: توجہ دینا, دھیان دینا"
"لحاظ کرنا","Translations:
EN: to consider / to respect / to observe / to take into account
AR: رَاعَى / اِعْتَبَرَ / اِحْتَرَمَ
FR: considérer / respecter / observer / prendre en compte

Definition:
(EN) Compound verb meaning to change your behavior because you respect someone's age, status, or feelings.

Example: اپنے بڑوں کا لحاظ کیا کرو۔

Translation: Always show respect (consideration) for your elders.

Root Word: Arabic 'liḥāẓ' + Urdu 'karnā'.

Synonyms: مروت کرنا, پاس کرنا"
"مروت کرنا","Translations:
EN: to show kindness / to be polite / to show consideration / to be humane
AR: تَرَفَّقَ / كَانَ نَبِيلاً / تَعَامَلَ بِمُرُوءَة
FR: montrer de la gentillesse / être poli / montrer de la considération / être humain

Definition:
(EN) High formal compound verb meaning to act with noble character and kindness even when you have the power to be harsh.

Example: اس نے دشمن کے ساتھ بھی مروت سے کام لیا۔

Translation: He acted with consideration (politeness) even with the enemy.

Root Word: Arabic 'muruwwat' + Urdu 'karnā'.

Synonyms: لحاظ کرنا, شرافت دکھانا"
"کرم کرنا","Translations:
EN: to show mercy / to show favor / to show grace / to be kind
AR: تَفَضَّلَ / أَنْعَمَ / تَكَرَّمَ
FR: faire preuve de miséricorde / accorder une faveur / faire preuve de grâce / être gentil

Definition:
(EN) Formal compound verb often used for God or a high king who gives a blessing or a relief to someone who is in a lower position.

Example: اللہ ہم سب پر اپنا کرم کرے۔

Translation: May Allah show His grace (mercy) upon all of us.

Root Word: Arabic 'karam' + Urdu 'karnā'.

Synonyms: احسان کرنا, مہربانی کرنا"
"نوازنا","Translations:
EN: to favor / to cherish / to reward / to honor / to bestow
AR: جَادَ عَلَى / أَكْرَمَ / مَنَحَ / نَوَّهَ بِـ
FR: favoriser / chérir / récompenser / honorer / octroyer

Definition:
(EN) Verb meaning to give a prize, a title, or a great blessing to someone to show that you are very pleased with them.

Example: بادشاہ نے شاعر کو انعامات سے نوازا۔

Translation: The king honored (rewarded) the poet with prizes.

Root Word: Persian 'nawāz'.

Synonyms: عطا کرنا, سرفراز کرنا"
"بخشنا","Translations:
EN: to bestow / to give / to forgive / to grant / to donate
AR: مَنَحَ / وَهَبَ / غَفَرَ / آتَى
FR: octroyer / donner / pardonner / accorder / faire don de

Definition:
(EN) Verb meaning to give something for free as a gift, or to forgive a person for a crime so they don't go to prison.

Example: خدا نے اسے ایک پیارا بیٹا بخشا۔

Translation: God bestowed (granted) him a lovely son.

Root Word: Persian 'bakhsh'.

Synonyms: عطا کرنا, معاف کرنا"
"سپرد کرنا","Translations:
EN: to entrust / to hand over / to commit / to surrender
AR: سَلَّمَ / أَوْدَعَ / فَوَّضَ إِلَى
FR: confier / remettre / commettre / se rendre

Definition:
(EN) Compound verb meaning to put an object, a child, or a task into the safe keeping of another person.

Example: میں نے اپنی گاڑی اس کے سپرد کر دی۔

Translation: I entrusted (handed over) my car to him.

Root Word: Persian 'supurd' + Urdu 'karnā'.

Synonyms: حوالے کرنا, سونپنا"
"تفویض کرنا","Translations:
EN: to delegate / to entrust / to assign (formal) / to commit
AR: فَوَّضَ / نَدَبَ / وَكَّلَ
FR: déléguer / confier / assigner (formel) / commettre

Definition:
(EN) High formal compound verb meaning to officially give your power or your responsibility to another person so they can act for you.

Example: یہ اہم ذمہ داری اس کے تفویض کی گئی۔

Translation: This important responsibility was assigned (delegated) to him.

Root Word: Arabic 'tafweeẓ' + Urdu 'karnā'.

Synonyms: سپرد کرنا, سونپنا"
"ودیعت کرنا","Translations:
EN: to deposit / to entrust / to leave as a legacy (formal) / to plant (talent)
AR: أَوْدَعَ / اِسْتَوْدَعَ / وَهَبَ مَوْهِبَة
FR: déposer / confier / laisser en héritage (formel) / planter (talent)

Definition:
(EN) High formal compound verb used when God gives a natural talent to a person, or when a dying person leaves a secret with a friend.

Example: خدا نے اسے بہت سی صلاحیتیں ودیعت کی ہیں۔

Translation: God has entrusted (planted as legacy) many abilities in him.

Root Word: Arabic 'wadeeyat' + Urdu 'karnā'.

Synonyms: عطا کرنا, سونپنا"
"امانت رکھنا","Translations:
EN: to deposit / to keep as a trust / to safeguard / to store
AR: اِسْتَوْدَعَ أَمَانَة / حَفِظَ / خَزَّنَ
FR: déposer / garder en fiducie / sauvegarder / stocker

Definition:
(EN) Compound verb meaning to leave an object with someone with the promise that they will return it exactly as it was when asked.

Example: میں نے اپنی کتاب اس کے پاس امانت رکھی ہے۔

Translation: I have kept my book as a trust (deposited) with him.

Root Word: Arabic 'amānat' + Urdu 'rakhnā'.

Synonyms: سپرد کرنا, محفوظ رکھنا"
"دست درازی کرنا","Translations:
EN: to interfere / to overreach / to commit assault / to lay hands on
AR: تَعَدَّى عَلَى / اِعْتَدَى / تَدَخَّلَ بِعُنْف
FR: interférer / empiéter / commettre une agression / porter la main sur

Definition:
(EN) High formal compound verb meaning to illegally use power or physical force against another person's property or their body.

Example: کسی کی ملکیت پر دست درازی کرنا جرم ہے۔

Translation: To overreach (interfere) on someone's property is a crime.

Root Word: Persian 'dast' (hand) + 'darāzī' (length/extension) + Urdu 'karnā'.

Synonyms: مداخلت کرنا, زیادتی کرنا"
"غارت کرنا","Translations:
EN: to plunder / to ravage / to destroy / to ruin
AR: نَهَبَ / دَمَّرَ / خَرَّبَ
FR: piller / ravager / détruire / ruiner

Definition:
(EN) High formal compound verb meaning to completely destroy a city or a life, or to steal everything during a war.

Example: جنگ نے پورے شہر کو غارت کر دیا۔

Translation: The war plundered (destroyed) the entire city.

Root Word: Arabic 'ghārat' + Urdu 'karnā'.

Synonyms: برباد کرنا, لوٹنا"
"اغوا کرنا","Translations:
EN: to abduct / to kidnap / to hijack / to carry off
AR: اِخْتَطَفَ / سَبَى
FR: enlever / kidnapper / détourner / emmener

Definition:
(EN) Compound verb meaning to take a person away by force and keep them as a prisoner, often to ask for money or for political reasons.

Example: ڈاکوؤں نے تاجر کو اغوا کر لیا۔

Translation: The dacoits kidnapped (abducted) the merchant.

Root Word: Arabic 'aghwā' + Urdu 'karnā'.

Synonyms: اٹھا لے جانا, پکڑنا"
"زبردستی کرنا","Translations:
EN: to use force / to compel / to oppress / to coerce
AR: جَبَرَ / أَرْغَمَ / قَهَرَ
FR: utiliser la force / contraindre / opprimer / coiffer

Definition:
(EN) Compound verb meaning to make someone do something they don't want to do by using your physical strength or high position.

Example: کسی کے ساتھ زبردستی کرنا اخلاقی طور پر غلط ہے۔

Translation: To use force (compel) with someone is morally wrong.

Root Word: Persian 'zabar' (above) + 'dast' (hand) + Urdu 'karnā'.

Synonyms: مجبور کرنا, زیادتی کرنا"
"زیادتی کرنا","Translations:
EN: to commit excess / to commit injustice / to oppress / to go too far
AR: ظَلَمَ / اِعْتَدَى / أَسْرَفَ
FR: commettre un excès / commettre une injustice / opprimer / aller trop loin

Definition:
(EN) Compound verb meaning to treat someone unfairly or to use more power/violence than is necessary in a situation.

Example: مظلوم کے ساتھ زیادتی نہیں کرنی چاہیے۔

Translation: One should not commit injustice (oppress) the oppressed.

Root Word: Arabic 'ziyādatī' + Urdu 'karnā'.

Synonyms: ظلم کرنا, دست درازی کرنا"
"گالی دینا","Translations:
EN: to abuse / to curse / to scold / to use foul language
AR: شَتَمَ / سَبَّ / لَعَنَ
FR: insulter / maudire / gronder / jurer

Definition:
(EN) Common compound verb meaning to use bad and disrespectful words against someone because of anger.

Example: غصے میں کسی کو گالی دینا بری بات ہے۔

Translation: To abuse (use foul language) against someone in anger is a bad thing.

Root Word: Sanskrit 'gālī' + Urdu 'denā'.

Synonyms: برا بھلا کہنا, سب و شتم کرنا"
"کوسنا","Translations:
EN: to curse / to vituperate / to reprove / to blame
AR: لَعَنَ / سَبَّ / أَلْقَى اللَّوْم
FR: maudire / vitupérer / réprouver / blâmer

Definition:
(EN) Verb meaning to consistently say bad things about a person or your own luck, hoping that something bad happens to them.

Example: وہ ہر وقت اپنی قسمت کو کوستی رہتی ہے۔

Translation: She keeps cursing (vituperating) her luck all the time.

Root Word: Sanskrit 'krośa'.

Synonyms: ملامت کرنا, بددعا دینا"
"بددعا دینا","Translations:
EN: to imprecate / to curse / to pray for someone's ruin
AR: دَعَا عَلَى / لَعَنَ
FR: impréquer / maudire / prier pour la ruine de quelqu'un

Definition:
(EN) Compound verb meaning to ask God to send a disaster or punishment upon a person who has hurt you.

Example: مظلوم کی بددعا سے بچو۔

Translation: Avoid the curse (imprecation) of the oppressed.

Root Word: Persian 'bad' (bad) + Arabic 'duʿā' + Urdu 'denā'.

Synonyms: کوسنا, لعنت بھیجنا"
"دعا دینا","Translations:
EN: to bless / to pray for / to wish well
AR: دَعَا لـ / بَارَكَ
FR: bénir / prier pour / souhaiter du bien

Definition:
(EN) Compound verb meaning to ask God to give health, wealth, or success to another person as a sign of love or gratitude.

Example: ماں نے اپنے بیٹے کو ڈھیروں دعائیں دیں۔

Translation: The mother gave many blessings (prayed for) her son.

Root Word: Arabic 'duʿā' + Urdu 'denā'.

Synonyms: دعا کرنا, خیر خواہی کرنا"
"فیضیاب کرنا","Translations:
EN: to make successful / to bless with profit / to favor / to enlighten
AR: أَفَادَ / أَنْعَمَ عَلَى / جَعَلَهُ مُسْتَفِيدًا
FR: rendre prospère / bénir de profit / favoriser / éclairer

Definition:
(EN) High formal compound verb meaning for a teacher or a saint to give knowledge and spiritual light to a student.

Example: استاد نے طالب علموں کو اپنے علم سے فیضیاب کیا۔

Translation: The teacher enlightened (blessed with knowledge) the students.

Root Word: Arabic 'faiẓ' (grace) + Persian 'yāb' + Urdu 'karnā'.

Synonyms: فائدہ پہنچانا, نوازنا"
"مستفیض ہونا","Translations:
EN: to be benefited / to derive profit (formal) / to gain knowledge
AR: اِسْتَفَادَ / نَالَ نَفْعًا
FR: bénéficier / tirer profit (formel) / acquérir des connaissances

Definition:
(EN) High formal compound verb meaning to receive a benefit, a lesson, or a grace from a person or a book.

Example: میں آپ کی تحریر سے بہت مستفیض ہوا۔

Translation: I was greatly benefited (derived profit) from your writing.

Root Word: Arabic 'mustafeeẓ' + Urdu 'honā'.

Synonyms: فائدہ اٹھانا, استفادہ کرنا"
"استفادہ کرنا","Translations:
EN: to derive benefit / to profit / to use (formal) / to draw from
AR: اِسْتَفَادَ / اِنْتَفَعَ بـ
FR: tirer profit / profiter / utiliser (formel) / puiser dans

Definition:
(EN) High formal compound verb meaning to make use of an opportunity, a library, or a person's experience for your own gain.

Example: ہمیں اس موقع سے بھرپور استفادہ کرنا چاہیے۔

Translation: We should derive full benefit (profit) from this opportunity.

Root Word: Arabic 'istifāda' + Urdu 'karnā'.

Synonyms: فائدہ اٹھانا, مستفیض ہونا"
"نقصان پہنچانا","Translations:
EN: to cause harm / to damage / to injury / to hurt
AR: أَضَرَّ بِـ / أَتْلَفَ / آذَى
FR: causer du tort / endommager / blesser / nuire

Definition:
(EN) Common compound verb meaning to do something that makes an object break or a person feel pain or lose money.

Example: وہ کسی کو نقصان نہیں پہنچانا چاہتا۔

Translation: He does not want to cause harm (damage) to anyone.

Root Word: Persian 'nuqṣān' + Urdu 'pahunchānā'.

Synonyms: ضرر پہنچانا, ایذا دینا"
"ضرر پہنچانا","Translations:
EN: to cause harm / to loss / to injury (formal) / to impair
AR: أَضَرَّ / آلَمَ / أَتْلَفَ
FR: causer du tort / perte / blessure (formel) / altérer

Definition:
(EN) High formal compound verb meaning to do something that reduces the value of a property or the health of a person.

Example: سگریٹ نوشی صحت کو شدید ضرر پہنچاتی ہے۔

Translation: Smoking causes severe harm (impairs) to health.

Root Word: Arabic 'ḍarar' + Urdu 'pahunchānā'.

Synonyms: نقصان پہنچانا, ایذا پہنچانا"
"ایذا پہنچانا","Translations:
EN: to cause pain / to distress / to annoyance / to torture
AR: آذَى / عَنَّبَ / ضَايَقَ
FR: causer de la douleur / détresse / ennui / torturer

Definition:
(EN) High formal compound verb meaning to make someone suffer physically or mentally, often used for religious martyrs or prisoners.

Example: کسی جاندار کو ایذا پہنچانا گناہ ہے۔

Translation: To cause distress (pain) to any living being is a sin.

Root Word: Arabic 'eezā' + Urdu 'pahunchānā'.

Synonyms: تکلیف دینا, دکھ پہنچانا"
"ستانا","Translations:
EN: to tease / to torment / to harass / to vex / to trouble
AR: عَذَّبَ / آذَى / ضَايَقَ / تَلَاعَبَ بِـ
FR: taquiner / tourmenter / harceler / vexer / troubler

Definition:
(EN) Verb meaning to repeatedly bother someone, either in a playful way (teasing) or in a cruel way (tormenting) that makes them angry or sad.

Example: چھوٹوں کو ستانا بری بات ہے۔

Translation: To harass (tease) the little ones is a bad thing.

Root Word: Sanskrit 'santāpa'.

Synonyms: تنگ کرنا, دق کرنا"
"چھیڑنا","Translations:
EN: to tease / to touch / to provoke / to initiate / to play (an instrument)
AR: لَمَسَ / اِسْتَفَزَّ / بَدَأَ / عَزَفَ
FR: taquiner / toucher / provoquer / initier / jouer (d'un instrument)

Definition:
(EN) Verb meaning to touch an object, to start a new discussion, to play a musical instrument, or to annoy a person by making fun of them.

Example: اس نے پرانا قصہ چھیڑ دیا۔

Translation: He initiated (touched upon) the old story.

Root Word: Sanskrit 'kṣedan'.

Synonyms: چھیڑ چھاڑ کرنا, ستانا"
"تنگ کرنا","Translations:
EN: to narrow / to harass / to trouble / to bother / to tighten
AR: ضَيَّقَ / آذَى / أَتْعَبَ
FR: rétrécir / harceler / troubler / déranger / serrer

Definition:
(EN) Compound verb meaning to make a space small, or figuratively to make a person's life difficult by constantly asking for things or making noise.

Example: بچوں نے شور مچا کر ناک میں دم کر دیا (تنگ کر دیا)۔

Translation: The children bothered (harassed) me by making noise.

Root Word: Persian 'tang' + Urdu 'karnā'.

Synonyms: ستانا, پریشان کرنا"
"دق کرنا","Translations:
EN: to irritate / to tease / to bother (formal) / to weary
AR: أَزْعَجَ / ضَايَقَ / أَبْرَمَ
FR: irriter / taquiner / déranger (formel) / lasser

Definition:
(EN) High formal compound verb meaning to annoy someone so much that they become completely fed up and tired of you.

Example: اس نے سوال پوچھ پوچھ کر مجھے دق کر دیا۔

Translation: He irritated (bothered) me by asking question after question.

Root Word: Arabic 'diqq' + Urdu 'karnā'.

Synonyms: ستانا, تنگ کرنا"
"پریشان کرنا","Translations:
EN: to worry / to distress / to trouble / to scatter / to confuse
AR: شَوَّشَ / أَزْعَجَ / بَعْثَرَ
FR: inquiéter / détresse / troubler / disperser / confondre

Definition:
(EN) Common compound verb meaning to make someone feel anxious and mentally scattered, or to mess up the order of objects.

Example: اسے اپنی بیماری نے پریشان کر رکھا ہے۔

Translation: His illness has made him worried (distressed).

Root Word: Persian 'pari-shān' (scattered) + Urdu 'karnā'.

Synonyms: فکر مند کرنا, تنگ کرنا"
"تسلی دینا","Translations:
EN: to console / to comfort / to reassure / to solace
AR: وَاسَى / سَلَّى / طَمْأَنَ
FR: consoler / réconforter / rassurer / soulager

Definition:
(EN) Compound verb meaning to say kind words to a person who has lost something or is sad, to make them feel calm again.

Example: دوست نے مشکل وقت میں اسے تسلی دی۔

Translation: The friend consoled (comforted) him in difficult times.

Root Word: Arabic 'tasallī' + Urdu 'denā'.

Synonyms: تشفی کرنا, ڈھارس بندھانا"
"ڈھارس بندھانا","Translations:
EN: to encourage / to comfort / to reassure (idiomatic) / to give heart
AR: شَجَّعَ / طَمْأَنَ / ثَبَّتَ قَلْبَهُ
FR: encourager / réconforter / rassurer (idiomatique) / redonner du cœur

Definition:
(EN) Idiomatic compound verb meaning to give someone the courage to face a disaster by standing with them and promising help.

Example: سب نے اسے ڈھارس بندھائی۔

Translation: Everyone encouraged (comforted) him.

Root Word: Urdu 'ḍhāras' + 'bandhānā'.

Synonyms: تسلی دینا, حوصلہ دینا"
"تشفی کرنا","Translations:
EN: to satisfy / to console / to soothe (formal) / to heal
AR: أَشْفَى / طَمْأَنَ / رَضَّى
FR: satisfaire / consoler / apaiser (formel) / guérir

Definition:
(EN) High formal compound verb meaning to provide a complete answer or a deep comfort that removes all doubt and pain from the heart.

Example: حکیم نے مریض کی تشفی کر دی۔

Translation: The physician soothed (satisfied/consoled) the patient.

Root Word: Arabic 'tashaffī' + Urdu 'karnā'.

Synonyms: تسلی دینا, اطمینان دلانا"
"اطمینان دلانا","Translations:
EN: to reassure / to give confidence / to satisfy / to convince
AR: طَمْأَنَ / جَعَلَهُ يَثِق / أَقْنَعَ
FR: rassurer / donner confiance / satisfaire / convaincre

Definition:
(EN) Compound verb meaning to make someone feel 100% certain that there is no danger or that a job will be finished on time.

Example: اس نے مجھے اپنی حفاظت کا اطمینان دلایا۔

Translation: He reassured (gave confidence) me about my safety.

Root Word: Arabic 'iṭmīnān' + Urdu 'dilānā'.

Synonyms: تسلی دینا, یقین دلانا"
"یقین دلانا","Translations:
EN: to assure / to convince / to satisfy / to state firmly
AR: أَكَّدَ / أَقْنَعَ / جَعَلَهُ يَتَيَقَّن
FR: assurer / convaincre / satisfaire / affirmer fermement

Definition:
(EN) Compound verb meaning to use logic or promises to make a person believe that what you are saying is the absolute truth.

Example: میں آپ کو یقین دلاتا ہوں کہ میں سچ کہہ رہا ہوں۔

Translation: I assure (convince) you that I am telling the truth.

Root Word: Arabic 'yaqeen' + Urdu 'dilānā'.

Synonyms: اطمینان دلانا, پکا کرنا"
"وعدہ کرنا","Translations:
EN: to promise / to pledge / to engage / to covenant
AR: وَعَدَ / عَهَدَ / اِلْتَزَمَ
FR: promettre / s'engager / se fiancer / faire alliance

Definition:
(EN) Common compound verb meaning to state that you will definitely do something in the future, or to give your word of honor.

Example: میں نے اس سے ملنے کا وعدہ کیا ہے۔

Translation: I have promised (pledged) to meet him.

Root Word: Arabic 'waʿda' + Urdu 'karnā'.

Synonyms: عہد کرنا, زبان دینا"
"عہد کرنا","Translations:
EN: to vow / to pledge / to covenant (formal) / to resolve
AR: عَاهَدَ / قَطَعَ عَهْدًا / عَزَمَ
FR: vouer / s'engager / faire alliance (formel) / se résoudre

Definition:
(EN) Formal compound verb meaning to make a very serious promise to God, to a nation, or to yourself that you will never break.

Example: ہم نے وطن کی حفاظت کا عہد کیا ہے۔

Translation: We have vowed (pledged) to protect the nation.

Root Word: Arabic 'ʿahd' + Urdu 'karnā'.

Synonyms: پیمان باندھنا, وعدہ کرنا"
"پیمان باندھنا","Translations:
EN: to make a pact / to make a treaty / to promise (formal) / to measure (archaic)
AR: عَقَدَ مِيثَاقًا / تَعَاهَدَ / أَبْرَمَ اِتِّفَاقًا
FR: conclure un pacte / conclure un traité / promettre (formel) / mesurer (archaïque)

Definition:
(EN) High formal poetic compound verb meaning to sign a treaty between two kings or to make a deep bond of love that is like a law.

Example: دونوں ملکوں نے دوستی کا پیمان باندھا۔

Translation: Both countries made a pact (treaty) of friendship.

Root Word: Persian 'paimān' + Urdu 'bāndhnā'.

Synonyms: عہد کرنا, معاہدہ کرنا"
"اقرار کرنا","Translations:
EN: to admit / to confess / to promise / to affirm / to acknowledge
AR: أَقَرَّ / اِعْتَرَفَ / وَعَدَ / أَكَّدَ
FR: admettre / confesser / promettre / affirmer / reconnaître

Definition:
(EN) Compound verb meaning to say yes to a fact, to admit a crime, or to give a promise of marriage or debt repayment.

Example: اس نے اپنی غلطی کا اقرار کر لیا۔

Translation: He admitted (confessed) his mistake.

Root Word: Arabic 'iqrār' + Urdu 'karnā'.

Synonyms: اعتراف کرنا, مان لینا"
"اقبال کرنا","Translations:
EN: to admit / to confess / to accept / to prosper (formal)
AR: اِعْتَرَفَ / أَقْبَلَ / قَبِلَ / زَهَا
FR: admettre / confesser / accepter / prospérer (formel)

Definition:
(EN) High formal verb with two meanings: to admit a crime in front of a judge (iqbal-e-jurm), or for a person's luck to rise and become great.

Example: مجرم نے جرم کا اقبال کر لیا۔

Translation: The criminal admitted (confessed) the crime.

Root Word: Arabic 'iqbāl' + Urdu 'karnā'.

Synonyms: اقرار کرنا, اعتراف کرنا"
"واقف ہونا","Translations:
EN: to be aware / to be acquainted / to know / to be familiar
AR: عَلِمَ بِـ / كَانَ عَالِمًا / تَعَرَّفَ عَلَى
FR: être conscient / être au courant / connaître / être familier

Definition:
(EN) Formal compound verb meaning to have knowledge about a specific fact, a place, or a person through experience or study.

Example: میں اس علاقے سے واقف ہوں۔

Translation: I am aware of (familiar with) this area.

Root Word: Arabic 'wāqif' + Urdu 'honā'.

Synonyms: جاننا, باخبر ہونا"
"شناخت کرنا","Translations:
EN: to identify / to recognize / to distinguish / to diagnose
AR: حَدَّدَ الهُوِيَّة / تَعَرَّفَ عَلَى / مَيَّزَ
FR: identifier / reconnaître / distinguer / diagnostiquer

Definition:
(EN) Formal compound verb meaning to find out who a person is or what an object is by looking at its unique features or signs.

Example: گواہ نے مجرم کی شناخت کر لی۔

Translation: The witness identified (recognized) the criminal.

Root Word: Persian 'shanākht' + Urdu 'karnā'.

Synonyms: پہچاننا, تمیز کرنا"
"ادراک کرنا","Translations:
EN: to perceive / to comprehend / to realize (formal) / to attain
AR: أَدْرَكَ / فَهِمَ / وَعَى
FR: percevoir / comprendre / réaliser (formel) / atteindre

Definition:
(EN) High formal compound verb meaning to use your deep intelligence to understand the hidden meaning or the reality of a complex situation.

Example: اس نے خطرے کا ادراک کر لیا۔

Translation: He perceived (realized) the danger.

Root Word: Arabic 'idrāk' + Urdu 'karnā'.

Synonyms: سمجھنا, جاننا"
"بوجھنا","Translations:
EN: to solve / to guess / to divine / to understand (riddle) / to quench (thirst)
AR: حَلَّ (لُغْزًا) / خَمَّنَ / أَرْوَى (العَطَش)
FR: résoudre / deviner / deviner (énigme) / comprendre / étancher (la soif)

Definition:
(EN) Verb meaning to find the answer to a difficult riddle or puzzle, or to satisfy your thirst by drinking a lot of water.

Example: یہ پہیلی بوجھو تو جانیں۔

Translation: If you solve (guess) this riddle, we will know (your skill).

Root Word: Sanskrit 'budhyate'.

Synonyms: بوجھ پانا, بجھانا (for thirst)"
"تفکر کرنا","Translations:
EN: to meditate / to reflect / to ponder (formal) / to contemplate
AR: تَفَكَّرَ / تَأَمَّلَ / تَدَبَّرَ
FR: méditer / réfléchir / pondérer (formel) / contempler

Definition:
(EN) High formal compound verb meaning to think very deeply and seriously about God, nature, or a complex problem for a long time.

Example: ہمیں قدرت کے مناظر پر تفکر کرنا چاہیے۔

Translation: We should meditate (reflect) on the scenes of nature.

Root Word: Arabic 'tafakkur' + Urdu 'karnā'.

Synonyms: سوچنا, غور کرنا"
"غور کرنا","Translations:
EN: to deliberate / to reflect / to consider / to pay heed
AR: نَظَرَ فِي / اِهْتَمَّ بـ / تَدَبَّرَ
FR: délibérer / réfléchir / considérer / prêter attention

Definition:
(EN) Common compound verb meaning to look at a matter with concentration to understand it or to make a decision.

Example: اس معاملے پر غور کرنے کی ضرورت ہے۔

Translation: There is a need to deliberate (consider) this matter.

Root Word: Arabic 'ghaur' + Urdu 'karnā'.

Synonyms: سوچنا, توجہ دینا"
"دھیان کرنا","Translations:
EN: to meditate / to pay attention / to think / to be careful
AR: تَدَبَّرَ / اِنْتَبَهَ / كَانَ حَذِرًا
FR: méditer / faire attention / penser / être prudent

Definition:
(EN) Verb meaning to focus your mind on one thing, or to be very careful while walking or doing a task so you don't make a mistake.

Example: کام کرتے وقت دھیان کیا کرو۔

Translation: Pay attention (be careful) while working.

Root Word: Sanskrit 'dhyāna'.

Synonyms: توجہ دینا, سوچنا"
"تصور کرنا","Translations:
EN: to imagine / to visualize / to conceive / to think (formal)
AR: تَصَوَّرَ / تَخَيَّلَ / اِعْتَقَدَ
FR: imaginer / visualiser / concevoir / penser (formel)

Definition:
(EN) Formal compound verb meaning to make a picture in your mind of something that is not present or something that hasn't happened yet.

Example: میں ایسا تصور بھی نہیں کر سکتا۔

Translation: I cannot even imagine (visualize) such a thing.

Root Word: Arabic 'taṣawwur' + Urdu 'karnā'.

Synonyms: خیال کرنا, سوچنا"
"حفظ کرنا","Translations:
EN: to memorize / to preserve / to protect / to keep safe
AR: حَفِظَ / اِسْتَظْهَرَ / صَانَ
FR: mémoriser / préserver / protéger / garder en sécurité

Definition:
(EN) Formal compound verb meaning to learn something by heart (like a book or a poem), or to keep an object or a secret safe from being lost.

Example: اس نے پورا قرآن حفظ کر لیا۔

Translation: He memorized (learned by heart) the whole Quran.

Root Word: Arabic 'ḥifẓ' + Urdu 'karnā'.

Synonyms: یاد کرنا, محفوظ کرنا"
"بھولنا","Translations:
EN: to forget / to err / to omit / to lose one's way
AR: نَسِيَ / أَخْطَأَ / أَغْفَلَ / ضَلَّ
FR: oublier / se tromper / omettre / s'égarer

Definition:
(EN) Verb meaning for a memory to leave your mind, to make a mistake, or to go to the wrong street because you don't remember the path.

Example: میں آپ کا نام بھول گیا ہوں۔

Translation: I have forgotten (lost the memory of) your name.

Root Word: Sanskrit 'vismṛti'.

Synonyms: فراموش کرنا, خطا کرنا"
"یاد دلانا","Translations:
EN: to remind / to put in mind / to suggest
AR: ذَكَّرَ / أَوْحَى إِلَى
FR: rappeler / mettre en tête / suggérer

Definition:
(EN) Compound verb meaning to say something to another person so that they remember a task or a fact they had forgotten.

Example: تم نے مجھے میرا وعدہ یاد دلا دیا۔

Translation: You reminded (put in mind) me of my promise.

Root Word: Urdu 'yād' + 'dilānā'.

Synonyms: جتانا, آگاہ کرنا"
"جتانا","Translations:
EN: to point out / to remind (with pride/obligation) / to warn / to inform
AR: مَنَّ عَلَى / ذَكَّرَ بِفَضْلِهِ / نَبَّهَ
FR: signaler / rappeler (avec fierté/obligation) / avertir / informer

Definition:
(EN) Verb meaning to remind someone of a favor you did for them (often in a bossy way), or to warn someone about a danger.

Example: احسان کر کے جتانا نہیں چاہیے۔

Translation: One should not remind (with pride) after doing a favor.

Root Word: Sanskrit 'jñāpana'.

Synonyms: یاد دلانا, جتانا (already used?) -> use 'آگاہ کرنا'"
"آگاہ کرنا","Translations:
EN: to inform / to apprise / to warn / to notify
AR: أَبْلَغَ / أَخْبَرَ / نَبَّهَ / أَعْلَمَ
FR: informer / aviser / avertir / notifier

Definition:
(EN) Formal compound verb meaning to give official news or information to someone about a situation or a coming event.

Example: اسے خطرے سے آگاہ کر دیا گیا ہے۔

Translation: He has been informed (warned) of the danger.

Root Word: Persian 'āgāh' + Urdu 'karnā'.

Synonyms: بتانا, خبر دینا"
"تاکید کرنا","Translations:
EN: to emphasize / to enjoin / to urge / to stress
AR: أَكَّدَ / أَلَحَّ / أَوْصَى
FR: mettre l'accent sur / enjoindre / exhorter / insister

Definition:
(EN) Formal compound verb meaning to tell someone several times and very strongly that they must do a specific task.

Example: ابا نے وقت پر آنے کی تاکید کی تھی۔

Translation: Father had emphasized (urged) to come on time.

Root Word: Arabic 'tākeed' + Urdu 'karnā'.

Synonyms: اصرار کرنا, پکا کرنا"
"ہدایت کرنا","Translations:
EN: to instruct / to guide / to direct / to order
AR: أَرْشَدَ / هَدَى / وَجَّهَ / أَمَرَ
FR: instruire / guider / diriger / ordonner

Definition:
(EN) Formal compound verb meaning to give a set of rules or a path for someone to follow, often used by a teacher, a doctor, or a god.

Example: ڈاکٹر نے احتیاط کی ہدایت کی ہے۔

Translation: The doctor has instructed (guided) to take care.

Root Word: Arabic 'hidāyat' + Urdu 'karnā'.

Synonyms: راہ دکھانا, بتانا"
"نصیحت کرنا","Translations:
EN: to advise / to counsel / to exhort / to admonish
AR: نَصَحَ / وَعَظَ / أَرْشَدَ
FR: conseiller / exhorter / admonester / recommander

Definition:
(EN) Compound verb meaning to give good and honest suggestions to a person to help them improve their character or to avoid a mistake.

Example: بزرگوں نے اسے ہمیشہ نیکی کی نصیحت کی۔

Translation: The elders always advised (exhorted) him towards goodness.

Root Word: Arabic 'naṣeeḥat' + Urdu 'karnā'.

Synonyms: مشورہ دینا, وصیت کرنا"
"منع کرنا","Translations:
EN: to forbid / to prohibit / to prevent / to refuse
AR: مَنَعَ / نَهَى / حَرَّمَ
FR: interdire / prohiber / empêcher / refuser

Definition:
(EN) Compound verb meaning to tell someone very clearly that they are not allowed to do a specific action or to enter a place.

Example: اس نے مجھے وہاں جانے سے منع کر دیا۔

Translation: He forbade (prevented) me from going there.

Root Word: Arabic 'manʿa' + Urdu 'karnā'.

Synonyms: روکنا, باز رکھنا"
"باز رکھنا","Translations:
EN: to restrain / to hold back / to prevent / to dissuade
AR: كَفَّ / صَدَّ عَنْ / أَعَاقَ
FR: retenir / empêcher / dissuader / réfréner

Definition:
(EN) Compound verb meaning to use your power or words to stop someone from doing something bad or dangerous.

Example: اسے اس برائی سے باز رکھو۔

Translation: Restrain (hold him back) from this evil.

Root Word: Persian 'bāz' (back) + Urdu 'rakhnā'.

Synonyms: منع کرنا, روکنا"
"سدراہ ہونا","Translations:
EN: to be an obstacle / to block the way (formal) / to hinder / to impede
AR: كَانَ عَائِقًا / سَدَّ الطَّرِيق / أَعَاقَ
FR: être un obstacle / barrer la route (formel) / entraver / empêcher

Definition:
(EN) High formal compound verb meaning for a person or a situation to act as a wall that stops a project or a person from moving forward.

Example: غریبی اس کی تعلیم میں سدراہ ہو گئی۔

Translation: Poverty became an obstacle (blocked the way) to his education.

Root Word: Arabic 'sadd' (wall) + Persian 'rāh' (path) + Urdu 'honā'.

Synonyms: رکاوٹ بننا, روکنا"
"ٹوکنا","Translations:
EN: to interrupt / to question / to challenge / to hinder / to cast an evil eye
AR: قَاطَعَ / اِعْتَرَضَ / مَنَعَ
FR: interrompre / questionner / défier / entraver / jeter le mauvais œil

Definition:
(EN) Verb meaning to stop someone while they are talking or walking to ask a question or to point out a mistake, or in folk-belief to cause bad luck by looking.

Example: جب بڑے بات کر رہے ہوں تو بیچ میں ٹوکنا نہیں چاہیے۔

Translation: One should not interrupt (challenge) in the middle when elders are talking.

Root Word: Sanskrit 'ṭok'.

Synonyms: مداخلت کرنا, روکنا"
"تعطل پیدا کرنا","Translations:
EN: to cause interruption / to cause delay / to create a deadlock / to paralyze (a system)
AR: سَبَّبَ تَعَطُّلاً / أَوْقَفَ / عَرْقَلَ
FR: causer une interruption / causer un retard / créer une impasse / paralyser (un système)

Definition:
(EN) Formal compound verb meaning to stop the normal working of a factory, a government, or a meeting, causing everything to wait.

Example: ہڑتال نے شہر کے نظام میں تعطل پیدا کر دیا۔

Translation: The strike caused an interruption (deadlock) in the city's system.

Root Word: Arabic 'taʿaṭṭul' + Urdu 'paidā karnā'.

Synonyms: روکنا, کام بند کرنا"
"ٹالنا","Translations:
EN: to postpone / to avert / to evade / to put off / to parry
AR: أَجَّلَ / تَلَاشَى / تَجَنَّبَ
FR: reporter / éviter / éluder / différer / parer

Definition:
(EN) Verb meaning to push a task to a later date, to cleverly avoid answering a question, or to move a disaster away through prayer or action.

Example: اس نے آج کا کام کل پر ٹال دیا۔

Translation: He postponed (put off) today's work until tomorrow.

Root Word: Sanskrit 'ṭala'.

Synonyms: ملتوی کرنا, دفع کرنا"
"ملتوی کرنا","Translations:
EN: to postpone / to adjourn / to defer / to suspend
AR: أَجَّلَ / أَرْجَأَ / عَلَّقَ
FR: reporter / ajourner / différer / suspendre

Definition:
(EN) Formal compound verb meaning for a judge or a chairman to officially change the date of a meeting or a case to the future.

Example: اجلاس اگلے ہفتے تک ملتوی کر دیا گیا۔

Translation: The meeting was postponed (adjourned) until next week.

Root Word: Arabic 'multavī' + Urdu 'karnā'.

Synonyms: ٹالنا, معطل کرنا"
"برخاست کرنا","Translations:
EN: to dismiss / to adjourn / to dissolve (meeting) / to discharge
AR: أَقَالَ / فَضَّ (اِجْتِمَاعًا) / حَلَّ / طَرَدَ
FR: congédier / ajourner / dissoudre (réunion) / licencier

Definition:
(EN) Formal compound verb meaning to end a meeting officially, or to fire an employee from their job for a serious reason.

Example: عدالت نے کیس برخاست کر دیا۔

Translation: The court dismissed (adjourned) the case.

Root Word: Persian 'barkhāst' + Urdu 'karnā'.

Synonyms: ختم کرنا, نکالنا"
"معطل کرنا","Translations:
EN: to suspend / to render useless / to nullify / to pause
AR: عَطَّلَ / أَوْقَفَ مُؤَقَّتًا / أَبْطَلَ
FR: suspendre / rendre inutile / annuler / faire une pause

Definition:
(EN) Formal compound verb meaning to stop a person from working for a few days as a punishment, or to make a law or a machine stop working for a while.

Example: افسر نے بدعنوان کلرک کو معطل کر دیا۔

Translation: The officer suspended (rendered useless) the corrupt clerk.

Root Word: Arabic 'muʿaṭṭal' + Urdu 'karnā'.

Synonyms: روک دینا, ملتوی کرنا"
"بحال کرنا","Translations:
EN: to restore / to reinstate / to refresh / to revive
AR: أَعَادَ / رَمَّمَ / اِسْتَرَدَّ / أَنْعَشَ
FR: restaurer / réintégrer / rafraîchir / ranimer

Definition:
(EN) Compound verb meaning to put a person back in their job, to make a broken building look new again, or to return a computer system to its original state.

Example: حکومت نے پرانے قوانین بحال کر دیے۔

Translation: The government restored (reinstated) the old laws.

Root Word: Arabic 'ba-ḥāl' + Urdu 'karnā'.

Synonyms: درست کرنا, دوبارہ قائم کرنا"
"استوار کرنا","Translations:
EN: to strengthen / to establish / to make firm (formal) / to level
AR: قَوَّى / رَسَّخَ / سَوَّى
FR: renforcer / établir / raffermir (formel) / niveler

Definition:
(EN) High formal compound verb meaning to build a very strong relationship or to make the foundations of a wall perfectly straight and firm.

Example: دونوں ممالک نے تعلقات استوار کیے۔

Translation: Both countries established (strengthened) relations.

Root Word: Persian 'ustuwār' + Urdu 'karnā'.

Synonyms: مضبوط کرنا, قائم کرنا"
"اجرا کرنا","Translations:
EN: to issue / to execute / to put into effect (formal) / to release
AR: أَصْدَرَ / نَفَّذَ / أَجْرَى
FR: émettre / exécuter / mettre en œuvre (formel) / publier

Definition:
(EN) High formal compound verb meaning to officially give out a new coin, a new law, or a new order from the palace or the bank.

Example: اسٹیٹ بینک نے نیا سکہ اجرا کیا۔

Translation: The State Bank issued (executed) a new coin.

Root Word: Arabic 'ijrā' + Urdu 'karnā'.

Synonyms: جاری کرنا, نکالنا"
"رائج کرنا","Translations:
EN: to make current / to establish (a custom/law) / to circulate / to popularize
AR: شَاعَ / رَوَّجَ / جَعَلَهُ مَأْلُوفًا
FR: mettre en vigueur / établir (une coutume/loi) / circuler / vulgariser

Definition:
(EN) Formal compound verb meaning to start a new fashion, a new habit, or a new rule that everyone in society starts following.

Example: انہوں نے معاشرے میں نئی روایت رائج کی۔

Translation: They established (popularized) a new tradition in the society.

Root Word: Arabic 'rāij' + Urdu 'karnā'.

Synonyms: رواج دینا, جاری کرنا"
"نافذ کرنا","Translations:
EN: to enforce / to execute / to issue (a decree) / to implement
AR: نَفَّذَ / طَبَّقَ / أَمَرَ بِتَنْفِيذ
FR: faire respecter / exécuter / émettre (un décret) / mettre en œuvre

Definition:
(EN) High formal compound verb meaning for a government to use its power to make sure that a specific law or order is being followed by everyone.

Example: ملک میں نیا قانون نافذ کر دیا گیا۔

Translation: A new law was enforced (implemented) in the country.

Root Word: Arabic 'nāfiz' + Urdu 'karnā'.

Synonyms: جاری کرنا, عمل درآمد کرنا"
"تعمیل کرنا","Translations:
EN: to execute / to carry out / to obey (orders) / to perform
AR: نَفَّذَ / اِمْتَثَلَ لـ / أَدَّى
FR: exécuter / accomplir / obéir (aux ordres) / effectuer

Definition:
(EN) Formal compound verb meaning to strictly follow and finish an order given by a boss, a judge, or a government.

Example: حکم کی تعمیل کرنا ہر سپاہی کا فرض ہے۔

Translation: To execute (obey) orders is the duty of every soldier.

Root Word: Arabic 'taʿmeel' + Urdu 'karnā'.

Synonyms: حکم ماننا, بجا لانا"
"بجا لانا","Translations:
EN: to perform / to execute / to discharge (duty) / to bring about
AR: أَدَّى / نَفَّذَ / أَنْجَزَ
FR: accomplir / exécuter / s'acquitter (d'un devoir) / provoquer

Definition:
(EN) Verb meaning to do a task or a duty exactly as it should be done, often used for religious duties or royal service.

Example: اس نے اپنا فرض بخوبی بجا لایا۔

Translation: He performed (discharged) his duty very well.

Root Word: Persian 'bajā' (in place) + Urdu 'lānā'.

Synonyms: پورا کرنا, تعمیل کرنا"
"پایہ تکمیل تک پہنچانا","Translations:
EN: to bring to completion / to finish (formal) / to perfect / to crown
AR: أَتَمَّ / أَنْهَى / جَعَلَهُ كَامِلاً
FR: mener à terme / finir (formel) / perfectionner / couronner

Definition:
(EN) High formal idiom meaning to work on a big project until every single part of it is finished and it becomes a complete success.

Example: اس نے اس عمارت کو پایہ تکمیل تک پہنچایا۔

Translation: He brought this building to completion (finished it).

Root Word: Persian 'pāya' (foot/foundation) + Arabic 'takmeel' + Urdu 'pahunchānā'.

Synonyms: مکمل کرنا, ختم کرنا"
"سر انجام دینا","Translations:
EN: to accomplish / to perform / to manage / to execute
AR: أَنْجَزَ / تَمَّمَ / قَامَ بِـ
FR: accomplir / effectuer / gérer / exécuter

Definition:
(EN) Formal compound verb meaning to take responsibility for a task and ensure it is finished successfully from start to finish.

Example: وہ اپنی ذمہ داریاں بخوبی سر انجام دے رہا ہے۔

Translation: He is performing (managing) his responsibilities very well.

Root Word: Persian 'sar' (head) + 'anjām' (end) + Urdu 'denā'.

Synonyms: پورا کرنا, بجا لانا"
"نبھانا","Translations:
EN: to fulfill / to carry out / to endure / to manage (relationship) / to stick with
AR: وَفَى بِـ / أَدَّى / تَحَمَّلَ / اِسْتَمَرَّ مَع
FR: remplir / accomplir / endurer / gérer (une relation) / s'en tenir à

Definition:
(EN) Verb meaning to keep a promise for a long time, or to continue a difficult relationship or a friendship with loyalty.

Example: دوستی نبھانا ہر کسی کے بس کی بات نہیں۔

Translation: To manage (fulfill) a friendship is not something everyone can do.

Root Word: Sanskrit 'nirvahaṇa'.

Synonyms: پورا کرنا, وفاداری کرنا"
"بسر کرنا","Translations:
EN: to spend / to pass (time/life) / to live / to dwell
AR: قَضَى (الوَقْت) / عَاشَ / أَمْضَى
FR: passer / s'écouler (temps/vie) / vivre / demeurer

Definition:
(EN) High formal compound verb meaning to live your life or to pass your time in a specific condition (like poverty or happiness).

Example: وہ بہت مشکل سے زندگی بسر کر رہا ہے۔

Translation: He is spending (living) his life with great difficulty.

Root Word: Persian 'basar' + Urdu 'karnā'.

Synonyms: گزارنا, رہنا"
"حیات گزارنا","Translations:
EN: to live / to spend life / to exist / to pass one's days
AR: عَاشَ الحَيَاة / قَضَى عُمْرَهُ / وُجِدَ
FR: vivre / passer sa vie / exister / passer ses jours

Definition:
(EN) High formal compound verb meaning to spend the years of your life on Earth, often used in literature or biography.

Example: اس نے اپنی تمام حیات خدمتِ خلق میں گزاری۔

Translation: He spent his entire life (lived) in the service of humanity.

Root Word: Arabic 'ḥayāt' + Urdu 'guzārnā'.

Synonyms: زندگی گزارنا, بسر کرنا"
"انتقال کرنا","Translations:
EN: to pass away / to transfer / to move (formal) / to migrate
AR: تُوُفِّيَ / اِنْتَقَلَ / هَاجَرَ
FR: décéder / transférer / se déplacer (formel) / migrer

Definition:
(EN) Formal compound verb used as a respectful way to say someone died, or to move from one city or job to another.

Example: ان کے والد کا کل انتقال ہو گیا۔

Translation: His father passed away (died) yesterday.

Root Word: Arabic 'intiqāl' + Urdu 'karnā'.

Synonyms: مرنا, وفات پانا"
"وفات پانا","Translations:
EN: to die / to pass away (formal/honorific) / to expire
AR: تُوُفِّيَ / لَحِقَ بِالرَّفِيق الأَعْلَى
FR: mourir / décéder (formel/honorifique) / expirer

Definition:
(EN) High formal and respectful compound verb meaning to die, usually used for respected elders, leaders, or scholars.

Example: شاعرِ مشرق نے 1938 میں وفات پائی۔

Translation: The Poet of the East passed away (died) in 1938.

Root Word: Arabic 'wafāt' + Urdu 'pānā'.

Synonyms: انتقال کرنا, مرنا"
"زندہ رہنا","Translations:
EN: to live / to stay alive / to survive / to endure
AR: عَاشَ / بَقِيَ حَيًّا / نَجَا
FR: vivre / rester en vie / survivre / endurer

Definition:
(EN) Verb meaning to continue to have life in your body, to not die in a disaster, or for a name to be remembered after death.

Example: وہ حادثے میں زندہ بچ گیا۔

Translation: He survived (stayed alive) in the accident.

Root Word: Persian 'zinda' + Urdu 'rahnā'.

Synonyms: حیات ہونا, جینا"
"سانس لینا","Translations:
EN: to breathe / to take a breath / to rest / to sigh
AR: تَنَفَّسَ / اِسْتَرَاحَ / تَنَهَّدَ
FR: respirer / prendre une inspiration / se reposer / soupirer

Definition:
(EN) Verb meaning to pull air into your lungs and push it out, or figuratively to take a short break after finishing a hard task.

Example: تازہ ہوا میں سانس لینا صحت کے لیے اچھا ہے۔

Translation: To breathe in fresh air is good for health.

Root Word: Sanskrit 'śvāsa' + Urdu 'lenā'.

Synonyms: دم لینا, تنفس کرنا"
"جاں بحق ہونا","Translations:
EN: to be martyred / to die (in an accident/war - formal) / to surrender life to God
AR: لَقِيَ حَتْفَهُ / اِسْتُشْهِدَ
FR: être martyrisé / mourir (accident/guerre - formel) / rendre l'âme à Dieu

Definition:
(EN) High formal compound verb used in news reports to say that people died in an accident, a flood, or a war.

Example: حادثے میں دس افراد جاں بحق ہو گئے۔

Translation: Ten people died (gave their lives) in the accident.

Root Word: Persian 'jāñ' (life) + Arabic 'ba-ḥaq' (to the Truth/God) + Urdu 'honā'.

Synonyms: وفات پانا, شہید ہونا"
"شہید ہونا","Translations:
EN: to be martyred / to die for a cause / to be a witness
AR: اِسْتُشْهِدَ / سَقَطَ شَهِيدًا
FR: être martyrisé / mourir pour une cause / être un témoin

Definition:
(EN) High formal and religious compound verb meaning to die while fighting for God, for the nation, or while doing a noble task like studying or saving someone.

Example: سپاہی سرحد کی حفاظت کرتے ہوئے شہید ہو گیا۔

Translation: The soldier was martyred (died for the cause) while protecting the border.

Root Word: Arabic 'shaheed' + Urdu 'honā'.

Synonyms: جاں بحق ہونا, قربان ہونا"
"قتل کرنا","Translations:
EN: to kill / to murder / to assassinate / to slaughter
AR: قَتَلَ / ذَبَحَ / اِغْتَالَ
FR: tuer / assassiner / assassiner / abattre

Definition:
(EN) Compound verb meaning to take someone's life illegally or by force using a weapon.

Example: دشمن نے بے گناہ لوگوں کو قتل کر دیا۔

Translation: The enemy killed (murdered) innocent people.

Root Word: Arabic 'qatl' + Urdu 'karnā'.

Synonyms: ہلاک کرنا, مار ڈالنا"
"ہلاک کرنا","Translations:
EN: to destroy / to kill / to slaughter / to ruin
AR: أَهْلَكَ / أَبَادَ / قَتَلَ
FR: détruire / tuer / abattre / ruiner

Definition:
(EN) Formal compound verb meaning to kill many people at once (like in a plague or war), or for a person to be destroyed by their own bad habits.

Example: سیلاب نے سینکڑوں مویشیوں کو ہلاک کر دیا۔

Translation: The flood killed (destroyed) hundreds of cattle.

Root Word: Arabic 'halāk' + Urdu 'karnā'.

Synonyms: قتل کرنا, مارنا"
"ذبح کرنا","Translations:
EN: to slaughter / to sacrifice / to cut the throat / to butcher
AR: ذَبَحَ / نَحَرَ / جَزَرَ
FR: égorger / sacrifier / couper la gorge / boucher

Definition:
(EN) Compound verb meaning to kill an animal for food or for a religious sacrifice by cutting its throat with a sharp knife.

Example: عید پر جانور ذبح کیے جاتے ہیں۔

Translation: Animals are slaughtered (sacrificed) on Eid.

Root Word: Arabic 'dhabaḥ' + Urdu 'karnā'.

Synonyms: حلال کرنا, مارنا"
"قربان کرنا","Translations:
EN: to sacrifice / to devote / to give up / to offer
AR: ضَحَّى بِـ / قَدَّمَ قُرْبَانًا / بَذَلَ
FR: sacrifier / dévouer / abandonner / offrir

Definition:
(EN) Compound verb meaning to give up something very valuable (like your life or money) for a noble cause or for the love of someone else.

Example: اس نے اپنی خوشیاں بچوں کے لیے قربان کر دیں۔

Translation: She sacrificed (gave up) her happiness for the children.

Root Word: Arabic 'qurbān' + Urdu 'karnā'.

Synonyms: تصدق کرنا, واری کرنا"
"تصدق کرنا","Translations:
EN: to give in charity / to sacrifice / to devote (formal) / to offer as alms
AR: تَصَدَّقَ بِـ / جَعَلَهُ صَدَقَة / بَذَلَ
FR: donner en charité / sacrifier / dévouer (formel) / offrir en aumône

Definition:
(EN) High formal compound verb meaning to give something away to the poor or for a sacred purpose to please God and protect yourself from bad luck.

Example: بادشاہ نے سونا غریبوں پر تصدق کر دیا۔

Translation: The king gave the gold in charity (sacrificed it) to the poor.

Root Word: Arabic 'taṣadduq' + Urdu 'karnā'.

Synonyms: صدقہ دینا, قربان کرنا"
"واری جانا","Translations:
EN: to be sacrificed / to be devoted to (idiomatic/emotional) / to adore
AR: اِفْتَدَى بِنَفْسِهِ / عَشِقَ جِدًّا
FR: être sacrifié / être dévoué à (idiomatique/émotionnel) / adorer

Definition:
(EN) Emotional idiomatic verb meaning to love someone so much that you are willing to give your life for them, often used by mothers or lovers.

Example: ماں اپنے بچے پر واری جاتی ہے۔

Translation: The mother is devoted (ready to be sacrificed) for her child.

Root Word: Sanskrit 'vāra' + Urdu 'jānā'.

Synonyms: قربان ہونا, نچھاور ہونا"
"نچھاور کرنا","Translations:
EN: to scatter (money/flowers) / to sacrifice / to devote / to bestow
AR: نَثَرَ / بَذَلَ / ضَحَّى بِـ
FR: disperser (argent/fleurs) / sacrifier / dévouer / accorder

Definition:
(EN) Verb meaning to throw money or flowers over someone as a sign of joy and honor, or figuratively to give your entire life for a mission.

Example: لوگوں نے دولہا پر پیسے نچھاور کیے۔

Translation: People scattered (bestowed) money over the groom.

Root Word: Sanskrit 'niśāra'.

Synonyms: واری کرنا, قربان کرنا"
"صدقہ دینا","Translations:
EN: to give charity / to give as an offering / to bestow alms
AR: أَعْطَى صَدَقَة / بَرَّ / جَادَ
FR: donner la charité / donner en offrande / accorder l'aumône

Definition:
(EN) Compound verb meaning to give money, food, or help to a needy person to get God's blessing or to remove a difficulty.

Example: غریبوں کو صدقہ دینا ثواب کا کام ہے۔

Translation: To give charity (offering) to the poor is a rewarding deed.

Root Word: Arabic 'ṣadaqa' + Urdu 'denā'.

Synonyms: خیرات کرنا, تصدق کرنا"
"خیرات کرنا","Translations:
EN: to give alms / to give charity / to do good deeds
AR: فَعَلَ الخَيْر / تَصَدَّقَ / أَنْفَقَ
FR: faire l'aumône / donner la charité / faire de bonnes actions

Definition:
(EN) Compound verb meaning to give money or goods to the poor, often used for general acts of kindness or distributed at a shrine or a feast.

Example: اس نے لنگر میں کھانا خیرات کیا۔

Translation: He gave the food as alms (charity) in the community kitchen.

Root Word: Arabic 'khairāt' + Urdu 'karnā'.

Synonyms: صدقہ دینا, انعام دینا"
"زکوۃ دینا","Translations:
EN: to give Zakat (obligatory charity) / to purify wealth
AR: زَكَّى / آتَى الزَّكَاة
FR: donner la Zakat (charité obligatoire) / purifier la richesse

Definition:
(EN) Religious compound verb meaning to pay a specific portion of your wealth (2.5%) to the poor once a year as a duty in Islam.

Example: ہر صاحبِ نصاب پر زکوۃ دینا فرض ہے۔

Translation: It is obligatory for every wealthy person to give Zakat (purify wealth).

Root Word: Arabic 'zakāt' + Urdu 'denā'.

Synonyms: خیرات کرنا, صدقہ دینا"
"ٹیکس دینا","Translations:
EN: to pay tax / to pay duty / to pay levy
AR: دَفَعَ ضَرِيبَة / أَدَّى جِبَايَة
FR: payer la taxe / payer les droits / payer la redevance

Definition:
(EN) Modern compound verb meaning to pay a specific amount of money to the government from your salary or business profit for national expenses.

Example: ایمانداری سے ٹیکس دینا چاہیے. 

Translation: One should pay tax (duty) with honesty.

Root Word: English 'Tax' + Urdu 'denā'.

Synonyms: لگان دینا, جزیہ دینا (archaic)"
"لگان دینا","Translations:
EN: to pay land revenue / to pay rent / to pay tax (to a landlord)
AR: دَفَعَ خَرَاجًا / أَدَّى إِيجَارَ الأَرْض
FR: payer la rente foncière / payer le loyer / payer la taxe (à un propriétaire)

Definition:
(EN) Historical and formal compound verb meaning for a farmer to pay a portion of his crops or money to the landlord or the government for using the land.

Example: کسانوں نے اپنا لگان ادا کر دیا۔

Translation: The farmers paid their land revenue (tax).

Root Word: Sanskrit 'lagana'.

Synonyms: مالگذاری کرنا, ٹیکس دینا"
"کرایہ دینا","Translations:
EN: to pay rent / to pay fare / to hire
AR: دَفَعَ إِيجَارًا / أَدَّى أُجْرَة الرُّكُوب / اِسْتَأْجَرَ
FR: payer le loyer / payer le prix du transport / louer

Definition:
(EN) Common compound verb meaning to pay money for using a house, a shop, or for traveling in a bus, taxi, or train.

Example: میں نے مکان کا کرایہ دے دیا ہے۔

Translation: I have paid the rent for the house.

Root Word: Arabic 'kirāya' + Urdu 'denā'.

Synonyms: اجرت دینا, لگان دینا"
"اجرت دینا","Translations:
EN: to pay wages / to pay remuneration / to pay for labor
AR: أَدَّى أُجْرَة / دَفَعَ رَاتِبًا / جَازَى
FR: payer les salaires / payer la rémunération / payer pour le travail

Definition:
(EN) Compound verb meaning to pay a worker for the specific job or the daily labor they have performed for you.

Example: مزدور کو اس کی اجرت وقت پر دو۔

Translation: Pay the worker his wages (remuneration) on time.

Root Word: Arabic 'ujrat' + Urdu 'denā'.

Synonyms: معاوضہ دینا, تنخواہ دینا"
"معاوضہ دینا","Translations:
EN: to give compensation / to give reward / to pay a fee / to make amends
AR: عَوَّضَ / كَافَأَ / جَازَى
FR: donner une compensation / donner une récompense / payer des honoraires / faire amende honorable

Definition:
(EN) Formal compound verb meaning to pay someone for a professional service, or to give money/goods to someone to fix a loss or an injury you caused them.

Example: حکومت نے متاثرین کو معاوضہ دیا۔

Translation: The government gave compensation (rewarded) the victims.

Root Word: Arabic 'muʿāwaḍa' + Urdu 'denā'.

Synonyms: بدلہ دینا, تلافی کرنا"
"بدلہ دینا","Translations:
EN: to give in return / to reward / to retaliate / to exchange
AR: جَازَى / كَافَأَ / اِنْتَقَمَ / بَادَلَ
FR: donner en retour / récompenser / user de représailles / échanger

Definition:
(EN) Verb meaning to do something for someone because they did something for you (either good or bad), or to trade one object for another.

Example: اللہ ہر کسی کو اس کی محنت کا بدلہ دیتا ہے۔

Translation: God gives reward (in return) to everyone for their hard work.

Root Word: Arabic 'badla' + Urdu 'denā'.

Synonyms: جزا دینا, عوض دینا"
"جزا دینا","Translations:
EN: to reward / to requite (usually by God) / to recompense
AR: جَازَى / كَافَأَ بِالخَيْر
FR: récompenser / rémunérer (habituellement par Dieu) / récompenser

Definition:
(EN) Religious and formal compound verb meaning for God to give a person a place in heaven or a good life because of their good deeds.

Example: اللہ آپ کو اس کی جزا دے۔

Translation: May God give you reward (recompense) for this.

Root Word: Arabic 'jazā' + Urdu 'denā'.

Synonyms: انعام دینا, صلہ دینا"
"ثواب ملنا","Translations:
EN: to get spiritual reward / to be rewarded by God / to earn merit
AR: نَالَ ثَوَابًا / كُوفِئَ مِنَ الله
FR: obtenir une récompense spirituelle / être récompensé par Dieu / gagner du mérite

Definition:
(EN) Compound verb meaning for a person to receive spiritual benefit and favor from God because of a good action like helping the poor or praying.

Example: غریب کی مدد کرنے سے ثواب ملتا ہے۔

Translation: One gets spiritual reward (earns merit) by helping the poor.

Root Word: Arabic 'thawāb' + Urdu 'milnā'.

Synonyms: اجر ملنا, نیکی کمانا"
"گناہ ہونا","Translations:
EN: to be a sin / to be sinful / to commit a transgression
AR: كَانَ ذَنْبًا / أَثِمَ
FR: être un péché / être pécheur / commettre une transgression

Definition:
(EN) Compound verb describing an action that is forbidden by God or is morally wrong, making the person responsible for a spiritual debt.

Example: جھوٹ بولنا گناہ ہے۔

Translation: Telling a lie is a sin (sinful).

Root Word: Persian 'gunāh' + Urdu 'honā'.

Synonyms: خطا ہونا, معصیت ہونا"
"پچھتانا","Translations:
EN: to regret / to repent / to rue / to feel remorse
AR: نَدِمَ / تَحَسَّرَ / أَسِفَ
FR: regretter / se repentir / regretter amèrement / éprouver du remords

Definition:
(EN) Verb meaning to feel deep sadness and pain because of a mistake you made in the past or an opportunity you lost.

Example: وقت گزر جانے کے بعد پچھتانے سے کیا فائدہ؟

Translation: What is the benefit of regretting (feeling remorse) after the time has passed?

Root Word: Sanskrit 'paścāt-tāpa'.

Synonyms: افسوس کرنا, نادم ہونا"
"توبہ کرنا","Translations:
EN: to repent / to vow not to do again / to ask for mercy
AR: تَابَ / اِسْتَغْفَرَ / أَقْلَعَ عَنِ الذَّنْب
FR: se repentir / jurer de ne plus recommencer / demander pardon

Definition:
(EN) Compound verb meaning to ask God for forgiveness for a sin and to make a very strong promise that you will never do that bad action again.

Example: اس نے اپنے گناہوں سے توبہ کر لی۔

Translation: He repented (vowed not to do again) of his sins.

Root Word: Arabic 'tauba' + Urdu 'karnā'.

Synonyms: استغفار کرنا, معافی مانگنا"
"معافی مانگنا","Translations:
EN: to apologize / to ask for forgiveness / to seek pardon
AR: اِعْتَذَرَ / طَلَبَ العَفْو
FR: s'excuser / demander pardon / solliciter la clémence

Definition:
(EN) Compound verb meaning to say sorry to a person you have hurt or to God for a mistake, asking them to forget the fault.

Example: اسے اپنی غلطی پر معافی مانگنی چاہیے۔

Translation: He should apologize (ask for forgiveness) for his mistake.

Root Word: Arabic 'maʿāfī' + Urdu 'māngnā'.

Synonyms: عذر خواہی کرنا, توبہ کرنا"
"بخشش مانگنا","Translations:
EN: to ask for forgiveness / to ask for pardon (formal) / to seek salvation
AR: اِسْتَغْفَرَ / طَلَبَ المَغْفِرَة
FR: demander pardon / demander grâce (formel) / chercher le salut

Definition:
(EN) High formal compound verb meaning to beg God for total forgiveness and protection from punishment, often used in long prayers.

Example: وہ رات بھر خدا سے بخشش مانگتا رہا۔

Translation: He kept asking for forgiveness (seeking salvation) from God all night.

Root Word: Persian 'bakhshish' + Urdu 'māngnā'.

Synonyms: استغفار کرنا, معافی مانگنا"
"التجا کرنا","Translations:
EN: to entreat / to supplicate / to request (formal) / to beseech
AR: اِلْتَمَسَ / تَوَسَّلَ / نَاشَدَ
FR: supplier / implorer / demander (formel) / adjurer

Definition:
(EN) High formal compound verb meaning to make a very humble and emotional request to a superior or to God for help.

Example: قیدی نے رحم کی التجا کی۔

Translation: The prisoner entreated (supplicated) for mercy.

Root Word: Arabic 'iltijā' + Urdu 'karnā'.

Synonyms: درخواست کرنا, منت کرنا"
"عرض کرنا","Translations:
EN: to state / to submit / to request (formal/honorific) / to display
AR: عَرَضَ / قَدَّمَ / قَالَ (بِأَدَب)
FR: déclarer / soumettre / demander (formel/honorifique) / exposer

Definition:
(EN) Polite and honorific compound verb used to say something to a respected person, or for a poet to recite his verses.

Example: میں نے بڑے صاحب سے اپنی مجبوری عرض کی۔

Translation: I stated (submitted) my compulsion to the big boss.

Root Word: Arabic 'ʿarḍ' + Urdu 'karnā'.

Synonyms: کہنا, گزارش کرنا"
"گزارش کرنا","Translations:
EN: to request / to petition / to submit / to represent
AR: طَلَبَ / اِلْتَمَسَ / قَدَّمَ طَلَبًا
FR: demander / pétitionner / soumettre / représenter

Definition:
(EN) Formal compound verb meaning to make a polite and structured request for something, often used in letters or meetings.

Example: میری آپ سے گزارش ہے کہ میری مدد کریں۔

Translation: My request (submission) to you is to help me.

Root Word: Persian 'guzārish' + Urdu 'karnā'.

Synonyms: درخواست کرنا, عرض کرنا"
"شکایت کرنا","Translations:
EN: to complain / to accuse / to grumble / to report (a fault)
AR: شَكَا / اِتَّهَمَ / تَمَلْمَلَ
FR: se plaindre / accuser / grommeler / signaler (une faute)

Definition:
(EN) Compound verb meaning to tell a boss, a teacher, or a parent that someone has done something wrong or that a situation is not good.

Example: اس نے پڑوسی کی شکایت کر دی۔

Translation: He complained (reported a fault) about the neighbor.

Root Word: Arabic 'shikāyat' + Urdu 'karnā'.

Synonyms: گلہ کرنا, نالہ کرنا"
"گلہ کرنا","Translations:
EN: to complain (mild/emotional) / to reproach / to murmur / to lament
AR: عَاتَبَ / تَمَلْمَلَ / تَذَمَّرَ
FR: se plaindre (léger/émotionnel) / reprocher / murmurer / déplorer

Definition:
(EN) Verb meaning to express a mild and emotional sadness to a friend or a lover because they have ignored you or hurt your feelings.

Example: دوستوں سے گلہ نہیں کرنا چاہیے۔

Translation: One should not complain (reproach) against friends.

Root Word: Persian 'gila' + Urdu 'karnā'.

Synonyms: شکایت کرنا, شکوہ کرنا"
"طعنہ دینا","Translations:
EN: to taunt / to reproach / to jeer / to sarcasm
AR: طَعَنَ / هَزِئَ / سَخِرَ
FR: railler / reprocher / se moquer / sarcasme

Definition:
(EN) Compound verb meaning to use biting and hurtful words to remind someone of their failure or a past mistake to make them feel small.

Example: کسی کی غریبی کا طعنہ نہ دو۔

Translation: Do not taunt (reproach) anyone for their poverty.

Root Word: Arabic 'ṭaʿna' + Urdu 'denā'.

Synonyms: طنز کرنا, برا بھلا کہنا"
"تضحیک کرنا","Translations:
EN: to ridicule / to mock / to deride (formal) / to laugh to scorn
AR: اِسْتَهْزَأَ / سَخِرَ مِنْ / تَهَكَّمَ
FR: ridiculiser / moquer / railler (formel) / mépriser par le rire

Definition:
(EN) High formal compound verb meaning to make a joke of a person or their ideas in front of others to humiliate them.

Example: کسی کے عقائد کی تضحیک کرنا غلط ہے۔

Translation: To ridicule (mock) someone's beliefs is wrong.

Root Word: Arabic 'taḍḥeek' + Urdu 'karnā'.

Synonyms: مذاق اڑانا, ہنسی اڑانا"
"مذاق اڑانا","Translations:
EN: to make fun of / to mock / to jeer / to spoof
AR: سَخِرَ مِنْ / اِسْتَهْزَأَ / تَهَكَّمَ
FR: se moquer de / railler / se gausser / parodier

Definition:
(EN) Common idiomatic compound verb meaning to laugh at someone or to imitate them in a funny way so that everyone else laughs at them.

Example: غریب طالب علم کا مذاق مت اڑاؤ۔

Translation: Do not make fun of (mock) the poor student.

Root Word: Arabic 'mazāq' + Urdu 'uṛānā'.

Synonyms: ہنسی اڑانا, تضحیک کرنا"
"ہنسی اڑانا","Translations:
EN: to ridicule / to laugh at / to deride / to poke fun
AR: ضَحِكَ عَلَى / سَخِرَ مِنْ / اِسْتَهْزَأَ
FR: ridiculiser / rire de / railler / se moquer

Definition:
(EN) Compound verb meaning to look at someone's dress or speech and laugh loudly as a way of showing that you think they are stupid or funny.

Example: وہ ہر کسی کی ہنسی اڑاتا ہے۔

Translation: He ridicules (laughs at) everyone.

Root Word: Urdu 'hansī' + 'uṛānā'.

Synonyms: مذاق اڑانا, تضحیک کرنا"
"مسکرانا","Translations:
EN: to smile / to beam / to smirk
AR: اِبْتَسَمَ / تَبَسَّمَ
FR: sourire / rayonner / minauder

Definition:
(EN) Verb meaning to make the corners of your mouth turn up because you are happy or because you think something is funny, without making a sound.

Example: وہ ہمیشہ دوسروں کو دیکھ کر مسکراتا ہے۔

Translation: He always smiles upon seeing others.

Root Word: Sanskrit 'musk'.

Synonyms: تبسم کرنا, ہنسنا"
"قہقہہ لگانا","Translations:
EN: to laugh loudly / to guffaw / to roar with laughter
AR: قَهْقَهَ / ضَحِكَ بِصَوْتٍ عَالٍ
FR: rire aux éclats / s'esclaffer / rugir de rire

Definition:
(EN) Compound verb meaning to laugh very loudly and suddenly, showing great joy or amusement.

Example: لطیفہ سن کر سب نے زوردار قہقہہ لگایا۔

Translation: Everyone guffawed (laughed loudly) after hearing the joke.

Root Word: Arabic 'qahqaha' + Urdu 'lagānā'.

Synonyms: ہنسنا, کھلکھلانا"
"زار و قطار رونا","Translations:
EN: to weep bitterly / to cry profusely / to sob uncontrollably
AR: بَكَى بُكَاءً مَرِيرًا / اِنْتَحَبَ
FR: pleurer amèrement / pleurer abondamment / sangloter de manière incontrôlable

Definition:
(EN) High formal idiom meaning to cry for a long time with many tears because of deep pain, grief, or a broken heart.

Example: ماں اپنے بچھڑے بیٹے کے لیے زار و قطار رو رہی تھی۔

Translation: The mother was weeping bitterly (crying profusely) for her lost son.

Root Word: Persian 'zār' (lament) + 'qaṭār' (line/row) + Urdu 'ronā'.

Synonyms: رونا, سسکیاں بھرنا"
"سسکیاں بھرنا","Translations:
EN: to sob / to catch one's breath while crying / to whimper
AR: شَهَقَ / نَشَجَ / تَنَهَّدَ بَاكِيًا
FR: sangloter / reprendre son souffle en pleurant / gémir

Definition:
(EN) Compound verb meaning to cry with short, sudden breaths, usually when trying to stop yourself from crying loudly.

Example: بچہ ڈر کی وجہ سے سسکیاں بھر رہا تھا۔

Translation: The child was sobbing (whimpering) due to fear.

Root Word: Urdu 'siskiyāñ' + 'bharnā'.

Synonyms: رونا, سسکنا"
"آنسو بہانا","Translations:
EN: to shed tears / to weep / to lament
AR: ذَرَفَ الدُّمُوع / بَكَى
FR: verser des larmes / pleurer / déplorer

Definition:
(EN) Compound verb meaning to let tears flow from your eyes, often used in poetry to describe sadness or deep religious emotion.

Example: کسی کے دکھ پر آنسو بہانا انسانیت ہے۔

Translation: To shed tears (weep) over someone's pain is humanity.

Root Word: Urdu 'āñsū' + 'bahānā'.

Synonyms: رونا, گریہ کرنا"
"غم کرنا","Translations:
EN: to grieve / to mourn / to feel sorrow / to worry
AR: حَزِنَ / اِغْتَمَّ / تَأَسَّفَ
FR: s'affliger / pleurer / ressentir de la tristesse / s'inquiéter

Definition:
(EN) Compound verb meaning to feel deep sadness in your heart because of a death, a loss, or a bad event.

Example: گزرے ہوئے وقت کا غم نہیں کرنا چاہیے۔

Translation: One should not grieve (feel sorrow) over the past time.

Root Word: Arabic 'gham' + Urdu 'karnā'.

Synonyms: افسوس کرنا, سوگ منانا"
"ماتم کرنا","Translations:
EN: to mourn / to lament (ritually or deeply) / to bewail
AR: نَاحَ / نَدَبَ / أَقَامَ مَأْتَمًا
FR: pleurer / déplorer (rituellement ou profondément) / se lamenter

Definition:
(EN) Compound verb meaning to express grief through crying, hitting one's chest, or wearing black, especially for the death of a great leader or a relative.

Example: پورے ملک نے شہیدوں کا ماتم کیا۔

Translation: The entire country mourned (lamented) the martyrs.

Root Word: Arabic 'mātam' + Urdu 'karnā'.

Synonyms: سوگ منانا, رونا پٹنا"
"سوگ منانا","Translations:
EN: to observe mourning / to be in mourning / to grieve
AR: حَدَّ / أَعْلَنَ الحِدَاد
FR: observer le deuil / être en deuil / s'affliger

Definition:
(EN) Compound verb meaning to officially show sadness for a specific period of time by not celebrating or by wearing specific clothes after a death.

Example: قوم تین دن تک سوگ منائے گی۔

Translation: The nation will observe mourning for three days.

Root Word: Sanskrit 'śoka' + Urdu 'manānā'.

Synonyms: ماتم کرنا, غم کرنا"
"خوشی منانا","Translations:
EN: to celebrate / to rejoice / to be happy / to make merry
AR: اِحْتَفَلَ / فَرِحَ / اِبْتَهَجَ
FR: célébrer / se réjouir / être heureux / festoyer

Definition:
(EN) Compound verb meaning to do something special like having a party or sharing sweets because you are happy about a success or a festival.

Example: ہم نے اپنی کامیابی کی بھرپور خوشی منائی۔

Translation: We celebrated (rejoiced) our success fully.

Root Word: Urdu 'khushī' + 'manānā'.

Synonyms: جشن منانا, مسرت حاصل کرنا"
"جشن منانا","Translations:
EN: to celebrate (a festival/victory) / to hold a feast / to make a ceremony
AR: اِحْتَفَلَ / أَقَامَ مَهْرَجَانًا / عَيَّدَ
FR: célébrer (une fête/victoire) / organiser un festin / faire une cérémonie

Definition:
(EN) Formal compound verb meaning to have a large public celebration with lights, music, and food for a national day or a great victory.

Example: آزادی کا جشن جوش و خروش سے منایا گیا۔

Translation: The celebration (festival) of independence was held with great enthusiasm.

Root Word: Persian 'jashn' + Urdu 'manānā'.

Synonyms: خوشی منانا, میلہ لگانا"
"دعوت دینا","Translations:
EN: to invite / to give a feast / to call / to summon
AR: دَعَا / وَجَّهَ دَعْوَة / أَطْعَمَ
FR: inviter / donner un festin / appeler / convoquer

Definition:
(EN) Compound verb meaning to ask someone to come to your house for food or to attend a wedding or a party.

Example: اس نے مجھے اپنی سالگرہ پر دعوت دی۔

Translation: He invited (called) me to his birthday.

Root Word: Arabic 'daʿwat' + Urdu 'denā'.

Synonyms: بلانا, میزبانی کرنا"
"مہمانی کرنا","Translations:
EN: to entertain (guests) / to be a host / to provide hospitality
AR: أَضَافَ / اِسْتَقْبَلَ الضُّيُوف
FR: divertir (invités) / être un hôte / assurer l'hospitalité

Definition:
(EN) Compound verb meaning to take care of a visitor by giving them a place to stay and good food.

Example: ہم نے ان کی خوب مہمانی کی۔

Translation: We provided great hospitality (entertained) them.

Root Word: Persian 'mehmān' + Urdu 'karnā'.

Synonyms: میزبانی کرنا, خاطر تواضع کرنا"
"میزبانی کرنا","Translations:
EN: to host / to be a master of ceremonies / to preside over
AR: اِسْتَضَافَ / قَامَ بِدَوْر المُضِيف
FR: accueillir / être un maître de cérémonie / présider

Definition:
(EN) Formal compound verb meaning to be the person who organizes a meeting, a dinner, or a sports event for others.

Example: پاکستان نے ایشیا کپ کی میزبانی کی۔

Translation: Pakistan hosted (presided over) the Asia Cup.

Root Word: Persian 'mezbān' + Urdu 'karnā'.

Synonyms: مہمانی کرنا, انتظام کرنا"
"خاطر تواضع کرنا","Translations:
EN: to welcome / to entertain / to serve (guests) / to show hospitality
AR: أَكْرَمَ الضَّيْف / قَدَّمَ الضِّيَافَة
FR: accueillir / divertir / servir (invités) / faire preuve d'hospitalité

Definition:
(EN) High formal and traditional compound verb meaning to serve guests with the best possible food and respect.

Example: میزبان نے دل کھول کر ہماری خاطر تواضع کی۔

Translation: The host welcomed and served (showed hospitality) to us with an open heart.

Root Word: Persian 'khāṭir' + Arabic 'tawaḍuʿ' + Urdu 'karnā'.

Synonyms: مہمانی کرنا, خدمت کرنا"
"چاکری کرنا","Translations:
EN: to serve / to attend upon / to be a servant (formal) / to flatter
AR: خَدَمَ / لَازَمَ لِلخِدْمَة / تَمَلَّقَ
FR: servir / assister / être un serviteur (formel) / flatter

Definition:
(EN) Formal verb meaning to perform service for a master or a king, often involving waiting on them and following every order.

Example: اس نے برسوں محل میں چاکری کی۔

Translation: He served (attended upon) in the palace for years.

Root Word: Persian 'chākar' + Urdu 'karnā'.

Synonyms: خدمت کرنا, نوکری کرنا"
"ملازمت کرنا","Translations:
EN: to serve / to work as an employee / to be in service
AR: اِشْتَغَلَ / عَمِلَ كَمُوَظَّف / خَدَمَ
FR: servir / travailler comme employé / être en service

Definition:
(EN) Compound verb meaning to have a regular job in an office, a school, or for the government where you get a monthly salary.

Example: وہ بینک میں ملازمت کرتا ہے۔

Translation: He works as an employee (serves) in a bank.

Root Word: Arabic 'mulāzamat' + Urdu 'karnā'.

Synonyms: نوکری کرنا, خدمت کرنا"
"مزدوری کرنا","Translations:
EN: to labor / to work for daily wages / to do hard manual work
AR: عَمِلَ بِيَوْمِيَّة / كَدَحَ / اِشْتَغَلَ بِيَدِهِ
FR: travailler dur / travailler pour un salaire journalier / faire un travail manuel pénible

Definition:
(EN) Compound verb meaning to do heavy physical work like building walls or carrying loads to earn money every day.

Example: کسان شہر آ کر مزدوری کرتا ہے۔

Translation: The farmer comes to the city and labors (works for daily wages).

Root Word: Persian 'mazdūrī' + Urdu 'karnā'.

Synonyms: محنت کرنا, کام کرنا"
"دھندا کرنا","Translations:
EN: to do business / to trade / to work (often informal) / to occupy oneself
AR: زَاوَلَ تِجَارَةً / اِشْتَغَلَ / مَارَسَ مِهْنَة
FR: faire des affaires / commercer / travailler (souvent informel) / s'occuper

Definition:
(EN) Verb meaning to be busy with a specific work or business, sometimes used informally or even for illegal work (depending on the context).

Example: وہ آج کل اپنا دھندا کر رہا ہے۔

Translation: He is doing his business (occupying himself) these days.

Root Word: Sanskrit 'dhanda'.

Synonyms: کاروبار کرنا, پیشہ ورانہ کام"
"کاروبار کرنا","Translations:
EN: to do business / to trade / to run a venture / to deal
AR: تَعَامَلَ تِجَارِيًّا / أَدَارَ عَمَلاً / بَاعَ وَاشْتَرَى
FR: faire des affaires / commercer / diriger une entreprise / traiter

Definition:
(EN) Compound verb meaning to buy and sell goods or services on a large scale to earn money and manage an office or a shop.

Example: ہم کپڑے کا کاروبار کرتے ہیں۔

Translation: We do business (trade) in clothes.

Root Word: Persian 'kārobār' + Urdu 'karnā'.

Synonyms: تجارت کرنا, لین دین کرنا"
"تجارت کرنا","Translations:
EN: to trade / to commerce / to bargain / to exchange goods
AR: تَاجَرَ / زَاوَلَ التِّجَارَة / تَبَادَلَ سِلَعًا
FR: commercer / faire du commerce / marchander / échanger des marchandises

Definition:
(EN) Formal compound verb meaning to buy products from one place or country and sell them in another to make a profit.

Example: قدیم زمانے میں لوگ قافلوں میں تجارت کرتے تھے۔

Translation: In ancient times, people used to trade (commerce) in caravans.

Root Word: Arabic 'tijārat' + Urdu 'karnā'.

Synonyms: کاروبار کرنا, بیوپار کرنا"
"منافع کمانا","Translations:
EN: to earn profit / to gain / to make money
AR: رَبِحَ / نَالَ مَكْسَبًا / اِسْتَفَادَ مَالِيًّا
FR: réaliser un profit / gagner / gagner de l'argent

Definition:
(EN) Compound verb meaning to get more money from a business deal than you spent on it.

Example: اس نے اس سودے میں بہت منافع کمایا۔

Translation: He earned a lot of profit (gain) in this deal.

Root Word: Arabic 'munāfaʿ' + Urdu 'kamānā'.

Synonyms: فائدہ اٹھانا, نفع حاصل کرنا"
"نقصان اٹھانا","Translations:
EN: to suffer loss / to incur damage / to lose money
AR: خَسِرَ / تَحَمَّلَ خَسَارَة / تَضَرَّرَ
FR: subir une perte / subir des dommages / perdre de l'argent

Definition:
(EN) Compound verb meaning to lose money in a business or for an object of yours to be broken or destroyed.

Example: ہمیں کاروبار میں بہت نقصان اٹھانا پڑا۔

Translation: We had to suffer a lot of loss (lose money) in the business.

Root Word: Arabic 'nuqṣān' + Urdu 'uṭhānā'.

Synonyms: گھاٹا ہونا, زک پہنچنا"
"سرمایہ کاری کرنا","Translations:
EN: to invest capital / to put in funds / to finance
AR: اِسْتَثْمَرَ / وَظَّفَ الأَمْوَال / مَوَّلَ
FR: investir des capitaux / injecter des fonds / financer

Definition:
(EN) Formal compound verb meaning to put your money into a business, a bank, or a project hoping that it will grow and give you more money later.

Example: حکومت نئی صنعتوں میں سرمایہ کاری کر رہی ہے۔

Translation: The government is investing capital (financing) in new industries.

Root Word: Persian 'sarmāya' + 'kārī' + Urdu 'karnā'.

Synonyms: پیسہ لگانا, استثمار کرنا"
"بچت کرنا","Translations:
EN: to save (money/resources) / to economize / to put aside
AR: وَفَّرَ / اِدَّخَرَ / اِقْتَصَدَ
FR: économiser (argent/ressources) / faire des économies / mettre de côté

Definition:
(EN) Compound verb meaning to not spend all your money or resources but to keep some for the future.

Example: مشکل وقت کے لیے بچت کرنا ضروری ہے۔

Translation: It is necessary to save (economize) for difficult times.

Root Word: Urdu 'bachat' + 'karnā'.

Synonyms: کفایت کرنا, جمع کرنا"
"صرف کرنا","Translations:
EN: to spend / to consume / to expend (formal) / to employ
AR: أَنْفَقَ / اِسْتَهْلَكَ / بَذَلَ / اِسْتَعْمَلَ
FR: dépenser / consommer / dépenser (formel) / employer

Definition:
(EN) Formal compound verb meaning to use up your money, your time, or your energy for a specific purpose.

Example: اس نے اپنی تمام توانائی پڑھائی پر صرف کر دی۔

Translation: He spent (expended) all his energy on studies.

Root Word: Arabic 'ṣarf' + Urdu 'karnā'.

Synonyms: خرچ کرنا, لگانا"
"ضیاع کرنا","Translations:
EN: to waste / to lose (formal) / to dissipate / to let perish
AR: أَضَاعَ / أَهْدَرَ / أَتْلَفَ / فَقَدَ
FR: gaspiller / perdre (formel) / dissiper / laisser périr

Definition:
(EN) High formal compound verb meaning to allow valuable time, money, or resources to be lost without any benefit.

Example: وقت کا ضیاع کرنا عقل مندی نہیں۔

Translation: To waste (dissipate) time is not wise.

Root Word: Arabic 'ḍiyāʿ' + Urdu 'karnā'.

Synonyms: ضائع کرنا, برباد کرنا"
"اسراف کرنا","Translations:
EN: to be extravagant / to overspend / to waste / to be lavish
AR: أَسْرَفَ / بَذَّرَ / بَالَغَ فِ الإِنْفَاق
FR: être extravagant / dépenser trop / gaspiller / être prodigue

Definition:
(EN) Religious and formal compound verb meaning to spend money or use resources much more than is necessary, which is considered a bad habit.

Example: اسلام میں اسراف کرنے سے منع کیا گیا ہے۔

Translation: Extravagance (overspending) is forbidden in Islam.

Root Word: Arabic 'isrāf' + Urdu 'karnā'.

Synonyms: فضول خرچی کرنا, ضائع کرنا"
"کفایت شعاری کرنا","Translations:
EN: to be frugal / to be thrifty / to practice economy / to be careful with money
AR: اِقْتَصَدَ / دَبَّرَ / وَفَّرَ بِحِكْمَة
FR: être frugal / être économe / pratiquer l'économie / être attentif à l'argent

Definition:
(EN) High formal compound verb meaning to spend money very wisely and carefully so that nothing is wasted.

Example: کامیاب زندگی کے لیے کفایت شعاری کرنا سیکھیں۔

Translation: Learn to be frugal (practice economy) for a successful life.

Root Word: Arabic 'kifāyat' + Persian 'shuʿārī' + Urdu 'karnā'.

Synonyms: بچت کرنا, احتیاط کرنا"
"بندوبست کرنا","Translations:
EN: to arrange / to manage / to settle / to make a provision
AR: رَتَّبَ / نَظَّمَ / دَبَّرَ / أَعَدَّ
FR: arranger / gérer / régler / prendre des dispositions

Definition:
(EN) Compound verb meaning to organize all the necessary things for a task, or to fix a problem by making a plan.

Example: ہم نے سفر کا مکمل بندوبست کر لیا ہے۔

Translation: We have made full arrangements (settled) for the journey.

Root Word: Persian 'band-o-bast' + Urdu 'karnā'.

Synonyms: انتظام کرنا, اہتمام کرنا"
"اہتمام کرنا","Translations:
EN: to arrange / to organize (an event/feast) / to take care / to celebrate
AR: اِهْتَمَّ بـ / نَظَّمَ / أَقَامَ (حَفْلَة) / أَعَدَّ
FR: arranger / organiser (un événement/festin) / s'occuper de / célébrer

Definition:
(EN) High formal compound verb meaning to organize a large event, a dinner, or a ceremony with great care and attention to detail.

Example: ان کے اعزاز میں ایک عشائیے کا اہتمام کیا گیا۔

Translation: A dinner was arranged (organized) in their honor.

Root Word: Arabic 'ehtimām' + Urdu 'karnā'.

Synonyms: انتظام کرنا, بندوبست کرنا"
"مشورہ کرنا","Translations:
EN: to consult / to advise together / to deliberate / to take counsel
AR: اِسْتَشَارَ / تَدَاوَلَ / تَشَاوَرَ
FR: consulter / délibérer ensemble / prendre conseil

Definition:
(EN) Compound verb meaning to talk with a friend or an expert to get their opinion before taking a big decision.

Example: کوئی بھی قدم اٹھانے سے پہلے والدین سے مشورہ کرنا چاہیے۔

Translation: One should consult (take counsel) with parents before taking any step.

Root Word: Arabic 'mashwara' + Urdu 'karnā'.

Synonyms: صلاح کرنا, رائے لینا"
"صلاح کرنا","Translations:
EN: to consult / to counsel / to deliberate / to reconcile
AR: تَصَالَحَ / تَشَاوَرَ / رَاجَعَ
FR: consulter / conseiller / délibérer / se réconcilier

Definition:
(EN) Compound verb meaning to discuss a matter with others to find the best way forward or to fix a disagreement.

Example: ہم نے آپس میں صلاح کر لی ہے۔

Translation: We have consulted (deliberated) among ourselves.

Root Word: Arabic 'ṣalāḥ' + Urdu 'karnā'.

Synonyms: مشورہ کرنا, مفاہمت کرنا"
"سازش کرنا","Translations:
EN: to conspire / to plot / to intrigue / to scheme
AR: تَآمَرَ / خَطَّطَ سِرًّا / كَادَ
FR: conspirer / comploter / intriguer / schématiser

Definition:
(EN) Compound verb meaning to make a secret plan with a few people to hurt someone else or to do something illegal, especially in politics.

Example: دشمن ملک کے خلاف سازش کر رہا ہے۔

Translation: The enemy is conspiring (plotting) against the country.

Root Word: Persian 'sāzish' + Urdu 'karnā'.

Synonyms: منصوبہ بنانا (negative), جوڑ توڑ کرنا"
"منصوبہ بندی کرنا","Translations:
EN: to plan / to strategize / to scheme / to organize
AR: خَطَّطَ / وَضَعَ خُطَّة / رَتَّبَ
FR: planifier / élaborer une stratégie / schématiser / organiser

Definition:
(EN) Formal compound verb meaning to make a detailed and organized map of actions to finish a project or reach a goal in the future.

Example: ہمیں اپنے مستقبل کی منصوبہ بندی کرنی چاہیے۔

Translation: We should plan (strategize) for our future.

Root Word: Arabic 'manṣūba' + Persian 'bandī' + Urdu 'karnā'.

Synonyms: انتظام کرنا, تدبیر کرنا"
"حکمت عملی بنانا","Translations:
EN: to make a strategy / to policy / to devise a plan (formal) / to tact
AR: رَسَمَ اِسْتِرَاتِيجِيَّة / وَضَعَ سِيَاسَة
FR: élaborer une stratégie / faire une politique / concevoir un plan (formel) / avoir du tact

Definition:
(EN) High formal compound verb meaning for a government or a general to decide on the most clever and effective way to deal with a big problem or an enemy.

Example: فوج نے جنگ کے لیے نئی حکمت عملی بنائی۔

Translation: The army made a new strategy (devised a plan) for the war.

Root Word: Arabic 'ḥikmat' + 'ʿamalī' + Urdu 'banānā'.

Synonyms: منصوبہ بندی کرنا, پالیسی بنانا"
"رائے دینا","Translations:
EN: to give an opinion / to vote / to advise / to express a view
AR: أَبْدَى رَأْيًا / صَوَّتَ / أَدْلَى بِقَوْلِه
FR: donner une opinion / voter / conseiller / exprimer un avis

Definition:
(EN) Compound verb meaning to tell others what you think about a specific matter, or to officially put your choice in a box during an election.

Example: ہر شہری کو اپنا حقِ رائے دہی استعمال کرنا چاہیے۔

Translation: Every citizen should use their right to give an opinion (vote).

Root Word: Arabic 'rāye' + Urdu 'denā'.

Synonyms: ووٹ دینا, مشورہ دینا"
"ووٹ دینا","Translations:
EN: to vote / to cast a ballot / to elect / to choose
AR: صَوَّتَ / أَدْلَى بِصَوْتِهِ / اِنْتَخَبَ
FR: voter / déposer un bulletin / élire / choisir

Definition:
(EN) Modern compound verb meaning to officially choose a candidate or a party to represent you in the government.

Example: میں نے ایماندار امیدوار کو ووٹ دیا۔

Translation: I voted (cast a ballot) for the honest candidate.

Root Word: English 'Vote' + Urdu 'denā'.

Synonyms: رائے دینا, انتخاب کرنا"
"انتخاب کرنا","Translations:
EN: to select / to elect / to choose / to pick out
AR: اِخْتَارَ / اِنْتَخَبَ / اِصْطَفَى
FR: sélectionner / élire / choisir / trier

Definition:
(EN) Formal compound verb meaning to look at many options or people and pick the best one for a specific job or a collection.

Example: ہم نے کتب خانے کے لیے نئی کتابوں کا انتخاب کیا۔

Translation: We selected (picked out) new books for the library.

Root Word: Arabic 'intikhāb' + Urdu 'karnā'.

Synonyms: چننا, منتخب کرنا"
"منتخب کرنا","Translations:
EN: to select / to elect / to appoint / to pick
AR: اِنْتَخَبَ / عَيَّنَ / اِخْتَارَ
FR: sélectionner / élire / nommer / choisir

Definition:
(EN) High formal compound verb meaning to officially choose a person for a position of power or to be a member of a team through a formal process.

Example: اسے ٹیم کا کپتان منتخب کیا گیا۔

Translation: He was selected (elected) as the captain of the team.

Root Word: Arabic 'muntakhab' + Urdu 'karnā'.

Synonyms: انتخاب کرنا, چننا"
"نامزد کرنا","Translations:
EN: to nominate / to name / to designate / to appoint
AR: رَشَّحَ / عَيَّنَ / سَمَّى
FR: nommer / désigner / proposer / mandater

Definition:
(EN) Formal compound verb meaning to officially suggest someone's name for an award, a job, or an election.

Example: صدر نے نئے وزیر کو نامزد کر دیا۔

Translation: The President nominated (appointed) the new minister.

Root Word: Persian 'nām' + 'zad' + Urdu 'karnā'.

Synonyms: مقرر کرنا, منتخب کرنا"
"تائید کرنا","Translations:
EN: to support / to second / to endorse / to confirm
AR: أَيَّدَ / سَانَدَ / صَدَّقَ عَلَى
FR: soutenir / appuyer / endosser / confirmer

Definition:
(EN) Formal compound verb meaning to agree with someone else's suggestion or to state publicly that you support a specific idea or person.

Example: میں آپ کی تجویز کی تائید کرتا ہوں۔

Translation: I support (second) your suggestion.

Root Word: Arabic 'tāeed' + Urdu 'karnā'.

Synonyms: حمایت کرنا, ساتھ دینا"
"حمایت کرنا","Translations:
EN: to support / to advocate / to defend / to side with
AR: دَعَمَ / سَانَدَ / حَامَى عَن
FR: soutenir / préconiser / défendre / prendre parti pour

Definition:
(EN) Compound verb meaning to stand with someone and help them by speaking or acting in their favor, especially when they are facing a difficulty.

Example: سچائی کی حمایت کرنا ہمارا فرض ہے۔

Translation: It is our duty to support (advocate) the truth.

Root Word: Arabic 'ḥimāyat' + Urdu 'karnā'.

Synonyms: تائید کرنا, ساتھ دینا"
"طرفداری کرنا","Translations:
EN: to take sides / to favor / to be partial / to support (a faction)
AR: اِنْحَازَ إِلَى / حَابَى / شَايَعَ
FR: prendre parti / favoriser / être partial / soutenir (une faction)

Definition:
(EN) Verb meaning to support one person or group against another in a fight or a discussion, often in an unfair way.

Example: جج کو کسی کی طرفداری نہیں کرنی چاہیے۔

Translation: A judge should not take sides (be partial).

Root Word: Persian 'ṭaraf' + 'dārī' + Urdu 'karnā'.

Synonyms: حمایت کرنا, پکش لینا (rare)"
"مخالفت کرنا","Translations:
EN: to oppose / to resist / to object / to contradict
AR: عَارَضَ / قَاوَمَ / اِعْتَرَضَ عَلَى
FR: s'opposer à / résister / objecter / contredire

Definition:
(EN) Compound verb meaning to speak or act against a law, an idea, or a person because you think they are wrong or harmful.

Example: اپوزیشن نے نئے بل کی مخالفت کی۔

Translation: The opposition opposed (resisted) the new bill.

Root Word: Arabic 'mukhālafat' + Urdu 'karnā'.

Synonyms: اختلاف کرنا, روکنا"
"احتجاج کرنا","Translations:
EN: to protest / to object / to demonstrate / to complain loudly
AR: اِحْتَجَّ / اِعْتَرَضَ / تَبَارَى
FR: protester / s'opposer / manifester / se plaindre bruyamment

Definition:
(EN) Formal compound verb meaning to publicly show that you disagree with an action or a law, often by walking in the streets or by writing a letter of objection.

Example: عوام نے مہنگائی کے خلاف احتجاج کیا۔

Translation: The public protested (demonstrated) against inflation.

Root Word: Arabic 'iḥtijāj' + Urdu 'karnā'.

Synonyms: دھرنا دینا, شکایت کرنا"
"بغاوت کرنا","Translations:
EN: to rebel / to revolt / to mutiny / to defy
AR: تَمَرَّدَ / ثَارَ / عَصَى
FR: se rébéller / se révolter / se mutiner / défier

Definition:
(EN) Compound verb meaning to fight against a government, a leader, or an authority because you think they are unfair or because you want to take power.

Example: فوج کے ایک حصے نے حکومت کے خلاف بغاوت کر دی۔

Translation: A part of the army rebelled (revolted) against the government.

Root Word: Arabic 'baghāwat' + Urdu 'karnā'.

Synonyms: سرکشی کرنا, علمِ بغاوت بلند کرنا"
"غداری کرنا","Translations:
EN: to betray / to commit treason / to be disloyal / to double-cross
AR: خَانَ / غَدَرَ / اِرْتَكَبَ الخِيَانَة
FR: trahir / commettre une trahison / être déloyal / doubler (quelqu'un)

Definition:
(EN) Compound verb meaning to be dishonest to your country, your friend, or your leader by helping their enemies or breaking their trust.

Example: وطن سے غداری کرنا سب سے بڑا جرم ہے۔

Translation: To betray (commit treason against) the homeland is the biggest crime.

Root Word: Arabic 'ghadar' + Urdu 'karnā'.

Synonyms: بے وفائی کرنا, دغا دینا"
"جاسوسی کرنا","Translations:
EN: to spy / to eavesdrop / to scout / to investigate secretly
AR: تَجَسَّسَ / اِسْتَرَقَ السَّمْع / اِسْتَطْلَعَ
FR: espionner / écouter aux portes / faire de la reconnaissance / enquêter secrètement

Definition:
(EN) Compound verb meaning to secretly watch a person or a country to find out their hidden plans or information for an enemy.

Example: وہ دشمن کے کیمپ میں جاسوسی کر رہا تھا۔

Translation: He was spying (investigating secretly) in the enemy's camp.

Root Word: Arabic 'jāsūsī' + Urdu 'karnā'.

Synonyms: مخبری کرنا, ٹوہ لگانا"
"نگرانی کرنا","Translations:
EN: to supervise / to monitor / to watch over / to oversee
AR: رَاقَبَ / أَشْرَفَ عَلَى / تَوَلَّى الرِّقَابَة
FR: superviser / surveiller / veiller sur / superviser

Definition:
(EN) Compound verb meaning to watch a process, a person, or a place carefully to make sure that everything is being done correctly and safely.

Example: استاد طلبہ کے امتحان کی نگرانی کر رہے ہیں۔

Translation: The teacher is supervising (monitoring) the students' exam.

Root Word: Persian 'nigrānī' + Urdu 'karnā'.

Synonyms: دیکھ بھال کرنا, اہتمام کرنا"
"پہرہ دینا","Translations:
EN: to guard / to keep watch / to patrol / to stand sentry
AR: حَرَسَ / خَفَرَ / قَامَ بِالحِرَاسَة
FR: garder / veiller / patrouiller / monter la garde

Definition:
(EN) Compound verb meaning to stand at a gate or walk around a building at night to protect it from thieves or enemies.

Example: سپاہی سرحد پر پہرہ دے رہے ہیں۔

Translation: Soldiers are guarding (keeping watch) on the border.

Root Word: Sanskrit 'prahara' + Urdu 'denā'.

Synonyms: حفاظت کرنا, چوکیداری کرنا"
"تحفظ فراہم کرنا","Translations:
EN: to provide protection / to safeguard / to secure / to shelter
AR: حَمَى / وَفَّرَ الحِمَايَة / أَمَّنَ
FR: assurer la protection / sauvegarder / sécuriser / abriter

Definition:
(EN) High formal compound verb meaning to give safety and security to a person, a building, or a law so that it cannot be harmed.

Example: ریاست کا فرض ہے کہ شہریوں کو تحفظ فراہم کرے۔

Translation: It is the duty of the state to provide protection (safeguard) to the citizens.

Root Word: Arabic 'taḥaffuẓ' + 'farāham' + Urdu 'karnā'.

Synonyms: حفاظت کرنا, پناہ دینا"
"یورش کرنا","Translations:
EN: to assault / to charge / to storm / to raid (formal)
AR: هَجَمَ / اِنْقَضَّ عَلَى / اِقْتَحَمَ
FR: assaillir / charger / prendre d'assaut / faire un raid (formel)

Definition:
(EN) High formal and historical compound verb meaning to make a sudden and violent attack on a fort, a city, or an army position.

Example: تاتاریوں نے بغداد پر یورش کی۔

Translation: The Tatars assaulted (stormed) Baghdad.

Root Word: Turkish 'yörüş' + Urdu 'karnā'.

Synonyms: حملہ کرنا, چڑھائی کرنا"
"دفاع کرنا","Translations:
EN: to defend / to protect / to justify / to plead for
AR: دَافَعَ عَن / صَدَّ / حَامَى
FR: défendre / protéger / justifier / plaider pour

Definition:
(EN) Formal compound verb meaning to fight back against an attack to save yourself, or to speak in favor of someone who is being accused in court.

Example: ہمیں اپنے ملک کا دفاع کرنا آتا ہے۔

Translation: We know how to defend (protect) our country.

Root Word: Arabic 'difāʿ' + Urdu 'karnā'.

Synonyms: بچاؤ کرنا, حمایت کرنا"
"مقابلہ کرنا","Translations:
EN: to compete / to confront / to oppose / to compare
AR: نَافَسَ / وَاجَهَ / قَابَلَ / ضَاهَى
FR: concourir / affronter / s'opposer / comparer

Definition:
(EN) Compound verb meaning to fight or play against someone to see who is better, or to stand strong against a difficulty.

Example: وہ بہادری سے دشمن کا مقابلہ کر رہا ہے۔

Translation: He is confronting (opposing) the enemy bravely.

Root Word: Arabic 'muqābala' + Urdu 'karnā'.

Synonyms: لڑنا, سامنا کرنا"
"کارزار کرنا","Translations:
EN: to battle / to fight in war (poetic/formal) / to engage in combat
AR: خَاضَ مَعْرَكَة / حَارَبَ فِ المَيْدَان
FR: livrer bataille / combattre à la guerre (poétique/formel) / s'engager dans un combat

Definition:
(EN) High poetic and archaic compound verb meaning to participate in a great battle or a field of war.

Example: بہادروں نے میدان میں خوب کارزار کیا۔

Translation: The brave fought (battled) well in the field.

Root Word: Persian 'kārzār' + Urdu 'karnā'.

Synonyms: جنگ کرنا, لڑائی کرنا"
"صلح کرنا","Translations:
EN: to make peace / to reconcile / to make a truce / to patch up
AR: صَالَحَ / هَادَنَ / عَقَدَ صُلْحًا
FR: faire la paix / se réconcilier / faire une trêve / se raccommoder

Definition:
(EN) Compound verb meaning to stop fighting and become friends again after a war, a legal case, or a personal fight.

Example: دونوں قبیلوں نے آپس میں صلح کر لی۔

Translation: Both tribes made peace (reconciled) among themselves.

Root Word: Arabic 'ṣulḥ' + Urdu 'karnā'.

Synonyms: سمجھوتہ کرنا, راضی نامہ کرنا"
"معاہدہ کرنا","Translations:
EN: to make an agreement / to sign a treaty / to contract / to pact
AR: عَاهَدَ / عَقَدَ اِتِّفَاقًا / تَعَاقَدَ
FR: conclure un accord / signer un traité / contracter / pactiser

Definition:
(EN) Formal compound verb meaning to sign a legal or political paper where two sides promise to follow certain rules or to help each other.

Example: دونوں ملکوں نے تجارت کا معاہدہ کیا۔

Translation: Both countries made an agreement (signed a treaty) for trade.

Root Word: Arabic 'muʿāhada' + Urdu 'karnā'.

Synonyms: قول و قرار کرنا, پکا وعدہ کرنا"
"دستخط کرنا","Translations:
EN: to sign / to autograph / to subscribe / to endorse
AR: وَقَّعَ / أَمْضَى / مَهَرَ
FR: signer / autographier / souscrire / endosser

Definition:
(EN) Compound verb meaning to write your name at the end of a letter, a check, or a law to show that you agree with it.

Example: اس نے دستاویز پر دستخط کر دیے۔

Translation: He signed (endorsed) the document.

Root Word: Persian 'dast' (hand) + Arabic 'khaṭ' (writing) + Urdu 'karnā'.

Synonyms: لکھنا (rare), تائید کرنا"
"مہر لگانا","Translations:
EN: to seal / to stamp / to validate / to confirm (officially)
AR: خَتَمَ / مَهَرَ / صَدَّقَ بِخَاتِم
FR: sceller / tamponner / valider / confirmer (officiellement)

Definition:
(EN) Verb meaning to put a physical ink stamp or wax seal on a paper to show that it is official and cannot be changed.

Example: فائل پر افسر کی مہر لگی ہوئی ہے۔

Translation: The officer's seal (stamp) is on the file.

Root Word: Persian 'mohr' + Urdu 'lagānā'.

Synonyms: ٹھپہ لگانا, پکا کرنا"
"تصدیق کرنا","Translations:
EN: to verify / to confirm / to attest / to certify
AR: صَدَّقَ / أَثْبَتَ / حَقَّقَ
FR: vérifier / confirmer / attester / certifier

Definition:
(EN) Formal compound verb meaning to check a fact or a document and state officially that it is true and accurate.

Example: پولیس نے اس کی خبر کی تصدیق کی۔

Translation: The police verified (confirmed) his news.

Root Word: Arabic 'taṣdeeq' + Urdu 'karnā'.

Synonyms: سچ بتانا, ثبوت دینا"
"تردید کرنا","Translations:
EN: to deny / to refute / to contradict / to disprove
AR: نَفَى / كَذَّبَ / فَـنَّـدَ / رَدَّ
FR: nier / réfuter / contredire / désapprouver

Definition:
(EN) Compound verb meaning to officially state that a news or an accusation is false and that you have evidence to prove it.

Example: ترجمان نے جھوٹی خبروں کی تردید کی۔

Translation: The spokesperson denied (refuted) the false news.

Root Word: Arabic 'tardeed' + Urdu 'karnā'.

Synonyms: انکار کرنا, غلط ثابت کرنا"
"تردید ہونا","Translations:
EN: to be denied / to be refuted / to be contradicted
AR: اِنْتَفَى / كُذِّبَ / نُفِيَ
FR: être nié / être réfuté / être contredit

Definition:
(EN) Passive compound verb meaning for a statement or a rumor to be proven false by someone else or by facts.

Example: عدالتی فیصلے سے اس کے دعوے کی تردید ہو گئی۔

Translation: His claim was refuted (denied) by the court decision.

Root Word: Arabic 'tardeed' + Urdu 'honā'.

Synonyms: جھوٹا ثابت ہونا, نفی ہونا"
"روگردانی کرنا","Translations:
EN: to turn away / to deviate / to defy / to disregard
AR: أَعْرَضَ عَن / نَكَثَ / خَالَفَ
FR: se détourner / s'écarter / défier / ignorer

Definition:
(EN) Verb meaning to stop following a rule, a promise, or a path, often used for ignoring a law or a religious order.

Example: قانون سے روگردانی کرنا جرم ہے۔

Translation: It is a crime to defy (turn away from) the law.

Root Word: Persian 'ru' (face) + 'gardānī' (turning) + Urdu 'karnā'.

Synonyms: انحراف کرنا, پیٹھ پھیرنا"
"اقرار کرنا","Translations:
EN: to confess / to admit / to promise / to declare
AR: أَقَرَّ / اِعْتَرَفَ / وَعَدَ / صَرَّحَ
FR: confesser / admettre / promettre / déclarer

Definition:
(EN) Compound verb meaning to openly state that you have done something (good or bad) or to make a serious promise to do something.

Example: اس نے سچ بولنے کا اقرار کیا۔

Translation: He confessed (promised) to speak the truth.

Root Word: Arabic 'iqrār' + Urdu 'karnā'.

Synonyms: اعتراف کرنا, مان لینا"
"اقرارِ جرم کرنا","Translations:
EN: to confess to a crime / to plead guilty / to admit a fault
AR: اِعْتَرَفَ بِالجَرِيمَة / أَقَرَّ بِذَنْبِه
FR: avouer un crime / plaider coupable / admettre une faute

Definition:
(EN) Formal compound verb meaning to officially admit in front of a judge or a leader that you have committed a specific crime.

Example: ملزم نے عدالت میں اقرارِ جرم کر لیا۔

Translation: The accused confessed to the crime (pleaded guilty) in court.

Root Word: Arabic 'iqrār' + 'jurm' + Urdu 'karnā'.

Synonyms: گناہ ماننا, اعتراف کرنا"
"سزا پانا","Translations:
EN: to get punishment / to be punished / to suffer the consequences
AR: عُوقِبَ / نَالَ جَزَاءَهُ
FR: être puni / être sanctionné / subir les conséquences

Definition:
(EN) Compound verb meaning to receive a penalty (like jail or a fine) for a mistake or a crime that you committed.

Example: قاتل کو ضرور سزا پانی چاہیے۔

Translation: The killer must get punishment (be punished).

Root Word: Persian 'sazā' + Urdu 'pānā'.

Synonyms: سزا ملنا, بھگتنا"
"سزا دینا","Translations:
EN: to punish / to penalize / to sentence / to discipline
AR: عَاقَبَ / حَكَمَ عَلَى / أَدَّبَ
FR: punir / pénaliser / condamner / discipliner

Definition:
(EN) Compound verb meaning for a judge, a parent, or God to give a penalty to someone for their bad actions.

Example: جج نے چور کو دو سال قید کی سزا دی۔

Translation: The judge punished (sentenced) the thief to two years in prison.

Root Word: Persian 'sazā' + Urdu 'denā'.

Synonyms: تعزیر کرنا, گوشمالی کرنا"
"جزا ملنا","Translations:
EN: to get reward / to get retribution (divine/formal) / to be compensated
AR: كُوفِئَ / نَالَ جَزَاءً حَسَنًا
FR: être récompensé / obtenir une rétribution (divine/formelle) / être compensé

Definition:
(EN) Formal compound verb meaning to receive a good return or reward from God or a leader for a good action or a sacrifice.

Example: صبر کرنے والوں کو ضرور جزا ملتی ہے۔

Translation: Those who have patience definitely get a reward (retribution).

Root Word: Arabic 'jazā' + Urdu 'milnā'.

Synonyms: ثواب ملنا, صلہ ملنا"
"مکافاتِ عمل ہونا","Translations:
EN: to be retribution / to be karma (poetic/formal) / to get what one deserves
AR: كَانَ جَزَاءً وِفَاقًا / نَالَ مَا اِسْتَحَقَّ
FR: être une rétribution / être le karma (poétique/formel) / récolter ce qu'on a semé

Definition:
(EN) High poetic and philosophical idiom meaning for the consequences of your own actions to come back to you, whether good or bad.

Example: جو بوؤ گے وہی کاٹو گے، یہی مکافاتِ عمل ہے۔

Translation: You reap what you sow, this is the retribution (karma).

Root Word: Arabic 'mukāfāt' + 'ʿamal' + Urdu 'honā'.

Synonyms: بدلہ ملنا, انجام ہونا"
"عبرت حاصل کرنا","Translations:
EN: to take a lesson / to take a warning / to learn from a bad example
AR: اِعْتَبَرَ / اِتَّعَظَ / اِسْتَفَادَ مِنْ عِبْرَة
FR: tirer une leçon / prendre un avertissement / apprendre d'un mauvais exemple

Definition:
(EN) Formal compound verb meaning to see someone else's failure or punishment and learn to never make the same mistake yourself.

Example: ہمیں تاریخ سے عبرت حاصل کرنی چاہیے۔

Translation: We should take a lesson (warning) from history.

Root Word: Arabic 'ʿibrat' + Urdu 'ḥāṣil karnā'.

Synonyms: سبق سیکھنا, نصیحت پکڑنا"
"سبق سیکھنا","Translations:
EN: to learn a lesson / to gain experience / to understand a point
AR: تَعَلَّمَ دَرْسًا / اِسْتَفَادَ مِنْ تَجْرِبَة
FR: apprendre une leçon / acquérir de l'expérience / comprendre un point

Definition:
(EN) Compound verb meaning to understand a truth or a moral rule because of a personal experience, often a painful one.

Example: میں نے اپنی ناکامی سے بہت بڑا سبق سیکھا۔

Translation: I learned a very big lesson from my failure.

Root Word: Arabic 'sabaq' + Urdu 'seekhnā'.

Synonyms: عبرت حاصل کرنا, سمجھ آنا"
"نصیحت کرنا","Translations:
EN: to advise / to preach / to admonish / to counsel
AR: نَصَحَ / وَعَظَ / أَرْشَدَ
FR: conseiller / prêcher / admonester / conseiller

Definition:
(EN) Compound verb meaning to give good moral advice to a younger person or a friend to help them live a better life.

Example: بزرگوں کو چاہیے کہ بچوں کو نصیحت کریں۔

Translation: Elders should advise (preach to) the children.

Root Word: Arabic 'naṣīḥat' + Urdu 'karnā'.

Synonyms: ہدایت کرنا, پند کہنا"
"تبلیغ کرنا","Translations:
EN: to preach / to propagate (religion/ideology) / to proselytize / to mission
AR: بَلَّغَ / نَشَرَ الدِّين / دَعَا إِلَى
FR: prêcher / propager (religion/idéologie) / prosélytisme / faire mission

Definition:
(EN) Formal compound verb meaning to travel and talk to people to spread a religious message or a specific political idea to convert them.

Example: وہ افریقہ میں دین کی تبلیغ کر رہے ہیں۔

Translation: They are preaching (propagating) the religion in Africa.

Root Word: Arabic 'tablīgh' + Urdu 'karnā'.

Synonyms: دعوت دینا, پیغام پہنچانا"
"فتویٰ دینا","Translations:
EN: to issue a religious decree / to rule (religiously) / to give a formal opinion
AR: أَفْتَى / أَصْدَرَ فَتْوَى
FR: émettre un décret religieux / statuer (religieusement) / donner un avis formel

Definition:
(EN) Formal compound verb meaning for a religious scholar (Mufti) to give an official answer to a legal question according to Islamic law.

Example: مفتی صاحب نے اس مسئلے پر فتویٰ دے دیا۔

Translation: The Mufti issued a religious decree (ruled) on this issue.

Root Word: Arabic 'fatwa' + Urdu 'denā'.

Synonyms: حکم سنانا, مسئلہ بتانا"
"وعظ کرنا","Translations:
EN: to preach / to deliver a sermon / to lecture (morally) / to exhort
AR: وَعَظَ / أَلْقَى خُطْبَة / أَرْشَدَ
FR: prêcher / prononcer un sermon / donner une conférence (morale) / exhorter

Definition:
(EN) High formal compound verb meaning to stand in front of a crowd in a mosque or a meeting and give a speech about God, morality, and afterlife.

Example: خطیب صاحب نے مسجد میں پر اثر وعظ کیا۔

Translation: The orator delivered an effective sermon (preached) in the mosque.

Root Word: Arabic 'vaʿẓ' + Urdu 'karnā'.

Synonyms: خطبہ دینا, نصیحت کرنا"
"اذان دینا","Translations:
EN: to call for prayer / to announce / to proclaim / to summon (religiously)
AR: أَذَّنَ / رَفَعَ الأَذَان / نَادَى لِلصَّلَاة
FR: appeler à la prière / annoncer / proclamer / convoquer (religieusement)

Definition:
(EN) Compound verb meaning to make the loud official announcement from a mosque that it is time for Muslims to come and pray.

Example: موذن نے مسجد میں اذان دی۔

Translation: The muezzin gave the call for prayer (announced) in the mosque.

Root Word: Arabic 'adhān' + Urdu 'denā'.

Synonyms: پکارنا, آواز دینا"
"نماز پڑھنا","Translations:
EN: to pray (canonical prayer) / to perform worship / to prostrate
AR: صَلَّى / أَدَّى الصَّلَاة
FR: prier (prière canonique) / accomplir l'adoration / se prosterner

Definition:
(EN) Compound verb meaning to perform the five daily structured prayers that are mandatory in Islam, involving standing, bowing, and prostrating.

Example: وہ وقت پر نماز پڑھتا ہے۔

Translation: He prays (performs worship) on time.

Root Word: Persian 'namāz' + Urdu 'paṛhnā'.

Synonyms: بندگی کرنا, عبادت کرنا"
"روزہ رکھنا","Translations:
EN: to fast (religious fast) / to abstain from food / to observe a fast
AR: صَامَ / أَمْسَكَ عَنِ الطَّعَام
FR: jeûner (jeûne religieux) / s'abstenir de nourriture / observer un jeûne

Definition:
(EN) Compound verb meaning to not eat or drink anything from sunrise to sunset during the month of Ramadan or on other special days for spiritual reward.

Example: ہم سب نے آج روزہ رکھا ہوا ہے۔

Translation: We all are fasting (observing a fast) today.

Root Word: Persian 'roza' + Urdu 'rakhnā'.

Synonyms: فاقہ کرنا (non-religious), صیام کرنا"
"حج کرنا","Translations:
EN: to perform pilgrimage (Mecca) / to visit the holy places
AR: حَجَّ / زَارَ البَيْتَ الحَرَام
FR: accomplir le pèlerinage (Mecque) / visiter les lieux saints

Definition:
(EN) Compound verb meaning to travel to Mecca in Saudi Arabia during the specific month of Zil-Hajj to perform the mandatory religious rituals.

Example: اس کے والدین نے پچھلے سال حج کیا۔

Translation: His parents performed the pilgrimage (Hajj) last year.

Root Word: Arabic 'ḥajj' + Urdu 'karnā'.

Synonyms: عمرہ کرنا (shorter), زیارت کرنا"
"زکوٰۃ دینا","Translations:
EN: to give alms / to give religious tax / to purify wealth
AR: زَكَّى / أَدَّى الزَّكَاة / تَصَدَّقَ بِالفَرِيضَة
FR: donner l'aumône / donner la taxe religieuse / purifier ses richesses

Definition:
(EN) Compound verb meaning to give a specific percentage (2.5%) of your saved wealth to the poor every year as a religious duty.

Example: صاحبِ نصاب مسلمانوں پر زکوٰۃ دینا فرض ہے۔

Translation: It is mandatory for wealthy Muslims to give alms (religious tax).

Root Word: Arabic 'zakāt' + Urdu 'denā'.

Synonyms: صدقہ دینا, خیرات کرنا"
"خیرات کرنا","Translations:
EN: to give charity / to give to the poor / to be generous / to distribute alms
AR: تَصَدَّقَ / عَمِلَ الخَيْر / بَذَلَ لِلْفُقَرَاء
FR: faire la charité / donner aux pauvres / être généreux / distribuer des aumônes

Definition:
(EN) Compound verb meaning to give money, food, or clothes to poor and needy people for the sake of goodness and kindness.

Example: وہ کثرت سے خیرات کرتا ہے۔

Translation: He gives charity (distributes alms) frequently.

Root Word: Arabic 'khairāt' + Urdu 'karnā'.

Synonyms: صدقہ دینا, مدد کرنا"
"صدقہ دینا","Translations:
EN: to give alms (voluntary) / to sacrifice for protection / to offer charity
AR: تَصَدَّقَ / بَذَلَ صَدَقَة / ضَحَّى لِلدَّفْع
FR: donner des aumônes (volontaires) / sacrifier pour la protection / offrir la charité

Definition:
(EN) Compound verb meaning to give money or food voluntarily to please God or to protect yourself and your family from bad luck and diseases.

Example: بلاؤں کو ٹالنے کے لیے صدقہ دینا چاہیے۔

Translation: One should give alms (sacrifice for protection) to avoid calamities.

Root Word: Arabic 'ṣadaqa' + Urdu 'denā'.

Synonyms: خیرات کرنا, فدیہ دینا"
"قربانی کرنا","Translations:
EN: to sacrifice / to immolate / to offer (an animal) / to give up one's life
AR: ضَحَّى / نَحَرَ / قَدَّمَ قُرْبَانًا
FR: sacrifier / immoler / offrir (un animal) / donner sa vie

Definition:
(EN) Compound verb meaning to kill an animal (like a goat or cow) for God during Eid-ul-Adha, or figuratively to give up something very important for a higher goal.

Example: ابراہیم علیہ السلام نے اپنے بیٹے کی قربانی کرنا چاہی۔

Translation: Prophet Ibrahim (A.S) wanted to sacrifice (immolate) his son.

Root Word: Arabic 'qurbānī' + Urdu 'karnā'.

Synonyms: ذبح کرنا, فدا ہونا"
"تلاوت کرنا","Translations:
EN: to recite (Quran/scripture) / to read aloud (holy book) / to chant
AR: تَلَا / رَتَّلَ القُرْآن / قَرَأَ بِتَدَبُّر
FR: réciter (Coran/écriture) / lire à haute voix (livre saint) / chanter

Definition:
(EN) Formal compound verb meaning to read the Quran or other holy scriptures with proper rules and a beautiful tone.

Example: وہ روزانہ صبح تلاوت کرتا ہے۔

Translation: He recites (reads aloud the holy book) every morning.

Root Word: Arabic 'tilāwat' + Urdu 'karnā'.

Synonyms: پڑھنا, رتیل کرنا"
"تسبیح کرنا","Translations:
EN: to tell beads / to glorify God / to repeat holy names / to chant praises
AR: سَبَّحَ / اِسْتَعْمَلَ المِسْبَحَة / مَجَّدَ الله
FR: égrener un chapelet / glorifier Dieu / répéter les noms saints / chanter des louanges

Definition:
(EN) Compound verb meaning to use a string of beads to repeat the names of God or short holy phrases as a form of meditation.

Example: وہ ذکر و تسبیح کرنے میں مصروف ہے۔

Translation: He is busy glorifying God (telling beads).

Root Word: Arabic 'tasbeeh' + Urdu 'karnā'.

Synonyms: ذکر کرنا, ورد کرنا"
"مناجات کرنا","Translations:
EN: to supplicate / to pray (formal/poetic) / to whisper a prayer / to entreat God
AR: نَاجَى / اِبْتَهَلَ / تَرَضَّى الله
FR: supplier / prier (formel/poétique) / murmurer une prière / implorer Dieu

Definition:
(EN) High formal and poetic compound verb meaning to talk to God in private with deep emotion, often at night, asking for mercy and light.

Example: صوفی راتوں کو اٹھ کر مناجات کرتے ہیں۔

Translation: Sufis wake up at night and supplicate (whisper prayers).

Root Word: Arabic 'munājāt' + Urdu 'karnā'.

Synonyms: دعا کرنا, التجا کرنا"
"حمد کرنا","Translations:
EN: to praise (God) / to glorify / to extol / to hymn
AR: حَمِدَ / سَبَّحَ / مَجَّدَ
FR: louer (Dieu) / glorifier / exalter / hymner

Definition:
(EN) Formal compound verb meaning to describe the greatness and kindness of God through words or poetry.

Example: تمام پرندے اپنے رب کی حمد کرتے ہیں۔

Translation: All birds praise (glorify) their Lord.

Root Word: Arabic 'ḥamd' + Urdu 'karnā'.

Synonyms: تعریف کرنا, ثنا خوانی کرنا"
"نعت پڑھنا","Translations:
EN: to recite praise of the Prophet / to sing devotional poetry / to hymn the Prophet
AR: أَنْشَدَ مَدِيحًا نَبَوِيًّا / ذَكَرَ فَضَائِلَ الرَّسُول
FR: réciter la louange du Prophète / chanter de la poésie dévotionnelle / hymner le Prophète

Definition:
(EN) Compound verb meaning to recite or sing specific poetry that describes the life and character of Prophet Muhammad (PBUH).

Example: محفل میں بہت خوبصورت نعت پڑھی گئی۔

Translation: Very beautiful praise of the Prophet was recited (sung) in the gathering.

Root Word: Arabic 'naʿt' + Urdu 'paṛhnā'.

Synonyms: مدح سرائی کرنا, نعت خوانی کرنا"
"قوالی گانا","Translations:
EN: to sing devotional Sufi music / to perform Qawwali / to chant in ecstasy
AR: غَنَّى القَوَّالِي / أَنْشَدَ أَنَاشِيدَ صُوفِيَّة
FR: chanter de la musique soufie dévotionnelle / interpréter du Qawwali / chanter en extase

Definition:
(EN) Compound verb meaning to perform a specific type of energetic Sufi devotional music involving a group of singers, hand-clapping, and drums.

Example: درگاہ پر لوگ قوالی گا رہے تھے۔

Translation: People were singing Qawwali (devotional Sufi music) at the shrine.

Root Word: Arabic 'qawwāl' + Urdu 'gānā'.

Synonyms: صوفیانہ کلام گانا, وجد کرنا"
"ورد کرنا","Translations:
EN: to chant / to repeat (holy words) / to recite constantly / to recite a litany
AR: أَوْرَدَ / كَرَّرَ ذِكْرًا / تَلَا وِرْدًا
FR: chanter / répéter (mots saints) / réciter constamment / réciter une litanie

Definition:
(EN) Compound verb meaning to repeat a specific holy word or verse many hundreds or thousands of times as a daily spiritual exercise.

Example: وہ اسمِ اعظم کا ورد کرتا ہے۔

Translation: He chants (repeats constantly) the Great Name.

Root Word: Arabic 'vird' + Urdu 'karnā'.

Synonyms: تسبیح کرنا, ذکر کرنا"
"تخلیق کرنا","Translations:
EN: to create / to innovate / to bring into being / to produce (art)
AR: خَلَقَ / أَبْدَعَ / اِبْتَكَرَ
FR: créer / innover / mettre au monde / produire (art)

Definition:
(EN) Formal compound verb meaning to make something new that did not exist before, especially used for God creating the world or an artist creating a masterpiece.

Example: اللہ نے اس کائنات کو تخلیق کیا۔

Translation: Allah created (brought into being) this universe.

Root Word: Arabic 'takhleeq' + Urdu 'karnā'.

Synonyms: پیدا کرنا, بنانا"
"محو کرنا","Translations:
EN: to erase / to efface / to obliterate / to wipe out
AR: مَحَا / أَزَالَ / طَمَسَ
FR: effacer / effacer / oblitérer / anéantir

Definition:
(EN) High formal and poetic compound verb meaning to completely remove a mark, a memory, or a name from a surface or from history.

Example: وقت کی گرد نے سب نام محو کر دیے۔

Translation: The dust of time erased (obliterated) all the names.

Root Word: Arabic 'maḥv' + Urdu 'karnā'.

Synonyms: مٹانا, ختم کرنا"
"تبدیل کرنا","Translations:
EN: to change / to transform / to alter / to convert
AR: غَيَّرَ / حَوَّلَ / بَدَّلَ
FR: changer / transformer / modifier / convertir

Definition:
(EN) Formal compound verb meaning to make something different in shape, quality, or status, or to exchange one thing for another.

Example: ہمیں اپنا طرزِ زندگی تبدیل کرنا ہوگا۔

Translation: We will have to change (transform) our lifestyle.

Root Word: Arabic 'tabdeel' + Urdu 'karnā'.

Synonyms: بدلنا, پلٹنا"
"برقرار رکھنا","Translations:
EN: to maintain / to sustain / to keep / to preserve (status quo)
AR: حَافَظَ عَلَى / أَبْقَى / أَدَامَ
FR: maintenir / soutenir / garder / préserver (statu quo)

Definition:
(EN) Compound verb meaning to keep a situation, a speed, or a level the same as it was before, without letting it fall.

Example: امن و امان کو برقرار رکھنا پولیس کی ذمہ داری ہے۔

Translation: It is the responsibility of the police to maintain (preserve) law and order.

Root Word: Persian 'barqarār' + Urdu 'rakhnā'.

Synonyms: قائم رکھنا, جاری رکھنا"
"اضافہ کرنا","Translations:
EN: to increase / to add to / to augment / to enhance
AR: زَادَ / أَضَافَ إِلَى / كَثَّرَ
FR: augmenter / ajouter à / augmenter / améliorer

Definition:
(EN) Formal compound verb meaning to make a number, a size, or a quality larger by adding more to it.

Example: حکومت نے تنخواہوں میں اضافہ کر دیا۔

Translation: The government increased (added to) the salaries.

Root Word: Arabic 'iḍāfa' + Urdu 'karnā'.

Synonyms: بڑھانا, زیادہ کرنا"
"کمی کرنا","Translations:
EN: to decrease / to reduce / to lessen / to cut down
AR: قَلَّلَ / خَفَّضَ / نَقَصَ
FR: diminuer / réduire / amoindrir / réduire

Definition:
(EN) Compound verb meaning to make a quantity, a price, or a speed smaller than it was.

Example: ڈاکٹر نے مریض کی دوا میں کمی کر دی۔

Translation: The doctor decreased (reduced) the patient's medicine.

Root Word: Persian 'kamī' + Urdu 'karnā'.

Synonyms: گھٹانا, کم کرنا"
"انسداد کرنا","Translations:
EN: to prevent / to block / to eradicate (formal) / to check
AR: مَنَعَ / كَافَحَ / اِسْتَأْصَلَ
FR: prévenir / bloquer / éradiquer (formel) / vérifier

Definition:
(EN) High formal compound verb meaning to take strong actions to stop a disease, a crime, or a social evil from spreading.

Example: منشیات کے پھیلاؤ کا انسداد کرنا ضروری ہے۔

Translation: It is necessary to prevent (eradicate) the spread of drugs.

Root Word: Arabic 'insidād' + Urdu 'karnā'.

Synonyms: روکنا, تدارک کرنا"
"رواں رکھنا","Translations:
EN: to keep flowing / to keep going / to keep in motion / to maintain current
AR: أَدَامَ الجَرَيَان / أَبْقَى الحَرَكَة / وَاصَلَ
FR: faire couler / faire avancer / maintenir en mouvement / maintenir le courant

Definition:
(EN) Compound verb meaning to ensure that a river, a machine, or a process continues to move smoothly without stopping.

Example: نظامِ تعلیم کو رواں رکھنے کے لیے فنڈز ضروری ہیں۔

Translation: Funds are necessary to keep the education system going (flowing).

Root Word: Persian 'ravāñ' + Urdu 'rakhnā'.

Synonyms: جاری رکھنا, چلانا"
"قیام کرنا","Translations:
EN: to stay / to reside / to halt / to establish
AR: أَقَامَ / نَزَلَ بِـ / مَكَثَ / أَسَّسَ
FR: rester / résider / s'arrêter / établir

Definition:
(EN) Formal compound verb meaning to live in a place for a short time (like in a hotel) or to establish a new city or organization.

Example: ہم نے مری میں دو دن قیام کیا۔

Translation: We stayed (resided) in Murree for two days.

Root Word: Arabic 'qayām' + Urdu 'karnā'.

Synonyms: ٹھہرنا, رہنا"
"عبور کرنا","Translations:
EN: to cross / to pass over / to traverse / to bridge
AR: عَبَرَ / جَازَ / اِجْتَازَ
FR: traverser / passer par-dessus / traverser / franchir

Definition:
(EN) Formal compound verb meaning to go from one side of a river, a road, or a border to the other, or figuratively to pass a difficult exam.

Example: مسافروں نے دریا عبور کر لیا۔

Translation: The passengers crossed (passed over) the river.

Root Word: Arabic 'ʿuboor' + Urdu 'karnā'.

Synonyms: گزرنا, پار کرنا"
"رسائی حاصل کرنا","Translations:
EN: to get access / to reach / to approach / to attain
AR: وَصَلَ إِلَى / نَالَ مَنْفَذًا / بَلَغَ
FR: obtenir l'accès / atteindre / s'approcher / atteindre

Definition:
(EN) Compound verb meaning to reach a difficult place or to get permission to use secret information or talk to a powerful person.

Example: عام آدمی کی وزیر تک رسائی حاصل کرنا مشکل ہے۔

Translation: It is difficult for a common man to get access to (reach) the minister.

Root Word: Persian 'rasāee' + Urdu 'ḥāṣil karnā'.

Synonyms: پہنچنا, دسترس پانا"
"رجوع کرنا","Translations:
EN: to return / to refer / to turn to (formal) / to consult
AR: رَجَعَ إِلَى / رَاجَعَ / اِتَّجَهَ نَحْوَ
FR: retourner / se référer / se tourner vers (formel) / consulter

Definition:
(EN) High formal compound verb meaning to look at a book for information, to talk to a department for help, or to turn back to God after making a mistake.

Example: مزید تفصیلات کے لیے دفتر سے رجوع کریں۔

Translation: Refer (turn) to the office for further details.

Root Word: Arabic 'rujooʿ' + Urdu 'karnā'.

Synonyms: لوٹنا, رجوع لانا"
"ارسال کرنا","Translations:
EN: to send / to dispatch (formal) / to transmit / to forward
AR: أَرْسَلَ / بَعَثَ / وَجَّهَ
FR: envoyer / dépêcher (formel) / transmettre / faire suivre

Definition:
(EN) Formal compound verb meaning to send a letter, a parcel, or an email to a specific destination.

Example: میں نے آپ کو ای میل ارسال کر دی ہے۔

Translation: I have sent (dispatched) the email to you.

Root Word: Arabic 'irsāl' + Urdu 'karnā'.

Synonyms: بھیجنا, روانہ کرنا"
"برآمد کرنا","Translations:
EN: to export / to recover / to bring out / to discover (stolen goods)
AR: صَدَّرَ / اِسْتَعَادَ / أَخْرَجَ / اِسْتَخْرَجَ
FR: exporter / récupérer / sortir / découvrir (marchandises volées)

Definition:
(EN) Compound verb meaning to sell goods to another country, or for the police to find and bring out hidden or stolen things during a search.

Example: پولیس نے چوری کا مال برآمد کر لیا۔

Translation: The police recovered (brought out) the stolen goods.

Root Word: Persian 'bar' + 'āmad' + Urdu 'karnā'.

Synonyms: باہر لانا, نکالنا"
"منتقل کرنا","Translations:
EN: to transfer / to move / to transport / to convey
AR: نَقَلَ / حَوَّلَ / رَحَّلَ
FR: transférer / déplacer / transporter / convoyer

Definition:
(EN) Formal compound verb meaning to move a person, an object, or money from one place or account to another.

Example: اسے دوسرے شہر منتقل کر دیا گیا ہے۔

Translation: He has been transferred (moved) to another city.

Root Word: Arabic 'muntaqil' + Urdu 'karnā'.

Synonyms: لے جانا, تبادلہ کرنا"
"یاد کرنا","Translations:
EN: to remember / to memorize / to miss someone / to call to mind
AR: تَذَكَّرَ / حَفِظَ / اِشْتَاقَ إِلَى
FR: se souvenir / mémoriser / manquer à quelqu'un / se rappeler

Definition:
(EN) Verb meaning to keep a fact or a face in your mind, to learn a lesson by heart, or to feel sad because a loved one is not with you.

Example: میں نے اپنا سبق یاد کر لیا ہے۔

Translation: I have remembered (memorized) my lesson.

Root Word: Persian 'yād' + Urdu 'karnā'.

Synonyms: حفظ کرنا, یاد آنا"
"بھول جانا","Translations:
EN: to forget / to overlook / to omit / to lose track of
AR: نَسِيَ / أَغْفَلَ / سَهَا عَن
FR: oublier / négliger / omettre / perdre la trace de

Definition:
(EN) Compound verb meaning to not be able to remember something, or to accidentally leave something behind.

Example: میں اپنا پرس گھر بھول گیا۔

Translation: I forgot my wallet at home.

Root Word: Hindi 'bhoolnā' + Urdu 'jānā'.

Synonyms: سہو ہونا, نسیان ہونا"
"یاد دلانا","Translations:
EN: to remind / to bring to mind / to prompt / to mention
AR: ذَكَّرَ / نَبَّهَ / اِسْتَحْضَرَ
FR: rappeler / faire penser à / inciter / mentionner

Definition:
(EN) Compound verb meaning to say something to someone so that they remember a task or a fact that they might have forgotten.

Example: مجھے کل کی میٹنگ یاد دلا دینا۔

Translation: Remind me about tomorrow's meeting.

Root Word: Persian 'yād' + Urdu 'dilānā'.

Synonyms: جتانا, متوجہ کرنا"
"غور و فکر کرنا","Translations:
EN: to contemplate / to reflect / to ponder / to deliberate
AR: تَأَمَّلَ / تَدَبَّرَ / فَكَّرَ مَلِيًّا
FR: contempler / réfléchir / pondérer / délibérer

Definition:
(EN) High formal compound verb meaning to think very deeply and carefully about a problem, a philosophy, or a decision for a long time.

Example: ہمیں کائنات کی نشانیوں پر غور و فکر کرنا چاہیے۔

Translation: We should contemplate (reflect) on the signs of the universe.

Root Word: Arabic 'ghaur' + 'fikr' + Urdu 'karnā'.

Synonyms: سوچنا, تدبر کرنا"
"ادراک کرنا","Translations:
EN: to perceive / to realize / to comprehend / to grasp (mentally)
AR: أَدْرَكَ / وَعَى / فَهِمَ بَعُمُق
FR: percevoir / réaliser / comprendre / saisir (mentalement)

Definition:
(EN) High formal compound verb meaning to use your intelligence and senses to understand a hidden truth or the reality of a situation.

Example: اس نے خطرے کا ادراک کر لیا۔

Translation: He perceived (realized) the danger.

Root Word: Arabic 'idrāk' + Urdu 'karnā'.

Synonyms: سمجھنا, جان لینا"
"شناخت کرنا","Translations:
EN: to identify / to recognize / to distinguish / to verify identity
AR: تَعَرَّفَ عَلَى / حَدَّدَ الهُوِيَّة / مَيَّزَ
FR: identifier / reconnaître / distinguer / vérifier l'identité

Definition:
(EN) Formal compound verb meaning to find out who a person is or what an object is by looking at its specific marks or features.

Example: گواہ نے ملزم کی شناخت کر لی۔

Translation: The witness identified (recognized) the accused.

Root Word: Arabic 'shanākht' + Urdu 'karnā'.

Synonyms: پہچاننا, پتہ لگانا"
"امتیاز کرنا","Translations:
EN: to distinguish / to discriminate / to differentiate / to excel
AR: مَيَّزَ / فَرَّقَ بَيْنَ / اِمْتَازَ
FR: distinguer / discriminer / différencier / exceller

Definition:
(EN) Formal compound verb meaning to see the difference between two things, or to treat someone differently because of their race or status.

Example: سچے اور جھوٹے میں امتیاز کرنا سیکھو۔

Translation: Learn to distinguish (differentiate) between the true and the false.

Root Word: Arabic 'imtiyāz' + Urdu 'karnā'.

Synonyms: فرق کرنا, پہچاننا"
"یقین کرنا","Translations:
EN: to believe / to trust / to be sure / to have faith
AR: صَدَّقَ / آمَنَ / وَثِقَ بِـ
FR: croire / faire confiance / être sûr / avoir foi

Definition:
(EN) Compound verb meaning to accept something as true or to have full confidence in a person's words or God's power.

Example: مجھے آپ کی بات پر پورا یقین ہے۔

Translation: I have full belief (trust) in your word.

Root Word: Arabic 'yaqeen' + Urdu 'karnā'.

Synonyms: ماننا, بھروسہ کرنا"
"شک کرنا","Translations:
EN: to doubt / to suspect / to mistrust / to question
AR: شَكَّ / اِرْتَابَ / اِتَّهَمَ سِرًّا
FR: douter / suspecter / se méfier / questionner

Definition:
(EN) Compound verb meaning to not be sure if something is true, or to think that someone has done something wrong without having proof.

Example: آپ کو بلاوجہ شک نہیں کرنا چاہیے۔

Translation: You should not doubt (suspect) without reason.

Root Word: Arabic 'shak' + Urdu 'karnā'.

Synonyms: شبہ کرنا, بدگمانی کرنا"
"شبہ ہونا","Translations:
EN: to be suspicious / to have a doubt / to seem likely / to be suspected
AR: اِرْتَابَ / اِشْتَبَهَ / بَدَا مُرِيبًا
FR: être suspect / avoir un doute / sembler probable / être suspecté

Definition:
(EN) Verb used when a feeling of doubt comes into your mind about a person or a situation, or when you are considered a suspect by the police.

Example: اسے مجھ پر شبہ ہو گیا ہے۔

Translation: He has become suspicious of me (has a doubt about me).

Root Word: Arabic 'shubha' + Urdu 'honā'.

Synonyms: شک ہونا, وہم ہونا"
"گمان کرنا","Translations:
EN: to assume / to suppose / to suspect (formal) / to imagine
AR: ظَنَّ / حَسِبَ / تَوَقَّعَ / خَالَ
FR: assumer / supposer / suspecter (formel) / imaginer

Definition:
(EN) Formal and poetic compound verb meaning to have a specific thought or an opinion about someone, often used for a negative assumption or a high estimation.

Example: آپ نے میرے بارے میں غلط گمان کیا۔

Translation: You made a wrong assumption (suspected wrongly) about me.

Root Word: Persian 'gumān' + Urdu 'karnā'.

Synonyms: خیال کرنا, سوچنا"
"تصور کرنا","Translations:
EN: to imagine / to visualize / to conceive / to think of
AR: تَخَيَّلَ / تَصَوَّرَ / رَسَمَ فِي خَيَالِه
FR: imaginer / visualiser / concevoir / penser à

Definition:
(EN) Formal compound verb meaning to make a picture of something in your mind that is not present or does not exist yet.

Example: میں ایسی زندگی کا تصور بھی نہیں کر سکتا۔

Translation: I cannot even imagine (visualize) such a life.

Root Word: Arabic 'taṣavvur' + Urdu 'karnā'.

Synonyms: خیال کرنا, سوچنا"
"خواب دیکھنا","Translations:
EN: to dream / to have a vision / to desire / to see in sleep
AR: حَلَمَ / رَأَى رُؤْيَا / تَمَنَّى
FR: rêver / avoir une vision / désirer / voir en dormant

Definition:
(EN) Verb meaning to see images and stories while you are sleeping, or figuratively to have a great goal for your future.

Example: میں نے کل ایک عجیب خواب دیکھا۔

Translation: I saw a strange dream (dreamt) yesterday.

Root Word: Persian 'khvāb' + Urdu 'dekhnā'.

Synonyms: سپنے دیکھنا, تمنا کرنا"
"امید رکھنا","Translations:
EN: to hope / to expect / to look forward to / to anticipate
AR: أَمَلَ / تَرَجَّى / اِنْتَظَرَ بِيَقِين
FR: espérer / s'attendre à / attendre avec impatience / anticiper

Definition:
(EN) Compound verb meaning to want something good to happen in the future and to believe that it is possible.

Example: ہمیں ہمیشہ بہتر کی امید رکھنی چاہیے۔

Translation: We should always hope (expect) for the better.

Root Word: Persian 'umeed' + Urdu 'rakhnā'.

Synonyms: آس لگانا, توقع کرنا"
"مایوس ہونا","Translations:
EN: to be disappointed / to be hopeless / to despair / to lose heart
AR: يَئِسَ / قَنَطَ / خَابَ أَمَلُه
FR: être déçu / être désespéré / désespérer / perdre cœur

Definition:
(EN) Compound verb meaning to lose all hope and feel very sad because something you wanted did not happen or because a situation is very bad.

Example: کبھی اللہ کی رحمت سے مایوس نہ ہوں۔

Translation: Never be hopeless (despair) of the mercy of Allah.

Root Word: Arabic 'māyoos' + Urdu 'honā'.

Synonyms: دل چھوٹا کرنا, ناامید ہونا"
"عشق کرنا","Translations:
EN: to love passionately / to adore / to be infatuated / to devote oneself
AR: عَشِقَ / هَامَ بِـ / تَـيَّـمَ
FR: aimer passionnément / adorer / être infatué / se dévouer

Definition:
(EN) High poetic compound verb meaning to have an extreme and soul-deep love for someone or for God, far beyond normal liking.

Example: صوفی اللہ سے سچا عشق کرتے ہیں۔

Translation: Sufis love (adore) Allah truly.

Root Word: Arabic 'ʿishq' + Urdu 'karnā'.

Synonyms: محبت کرنا, لو لگانا"
"حقارت کرنا","Translations:
EN: to despise / to scorn / to look down upon / to disdain
AR: اِحْتَقَرَ / اِزْدَرَى / أَهَانَ
FR: mépriser / dédaigner / regarder de haut / dédaigner

Definition:
(EN) Formal compound verb meaning to think that someone or something is worthless and has no value at all.

Example: غریبوں سے حقارت کرنا بری بات ہے۔

Translation: It is a bad thing to despise (scorn) the poor.

Root Word: Arabic 'ḥiqārat' + Urdu 'karnā'.

Synonyms: نفرت کرنا, نیچا دکھانا"
"خوف کھانا","Translations:
EN: to be afraid / to fear (idiomatic) / to dread / to be terrified
AR: خَافَ / خَشِيَ / ذُعِرَ
FR: avoir peur / craindre (idiomatique) / redouter / être terrifié

Definition:
(EN) Idiomatic compound verb meaning to feel deep fear in your heart because of a danger or a powerful person.

Example: وہ کسی سے خوف نہیں کھاتا۔

Translation: He is not afraid of (does not fear) anyone.

Root Word: Arabic 'khauf' + Urdu 'khānā' (to eat - used idiomatically).

Synonyms: ڈرنا, دہشت زدہ ہونا"
"طیش میں آنا","Translations:
EN: to fly into a rage / to become furious / to flare up / to lose one's temper
AR: شَاطَ غَضَبًا / اِسْتَشَاطَ / ثَارَ
FR: piquer une colère / devenir furieux / s'emporter / perdre son sang-froid

Definition:
(EN) Idiomatic compound verb meaning to suddenly become extremely angry and lose control of your actions and words.

Example: وہ ذرا سی بات پر طیش میں آ جاتا ہے۔

Translation: He flies into a rage (becomes furious) over small matters.

Root Word: Arabic 'ṭaish' + Urdu 'meñ ānā'.

Synonyms: غصہ کرنا, آگ بگولہ ہونا"
"آہ و بکا کرنا","Translations:
EN: to lament / to wail / to weep loudly / to mourn
AR: نَاحَ / بَكَى بِمَرَارَة / عَوِيل
FR: se lamenter / gémir / pleurer bruyamment / pleurer

Definition:
(EN) Poetic and high formal compound verb meaning to cry with loud sounds and sighs because of a great grief or loss.

Example: مصیبت کے وقت آہ و بکا کرنے سے کچھ نہیں ہوتا۔

Translation: Nothing happens by lamenting (wailing loudly) in times of trouble.

Root Word: Persian 'āh' (sigh) + Arabic 'bukā' (weeping) + Urdu 'karnā'.

Synonyms: رونا دھونا, ماتم کرنا"
"قہقہہ لگانا","Translations:
EN: to laugh out loud / to burst out laughing / to guffaw / to roar with laughter
AR: قَهْقَهَ / ضَحِكَ بِصَوْتٍ عَالٍ
FR: rire aux éclats / éclater de rire / s'esclaffer / hurler de rire

Definition:
(EN) Compound verb meaning to laugh very loudly so that everyone around can hear you clearly.

Example: اس کی بات سن کر سب نے قہقہہ لگایا۔

Translation: Everyone laughed out loud (burst out laughing) after hearing his word.

Root Word: Arabic 'qahqaha' + Urdu 'lagānā'.

Synonyms: ہنسنا, کھلکھلانا"
"تبسم کرنا","Translations:
EN: to smile (formal/poetic) / to beam / to look pleased
AR: تَبَسَّمَ / اِبْتَسَمَ لَطِيفًا
FR: sourire (formel/poétique) / rayonner / avoir l'air ravi

Definition:
(EN) High formal and poetic compound verb meaning to smile gently without making any sound, showing happiness or kindness.

Example: وہ ہمیشہ تبسم کرتے ہوئے ملتے ہیں۔

Translation: He always meets with a smile (beams).

Root Word: Arabic 'tabassum' + Urdu 'karnā'.

Synonyms: مسکرانا, زیرِ لب ہنسنا"
"شرمانا","Translations:
EN: to feel shy / to be ashamed / to blush / to feel embarrassed
AR: خَجِلَ / اِسْتَحْيَا / اِحْمَرَّ وَجْهُه
FR: se sentir timide / avoir honte / rougir / se sentir embarrassé

Definition:
(EN) Verb meaning to feel nervous or quiet because of others, or to feel bad about yourself after doing something wrong.

Example: بچی اجنبیوں کو دیکھ کر شرما گئی۔

Translation: The little girl felt shy after seeing strangers.

Root Word: Persian 'sharm' + Urdu suffix '-ānā'.

Synonyms: حیا کرنا, لجانا"
"گھبرانا","Translations:
EN: to be nervous / to be agitated / to be confused / to lose one's nerve
AR: اِضْطَرَبَ / اِرْتَبَكَ / فَزِعَ
FR: être nerveux / être agité / être confus / perdre son sang-froid

Definition:
(EN) Verb meaning to feel worried and restless because of a difficult situation, or to not know what to do because of fear.

Example: مشکل وقت میں گھبرانا نہیں چاہیے۔

Translation: One should not be nervous (lose one's nerve) in difficult times.

Root Word: Hindi 'ghabrānā'.

Synonyms: پریشان ہونا, ڈرنا"
"پریشان ہونا","Translations:
EN: to be worried / to be upset / to be troubled / to be distressed
AR: قَلِقَ / تَلَاهَفَ / اِغْتَمَّ
FR: s'inquiéter / être contrarié / être troublé / être en détresse

Definition:
(EN) Compound verb meaning to have a heavy mind full of problems or to feel mental pain because of a bad news.

Example: آپ کیوں پریشان ہو رہے ہیں؟

Translation: Why are you being worried (upset)?

Root Word: Persian 'parešān' + Urdu 'honā'.

Synonyms: فکرمند ہونا, تذبذب میں ہونا"
"سکون پانا","Translations:
EN: to find peace / to be at rest / to find relief / to be calmed
AR: هَدَأَ / اِطْمَأَنَّ / نَالَ الرَّاحَة
FR: trouver la paix / être au repos / trouver du soulagement / être calmé

Definition:
(EN) Compound verb meaning to reach a state of mental or physical comfort after a period of pain, noise, or hard work.

Example: مسجد میں جا کر مجھے سکون ملتا ہے۔

Translation: I find peace (find relief) by going to the mosque.

Root Word: Arabic 'sukoon' + Urdu 'pānā'.

Synonyms: چین آنا, اطمینان ہونا"
"بے چین ہونا","Translations:
EN: to be restless / to be uneasy / to be impatient / to be anxious
AR: تَمَلْمَلَ / اِضْطَرَبَ / قَلِقَ بِشِدَّة
FR: être agité / être mal à l'aise / être impatient / être anxieux

Definition:
(EN) Compound verb meaning to not be able to sit still or sleep because of a physical pain or a mental worry.

Example: وہ اپنے رزلٹ کے لیے بے چین ہے۔

Translation: He is restless (anxious) for his result.

Root Word: Persian 'be-' (without) + 'chain' (peace/ease) + Urdu 'honā'.

Synonyms: تڑپنا, مضطرب ہونا"
"صبر کرنا","Translations:
EN: to have patience / to persevere / to endure / to wait calmly
AR: صَبَرَ / اِحْتَمَلَ / تَصَبَّرَ
FR: avoir de la patience / persévérer / endurer / attendre calmement

Definition:
(EN) Compound verb meaning to control your anger and sadness and wait for a better time without complaining to others.

Example: اللہ صبر کرنے والوں کے ساتھ ہے۔

Translation: Allah is with those who have patience (persevere).

Root Word: Arabic 'ṣabr' + Urdu 'karnā'.

Synonyms: برداشت کرنا, تحمل کرنا"
"شکر کرنا","Translations:
EN: to be thankful / to give thanks / to express gratitude / to appreciate
AR: شَكَرَ / حَمِدَ / اِمْتَنَّ
FR: être reconnaissant / rendre grâce / exprimer sa gratitude / apprécier

Definition:
(EN) Compound verb meaning to say words of thanks to God or to another person for a favor or a gift.

Example: ہمیں ہر حال میں اللہ کا شکر کرنا چاہیے۔

Translation: We should be thankful (give thanks) to Allah in every condition.

Root Word: Arabic 'shukr' + Urdu 'karnā'.

Synonyms: احسان ماننا, حمد کرنا"
"گلہ کرنا","Translations:
EN: to complain / to grumble (mildly/emotionally) / to reproach / to murmur
AR: اِشْتَكَى / عَاتَبَ / تَمَلْمَلَ بِعِتَاب
FR: se plaindre / grommeler (légèrement/émotionnellement) / reprocher / murmurer

Definition:
(EN) Compound verb meaning to express a soft and emotional complaint to a friend or a loved one because you feel they have ignored you or hurt you.

Example: مجھے آپ سے کوئی گلہ نہیں ہے۔

Translation: I have no complaint (reproach) against you.

Root Word: Persian 'gila' + Urdu 'karnā'.

Synonyms: شکایت کرنا, شکوہ کرنا"
"مانگنا","Translations:
EN: to ask for / to beg / to demand / to pray (for something)
AR: طَلَبَ / سَأَلَ / اِسْتَجْدَى
FR: demander / mendier / exiger / prier (pour quelque chose)

Definition:
(EN) Verb meaning to tell someone that you want something from them, or to stand on the street and ask for money, or to ask God for a blessing.

Example: اس نے مدد مانگی۔

Translation: He asked for help.

Root Word: Hindi 'māngnā'.

Synonyms: طلب کرنا, سوال کرنا"
"دستیاب ہونا","Translations:
EN: to be available / to be reachable / to be found / to be at hand
AR: تَوَفَّرَ / أُتِيحَ / وُجِدَ
FR: être disponible / être joignable / être trouvé / être à portée de main

Definition:
(EN) Formal compound verb meaning for a thing to be ready to use or for a person to be present when needed.

Example: یہ کتاب بازار میں دستیاب ہے۔

Translation: This book is available in the market.

Root Word: Persian 'dast' (hand) + 'yāb' (finding) + Urdu 'honā'.

Synonyms: ملنا, فراہم ہونا"
"تلاش کرنا","Translations:
EN: to search / to seek / to look for / to explore
AR: بَحَثَ عَنْ / فَتَّشَ / طَلَبَ
FR: chercher / rechercher / chercher / explorer

Definition:
(EN) Formal compound verb meaning to try to find a person, an object, or a piece of information that is lost or hidden.

Example: میں اپنی چابیاں تلاش کر رہا ہوں۔

Translation: I am searching for (looking for) my keys.

Root Word: Arabic 'talāsh' + Urdu 'karnā'.

Synonyms: ڈھونڈنا, چھان بین کرنا"
"پوشیدہ رکھنا","Translations:
EN: to keep hidden / to keep secret / to conceal / to veil
AR: أَخْفَى / كَتَمَ / سَتَرَ
FR: garder caché / garder secret / dissimuler / voiler

Definition:
(EN) Formal compound verb meaning to not let anyone see or know about a fact, an object, or a feeling.

Example: اس نے سچ کو پوشیدہ رکھا۔

Translation: He kept the truth hidden (secret).

Root Word: Persian 'posheeda' + Urdu 'rakhnā'.

Synonyms: چھپانا, کتمان کرنا"
"نمایاں کرنا","Translations:
EN: to highlight / to make prominent / to feature / to emphasize
AR: أَبْرَزَ / جَعَلَهُ جَلِيًّا / أَظْهَرَ
FR: mettre en évidence / rendre proéminent / présenter / mettre l'accent sur

Definition:
(EN) Formal compound verb meaning to make something very clear and easy to see, or to focus on a specific point in a discussion.

Example: رپورٹ میں اہم نکات کو نمایاں کیا گیا ہے۔

Translation: Important points have been highlighted (made prominent) in the report.

Root Word: Persian 'numāyāñ' + Urdu 'karnā'.

Synonyms: دکھانا, اجاگر کرنا"
"آگاہ کرنا","Translations:
EN: to inform / to make aware / to apprise / to notify
AR: أَعْلَمَ / أَخْبَرَ / بَلَّغَ
FR: informer / sensibiliser / informer / notifier

Definition:
(EN) Formal compound verb meaning to tell someone about a fact, a danger, or a situation so that they have the knowledge they need.

Example: ہمیں خطرے سے آگاہ کر دیا گیا تھا۔

Translation: We had been informed of (made aware of) the danger.

Root Word: Persian 'āgāh' + Urdu 'karnā'.

Synonyms: بتانا, اطلاع دینا"
"سنانا","Translations:
EN: to recite / to tell / to relate (a story/news) / to make someone hear
AR: أَسْمَعَ / تَلَا / قَصَّ
FR: réciter / raconter / raconter (une histoire/nouvelle) / faire entendre à quelqu'un

Definition:
(EN) Verb meaning to read out or speak something aloud so that others can hear it, often used for stories, poems, or complaints.

Example: دادی اماں نے بچوں کو کہانی سنائی۔

Translation: Grandmother told (related) a story to the children.

Root Word: Hindi 'sunnā' (to hear) -> causative 'sunānā'.

Synonyms: بتانا, ذکر کرنا"
"سمجھانا","Translations:
EN: to explain / to make understand / to advise / to convince
AR: شَرَحَ / فَسَّرَ / نَصَحَ / أَقْنَعَ
FR: expliquer / faire comprendre / conseiller / convaincre

Definition:
(EN) Verb meaning to use words to make a difficult topic clear to someone, or to try to change a person's mind through advice.

Example: استاد نے مشکل سوال سمجھایا۔

Translation: The teacher explained (made understand) the difficult question.

Root Word: Hindi 'samajhnā' (to understand) -> causative 'samjhānā'.

Synonyms: واضح کرنا, تلقین کرنا"
"سکھانا","Translations:
EN: to teach (a skill) / to train / to educate / to show how
AR: عَلَّمَ / دَرَّبَ / ثَقَّفَ
FR: enseigner (une compétence) / former / éduquer / montrer comment

Definition:
(EN) Verb meaning to give someone a new skill like swimming or driving, or to show them how to behave properly.

Example: ماں نے بچے کو چلنا سکھایا۔

Translation: The mother taught (showed how) the child to walk.

Root Word: Hindi 'seekhnā' (to learn) -> causative 'sikhānā'.

Synonyms: تعلیم دینا, تربیت کرنا"
"پڑھانا","Translations:
EN: to teach / to instruct (formally) / to read to someone / to tutor
AR: دَرَّسَ / عَلَّمَ / أَقْرَأَ
FR: enseigner / instruire (formellement) / lire à quelqu'un / donner des cours particuliers

Definition:
(EN) Verb specifically used for teaching academic subjects in a school or college, or for reading out a book to someone who cannot read.

Example: وہ کالج میں انگریزی پڑھاتا ہے۔

Translation: He teaches (instructs) English in the college.

Root Word: Hindi 'paṛhnā' (to read) -> causative 'paṛhānā'.

Synonyms: تعلیم دینا, درس دینا"
"تحریر کرنا","Translations:
EN: to write / to record / to inscribe / to draft
AR: كَتَبَ / دَوَّنَ / نَقَشَ / حَرَّرَ
FR: écrire / enregistrer / inscrire / rédiger

Definition:
(EN) Formal compound verb meaning to put words on paper or a screen, especially used for formal letters, books, and official documents.

Example: میں نے ایک مضمون تحریر کیا ہے۔

Translation: I have written (drafted) an essay.

Root Word: Arabic 'taḥreer' + Urdu 'karnā'.

Synonyms: لکھنا, قلمبند کرنا"
"مطالعہ کرنا","Translations:
EN: to study / to read deeply / to examine / to scrutinize
AR: طَالَعَ / دَرَسَ / عَاكَفَ عَلَى القِرَاءَة
FR: étudier / lire en profondeur / examiner / scruter

Definition:
(EN) Formal compound verb meaning to read a book or a situation with full attention to learn and understand it perfectly.

Example: وہ روزانہ کتب کا مطالعہ کرتا ہے۔

Translation: He studies (reads deeply) books daily.

Root Word: Arabic 'muṭālaʿa' + Urdu 'karnā'.

Synonyms: پڑھنا, غور کرنا"
"گننا","Translations:
EN: to count / to enumerate / to calculate / to consider (someone as)
AR: عَدَّ / حَسَبَ / أَحْصَى
FR: compter / énumérer / calculer / considérer (quelqu'un comme)

Definition:
(EN) Verb meaning to find the total number of people or objects by saying the numbers in order (1, 2, 3...).

Example: بچے کو سو تک گننا آتا ہے۔

Translation: The child knows how to count to a hundred.

Root Word: Hindi 'ginnā'.

Synonyms: شمار کرنا, گنتی کرنا"
"ناپنا","Translations:
EN: to measure (length/size) / to survey / to gauge / to estimate
AR: قَاسَ / كَالَ / مَسَحَ
FR: mesurer (longueur/taille) / arpenter / jauger / estimer

Definition:
(EN) Verb meaning to find out the exact length, width, or area of a thing using a tool like a ruler or a tape.

Example: درزی نے میرا ناپ لیا۔

Translation: The tailor took my measurement (measured me).

Root Word: Hindi 'nāpnā'.

Synonyms: پیمائش کرنا, کونا"
"تولنا","Translations:
EN: to weigh / to balance / to ponder (words) / to assess value
AR: وَزَنَ / رَجَحَ / قَدَّرَ القِيمَة
FR: peser / équilibrer / pondérer (les mots) / évaluer la valeur

Definition:
(EN) Verb meaning to find out how heavy a thing is using a scale, or figuratively to think carefully before speaking.

Example: پہلے تولو پھر بولو۔

Translation: Weigh (think) before you speak.

Root Word: Hindi 'tolnā'.

Synonyms: وزن کرنا, جانچنا"
"خریدنا","Translations:
EN: to buy / to purchase / to acquire / to get
AR: اِشْتَرَى / اِقْتَنَى / اِبْتَاعَ
FR: acheter / acquérir / obtenir / se procurer

Definition:
(EN) Verb meaning to get something by paying money for it.

Example: میں نے نئی کار خریدی ہے۔

Translation: I have bought (purchased) a new car.

Root Word: Persian 'khareedan' + Urdu suffix '-nā'.

Synonyms: مول لینا, حاصل کرنا"
"بیچنا","Translations:
EN: to sell / to vend / to dispose of / to betray (honor)
AR: بَاعَ / رَوَّجَ / تَقَايَضَ
FR: vendre / revendre / se débarrasser de / trahir (honneur)

Definition:
(EN) Verb meaning to give something to someone else in exchange for money, or figuratively to give up your principles for a profit.

Example: وہ پھل بیچتا ہے۔

Translation: He sells fruits.

Root Word: Hindi 'bechnā'.

Synonyms: فروخت کرنا, نیلام کرنا"
"قیمت لگانا","Translations:
EN: to price / to quote / to value / to estimate the cost
AR: سَعَّرَ / قَدَّرَ الثَّمَن / ثَمَّنَ
FR: fixer un prix / citer / valoriser / estimer le coût

Definition:
(EN) Compound verb meaning to decide and say how much money an object or a service is worth.

Example: اس گھر کی کیا قیمت لگائی گئی ہے؟

Translation: What price has been quoted (fixed) for this house?

Root Word: Arabic 'qeemat' + Urdu 'lagānā'.

Synonyms: بھاؤ کرنا, تخمینہ لگانا"
"سودا کرنا","Translations:
EN: to bargain / to strike a deal / to trade / to make a purchase
AR: سَاوَمَ / عَقَدَ صَفْقَة / تَاجَرَ
FR: marchander / conclure une affaire / commercer / faire un achat

Definition:
(EN) Compound verb meaning to discuss the price with a seller to make it lower, or to complete a business agreement.

Example: ہم نے دکاندار کے ساتھ سودا کر لیا۔

Translation: We struck a deal (bargained) with the shopkeeper.

Root Word: Persian 'saudā' + Urdu 'karnā'.

Synonyms: خرید و فروخت کرنا, بھاؤ تاؤ کرنا"
"ادھار لینا","Translations:
EN: to borrow / to take on credit / to take a loan / to owe
AR: اِسْتَعَارَ / اِقْتَرَضَ / اِرْتَهَنَ
FR: emprunter / prendre à crédit / contracter un emprunt / devoir

Definition:
(EN) Compound verb meaning to take money or an object from someone with the promise to return it or pay for it later.

Example: میں نے اس سے کچھ رقم ادھار لی۔

Translation: I borrowed (took on credit) some money from him.

Root Word: Hindi 'udhār' + Urdu 'lenā'.

Synonyms: قرض لینا, عاریت لینا"
"قرض دینا","Translations:
EN: to lend / to give a loan / to credit / to advance money
AR: أَقْرَضَ / سَلَّفَ / مَنَحَ اِئْتِمَانًا
FR: prêter / donner un prêt / créditer / avancer de l'argent

Definition:
(EN) Compound verb meaning to give money or an object to someone else for a specific time, expecting them to return it later.

Example: دوستوں کو قرض دینا مشکل ہوتا ہے۔

Translation: It is difficult to lend (give a loan) to friends.

Root Word: Arabic 'qarẓ' + Urdu 'denā'.

Synonyms: ادھار دینا, عاریت دینا"
"ادا کرنا","Translations:
EN: to pay / to perform (duty) / to fulfill / to render
AR: دَفَعَ / أَدَّى / سَدَّدَ / قَضَى
FR: payer / accomplir (devoir) / remplir / rendre

Definition:
(EN) Formal compound verb meaning to give money that you owe, or to perform a religious or social duty correctly.

Example: اس نے اپنا بل ادا کر دیا۔

Translation: He paid (rendered) his bill.

Root Word: Arabic 'adā' + Urdu 'karnā'.

Synonyms: بھرنا, چکانا"
"صرف کرنا","Translations:
EN: to spend / to utilize / to expend / to consume
AR: أَنْفَقَ / اِسْتَهْلَكَ / صَرَفَ / بَذَلَ
FR: dépenser / utiliser / dépenser / consommer

Definition:
(EN) Formal compound verb meaning to use money, time, or energy for a specific purpose or a project.

Example: ہمیں اپنا وقت اچھے کاموں میں صرف کرنا چاہیے۔

Translation: We should spend (utilize) our time in good deeds.

Root Word: Arabic 'ṣarf' + Urdu 'karnā'.

Synonyms: خرچ کرنا, لگانا"
"پس انداز کرنا","Translations:
EN: to save (money) / to set aside / to economize / to ignore (figurative)
AR: اِدَّخَرَ / وَفَّرَ / أَمْسَكَ / أَهْمَلَ
FR: économiser (argent) / mettre de côté / économiser / ignorer (figuré)

Definition:
(EN) Formal compound verb meaning to keep a part of your income for the future instead of spending it all now.

Example: وہ اپنی تنخواہ سے کچھ رقم پس انداز کرتا ہے۔

Translation: He saves (sets aside) some money from his salary.

Root Word: Persian 'pas-andāz' + Urdu 'karnā'.

Synonyms: بچانا, جوڑنا"
"کمانا","Translations:
EN: to earn / to gain / to acquire (reputation) / to win (bread)
AR: كَسَبَ / رَبِحَ / نَالَ
FR: gagner / acquérir / acquérir (réputation) / gagner (son pain)

Definition:
(EN) Verb meaning to get money or respect through hard work or business.

Example: وہ حلال روزی کماتا ہے۔

Translation: He earns (gains) a lawful living.

Root Word: Hindi 'kamānā'.

Synonyms: حاصل کرنا, کما لانا"
"شکست کھانا","Translations:
EN: to be defeated / to lose (formal) / to fail / to be beaten
AR: هُزِمَ / اِنْدَحَرَ / خَسِرَ
FR: être vaincu / perdre (formel) / échouer / être battu

Definition:
(EN) Formal compound verb meaning to lose a battle, a game, or an election to an opponent.

Example: دشمن کی فوج نے شکست کھائی۔

Translation: The enemy army was defeated (beaten).

Root Word: Persian 'shikast' + Urdu 'khānā'.

Synonyms: ہارنا, مات کھانا"
"فتح حاصل کرنا","Translations:
EN: to gain victory / to win (formal) / to conquer / to triumph
AR: اِنْتَصَرَ / فَتَحَ / نَالَ النَّصْر / غَلَبَ
FR: remporter la victoire / gagner (formel) / conquérir / triompher

Definition:
(EN) Formal compound verb meaning to win a war, a struggle, or a competition through bravery or strategy.

Example: مجاہدین نے قلعے پر فتح حاصل کر لی۔

Translation: The mujahideen gained victory over (conquered) the fort.

Root Word: Arabic 'fataḥ' + Urdu 'ḥāṣil karnā'.

Synonyms: جیتنا, غالب آنا"
"مقابلہ کرنا","Translations:
EN: to compete / to confront / to oppose / to face (a challenge)
AR: نَافَسَ / وَاجَهَ / قَاوَمَ / جَابَهَ
FR: concourir / confronter / s'opposer / faire face (à un défi)

Definition:
(EN) Formal compound verb meaning to try to be better than others in a contest, or to stand strong against an enemy or a problem.

Example: ہمیں ہر مشکل کا مقابلہ کرنا چاہیے۔

Translation: We should confront (face) every difficulty.

Root Word: Arabic 'muqābala' + Urdu 'karnā'.

Synonyms: سامنا کرنا, ٹکر لینا"
"تعاون کرنا","Translations:
EN: to cooperate / to collaborate / to assist / to work together
AR: تَعَاوَنَ / سَاعَدَ / تَضَافَرَ
FR: coopérer / collaborer / assister / travailler ensemble

Definition:
(EN) Formal compound verb meaning to work with other people or departments to achieve a common goal.

Example: حکومت کو عوام کے ساتھ تعاون کرنا چاہیے۔

Translation: The government should cooperate (work together) with the public.

Root Word: Arabic 'taʿāvun' + Urdu 'karnā'.

Synonyms: مدد کرنا, ہاتھ بٹانا"
"حمایت کرنا","Translations:
EN: to support / to back / to defend / to favor (someone)
AR: أَيَّدَ / دَعَمَ / سَانَدَ / حَمَى
FR: soutenir / appuyer / défendre / favoriser (quelqu'un)

Definition:
(EN) Formal compound verb meaning to speak or act in favor of a person, an idea, or a political party.

Example: میں آپ کی تجویز کی حمایت کرتا ہوں۔

Translation: I support (back) your proposal.

Root Word: Arabic 'ḥimāyat' + Urdu 'karnā'.

Synonyms: تائید کرنا, ساتھ دینا"
"حفاظت کرنا","Translations:
EN: to protect / to guard / to preserve / to safeguard
AR: حَمَى / حَافَظَ عَلَى / صَانَ
FR: protéger / garder / préserver / sauvegarder

Definition:
(EN) Compound verb meaning to keep a person or a thing safe from harm, danger, or destruction.

Example: ہمیں اپنی سرحدوں کی حفاظت کرنی چاہیے۔

Translation: We should protect (guard) our borders.

Root Word: Arabic 'ḥifāẓat' + Urdu 'karnā'.

Synonyms: بچانا, نگہبانی کرنا"
"نجات دلانا","Translations:
EN: to rescue / to save / to deliver / to liberate
AR: أَنْقَذَ / خَلَّصَ / حَرَّرَ
FR: secourir / sauver / délivrer / libérer

Definition:
(EN) Compound verb meaning to help someone escape from a difficult situation, a disease, or a danger.

Example: اللہ نے اسے بڑی مشکل سے نجات دلائی۔

Translation: Allah rescued (delivered) him from a great difficulty.

Root Word: Arabic 'najāt' + Urdu 'dilānā'.

Synonyms: چھڑانا, خلاصی دلانا"
"احتراز کرنا","Translations:
EN: to avoid / to shun / to refrain / to abstain from
AR: اِحْتَرَزَ / تَجَنَّبَ / كَفَّ عَن
FR: éviter / fuir / s'abstenir / s'abstenir de

Definition:
(EN) Formal compound verb meaning to stay away from a person, a habit, or a situation that is harmful or wrong.

Example: برے لوگوں کی صحبت سے احتراز کرنا چاہیے۔

Translation: One should avoid (shun) the company of bad people.

Root Word: Arabic 'iḥtirāz' + Urdu 'karnā'.

Synonyms: بچنا, پرہیز کرنا"
"برسرِ پیکار ہونا","Translations:
EN: to be at war / to be in conflict / to be fighting / to be engaged in battle
AR: كَانَ فِي حَرْب / تَصَارَعَ / اِشْتَبَكَ
FR: être en guerre / être en conflit / se battre / être engagé dans la bataille

Definition:
(EN) High formal and poetic compound verb meaning to be actively fighting against an enemy or a system in a serious and long battle.

Example: وہ باطل قوتوں کے خلاف برسرِ پیکار ہے۔

Translation: He is at war (fighting) against false powers.

Root Word: Persian 'bar' + 'sar' + 'paikār' + Urdu 'honā'.

Synonyms: لڑنا, برسرِ جنگ ہونا"
"جھگڑنا","Translations:
EN: to quarrel / to fight (verbally/physically) / to bicker / to dispute
AR: تَشَاجَرَ / تَنَازَعَ / تَعَارَكَ
FR: se quereller / se battre (verbalement/physiquement) / se chamailler / se disputer

Definition:
(EN) Verb meaning to have an angry argument or a physical fight with someone over a small or big matter.

Example: بھائیوں کو آپس میں نہیں جھگڑنا چاہیے۔

Translation: Brothers should not quarrel (fight) with each other.

Root Word: Hindi 'jhagaṛnā'.

Synonyms: لڑنا, بحث کرنا"
"صلح کرنا","Translations:
EN: to make peace / to reconcile / to compromise / to settle
AR: صَالَحَ / تَصَالَحَ / عَاهَدَ عَلَى السِّلْم
FR: faire la paix / se réconcilier / faire un compromis / s'arranger

Definition:
(EN) Compound verb meaning to end a fight or a war and agree to live in peace and friendship again.

Example: دونوں فریقین نے آپس میں صلح کر لی۔

Translation: Both parties made peace (reconciled) with each other.

Root Word: Arabic 'ṣulaḥ' + Urdu 'karnā'.

Synonyms: تصفیہ کرنا, راضی ہونا"
"معاف کرنا","Translations:
EN: to forgive / to pardon / to excuse / to remit
AR: عَفَا عَنْ / صَفَحَ / سَامَحَ
FR: pardonner / gracier / excuser / remettre

Definition:
(EN) Compound verb meaning to stop feeling angry with someone who has hurt you, or to not punish someone for a mistake.

Example: غلطی کرنے والے کو معاف کرنا بڑی صفت ہے۔

Translation: To forgive (pardon) the one who makes a mistake is a great trait.

Root Word: Arabic 'maʿāf' + Urdu 'karnā'.

Synonyms: بخش دینا, درگزر کرنا"
"سزا دینا","Translations:
EN: to punish / to sentence / to penalize / to discipline
AR: عَاقَبَ / جَازَى / أَدَّبَ
FR: punir / condamner / pénaliser / discipliner

Definition:
(EN) Compound verb meaning to make someone suffer or pay money because they have done something wrong or broken a law.

Example: عدالت نے اسے قید کی سزا دی۔

Translation: The court punished (sentenced) him to imprisonment.

Root Word: Persian 'sazā' + Urdu 'denā'.

Synonyms: گوشمالی کرنا, تاوان لینا"
"قید کرنا","Translations:
EN: to imprison / to confine / to lock up / to captivate (figurative)
AR: حَبَسَ / سَجَنَ / قَيَّدَ
FR: emprisonner / confiner / enfermer / captiver (figuré)

Definition:
(EN) Compound verb meaning to put someone in a prison or a closed room so they cannot leave, or figuratively for a beauty to capture a heart.

Example: پولیس نے چور کو قید کر دیا۔

Translation: The police imprisoned (locked up) the thief.

Root Word: Arabic 'qaid' + Urdu 'karnā'.

Synonyms: جیل بھیجنا, بند کرنا"
"رہا کرنا","Translations:
EN: to release / to set free / to discharge / to liberate
AR: أَطْلَقَ سَرَاحَ / حَرَّرَ / أَخْلَى سَبِيلَه
FR: relâcher / libérer / congédier / libérer

Definition:
(EN) Formal compound verb meaning to allow someone to leave a prison or a hospital, or to free an animal from a cage.

Example: قیدی کو کل رہا کر دیا جائے گا۔

Translation: The prisoner will be released (set free) tomorrow.

Root Word: Arabic 'rahā' + Urdu 'karnā'.

Synonyms: آزاد کرنا, چھوڑنا"
"گرفتار کرنا","Translations:
EN: to arrest / to capture / to seize / to apprehend
AR: اِعْتَقَلَ / أَلْقَى القَبْضَ عَلَى / أَسَرَ
FR: arrêter / capturer / saisir / appréhender

Definition:
(EN) Formal compound verb meaning for the police to take a person because they believe they have committed a crime.

Example: مجرم کو موقع پر ہی گرفتار کر لیا گیا۔

Translation: The criminal was arrested (captured) on the spot.

Root Word: Persian 'giriftār' + Urdu 'karnā'.

Synonyms: پکڑنا, قید کرنا"
"ترک کرنا","Translations:
EN: to abandon / to leave / to quit / to forsake
AR: تَرَكَ / هَجَرَ / نَبَذَ / أَقْلَعَ عَن
FR: abandonner / laisser / quitter / délaisser

Definition:
(EN) Formal compound verb meaning to completely stop doing a habit, or to leave a place or a person forever.

Example: اس نے سگریٹ نوشی ترک کر دی۔

Translation: He abandoned (quit) smoking.

Root Word: Arabic 'tark' + Urdu 'karnā'.

Synonyms: چھوڑنا, دستبردار ہونا"
"غصب کرنا","Translations:
EN: to usurp / to seize / to snatch (formal) / to embezzle
AR: غَصَبَ / اِسْتَوْلَى بِالقُوَّة / اِخْتَلَسَ
FR: usurper / saisir / arracher (formel) / détourner des fonds

Definition:
(EN) High formal compound verb meaning to take someone else's land, money, or right by force or by cheating.

Example: یتیموں کا مال غصب کرنا بڑا گناہ ہے۔

Translation: To usurp (seize) the property of orphans is a great sin.

Root Word: Arabic 'ghasab' + Urdu 'karnā'.

Synonyms: چھین لینا, ہڑپ کرنا"
"چھین لینا","Translations:
EN: to snatch / to take away by force / to grab / to rob
AR: سَلَبَ / اِنْتَزَعَ / اِخْتَطَفَ
FR: arracher / enlever par la force / saisir / voler

Definition:
(EN) Compound verb meaning to suddenly and violently take an object out of someone's hand or to take a position away from them.

Example: اس نے میرا بیگ چھین لیا۔

Translation: He snatched (took away by force) my bag.

Root Word: Hindi 'cheen' + Urdu 'lenā'.

Synonyms: غصب کرنا, لوٹنا"
"غارت کرنا","Translations:
EN: to plunder / to pillage / to destroy / to ruin
AR: نَهَبَ / دَمَّرَ / أَهْلَكَ
FR: piller / saccager / détruire / ruiner

Definition:
(EN) High formal and poetic compound verb meaning to completely destroy a city, a life, or a reputation, often used for an army attacking a place.

Example: حملہ آوروں نے پورے شہر کو غارت کر دیا۔

Translation: The attackers plundered (destroyed) the whole city.

Root Word: Arabic 'ghārat' + Urdu 'karnā'.

Synonyms: لوٹنا, تباہ کرنا"
"ہلاک کرنا","Translations:
EN: to kill / to slay / to destroy / to cause to perish
AR: قَتَلَ / أَهْلَكَ / أَبَادَ
FR: tuer / occire / détruire / faire périr

Definition:
(EN) Formal compound verb meaning to end the life of a person or an animal, or to destroy a large group of people (like in a war or a disaster).

Example: زلزلے نے ہزاروں لوگوں کو ہلاک کر دیا۔

Translation: The earthquake killed (caused to perish) thousands of people.

Root Word: Arabic 'halāk' + Urdu 'karnā'.

Synonyms: مارنا, قتل کرنا"
"قتل کرنا","Translations:
EN: to murder / to assassinate / to slay / to put to death
AR: قَتَلَ / اِغْتَالَ / صَفَّى
FR: assassiner / tuer / occire / mettre à mort

Definition:
(EN) Compound verb specifically meaning to intentionally and illegally end a person's life.

Example: پولیس قاتل کو ڈھونڈ رہی ہے جس نے اسے قتل کیا۔

Translation: Police is looking for the murderer who murdered (killed) him.

Root Word: Arabic 'qatl' + Urdu 'karnā'.

Synonyms: مار ڈالنا, ہلاک کرنا"
"ذبح کرنا","Translations:
EN: to slaughter / to sacrifice (animal) / to cut the throat / to butcher
AR: ذَبَحَ / نَحَرَ / جَزَرَ
FR: abattre / sacrifier (animal) / égorger / boucher

Definition:
(EN) Verb meaning to kill an animal for food or for a religious sacrifice by cutting its throat.

Example: عید پر ہم جانور ذبح کرتے ہیں۔

Translation: We slaughter (sacrifice) animals on Eid.

Root Word: Arabic 'ẕabaḥ' + Urdu 'karnā'.

Synonyms: حلال کرنا, مارنا"
"زخمی کرنا","Translations:
EN: to injure / to wound / to hurt / to gash
AR: جَرَحَ / أَصَابَ / آذَى
FR: blesser / blesser / faire mal / entailler

Definition:
(EN) Compound verb meaning to cause a physical cut or pain to a person's body, usually during a fight or an accident.

Example: چاقو نے اس کے ہاتھ کو زخمی کر دیا۔

Translation: The knife injured (wounded) his hand.

Root Word: Persian 'zakhmee' + Urdu 'karnā'.

Synonyms: گھائل کرنا, چوٹ پہنچانا"
"علاج کرنا","Translations:
EN: to treat / to cure / to provide medical care / to remedy
AR: عَالَجَ / دَاوَى / طَبَّبَ
FR: traiter / guérir / prodiguer des soins médicaux / remédier

Definition:
(EN) Compound verb meaning for a doctor to give medicine or perform surgery to make a sick person healthy again.

Example: ڈاکٹر مریض کا علاج کر رہا ہے۔

Translation: The doctor is treating (curing) the patient.

Root Word: Arabic 'ʿilāj' + Urdu 'karnā'.

Synonyms: مداوا کرنا, چارہ گری کرنا"
"شفا پانا","Translations:
EN: to be healed / to recover / to get well / to regain health
AR: شُفِيَ / تَعَافَى / بَرَأَ مِنَ المَرَض
FR: être guéri / se rétablir / se remettre / retrouver la santé

Definition:
(EN) Compound verb meaning to become healthy again after being sick or injured, often used as a blessing or a wish.

Example: وہ بہت جلد شفا پا جائے گا۔

Translation: He will be healed (recover) very soon.

Root Word: Arabic 'shifā' + Urdu 'pānā'.

Synonyms: صحت مند ہونا, تندرست ہونا"
"انتقال کرنا","Translations:
EN: to pass away / to expire (polite) / to die / to depart (from this world)
AR: تُوُفِّيَ / اِنْتَقَلَ إِلَى رَحْمَةِ الله / فَارَقَ الحَيَاة
FR: s'éteindre / expirer (poli) / mourir / quitter (ce monde)

Definition:
(EN) Polite and formal compound verb used instead of 'to die' to respect the person who has passed away.

Example: ان کے والد کا کل انتقال ہو گیا۔

Translation: His father passed away (expired) yesterday.

Root Word: Arabic 'intiqāl' (transfer/moving) + Urdu 'karnā'.

Synonyms: وفات پانا, مرنا"
"تخلیق ہونا","Translations:
EN: to be created / to be originated / to be brought into being / to be fashioned
AR: خُلِقَ / وُجِدَ / أُبْدِعَ
FR: être créé / être à l'origine de / être mis au monde / être façonné

Definition:
(EN) High formal and theological compound verb meaning to come into existence, especially used for the creation of the universe or for a great work of art.

Example: یہ کائنات اللہ کے حکم سے تخلیق ہوئی۔

Translation: This universe was created (brought into being) by Allah's command.

Root Word: Arabic 'takhleeq' + Urdu 'honā'.

Synonyms: پیدا ہونا, وجود میں آنا"
"زندہ ہونا","Translations:
EN: to be alive / to come to life / to revive / to be resurrected
AR: حَيِيَ / عَاشَ / بُعِثَ حَيًّا
FR: être vivant / prendre vie / revivre / être ressuscité

Definition:
(EN) Compound verb meaning to have life or to suddenly get life back after being dead or appearing dead.

Example: وہ مرنے کے بعد پھر سے زندہ ہوں گے۔

Translation: They will come to life (be resurrected) again after death.

Root Word: Persian 'zinda' + Urdu 'honā'.

Synonyms: جی اٹھنا, حیات پانا"
"مر جانا","Translations:
EN: to die / to perish / to pass / to be no more
AR: مَاتَ / هَلَكَ / فَطَسَ (slang)
FR: mourir / périr / passer / n'être plus

Definition:
(EN) Common verb meaning for the life of a person, animal, or plant to end completely.

Example: پودا پانی نہ ملنے کی وجہ سے مر گیا۔

Translation: The plant died because it did not get water.

Root Word: Hindi 'marnā' + Urdu 'jānā' (intensifier).

Synonyms: وفات پانا, جان دینا"
"جینا","Translations:
EN: to live / to exist / to spend life / to lead a life
AR: عَاشَ / حَيِيَ / قَضَى حَيَاتَه
FR: vivre / exister / passer sa vie / mener une vie

Definition:
(EN) Verb meaning to be alive and breathe, or to spend your days in a specific way (e.g. living happily).

Example: وہ سادگی سے جیتا ہے۔

Translation: He lives (leads a life) simply.

Root Word: Hindi 'jeenā'.

Synonyms: زندگی گزارنا, حیات ہونا"
"ایجاد کرنا","Translations:
EN: to invent / to create (something new) / to innovate / to devise
AR: اِخْتَرَعَ / اِبْتَكَرَ / اِسْتَحْدَثَ
FR: inventer / créer (quelque chose de nouveau) / innover / concevoir

Definition:
(EN) Compound verb meaning to design or make a tool, a machine, or a method that has never existed before.

Example: ایڈیسن نے بلب ایجاد کیا۔

Translation: Edison invented the bulb.

Root Word: Arabic 'eejād' + Urdu 'karnā'.

Synonyms: بنانا, پیدا کرنا"
"تعمیر کرنا","Translations:
EN: to build / to construct / to erect / to found
AR: بَنَى / شَيَّدَ / أَقَامَ / عَمَّرَ
FR: construire / bâtir / ériger / fonder

Definition:
(EN) Formal compound verb meaning to make a house, a bridge, or a large building using materials like bricks and cement.

Example: یہاں ایک نئی مسجد تعمیر کی جا رہی ہے۔

Translation: A new mosque is being built (constructed) here.

Root Word: Arabic 'taʿmeer' + Urdu 'karnā'.

Synonyms: بنانا, کھڑا کرنا"
"ڈھانا","Translations:
EN: to demolish / to raze / to pull down / to level
AR: هَدَمَ / دَكَّ / نَسَفَ
FR: démolir / raser / abattre / niveler

Definition:
(EN) Verb meaning to intentionally destroy a building or a wall and make it fall to the ground.

Example: پرانی عمارت کو کل ڈھا دیا جائے گا۔

Translation: The old building will be demolished (pulled down) tomorrow.

Root Word: Hindi 'ḍhānā'.

Synonyms: منہدم کرنا, گرانا"
"منہدم کرنا","Translations:
EN: to demolish / to collapse (formal) / to raze to the ground / to wreck
AR: هَدَمَ تَمَامًا / دَمَّرَ / اِكْتَسَحَ
FR: démolir / s'effondrer (formel) / raser au sol / saccager

Definition:
(EN) High formal compound verb meaning to completely destroy a structure so that it becomes a pile of rubble.

Example: غیر قانونی بستی کو منہدم کر دیا گیا۔

Translation: The illegal settlement was demolished (razed).

Root Word: Arabic 'munhadim' + Urdu 'karnā'.

Synonyms: ڈھانا, برباد کرنا"
"جلانا","Translations:
EN: to burn / to ignite / to kindle / to light (fire)
AR: أَحْرَقَ / أَشْعَلَ / أَوْقَدَ
FR: brûler / allumer / enflammer / éclairer

Definition:
(EN) Verb meaning to set something on fire or to cause it to be consumed by flames, or to turn on a lamp or a light.

Example: اس نے سوکھے پتے جلائے۔

Translation: He burned the dry leaves.

Root Word: Hindi 'jalnā' (to burn) -> causative 'jalānā'.

Synonyms: روشن کرنا, سلگانا"
"بجھانا","Translations:
EN: to extinguish / to put out (fire/thirst) / to quench / to satisfy
AR: أَطْفَأَ / أَخْمَدَ / أَرْوَى (العَطَش)
FR: éteindre / étouffer (feu/soif) / désaltérer / satisfaire

Definition:
(EN) Verb meaning to stop a fire from burning, or figuratively to drink water to stop being thirsty or to calm down an angry person.

Example: آگ بجھانے والا عملہ آ گیا۔

Translation: The fire extinguishing (firefighting) staff has arrived.

Root Word: Hindi 'bujhnā' (to go out) -> causative 'bujhānā'.

Synonyms: ٹھنڈا کرنا, رفع کرنا"
"چمکنا","Translations:
EN: to shine / to sparkle / to glitter / to be famous
AR: لَمَعَ / بَرَقَ / تَأَلَّقَ / شَاعَ صِيتُه
FR: briller / scintiller / étinceler / être célèbre

Definition:
(EN) Verb meaning to give out or reflect light, or figuratively for a person to become successful and well-known in their field.

Example: ستارے آسمان پر چمک رہے ہیں۔

Translation: Stars are shining on the sky.

Root Word: Hindi 'chamaknā'.

Synonyms: روشن ہونا, تابندہ ہونا"
"کڑکنا","Translations:
EN: to crackle / to thunder / to roar (clouds/voice) / to snap
AR: قَصَفَ / رَعَدَ / صَاحَ بِعُنْف
FR: craquer / tonner / rugir (nuages/voix) / claquer

Definition:
(EN) Verb meaning the loud and sudden sound of lightning in the sky, or for a person to speak in a very loud and commanding voice.

Example: آسمان پر بادل کڑک رہے ہیں۔

Translation: Clouds are thundering on the sky.

Root Word: Hindi 'kaṛaknā'.

Synonyms: گرجنا, دھاڑنا"
"گونجنا","Translations:
EN: to echo / to resound / to ring / to reverberate
AR: دَوَّى / صَدَى / رَنَّ
FR: résonner / retentir / sonner / répercuter

Definition:
(EN) Verb meaning for a sound to be heard again and again in a large empty room or a valley, or for a piece of news to be discussed everywhere.

Example: اس کی آواز ہال میں گونجی۔

Translation: His voice echoed (resounded) in the hall.

Root Word: Hindi 'goonjnā'.

Synonyms: تھرتھرانا, بلند ہونا"
"گویا ہونا","Translations:
EN: to speak / to find voice (poetic/formal) / to begin to talk / as if speaking
AR: نَطَقَ / تَكَلَّمَ / بَدَأَ الحَدِيث
FR: parler / trouver sa voix (poétique/formel) / commencer à parler / comme si on parlait

Definition:
(EN) High formal and poetic compound verb meaning to start speaking after a silence, or for an object to look so real that it seems to be speaking.

Example: وہ خاموش تھے لیکن اب گویا ہوئے ہیں۔

Translation: They were silent but now they have spoken (found their voice).

Root Word: Persian 'goyā' + Urdu 'honā'.

Synonyms: بولنا, کلام کرنا"
"چپ رہنا","Translations:
EN: to remain silent / to keep quiet / to be mute / to hold one's tongue
AR: سَكَتَ / صَمَتَ / لَزِمَ الصَّمْت
FR: rester silencieux / se taire / être muet / tenir sa langue

Definition:
(EN) Compound verb meaning to not speak or make any sound, especially in a situation where one is expected to answer or argue.

Example: دانشمند مشکل وقت میں چپ رہتا ہے۔

Translation: A wise man remains silent (keeps quiet) in difficult times.

Root Word: Hindi 'chup' + Urdu 'rahnā'.

Synonyms: خاموش ہونا, لب سینا"
"پکارنا","Translations:
EN: to call out / to shout / to summon / to name
AR: نَادَى / صَاحَ / اِسْتَدْعَى
FR: appeler / crier / convoquer / nommer

Definition:
(EN) Verb meaning to use a loud voice to get someone's attention, or to give a specific name to a person or an object.

Example: اس نے مدد کے لیے پکارا۔

Translation: He called out for help.

Root Word: Hindi 'pukārnā'.

Synonyms: آواز دینا, بلانا"
"آواز دینا","Translations:
EN: to call / to shout out to someone / to hail / to raise the voice
AR: نَادَى / هَتَفَ / رَفَعَ الصَّوْت
FR: appeler / interpeller quelqu'un / saluer / élever la voix

Definition:
(EN) Compound verb meaning to use your voice to call someone who is nearby or to announce something loudly.

Example: میں نے اسے کئی بار آواز دی۔

Translation: I called (shouted out to) him several times.

Root Word: Persian 'āwāz' + Urdu 'denā'.

Synonyms: پکارنا, بلانا"
"پاسخ دینا","Translations:
EN: to respond / to reply (formal/archaic) / to answer / to echo back
AR: أَجَابَ / رَدَّ / اِسْتَجَابَ
FR: répondre / répliquer (formel/archaïque) / répondre / faire écho

Definition:
(EN) High formal and archaic compound verb meaning to give an answer to a question or a letter, often used in classical literature.

Example: اس نے میرے خط کا کوئی پاسخ نہیں دیا۔

Translation: He gave no response (reply) to my letter.

Root Word: Persian 'pāsukh' + Urdu 'denā'.

Synonyms: جواب دینا, ردِ عمل دینا"
"استفسار کرنا","Translations:
EN: to inquire / to ask / to query / to seek information
AR: اِسْتَفْسَرَ / سَأَلَ / اِسْتَعْلَمَ
FR: s'enquérir / demander / interroger / chercher des informations

Definition:
(EN) High formal compound verb meaning to ask a question to get specific information or to investigate a matter.

Example: افسر نے معاملے کے بارے میں استفسار کیا۔

Translation: The officer inquired (queried) about the matter.

Root Word: Arabic 'istifsār' + Urdu 'karnā'.

Synonyms: پوچھنا, سوال کرنا"
"ارشاد کرنا","Translations:
EN: to say / to command / to remark (respectful/formal) / to guide
AR: قَالَ / أَمَرَ / أَوْصَى / أَرْشَدَ
FR: dire / commander / remarquer (respectueux/formel) / guider

Definition:
(EN) Very respectful compound verb used for the speech of a teacher, an elder, or a holy person.

Example: آپ نے کیا ارشاد فرمایا؟

Translation: What did you say (remark)?

Root Word: Arabic 'irshād' + Urdu 'karnā'.

Synonyms: کہنا, فرمانا"
"سماعت کرنا","Translations:
EN: to hear / to listen (formal/legal) / to give a hearing / to audit
AR: سَمِعَ / نَظَرَ فِي (القَضِيَّة) / اِسْتَمَعَ
FR: entendre / écouter (formel/juridique) / accorder une audience / auditer

Definition:
(EN) Formal compound verb used for a judge listening to a case in court, or for a powerful person listening to a request.

Example: عدالت آج مقدمے کی سماعت کرے گی۔

Translation: The court will hear (listen to) the case today.

Root Word: Arabic 'samāʿat' + Urdu 'karnā'.

Synonyms: سننا, توجہ دینا"
"مشاہدہ کرنا","Translations:
EN: to observe / to witness / to see / to study (by looking)
AR: شَاهَدَ / لَاحَظَ / رَاقَبَ / عَايَنَ
FR: observer / témoigner / voir / étudier (en regardant)

Definition:
(EN) Formal compound verb meaning to look at something carefully to understand it, or to be a witness to an event.

Example: ہم نے چاند گرہن کا مشاہدہ کیا۔

Translation: We observed (witnessed) the lunar eclipse.

Root Word: Arabic 'mushāhada' + Urdu 'karnā'.

Synonyms: دیکھنا, غور سے دیکھنا"
"ادراک کرنا","Translations:
EN: to perceive / to realize / to comprehend / to grasp (intellectually)
AR: أَدْرَكَ / فَهِمَ / وَعَى / اِسْتَوْعَبَ
FR: percevoir / se rendre compte / comprendre / saisir (intellectuellement)

Definition:
(EN) High formal compound verb meaning to understand a hidden truth or a complex reality using the power of the mind and senses.

Example: حقیقت کا ادراک کرنا آسان نہیں ہے۔

Translation: It is not easy to perceive (comprehend) the reality.

Root Word: Arabic 'idrāk' + Urdu 'karnā'.

Synonyms: محسوس کرنا, سمجھنا"
"واقف ہونا","Translations:
EN: to be acquainted / to be aware / to be familiar / to know (someone/something)
AR: كَانَ عَلَى عِلْم / دَرَى / عَرَفَ / أَلِمَّ بِـ
FR: être au courant / être conscient / être familier / connaître (quelqu'un/quelque chose)

Definition:
(EN) Formal compound verb meaning to have knowledge about a fact or to have met a person before and recognize them.

Example: میں اس حقیقت سے واقف ہوں۔

Translation: I am aware of (acquainted with) this reality.

Root Word: Arabic 'wāqif' + Urdu 'honā'.

Synonyms: جاننا, باخبر ہونا"
"فراموش کرنا","Translations:
EN: to forget (formal/poetic) / to overlook / to neglect / to let slip
AR: نَسِيَ / غَفَلَ عَن / سَهَا
FR: oublier (formel/poétique) / négliger / laisser passer

Definition:
(EN) High formal and poetic compound verb meaning to fail to remember a person, a promise, or a lesson.

Example: احسان فراموش کرنا بری بات ہے۔

Translation: It is a bad thing to forget (overlook) a favor.

Root Word: Persian 'farāmosh' + Urdu 'karnā'.

Synonyms: بھولنا, یاد نہ رکھنا"
"حفظ کرنا","Translations:
EN: to memorize / to preserve in memory / to protect / to learn by heart
AR: حَفِظَ / اِسْتَظْهَرَ / صَانَ
FR: mémoriser / conserver en mémoire / protéger / apprendre par cœur

Definition:
(EN) Formal compound verb meaning to commit a text or a piece of information to memory so perfectly that you can repeat it without looking.

Example: اس نے پورا قرآن حفظ کر لیا ہے۔

Translation: He has memorized (learned by heart) the whole Quran.

Root Word: Arabic 'ḥifẓ' + Urdu 'karnā'.

Synonyms: یاد کرنا, گھول کر پینا"
"یاد دلانا","Translations:
EN: to remind / to bring to mind / to recall / to prompt
AR: ذَكَّرَ / نَبَّهَ / اِسْتَحْضَرَ الذِّكْرَى
FR: rappeler / faire penser à / rappeler / souffler

Definition:
(EN) Compound verb meaning to say something to someone so that they remember a fact or a duty they had forgotten.

Example: اس نے مجھے میرا وعدہ یاد دلایا۔

Translation: He reminded (brought to my mind) my promise.

Root Word: Hindi 'yād' + Urdu 'dilānā'.

Synonyms: جتانا, آگاہ کرنا"
"تامل کرنا","Translations:
EN: to reflect / to hesitate / to ponder / to deliberate
AR: تَأَمَّلَ / تَرَدَّدَ / فَكَّرَ مَلِيًّا
FR: réfléchir / hésiter / pondérer / délibérer

Definition:
(EN) Formal compound verb meaning to think deeply before taking an action, or to pause because you are not sure what to do.

Example: اس نے فیصلہ کرنے سے پہلے تامل کیا۔

Translation: He reflected (pondered) before making the decision.

Root Word: Arabic 'ta'ammul' + Urdu 'karnā'.

Synonyms: سوچنا, ہچکچانا"
"فیصلہ کرنا","Translations:
EN: to decide / to judge / to determine / to resolve (an issue)
AR: قَرَّرَ / حَكَمَ / فَصَلَ فِي الأَمْر
FR: décider / juger / déterminer / résoudre (un problème)

Definition:
(EN) Compound verb meaning to choose one option from many after thinking, or for a judge to give a final verdict in court.

Example: میں نے وہاں جانے کا فیصلہ کیا ہے۔

Translation: I have decided to go there.

Root Word: Arabic 'faiṣala' + Urdu 'karnā'.

Synonyms: طے کرنا, فتویٰ دینا"
"ارادہ کرنا","Translations:
EN: to intend / to aim / to resolve / to make up one's mind
AR: نَوَى / عَزَمَ / قَصَدَ / هَمَّ بِـ
FR: avoir l'intention / viser / résoudre / se décider

Definition:
(EN) Compound verb meaning to have a specific plan or a desire in your heart to do something in the future.

Example: میں نے پڑھائی کا پکا ارادہ کر لیا ہے۔

Translation: I have made a firm resolve (intended) to study.

Root Word: Arabic 'irāda' + Urdu 'karnā'.

Synonyms: نیت کرنا, قصد کرنا"
"وعدہ کرنا","Translations:
EN: to promise / to pledge / to give one's word / to vow
AR: وَعَدَ / تَعَهَّدَ / قَطَعَ عَهْدًا
FR: promettre / s'engager / donner sa parole / jurer

Definition:
(EN) Compound verb meaning to tell someone certainly that you will do something or that you will not do something.

Example: اس نے سچ بولنے کا وعدہ کیا۔

Translation: He promised (pledged) to speak the truth.

Root Word: Arabic 'waʿda' + Urdu 'karnā'.

Synonyms: عہد کرنا, قول دینا"
"تکمیل کرنا","Translations:
EN: to complete / to fulfill (formal) / to finalize / to accomplish
AR: أَتَمَّ / أَكْمَلَ / أَنْجَزَ / تَمَّمَ
FR: compléter / accomplir (formel) / finaliser / accomplir

Definition:
(EN) High formal compound verb meaning to finish a work, a task, or a promise until it is 100% done and perfect.

Example: اس نے اپنے مشن کی تکمیل کی۔

Translation: He completed (finalized) his mission.

Root Word: Arabic 'takmeel' + Urdu 'karnā'.

Synonyms: پورا کرنا, ختم کرنا"
"انحراف کرنا","Translations:
EN: to deviate / to break (a rule/promise) / to turn away / to rebel
AR: اِنْحَرَفَ / شَذَّ / خَالَفَ / تَمَرَّدَ
FR: dévier / enfreindre (une règle/promesse) / se détourner / se rebeller

Definition:
(EN) High formal compound verb meaning to go away from the right path, or to refuse to follow a law or a promise that was made.

Example: ہمیں قانون سے انحراف نہیں کرنا چاہیے۔

Translation: We should not deviate (break) from the law.

Root Word: Arabic 'inḥirāf' + Urdu 'karnā'.

Synonyms: پھر جانا, بغاوت کرنا"
"تسلیم کرنا","Translations:
EN: to admit / to accept / to acknowledge / to salute
AR: اِعْتَرَفَ / قَبِلَ / أَقَرَّ / سَلَّمَ بِـ
FR: admettre / accepter / reconnaître / saluer

Definition:
(EN) Formal compound verb meaning to say that a fact is true even if you don't like it, or to accept someone's authority or victory.

Example: اس نے اپنی غلطی تسلیم کر لی۔

Translation: He admitted (acknowledged) his mistake.

Root Word: Arabic 'tasleem' + Urdu 'karnā'.

Synonyms: ماننا, اقرار کرنا"
"انکار کرنا","Translations:
EN: to deny / to refuse / to reject / to decline
AR: أَنْكَرَ / رَفَضَ / نَفَى / جَحَدَ
FR: nier / refuser / rejeter / décliner

Definition:
(EN) Compound verb meaning to say that something is not true, or to say 'no' to a request or an offer.

Example: اس نے پیسے لینے سے انکار کر دیا۔

Translation: He refused (denied) to take the money.

Root Word: Arabic 'inkār' + Urdu 'karnā'.

Synonyms: نہ ماننا, تردید کرنا"
"سچ بولنا","Translations:
EN: to speak the truth / to be honest / to tell the facts / to testify truly
AR: صَدَقَ / قَالَ الحَقَّ
FR: dire la vérité / être honnête / dire les faits / témoigner sincèrement

Definition:
(EN) Compound verb meaning to say exactly what happened without hiding or changing anything.

Example: سچ بولنا بہترین حکمتِ عملی ہے۔

Translation: Speaking the truth (being honest) is the best policy.

Root Word: Hindi 'sach' + Urdu 'bolnā'.

Synonyms: حق کہنا, راست گوئی کرنا"
"جھوٹ بولنا","Translations:
EN: to lie / to tell a lie / to deceive / to misrepresent
AR: كَذَبَ / زَوَّرَ / اِفْتَرَى
FR: mentir / dire un mensonge / tromper / dénaturer les faits

Definition:
(EN) Compound verb meaning to say something that you know is not true, usually to hide a mistake or to cheat someone.

Example: جھوٹ بولنا گناہ ہے۔

Translation: To lie (tell a lie) is a sin.

Root Word: Hindi 'jhooṭ' + Urdu 'bolnā'.

Synonyms: دروغ گوئی کرنا, غلط بیانی کرنا"
"دھوکہ دینا","Translations:
EN: to cheat / to deceive / to trick / to betray
AR: خَدَعَ / غَشَّ / غَدَرَ / دَلَّسَ
FR: tricher / tromper / ruser / trahir

Definition:
(EN) Compound verb meaning to make someone believe something that is not true in order to get an advantage or their money.

Example: کسی کو دھوکہ دینا اچھی بات نہیں ہے۔

Translation: It is not a good thing to cheat (deceive) anyone.

Root Word: Hindi 'dhoka' + Urdu 'denā'.

Synonyms: فریب دینا, دغا کرنا"
"کامیاب ہونا","Translations:
EN: to be successful / to succeed / to prosper / to win
AR: نَجَحَ / أَفْلَحَ / فَازَ / ظَفِرَ
FR: réussir / avoir du succès / prospérer / gagner

Definition:
(EN) Compound verb meaning to achieve a goal, to finish a task with a good result, or to become wealthy and respected in society.

Example: وہ اپنے مقصد میں کامیاب ہو گیا۔

Translation: He became successful (succeeded) in his purpose.

Root Word: Arabic 'kāmyāb' + Urdu 'honā'.

Synonyms: جیتنا, بامراد ہونا"
"شکست کھانا","Translations:
EN: to be defeated / to lose (formal) / to fail / to be routed
AR: هُزِمَ / خَسِرَ / اِنْكَسَرَ
FR: être vaincu / perdre (formel) / échouer / être mis en déroute

Definition:
(EN) Compound verb meaning to lose a battle, a game, or a competition against an opponent.

Example: دشمن کی فوج نے شکست کھائی۔

Translation: The enemy's army was defeated (lost).

Root Word: Persian 'shikast' + Urdu 'khānā'.

Synonyms: ہارنا, مات کھانا"
"کھیلنا","Translations:
EN: to play / to gamble / to toy with / to perform (on stage)
AR: لَعِبَ / قَامَرَ / عَبَثَ بِـ
FR: jouer / parier / badiner avec / jouer (sur scène)

Definition:
(EN) Verb meaning to take part in a game or sport for fun, or to move or act in a way that is not serious.

Example: بچے میدان میں کھیل رہے ہیں۔

Translation: Children are playing in the field.

Root Word: Hindi 'khelnā'.

Synonyms: لہو و لعب کرنا, مشغلہ کرنا"
"جیت جانا","Translations:
EN: to win / victory / to conquer / to beat
AR: فَازَ / غَلَبَ / اِنْتَصَرَ
FR: gagner / victoire / conquérir / battre

Definition:
(EN) Compound verb meaning to finish a race or a game in the first position, or to defeat someone completely.

Example: ہماری ٹیم میچ جیت گئی۔

Translation: Our team won the match.

Root Word: Hindi 'jeet' + Urdu 'jānā' (intensifier).

Synonyms: کامیاب ہونا, ظفر پانا"
"ہار جانا","Translations:
EN: to lose / to be defeated / to fail / to give up
AR: خَسِرَ / هُزِمَ / فَقَدَ الأَمَل
FR: perdre / être vaincu / échouer / abandonner

Definition:
(EN) Compound verb meaning to not win a game or a competition, or to lose hope and stop making efforts.

Example: وہ ہمت ہار گیا ہے۔

Translation: He has lost (given up) heart.

Root Word: Hindi 'hār' + Urdu 'jānā' (intensifier).

Synonyms: شکست کھانا, ناکام ہونا"
"سعی کرنا","Translations:
EN: to strive / to endeavor / to run (formal/religious) / to make an effort
AR: سَعَى / كَدَّ / بَذَلَ جُهْدًا
FR: s'efforcer / s'efforcer de / courir (formel/religieux) / faire un effort

Definition:
(EN) High formal and religious compound verb meaning to make a great effort for a purpose, or the specific ritual of running between Safa and Marwa.

Example: ہمیں علم حاصل کرنے کی سعی کرنی چاہیے۔

Translation: We should strive (make an effort) to gain knowledge.

Root Word: Arabic 'saʿee' + Urdu 'karnā'.

Synonyms: کوشش کرنا, تگ و دو کرنا"
"خرام کرنا","Translations:
EN: to walk gracefully / to pace (poetic) / to strut / to saunter
AR: تَبَخْتَرَ / تَمَايَلَ فِي المَشْي / سَارَ بِتُؤَدَة
FR: marcher avec grâce / marcher (poétique) / pavaner / flâner

Definition:
(EN) High poetic compound verb describing a slow, beautiful, and elegant way of walking, often used for a beloved or a majestic animal.

Example: وہ باغ میں خرام کر رہی تھی۔

Translation: She was walking gracefully (pacing) in the garden.

Root Word: Persian 'khirām' + Urdu 'karnā'.

Synonyms: ٹہلنا, مٹک کر چلنا"
"توقف کرنا","Translations:
EN: to pause / to halt / to delay (formal) / to stay for a while
AR: تَوَقَّفَ / تَمَهَّلَ / أَقَامَ لِفَتْرَة
FR: faire une pause / s'arrêter / retarder (formel) / rester un moment

Definition:
(EN) Formal compound verb meaning to stop for a short time during a journey or a speech before starting again.

Example: مسافر نے تھوڑی دیر وہاں توقف کیا۔

Translation: The traveler paused (halted) there for a little while.

Root Word: Arabic 'tawaqquf' + Urdu 'karnā'.

Synonyms: رکنا, ٹھہرنا"
"قیام کرنا","Translations:
EN: to stay / to reside / to dwell (formal) / to stand up (prayer)
AR: أَقَامَ / نَزَلَ بِـ / سَكَنَ / قَامَ (لِلصَّلاة)
FR: séjourner / résider / demeurer (formel) / se tenir debout (prière)

Definition:
(EN) Formal compound verb meaning to live in a place for a few days (like a hotel) or for a long time, or to stand straight during Islamic prayer.

Example: ہم نے ہوٹل میں قیام کیا۔

Translation: We stayed (resided) in a hotel.

Root Word: Arabic 'qiyām' + Urdu 'karnā'.

Synonyms: ٹھہرنا, رہنا"
"تشریف رکھنا","Translations:
EN: to sit / to be present (very respectful) / to honor with presence / to grace
AR: جَلَسَ (بِاِحْتِرَام) / تَفَضَّلَ بِالبَقَاء
FR: s'asseoir / être présent (très respectueux) / honorer de sa présence / gracier

Definition:
(EN) Extremely respectful compound verb used instead of 'to sit down' when talking to a guest or a superior person.

Example: آپ یہاں تشریف رکھیں۔

Translation: Please sit (be present) here.

Root Word: Arabic 'tashreef' + Urdu 'rakhnā'.

Synonyms: بیٹھنا, جلوہ افروز ہونا"
"برپا ہونا","Translations:
EN: to be established / to occur / to stand up / to be raised (commotion)
AR: أُقِيمَ / حَدَثَ / اِنْدَلَعَ / قَامَ
FR: être établi / se produire / se lever / être soulevé (agitation)

Definition:
(EN) Compound verb meaning for an event like a revolution, a disaster, or a big party to start and be active.

Example: شہر میں ہنگامہ برپا ہو گیا۔

Translation: A riot occurred (was raised) in the city.

Root Word: Persian 'bar' + 'pā' + Urdu 'honā'.

Synonyms: قائم ہونا, ظاہر ہونا"
"بیدار ہونا","Translations:
EN: to wake up / to rise (formal) / to be alert / to become conscious
AR: اِسْتَيْقَظَ / صَحَا / تَنَبَّهَ / وَعَى
FR: se réveiller / se lever (formel) / être vigilant / devenir conscient

Definition:
(EN) Formal compound verb meaning to stop sleeping, or figuratively for a nation to become aware of its rights.

Example: قوم اب بیدار ہو چکی ہے۔

Translation: The nation has now woken up (become conscious).

Root Word: Persian 'beidār' + Urdu 'honā'.

Synonyms: جاگنا, ہوشیار ہونا"
"محوِ خواب ہونا","Translations:
EN: to be deep in sleep / to be dreaming (poetic) / to be lost in slumber / to be unconscious
AR: غَارِقٌ فِي النَّوْم / حَالِمٌ / نَائِمٌ
FR: être plongé dans le sommeil / rêver (poétique) / être perdu dans le sommeil / être inconscient

Definition:
(EN) High poetic compound verb describing a person who is so deeply asleep that they are in the world of dreams.

Example: سارا شہر محوِ خواب تھا۔

Translation: The whole city was deep in sleep (lost in slumber).

Root Word: Arabic 'maḥv' + 'khwāb' + Urdu 'honā'.

Synonyms: سونا, خواب دیکھنا"
"جاگنا","Translations:
EN: to wake up / to be awake / to keep watch / to stay up at night
AR: اِسْتَيْقَظَ / سَهِرَ / تَيَقَّظَ
FR: se réveiller / être éveillé / veiller / veiller tard

Definition:
(EN) Verb meaning to be in a state of consciousness (not sleeping), or to stay awake all night for work or prayer.

Example: میں رات بھر جاگتا رہا۔

Translation: I kept awake (stayed up) all night.

Root Word: Hindi 'jāgnā'.

Synonyms: بیدار ہونا, ہوشیار رہنا"
"استراحت کرنا","Translations:
EN: to rest / to lie down (formal) / to take a break / to repose
AR: اِسْتَرَاحَ / اِضْطَجَعَ / نَالَ قِسْطًا مِنَ الرَّاحَة
FR: se reposer / s'allonger (formel) / faire une pause / se reposer

Definition:
(EN) High formal compound verb used for an important person taking a rest or going to sleep.

Example: بادشاہ سلامت استراحت کر رہے ہیں۔

Translation: His Majesty is resting (lying down).

Root Word: Arabic 'istirāḥat' + Urdu 'karnā'.

Synonyms: آرام کرنا, لیٹنا"
"لغزش کھانا","Translations:
EN: to slip / to stumble / to err (formal) / to make a mistake
AR: زَلَّ / تَعَثَّرَ / أَخْطَأَ / كَبَا
FR: glisser / trébucher / errer (formel) / faire une erreur

Definition:
(EN) High formal and poetic compound verb meaning to physically lose your footing or figuratively to make a moral mistake or a slip of the tongue.

Example: انسان سے کہیں نہ کہیں لغزش ہو ہی جاتی ہے۔

Translation: A man (human) does stumble (err) somewhere or the other.

Root Word: Persian 'laghzish' + Urdu 'khānā'.

Synonyms: گرنا, غلطی کرنا"
"گر پڑنا","Translations:
EN: to fall down / to tumble / to collapse / to drop
AR: سَقَطَ / وَقَعَ / اِنْهَارَ / تَرَدَّى
FR: tomber / dégringoler / s'effondrer / tomber

Definition:
(EN) Compound verb describing a sudden and unexpected movement of falling to the ground because of a push, an accident, or weakness.

Example: وہ چکر کھا کر زمین پر گر پڑا۔

Translation: He felt dizzy and fell down (tumbled) on the ground.

Root Word: Hindi 'gir' + Urdu 'paṛnā' (intensifier).

Synonyms: لغزش کھانا, منہدم ہونا"
"لڑکھڑانا","Translations:
EN: to stagger / to totter / to stumble / to falter (voice)
AR: تَرَنَّحَ / تَمَايَلَ / لَعْثَمَ
FR: chanceler / vaciller / trébucher / bégayer (voix)

Definition:
(EN) Verb meaning to walk in an unstable way as if about to fall (like a drunk person or a weak child), or for a voice to tremble because of fear or emotion.

Example: اس کے قدم تھکن سے لڑکھڑا رہے تھے۔

Translation: His steps were staggering (tottering) because of tiredness.

Root Word: Hindi 'laṛkhaṛānā'.

Synonyms: تھرتھرانا, ڈگمگانا"
"سنبھلنا","Translations:
EN: to recover / to steady oneself / to handle / to be cautious
AR: اِسْتَعَادَ تَوَازُنَه / تَمَالَكَ نَفْسَه / نَهَضَ بَعْدَ عَثْرَة
FR: se rétablir / se stabiliser / manipuler / être prudent

Definition:
(EN) Verb meaning to regain balance after stumbling, or to become wise and cautious after making a mistake, or to take care of a difficult situation.

Example: گرنے کے بعد وہ جلدی سے سنبھل گیا۔

Translation: After falling, he quickly steadied himself (recovered).

Root Word: Hindi 'sambhalnā'.

Synonyms: ہوشیار ہونا, قابو پانا"
"اعانت کرنا","Translations:
EN: to assist / to help / to aid (formal) / to support
AR: أَعَانَ / سَاعَدَ / آزَرَ / مَدَّ يَدَ العَوْن
FR: assister / aider / secourir (formel) / soutenir

Definition:
(EN) High formal compound verb meaning to provide resources, money, or physical help to someone who is in need or starting a big project.

Example: مخیر حضرات غریبوں کی اعانت کرتے ہیں۔

Translation: Philanthropists assist (aid) the poor.

Root Word: Arabic 'iʿānat' + Urdu 'karnā'.

Synonyms: مدد کرنا, تعاون کرنا"
"تعاون کرنا","Translations:
EN: to cooperate / to collaborate / to work together / to contribute
AR: تَعَاوَنَ / تَآزَرَ / أَسْهَمَ
FR: coopérer / collaborer / travailler ensemble / contribuer

Definition:
(EN) Compound verb meaning for two or more people to work together as a team to achieve a common goal or to solve a problem.

Example: ہمیں صفائی کی مہم میں تعاون کرنا چاہیے۔

Translation: We should cooperate in the cleanliness campaign.

Root Word: Arabic 'taʿāwun' + Urdu 'karnā'.

Synonyms: ہاتھ بٹانا, مدد کرنا"
"مخالفت کرنا","Translations:
EN: to oppose / to resist / to object / to go against
AR: عَارَضَ / نَاوَأَ / اِعْتَرَضَ
FR: s'opposer / résister / objecter / aller contre

Definition:
(EN) Compound verb meaning to speak or act against a person, a party, or a decision because you do not agree with it.

Example: انہوں نے نئے قانون کی مخالفت کی۔

Translation: They opposed (objected to) the new law.

Root Word: Arabic 'mukhālafat' + Urdu 'karnā'.

Synonyms: روکنا, ٹکر لینا"
"سدِ راہ ہونا","Translations:
EN: to be an obstacle / to block the way / to hinder / to stand in the way
AR: كَانَ عَائِقًا / سَدَّ الطَّرِيق / حَالَ دُونَ
FR: être un obstacle / bloquer le passage / entraver / se mettre en travers du chemin

Definition:
(EN) High formal compound verb meaning to become a barrier that stops someone from reaching their goal or moving forward.

Example: غربت ترقی کی راہ میں سدِ راہ نہیں ہونی چاہیے۔

Translation: Poverty should not be an obstacle (block the way) in the path of progress.

Root Word: Persian 'sadd' + 'rāh' + Urdu 'honā'.

Synonyms: رکاوٹ بننا, روکنا"
"منع کرنا","Translations:
EN: to forbid / to prohibit / to refuse / to prevent
AR: مَنَعَ / حَرَّمَ / نَهَى
FR: interdire / prohiber / refuser / empêcher

Definition:
(EN) Compound verb meaning to tell someone officially or strictly that they are not allowed to do something.

Example: ڈاکٹر نے اسے میٹھا کھانے سے منع کر دیا۔

Translation: The doctor forbade (prohibited) him from eating sweets.

Root Word: Arabic 'manaʿ' + Urdu 'karnā'.

Synonyms: روکنا, باز رکھنا"
"اذن دینا","Translations:
EN: to permit / to grant leave (formal) / to allow / to give permission
AR: أَذِنَ / رَخَّصَ / سَمَحَ
FR: permettre / accorder un congé (formel) / autoriser / donner la permission

Definition:
(EN) High formal and classical compound verb used instead of 'to give permission', often in historical or literary contexts.

Example: امیر نے سپاہیوں کو کوچ کا اذن دیا۔

Translation: The leader (Emir) granted leave (permitted) the soldiers to march.

Root Word: Arabic 'iẕn' + Urdu 'denā'.

Synonyms: اجازت دینا, حکم دینا"
"التجا کرنا","Translations:
EN: to beseech / to entreat / to request (formal) / to petition
AR: اِلْتَمَسَ / نَاشَدَ / تَضَرَّعَ / طَلَبَ
FR: supplier / implorer / demander (formel) / pétitionner

Definition:
(EN) High formal compound verb meaning to make a very humble and emotional request to a superior person or to God.

Example: میں آپ سے رحم کی التجا کرتا ہوں۔

Translation: I beseech (entreat) you for mercy.

Root Word: Arabic 'iltijā' + Urdu 'karnā'.

Synonyms: منت کرنا, عرض کرنا"
"حاصل کرنا","Translations:
EN: to obtain / to acquire / to achieve / to get
AR: حَصَلَ عَلَى / نَالَ / اِكْتَسَبَ
FR: obtenir / acquérir / accomplir / obtenir

Definition:
(EN) Compound verb meaning to get something by making an effort (like a degree, a job, or money) or to reach a specific result.

Example: اس نے اعلیٰ تعلیم حاصل کی۔

Translation: He obtained (acquired) high education.

Root Word: Arabic 'ḥāṣil' + Urdu 'karnā'.

Synonyms: پانا, کمانا"
"تلاش کرنا","Translations:
EN: to search / to seek / to look for / to explore
AR: بَحَثَ عَنْ / فَتَّشَ / تَقَصَّى
FR: chercher / rechercher / chercher / explorer

Definition:
(EN) Compound verb meaning to try to find a person, an object, or information that is hidden or lost.

Example: پولیس مجرم کو تلاش کر رہی ہے۔

Translation: Police is searching (looking for) the criminal.

Root Word: Arabic 'talāsh' + Urdu 'karnā'.

Synonyms: ڈھونڈنا, کھوج لگانا"
"ضائع کرنا","Translations:
EN: to waste / to lose / to squander / to destroy
AR: أَضَاعَ / أَهْدَرَ / بَدَّدَ / أَبْطَلَ
FR: gaspiller / perdre / dissiper / détruire

Definition:
(EN) Compound verb meaning to use time, money, or a quality in a useless way or to let it be destroyed without any benefit.

Example: اپنا وقت ضائع مت کرو۔

Translation: Do not waste (squander) your time.

Root Word: Arabic 'zāyaʿ' + Urdu 'karnā'.

Synonyms: برباد کرنا, کھونا"
"دستیاب ہونا","Translations:
EN: to be available / to be reachable / to be obtainable / to be at hand
AR: تَوَفَّرَ / أُتِيحَ / كَانَ بِمُتَنَاوَلِ اليَد
FR: être disponible / être joignable / être obtenable / être à portée de main

Definition:
(EN) Formal compound verb meaning for an object or a person to be ready to be used or spoken to when needed.

Example: یہ کتاب ہر دکان پر دستیاب ہے۔

Translation: This book is available (obtainable) at every shop.

Root Word: Persian 'dastyāb' + Urdu 'honā'.

Synonyms: ملنا, موجود ہونا"
"محبت کرنا","Translations:
EN: to love / to like / to adore / to cherish
AR: أَحَبَّ / عَشِقَ / وَدَّ
FR: aimer / adorer / chérir

Definition:
(EN) Compound verb meaning to have a strong feeling of affection and care for a person, a place, or an idea.

Example: ماں اپنے بچوں سے بہت محبت کرتی ہے۔

Translation: A mother loves (adores) her children very much.

Root Word: Arabic 'muḥabbat' + Urdu 'karnā'.

Synonyms: پیار کرنا, الفت رکھنا"
"نفرت کرنا","Translations:
EN: to hate / to loathe / to detest / to abhor
AR: كَرِهَ / بَغَضَ / مَقَتَ
FR: haïr / détester / abhorrer

Definition:
(EN) Compound verb meaning to have a strong feeling of dislike or disgust for someone or something.

Example: ہمیں جھوٹ سے نفرت کرنی چاہیے۔

Translation: We should hate (loathe) lies.

Root Word: Arabic 'nafrat' + Urdu 'karnā'.

Synonyms: بیزاری ظاہر کرنا, کراہت کرنا"
"غصہ کرنا","Translations:
EN: to be angry / to get mad / to lose temper / to be annoyed
AR: غَضِبَ / اِسْتَشَاطَ غَضَبًا / اِسْتَاءَ
FR: être en colère / se fâcher / perdre son sang-froid / être agacé

Definition:
(EN) Compound verb meaning to show a strong feeling of displeasure and hostility, often resulting in loud voice or harsh words.

Example: چھوٹی باتوں پر غصہ کرنا اچھا نہیں ہے۔

Translation: It is not good to be angry (get mad) over small things.

Root Word: Arabic 'ghuṣṣa' + Urdu 'karnā'.

Synonyms: خفا ہونا, برہم ہونا"
"خوف کھانا","Translations:
EN: to be afraid / to fear (formal) / to be terrified / to dread
AR: خَافَ / ذُعِرَ / خَشِيَ
FR: avoir peur / craindre (formel) / être terrifié / redouter

Definition:
(EN) Formal compound verb meaning to feel a sudden and strong anxiety because of a danger or a powerful presence.

Example: وہ کسی سے خوف نہیں کھاتا۔

Translation: He is not afraid of (does not fear) anyone.

Root Word: Arabic 'khauf' + Urdu 'khānā'.

Synonyms: ڈرنا, دہشت زدہ ہونا"
"گریہ کرنا","Translations:
EN: to weep / to cry (poetic/formal) / to lament / to wail
AR: بَكَى / نَاحَ / أَعْوَلَ
FR: pleurer / pleurer (poétique/formel) / se lamenter / gémir

Definition:
(EN) High formal and poetic compound verb describing the act of shedding tears and making sounds of grief, often used in classical poetry.

Example: وہ غم میں گریہ کر رہا تھا۔

Translation: He was weeping (crying) in grief.

Root Word: Persian 'girya' + Urdu 'karnā'.

Synonyms: رونا, زاری کرنا"
"تبسم کرنا","Translations:
EN: to smile (formal/poetic) / to beam / to smirk
AR: تَبَسَّمَ / اِبْتَسَمَ
FR: sourire (formel/poétique) / rayonner / ricaner

Definition:
(EN) High formal and poetic verb meaning to make a happy expression by moving the corners of the mouth slightly without making any sound.

Example: اس نے میری بات سن کر تبسم فرمایا۔

Translation: He smiled (beamed) after hearing my talk.

Root Word: Arabic 'tabassum' + Urdu 'karnā'.

Synonyms: مسکرانا, ہنسنا"
"مسکرانا","Translations:
EN: to smile / to grin / to be cheerful
AR: اِبْتَسَمَ / ضَحِكَ بِلُطْف
FR: sourire / sourire de toutes ses dents / être joyeux

Definition:
(EN) Verb meaning to show pleasure or kindness by curving the lips, usually in response to a happy thought or a friendly person.

Example: بچہ ماں کو دیکھ کر مسکرانے لگا۔

Translation: The child started to smile after seeing the mother.

Root Word: Hindi 'muskurānā'.

Synonyms: تبسم کرنا, خوش ہونا"
"چیخنا","Translations:
EN: to scream / to shriek / to yell / to cry out (pain/fear)
AR: صَرَخَ / صَاحَ / عَوِيَ
FR: crier / hurler / hurler / s'exclamer (douleur/peur)

Definition:
(EN) Verb meaning to make a very loud and sharp sound with the voice because of extreme pain, sudden fear, or great anger.

Example: ڈر کے مارے وہ چیخنے لگا۔

Translation: He started to scream (shriek) out of fear.

Root Word: Hindi 'cheekhnā'.

Synonyms: چلانا, پکارنا"
"گالی دینا","Translations:
EN: to abuse / to curse / to swear at / to insult
AR: شَتَمَ / سَبَّ / أَهَانَ
FR: injurier / maudire / jurer contre / insulter

Definition:
(EN) Compound verb meaning to use bad or offensive language to hurt or disrespect someone during a fight.

Example: کسی کو گالی دینا اخلاق کے خلاف ہے۔

Translation: To abuse (swear at) anyone is against ethics.

Root Word: Hindi 'gālee' + Urdu 'denā'.

Synonyms: برا بھلا کہنا, دشنام دینا"
"دعا دینا","Translations:
EN: to bless / to pray for / to give a blessing / to wish well
AR: بَارَكَ لِـ / دَعَا لَهُ بِالخَيْر
FR: bénir / prier pour / donner une bénédiction / souhaiter du bien

Definition:
(EN) Compound verb meaning to ask God for success, health, or happiness for another person, often done by elders for children.

Example: ماں نے بیٹے کو ڈھیروں دعائیں دیں۔

Translation: The mother gave many blessings (prayed) for the son.

Root Word: Arabic 'duʿā' + Urdu 'denā'.

Synonyms: نیک تمنائیں دینا, آشیرواد دینا"
"کوسنا","Translations:
EN: to curse / to reproach / to blame / to revile
AR: لَعَنَ / ذَمَّ / لَامَ بِشِدَّة
FR: maudire / reprocher / blâmer / honnir

Definition:
(EN) Verb meaning to speak bad words about someone because they have caused you pain, or to constantly blame your fate or another person for your problems.

Example: اپنی قسمت کو کوسنے سے کچھ نہیں ہوگا۔

Translation: Nothing will happen by cursing (blaming) your fate.

Root Word: Hindi 'kosnā'.

Synonyms: برا کہنا, طعنہ دینا"
"تعریف کرنا","Translations:
EN: to praise / to define / to admire / to appreciate
AR: مَدَحَ / عَرَّفَ / أَثْنَى عَلَى
FR: louer / définir / admirer / apprécier

Definition:
(EN) Compound verb meaning to say good things about a person's work or character, or in a more technical sense, to explain the exact meaning of a word.

Example: استاد نے طالب علم کی بہت تعریف کی۔

Translation: The teacher praised (admired) the student very much.

Root Word: Arabic 'taʿreef' + Urdu 'karnā'.

Synonyms: ستائش کرنا, بیان کرنا"
"برائی کرنا","Translations:
EN: to speak ill of / to criticize / to backbite / to slander
AR: ذَمَّ / اِغْتَابَ / عَابَ
FR: dire du mal de / critiquer / calomnier / médire

Definition:
(EN) Compound verb meaning to talk about someone's faults or bad points behind their back to make them look bad.

Example: کسی کی پیٹھ پیچھے برائی کرنا گناہ ہے۔

Translation: To speak ill of (backbite) someone behind their back is a sin.

Root Word: Hindi 'burāee' + Urdu 'karnā'.

Synonyms: غیبت کرنا, عیب نکالنا"
"شکوہ کرنا","Translations:
EN: to complain / to lament / to find fault / to grouse
AR: اِشْتَكَى / عَرَضَ شَكْوَى / تَذَمَّرَ
FR: se plaindre / se lamenter / trouver à redire / rouspéter

Definition:
(EN) Formal compound verb meaning to express sadness or anger to someone because you feel they have not treated you well or have not kept a promise.

Example: میں آپ سے کوئی شکوہ نہیں کرنا چاہتا۔

Translation: I don't want to make any complaint (lament) to you.

Root Word: Arabic 'shikwa' + Urdu 'karnā'.

Synonyms: شکایت کرنا, گلہ کرنا"
"شکر کرنا","Translations:
EN: to thank / to be grateful / to give thanks (to God) / to appreciate
AR: شَكَرَ / حَمِدَ الله / اِمْتَنَّ
FR: remercier / être reconnaissant / rendre grâce (à Dieu) / apprécier

Definition:
(EN) Compound verb meaning to express gratitude for a favor received from a person, or to thank God for the blessings of life.

Example: ہمیں ہر حال میں اللہ کا شکر کرنا چاہیے۔

Translation: We should thank (be grateful to) Allah in every situation.

Root Word: Arabic 'shukr' + Urdu 'karnā'.

Synonyms: شکریہ ادا کرنا, حمد کرنا"
"درگزر کرنا","Translations:
EN: to overlook / to forgive / to pass over / to ignore (a fault)
AR: تَغَاضَى / صَفَحَ / عَفَا / تَجَاوَزَ عَن
FR: fermer les yeux sur / pardonner / passer outre / ignorer (une faute)

Definition:
(EN) Formal compound verb meaning to intentionally not see a person's mistake or to forgive them without asking for an explanation.

Example: بڑوں کو چھوٹوں کی غلطیوں سے درگزر کرنا چاہیے۔

Translation: Elders should overlook (forgive) the mistakes of the young ones.

Root Word: Persian 'darguzar' + Urdu 'karnā'.

Synonyms: معاف کرنا, چشم پوشی کرنا"
"بخش دینا","Translations:
EN: to forgive / to bestow / to grant / to spare life
AR: غَفَرَ / وَهَبَ / مَنَحَ / أَعْفَى عَن
FR: pardonner / accorder / octroyer / épargner la vie

Definition:
(EN) Compound verb meaning to excuse someone for their sins or crimes, or for a king or God to give a valuable gift or a second life.

Example: اللہ نے اسے معاف کر کے جنت بخش دی۔

Translation: Allah forgave him and bestowed (granted) him Paradise.

Root Word: Persian 'bakhsh' + Urdu 'denā'.

Synonyms: عطا کرنا, معاف کرنا"
"سزا دینا","Translations:
EN: to punish / to penalize / to sentence / to discipline
AR: عَاقَبَ / جَازَى / أَدَّبَ / قَاصَّ
FR: punir / pénaliser / condamner / discipliner

Definition:
(EN) Compound verb meaning to make someone suffer or pay money because they have broken a law or a rule.

Example: عدالت نے مجرم کو سزا دی۔

Translation: The court punished (sentenced) the criminal.

Root Word: Persian 'sazā' + Urdu 'denā'.

Synonyms: تعزیر کرنا, گوشمالی کرنا"
"جرم کرنا","Translations:
EN: to commit a crime / to offend / to violate a law / to transgress
AR: اِرْتَكَبَ جَرِيمَة / أَذْنَبَ / جَنَى
FR: commettre un crime / offenser / enfreindre une loi / transgresser

Definition:
(EN) Compound verb meaning to do something that is illegal and punishable by the government or the court.

Example: اس نے چوری کر کے بڑا جرم کیا۔

Translation: He committed a big crime by stealing.

Root Word: Arabic 'jurm' + Urdu 'karnā'.

Synonyms: قصور کرنا, قانون توڑنا"
"توبہ کرنا","Translations:
EN: to repent / to ask for forgiveness / to swear off / to vow not to do again
AR: تَابَ / نَابَ / أَنَابَ إِلَى الله
FR: se repentir / demander pardon / jurer de ne plus faire / faire vœu de renoncement

Definition:
(EN) Compound verb meaning to feel sorry for a sin and promise to God or yourself that you will never do it again.

Example: اس نے اپنی برائیوں سے توبہ کر لی۔

Translation: He repented (asked for forgiveness) for his bad deeds.

Root Word: Arabic 'tauba' + Urdu 'karnā'.

Synonyms: نادم ہونا, رجوع کرنا"
"گناہ کرنا","Translations:
EN: to sin / to do evil / to transgress religiously / to err
AR: أَذْنَبَ / اِرْتَكَبَ مَعْصِيَة / خَطِئَ
FR: pécher / faire le mal / transgresser religieusement / errer

Definition:
(EN) Compound verb meaning to do an action that is forbidden by God or religious laws.

Example: کسی کا دل دکھانا بھی گناہ کرنا ہے۔

Translation: To hurt someone's heart is also to sin (do evil).

Root Word: Persian 'gunāh' + Urdu 'karnā'.

Synonyms: معصیت کرنا, خطا کرنا"
"نیکی کرنا","Translations:
EN: to do good / virtue / to be kind / to do a righteous deed
AR: فَعَلَ الخَيْر / أَحْسَنَ / بَرَّ
FR: faire le bien / vertu / être gentil / accomplir une œuvre pieuse

Definition:
(EN) Compound verb meaning to do a good action for others without wanting anything back, purely for God or humanity.

Example: نیکی کر اور دریا میں ڈال۔

Translation: Do good (be kind) and throw it in the river (proverb: don't expect reward).

Root Word: Persian 'nekee' + Urdu 'karnā'.

Synonyms: احسان کرنا, بھلائی کرنا"
"عبادت کرنا","Translations:
EN: to worship / to pray / to adore (God) / to serve (religious)
AR: عَبَدَ / نَسَكَ / تَهَجَّدَ
FR: adorer / prier / adorer (Dieu) / servir (religieux)

Definition:
(EN) Compound verb meaning to perform religious acts like prayer, fasting, or meditation to show love and obedience to God.

Example: ہم صرف اللہ کی عبادت کرتے ہیں۔

Translation: We worship (adore) only Allah.

Root Word: Arabic 'ʿibādat' + Urdu 'karnā'.

Synonyms: بندگی کرنا, پوجا کرنا"
"مناجات کرنا","Translations:
EN: to supplicate / to pray (poetic/formal) / to invoke / to hymn
AR: نَاجَى / تَبَتَّلَ / اِبْتَهَلَ
FR: supplier / prier (poétique/formel) / invoquer / chanter des hymnes

Definition:
(EN) High formal and poetic compound verb describing a secret and emotional conversation with God, often in the form of a poem or song.

Example: شاعر نے باری تعالیٰ سے مناجات کی۔

Translation: The poet supplicated (invoked) to the Most High.

Root Word: Arabic 'munājāt' + Urdu 'karnā'.

Synonyms: دعا کرنا, التجا کرنا"
"سجدہ کرنا","Translations:
EN: to prostrate / to bow / to submit / to worship humbly
AR: سَجَدَ / خَرَّ سَاجِدًا / خَضَعَ
FR: se prosterner / s'incliner / se soumettre / adorer humblement

Definition:
(EN) Compound verb meaning to touch the forehead to the ground as a sign of absolute submission and respect to God.

Example: اس نے شکرانے کا سجدہ کیا۔

Translation: He performed a prostration (bowed) in gratitude.

Root Word: Arabic 'sajda' + Urdu 'karnā'.

Synonyms: پیشانی ٹیکنا, سر جھکانا"
"روزہ رکھنا","Translations:
EN: to fast (religious) / to abstain from food / to observe a fast
AR: صَامَ / اِمْتَنَعَ عَنِ الأَكْل
FR: jeûner (religieux) / s'abstenir de nourriture / observer un jeûne

Definition:
(EN) Compound verb meaning to not eat or drink from dawn to sunset as a religious duty in Islam.

Example: مسلمانوں پر رمضان کے روزے رکھنا فرض ہے۔

Translation: It is obligatory for Muslims to fast (observe fasts) in Ramadan.

Root Word: Persian 'roza' + Urdu 'rakhnā'.

Synonyms: فاقہ کرنا (general), صوم رکھنا"
"ایثار کرنا","Translations:
EN: to sacrifice / selflessness (formal) / to give preference to others / to renounce
AR: آثَرَ / ضَحَّى / آثَرَ عَلَى نَفْسِه
FR: se sacrifier / abnégation (formel) / donner la préférence aux autres / renoncer

Definition:
(EN) High formal compound verb meaning to give up your own needs or comforts so that someone else can benefit.

Example: انہوں نے وطن کے لیے ایثار کیا۔

Translation: They sacrificed (showed selflessness) for the homeland.

Root Word: Arabic 'eesār' + Urdu 'karnā'.

Synonyms: قربانی دینا, تیاگ کرنا"
"حج کرنا","Translations:
EN: to perform pilgrimage (Hajj) / to visit Mecca / to go on a holy journey
AR: حَجَّ / زَارَ الكَعْبَة
FR: faire le pèlerinage (Hajj) / visiter La Mecque / faire un voyage sacré

Definition:
(EN) Compound verb meaning to travel to Mecca and perform specific religious rituals during the month of Zil-Hajj.

Example: انہوں نے پچھلے سال حج کیا۔

Translation: They performed pilgrimage (Hajj) last year.

Root Word: Arabic 'hajj' + Urdu 'karnā'.

Synonyms: بیت اللہ کی زیارت کرنا"
"زیارت کرنا","Translations:
EN: to visit (holy place/shrine) / to behold / to pay respects / to see a holy person
AR: زَارَ / زَارَ الضَّرِيح / تَبَرَّكَ بِمُشَاهَدَة
FR: visiter (lieu saint/sanctuaire) / contempler / rendre hommage / voir une personne sainte

Definition:
(EN) Compound verb meaning to travel to a sacred place like a shrine or a mosque to pray and show respect.

Example: ہم نے مزارِ اقبال کی زیارت کی۔

Translation: We visited (paid respects to) the shrine of Iqbal.

Root Word: Arabic 'ziyārat' + Urdu 'karnā'.

Synonyms: دیدار کرنا, حاضری دینا"
"سفر کرنا","Translations:
EN: to travel / to journey / to voyage / to migrate
AR: سَافَرَ / اِرْتَحَلَ / ظَعَنَ
FR: voyager / faire un voyage / voyager par mer / migrer

Definition:
(EN) Compound verb meaning to go from one place to another, especially over a long distance, for work, pleasure, or religious reasons.

Example: میں کل لاہور کا سفر کروں گا۔

Translation: I will travel (journey) to Lahore tomorrow.

Root Word: Arabic 'safar' + Urdu 'karnā'.

Synonyms: کوچ کرنا, سیر کرنا"
"سرپٹ دوڑنا","Translations:
EN: to gallop / to run fast / to dash / to race
AR: رَكَضَ مُسْرِعًا / عَدَا / أَقْحَمَ الخَيْل
FR: galoper / courir vite / foncer / faire la course

Definition:
(EN) Verb phrase describing a horse or a person running at its maximum speed with all four feet off the ground for a moment.

Example: گھوڑا میدان میں سرپٹ دوڑ رہا ہے۔

Translation: The horse is galloping (running fast) in the field.

Root Word: Hindi 'sarpaṭ' + Urdu 'dauṛnā'.

Synonyms: بھاگنا, تیزی سے چلنا"
"تیرنا","Translations:
EN: to swim / to float / to glide / to be buoyant
AR: سَبَحَ / طَفَا / عَامَ
FR: nager / flotter / glisser / être flottant

Definition:
(EN) Verb meaning to move through water using the arms and legs, or for an object like a piece of wood to stay on the surface of the water without sinking.

Example: وہ ندی میں تیرنا جانتا ہے۔

Translation: He knows how to swim (float) in the river.

Root Word: Hindi 'teirnā'.

Synonyms: تیراکی کرنا, ابھرنا"
"اڑنا","Translations:
EN: to fly / to soar / to vanish / to be blown away
AR: طَارَ / حَلَّقَ / اِخْتَفَى / تَبَخَّرَ
FR: voler / planer / disparaître / être emporté par le vent

Definition:
(EN) Verb meaning to move through the air using wings or a machine, or figuratively for time to pass very quickly or for a rumor to spread.

Example: پرندے آسمان میں اڑ رہے ہیں۔

Translation: Birds are flying (soaring) in the sky.

Root Word: Hindi 'uṛnā'.

Synonyms: پرواز کرنا, غائب ہونا"
"ڈوبنا","Translations:
EN: to drown / to sink / to set (sun) / to be lost in (thought)
AR: غَرِقَ / غَابَ (الشَّمْس) / اِنْغَمَسَ / غَاصَ
FR: se noyer / couler / se coucher (soleil) / être perdu dans (la pensée)

Definition:
(EN) Verb meaning to go down below the surface of water and die (for a person) or just stay there (for a ship), or for the sun to go down in the evening.

Example: وہ گہرے خیالات میں ڈوبا ہوا ہے۔

Translation: He is drowned (lost) in deep thoughts.

Root Word: Hindi 'doobnā'.

Synonyms: غرق ہونا, غروب ہونا"
"ابھرنا","Translations:
EN: to emerge / to rise / to swell / to become prominent
AR: بَرَزَ / ظَهَرَ / اِرْتَفَعَ / نَتَأَ
FR: émerger / s'élever / enfler / devenir proéminent

Definition:
(EN) Verb meaning to come out from a hidden place or from water, or for a new leader or a problem to become visible and important.

Example: سورج بادلوں سے ابھرا۔

Translation: The sun emerged (rose) from the clouds.

Root Word: Hindi 'ubhernā'.

Synonyms: نکلنا, ظاہر ہونا"
"چڑھنا","Translations:
EN: to climb / to rise / to ascend / to board (vehicle)
AR: صَعِدَ / اِرْتَقَى / اِمْتَطَى / طَلَعَ
FR: grimper / monter / s'élever / monter (véhicule)

Definition:
(EN) Verb meaning to move to a higher position (like a mountain, a tree, or a ladder), or for the price of something to increase.

Example: وہ پہاڑ پر چڑھ رہا ہے۔

Translation: He is climbing (ascending) the mountain.

Root Word: Hindi 'chaṛhnā'.

Synonyms: بلند ہونا, سوار ہونا"
"اترنا","Translations:
EN: to descend / to land / to get off / to dismount
AR: نَزَلَ / هَبَطَ / تَرَجَّلَ
FR: descendre / atterrir / descendre de / mettre pied à terre

Definition:
(EN) Verb meaning to move from a higher place to a lower place, or to get out of a car, a bus, or an airplane after a journey.

Example: جہاز ہوائی اڈے پر اترا۔

Translation: The airplane landed (descended) at the airport.

Root Word: Hindi 'utarnā'.

Synonyms: نیچے آنا, ہبوط کرنا"
"کودنا","Translations:
EN: to jump / to leap / to skip / to plunge
AR: قَفَزَ / وَثَبَ / طَفَرَ / اِرْتَمَى
FR: sauter / bondir / sautiller / plonger

Definition:
(EN) Verb meaning to push yourself off the ground using your legs to go into the air, often for fun or to avoid an obstacle.

Example: بچہ خوشی سے کود رہا ہے۔

Translation: The child is jumping (leaping) with joy.

Root Word: Hindi 'koodnā'.

Synonyms: اچھلنا, چھلانگ لگانا"
"پھاندنا","Translations:
EN: to scale / to jump over / to leap / to bypass
AR: تَسَلَّقَ / قَفَزَ فَوْقَ السُّور / اِجْتَازَ
FR: escalader / sauter par-dessus / bondir / contourner

Definition:
(EN) Verb meaning to jump over a barrier like a wall or a fence, or to climb up a steep surface using hands and feet.

Example: چور دیوار پھاند کر بھاگ گیا۔

Translation: The thief jumped over (scaled) the wall and ran away.

Root Word: Hindi 'phāndnā'.

Synonyms: کودنا, پار کرنا"
"منہدم ہونا","Translations:
EN: to collapse / to be demolished (formal) / to fall down / to be ruined
AR: اِنْهَارَ / تَهَدَّمَ / دُمِّرَ / سَقَطَ
FR: s'effondrer / être démoli (formel) / tomber / être ruiné

Definition:
(EN) Formal compound verb describing a building or a structure falling down completely because of an earthquake, a bomb, or old age.

Example: پرانی حویلی زلزلے میں منہدم ہو گئی۔

Translation: The old mansion collapsed (was demolished) in the earthquake.

Root Word: Arabic 'munhadim' + Urdu 'honā'.

Synonyms: گرنا, برباد ہونا"
"پارہ پارہ ہونا","Translations:
EN: to be shattered / to be broken into pieces / to disintegrate / to be heartbroken
AR: تَهَشَّمَ / تَحَطَّمَ / تَمَزَّقَ / اِنْكَسَرَ قَلْبُه
FR: être brisé / être mis en pièces / se désintégrer / avoir le cœur brisé

Definition:
(EN) Poetic compound verb describing an object like glass or a heart breaking into many small, sharp pieces.

Example: شیشہ گر کر پارہ پارہ ہو گیا۔

Translation: The glass fell and was shattered (broken into pieces).

Root Word: Persian 'pāra' + Urdu 'honā'.

Synonyms: ٹوٹنا, بکھر جانا"
"جڑنا","Translations:
EN: to be joined / to be attached / to be fixed / to be linked
AR: اِتَّصَلَ / اِلْتَحَمَ / رُكِّبَ / اِرْتَبَطَ
FR: être joint / être attaché / être fixé / être lié

Definition:
(EN) Verb meaning for two separate things to be put together using glue, nails, or by being parts of the same system.

Example: ٹوٹی ہوئی کرسی دوبارہ جڑ گئی۔

Translation: The broken chair was joined (fixed) again.

Root Word: Hindi 'juṛnā'.

Synonyms: ملنا, پیوند لگنا"
"الگ ہونا","Translations:
EN: to be separated / to be detached / to part ways / to differentiate
AR: اِنْفَصَلَ / اِفْتَرَقَ / تَمَيَّزَ
FR: être séparé / être détaché / se séparer / différencier

Definition:
(EN) Compound verb meaning for two people or things that were together to move away from each other or to become independent.

Example: وہ اپنے خاندان سے الگ ہو گیا۔

Translation: He became separated (detached) from his family.

Root Word: Hindi 'alag' + Urdu 'honā'.

Synonyms: جدا ہونا, علیحدہ ہونا"
"ملحق ہونا","Translations:
EN: to be annexed / to be attached / to be linked (formal) / to be adjacent
AR: اِلْتَحَقَ / اِنْضَمَّ / كَانَ مُجَاوِرًا
FR: être annexé / être attaché / être lié (formel) / être adjacent

Definition:
(EN) Formal compound verb meaning for a smaller building or a territory to be joined to a larger one, or for a person to join a group.

Example: یہ کمرہ ہال سے ملحق ہے۔

Translation: This room is attached (linked) to the hall.

Root Word: Arabic 'mulḥaq' + Urdu 'honā'.

Synonyms: جڑنا, شامل ہونا"
"جلاوطن ہونا","Translations:
EN: to be exiled / to be deported / to be banished / to live in exile
AR: نُفِيَ / هُجِّرَ / طُرِدَ مِنَ الوَطَن
FR: être exilé / être déporté / être banni / vivre en exil

Definition:
(EN) Compound verb meaning to be forced by a government or a law to leave your own country and live somewhere else as a punishment.

Example: بادشاہ کو جلاوطن ہونا پڑا۔

Translation: The king had to be exiled (banished).

Root Word: Persian 'jalā' + 'watan' + Urdu 'honā'.

Synonyms: ملک بدر ہونا, دیس نکالا ملنا"
"بود و باش اختیار کرنا","Translations:
EN: to settle / to reside / to inhabit / to take up residence
AR: اِسْتَوْطَنَ / سَكَنَ / أَقَامَ بِصِفَةٍ دَائِمَة
FR: s'installer / résider / habiter / s'établir

Definition:
(EN) High formal compound verb meaning to choose a city or a country to live in permanently and build a home there.

Example: انہوں نے اسلام آباد میں بود و باش اختیار کی۔

Translation: They took up residence (settled) in Islamabad.

Root Word: Persian 'bood-o-bāsh' + Urdu 'ikhtiyār karnā'.

Synonyms: رہنا, مستقل قیام کرنا"
"بسنا","Translations:
EN: to settle / to inhabit / to dwell / to be populated
AR: سَكَنَ / عَمَرَ / اِسْتَوْطَنَ
FR: s'installer / habiter / demeurer / être peuplé

Definition:
(EN) Verb meaning to live in a place, or for a town to have many people living in it, or figuratively for a thought to stay in the heart.

Example: یہ شہر صدیوں سے بسا ہوا ہے۔

Translation: This city has been inhabited (populated) for centuries.

Root Word: Hindi 'basnā'.

Synonyms: آباد ہونا, رہنا"
"ترک کرنا","Translations:
EN: to abandon / to give up / to leave / to quit (a habit)
AR: تَرَكَ / هَجَرَ / أَقْلَعَ عَن / تَخَلَّى عَن
FR: abandonner / renoncer / quitter / arrêter (une habitude)

Definition:
(EN) Compound verb meaning to stop doing something completely (like smoking) or to leave a place or a person forever.

Example: اس نے بری عادتیں ترک کر دیں۔

Translation: He abandoned (gave up) bad habits.

Root Word: Arabic 'tark' + Urdu 'karnā'.

Synonyms: چھوڑنا, تیاگنا"
"برآمد ہونا","Translations:
EN: to emerge / to come out / to be recovered / to be exported
AR: خَرَجَ / ظَهَرَ / عُثِرَ عَلَيْهِ / صُدِّرَ
FR: émerger / sortir / être récupéré / être exporté

Definition:
(EN) Compound verb meaning for an object to be found after being hidden, or for a person to come out of a room, or for goods to be sent to another country.

Example: زمین سے خزانہ برآمد ہوا۔

Translation: Treasure emerged (was recovered) from the earth.

Root Word: Persian 'bar-āmad' + Urdu 'honā'.

Synonyms: نکلنا, پایا جانا"
"گھسنا","Translations:
EN: to enter / to intrude / to penetrate / to wear out (rubbing)
AR: اِقْتَحَمَ / تَسَلَّلَ / تَدَاخَلَ / بَلِيَ
FR: entrer / s'introduire / pénétrer / s'user (frottement)

Definition:
(EN) Verb meaning to go into a place forcefully or without permission, or for an object to be damaged by constant rubbing.

Example: چور کھڑکی سے گھر میں گھس گیا۔

Translation: The thief entered (intruded) the house through the window.

Root Word: Hindi 'ghusnā'.

Synonyms: داخل ہونا, گھس جانا"
"اندر آنا","Translations:
EN: to come inside / to enter / to be included / to join
AR: دَخَلَ / أَقْبَلَ / اِنْضَمَّ
FR: entrer / venir à l'intérieur / être inclus / rejoindre

Definition:
(EN) Simple compound verb meaning to move from an outside space to an inside space, like a room or a building.

Example: کیا میں اندر آ سکتا ہوں؟

Translation: May I come inside (enter)?

Root Word: Hindi 'andar' + 'ānā'.

Synonyms: داخل ہونا, تشریف لانا"
"باہر جانا","Translations:
EN: to go outside / to exit / to go out (socially) / to leave
AR: خَرَجَ / ذَهَبَ لِلْخَارِج / غَادَرَ
FR: sortir / aller dehors / sortir (vie sociale) / partir

Definition:
(EN) Simple compound verb meaning to move from an inside space to an outside space, or to leave the house to go to work or to meet friends.

Example: وہ تھوڑی دیر کے لیے باہر گیا ہے۔

Translation: He has gone outside (out) for a little while.

Root Word: Hindi 'bāhar' + 'jānā'.

Synonyms: نکلنا, رخصت ہونا"
"اوپر جانا","Translations:
EN: to go up / to ascend / to rise / to go upstairs
AR: صَعِدَ / اِرْتَفَعَ / طَلَعَ الدَّرَج
FR: monter / s'élever / monter (étages)

Definition:
(EN) Simple compound verb meaning to move to a higher floor or to move towards the sky.

Example: لفٹ اوپر جا رہی ہے۔

Translation: The elevator is going up (ascending).

Root Word: Hindi 'oopar' + 'jānā'.

Synonyms: چڑھنا, بلند ہونا"
"نیچے آنا","Translations:
EN: to come down / to descend / to fall / to go downstairs
AR: نَزَلَ / هَبَطَ / سَقَطَ
FR: descendre / descendre (étages) / tomber

Definition:
(EN) Simple compound verb meaning to move from a high place to a lower place, or to arrive from a northern city to a southern one.

Example: پہاڑ سے نیچے آنا مشکل ہے۔

Translation: It is difficult to come down (descend) from the mountain.

Root Word: Hindi 'neeche' + 'ānā'.

Synonyms: اترنا, گرنا"
"آگے بڑھنا","Translations:
EN: to move forward / to advance / to progress / to step ahead
AR: تَقَدَّمَ / تَطَوَّرَ / خَطَا لِلأَمَام
FR: avancer / progresser / faire un pas en avant

Definition:
(EN) Simple compound verb meaning to walk towards the front, or figuratively to make progress in a career or a project.

Example: فوج دھیرے دھیرے آگے بڑھی۔

Translation: The army moved forward (advanced) slowly.

Root Word: Hindi 'āge' + 'baṛhnā'.

Synonyms: ترقی کرنا, قدم بڑھانا"
"پیچھے ہٹنا","Translations:
EN: to retreat / to withdraw / to back away / to step back
AR: تَرَاجَعَ / اِنْسَحَبَ / تَقَهْقَرَ
FR: reculer / se retirer / faire marche arrière / reculer d'un pas

Definition:
(EN) Simple compound verb meaning to move backwards away from a danger, or for an army to leave the battlefield to save its soldiers.

Example: وہ خطرے کو دیکھ کر پیچھے ہٹ گیا۔

Translation: Seeing the danger, he backed away (retreated).

Root Word: Hindi 'peeche' + 'haṭnā'.

Synonyms: پسپا ہونا, کنارہ کش ہونا"
"مڑنا","Translations:
EN: to turn / to bend / to twist / to curve
AR: اِنْعَطَفَ / اِلْتَفَتَ / اِلْتَوَى / اِنْحَنَى
FR: tourner / plier / tordre / courber

Definition:
(EN) Verb meaning to change direction while walking or driving, or to change the shape of an object like a wire or a page.

Example: اگلی گلی سے دائیں مڑ جائیں۔

Translation: Turn (move) right from the next street.

Root Word: Hindi 'muṛnā'.

Synonyms: گھومنا, بل کھانا"
"استقامت دکھانا","Translations:
EN: to show steadfastness / to be upright (formal) / to remain firm / to persevere
AR: ثَبَتَ / اِسْتَقَامَ / أَبْدَى الصُّمُود
FR: faire preuve de fermeté / être droit (formel) / rester ferme / persévérer

Definition:
(EN) High formal compound verb meaning to remain firm and unmoving in your decisions or your faith even during difficult times.

Example: اس نے ہر مشکل میں استقامت دکھائی۔

Translation: He showed steadfastness (remained firm) in every difficulty.

Root Word: Arabic 'istiqāmat' + Urdu 'dikhānā'.

Synonyms: ڈٹے رہنا, ثابت قدم رہنا"
"سرِ نیاز خم کرنا","Translations:
EN: to bow in devotion / to humble oneself (poetic) / to submit with love / to surrender
AR: طَأْطَأَ رَأْسَهُ تَوَاضُعًا / خَضَعَ بِحُبٍّ / اِسْتَسْلَمَ
FR: s'incliner avec dévotion / s'humilier (poétique) / se soumettre avec amour / se rendre

Definition:
(EN) High poetic compound verb meaning to lower the head as a sign of love, devotion, and total humility before God or a beloved.

Example: اس نے بارگاہِ حق میں سرِ نیاز خم کیا۔

Translation: He bowed in devotion (humbled himself) in the Presence of Truth (God).

Root Word: Persian 'sar' + 'niyāz' + 'kham' + Urdu 'karnā'.

Synonyms: جھکنا, سجدہ کرنا"
"دراز ہونا","Translations:
EN: to lie down / to stretch out (formal) / to grow long / to be prolonged
AR: اِضْطَجَعَ / تَمَدَّدَ / طَالَ
FR: s'allonger / s'étirer (formel) / s'allonger / se prolonger

Definition:
(EN) High formal and literary verb meaning to lie down on a bed or the ground, or for a shadow or a story to become longer.

Example: وہ تھکن کی وجہ سے بستر پر دراز ہو گیا۔

Translation: He stretched out (lay down) on the bed because of tiredness.

Root Word: Persian 'darāz' + Urdu 'honā'.

Synonyms: لیٹنا, لمبا ہونا"
"محوِ خواب ہونا","Translations:
EN: to be fast asleep / to be lost in sleep (poetic/formal) / to slumber / to dream
AR: اِسْتَغْرَقَ فِي النَّوْم / نَامَ بِعُمْق / هَجَعَ
FR: être profondément endormi / être perdu dans le sommeil (poétique) / sommeiller / rêver

Definition:
(EN) High formal and poetic compound verb describing a person who is completely unconscious and deeply resting in sleep.

Example: سارا شہر محوِ خواب تھا۔

Translation: The whole city was fast asleep (lost in sleep).

Root Word: Arabic 'mahu' + Persian 'khwāb' + Urdu 'honā'.

Synonyms: سونا, نیند میں ہونا"
"بیدار ہونا","Translations:
EN: to wake up / to be alert (formal) / to awaken / to realize
AR: اِسْتَيْقَظَ / صَحَا / تَنَبَّهَ / أَدْرَكَ
FR: se réveiller / être alerte (formel) / s'éveiller / se rendre compte

Definition:
(EN) Formal compound verb meaning to stop sleeping and open the eyes, or figuratively to become aware of a danger or a truth.

Example: وہ صبح سویرے بیدار ہوتا ہے۔

Translation: He wakes up (awakens) early in the morning.

Root Word: Persian 'beidār' + Urdu 'honā'.

Synonyms: جاگنا, ہوشیار ہونا"
"غسل کرنا","Translations:
EN: to bathe / to wash (formal) / to perform ritual washing / to shower
AR: اِغْتَسَلَ / اِسْتَحَمَّ / غَسَلَ الجَسَد
FR: se baigner / se laver (formel) / faire sa toilette rituelle / se doucher

Definition:
(EN) Compound verb meaning to wash the entire body with water, often used for daily hygiene or for religious purification before prayer.

Example: تندرستی کے لیے روزانہ غسل کرنا ضروری ہے۔

Translation: It is necessary to bathe (wash) daily for health.

Root Word: Arabic 'ghusl' + Urdu 'karnā'.

Synonyms: نہانا, پاک ہونا"
"وضو کرنا","Translations:
EN: to perform ablution (religious) / to wash before prayer / to purify
AR: تَوَضَّأَ / تَطَهَّرَ لِلصَّلَاة
FR: faire ses ablutions (religieux) / se laver avant la prière / se purifier

Definition:
(EN) Compound verb describing the specific Islamic ritual of washing the hands, face, arms, and feet before performing the daily prayers.

Example: نماز سے پہلے وضو کرنا شرط ہے۔

Translation: Performing ablution (washing before prayer) is a condition before prayer.

Root Word: Arabic 'wuzu' + Urdu 'karnā'.

Synonyms: طہارت حاصل کرنا"
"کپڑے بدلنا","Translations:
EN: to change clothes / to dress up / to switch outfits / to undress
AR: بَدَّلَ مَلَابِسَه / غَيَّرَ الثِّيَاب
FR: changer de vêtements / s'habiller / changer de tenue / se déshabiller

Definition:
(EN) Simple compound verb meaning to take off the clothes you are wearing and put on different ones, usually after a shower or before going out.

Example: مہمانوں کے آنے سے پہلے کپڑے بدل لیں۔

Translation: Change your clothes (outfit) before the guests arrive.

Root Word: Hindi 'kapṛe' + Arabic 'badalnā'.

Synonyms: لباس تبدیل کرنا"
"تیار ہونا","Translations:
EN: to be ready / to get ready / to be prepared / to be made
AR: اِسْتَعَدَّ / تَجَهَّزَ / تَهَيَّأَ / صُنِعَ
FR: être prêt / se préparer / être disposé / être fabriqué

Definition:
(EN) Compound verb meaning to finish all the necessary work to start something, or to put on nice clothes and makeup to go to an event.

Example: ہم سفر کے لیے تیار ہیں۔

Translation: We are ready (prepared) for the journey.

Root Word: Persian 'taiyār' + Urdu 'honā'.

Synonyms: آمادہ ہونا, لیس ہونا"
"سنگھار کرنا","Translations:
EN: to adorn / to make up / to decorate / to beautify oneself
AR: تَزَيَّنَ / تَبَرَّجَ / زَيَّنَ / جَمَّلَ
FR: s'adorner / se maquiller / décorer / s'embellir

Definition:
(EN) Verb phrase meaning to use makeup, jewelry, and fine clothes to make oneself look more beautiful, often used for women.

Example: دلہن نے بہت اچھا سنگھار کیا۔

Translation: The bride adorned (beautified) herself very well.

Root Word: Hindi 'singhār' + Urdu 'karnā'.

Synonyms: آرائش کرنا, بناؤ کرنا"
"خوشبو لگانا","Translations:
EN: to apply perfume / to wear scent / to fragrance / to scent
AR: تَعَطَّرَ / وَضَعَ العِطْر / طَيَّبَ
FR: se parfumer / mettre du parfum / embaumer / parfumer

Definition:
(EN) Compound verb meaning to put a sweet-smelling liquid (like Ittar or perfume) on the clothes or the body.

Example: جمعہ کے دن خوشبو لگانا سنت ہے۔

Translation: Applying perfume (wearing scent) on Friday is a Sunnah (tradition).

Root Word: Persian 'khushboo' + Urdu 'lagānā'.

Synonyms: عطر ملنا, مہکانا"
"آئینہ دیکھنا","Translations:
EN: to look in the mirror / to reflect / to check appearance / to face reality
AR: نَظَرَ فِي المِرْآة / تَأَمَّلَ / رَأَى وَجْهَه
FR: se regarder dans le miroir / réfléchir / vérifier son apparence / faire face à la réalité

Definition:
(EN) Compound verb meaning to see your own face in a glass surface to fix hair or clothes, or figuratively to think about your own character.

Example: وہ بار بار آئینہ دیکھتا ہے۔

Translation: He looks in the mirror (checks appearance) repeatedly.

Root Word: Persian 'āeena' + Urdu 'dekhnā'.

Synonyms: عکس دیکھنا"
"کنگھی کرنا","Translations:
EN: to comb hair / to groom / to tidy hair / to card (wool)
AR: مَشَّطَ شَعْرَه / رَجَّلَ الشَّعْر / نَدَفَ
FR: se peigner / se coiffer / ranger ses cheveux / carder (laine)

Definition:
(EN) Compound verb meaning to use a comb to make the hair straight and tidy.

Example: سکول جانے سے پہلے کنگھی کر لو۔

Translation: Comb your hair (groom) before going to school.

Root Word: Hindi 'kanghee' + Urdu 'karnā'.

Synonyms: بال سنوارنا"
"جوتے پہننا","Translations:
EN: to wear shoes / to put on shoes / to step into / to shod
AR: اِنْتَعَلَ / لَبِسَ الحِذَاء / نَعَلَ
FR: porter des chaussures / mettre ses chaussures / chausser / ferrer

Definition:
(EN) Compound verb meaning to put footwear on your feet to protect them while walking.

Example: باہر جانے کے لیے جوتے پہن لیں۔

Translation: Wear your shoes (put them on) to go outside.

Root Word: Hindi 'joote' + Persian 'pehnnā'.

Synonyms: پاپوش پہننا"
"موزے پہننا","Translations:
EN: to wear socks / to put on socks / to wear stockings / to cover feet
AR: لَبِسَ الجَوَارِب / اِنْتَعَلَ الخُفّ
FR: porter des chaussettes / mettre des chaussettes / porter des bas / couvrir les pieds

Definition:
(EN) Compound verb meaning to put cloth coverings on the feet before putting on shoes.

Example: سردی میں موٹے موزے پہننا ٹھیک رہتا ہے۔

Translation: It is good to wear thick socks (stockings) in the cold.

Root Word: Persian 'moze' + 'pehnnā'.

Synonyms: جرابیں پہننا"
"چشمہ لگانا","Translations:
EN: to wear glasses / to put on spectacles / to use eyewear / to look through
AR: لَبِسَ النَّظَّارَة / اِسْتَعْمَلَ العَدَسَات
FR: porter des lunettes / mettre des lunettes / utiliser des verres / regarder à travers

Definition:
(EN) Compound verb meaning to put glasses on the eyes to see better or to protect against the sun.

Example: اسے پڑھائی کے لیے چشمہ لگانا پڑتا ہے۔

Translation: He has to wear glasses (spectacles) for studying.

Root Word: Persian 'chashma' + Urdu 'lagānā'.

Synonyms: عینک لگانا"
"گھڑی باندھنا","Translations:
EN: to wear a watch / to put on a wristwatch / to keep time / to strap
AR: لَبِسَ السَّاعَة / رَبَطَ سَاعَة المِعْصَم
FR: porter une montre / mettre une montre-bracelet / garder le temps / sangler

Definition:
(EN) Compound verb meaning to tie or strap a watch to the wrist to check the time.

Example: وہ ہمیشہ ہاتھ پر گھڑی باندھتا ہے۔

Translation: He always wears a watch (wristwatch) on his hand.

Root Word: Hindi 'ghaṛee' + 'bāndhnā'.

Synonyms: وقت دیکھنا"
"ٹوپی پہننا","Translations:
EN: to wear a cap/hat / to put on a headcover / to be fooled (slang) / to tip
AR: لَبِسَ القُبَّعَة / اِعْتَمَرَ / خُدِعَ (عَامِيَّة)
FR: porter une casquette/chapeau / mettre un couvre-chef / être dupé (argot) / basculer

Definition:
(EN) Compound verb meaning to put a cap or hat on the head for style or protection, or slangly meaning to be tricked by someone.

Example: بزرگ ہمیشہ ٹوپی پہنتے ہیں۔

Translation: Elders always wear a cap (hat).

Root Word: Hindi 'ṭopee' + Persian 'pehnnā'.

Synonyms: کلاہ پہننا"
"تناول کرنا","Translations:
EN: to eat / to consume (formal) / to partake / to have a meal
AR: تَنَاوَلَ الطَّعَام / أَكَلَ / طَعِمَ
FR: consommer / manger (formel) / prendre un repas / s'alimenter

Definition:
(EN) High formal compound verb meaning to eat food or take a medicine, used in respectful conversations or official menus.

Example: بادشاہ سلامت نے کھانا تناول کیا۔

Translation: His Majesty the King ate (partook in) the meal.

Root Word: Arabic 'tanāwul' + Urdu 'karnā'.

Synonyms: کھانا, کھانا پینا"
"نوش کرنا","Translations:
EN: to drink / to consume (formal/poetic) / to sip / to swallow
AR: شَرِبَ / اِرْتَشَفَ / جَرَعَ
FR: boire / consommer (formel/poétique) / siroter / avaler

Definition:
(EN) High formal and poetic compound verb meaning to drink water, tea, or any beverage, often used for honored guests.

Example: تشریف رکھیں اور چائے نوش فرمائیں۔

Translation: Please be seated and drink (sip) some tea.

Root Word: Persian 'nosh' + Urdu 'karnā'.

Synonyms: پینا, گھونٹ بھرنا"
"چبانا","Translations:
EN: to chew / to masticate / to gnaw / to grind (teeth)
AR: مَضَغَ / لَاكَ / قَضَمَ
FR: mâcher / mastiquer / ronger / grincer (des dents)

Definition:
(EN) Verb meaning to use the teeth to break food into small pieces before swallowing it.

Example: کھانا اچھی طرح چبا کر کھانا چاہیے۔

Translation: Food should be eaten after chewing (masticating) it well.

Root Word: Hindi 'chabānā'.

Synonyms: کترنا, چبانا"
"نگلنا","Translations:
EN: to swallow / to gulp / to bolt / to absorb
AR: بَلَعَ / اِبْتَلَعَ / اِلْتَهَمَ
FR: avaler / déglutir / engoutir / absorber

Definition:
(EN) Verb meaning to make food or drink move from the mouth down the throat into the stomach.

Example: اس نے ایک ہی گھونٹ میں پانی نگل لیا۔

Translation: He swallowed (gulped) the water in a single breath.

Root Word: Hindi 'nigalnā'.

Synonyms: ہضم کرنا, پی جانا"
"چکھنا","Translations:
EN: to taste / to sample / to try / to experience
AR: ذَاقَ / تَذَوَّقَ / جَرَّبَ
FR: goûter / déguster / essayer / expérimenter

Definition:
(EN) Verb meaning to put a small amount of food or drink in the mouth to find out its flavor, or figuratively to experience something briefly.

Example: نمک چکھنے کے لیے تھوڑا سا سالن لیں۔

Translation: Take a little curry to taste (sample) the salt.

Root Word: Hindi 'chakhnā'.

Synonyms: چکھ لینا, چاشنی لینا"
"سونگھنا","Translations:
EN: to smell / to sniff / to scent / to detect an odor
AR: شَمَّ / اِسْتَنْشَقَ / اِسْتَنْكَهَ
FR: sentir / flairer / humer / détecter une odeur

Definition:
(EN) Verb meaning to use the nose to recognize a smell, or to pull air in through the nose to find out if something has a scent.

Example: کتا زمین سونگھ رہا ہے۔

Translation: The dog is smelling (sniffing) the ground.

Root Word: Hindi 'soonghnā'.

Synonyms: بومال کرنا, خوشبو لینا"
"چھونا","Translations:
EN: to touch / to feel / to handle / to reach
AR: لَمَسَ / مَسَّ / جَسَّ / طَالَ
FR: toucher / tâter / manipuler / atteindre

Definition:
(EN) Verb meaning to put your hand or fingers on something to feel it, or for two objects to be so close that there is no space between them.

Example: گرم استری کو مت چھونا۔

Translation: Do not touch (feel) the hot iron.

Root Word: Hindi 'choonā'.

Synonyms: لمس کرنا, ہاتھ لگانا"
"محسوس کرنا","Translations:
EN: to feel / to perceive / to sense / to realize
AR: أَحَسَّ / شَعَرَ / أَدْرَكَ / اِسْتَشْعَرَ
FR: sentir / percevoir / ressentir / se rendre compte

Definition:
(EN) Compound verb meaning to become aware of something through the senses (like heat or cold) or through emotions (like sadness or joy).

Example: میں آپ کا درد محسوس کر سکتا ہوں۔

Translation: I can feel (perceive) your pain.

Root Word: Arabic 'maḥsoos' + Urdu 'karnā'.

Synonyms: جاننا, شعور رکھنا"
"مشاہدہ کرنا","Translations:
EN: to observe / to witness / to watch closely / to study
AR: شَاهَدَ / رَاقَبَ / رَأَى / عَايَنَ
FR: observer / témoigner / surveiller de près / étudier

Definition:
(EN) Formal compound verb meaning to watch someone or something carefully to find out information or to witness an event happening.

Example: اس نے تجربے کا گہرا مشاہدہ کیا۔

Translation: He observed (witnessed) the experiment deeply.

Root Word: Arabic 'mushāhida' + Urdu 'karnā'.

Synonyms: دیکھنا, معائنہ کرنا"
"سماعت کرنا","Translations:
EN: to hear / to listen (formal/legal) / to give a hearing / to audit
AR: سَمِعَ / اِسْتَمَعَ / أَنْصَتَ / نَظَرَ فِي قَضِيَّة
FR: entendre / écouter (formel/juridique) / donner audience / auditer

Definition:
(EN) High formal and legal compound verb meaning to listen to something with attention, or for a judge to hear the details of a court case.

Example: جج صاحب کل اس مقدمے کی سماعت کریں گے۔

Translation: The judge will hear (give a hearing to) this case tomorrow.

Root Word: Arabic 'samāʿat' + Urdu 'karnā'.

Synonyms: سننا, توجہ دینا"
"تکلم کرنا","Translations:
EN: to speak / to converse (formal) / to discourse / to talk
AR: تَكَلَّمَ / نَطَقَ / حَادَثَ / خَاطَبَ
FR: parler / converser (formel) / discourir / s'entretenir

Definition:
(EN) High formal compound verb meaning to use words to express thoughts or to have a serious conversation with someone.

Example: ان سے بڑی شائستگی سے تکلم کریں۔

Translation: Speak (converse) with them very politely.

Root Word: Arabic 'takallum' + Urdu 'karnā'.

Synonyms: بولنا, بات کرنا"
"خاموش رہنا","Translations:
EN: to remain silent / to keep quiet / to be mum / to refrain from speaking
AR: صَمَتَ / لَزِمَ السُّكُوت / هَدَأَ
FR: rester silencieux / se taire / garder le silence / s'abstenir de parler

Definition:
(EN) Compound verb meaning to not make any sound or to refuse to speak during a conversation.

Example: کبھی کبھی خاموش رہنا ہی بہتر ہوتا ہے۔

Translation: Sometimes it is better to remain silent (keep quiet).

Root Word: Persian 'khāmoosh' + Urdu 'rehnā'.

Synonyms: چپ رہنا, سکوت اختیار کرنا"
"چپ ہونا","Translations:
EN: to be quiet / to shut up / to fall silent / to be silenced
AR: سَكَتَ / خَرِسَ / كَفَّ عَنِ الكَلَام
FR: se taire / se fermer / tomber dans le silence / être réduit au silence

Definition:
(EN) Simple compound verb meaning to stop speaking suddenly, often because of a command or a shock.

Example: ماسٹر صاحب کو دیکھ کر بچے چپ ہو گئے۔

Translation: The children became quiet (fell silent) after seeing the teacher.

Root Word: Hindi 'chup' + Urdu 'honā'.

Synonyms: خاموش ہونا, بولنا بند کرنا"
"شور کرنا","Translations:
EN: to make noise / to shout / to clamor / to raise a hue and cry
AR: ضَجَّ / صَاحَ / أَحْدَثَ ضَوْضَاء / جَلَبَ
FR: faire du bruit / crier / clamer / faire un tollé

Definition:
(EN) Compound verb meaning to make loud and unpleasant sounds, or for a crowd to protest loudly about something.

Example: کلاس میں شور مت کرو۔

Translation: Do not make noise (shout) in the class.

Root Word: Persian 'shor' + Urdu 'karnā'.

Synonyms: غل مچانا, آواز بلند کرنا"
"آواز نکالنا","Translations:
EN: to produce sound / to speak out / to voice / to emit sound
AR: أَصْدَرَ صَوْتًا / نَطَقَ / لَفَظَ / أَخْرَجَ صَوْتًا
UR: آواز پیدا کرنا / بولنا / لب کشائی کرنا

Definition:
(EN) Compound verb meaning to use the vocal cords or an object to create a sound, or figuratively to express an opinion publicly.

Example: درد کی وجہ سے اس کے منہ سے آواز نہیں نکل رہی تھی۔

Translation: No sound was coming out of (being produced from) his mouth because of pain.

Root Word: Persian 'āwāz' + Urdu 'nikālnā'.

Synonyms: بولنا, پکارنا"
"دیدہ تر ہونا","Translations:
EN: to have wet eyes / to weep (poetic) / to be tearful / to cry
AR: بَكَى / اِدْمَوْعَنَتْ عَيْنَاه / نَاحَ قَلْبُه
FR: avoir les yeux mouillés / pleurer (poétique) / être larmoyant / pleurer

Definition:
(EN) High poetic compound verb describing a state where the eyes are full of tears because of deep sadness or love.

Example: غمِ جدائی میں دیدہ تر ہونا فطری بات ہے۔

Translation: It is natural to have wet eyes (weep) in the grief of separation.

Root Word: Persian 'deeda' + 'tar' + Urdu 'honā'.

Synonyms: رونا, آنسو بہانا"
"قہقہہ لگانا","Translations:
EN: to laugh out loud / to guffaw / to roar with laughter / to burst out laughing
AR: قَهْقَهَ / ضَحِكَ بِصَوْتٍ عَالٍ / أَغْرَبَ فِي الضَّحِك
FR: rire aux éclats / s'esclaffer / rugir de rire / éclater de rire

Definition:
(EN) Compound verb meaning to make a very loud and sudden sound of laughter, usually because of a very funny joke or a happy situation.

Example: اس کی بات سن کر سب نے قہقہہ لگایا۔

Translation: Everyone laughed out loud (guffawed) after hearing his talk.

Root Word: Arabic 'qahqaha' + Urdu 'lagānā'.

Synonyms: کھلکھلانا, ہنسنا"
"گل و گلزار ہونا","Translations:
EN: to bloom / to be happy / to be cheerful (metaphorical) / to flourish
AR: اِزْدَهَرَ / بَشَّ / تَهَلَّلَ وَجْهُه
FR: s'épanouir / être heureux / être joyeux (métaphorique) / prospérer

Definition:
(EN) High poetic compound verb meaning for a place to be full of flowers or for a person's heart and face to be full of happiness and light.

Example: بہار آتے ہی چمن گل و گلزار ہو گیا۔

Translation: The garden bloomed (flourished) as soon as spring arrived.

Root Word: Persian 'gul-o-gulzār' + Urdu 'honā'.

Synonyms: خوش ہونا, مسکرانا"
"برہم ہونا","Translations:
EN: to be annoyed / to be angry / to be disturbed (formal) / to be scattered
AR: اِسْتَاءَ / غَضِبَ / اِنْزَعَجَ / تَبَعْثَرَ
FR: être agacé / être en colère / être dérangé (formel) / être dispersé

Definition:
(EN) Formal compound verb meaning to feel displeasure or to have one's mood spoiled by someone's behavior, or for an arrangement to be ruined.

Example: وہ میری تاخیر پر برہم ہو گئے۔

Translation: He became annoyed (angry) at my delay.

Root Word: Persian 'barham' + Urdu 'honā'.

Synonyms: غصہ کرنا, خفا ہونا"
"پیار آنا","Translations:
EN: to feel love / to be overcome by affection / to feel endearment / to adore
AR: شَعَرَ بِالمَحَبَّة / اِسْتَمَالَ قَلْبَه / وَدَّ
FR: ressentir de l'amour / être submergé par l'affection / ressentir de l'attachement / adorer

Definition:
(EN) Simple compound verb meaning to suddenly feel a lot of love or kindness for someone, especially when seeing a child or a pet.

Example: بچے کی معصومیت دیکھ کر پیار آگیا۔

Translation: (I) felt love (affection) seeing the child's innocence.

Root Word: Hindi 'pyār' + 'ānā'.

Synonyms: محبت ہونا, لاڈ آنا"
"ہمدردی کرنا","Translations:
EN: to sympathize / to show compassion / to feel for someone / to condole
AR: تَعَاطَفَ / وَاسَى / أَظْهَرَ الشَّفَقَة
FR: sympathiser / montrer de la compassion / éprouver de la sympathie pour quelqu'un / présenter ses condoléances

Definition:
(EN) Compound verb meaning to show that you understand and care about another person's pain or problems.

Example: ہمیں غریبوں کے ساتھ ہمدردی کرنی چاہیے۔

Translation: We should sympathize (show compassion) with the poor.

Root Word: Persian 'ham' + 'dard' + Urdu 'karnā'.

Synonyms: دکھ بانٹنا, تعزیت کرنا"
"نفرت ہونا","Translations:
EN: to feel hatred / to be disgusted by / to loathe / to have an aversion
AR: شَعَرَ بِالكَرَاهِيَة / مَقَتَ / اِشْمَأَزَّ مِنْ
FR: ressentir de la haine / être dégoûté par / loather / avoir une aversion

Definition:
(EN) Compound verb meaning for a feeling of strong dislike or disgust to exist in the heart for a person or a behavior.

Example: اسے جھوٹ سے نفرت ہوتی ہے۔

Translation: He feels hatred (loathing) for lies.

Root Word: Arabic 'nafrat' + Urdu 'honā'.

Synonyms: بیزاری ہونا, گھن آنا"
"شک کرنا","Translations:
EN: to doubt / to suspect / to be skeptical / to question
AR: شَكَّ / اِرْتَابَ / اِتَّهَمَ / ظَنَّ
FR: douter / suspecter / être sceptique / questionner

Definition:
(EN) Compound verb meaning to not be sure if something is true, or to believe that someone might have done something wrong without having proof.

Example: کسی پر بلاوجہ شک کرنا گناہ ہے۔

Translation: Doubting (suspecting) anyone without reason is a sin.

Root Word: Arabic 'shak' + Urdu 'karnā'.

Synonyms: شبہ کرنا, وسوسہ آنا"
"یقین کرنا","Translations:
EN: to believe / to trust / to be certain / to have faith
AR: صَدَّقَ / آمَنَ / وَثِقَ بـ / تَأَكَّدَ
FR: croire / faire confiance / être certain / avoir la foi

Definition:
(EN) Compound verb meaning to accept something as true or to have full confidence in a person's words or character.

Example: میں آپ کی بات پر یقین کرتا ہوں۔

Translation: I believe (trust) your word.

Root Word: Arabic 'yaqeen' + Urdu 'karnā'.

Synonyms: اعتبار کرنا, ماننا"
"امید رکھنا","Translations:
EN: to hope / to expect / to have expectations / to look forward to
AR: أَمَلَ / رَجَا / تَوَقَّعَ / اِنْتَظَرَ بِشَوْق
FR: espérer / s'attendre à / avoir des attentes / avoir hâte de

Definition:
(EN) Compound verb meaning to want something to happen and believe that it is possible, or to expect a certain behavior from someone.

Example: ہمیشہ اللہ سے اچھی امید رکھنی چاہیے۔

Translation: One should always have good hope (expectations) from Allah.

Root Word: Persian 'umeed' + Urdu 'rakhnā'.

Synonyms: آس لگانا, توقع رکھنا"
"مایوس ہونا","Translations:
EN: to be disappointed / to be hopeless / to lose heart / to despair
AR: يَئِسَ / قَنَطَ / خَابَ أَمَلُه / اِسْتَسْلَمَ لِلْحُزْن
FR: être déçu / être sans espoir / perdre cœur / désespérer

Definition:
(EN) Compound verb meaning to lose all hope or to feel sad because something you wanted did not happen.

Example: وہ اپنی ناکامی سے مایوس ہو گیا۔

Translation: He became disappointed (hopeless) by his failure.

Root Word: Arabic 'māyoos' + Urdu 'honā'.

Synonyms: ناامید ہونا, دل چھوٹا کرنا"
"پچھتانا","Translations:
EN: to regret / to repent / to rue / to be remorseful
AR: نَدِمَ / أَسِفَ / تَحَسَّرَ / لَامَ نَفْسَه
FR: regretter / se repentir / se repentir / être plein de remords

Definition:
(EN) Verb meaning to feel sad and wish that you had not done something in the past, or that you had done something differently.

Example: اب پچھتانے سے کیا ہوگا؟

Translation: What will happen by regretting (repenting) now?

Root Word: Hindi 'pachhtānā'.

Synonyms: توبہ کرنا, افسوس کرنا"
"تڑپنا","Translations:
EN: to throb / to writhe / to long for / to be restless (pain/love)
AR: تَخَبَّطَ / اِلْتَوَى / اِشْتَاقَ بِشِدَّة / اِضْطَرَبَ
FR: palpiter / se tordre / languir après / être agité (douleur/amour)

Definition:
(EN) Verb meaning to move the body violently because of intense pain, or figuratively to feel an extreme longing and restlessness to see a beloved.

Example: وہ درد سے تڑپ رہا تھا۔

Translation: He was writhing (throbbing) in pain.

Root Word: Hindi 'taṛapnā'.

Synonyms: بے چین ہونا, کڑھنا"
"گھبرانا","Translations:
EN: to be nervous / to be worried / to feel uneasy / to be flustered
AR: قَلِقَ / اِضْطَرَبَ / اِرْتَبَکَ / فَزِعَ
FR: être nerveux / être inquiet / se sentir mal à l'aise / être troublé

Definition:
(EN) Verb meaning to feel a sudden anxiety or fear, often resulting in not knowing what to do or say in a difficult situation.

Example: امتحان کا نام سن کر وہ گھبرا گیا۔

Translation: He became nervous (worried) after hearing the name of the exam.

Root Word: Hindi 'ghabrānā'.

Synonyms: ڈرنا, پریشان ہونا"
"سکون پانا","Translations:
EN: to find peace / to be comforted / to feel at ease / to be soothed
AR: اِطْمَأَنَّ / اِسْتَرَاحَ / هَدَأَ بَالُه / سَكَنَ
FR: trouver la paix / être réconforté / se sentir à l'aise / être apaisé

Definition:
(EN) Compound verb meaning to reach a state of mental and emotional calmness after a period of stress, pain, or noise.

Example: دعا کے بعد میرے دل نے سکون پایا۔

Translation: My heart found peace (was comforted) after the prayer.

Root Word: Arabic 'sukoon' + Urdu 'pānā'.

Synonyms: چین ملنا, اطمینان ہونا"
"غور و خوض کرنا","Translations:
EN: to deliberate / to ponder deeply / to contemplate / to reflect
AR: تَدَبَّرَ / تَفَكَّرَ مَلِيًّا / أَمْعَنَ النَّظَر / تَرَوَّى
FR: délibérer / pondérer profondément / contempler / réfléchir

Definition:
(EN) High formal compound verb meaning to think very seriously and carefully about something for a long time before making a decision.

Example: اس معاملے پر کافی غور و خوض کیا گیا ہے۔

Translation: Much deliberation (deep pondering) has been done on this matter.

Root Word: Arabic 'ghaur' + 'khauz' + Urdu 'karnā'.

Synonyms: سوچ بچار کرنا, تدبر کرنا"
"ادراک حاصل کرنا","Translations:
EN: to gain perception / to understand / to realize / to perceive
AR: أَدْرَكَ / فَهِمَ بَصِيرَةً / اِسْتَوْعَبَ / عَقَلَ
FR: acquérir la perception / comprendre / se rendre compte / percevoir

Definition:
(EN) High formal and philosophical compound verb meaning to reach a deep understanding of a truth or to recognize something with the mind.

Example: حقیقت کا ادراک حاصل کرنا ہر کسی کے بس کی بات نہیں۔

Translation: Gaining perception (understanding) of reality is not everyone's cup of tea.

Root Word: Arabic 'idrāk' + Urdu 'hāṣil karnā'.

Synonyms: سمجھنا, جاننا"
"ورد کرنا","Translations:
EN: to recite / to repeat / to keep in memory / to chant
AR: رَدَّدَ / تَلَا ذِكْرًا / أَوْرَدَ
FR: réciter / répéter / garder en mémoire / chanter

Definition:
(EN) Compound verb describing the repetitive recitation of holy words, prayers, or a name, often for spiritual benefit or to remember it perfectly.

Example: وہ دن بھر تسبیح کا ورد کرتا ہے۔

Translation: He recites (chants) the beads all day long.

Root Word: Arabic 'wird' + Urdu 'karnā'.

Synonyms: دہرانا, ذکر کرنا"
"فراموش کرنا","Translations:
EN: to forget / to neglect / to overlook / to omit
AR: نَسِيَ / غَفَلَ عَنْ / أَهْمَلَ / تَنَاسَى
FR: oublier / négliger / omettre / passer outre

Definition:
(EN) Formal compound verb meaning to fail to remember something, or intentionally choosing to ignore a person or a promise.

Example: میں آپ کا احسان کبھی فراموش نہیں کروں گا۔

Translation: I will never forget (neglect) your favor.

Root Word: Persian 'farāmoosh' + Urdu 'karnā'.

Synonyms: بھولنا, نظر انداز کرنا"
"آگہی حاصل کرنا","Translations:
EN: to gain awareness / to know / to be informed / to acquire knowledge
AR: اِطَّلَعَ عَلَى / عَلِمَ / تَعَرَّفَ / دَرَى
FR: prendre conscience / savoir / être informé / acquérir des connaissances

Definition:
(EN) Formal compound verb meaning to find out information about a situation or to become educated about a specific topic.

Example: ہمیں جدید ٹیکنالوجی سے آگہی حاصل کرنی چاہیے۔

Translation: We should gain awareness (knowledge) of modern technology.

Root Word: Persian 'āgahee' + Urdu 'hāṣil karnā'.

Synonyms: خبردار ہونا, معلومات حاصل کرنا"
"استفسار کرنا","Translations:
EN: to inquire / to ask (formal) / to query / to seek clarification
AR: اِسْتَفْسَرَ / اِسْتَعْلَمَ / سَأَلَ بِرَسْمِيَّة
FR: s'enquérir / demander (formel) / interroger / demander des éclaircissements

Definition:
(EN) High formal compound verb meaning to ask a question to get specific information or to clarify a doubt, often used in official letters.

Example: میں نے اس کی صحت کے بارے میں استفسار کیا۔

Translation: I inquired (asked) about his health.

Root Word: Arabic 'istifsār' + Urdu 'karnā'.

Synonyms: پوچھنا, سوال کرنا"
"ارشاد فرمانا","Translations:
EN: to state / to command (respectful/formal) / to say / to direct
AR: قَالَ (بِاحْتِرَام) / أَمَرَ / وَجَّهَ / نَطَقَ
FR: déclarer / ordonner (respectueux/formel) / dire / diriger

Definition:
(EN) Respectful compound verb used when a person of high status (like a teacher, elder, or ruler) says something or gives a command.

Example: آپ نے کیا ارشاد فرمایا؟

Translation: What did you state (say)?

Root Word: Arabic 'irshād' + Urdu 'farmānā'.

Synonyms: کہنا, بتانا"
"عرض کرنا","Translations:
EN: to request / to state humbly (formal) / to present / to submit
AR: رَجَا / قَدَّمَ طَلَبًا / عَرَضَ بِتَوَاضُع
FR: demander / déclarer humblement (formel) / présenter / soumettre

Definition:
(EN) Formal and humble compound verb used when speaking to someone of higher status to express a wish, an opinion, or a request.

Example: میں کچھ عرض کرنا چاہتا ہوں۔

Translation: I want to request (state) something humbly.

Root Word: Arabic 'arz' + Urdu 'karnā'.

Synonyms: التجا کرنا, گزارش کرنا"
"طلب کرنا","Translations:
EN: to demand / to seek / to ask for (formal) / to summon
AR: طَلَبَ / نَاشَدَ / اِسْتَدْعَى / اِبْتَغَى
FR: exiger / chercher / demander (formel) / convoquer

Definition:
(EN) Compound verb meaning to ask for something officially or strongly, or for an authority to call someone to appear before them.

Example: عدالت نے اسے طلب کیا ہے۔

Translation: The court has summoned (demanded his presence) him.

Root Word: Arabic 'talab' + Urdu 'karnā'.

Synonyms: مانگنا, بلانا"
"عطا کرنا","Translations:
EN: to bestow / to grant / to give (formal/divine) / to award
AR: أَعْطَى / مَنَحَ / وَهَبَ / جَادَ بِـ
FR: accorder / octroyer / donner (formel/divin) / décerner

Definition:
(EN) High formal and religious compound verb meaning to give something as a gift or a blessing, often used for God or a generous ruler.

Example: اللہ نے اسے بڑی نعمتیں عطا فرمائی ہیں۔

Translation: Allah has bestowed (granted) great blessings upon him.

Root Word: Arabic 'aṭā' + Urdu 'karnā'.

Synonyms: دینا, بخشنا"
"وصول کرنا","Translations:
EN: to receive / to collect / to take (formal) / to obtain
AR: اِسْتَلَمَ / قَبَضَ / نَالَ / حَصَلَ عَلَى
FR: recevoir / collecter / prendre (formel) / obtenir

Definition:
(EN) Compound verb meaning to get something that was sent or given to you, like a letter, money, or an award.

Example: میں نے آپ کا خط وصول کر لیا ہے۔

Translation: I have received (taken) your letter.

Root Word: Arabic 'wasool' + Urdu 'karnā'.

Synonyms: لینا, پانا"
"پیش کرنا","Translations:
EN: to present / to bring (formal) / to introduce / to offer
AR: قَدَّمَ / عَرَضَ / طَرَحَ / أَبْدَى
FR: présenter / apporter (formel) / introduire / offrir

Definition:
(EN) Compound verb meaning to show or give something to someone formally, like a gift, a report, or an idea.

Example: انہوں نے اپنا نظریہ پیش کیا۔

Translation: They presented (introduced) their theory.

Root Word: Persian 'pesh' + Urdu 'karnā'.

Synonyms: دکھانا, لانا"
"منتقل کرنا","Translations:
EN: to transfer / to carry away / to move (formal) / to shift
AR: نَقَلَ / حَوَّلَ / رَحَّلَ / أَبْعَدَ
FR: transférer / emmener / déplacer (formel) / changer

Definition:
(EN) Compound verb meaning to move a person, an object, or money from one place or person to another.

Example: فائل کو دوسرے فولڈر میں منتقل کریں۔

Translation: Transfer (move) the file to another folder.

Root Word: Arabic 'muntaqil' + Urdu 'karnā'.

Synonyms: لے جانا, بدلنا"
"بجا لانا","Translations:
EN: to carry out / to perform / to keep (an order) / to fulfill
AR: نَفَّذَ / أَدَّى / أَنْجَزَ / تَمَّمَ
FR: exécuter / accomplir / respecter (un ordre) / remplir

Definition:
(EN) Formal compound verb meaning to follow a command or to complete a duty exactly as required.

Example: اس نے افسر کا حکم بجا لایا۔

Translation: He carried out (performed) the officer's command.

Root Word: Persian 'bajā' + Urdu 'lānā'.

Synonyms: پورا کرنا, تعمیل کرنا"
"تحمل کرنا","Translations:
EN: to bear / to tolerate / to lift (emotionally/physically formal) / to endure
AR: تَحَمَّلَ / صَبَرَ عَلَى / طَاقَ / کَابَدَ
FR: porter / tolérer / lever (émotionnellement/physiquement formel) / endurer

Definition:
(EN) High formal compound verb meaning to suffer through pain or a difficult person with patience, or to carry a heavy responsibility.

Example: اس نے بہت سی مشکلات کا تحمل کیا۔

Translation: He bore (endured) many difficulties.

Root Word: Arabic 'taḥammul' + Urdu 'karnā'.

Synonyms: برداشت کرنا, جھیلنا"
"شمار کرنا","Translations:
EN: to count / to number / to reckon (formal) / to calculate
AR: عَدَّ / حَصَى / اِعْتَبَرَ / اِحْتَسَبَ
FR: compter / numéroter / estimer (formel) / calculer

Definition:
(EN) Formal compound verb meaning to find the total number of people or objects, or to include someone in a list of important or lucky people.

Example: اسے دنیا کے بہترین کھلاڑیوں میں شمار کیا جاتا ہے۔

Translation: He is counted (reckoned) among the best players in the world.

Root Word: Arabic 'shumār' + Urdu 'karnā'.

Synonyms: گننا, حساب لگانا"
"ناپنا","Translations:
EN: to measure (length/area) / to gauge / to survey / to scale
AR: قَاسَ / كَالَ / مَسَحَ الأَرْض
FR: mesurer (longueur/surface) / jauger / arpenter / mettre à l'échelle

Definition:
(EN) Verb meaning to find the size, length, or amount of something using a tool like a ruler or a tape measure.

Example: درزی نے کپڑے کو ناپا۔

Translation: The tailor measured (gauged) the cloth.

Root Word: Hindi 'nāpnā'.

Synonyms: پیمائش کرنا, کٹنا"
"تولنا","Translations:
EN: to weigh / to balance / to evaluate / to consider before speaking
AR: وَزَنَ / رَجَحَ / قَيَّمَ / تَدَبَّرَ
FR: peser / équilibrer / évaluer / réfléchir avant de parler

Definition:
(EN) Verb meaning to find out how heavy something is by using a scale, or figuratively to think carefully about the value of words before saying them.

Example: پہلے تولو پھر بولو۔

Translation: First weigh (consider your words), then speak.

Root Word: Hindi 'taulnā'.

Synonyms: وزن کرنا, جانچنا"
"حساب کرنا","Translations:
EN: to calculate / to account for / to audit / to settle a bill
AR: حَسَبَ / نَاقَشَ الحِسَاب / دَقَّقَ / سَدَّدَ الفَاتُورَة
FR: calculer / rendre compte de / auditer / régler une facture

Definition:
(EN) Compound verb meaning to use math to find a result, or to check the money spent and received in a business, or to pay what you owe at a restaurant or shop.

Example: دکاندار نے سارا حساب کیا۔

Translation: The shopkeeper did all the calculation (accounting).

Root Word: Arabic 'ḥisāb' + Urdu 'karnā'.

Synonyms: گنتی کرنا, بے باقی کرنا"
"تحریر کرنا","Translations:
EN: to write / to compose (formal) / to record / to draft
AR: كَتَبَ / دَوَّنَ / حَرَّرَ / صَاغَ
FR: écrire / composer (formel) / enregistrer / rédiger

Definition:
(EN) Formal compound verb meaning to put words on paper or a screen, often used for official letters, stories, or important documents.

Example: اس نے اپنی یادداشتیں تحریر کیں۔

Translation: He wrote (composed) his memoirs.

Root Word: Arabic 'taḥreer' + Urdu 'karnā'.

Synonyms: لکھنا, قلمبند کرنا"
"مطالعہ کرنا","Translations:
EN: to study / to read (formal) / to examine / to scan
AR: طَالَعَ / دَرَسَ / بَحَثَ / عَرَضَ
FR: étudier / lire (formel) / examiner / scanner

Definition:
(EN) Formal compound verb meaning to read a book or a document with the intention of learning and understanding it deeply.

Example: وہ روزانہ اخبار کا مطالعہ کرتا ہے۔

Translation: He studies (reads) the newspaper daily.

Root Word: Arabic 'muṭālaʿa' + Urdu 'karnā'.

Synonyms: پڑھنا, غور کرنا"
"اکتساب کرنا","Translations:
EN: to acquire / to learn (formal/intellectual) / to earn / to gain
AR: اِكْتَسَبَ / تَعَلَّمَ / نَالَ / حَصَلَ عَلَى
FR: acquérir / apprendre (formel/intellectuel) / gagner / obtenir

Definition:
(EN) High formal and intellectual compound verb meaning to get a skill, knowledge, or a quality through hard work and experience.

Example: فن سیکھنے کے لیے تجربہ اکتساب کرنا پڑتا ہے۔

Translation: To learn an art, one has to acquire (gain) experience.

Root Word: Arabic 'iktisāb' + Urdu 'karnā'.

Synonyms: حاصل کرنا, سیکھنا"
"تلقین کرنا","Translations:
EN: to instruct / to exhort / to teach (moral/religious) / to advise
AR: لَقَّنَ / وَعَظَ / أَرْشَدَ / حَثَّ
FR: instruire / exhorter / enseigner (moral/religieux) / conseiller

Definition:
(EN) Compound verb meaning to repeatedly advise someone about good behavior or religious duties so that they remember and follow them.

Example: اسلام میں سچ بولنے کی تلقین کی گئی ہے۔

Translation: In Islam, telling the truth has been exhorted (instructed).

Root Word: Arabic 'talqeen' + Urdu 'karnā'.

Synonyms: سمجھانا, ہدایت دینا"
"انجام دینا","Translations:
EN: to perform / to execute / to carry out (formal) / to accomplish
AR: أَدَّى / أَنْجَزَ / تَمَّمَ / قَامَ بِـ
FR: accomplir / exécuter / mener à bien (formel) / réaliser

Definition:
(EN) Formal compound verb meaning to finish a task, a job, or a duty successfully.

Example: اس نے اپنی ذمہ داری بخوبی انجام دی۔

Translation: He performed (carried out) his responsibility very well.

Root Word: Persian 'anjām' + Urdu 'denā'.

Synonyms: پورا کرنا, کام کرنا"
"معاونت کرنا","Translations:
EN: to assist / to cooperate / to help (formal) / to aid
AR: سَاعَدَ / عَاوَنَ / آزَرَ / دَعَمَ
FR: assister / coopérer / aider (formel) / secourir

Definition:
(EN) Formal compound verb meaning to work together with someone or to give them help to finish a project or solve a problem.

Example: اس ادارے نے ہماری بھرپور معاونت کی۔

Translation: This institution assisted (helped) us fully.

Root Word: Arabic 'muʿāwanat' + Urdu 'karnā'.

Synonyms: مدد کرنا, ساتھ دینا"
"سعی کرنا","Translations:
EN: to strive / to endeavor (formal/religious) / to struggle / to run
AR: سَعَى / جَاهَدَ / كَدَحَ / هَرْوَلَ
FR: s'efforcer / s'efforcer (formel/religieux) / lutter / courir

Definition:
(EN) Formal and religious compound verb meaning to make a sincere and hard effort to achieve a good goal or to please God.

Example: ہمیں رزقِ حلال کے لیے سعی کرنی چاہیے۔

Translation: We should strive (endeavor) for lawful sustenance.

Root Word: Arabic 'saʿee' + Urdu 'karnā'.

Synonyms: کوشش کرنا, تگ و دو کرنا"
"حیات پانا","Translations:
EN: to have life / to live (formal) / to exist / to survive
AR: عَاشَ / بَقِيَ حَيًّا / وُجِدَ
FR: avoir la vie / vivre (formel) / exister / survivre

Definition:
(EN) High formal compound verb meaning to be alive or to exist in this world, often used in biological or philosophical texts.

Example: کائنات میں زندگی کیسے حیات پاتی ہے؟

Translation: How does life exist (live) in the universe?

Root Word: Arabic 'ḥayāt' + Urdu 'pānā'.

Synonyms: جینا, زندہ رہنا"
"وفات پانا","Translations:
EN: to pass away / to die (formal/respectful) / to expire / to leave this world
AR: تُوُفِّيَ / فَارَقَ الحَيَاة / اِنْتَقَلَ إِلَى رَحْمَةِ الله
FR: s'éteindre / mourir (formel/respectueux) / expirer / quitter ce monde

Definition:
(EN) Respectful and formal compound verb used to say that a person has died, used in obituaries or news.

Example: وہ گذشتہ رات وفات پا گئے۔

Translation: He passed away (died) last night.

Root Word: Arabic 'wafāt' + Urdu 'pānā'.

Synonyms: انتقال کرنا, مرنا"
"تولد ہونا","Translations:
EN: to be born (formal) / to arise / to come into being
AR: وُلِدَ / نَشَأَ / ظَهَرَ لِلْوُجُود
FR: naître (formel) / surgir / venir au monde

Definition:
(EN) High formal and literary verb describing the birth of a person, especially used for historic figures or in poetry.

Example: اقبال سیالکوٹ میں تولد ہوئے۔

Translation: Iqbal was born (came into being) in Sialkot.

Root Word: Arabic 'tawallud' + Urdu 'honā'.

Synonyms: پیدا ہونا, ولادت ہونا"
"رحلت فرما جانا","Translations:
EN: to depart from this world / to die (very respectful) / to journey to the hereafter
AR: اِرْتَحَلَ / فَارَقَ الدُّنْيَا / اِنْتَقَلَ إِلَى الدَّارِ الآخِرَة
FR: quitter ce monde / mourir (très respectueux) / voyager vers l'au-delà

Definition:
(EN) Very high formal and respectful compound verb meaning to die, using the metaphor of taking a journey from this world to the next.

Example: بزرگ صوفی رحلت فرما گئے۔

Translation: The elder Sufi departed from this world (passed away).

Root Word: Arabic 'riḥlat' + Urdu 'farmā jānā'.

Synonyms: مر جانا, فوت ہونا"
"انبساط حاصل ہونا","Translations:
EN: to feel joy / to be delighted / to experience expansion (of heart) / to be glad
AR: اِبْتَهَجَ / اِنْشَرَحَ صَدْرُه / سُرَّ / تَهَلَّلَ
FR: ressentir de la joie / être ravi / éprouver de l'expansion (du cœur) / être content

Definition:
(EN) High formal and literary compound verb describing a state of deep happiness and spiritual delight that makes the heart feel open and expanded.

Example: ان کی کامیابی کی خبر سن کر ہمیں دلی انبساط حاصل ہوا۔

Translation: We felt deep joy (delight) after hearing the news of their success.

Root Word: Arabic 'inbisāṭ' + Urdu 'hāṣil honā'.

Synonyms: خوش ہونا, مسرور ہونا"
"رنجیدہ ہونا","Translations:
EN: to be sad / to be aggrieved / to feel sorrowful / to be hurt (feelings)
AR: حَزِنَ / اِغْتَمَّ / تَأَلَّمَ نَفْسِيًّا / اِسْتَاءَ
FR: être triste / être affligé / se sentir chagriné / être blessé (sentiments)

Definition:
(EN) Formal compound verb meaning to feel sorrow or grief because of a loss, a disappointment, or someone's harsh words.

Example: وہ اپنے دوست کے رویے سے کافی رنجیدہ تھا۔

Translation: He was quite sad (aggrieved) by his friend's behavior.

Root Word: Persian 'ranjeeda' + Urdu 'honā'.

Synonyms: غمگین ہونا, افسردہ ہونا"
"متعجب ہونا","Translations:
EN: to be surprised / to be astonished / to wonder / to be amazed
AR: تَعَجَّبَ / اِنْدَهَشَ / اِسْتَغْرَبَ / بَهُتَ
FR: être surpris / être étonné / s'émerveiller / être stupéfait

Definition:
(EN) Formal compound verb meaning to feel surprise or amazement when seeing or hearing something unexpected or extraordinary.

Example: لوگ اس کی ذہانت دیکھ کر متعجب ہوئے۔

Translation: People were surprised (astonished) seeing his intelligence.

Root Word: Arabic 'mutaʿajjib' + Urdu 'honā'.

Synonyms: حیران ہونا, دنگ رہ جانا"
"خوفزدہ ہونا","Translations:
EN: to be terrified / to be scared / to be struck by fear / to be frightened
AR: خَافَ / ذُعِرَ / اِرْتَعَبَ / هَابَ
FR: être terrifié / avoir peur / être frappé par la peur / être effrayé

Definition:
(EN) Formal compound verb describing a state of being full of fear because of a real danger or a frightening thought.

Example: وہ اندھیرے سے خوفزدہ ہو جاتا ہے۔

Translation: He becomes terrified (scared) of the dark.

Root Word: Persian 'khauf-zada' + Urdu 'honā'.

Synonyms: ڈرنا, ہراساں ہونا"
"ہمت کرنا","Translations:
EN: to have courage / to dare / to venture / to nerve oneself
AR: تَشَجَّعَ / جَرُؤَ / اِسْتَجْمَعَ قُوَاه / أَقْدَمَ
FR: avoir du courage / oser / s'aventurer / s'armer de courage

Definition:
(EN) Compound verb meaning to gather your strength and bravery to do something difficult, dangerous, or painful.

Example: اس نے سچ بولنے کی ہمت کی۔

Translation: He had the courage (dared) to tell the truth.

Root Word: Arabic 'himmat' + Urdu 'karnā'.

Synonyms: حوصلہ کرنا, جرات دکھانا"
"شرمانا","Translations:
EN: to feel shy / to blush / to be modest / to feel ashamed
AR: خَجِلَ / اِسْتَحْيَا / اِحْمَرَّ وَجْهُه / خَزِيَ
FR: avoir honte / rougir / être modeste / se sentir honteux

Definition:
(EN) Verb meaning to feel nervous or embarrassed in the presence of others, or to feel regret because of a mistake.

Example: بچہ اجنبیوں کو دیکھ کر شرما گیا۔

Translation: The child felt shy (blushed) after seeing the strangers.

Root Word: Persian 'sharm' + Urdu 'ānā'.

Synonyms: حیا کرنا, لجانا"
"ناز کرنا","Translations:
EN: to be proud / to boast / to take pride (poetic/formal) / to coquet
AR: اِفْتَخَرَ / تَبَاهَى / تَدَلَّلَ / اِعْتَزَّ
FR: être fier / se vanter / tirer fierté (poétique/formel) / coquetter

Definition:
(EN) High poetic and formal compound verb meaning to feel a graceful pride in one's beauty, character, or relationship, or to behave with a loving playfulness.

Example: ہمیں اپنے شہیدوں پر ناز ہے۔

Translation: We are proud (take pride) of our martyrs.

Root Word: Persian 'nāz' + Urdu 'karnā'.

Synonyms: فخر کرنا, اترانا"
"شکریہ ادا کرنا","Translations:
EN: to thank / to express gratitude / to acknowledge / to be thankful
AR: شَكَرَ / أَعْرَبَ عَنِ اِمْتِنَانِه / حَمِدَ
FR: remercier / exprimer sa gratitude / reconnaître / être reconnaissant

Definition:
(EN) Compound verb meaning to use words to tell someone that you are grateful for their help or a gift.

Example: میں آپ کی مدد کا شکریہ ادا کرتا ہوں۔

Translation: I thank you (express gratitude) for your help.

Root Word: Arabic 'shukriya' + 'adā' + Urdu 'karnā'.

Synonyms: سپاس گزار ہونا, ممنون ہونا"
"معذرت کرنا","Translations:
EN: to apologize (formal) / to excuse oneself / to seek forgiveness / to regret
AR: اِعْتَذَرَ / اِسْتَسْمَحَ / نَدِمَ
FR: s'excuser (formel) / s'excuser / demander pardon / regretter

Definition:
(EN) Formal compound verb meaning to say sorry for a mistake or for not being able to attend an event.

Example: میں کل نہ آنے پر معذرت کرتا ہوں۔

Translation: I apologize (excuse myself) for not coming yesterday.

Root Word: Arabic 'maʿzirat' + Urdu 'karnā'.

Synonyms: معافی مانگنا, عذر پیش کرنا"
"عہد کرنا","Translations:
EN: to pledge / to vow / to promise (formal) / to resolve
AR: عَاهَدَ / وَعَدَ رَسْمِيًّا / اِلْتَزَمَ / نَذَرَ
FR: s'engager / vouer / promettre (formel) / se résoudre

Definition:
(EN) Formal compound verb meaning to make a strong and solemn promise to do something, or for a nation to make a treaty.

Example: ہم نے ملک کی خدمت کا عہد کیا ہے۔

Translation: We have pledged (vowed) to serve the country.

Root Word: Arabic 'ʿahd' + Urdu 'karnā'.

Synonyms: وعدہ کرنا, قسم کھانا"
"فریب دینا","Translations:
EN: to deceive / to cheat (formal/literary) / to trick / to delude
AR: خَدَعَ / غَشَّ / دَلَّسَ / غَرَّ
FR: tromper / tricher (formel/littéraire) / ruser / duper

Definition:
(EN) Formal and literary compound verb meaning to make someone believe something that is not true to gain an advantage or to hurt them.

Example: اس نے معصوم لوگوں کو فریب دیا۔

Translation: He deceived (tricked) innocent people.

Root Word: Persian 'fareb' + Urdu 'denā'.

Synonyms: دھوکہ دینا, جل دینا"
"بدلہ لینا","Translations:
EN: to take revenge / to retaliate / to avenge / to compensate
AR: اِنْتَقَمَ / ثَأَرَ / جَازَى / عَوَّضَ
FR: se venger / user de représailles / venger / compenser

Definition:
(EN) Compound verb meaning to hurt someone because they hurt you first, or to balance a wrong by doing a similar action.

Example: وہ اپنا بدلہ لے کر رہے گا۔

Translation: He will certainly take his revenge (retaliate).

Root Word: Hindi 'badla' + Urdu 'lenā'.

Synonyms: انتقام لینا, عوض لینا"
"حتمی فیصلہ کرنا","Translations:
EN: to make a final decision / to conclude / to resolve finally / to settle
AR: قَرَّرَ نِهَائِيًّا / حَسَمَ الأَمْر / أَبْرَمَ
FR: prendre une décision finale / conclure / résoudre définitivement / trancher

Definition:
(EN) Compound verb meaning to reach the last and absolute choice in a matter, after which no more changes or discussions are allowed.

Example: کمیٹی نے حتمی فیصلہ کر لیا ہے۔

Translation: The committee has made a final decision (concluded the matter).

Root Word: Arabic 'ḥatmee' + 'faisla' + Urdu 'karnā'.

Synonyms: طے کرنا, نپٹانا"
"کوشش جاری رکھنا","Translations:
EN: to continue trying / to persist / to keep struggling / to carry on
AR: اِسْتَمَرَّ فِي المُحَاوَلَة / ثَابَرَ / دَاوَمَ عَلَى الكِفَاح
FR: continuer à essayer / persister / continuer à lutter / poursuivre

Definition:
(EN) Compound verb phrase meaning to not give up and keep making efforts even when facing difficulties or failures.

Example: کامیابی کے لیے کوشش جاری رکھنا ضروری ہے۔

Translation: It is necessary to continue trying (persist) for success.

Root Word: Arabic 'koshish' + Persian 'jāree' + Urdu 'rakhnā'.

Synonyms: جدوجہد جاری رکھنا, ہمت نہ ہارنا"
"صبر کرنا","Translations:
EN: to be patient / to endure / to wait calmly / to restrain oneself
AR: صَبَرَ / اِحْتَمَلَ / تَأَنَّى / كَفَّ نَفْسَه
FR: être patient / endurer / attendre calmement / se retenir

Definition:
(EN) Compound verb meaning to stay calm and wait during a difficult time or for something that is delayed, or to control one's anger.

Example: مشکل وقت میں صبر کرنا ہی بہتر ہے۔

Translation: It is best to be patient (endure) in difficult times.

Root Word: Arabic 'ṣabr' + Urdu 'karnā'.

Synonyms: حوصلہ رکھنا, ضبط کرنا"
"انتظار کرنا","Translations:
EN: to wait / to await / to expect / to bide time
AR: اِنْتَظَرَ / تَرَقَّبَ / تَرَيَّثَ / أَمَلَ
FR: attendre / patienter / s'attendre à / attendre son heure

Definition:
(EN) Compound verb meaning to stay in a place or remain in a state of readiness until someone arrives or something happens.

Example: میں آپ کا باہر انتظار کر رہا ہوں۔

Translation: I am waiting (awaiting) for you outside.

Root Word: Arabic 'intezār' + Urdu 'karnā'.

Synonyms: راہ دیکھنا, منتظر ہونا"
"جلدی کرنا","Translations:
EN: to hurry / to hasten / to rush / to speed up
AR: أَسْرَعَ / عَجَّلَ / بَادَرَ / اِسْتَعْجَلَ
FR: se dépêcher / se hâter / se précipiter / accélérer

Definition:
(EN) Compound verb meaning to move, act, or go faster than usual because of a lack of time or a desire to finish quickly.

Example: ہمیں گھر پہنچنے میں جلدی کرنی چاہیے۔

Translation: We should hurry (hasten) to reach home.

Root Word: Hindi 'jaldee' + Urdu 'karnā'.

Synonyms: شتابی کرنا, عجلت کرنا"
"دیر کرنا","Translations:
EN: to delay / to be late / to procrastinate / to dawdle
AR: تَأَخَّرَ / أَبْطَأَ / مَاطَلَ / أَرْجَأَ
FR: retarder / être en retard / procrastiner / traîner

Definition:
(EN) Compound verb meaning to take more time than necessary to do something, or to arrive after the expected or agreed time.

Example: اس نے کام شروع کرنے میں بہت دیر کر دی۔

Translation: He delayed (took too much time) starting the work.

Root Word: Persian 'deer' + Urdu 'karnā'.

Synonyms: تاخیر کرنا, سستی کرنا"
"وقت بچانا","Translations:
EN: to save time / to use time efficiently / to gain time
AR: وَفَّرَ الوَقْت / اِسْتَغَلَّ الوَقْتَ بِذَكَاء / كَسَبَ الوَقْت
FR: gagner du temps / utiliser le temps efficacement / économiser du temps

Definition:
(EN) Compound verb phrase meaning to find ways to finish a task faster so that more time is available for other activities.

Example: میٹرو میں سفر کرنے سے وقت بچتا ہے۔

Translation: Traveling by metro saves time.

Root Word: Arabic 'waqt' + Hindi 'bachānā'.

Synonyms: وقت کا صحیح استعمال کرنا, عجلت برتنا"
"وقت ضائع کرنا","Translations:
EN: to waste time / to idle / to squander time / to kill time
AR: أَضَاعَ الوَقْت / هَدَرَ الوَقْت / تَمَادَى فِي اللَّهْو
FR: perdre son temps / flâner / gaspiller son temps / tuer le temps

Definition:
(EN) Compound verb phrase meaning to spend time doing useless or unimportant things instead of productive work.

Example: سوشل میڈیا پر وقت ضائع مت کرو۔

Translation: Do not waste time (idle) on social media.

Root Word: Arabic 'waqt' + 'zāyaʿ' + Urdu 'karnā'.

Synonyms: وقت برباد کرنا, مٹر گشتی کرنا"
"آرام کرنا","Translations:
EN: to rest / to relax / to take a break / to repose
AR: اِسْتَرَاحَ / هَدَأَ / اِسْتَجَمَّ / نَامَ هَنِيئًا
FR: se reposer / se détendre / faire une pause / se reposer

Definition:
(EN) Compound verb meaning to stop working or being active to recover physical or mental strength.

Example: ڈاکٹر نے مریض کو آرام کرنے کا مشورہ دیا۔

Translation: The doctor advised the patient to rest (relax).

Root Word: Persian 'ārām' + Urdu 'karnā'.

Synonyms: سستانا, فراغت پانا"
"تھک جانا","Translations:
EN: to get tired / to be exhausted / to fatigue / to wear out
AR: تَعِبَ / كَلَّ / أَعْيَا / نَصِبَ
FR: se fatiguer / être épuisé / se fatiguer / s'épuiser

Definition:
(EN) Verb meaning to lose energy and feel a need for rest because of hard physical work or mental stress.

Example: وہ سارا دن کام کر کے تھک گیا۔

Translation: He got tired (became exhausted) after working all day.

Root Word: Hindi 'thak' + 'jānā'.

Synonyms: نڈھال ہونا, بیزار ہونا"
"محنت کرنا","Translations:
EN: to work hard / to strive / to toil / to labor
AR: اِجْتَهَدَ / كَدَحَ / تَعِبَ فِي العَمَل / سَعَى
FR: travailler dur / s'efforcer / peiner / travailler

Definition:
(EN) Compound verb meaning to put a lot of physical or mental effort into a task to achieve success or earn a living.

Example: امتحان میں کامیابی کے لیے محنت کرنا ضروری ہے۔

Translation: It is necessary to work hard (strive) for success in exams.

Root Word: Arabic 'meḥnat' + Urdu 'karnā'.

Synonyms: کوشش کرنا, مشقت کرنا"
"ملازمت کرنا","Translations:
EN: to be employed / to work / to serve (formal) / to hold a job
AR: تَعَاقَدَ لِلْعَمَل / اِشْتَغَلَ / خَدَمَ رَسْمِيًّا / تَقَلَّدَ وَظِيفَة
FR: être employé / travailler / servir (formel) / occuper un emploi

Definition:
(EN) Formal compound verb meaning to work for a company, an office, or a person in exchange for a salary.

Example: وہ بینک میں ملازمت کرتا ہے۔

Translation: He is employed (works) in a bank.

Root Word: Arabic 'mulāzimat' + Urdu 'karnā'.

Synonyms: نوکری کرنا, خدمت کرنا"
"کاروبار کرنا","Translations:
EN: to do business / to trade / to deal / to commerce
AR: زَاوَلَ التِّجَارَة / بَاشَرَ الأَعْمَال / تَاجَرَ
FR: faire des affaires / commercer / traiter / faire du commerce

Definition:
(EN) Compound verb meaning to engage in buying and selling goods or services to earn a profit.

Example: وہ کپڑے کا کاروبار کرتا ہے۔

Translation: He does business (trades) in cloth.

Root Word: Persian 'kārobār' + Urdu 'karnā'.

Synonyms: تجارت کرنا, بیوپار کرنا"
"تجارت کرنا","Translations:
EN: to trade / to barter / to exchange goods / to merchandise
AR: تَاجَرَ / بَايَعَ / قَايَضَ / زَاوَلَ المِهْنَة
FR: commercer / troquer / échanger des biens / marchander

Definition:
(EN) Formal compound verb meaning to buy and sell products or commodities, especially on a large scale or between countries.

Example: پاکستان چین کے ساتھ تجارت کرتا ہے۔

Translation: Pakistan trades (merchandises) with China.

Root Word: Arabic 'tijārat' + Urdu 'karnā'.

Synonyms: لین دین کرنا, سوداگری کرنا"
"خریدنا","Translations:
EN: to buy / to purchase / to acquire / to invest in
AR: اِشْتَرَى / اِبْتَاعَ / اِقْتَنَى / اِسْتَحْوَذَ
FR: acheter / faire un achat / acquérir / investir dans

Definition:
(EN) Verb meaning to get something by paying money for it.

Example: میں نے نئی کار خریدی ہے۔

Translation: I have bought (purchased) a new car.

Root Word: Persian 'khareed' + Urdu 'nā'.

Synonyms: مول لینا, اخذ کرنا"
"بیچنا","Translations:
EN: to sell / to vend / to dispose of / to market
AR: بَاعَ / رَوَّجَ / صَرَّفَ البِضَاعَة
FR: vendre / débiter / se débarrasser de / commercialiser

Definition:
(EN) Verb meaning to give something to someone else in exchange for money.

Example: وہ اپنا پرانا گھر بیچ رہا ہے۔

Translation: He is selling (vending) his old house.

Root Word: Hindi 'bechnā'.

Synonyms: فروخت کرنا, نیلام کرنا"
"قیمت لگانا","Translations:
EN: to set a price / to value / to appraise / to bid
AR: سَعَّرَ / ثَمَّنَ / قَدَّرَ القِيمَة / زَايَدَ
FR: fixer un prix / évaluer / expertiser / enchérir

Definition:
(EN) Compound verb phrase meaning to decide how much money something should cost, or for a buyer to offer a specific amount of money in an auction.

Example: جوہر پارے کی صحیح قیمت لگانا مشکل ہے۔

Translation: It is difficult to set a price (value) for the gemstone.

Root Word: Arabic 'qeemat' + Hindi 'lagānā'.

Synonyms: نرخ طے کرنا, بھاؤ کرنا"
"بچت کرنا","Translations:
EN: to save (money) / to economize / to put aside / to conserve
AR: اِدَّخَرَ / وَفَّرَ / اِقْتَصَدَ / حَافَظَ عَلَى
FR: économiser / faire des économies / mettre de côté / conserver

Definition:
(EN) Compound verb phrase meaning to keep money for future use instead of spending it all now, or to use resources carefully.

Example: ہمیں مستقبل کے لیے بچت کرنی چاہیے۔

Translation: We should save (economize) for the future.

Root Word: Hindi 'bachat' + Urdu 'karnā'.

Synonyms: پس انداز کرنا, کفایت شعاری کرنا"
"خرچ کرنا","Translations:
EN: to spend / to expend / to consume / to use up
AR: أَنْفَقَ / صَرَفَ / اِسْتَهْلَكَ / بَذَلَ
FR: dépenser / dépenser / consommer / utiliser

Definition:
(EN) Compound verb meaning to give money to pay for something, or figuratively to use energy or time for a specific purpose.

Example: اس نے بہت سے پیسے خرچ کیے۔

Translation: He spent (expended) a lot of money.

Root Word: Persian 'kharch' + Urdu 'karnā'.

Synonyms: صرف کرنا, لٹانا"
"ادھار لینا","Translations:
EN: to borrow / to take a loan / to take on credit / to adopt (idea)
AR: اِسْتَعَارَ / اِقْتَرَضَ / اِسْتَدَانَ
FR: emprunter / faire un emprunt / prendre à crédit / adopter (idée)

Definition:
(EN) Compound verb phrase meaning to take something (usually money or an object) from someone with the promise to return it later.

Example: میں نے دوست سے کتاب ادھار لی۔

Translation: I borrowed (took on credit) a book from a friend.

Root Word: Hindi 'udhār' + Urdu 'lenā'.

Synonyms: قرض لینا, مانگ لینا"
"قرض دینا","Translations:
EN: to lend / to give a loan / to credit / to grant (time)
AR: أَقْرَضَ / سَلَّفَ / دَانَ
FR: prêter / donner un prêt / créditer / accorder (du temps)

Definition:
(EN) Compound verb phrase meaning to give something to someone for a short time, expecting them to return it or pay it back.

Example: بینک لوگوں کو قرض دیتا ہے۔

Translation: The bank lends (gives a loan) to people.

Root Word: Arabic 'qarz' + Urdu 'denā'.

Synonyms: ادھار دینا, عاریت دینا"
"سودا کرنا","Translations:
EN: to strike a deal / to bargain / to trade / to buy groceries
AR: عَقَدَ صَفْقَة / سَاوَمَ / بَايَعَ / اِشْتَرَى المَؤُونَة
FR: conclure une affaire / marchander / commercer / faire les courses

Definition:
(EN) Compound verb meaning to agree on a price and complete a purchase, or more commonly in daily life, to go and buy household supplies.

Example: ہم نے گھر کا سودا کر لیا۔

Translation: We have struck the deal (bought) for the house.

Root Word: Arabic 'sauda' + Urdu 'karnā'.

Synonyms: خریداری کرنا, بیوپار کرنا"
"کٹھن ہونا","Translations:
EN: to be difficult / to be tough / to be arduous / to be hard
AR: كَانَ صَعْبًا / كَانَ شَاقًّا / تَعَسَّرَ
FR: être difficile / être dur / être ardu / être difficile

Definition:
(EN) Verb phrase describing a task, a journey, or a situation that requires a lot of effort, strength, or patience to complete.

Example: یہ راستہ بہت کٹھن ہے۔

Translation: This path is very difficult (tough).

Root Word: Hindi 'kaṭhan' + Urdu 'honā'.

Synonyms: مشکل ہونا, دشوار ہونا"
"آسان ہونا","Translations:
EN: to be easy / to be simple / to be effortless / to be smooth
AR: كَانَ سَهْلاً / تَيَسَّرَ / هَانَ / سَلُسَ
FR: être facile / être simple / être sans effort / être fluide

Definition:
(EN) Verb phrase describing something that can be done without much trouble or hard work.

Example: اردو سیکھنا آپ کے لیے آسان ہوگا۔

Translation: Learning Urdu will be easy (simple) for you.

Root Word: Persian 'āsān' + Urdu 'honā'.

Synonyms: سہل ہونا, عام فہم ہونا"
"ناممکن ہونا","Translations:
EN: to be impossible / to be unattainable / to be out of the question
AR: كَانَ مُسْتَحِيلاً / تَعَذَّرَ / بَعُدَ مَنَالُه
FR: être impossible / être inatteignable / être hors de question

Definition:
(EN) Verb phrase meaning that a task or a result cannot happen or be achieved under any circumstances.

Example: اس کے لیے یہ کام ناممکن ہے۔

Translation: This task is impossible (unattainable) for him.

Root Word: Arabic 'nā' + 'mumkin' + Urdu 'honā'.

Synonyms: ان ہونا, محال ہونا"
"ممکن ہونا","Translations:
EN: to be possible / to be feasible / to be likely / to happen
AR: كَانَ مُمْكِنًا / تَهَيَّأَ / جَازَ / أَمْكَنَ
FR: être possible / être faisable / être probable / se produire

Definition:
(EN) Verb phrase meaning that something can exist, happen, or be done within the given resources or laws.

Example: اگر تم چاہو تو یہ ممکن ہے۔

Translation: If you want, this is possible (feasible).

Root Word: Arabic 'mumkin' + Urdu 'honā'.

Synonyms: ہو سکنا, میسر ہونا"
"ضروری ہونا","Translations:
EN: to be necessary / to be urgent / to be essential / to be required
AR: كَانَ ضَرُورِيًّا / لَزِمَ / وَجَبَ / اِقْتَضَى
FR: être nécessaire / être urgent / être essentiel / être requis

Definition:
(EN) Verb phrase meaning that something must be done or used because it is vital or very important for a goal.

Example: ویزا کے لیے پاسپورٹ ضروری ہے۔

Translation: Passport is necessary (required) for a visa.

Root Word: Arabic 'zarooree' + Urdu 'honā'.

Synonyms: لازم ہونا, ناگزیر ہونا"
"فائدہ ہونا","Translations:
EN: to be beneficial / to be profitable / to gain / to benefit
AR: أَفَادَ / كَانَ نَافِعًا / اِنْتَفَعَ / كَسَبَ
FR: être bénéfique / être rentable / gagner / bénéficier

Definition:
(EN) Verb phrase meaning for a person to get a good result, more money, or an improvement in their situation from an action or an investment.

Example: ورزش کرنے سے بہت فائدہ ہوتا ہے۔

Translation: Exercising is very beneficial (of great benefit).

Root Word: Arabic 'fāyeda' + Urdu 'honā'.

Synonyms: نفع ہونا, سود مند ہونا"
"نقصان ہونا","Translations:
EN: to be harmful / to be a loss / to damage / to suffer loss
AR: كَانَ ضَارًّا / خَسِرَ / تَرَدَّى / أَضَرَّ
FR: être nocif / être une perte / endommager / subir une perte

Definition:
(EN) Verb phrase meaning for a person to lose money, property, or health, or for a situation to have a bad effect on something.

Example: بارش سے فصلوں کا نقصان ہوا۔

Translation: The rain caused loss (damage) to the crops.

Root Word: Arabic 'nuqsān' + Urdu 'honā'.

Synonyms: خسارہ ہونا, ہرج ہونا"
"کامیاب ہونا","Translations:
EN: to be successful / to succeed / to prosper / to win through
AR: نَجَحَ / فَلَحَ / اِزْدَهَرَ / ظَفِرَ
FR: réussir / prospérer / réussir / triompher

Definition:
(EN) Verb phrase meaning to achieve the goal you were aiming for, or to do very well in an exam, business, or life.

Example: وہ اپنے مشن میں کامیاب ہو گیا۔

Translation: He became successful (succeeded) in his mission.

Root Word: Persian 'kām' + 'yāb' + Urdu 'honā'.

Synonyms: فتح پانا, کامران ہونا"
"ناکام ہونا","Translations:
EN: to fail / to be unsuccessful / to fall short / to collapse
AR: فَشِلَ / رَسَبَ / خَابَ أَمَلُه / اِنْهَارَ
FR: échouer / être infructueux / échouer / s'effondrer

Definition:
(EN) Verb phrase meaning to not achieve a goal, or to get a bad result in an exam or a project.

Example: وہ پہلی کوشش میں ناکام رہا۔

Translation: He failed (was unsuccessful) in the first attempt.

Root Word: Persian 'nā' + 'kām' + Urdu 'honā'.

Synonyms: محروم ہونا, شکست کھانا"
"جیتنا","Translations:
EN: to win / to conquer / to gain victory / to overcome
AR: فَازَ / اِنْتَصَرَ / هَزَمَ الخَصْم / نَالَ الجَائِزَة
FR: gagner / conquérir / remporter la victoire / surmonter

Definition:
(EN) Verb meaning to be the first or the best in a game, a war, or an election, or to get a prize.

Example: ہماری ٹیم میچ جیت گئی۔

Translation: Our team won the match.

Root Word: Hindi 'jeetnā'.

Synonyms: بازی لے جانا, فتح حاصل کرنا"
"ہارنا","Translations:
EN: to lose / to be defeated / to yield / to forfeit
AR: خَسِرَ / هُزِمَ / اِنْكَسَرَ / اِسْتَسْلَمَ
FR: perdre / être vaincu / céder / perdre par forfait

Definition:
(EN) Verb meaning to not win in a competition or a war, or to be forced to accept the power of an enemy.

Example: وہ جواری سب کچھ ہار گیا۔

Translation: That gambler lost (forfeited) everything.

Root Word: Hindi 'hārnā'.

Synonyms: شکست پانا, مات کھانا"
"بدلنا","Translations:
EN: to change / to alter / to exchange / to transform
AR: غَيَّرَ / بَدَّلَ / تَبَادَلَ / حَوَّلَ
FR: changer / altérer / échanger / transformer

Definition:
(EN) Verb meaning to make someone or something different, or to give something and receive something else of the same kind in return.

Example: اس نے اپنا ارادہ بدل لیا۔

Translation: He changed (altered) his mind.

Root Word: Hindi 'badalnā'.

Synonyms: تبدیلی کرنا, الٹ پلٹ کرنا"
"تبدیل ہونا","Translations:
EN: to be changed / to be modified / to evolve / to shift
AR: تَغَيَّرَ / تَبَدَّلَ / تَطَوَّرَ / تَحَوَّلَ
FR: être changé / être modifié / évoluer / changer

Definition:
(EN) Compound verb meaning for a situation, a person, or an object to become different over time or because of an action.

Example: وقت کے ساتھ سب کچھ تبدیل ہو جاتا ہے۔

Translation: Everything changes (evolves) with time.

Root Word: Arabic 'tabdeel' + Urdu 'honā'.

Synonyms: بدلنا, پلٹنا"
"ٹھیک کرنا","Translations:
EN: to fix / to correct / to repair / to cure
AR: أَصْلَحَ / صَحَّحَ / رَمَّمَ / عَالَجَ
FR: réparer / corriger / réparer / guérir

Definition:
(EN) Compound verb meaning to make something work again, to remove an error from a text, or to make a sick person healthy.

Example: مستری نے گاڑی ٹھیک کر دی۔

Translation: The mechanic fixed (repaired) the car.

Root Word: Hindi 'ṭheek' + Urdu 'karnā'.

Synonyms: درست کرنا, مرمت کرنا"
"بگڑنا","Translations:
EN: to get spoiled / to deteriorate / to get angry (suddenly) / to worsen
AR: فَسَدَ / تَدَهْوَرَ / ثَارَ غَضَبُه / سَاءَ
FR: se gâter / se détériorer / se mettre en colère (soudainement) / s'aggraver

Definition:
(EN) Verb meaning for a machine to stop working, for a person's character to become bad, or for a situation to become worse.

Example: مشین اچانک بگڑ گئی۔

Translation: The machine suddenly got spoiled (stopped working).

Root Word: Hindi 'bigaṛnā'.

Synonyms: خراب ہونا, برہم ہونا"
"تعمیر کرنا","Translations:
EN: to build / to construct (formal) / to erect / to establish
AR: بَنَى / شَيَّدَ / أَقَامَ / نَصَبَ
FR: construire / construire (formel) / ériger / établir

Definition:
(EN) Formal compound verb meaning to make a large structure like a house, a bridge, or a road.

Example: یہاں ایک نئی مسجد تعمیر کی جا رہی ہے۔

Translation: A new mosque is being built (constructed) here.

Root Word: Arabic 'taʿmeer' + Urdu 'karnā'.

Synonyms: بنانا, کھڑا کرنا"
"توڑنا","Translations:
EN: to break / to fracture / to violate (rule) / to pluck (flower)
AR: كَسَرَ / حَطَّمَ / خَالَفَ / قَطَفَ
FR: casser / fracturer / violer (règle) / cueillir (fleur)

Definition:
(EN) Verb meaning to separate something into two or more pieces by hitting or pulling it, or to fail to follow a promise or a law.

Example: اس نے غلطی سے گلاس توڑ دیا۔

Translation: He broke (fractured) the glass by mistake.

Root Word: Hindi 'toṛnā'.

Synonyms: پاش پاش کرنا, خلاف ورزی کرنا"
"جڑنا","Translations:
EN: to join / to be connected / to be attached / to be set (jewels)
AR: اِتَّصَلَ / اِلْتَحَمَ / اِنْضَمَّ / رُصِّعَ
FR: joindre / être connecté / être attaché / être serti (bijoux)

Definition:
(EN) Verb meaning for two pieces of something to come together and stay fixed, or for jewels to be fixed into a piece of metal.

Example: یہ دونوں پائپ یہاں جڑتے ہیں۔

Translation: These two pipes join (connect) here.

Root Word: Hindi 'juṛnā'.

Synonyms: ملنا, پیوست ہونا"
"کاٹنا","Translations:
EN: to cut / to bite (animal) / to cancel / to spend (time)
AR: قَطَعَ / عَضَّ / أَلْغَى / قَضَى (الوَقْت)
FR: couper / mordre (animal) / annuler / passer (le temps)

Definition:
(EN) Verb meaning to use a knife or scissors to divide something, or for an insect or animal to use its teeth on skin, or figuratively to spend a long period of time.

Example: سبزی کاٹنا مشکل کام نہیں ہے۔

Translation: Cutting (slicing) vegetables is not a difficult task.

Root Word: Hindi 'kāṭnā'.

Synonyms: تراشنا, ڈسنا"
"جوڑنا","Translations:
EN: to add / to connect / to link / to save (money)
AR: رَبَطَ / جَمَعَ / وَصَلَ / اِدَّخَرَ
FR: ajouter / connecter / lier / économiser (argent)

Definition:
(EN) Verb meaning to put two or more things together to make one whole, or to save small amounts of money over time.

Example: اس نے ٹوٹا ہوا کھلونا جوڑ دیا۔

Translation: He joined (connected) the broken toy.

Root Word: Hindi 'joṛnā'.

Synonyms: ملانا, یکجا کرنا"
"پھیلانا","Translations:
EN: to spread (something) / to expand / to circulate / to stretch
AR: بَسَطَ / نَشَرَ / عَمَّمَ / مَدَّ
FR: répandre (quelque chose) / étendre / circuler / étirer

Definition:
(EN) Verb meaning to put something over a large area, or to make a news story or a disease known or felt by many people.

Example: فرش پر چٹائی پھیلا دو۔

Translation: Spread (stretch) the mat on the floor.

Root Word: Hindi 'phailānā'.

Synonyms: عام کرنا, بچھانا"
"سمیٹنا","Translations:
EN: to gather / to wrap up / to collect / to finish
AR: جَمَعَ / لَمْلَمَ / حَزَمَ الأَمْتِعَة / أَنْهَى
FR: rassembler / emballer / collecter / finir

Definition:
(EN) Verb meaning to pick up things that are scattered and put them in order, or to finish a long job or a meeting.

Example: کھیل ختم ہونے کے بعد سامان سمیٹ لو۔

Translation: Gather (wrap up) the items after the game is over.

Root Word: Hindi 'sameṭnā'.

Synonyms: اکٹھا کرنا, لپیٹنا"
"صاف کرنا","Translations:
EN: to clean / to purify / to clear / to wipe
AR: نَظَّفَ / طَهَّرَ / جَلَا / مَسَحَ
FR: nettoyer / purifier / dégager / essuyer

Definition:
(EN) Compound verb meaning to remove dirt, marks, or unwanted things from a surface or an object.

Example: میز کو کپڑے سے صاف کرو۔

Translation: Clean (wipe) the table with a cloth.

Root Word: Arabic 'ṣāf' + Urdu 'karnā'.

Synonyms: دھونا, نکھارنا"
"گندا کرنا","Translations:
EN: to make dirty / to soil / to pollute / to defile
AR: لَوَّثَ / وَسَّخَ / نَجَّسَ / قَذَّرَ
FR: salir / souiller / polluer / souiller

Definition:
(EN) Compound verb phrase meaning to put dirt, mud, or stains on something that was clean.

Example: بچوں نے کپڑے گندے کر لیے۔

Translation: The children made the clothes dirty (soiled them).

Root Word: Persian 'ganda' + Urdu 'karnā'.

Synonyms: خراب کرنا, آلودہ کرنا"
"دھونا","Translations:
EN: to wash / to cleanse / to rinse / to launder
AR: غَسَلَ / شَطَفَ / نَضَحَ
FR: laver / nettoyer / rincer / blanchir

Definition:
(EN) Verb meaning to use water and soap to clean the body, clothes, or dishes.

Example: کھانا کھانے سے پہلے ہاتھ دھونا چاہیے۔

Translation: One should wash (cleanse) hands before eating.

Root Word: Hindi 'dhonā'.

Synonyms: غسل کرنا, پاک کرنا"
"خشک کرنا","Translations:
EN: to dry / to dehydrate / to parch / to wipe dry
AR: جَفَّفَ / نَشَّفَ / يَبَّسَ
FR: sécher / déshydrater / dessécher / essuyer

Definition:
(EN) Compound verb meaning to remove water or moisture from something, usually by using heat, air, or a towel.

Example: کپڑوں کو دھوپ میں خشک کرو۔

Translation: Dry (dehydrate) the clothes in the sun.

Root Word: Persian 'khushk' + Urdu 'karnā'.

Synonyms: سکھانا, پونچھنا"
"گرم کرنا","Translations:
EN: to heat / to warm up / to excite / to inflame
AR: سَخَّنَ / حَمَّى / أَثَارَ / أَجَّجَ
FR: chauffer / réchauffer / exciter / enflammer

Definition:
(EN) Compound verb meaning to increase the temperature of something, or figuratively to make a person angry or a situation intense.

Example: کھانا کھانے سے پہلے اسے گرم کر لو۔

Translation: Heat (warm up) the food before eating it.

Root Word: Persian 'garm' + Urdu 'karnā'.

Synonyms: تپانا, گرمانا"
"ٹھنڈا کرنا","Translations:
EN: to cool / to chill / to calm down / to quench (thirst)
AR: بَرَّدَ / ثَلَّجَ / هَدَّأَ / أَطْفَأَ (العَطَش)
FR: refroidir / rafraîchir / calmer / étancher (la soif)

Definition:
(EN) Compound verb phrase meaning to lower the temperature of something, or figuratively to calm someone's anger or to satisfy a strong desire.

Example: غصے کو ٹھنڈا کرنا سیکھو۔

Translation: Learn to cool down (calm) your anger.

Root Word: Hindi 'ṭhanḍā' + Urdu 'karnā'.

Synonyms: ٹھنڈک پہنچانا, تسلی دینا"
"ابالنا","Translations:
EN: to boil / to seethe / to decoct / to simmer
AR: غَلَى / سَلَقَ / فَارَ / طَبَخَ بِالغَلَيَان
FR: bouillir / faire bouillir / bouillonner / mijoter

Definition:
(EN) Verb meaning to heat a liquid until it starts to turn into gas and bubbles form, or to cook food (like eggs or potatoes) in boiling water.

Example: پینے سے پہلے پانی کو اچھی طرح ابالنا چاہیے۔

Translation: Water should be boiled well before drinking.

Root Word: Hindi 'ubālnā'.

Synonyms: جوش دینا, پکانا"
"پکانا","Translations:
EN: to cook / to bake / to ripen / to mature
AR: طَبَخَ / خَبَزَ / نَضَجَ / أَنْضَجَ
FR: cuisiner / cuire / mûrir / faire mûrir

Definition:
(EN) Verb meaning to prepare food by using heat, or for fruit to become ready to eat, or figuratively for a plan to become ready for action.

Example: امی آج لذیذ کھانا پکا رہی ہیں۔

Translation: Mother is cooking (preparing) delicious food today.

Root Word: Hindi 'pakānā'.

Synonyms: تیار کرنا, نضج دینا"
"کھانا کھانا","Translations:
EN: to eat a meal / to dine / to partake of food
AR: أَكَلَ وَجْبَة / تَنَاوَلَ الطَّعَام / تَغَدَّى / تَعَشَّى
FR: prendre un repas / dîner / manger

Definition:
(EN) Common verb phrase meaning to consume a complete set of food at a specific time of day (breakfast, lunch, or dinner).

Example: ہم سب مل کر کھانا کھاتے ہیں۔

Translation: We all eat the meal (dine) together.

Root Word: Hindi 'khānā' + 'khānā'.

Synonyms: طعام تناول کرنا, پیٹ بھرنا"
"نوش فرمانا","Translations:
EN: to drink / to consume (highly formal/royal) / to partake / to sip
AR: شَرِبَ (بِتَعْظِيم) / تَنَاوَلَ (رَسْمِيًّا) / جَرَعَ
FR: boire (très formel/royal) / consommer / participer / siroter

Definition:
(EN) Highly formal and respectful compound verb (Aadaab style) used when offering or describing the act of drinking or eating by a respected person.

Example: آپ چائے نوش فرمائیں گے۔

Translation: Would you like to drink (partake of) some tea?

Root Word: Persian 'nosha' + Urdu 'farmānā'.

Synonyms: پینا, تناول کرنا"
"بھوک لگنا","Translations:
EN: to feel hungry / to have an appetite / to crave food
AR: جَاعَ / اِشْتَهَى الطَّعَام / تَطَوَّرَتْ رَغْبَتُه
FR: avoir faim / avoir de l'appétit / avoir envie de manger

Definition:
(EN) Verb phrase describing the physical sensation of needing food.

Example: مجھے بہت زور کی بھوک لگی ہے۔

Translation: I am feeling very hungry (have a strong appetite).

Root Word: Hindi 'bhook' + 'lagnā'.

Synonyms: اشتہا ہونا, پیٹ میں چوہے دوڑنا"
"پیاس لگنا","Translations:
EN: to feel thirsty / to be parched / to long for (figurative)
AR: عَطِشَ / ظَمِئَ / اِشْتَاقَ إِلَى
FR: avoir soif / être assoiffé / aspirer à (figuré)

Definition:
(EN) Verb phrase describing the physical sensation of needing water or liquid.

Example: گرمی میں پیاس زیادہ لگتی ہے۔

Translation: One feels more thirsty (parched) in summer.

Root Word: Hindi 'pyās' + 'lagnā'.

Synonyms: تشنہ ہونا, لب خشک ہونا"
"ذائقہ چکھنا","Translations:
EN: to taste / to sample / to savor / to experience
AR: ذَاقَ / تَبَيَّنَ الطَّعْم / تَذَوَّقَ / جَرَّبَ
FR: goûter / échantillonner / savourer / faire l'expérience de

Definition:
(EN) Compound verb phrase meaning to put a small amount of food or drink in your mouth to see what the flavor is like.

Example: نمک چیک کرنے کے لیے ذائقہ چکھ لو۔

Translation: Taste (sample) the flavor to check the salt.

Root Word: Arabic 'zāyeqa' + Hindi 'chakhnā'.

Synonyms: چکھنا, مزہ لینا"
"چبانا","Translations:
EN: to chew / to masticate / to gnaw / to ruminate
AR: مَضَغَ / لَاكَ / قَضَمَ / اِجْتَرَّ
FR: mâcher / mastiquer / ronger / ruminer

Definition:
(EN) Verb meaning to use the teeth to break food into small pieces before swallowing.

Example: نوالہ اچھی طرح چبانا چاہیے۔

Translation: One should chew (masticate) the morsel well.

Root Word: Hindi 'chabānā'.

Synonyms: کترنا, دانت مارنا"
"نگلنا","Translations:
EN: to swallow / to gulp / to devour / to suppress (anger)
AR: بَلَعَ / جَرَعَ / اِلْتَهَمَ / كَظَمَ (الغَيْظ)
FR: avaler / engoutir / dévorer / réprimer (la colère)

Definition:
(EN) Verb meaning to make food or drink go down your throat, or figuratively to hide or control an emotion like anger or pride.

Example: اس نے کڑوی گولی نگل لی۔

Translation: He swallowed (gulp) the bitter pill.

Root Word: Hindi 'nigalnā'.

Synonyms: ہڑپ کرنا, پی جانا"
"ہضم کرنا","Translations:
EN: to digest / to assimilate / to embezzle / to tolerate
AR: هَضَمَ / اِسْتَوْعَبَ / اِخْتَلَسَ / اِحْتَمَلَ
FR: digérer / assimiler / détourner / tolérer

Definition:
(EN) Compound verb meaning for the body to break down food, or figuratively to understand new information, or illegally to keep someone else's money.

Example: وہ کسی کی ترقی ہضم نہیں کر سکتا۔

Translation: He cannot tolerate (digest) anyone's progress.

Root Word: Arabic 'hazm' + Urdu 'karnā'.

Synonyms: پچانا, غبن کرنا"
"الٹی کرنا","Translations:
EN: to vomit / to throw up / to be sick / to disgorge
AR: تَقَيَّأَ / اِسْتَفْرَغَ / ثَارَ مَا فِي بَطْنِه
FR: vomir / rendre / être malade / dégorger

Definition:
(EN) Compound verb phrase meaning to bring food or liquid up from the stomach through the mouth because of illness.

Example: اسے سفر میں الٹی ہوتی ہے۔

Translation: He vomits (is sick) during travel.

Root Word: Hindi 'ulṭee' + Urdu 'karnā'.

Synonyms: قے کرنا, جی متلانا"
"بیمار ہونا","Translations:
EN: to be sick / to be ill / to ail / to fall unwell
AR: مَرِضَ / اِعْتَلَّ / سَقِمَ / تَمَارَضَ
FR: être malade / être souffrant / souffrir / tomber malade

Definition:
(EN) Compound verb phrase meaning to have an illness or a physical condition that prevents you from feeling healthy.

Example: وہ پچھلے ہفتے سے بیمار ہے۔

Translation: He has been sick (ill) since last week.

Root Word: Persian 'beemār' + Urdu 'honā'.

Synonyms: علیل ہونا, روگی ہونا"
"علاج کرنا","Translations:
EN: to treat / to cure / to remedy / to heal
AR: عَالَجَ / دَاوَى / طَبَّبَ / شَفَى
FR: traiter / guérir / remédier / soigner

Definition:
(EN) Compound verb meaning to give medical care to a sick person or an animal, or to find a way to solve a problem.

Example: ڈاکٹر زخمیوں کا علاج کر رہا ہے۔

Translation: The doctor is treating (curing) the injured.

Root Word: Arabic 'ʿilāj' + Urdu 'karnā'.

Synonyms: دوا کرنا, چارہ جوئی کرنا"
"آرام آنا","Translations:
EN: to feel relief / to get better / to recover / to be comforted
AR: شَعَرَ بِالرَّاحَة / تَحَسَّنَ / اِسْتَعَادَ عافِيَتَه / اِرْتَاحَ
FR: ressentir du soulagement / aller mieux / se rétablir / être réconforté

Definition:
(EN) Verb phrase meaning for pain to decrease or for a person to start feeling healthy again after an illness or a tiring day.

Example: دوا لینے سے مجھے آرام آیا۔

Translation: I felt relief (got better) after taking the medicine.

Root Word: Persian 'ārām' + Urdu 'ānā'.

Synonyms: افاقہ ہونا, سکون ملنا"
"درد ہونا","Translations:
EN: to have pain / to ache / to suffer / to hurt
AR: تَأَلَّمَ / شَعَرَ بِالوَجَع / أَوْجَعَ / عَانَى
FR: avoir mal / souffrir d'une douleur / souffrir / faire mal

Definition:
(EN) Verb phrase describing the sensation of physical suffering or discomfort in a specific part of the body.

Example: میرے سر میں درد ہو رہا ہے۔

Translation: I am having pain (aching) in my head.

Root Word: Persian 'dard' + Urdu 'honā'.

Synonyms: تکلیف ہونا, دکھنا"
"چوٹ لگنا","Translations:
EN: to get injured / to get hurt / to receive a blow / to be bruised
AR: أُصِيبَ / جُرِحَ / تَعَرَّضَ لِكَسْر / رُضَّ
FR: se blesser / se faire mal / recevoir un coup / être meurtri

Definition:
(EN) Verb phrase meaning to sustain physical damage to the body because of an accident, a fall, or a fight.

Example: گرنے کی وجہ سے اسے پیر میں چوٹ لگی۔

Translation: He got injured (hurt) in the leg because of the fall.

Root Word: Hindi 'choṭ' + 'lagnā'.

Synonyms: زخمی ہونا, ضرب لگنا"
"پٹی باندھنا","Translations:
EN: to bandage / to dress a wound / to bind / to hoodwink (figurative)
AR: ضَمَّدَ الجُرْح / لَفَّ العِصَابَة / عَصَبَ / خَدَعَ (مَجَازِيًّا)
FR: bander / panser une plaie / lier / duper (figuré)

Definition:
(EN) Compound verb meaning to wrap a piece of cloth or a medical strip around an injury, or figuratively ('aankhon par patti bandhna') to refuse to see the truth.

Example: نرس نے زخم پر پٹی باندھ دی۔

Translation: The nurse bandaged (dressed) the wound.

Root Word: Hindi 'paṭṭee' + Urdu 'bāndhnā'.

Synonyms: مرہم پٹی کرنا, پٹی کرنا"
"قیلولہ کرنا","Translations:
EN: to take a siesta / to nap / to rest after lunch / to snooze
AR: قَيَّلَ / نَامَ القَيْلُولَة / اِسْتَرَاحَ بَعْدَ الظُّهْر
FR: faire la sieste / faire un somme / se reposer après le déjeuner / roupiller

Definition:
(EN) Formal and religious compound verb meaning to take a short nap or rest specifically after the afternoon meal, often practiced for health or tradition.

Example: گرمیوں میں قیلولہ کرنا صحت کے لیے اچھا ہے۔

Translation: Taking a siesta (nap) in summer is good for health.

Root Word: Arabic 'qailoola' + Urdu 'karnā'.

Synonyms: دوپہر کا آرام کرنا, تھوڑی دیر سونا"
"محوِ خواب ہونا","Translations:
EN: to be fast asleep / to be lost in sleep (highly poetic/formal) / to dream / to slumber
AR: غَرِقَ فِي النَّوْم / اِسْتَسْلَمَ لِلرُّؤَى / نَامَ عَمِيقًا
FR: dormir profondément / être plongé dans le sommeil (très poétique/formel) / rêver / sommeiller

Definition:
(EN) Highly formal and poetic compound verb phrase describing a state of being completely absorbed and deep in sleep, often used in literature to describe tranquility.

Example: پوری کائنات اس وقت محوِ خواب ہے۔

Translation: The whole universe is fast asleep (lost in sleep) at this time.

Root Word: Arabic 'maḥwa' + Persian 'khwāb' + Urdu 'honā'.

Synonyms: گہری نیند سونا, خوابوں میں کھونا"
"خواب دیکھنا","Translations:
EN: to dream / to envision / to hope / to hallucinate
AR: حَلَمَ / تَصَوَّرَ / رَأَى رُؤْيَا / تَأَمَّلَ
FR: rêver / envisager / espérer / halluciner

Definition:
(EN) Compound verb phrase meaning to see images and stories in the mind while sleeping, or figuratively to have a strong wish for the future.

Example: میں نے رات ایک عجیب خواب دیکھا۔

Translation: I dreamed (saw a dream) a strange dream last night.

Root Word: Persian 'khwāb' + Urdu 'dekhnā'.

Synonyms: سپنا دیکھنا, خیال کرنا"
"باتیں کرنا","Translations:
EN: to talk / to converse / to chat / to speak ill (with negative context)
AR: تَحَدَّثَ / تَحَاوَرَ / دَرْدَشَ / تَقَوَّلَ
FR: parler / converser / bavarder / médire

Definition:
(EN) Verb phrase meaning to communicate using spoken words with another person or a group.

Example: ہم پرانے دوستوں کے ساتھ باتیں کر رہے ہیں۔

Translation: We are talking (conversing) with old friends.

Root Word: Hindi 'bātein' + Urdu 'karnā'.

Synonyms: گفتگو کرنا, کلام کرنا"
"مہر بلب ہونا","Translations:
EN: to be silent / to have lips sealed (highly formal/literary) / to keep quiet / to not speak
AR: صَمَتَ رَسْمِيًّا / أَطْبَقَ شَفَتَيْه / بَكُمَ
FR: être silencieux / avoir les lèvres scellées (très formel/littéraire) / se taire / ne pas parler

Definition:
(EN) Highly formal and literary compound verb describing a state where a person is forced or chooses to remain absolutely silent, as if their lips are sealed with a seal.

Example: وہ حق بات پر بھی مہر بلب رہا۔

Translation: He remained silent (lips sealed) even on the matter of truth.

Root Word: Persian 'muhar' + 'ba' + 'lab' + Urdu 'honā'.

Synonyms: خاموش رہنا, چپ سادھ لینا"
"مسکرانا","Translations:
EN: to smile / to beam / to smirk / to grin
AR: اِبْتَسَمَ / تَبَسَّمَ / اِفْتَرَّ عَنْ نَواجِذِه
FR: sourire / rayonner / minauder / grincer des dents

Definition:
(EN) Verb meaning to make the corners of the mouth turn up to show that you are happy, amused, or being kind.

Example: وہ مجھے دیکھ کر مسکرانے لگا۔

Translation: He started to smile (beaming) after seeing me.

Root Word: Hindi 'muskurānā'.

Synonyms: تبسم کرنا, ہنسنا"
"ہنسنا","Translations:
EN: to laugh / to chuckle / to giggle / to mock (with context)
AR: ضَحِكَ / قَهْقَهَ / تَبَسَّمَ ضَاحِكًا / سَخِرَ
FR: rire / glousser / ricaner / se moquer

Definition:
(EN) Verb meaning to make sounds and movements of the face and body that show you are happy or think something is funny.

Example: بچوں کی باتیں سن کر سب ہنسنے لگے۔

Translation: Everyone started to laugh after hearing the children's talk.

Root Word: Hindi 'hansnā'.

Synonyms: قہقہہ لگانا, مسکرانا"
"رونا","Translations:
EN: to cry / to weep / to lament / to complain (informal)
AR: بَكَى / دَمَعَتْ عَيْنَاه / اِنْتَحَبَ / تَذَمَّرَ
FR: pleurer / larmoyer / se lamenter / se plaindre

Definition:
(EN) Verb meaning to produce tears from the eyes because of sadness, pain, or strong emotion.

Example: چھوٹا بچہ بھوک سے رو رہا ہے۔

Translation: The little child is crying (weeping) because of hunger.

Root Word: Hindi 'ronā'.

Synonyms: آنسو بہانا, گریہ کرنا"
"چلانا","Translations:
EN: to shout / to scream / to yell / to shriek
AR: صَرَخَ / صَاحَ / أَعْوَلَ / جَأَرَ
FR: crier / hurler / hurler / brailler

Definition:
(EN) Verb meaning to speak or make a sound very loudly because of anger, fear, or to get someone's attention.

Example: وہ مدد کے لیے چلانے لگا۔

Translation: He started to shout (scream) for help.

Root Word: Hindi 'chillānā'.

Synonyms: چیخنا, شور مچانا"
"شور مچانا","Translations:
EN: to make noise / to clamor / to create a ruckus / to protest loudly
AR: أَحْدَثَ ضَجِيجًا / ضَجَّ / صَخَبَ / اِحْتَجَّ صَاخِبًا
FR: faire du bruit / clamer / faire du tapage / protester bruyamment

Definition:
(EN) Compound verb phrase meaning to produce a lot of loud and unpleasant sounds, usually in a crowd or by a group of children.

Example: کلاس میں شور مچانا بری بات ہے۔

Translation: It is bad to make noise (clamor) in the class.

Root Word: Persian 'shor' + Hindi 'machānā'.

Synonyms: ہنگامہ کرنا, غل غپاڑہ کرنا"
"آواز دینا","Translations:
EN: to call (someone) / to summon / to hail / to speak up
AR: نَادَى / اِسْتَدْعَى / هَتَفَ بِـ / رَفَعَ صَوْتَه
FR: appeler (quelqu'un) / invoquer / héler / élever la voix

Definition:
(EN) Compound verb phrase meaning to use your voice to tell someone to come to you or to get their attention from a distance.

Example: میں نے اسے پیچھے سے آواز دی۔

Translation: I called (hailed) him from behind.

Root Word: Persian 'āwāz' + Urdu 'denā'.

Synonyms: پکارنا, بلانا"
"مدد مانگنا","Translations:
EN: to ask for help / to seek assistance / to cry for help / to appeal
AR: طَلَبَ المَعُونَة / اِسْتَعَانَ / اِسْتَغَاثَ / نَاشَدَ
FR: demander de l'aide / solliciter de l'assistance / appeler à l'aide / faire appel

Definition:
(EN) Compound verb phrase meaning to tell someone that you need their support or effort to finish a task or to escape a dangerous situation.

Example: مشکل وقت میں دوسروں سے مدد مانگنا برا نہیں ہے۔

Translation: It is not bad to ask for help (seek assistance) from others in difficult times.

Root Word: Arabic 'madad' + Hindi 'māngnā'.

Synonyms: پکارنا, دستک دینا"
"نصیحت کرنا","Translations:
EN: to advise / to counsel / to exhort / to admonish
AR: نَصَحَ / أَرْشَدَ / وَعَظَ / نَبَّهَ
FR: conseiller / donner des conseils / exhorter / réprimander

Definition:
(EN) Compound verb meaning to give suggestions to someone about what they should do to improve their character or to avoid a mistake.

Example: بزرگوں کو چاہیے کہ وہ چھوٹوں کو نصیحت کریں۔

Translation: Elders should advise (counsel) the younger ones.

Root Word: Arabic 'naṣeeḥat' + Urdu 'karnā'.

Synonyms: فہمائش کرنا, رائے دینا"
"حکم دینا","Translations:
EN: to order / to command / to decree / to rule
AR: أَمَرَ / أَصْدَرَ أَمْرًا / قَضَى / حَكَمَ
FR: ordonner / commander / décréter / régner

Definition:
(EN) Compound verb phrase meaning to use your authority to tell someone that they must do something, or for a court to make a legal decision.

Example: بادشاہ نے سپاہیوں کو حملے کا حکم دیا۔

Translation: The king ordered (commanded) the soldiers to attack.

Root Word: Arabic 'ḥukm' + Urdu 'denā'.

Synonyms: فرمان جاری کرنا, ہدایت دینا"
"گزارش کرنا","Translations:
EN: to request / to plead / to submit (a plea) / to state humbly
AR: رَجَا / تَوَسَّلَ / اِلْتَمَسَ / عَرَضَ بِيُسْر
FR: demander / plaider / soumettre (un plaidoyer) / exposer humblement

Definition:
(EN) Formal compound verb meaning to ask for something in a polite or humble way, often used in official letters or when talking to superiors.

Example: میری آپ سے گزارش ہے کہ میری بات سنیں۔

Translation: It is my request (plea) to you that you listen to me.

Root Word: Persian 'guzārish' + Urdu 'karnā'.

Synonyms: التجا کرنا, عرض کرنا"
"انکار کرنا","Translations:
EN: to refuse / to deny / to decline / to reject
AR: رَفَضَ / نَكَرَ / أَبَى / رَدَّ
FR: refuser / nier / décliner / rejeter

Definition:
(EN) Compound verb meaning to say no to a request, or to state that something is not true, or to not accept a gift or an offer.

Example: اس نے رشوت لینے سے صاف انکار کر دیا۔

Translation: He clearly refused (declined) to take the bribe.

Root Word: Arabic 'inkār' + Urdu 'karnā'.

Synonyms: نفی کرنا, نامنظور کرنا"
"اقرار کرنا","Translations:
EN: to confess / to admit / to acknowledge / to promise
AR: اِعْتَرَفَ / أَقَرَّ / بَاحَ / عَاهَدَ
FR: confesser / admettre / reconnaître / promettre

Definition:
(EN) Compound verb meaning to say that you have done something wrong, or to accept that a fact is true, or to make a formal promise/declaration.

Example: مجرم نے اپنے جرم کا اقرار کر لیا۔

Translation: The criminal confessed (admitted) his crime.

Root Word: Arabic 'iqrār' + Urdu 'karnā'.

Synonyms: ماننا, تسلیم کرنا"
"سچ بولنا","Translations:
EN: to tell the truth / to be truthful / to speak honestly / to testify
AR: صَدَقَ / نَطَقَ بِالحَقِّ / شَهِدَ بِالصِّدْق
FR: dire la vérité / être véridique / parler honnêtement / témoigner

Definition:
(EN) Verb phrase meaning to say things that are exactly as they happened, without lying or hiding the facts.

Example: سچ بولنا سب سے بڑی نیکی ہے۔

Translation: Telling the truth (being truthful) is the greatest virtue.

Root Word: Hindi 'sach' + 'bolnā'.

Synonyms: حق کہنا, سچائی پر قائم رہنا"
"جھوٹ بولنا","Translations:
EN: to lie / to tell a lie / to deceive (verbally) / to prevaricate
AR: كَذَبَ / اِفْتَرَى / زَوَّرَ / لَفَّقَ
FR: mentir / raconter un mensonge / tromper (verbalement) / tergiverser

Definition:
(EN) Verb phrase meaning to say something that you know is not true to trick someone or to avoid trouble.

Example: جھوٹ بولنا گناہ ہے۔

Translation: To lie (tell a lie) is a sin.

Root Word: Hindi 'jhooṭ' + 'bolnā'.

Synonyms: کذب بیانی کرنا, غلط بیانی کرنا"
"وعدہ توڑنا","Translations:
EN: to break a promise / to go back on one's word / to betray / to renege
AR: أَخْلَفَ الوَعْد / نَكَثَ العَهْد / خَانَ الثِّقَة
FR: manquer à sa promesse / revenir sur sa parole / trahir / renier

Definition:
(EN) Compound verb phrase meaning to fail to do what you promised someone earlier.

Example: ایک شریف آدمی کبھی وعدہ نہیں توڑتا۔

Translation: A noble man never breaks a promise (goes back on his word).

Root Word: Arabic 'waʿda' + Hindi 'toṛnā'.

Synonyms: قول سے پھرنا, بد عہدی کرنا"
"بھروسہ کرنا","Translations:
EN: to trust / to rely on / to have faith / to confide
AR: وَثِقَ / اِعْتَمَدَ / آمَنَ بِـ / اِطْمَأَنَّ إِلَى
FR: faire confiance / compter sur / avoir foi / se confier

Definition:
(EN) Compound verb phrase meaning to believe that someone is honest and reliable and will not hurt or trick you.

Example: ہم صرف اللہ پر بھروسہ کرتے ہیں۔

Translation: We trust (have faith) only in Allah.

Root Word: Hindi 'bharosa' + Urdu 'karnā'.

Synonyms: یقین کرنا, توکل کرنا"
"دھوکہ کھانا","Translations:
EN: to be deceived / to be tricked / to be fooled / to be cheated
AR: اِنْخَدَعَ / غُرَّ بِه / تَعَرَّضَ لِلنَّصْب / خُدِعَ
FR: être trompé / être dupé / être trompé / être escroqué

Definition:
(EN) Compound verb phrase meaning for a person to believe a lie and lose money or trust as a result.

Example: وہ اپنی سادگی کی وجہ سے دھوکہ کھا گیا۔

Translation: He was deceived (tricked) because of his simplicity.

Root Word: Hindi 'dhouka' + 'khānā'.

Synonyms: فریب میں آنا, چکمہ کھانا"
"پیار کرنا","Translations:
EN: to love / to adore / to cherish / to like very much
AR: أَحَبَّ / عَشِقَ / شَغَفَ / وَدَّ
FR: aimer / adorer / chérir / aimer beaucoup

Definition:
(EN) Compound verb phrase meaning to have strong feelings of affection and care for a person, or to enjoy an activity very much.

Example: ماں اپنے بچوں سے بہت پیار کرتی ہے۔

Translation: Mother loves (cherishes) her children very much.

Root Word: Hindi 'pyār' + Urdu 'karnā'.

Synonyms: محبت کرنا, الفت رکھنا"
"نفرت کرنا","Translations:
EN: to hate / to loathe / to detest / to abhor
AR: كَرِهَ / مَقَتَ / أَبْغَضَ / نَفَرَ مِنْ
FR: haïr / détester / exécrer / abhorrer

Definition:
(EN) Compound verb phrase meaning to have a very strong feeling of dislike or disgust for someone or something.

Example: ہمیں برائی سے نفرت کرنی چاہیے۔

Translation: We should hate (loathe) evil.

Root Word: Arabic 'nafrat' + Urdu 'karnā'.

Synonyms: بغض رکھنا, کراہت کرنا"
"دوستی کرنا","Translations:
EN: to make friends / to befriend / to fraternize / to form an alliance
AR: صَادَقَ / صَاحَبَ / تَآخَى / اِتَّحَدَ
FR: se faire des amis / se lier d'amitié / fraterniser / former une alliance

Definition:
(EN) Compound verb phrase meaning to start a friendly relationship with someone based on shared interests or mutual trust.

Example: اس نے اجنبی شہر میں نئے لوگوں سے دوستی کر لی۔

Translation: He made friends (befriended) with new people in the foreign city.

Root Word: Persian 'dostee' + Urdu 'karnā'.

Synonyms: یارانہ گانٹھنا, شناسائی پیدا کرنا"
"دشمنی کرنا","Translations:
EN: to act as an enemy / to be hostile / to oppose / to bear a grudge
AR: عادى / نَاصَبَ العَدَاء / خَصَمَ / نَازَعَ
FR: agir en ennemi / être hostile / s'opposer / garder rancune

Definition:
(EN) Compound verb phrase meaning to treat someone as an enemy and try to hurt or oppose them because of a previous conflict.

Example: بلاوجہ کسی سے دشمنی کرنا ٹھیک نہیں ہے۔

Translation: It is not right to be hostile (act as an enemy) toward anyone without reason.

Root Word: Persian 'dushmanee' + Urdu 'karnā'.

Synonyms: بیر رکھنا, مخالفت کرنا"
"جان قربان کرنا","Translations:
EN: to sacrifice life / to give one's life / to die for a cause / to be devoted
AR: ضَحَّى بِحَياتِه / اِسْتَشْهَدَ / بَذَلَ نَفْسَه / تَفَانَى
FR: sacrifier sa vie / donner sa vie / mourir pour une cause / être dévoué

Definition:
(EN) Compound verb phrase meaning to willingly die or undergo extreme suffering for the sake of one's country, religion, or a loved one.

Example: وطن کے لیے جان قربان کرنا سب سے بڑی سعادت ہے۔

Translation: To sacrifice one's life (give one's life) for the country is the greatest honor.

Root Word: Persian 'jān' + Arabic 'qurbān' + Urdu 'karnā'.

Synonyms: فدا ہونا, نثار ہونا"
"لڑائی کرنا","Translations:
EN: to fight / to quarrel / to battle / to dispute
AR: تَعَارَكَ / تَقَاتَلَ / تَخَاصَمَ / نَازَعَ
FR: se battre / se quereller / batailler / contester

Definition:
(EN) Compound verb phrase meaning to use physical force or angry words against someone because of a disagreement or a war.

Example: چھوٹی چھوٹی باتوں پر لڑائی کرنا اچھی بات نہیں۔

Translation: It is not a good thing to fight (quarrel) over small matters.

Root Word: Hindi 'laṛāee' + Urdu 'karnā'.

Synonyms: جھگڑنا, جنگ کرنا"
"صلح کرنا","Translations:
EN: to make peace / to reconcile / to compromise / to settle a dispute
AR: تَصَالَحَ / صَالَحَ / تَهَادَنَ / سَوَّى الخِلاف
FR: faire la paix / se réconcilier / faire un compromis / régler un différend

Definition:
(EN) Compound verb phrase meaning to end a fight or a disagreement and start being friendly or cooperative again.

Example: ان دونوں قبیلوں نے آپس میں صلح کر لی۔

Translation: These two tribes made peace (reconciled) with each other.

Root Word: Arabic 'ṣulḥ' + Urdu 'karnā'.

Synonyms: راضی نامہ کرنا, سمجھوتہ کرنا"
"معاف کرنا","Translations:
EN: to forgive / to pardon / to excuse / to remit (sin/debt)
AR: غَفَرَ / عَفَا / سَامَحَ / أَعْفَى
FR: pardonner / gracier / excuser / remettre (péché/dette)

Definition:
(EN) Compound verb phrase meaning to stop feeling angry or wanting to punish someone for a mistake or a crime they committed.

Example: غلطی کرنے والے کو معاف کرنا بڑائی کی نشانی ہے۔

Translation: Forgiving (pardoning) the one who makes a mistake is a sign of greatness.

Root Word: Arabic 'muʿāf' + Urdu 'karnā'.

Synonyms: درگزر کرنا, بخش دینا"
"انابت کرنا","Translations:
EN: to turn towards God / to repent (highly formal/spiritual) / to return / to seek refuge
AR: أَنَابَ إِلَى الله / تَابَ / رَجَعَ / اِعْتَصَمَ
FR: se tourner vers Dieu / se repentir (très formel/spirituel) / retourner / chercher refuge

Definition:
(EN) Highly formal and spiritual compound verb meaning to turn one's heart sincerely toward the Divine, seeking forgiveness and guidance after going astray.

Example: سچے دل سے انابت کرنا ہی نجات کا راستہ ہے۔

Translation: Turning towards God (repenting) with a sincere heart is the path to salvation.

Root Word: Arabic 'inābat' + Urdu 'karnā'.

Synonyms: توبہ کرنا, رجوع لانا"
"عبادت کرنا","Translations:
EN: to worship / to pray / to serve (God) / to adore
AR: عَبَدَ / تَعَبَّدَ / صَلَّى / نَسَكَ
FR: adorer / prier / servir (Dieu) / vénérer

Definition:
(EN) Compound verb meaning to perform religious acts and show total devotion to a deity.

Example: وہ رات بھر اللہ کی عبادت کرتا ہے۔

Translation: He worships (serves God) the whole night.

Root Word: Arabic 'ʿibādat' + Urdu 'karnā'.

Synonyms: پوجا کرنا, بندگی کرنا"
"دعا مانگنا","Translations:
EN: to pray / to supplicate / to ask God / to invoke blessings
AR: دَعَا الله / اِبْتَهَلَ / تَضَرَّعَ / نَاشَدَ
FR: prier / supplier / demander à Dieu / invoquer des bénédictions

Definition:
(EN) Compound verb phrase meaning to speak to God to ask for something or to seek help for yourself or others.

Example: ہمیں دوسروں کی بھلائی کے لیے بھی دعا مانگنی چاہیے۔

Translation: We should also pray (supplicate) for the welfare of others.

Root Word: Arabic 'duʿā' + Hindi 'māngnā'.

Synonyms: التجاء کرنا, مناجات کرنا"
"شکر کرنا","Translations:
EN: to give thanks / to be grateful / to appreciate / to acknowledge a favor
AR: شَكَرَ / حَمِدَ / اِمْتَنَّ / قَدَّرَ
FR: rendre grâce / être reconnaissant / apprécier / reconnaître une faveur

Definition:
(EN) Compound verb phrase meaning to express gratitude for a blessing, a gift, or help received from God or a person.

Example: ہر حال میں اللہ کا شکر کرنا چاہیے۔

Translation: One should give thanks (be grateful) to Allah in every situation.

Root Word: Arabic 'shukr' + Urdu 'karnā'.

Synonyms: احسان ماننا, حمد و ثنا کرنا"
"صبر کرنا","Translations:
EN: to be patient / to endure / to persevere / to wait calmly
AR: صَبَرَ / اِحْتَمَلَ / ثَابَرَ / تَجَلَّدَ
FR: être patient / endurer / persévérer / attendre calmement

Definition:
(EN) Compound verb phrase meaning to stay calm and not get angry or lose hope during a difficult or painful time.

Example: مشکل وقت میں صبر کرنا بہت بڑی صفت ہے۔

Translation: Being patient (enduring) in difficult times is a great quality.

Root Word: Arabic 'ṣabr' + Urdu 'karnā'.

Synonyms: برداشت کرنا, تحمل سے کام لینا"
"محنت کرنا","Translations:
EN: to work hard / to strive / to toil / to labor
AR: اِجْتَهَدَ / كَدَحَ / سَعَى بِيَقِين / شَقِيَ
FR: travailler dur / s'efforcer / peiner / travailler

Definition:
(EN) Compound verb phrase meaning to put a lot of physical or mental effort into a job or a task to achieve a result.

Example: کامیابی کے لیے محنت کرنا لازمی ہے۔

Translation: It is essential to work hard (strive) for success.

Root Word: Arabic 'meḥnat' + Urdu 'karnā'.

Synonyms: کوشش کرنا, جانفشانی کرنا"
"تگ و دو کرنا","Translations:
EN: to struggle / to run about (highly formal/literary) / to strive hard / to exert effort
AR: سَعَى حَثِيثًا / كَافَحَ / نَاضَلَ / رَكَضَ بَحْثًا عَنْ
FR: lutter / courir partout (très formel/littéraire) / s'efforcer / exercer des efforts

Definition:
(EN) Highly formal and literary compound verb meaning to make repeated and energetic efforts, often involving traveling or running between places, to get a job done or solve a problem.

Example: اس نے نوکری حاصل کرنے کے لیے بہت تگ و دو کی۔

Translation: He struggled hard (ran about) a lot to get a job.

Root Word: Persian 'tag-o-dou' + Urdu 'karnā'.

Synonyms: کوشش کرنا، دوڑ دھوپ کرنا"
"کامیاب ہونا","Translations:
EN: to be successful / to succeed / to prosper / to triumph
AR: نَجَحَ / أَفْلَحَ / فَازَ / اِنْتَصَرَ
FR: réussir / prospérer / triompher / avoir du succès

Definition:
(EN) Compound verb phrase meaning to achieve a goal, to pass an exam, or to reach a high position in life.

Example: وہ اپنی محنت سے کامیاب ہو گیا۔

Translation: He became successful (succeeded) through his hard work.

Root Word: Persian 'kāmyāb' + Urdu 'honā'.

Synonyms: بامراد ہونا, فتح مند ہونا"
"ناکام ہونا","Translations:
EN: to fail / to be unsuccessful / to fall through / to miscarry
AR: فَشَلَ / أَخْفَقَ / خَابَ / لَمْ يَنْجَحْ
FR: échouer / ne pas réussir / tomber à l'eau / faire une fausse couche

Definition:
(EN) Compound verb phrase meaning to not achieve the result you wanted or expected, or for a plan to stop working.

Example: وہ امتحان میں ناکام ہو گیا۔

Translation: He failed (was unsuccessful) in the exam.

Root Word: Persian 'nākām' + Urdu 'honā'.

Synonyms: نامراد ہونا, مات کھانا"
"ہمت ہارنا","Translations:
EN: to lose courage / to give up / to be disheartened / to yield
AR: فَقَدَ الشَّجَاعَة / اِسْتَسْلَمَ / يَئِسَ / خَارَتْ قُواه
FR: perdre courage / abandonner / être découragé / céder

Definition:
(EN) Compound verb phrase meaning to stop trying because you feel that a situation is too difficult or that you cannot win.

Example: ہمیں کبھی ہمت نہیں ہارنی چاہیے۔

Translation: We should never lose courage (give up).

Root Word: Hindi 'himmat' + 'hārnā'.

Synonyms: مایوس ہونا, دل چھوڑ دینا"
"سر کرنا","Translations:
EN: to conquer / to scale (a peak) / to achieve (a difficult task) / to perform (formal)
AR: فَتَحَ / تَسَلَّقَ / أَنْجَزَ / قَامَ بـ
FR: conquérir / gravir (un sommet) / accomplir (une tâche difficile) / exécuter (formel)

Definition:
(EN) Highly formal and literary compound verb meaning to successfully finish a very difficult mission, to climb a high mountain, or to defeat an enemy fortress.

Example: کوہ پیماؤں نے کے ٹو کی چوٹی سر کر لی۔

Translation: The mountaineers conquered (scaled) the peak of K2.

Root Word: Persian 'sar' + Urdu 'karnā'.

Synonyms: فتح کرنا, مکمل کرنا"
