rank,level,target,english,attribution
1,B,Puis-je vous appeler demain ?,Can I call you tomorrow?,CC-BY 2.0 (France) Attribution: tatoeba.org #3819213 (CK) & #3328426 (Aiji)
2,B,"Pouvez-vous m'aider, s'il vous plait ?","Can you help me, please?",CC-BY 2.0 (France) Attribution: tatoeba.org #434408 (lukaszpp) & #453152 (mamat)
3,B,Peux-tu me dire comment ?,Can you tell me how?,CC-BY 2.0 (France) Attribution: tatoeba.org #5182631 (CK) & #5186312 (Mag14)
4,B,Pouvez-vous me dire comment ?,Can you tell me how?,CC-BY 2.0 (France) Attribution: tatoeba.org #5182631 (CK) & #5186313 (Mag14)
5,B,Pourriez-vous m'aider s'il vous plaît ?,Could you please help me?,CC-BY 2.0 (France) Attribution: tatoeba.org #40087 (CK) & #339608 (sysko)
6,B,As-tu fait ton travail ?,Did you do your work?,CC-BY 2.0 (France) Attribution: tatoeba.org #495125 (adjusting) & #487879 (franzmimm)
7,B,Aimez-vous votre travail ?,Do you like your work?,CC-BY 2.0 (France) Attribution: tatoeba.org #3815121 (Jenn) & #5998776 (Aiji)
8,B,As-tu besoin de notre aide ?,Do you need our help?,CC-BY 2.0 (France) Attribution: tatoeba.org #1541824 (JimBreen) & #8003 (sysko)
9,B,Avez-vous besoin de notre aide ?,Do you need our help?,CC-BY 2.0 (France) Attribution: tatoeba.org #1541824 (JimBreen) & #1542711 (sacredceltic)
10,B,En quoi puis-je vous aider ?,How can I help you?,CC-BY 2.0 (France) Attribution: tatoeba.org #436103 (lukaszpp) & #6757 (sacredceltic)
11,B,En quoi puis-je vous être utile ?,How can I help you?,CC-BY 2.0 (France) Attribution: tatoeba.org #436103 (lukaszpp) & #12432663 (Orange)
12,B,Comment puis-je vous être utile ?,How can I help you?,CC-BY 2.0 (France) Attribution: tatoeba.org #436103 (lukaszpp) & #12432664 (Orange)
13,B,Comment puis-je t’être utile ?,How can I help you?,CC-BY 2.0 (France) Attribution: tatoeba.org #436103 (lukaszpp) & #12432665 (Orange)
14,B,En quoi puis-je t’être utile ?,How can I help you?,CC-BY 2.0 (France) Attribution: tatoeba.org #436103 (lukaszpp) & #12432667 (Orange)
15,B,Comment pouvons-nous vous aider ?,How can we help you?,CC-BY 2.0 (France) Attribution: tatoeba.org #3162159 (CK) & #8816056 (felix63)
16,B,Comment peut-on vous aider ?,How can we help you?,CC-BY 2.0 (France) Attribution: tatoeba.org #3162159 (CK) & #8816091 (felix63)
17,B,Comment pouvons-nous te remercier ?,How can we thank you?,CC-BY 2.0 (France) Attribution: tatoeba.org #1885947 (CK) & #2036272 (sacredceltic)
18,B,Comment pouvons-nous vous remercier ?,How can we thank you?,CC-BY 2.0 (France) Attribution: tatoeba.org #1885947 (CK) & #2036275 (sacredceltic)
19,B,Comment pourrais-tu m'aider ?,How could you help me?,CC-BY 2.0 (France) Attribution: tatoeba.org #5760180 (CK) & #5760208 (Yemana)
20,B,Comment pourriez-vous m'aider ?,How could you help me?,CC-BY 2.0 (France) Attribution: tatoeba.org #5760180 (CK) & #5760209 (Yemana)
21,B,Comment puis-je vous remercier ?,How do I thank you?,CC-BY 2.0 (France) Attribution: tatoeba.org #3731948 (CM) & #3829093 (sacredceltic)
22,B,Comment puis-je te remercier ?,How do I thank you?,CC-BY 2.0 (France) Attribution: tatoeba.org #3731948 (CM) & #3829094 (sacredceltic)
23,B,D'où me connais-tu ?,How do you know me?,CC-BY 2.0 (France) Attribution: tatoeba.org #7729071 (soliloquist) & #1336778 (sacredceltic)
24,B,Comment me connaissez-vous ?,How do you know me?,CC-BY 2.0 (France) Attribution: tatoeba.org #7729071 (soliloquist) & #9557201 (Micsmithel)
25,B,Qu'est-ce que je peux y faire ?,What can I do there?,CC-BY 2.0 (France) Attribution: tatoeba.org #9400836 (BobbyLee) & #8685567 (Julien_PDC)
26,B,Que puis-je vous dire ?,What can I tell you?,CC-BY 2.0 (France) Attribution: tatoeba.org #3731952 (CM) & #3816698 (sacredceltic)
27,B,Que puis-je te dire ?,What can I tell you?,CC-BY 2.0 (France) Attribution: tatoeba.org #3731952 (CM) & #3816699 (sacredceltic)
28,B,Que vous ai-je dit ?,What did I tell you?,CC-BY 2.0 (France) Attribution: tatoeba.org #3199845 (CK) & #4232420 (sacredceltic)
29,B,Que t'ai-je dit ?,What did I tell you?,CC-BY 2.0 (France) Attribution: tatoeba.org #3199845 (CK) & #4232421 (sacredceltic)
30,B,Comment m'as-tu appelé ?,What did you call me?,CC-BY 2.0 (France) Attribution: tatoeba.org #1886786 (CK) & #2061753 (sacredceltic)
31,B,Comment m'avez-vous appelé ?,What did you call me?,CC-BY 2.0 (France) Attribution: tatoeba.org #1886786 (CK) & #2061754 (sacredceltic)
32,B,Comment m'as-tu appelée ?,What did you call me?,CC-BY 2.0 (France) Attribution: tatoeba.org #1886786 (CK) & #2061755 (sacredceltic)
33,B,Comment m'avez-vous appelée ?,What did you call me?,CC-BY 2.0 (France) Attribution: tatoeba.org #1886786 (CK) & #2061757 (sacredceltic)
34,B,Qu’est-ce que tu as fait là ?,What did you do there?,CC-BY 2.0 (France) Attribution: tatoeba.org #51010 (CK) & #13239650 (Jozumaki)
35,B,Qu'avez-vous fait aujourd'hui ?,What did you do today?,CC-BY 2.0 (France) Attribution: tatoeba.org #2481353 (Opiejay888) & #464805 (stomate)
36,B,Qu'as-tu fait aujourd'hui ?,What did you do today?,CC-BY 2.0 (France) Attribution: tatoeba.org #2481353 (Opiejay888) & #467937 (sacredceltic)
37,B,Qu'est-ce que tu as à manger aujourd'hui ?,What did you eat today?,CC-BY 2.0 (France) Attribution: tatoeba.org #9373815 (CK) & #1357832 (rene1596)
38,B,Comment dois-je t'appeler ?,What do I call you?,CC-BY 2.0 (France) Attribution: tatoeba.org #3731951 (CM) & #3829084 (sacredceltic)
39,B,Comment dois-je vous appeler ?,What do I call you?,CC-BY 2.0 (France) Attribution: tatoeba.org #3731951 (CM) & #3829085 (sacredceltic)
40,B,À quelle heure pouvez-vous venir ?,What time can you come?,CC-BY 2.0 (France) Attribution: tatoeba.org #24565 (CK) & #1270481 (sacredceltic)
41,B,À quelle heure as-tu mangé ?,What time did you eat?,CC-BY 2.0 (France) Attribution: tatoeba.org #24571 (CK) & #392074 (Sushiman)
42,B,Quelle heure vous avez ?,What time do you have?,CC-BY 2.0 (France) Attribution: tatoeba.org #24596 (blay_paul) & #11146324 (Aiji)
43,B,Quand puis-je vous appeler ?,When can I call you?,CC-BY 2.0 (France) Attribution: tatoeba.org #1187830 (Eldad) & #1188006 (sacredceltic)
44,B,Qui connais-tu ici ?,Who do you know here?,CC-BY 2.0 (France) Attribution: tatoeba.org #2072331 (CK) & #5484472 (pititnatole)
45,B,Qui connaissez-vous ici ?,Who do you know here?,CC-BY 2.0 (France) Attribution: tatoeba.org #2072331 (CK) & #5484474 (pititnatole)
46,B,Qui est-ce que tu connais ici ?,Who do you know here?,CC-BY 2.0 (France) Attribution: tatoeba.org #2072331 (CK) & #5484475 (pititnatole)
47,B,Qui est-ce que vous connaissez ici ?,Who do you know here?,CC-BY 2.0 (France) Attribution: tatoeba.org #2072331 (CK) & #5484476 (pititnatole)
48,B,Qui y connaissez-vous ?,Who do you know there?,CC-BY 2.0 (France) Attribution: tatoeba.org #3911214 (felvideki) & #9455486 (sacredceltic)
49,B,Qui y connais-tu ?,Who do you know there?,CC-BY 2.0 (France) Attribution: tatoeba.org #3911214 (felvideki) & #9455487 (sacredceltic)
50,B,Pourquoi sommes-nous ici aujourd'hui ?,Why are we here today?,CC-BY 2.0 (France) Attribution: tatoeba.org #4012487 (CK) & #6402425 (Aiji)
51,B,Pourquoi m'as-tu appelé ?,Why did you call me?,CC-BY 2.0 (France) Attribution: tatoeba.org #1098702 (cntrational) & #1099418 (sacredceltic)
52,B,Pourquoi m'avez-vous appelé ?,Why did you call me?,CC-BY 2.0 (France) Attribution: tatoeba.org #1098702 (cntrational) & #1099419 (sacredceltic)
53,B,Pourquoi es-tu venu ici ?,Why did you come here?,CC-BY 2.0 (France) Attribution: tatoeba.org #392144 (CK) & #427691 (slist)
54,B,Pourquoi es-tu venue ici ?,Why did you come here?,CC-BY 2.0 (France) Attribution: tatoeba.org #392144 (CK) & #470114 (sacredceltic)
55,B,Pourquoi êtes-vous venus ici ?,Why did you come here?,CC-BY 2.0 (France) Attribution: tatoeba.org #392144 (CK) & #2159317 (sacredceltic)
56,B,Pourquoi êtes-vous venu ici ?,Why did you come here?,CC-BY 2.0 (France) Attribution: tatoeba.org #392144 (CK) & #2159318 (sacredceltic)
57,B,Pourquoi êtes-vous venue ici ?,Why did you come here?,CC-BY 2.0 (France) Attribution: tatoeba.org #392144 (CK) & #2159319 (sacredceltic)
58,B,Pourquoi êtes-vous venues ici ?,Why did you come here?,CC-BY 2.0 (France) Attribution: tatoeba.org #392144 (CK) & #2159320 (sacredceltic)
59,B,Pourquoi êtes-vous rentré à la maison?,Why did you go home?,CC-BY 2.0 (France) Attribution: tatoeba.org #3300125 (CM) & #7778168 (tras)
60,B,Pourquoi m'as-tu aidé ?,Why did you help me?,CC-BY 2.0 (France) Attribution: tatoeba.org #3161707 (CK) & #7289631 (Rockaround)
61,B,Pourquoi as-tu dit non ?,Why did you say no?,CC-BY 2.0 (France) Attribution: tatoeba.org #3822017 (CK) & #8833935 (Rockaround)
62,B,Pourquoi ai-je besoin d'aide ?,Why do I need help?,CC-BY 2.0 (France) Attribution: tatoeba.org #2633240 (meerkat) & #7361975 (Rockaround)
63,B,Pourquoi est-ce que tu travailles ici ?,Why do you work here?,CC-BY 2.0 (France) Attribution: tatoeba.org #36464 (CK) & #2504976 (kiyo)
64,B,Pourquoi me voudriez-vous ?,Why would you want me?,CC-BY 2.0 (France) Attribution: tatoeba.org #3730543 (CM) & #4115563 (sacredceltic)
65,B,Pourquoi me voudrais-tu ?,Why would you want me?,CC-BY 2.0 (France) Attribution: tatoeba.org #3730543 (CM) & #4115564 (sacredceltic)
66,B,Sais-tu ce que j'ai fait?,Do you know what I did?,CC-BY 2.0 (France) Attribution: tatoeba.org #5136520 (Airvian) & #5137017 (gege_veggie)
67,B,Savez-vous ce que je veux ?,Do you know what I want?,CC-BY 2.0 (France) Attribution: tatoeba.org #3818734 (CK) & #6834667 (janfred)
68,B,Sais-tu ce que je veux ?,Do you know what I want?,CC-BY 2.0 (France) Attribution: tatoeba.org #3818734 (CK) & #6834670 (janfred)
69,B,Tu sais quel jour on est ?,Do you know what today is?,CC-BY 2.0 (France) Attribution: tatoeba.org #12095808 (CK) & #7702135 (Maxence)
70,B,Vous savez quel jour on est ?,Do you know what today is?,CC-BY 2.0 (France) Attribution: tatoeba.org #12095808 (CK) & #13370099 (genes1s)
71,B,Savez-vous qui nous sommes ?,Do you know who we are?,CC-BY 2.0 (France) Attribution: tatoeba.org #2891109 (CK) & #6134172 (Aiji)
72,B,Sais-tu qui nous sommes ?,Do you know who we are?,CC-BY 2.0 (France) Attribution: tatoeba.org #2891109 (CK) & #6134173 (Aiji)
73,B,Comment penses-tu que je me sente ?,How do you think I feel?,CC-BY 2.0 (France) Attribution: tatoeba.org #1885913 (CK) & #2042543 (sacredceltic)
74,B,Comment pensez-vous que je me sente ?,How do you think I feel?,CC-BY 2.0 (France) Attribution: tatoeba.org #1885913 (CK) & #2042545 (sacredceltic)
75,B,Que pensez-vous que j'aie fait ?,What do you think I did?,CC-BY 2.0 (France) Attribution: tatoeba.org #3737716 (CK) & #4235343 (sacredceltic)
76,B,Que penses-tu que j'aie fait ?,What do you think I did?,CC-BY 2.0 (France) Attribution: tatoeba.org #3737716 (CK) & #4235344 (sacredceltic)
77,B,À quelle heure rentrez-vous à la maison ?,What time do you go home?,CC-BY 2.0 (France) Attribution: tatoeba.org #70296 (CK) & #139293 (hortusdei)
78,B,À quelle heure rentres-tu chez toi ?,What time do you go home?,CC-BY 2.0 (France) Attribution: tatoeba.org #70296 (CK) & #792144 (sacredceltic)
79,B,Qu'est-ce que vous auriez voulu que je fasse ?,What would you have me do?,CC-BY 2.0 (France) Attribution: tatoeba.org #69333 (CK) & #1174472 (rene1596)
80,B,Qu'est-ce que tu voulais que je fasse ?,What would you have me do?,CC-BY 2.0 (France) Attribution: tatoeba.org #69333 (CK) & #1174473 (rene1596)
81,B,Qu'auriez-vous voulu que je fisse ?,What would you have me do?,CC-BY 2.0 (France) Attribution: tatoeba.org #69333 (CK) & #1309658 (sacredceltic)
82,B,Que voudrais-tu que je fasse ?,What would you have me do?,CC-BY 2.0 (France) Attribution: tatoeba.org #69333 (CK) & #1309662 (sacredceltic)
83,B,Tu nous prends pour qui ?,Who do you think we are?,CC-BY 2.0 (France) Attribution: tatoeba.org #3014896 (CK) & #7745679 (lbdx)
84,B,Pourquoi es-tu venu ici aujourd'hui ?,Why did you come here today?,CC-BY 2.0 (France) Attribution: tatoeba.org #1164861 (CK) & #1169862 (sacredceltic)
85,B,Pourquoi es-tu venue ici aujourd'hui ?,Why did you come here today?,CC-BY 2.0 (France) Attribution: tatoeba.org #1164861 (CK) & #1169863 (sacredceltic)
86,B,Pourquoi êtes-vous venu ici aujourd'hui ?,Why did you come here today?,CC-BY 2.0 (France) Attribution: tatoeba.org #1164861 (CK) & #1169864 (sacredceltic)
87,B,Pourquoi êtes-vous venue ici aujourd'hui ?,Why did you come here today?,CC-BY 2.0 (France) Attribution: tatoeba.org #1164861 (CK) & #1169865 (sacredceltic)
88,B,Pourquoi êtes-vous venus ici aujourd'hui ?,Why did you come here today?,CC-BY 2.0 (France) Attribution: tatoeba.org #1164861 (CK) & #1169866 (sacredceltic)
89,B,Pourquoi êtes-vous venues ici aujourd'hui ?,Why did you come here today?,CC-BY 2.0 (France) Attribution: tatoeba.org #1164861 (CK) & #1169867 (sacredceltic)
90,B,Pourquoi as-tu besoin de mon aide?,Why do you want my help?,CC-BY 2.0 (France) Attribution: tatoeba.org #7460969 (CK) & #7465692 (tras)
91,B,Je peux vous offrir un verre ?,Can I buy you a drink?,CC-BY 2.0 (France) Attribution: tatoeba.org #27375 (CK) & #11378996 (lbdx)
92,B,Puis-je prendre ici mon déjeuner ?,Can I eat my lunch here?,CC-BY 2.0 (France) Attribution: tatoeba.org #953150 (CK) & #1329196 (sacredceltic)
93,B,Pouvez-vous deviner ce que j'ai ?,Can you guess what I have?,CC-BY 2.0 (France) Attribution: tatoeba.org #246634 (CK) & #8060 (sacredceltic)
94,B,Peux-tu deviner ce que j'ai ?,Can you guess what I have?,CC-BY 2.0 (France) Attribution: tatoeba.org #246634 (CK) & #333134 (sysko)
95,B,Pouvez-vous me donner l'heure ?,Can you tell me the time?,CC-BY 2.0 (France) Attribution: tatoeba.org #264007 (CK) & #128123 (nimfeo)
96,B,Peux-tu me dire ce qu'il s'est passé?,Can you tell me what happened?,CC-BY 2.0 (France) Attribution: tatoeba.org #1989672 (Spamster) & #6489423 (Micsmithel)
97,B,Peux-tu me dire ton adresse ?,Can you tell me your address?,CC-BY 2.0 (France) Attribution: tatoeba.org #391069 (sysko) & #391068 (sysko)
98,B,"Je peux vous parler, s'il vous plaît ?","Could I speak with you, please?",CC-BY 2.0 (France) Attribution: tatoeba.org #3183466 (CK) & #10940024 (lbdx)
99,B,Est-ce que tu peux m'appeler ce soir s'il te plaît ?,"Could you call me tonight, please?",CC-BY 2.0 (France) Attribution: tatoeba.org #243197 (CK) & #8401 (sacredceltic)
100,B,Pourrais-tu m'aider à faire ça ?,Could you help me do this?,CC-BY 2.0 (France) Attribution: tatoeba.org #6126645 (CK) & #6630980 (Aiji)
101,B,Pourriez-vous m'aider à faire ceci ?,Could you help me do this?,CC-BY 2.0 (France) Attribution: tatoeba.org #6126645 (CK) & #6630981 (Aiji)
102,B,Pourriez-vous me ramener chez moi ?,Could you please drive me home?,CC-BY 2.0 (France) Attribution: tatoeba.org #24131 (CK) & #11135126 (Aiji)
103,B,Ai-je dit que tu pouvais t'exprimer ?,Did I say you could talk?,CC-BY 2.0 (France) Attribution: tatoeba.org #3181285 (CK) & #4235311 (sacredceltic)
104,B,Ai-je dit que vous pouviez vous exprimer ?,Did I say you could talk?,CC-BY 2.0 (France) Attribution: tatoeba.org #3181285 (CK) & #4235312 (sacredceltic)
105,B,Avez-vous fait ce que j'ai demandé ?,Did you do what I asked?,CC-BY 2.0 (France) Attribution: tatoeba.org #3826513 (CK) & #4235389 (sacredceltic)
106,B,As-tu fait ce que j'ai demandé ?,Did you do what I asked?,CC-BY 2.0 (France) Attribution: tatoeba.org #3826513 (CK) & #4235390 (sacredceltic)
107,B,Es-tu allé à l'école aujourd'hui ?,Did you go to school today?,CC-BY 2.0 (France) Attribution: tatoeba.org #370683 (saeb) & #386049 (sysko)
108,B,As-tu dit oui ou non ?,Did you say yes or no?,CC-BY 2.0 (France) Attribution: tatoeba.org #5205855 (CK) & #5206236 (davidcfres)
109,B,As-tu compris ce que j'ai dit ?,Did you understand what I said?,CC-BY 2.0 (France) Attribution: tatoeba.org #6708324 (CK) & #8851728 (Julien_PDC)
110,B,Avez-vous compris ce que j'ai dit ?,Did you understand what I said?,CC-BY 2.0 (France) Attribution: tatoeba.org #6708324 (CK) & #8851729 (Julien_PDC)
111,B,Me faut-il vous payer ?,Do I have to pay you?,CC-BY 2.0 (France) Attribution: tatoeba.org #1886119 (CK) & #2036197 (sacredceltic)
112,B,Me faut-il te payer ?,Do I have to pay you?,CC-BY 2.0 (France) Attribution: tatoeba.org #1886119 (CK) & #2036198 (sacredceltic)
113,B,Dois-je vous payer ?,Do I have to pay you?,CC-BY 2.0 (France) Attribution: tatoeba.org #1886119 (CK) & #2036199 (sacredceltic)
114,B,Dois-je te payer ?,Do I have to pay you?,CC-BY 2.0 (France) Attribution: tatoeba.org #1886119 (CK) & #2036200 (sacredceltic)
115,B,As-tu envie de prendre un verre ?,Do you feel like a drink?,CC-BY 2.0 (France) Attribution: tatoeba.org #2951648 (CK) & #3637481 (sacredceltic)
116,B,Avez-vous envie de prendre un verre ?,Do you feel like a drink?,CC-BY 2.0 (France) Attribution: tatoeba.org #2951648 (CK) & #3637483 (sacredceltic)
117,B,Dois-tu travailler aujourd'hui ?,Do you have to work today?,CC-BY 2.0 (France) Attribution: tatoeba.org #3819521 (CK) & #5730065 (Aiji)
118,B,Devez-vous travailler aujourd'hui ?,Do you have to work today?,CC-BY 2.0 (France) Attribution: tatoeba.org #3819521 (CK) & #5730066 (Aiji)
119,B,Sais-tu ce qu'est le bonheur ?,Do you know what happiness is?,CC-BY 2.0 (France) Attribution: tatoeba.org #2044718 (CK) & #6219198 (Aiji)
120,B,Savez-vous ce qu'est le bonheur ?,Do you know what happiness is?,CC-BY 2.0 (France) Attribution: tatoeba.org #2044718 (CK) & #6219199 (Aiji)
121,B,Savez-vous ce qu'il a fait ?,Do you know what he did?,CC-BY 2.0 (France) Attribution: tatoeba.org #795953 (awynands) & #129956 (Aiji)
122,B,Est-ce que tu sais ce que c'est ?,Do you know what it is?,CC-BY 2.0 (France) Attribution: tatoeba.org #69933 (CK) & #11060897 (lbdx)
123,B,Sais-tu ce qu'est l'amour ?,Do you know what love is?,CC-BY 2.0 (France) Attribution: tatoeba.org #2126162 (CM) & #2126490 (sacredceltic)
124,B,Savez-vous ce qu'est l'amour ?,Do you know what love is?,CC-BY 2.0 (France) Attribution: tatoeba.org #2126162 (CM) & #2126493 (sacredceltic)
125,B,Sais-tu ce qu'ils veulent ?,Do you know what they want?,CC-BY 2.0 (France) Attribution: tatoeba.org #1886086 (CK) & #5600026 (Aiji)
126,B,Sais-tu ce qu'elles veulent ?,Do you know what they want?,CC-BY 2.0 (France) Attribution: tatoeba.org #1886086 (CK) & #5600027 (Aiji)
127,B,Savez-vous ce qu'ils veulent ?,Do you know what they want?,CC-BY 2.0 (France) Attribution: tatoeba.org #1886086 (CK) & #5600028 (Aiji)
128,B,Savez-vous ce qu'elles veulent ?,Do you know what they want?,CC-BY 2.0 (France) Attribution: tatoeba.org #1886086 (CK) & #5600029 (Aiji)
129,B,Savez-vous ce que c'est ?,Do you know what this is?,CC-BY 2.0 (France) Attribution: tatoeba.org #70064 (CK) & #181354 (Romira)
130,B,Savez-vous où j'habite ?,Do you know where I live?,CC-BY 2.0 (France) Attribution: tatoeba.org #69349 (Kerstin) & #10401 (sysko)
131,B,Est-ce que tu sais où j'habite ?,Do you know where I live?,CC-BY 2.0 (France) Attribution: tatoeba.org #69349 (Kerstin) & #1174506 (rene1596)
132,B,Sais-tu où je vis ?,Do you know where I live?,CC-BY 2.0 (France) Attribution: tatoeba.org #69349 (Kerstin) & #1175609 (sacredceltic)
133,B,Sais-tu où c'est ?,Do you know where it is?,CC-BY 2.0 (France) Attribution: tatoeba.org #3823492 (CK) & #6171818 (Aiji)
134,B,Sais-tu où elle est ?,Do you know where it is?,CC-BY 2.0 (France) Attribution: tatoeba.org #3823492 (CK) & #6171820 (Aiji)
135,B,Savez-vous où c'est ?,Do you know where it is?,CC-BY 2.0 (France) Attribution: tatoeba.org #3823492 (CK) & #6171821 (Aiji)
136,B,Est-ce que tu sais où elle est ?,Do you know where she is?,CC-BY 2.0 (France) Attribution: tatoeba.org #308096 (CK) & #133632 (sacredceltic)
137,B,Sais-tu où il sont ?,Do you know where they are?,CC-BY 2.0 (France) Attribution: tatoeba.org #2644138 (CK) & #6947524 (Aiji)
138,B,Sais-tu où elles sont ?,Do you know where they are?,CC-BY 2.0 (France) Attribution: tatoeba.org #2644138 (CK) & #6947525 (Aiji)
139,B,Savez-vous où ils sont ?,Do you know where they are?,CC-BY 2.0 (France) Attribution: tatoeba.org #2644138 (CK) & #6947527 (Aiji)
140,B,Savez-vous où elles sont ?,Do you know where they are?,CC-BY 2.0 (France) Attribution: tatoeba.org #2644138 (CK) & #6947528 (Aiji)
141,B,Savez-vous où nous vivons ?,Do you know where we live?,CC-BY 2.0 (France) Attribution: tatoeba.org #1096505 (CK) & #1099561 (sacredceltic)
142,B,Sais-tu où nous vivons ?,Do you know where we live?,CC-BY 2.0 (France) Attribution: tatoeba.org #1096505 (CK) & #1099563 (sacredceltic)
143,B,Savez-vous qui je suis ?,Do you know who I am?,CC-BY 2.0 (France) Attribution: tatoeba.org #2726734 (WestofEden) & #2727034 (belgavox)
144,B,Sais-tu qui je suis ?,Do you know who I am?,CC-BY 2.0 (France) Attribution: tatoeba.org #2726734 (WestofEden) & #2727035 (belgavox)
145,B,Tu sais qui a fait ça ?,Do you know who did this?,CC-BY 2.0 (France) Attribution: tatoeba.org #2881843 (CK) & #11802168 (lbdx)
146,B,Savez-vous qui c'est ?,Do you know who he is?,CC-BY 2.0 (France) Attribution: tatoeba.org #15845 (CK) & #8051 (sacredceltic)
147,B,Savez-vous qui il est ?,Do you know who he is?,CC-BY 2.0 (France) Attribution: tatoeba.org #15845 (CK) & #130020 (Julien_PDC)
148,B,Sais-tu qui il est ?,Do you know who he is?,CC-BY 2.0 (France) Attribution: tatoeba.org #15845 (CK) & #915415 (sacredceltic)
149,B,Tu sais qui c'est ?,Do you know who it is?,CC-BY 2.0 (France) Attribution: tatoeba.org #2951749 (CK) & #6035256 (christian63)
150,B,Sais-tu qui elle est ?,Do you know who she is?,CC-BY 2.0 (France) Attribution: tatoeba.org #308085 (CK) & #139966 (hortusdei)
151,B,Savez-vous qui ils sont ?,Do you know who they are?,CC-BY 2.0 (France) Attribution: tatoeba.org #56304 (CK) & #11493 (sacredceltic)
152,B,Savez-vous qui elles sont ?,Do you know who they are?,CC-BY 2.0 (France) Attribution: tatoeba.org #56304 (CK) & #2477452 (Micsmithel)
153,B,Sais-tu qui ils sont ?,Do you know who they are?,CC-BY 2.0 (France) Attribution: tatoeba.org #56304 (CK) & #2477454 (Micsmithel)
154,B,Sais-tu qui elles sont ?,Do you know who they are?,CC-BY 2.0 (France) Attribution: tatoeba.org #56304 (CK) & #2477455 (Micsmithel)
155,B,Pensez-vous que je l'aie fait ?,Do you think I did it?,CC-BY 2.0 (France) Attribution: tatoeba.org #3333979 (CK) & #4235328 (sacredceltic)
156,B,Penses-tu que je l'aie fait ?,Do you think I did it?,CC-BY 2.0 (France) Attribution: tatoeba.org #3333979 (CK) & #4235329 (sacredceltic)
157,B,Penses-tu que c'est ce que je veux ?,Do you think I want this?,CC-BY 2.0 (France) Attribution: tatoeba.org #2012084 (CK) & #5489872 (Aiji)
158,B,Pensez-vous que cela soit ce que je veux ?,Do you think I want this?,CC-BY 2.0 (France) Attribution: tatoeba.org #2012084 (CK) & #5489874 (Aiji)
159,B,Tu penses que c'est ce que je veux ?,Do you think I want this?,CC-BY 2.0 (France) Attribution: tatoeba.org #2012084 (CK) & #9832504 (Micsmithel)
160,B,Pensez-vous que cela marcherait ?,Do you think that would work?,CC-BY 2.0 (France) Attribution: tatoeba.org #3345278 (CK) & #8755860 (Aiji)
161,B,Est-ce que tu penses que ça marcherait ?,Do you think that would work?,CC-BY 2.0 (France) Attribution: tatoeba.org #3345278 (CK) & #8755861 (Aiji)
162,B,Pensez-vous qu'il existe des extraterrestres ?,Do you think there are aliens?,CC-BY 2.0 (France) Attribution: tatoeba.org #4717618 (xorgy) & #11660289 (Aiji)
163,B,Est-ce que tu veux que je vienne ?,Do you want me to come?,CC-BY 2.0 (France) Attribution: tatoeba.org #3343235 (CK) & #4274098 (michelnialon)
164,B,Voulez-vous que je vienne ?,Do you want me to come?,CC-BY 2.0 (France) Attribution: tatoeba.org #3343235 (CK) & #9823559 (Micsmithel)
165,B,Veux-tu que j'attende ?,Do you want me to wait?,CC-BY 2.0 (France) Attribution: tatoeba.org #2011739 (CK) & #5458159 (Aiji)
166,B,Voulez-vous que j'attende ?,Do you want me to wait?,CC-BY 2.0 (France) Attribution: tatoeba.org #2011739 (CK) & #5458160 (Aiji)
167,B,Voulez-vous m'aider ?,Do you want to help me?,CC-BY 2.0 (France) Attribution: tatoeba.org #2011744 (CK) & #4274095 (michelnialon)
168,B,Veux-tu savoir pourquoi ?,Do you want to know why?,CC-BY 2.0 (France) Attribution: tatoeba.org #2011854 (CK) & #6860972 (Micsmithel)
169,B,"Je vous prie de m'excuser, quelle heure est-il ?","Excuse me, what time is it?",CC-BY 2.0 (France) Attribution: tatoeba.org #385392 (Mouseneb) & #804579 (sacredceltic)
170,B,Comment puis-je te faire comprendre ?,How can I make you understand?,CC-BY 2.0 (France) Attribution: tatoeba.org #5658769 (mailohilohi) & #6845630 (Rockaround)
171,B,D'où connaissais-tu mon nom ?,How did you know my name?,CC-BY 2.0 (France) Attribution: tatoeba.org #1885921 (CK) & #2049604 (sacredceltic)
172,B,D'où connaissiez-vous mon nom ?,How did you know my name?,CC-BY 2.0 (France) Attribution: tatoeba.org #1885921 (CK) & #2049606 (sacredceltic)
173,B,Comment le dire à mes parents ?,How do I tell my parents?,CC-BY 2.0 (France) Attribution: tatoeba.org #12146859 (sundown) & #13517321 (sacredceltic)
174,B,Comment allez-vous à l'école ?,How do you go to school?,CC-BY 2.0 (France) Attribution: tatoeba.org #38327 (CK) & #181595 (Romira)
175,B,Comment connaissez-vous mon nom ?,How do you know my name?,CC-BY 2.0 (France) Attribution: tatoeba.org #839341 (mahdiye) & #10726032 (Fenrir)
176,B,Comment savez-vous mon nom ?,How do you know my name?,CC-BY 2.0 (France) Attribution: tatoeba.org #839341 (mahdiye) & #12273000 (felix63)
177,B,D'où connaissez-vous ma femme ?,How do you know my wife?,CC-BY 2.0 (France) Attribution: tatoeba.org #10031829 (ddnktr) & #8549816 (felix63)
178,B,Comment trouvez-vous ma maison ?,How do you like my house?,CC-BY 2.0 (France) Attribution: tatoeba.org #3123348 (CK) & #11163893 (Aiji)
179,B,À quoi passez-vous votre temps ?,How do you spend your time?,CC-BY 2.0 (France) Attribution: tatoeba.org #3592195 (CK) & #3601359 (sacredceltic)
180,B,À quoi passes-tu ton temps ?,How do you spend your time?,CC-BY 2.0 (France) Attribution: tatoeba.org #3592195 (CK) & #3601361 (sacredceltic)
181,B,Que penses-tu que j'aie ressenti ?,How do you think I felt?,CC-BY 2.0 (France) Attribution: tatoeba.org #3592244 (CK) & #3600143 (sacredceltic)
182,B,Que pensez-vous que j'aie ressenti ?,How do you think I felt?,CC-BY 2.0 (France) Attribution: tatoeba.org #3592244 (CK) & #3600144 (sacredceltic)
183,B,Comment aimeriez-vous votre café ?,How do you want your coffee?,CC-BY 2.0 (France) Attribution: tatoeba.org #8656246 (ajje) & #914349 (sacredceltic)
184,B,Comment voulez-vous vos œufs ?,How do you want your eggs?,CC-BY 2.0 (France) Attribution: tatoeba.org #2951896 (CK) & #474117 (sacredceltic)
185,B,Comment veux-tu tes œufs ?,How do you want your eggs?,CC-BY 2.0 (France) Attribution: tatoeba.org #2951896 (CK) & #474118 (sacredceltic)
186,B,Comment voulez-vous les œufs ?,How do you want your eggs?,CC-BY 2.0 (France) Attribution: tatoeba.org #2951896 (CK) & #7696602 (Maxence)
187,B,Que puis-je faire d'autre pour t'aider ?,How else can I help you?,CC-BY 2.0 (France) Attribution: tatoeba.org #3162158 (CK) & #9710451 (lbdx)
188,B,J'ai combien de temps ?,How much time do I have?,CC-BY 2.0 (France) Attribution: tatoeba.org #2912640 (CK) & #10937634 (lbdx)
189,B,Combien de temps me faut-il ?,How much time do I need?,CC-BY 2.0 (France) Attribution: tatoeba.org #11899585 (zogwarg) & #11899580 (JSKabylie15)
190,B,Quelle cuisson pour votre steak ?,How would you like your steak?,CC-BY 2.0 (France) Attribution: tatoeba.org #51914 (CK) & #472236 (sacredceltic)
191,B,Quelle cuisson voudrais-tu pour ton bifteck ?,How would you like your steak?,CC-BY 2.0 (France) Attribution: tatoeba.org #51914 (CK) & #1099387 (sacredceltic)
192,B,Y a-t-il quelque chose que nous puissions faire ?,Is there anything we can do?,CC-BY 2.0 (France) Attribution: tatoeba.org #1886894 (CK) & #1630595 (sacredceltic)
193,B,Y a-t-il quelque chose que tu puisses faire ?,Is there anything you can do?,CC-BY 2.0 (France) Attribution: tatoeba.org #25294 (mamat) & #488697 (mamat)
194,B,Qu'est-ce que je peux faire pour toi ?,What can I do for you?,CC-BY 2.0 (France) Attribution: tatoeba.org #1037900 (CK) & #5324578 (Aiji)
195,B,Que puis-je faire pour aider ?,What can I do to help?,CC-BY 2.0 (France) Attribution: tatoeba.org #3434295 (CK) & #11614251 (Aiji)
196,B,Que puis-je pour votre service ?,What can I help you with?,CC-BY 2.0 (France) Attribution: tatoeba.org #666040 (bluepie88) & #2287847 (Sisyphe)
197,B,Que pouvons-nous faire pour vous ?,What can we do for you?,CC-BY 2.0 (France) Attribution: tatoeba.org #2892493 (CK) & #7533799 (felix63)
198,B,Qu'est-ce que je viens de vous dire ?,What did I just tell you?,CC-BY 2.0 (France) Attribution: tatoeba.org #3200066 (CK) & #4235315 (sacredceltic)
199,B,Qu'est-ce que je viens de te dire ?,What did I just tell you?,CC-BY 2.0 (France) Attribution: tatoeba.org #3200066 (CK) & #4235316 (sacredceltic)
200,B,Qu'est-ce que tu m'as acheté ?,What did you buy for me?,CC-BY 2.0 (France) Attribution: tatoeba.org #3822525 (CK) & #6288022 (nimfeo)
201,B,Que m'as-tu acheté ?,What did you buy for me?,CC-BY 2.0 (France) Attribution: tatoeba.org #3822525 (CK) & #6288753 (nimfeo)
202,B,Qu'est ce que tu as acheté pour ton petit ami ?,What did you buy your boyfriend?,CC-BY 2.0 (France) Attribution: tatoeba.org #1007953 (AOCinJAPAN) & #1006508 (elgranjuego)
203,B,Que faisais-tu là-bas ?,What did you do in there?,CC-BY 2.0 (France) Attribution: tatoeba.org #2644695 (CK) & #1351831 (sacredceltic)
204,B,Qu'est-ce que tu as encore fait cette fois-ci ?,What did you do this time?,CC-BY 2.0 (France) Attribution: tatoeba.org #1886784 (CK) & #2046000 (jcgillet)
205,B,"Qu'avez-vous fait, cette fois ?",What did you do this time?,CC-BY 2.0 (France) Attribution: tatoeba.org #1886784 (CK) & #2074162 (sacredceltic)
206,B,"Qu'as-tu fait, cette fois ?",What did you do this time?,CC-BY 2.0 (France) Attribution: tatoeba.org #1886784 (CK) & #2074163 (sacredceltic)
207,B,Pour quelle raison y as-tu été ?,What did you go there for?,CC-BY 2.0 (France) Attribution: tatoeba.org #24656 (CK) & #572774 (sacredceltic)
208,B,Qu'est-ce que tu devais faire ?,What did you have to do?,CC-BY 2.0 (France) Attribution: tatoeba.org #2645200 (CK) & #6483485 (nimfeo)
209,B,Qu'as-tu dit à ton patron ?,What did you tell your boss?,CC-BY 2.0 (France) Attribution: tatoeba.org #3200511 (CK) & #11145710 (lbdx)
210,B,Que pensiez-vous que je voulais dire ?,What did you think I meant?,CC-BY 2.0 (France) Attribution: tatoeba.org #3822488 (CK) & #4235371 (sacredceltic)
211,B,Que pensais-tu que je voulais dire ?,What did you think I meant?,CC-BY 2.0 (France) Attribution: tatoeba.org #3822488 (CK) & #4235373 (sacredceltic)
212,B,Que pensiez-vous que je ferais ?,What did you think I'd do?,CC-BY 2.0 (France) Attribution: tatoeba.org #3395882 (CK) & #11613991 (Aiji)
213,B,Qu'est-ce que tu pensais que je ferais ?,What did you think I'd do?,CC-BY 2.0 (France) Attribution: tatoeba.org #3395882 (CK) & #11613992 (Aiji)
214,B,Qu’est-ce que tu voulais faire ?,What did you want to do?,CC-BY 2.0 (France) Attribution: tatoeba.org #5917931 (CK) & #4418806 (gillux)
215,B,Qu'ai-je besoin de savoir ?,What do I need to know?,CC-BY 2.0 (France) Attribution: tatoeba.org #3676613 (CK) & #5359078 (Aiji)
216,B,Comment appelez-vous votre chien?,What do you call your dog?,CC-BY 2.0 (France) Attribution: tatoeba.org #2355492 (AlanF_US) & #7561513 (tras)
217,B,Comment appelles-tu ton chien ?,What do you call your dog?,CC-BY 2.0 (France) Attribution: tatoeba.org #2355492 (AlanF_US) & #8606526 (Aiji)
218,B,Comment appelles-tu ta mère ?,What do you call your mother?,CC-BY 2.0 (France) Attribution: tatoeba.org #954515 (CK) & #958279 (sacredceltic)
219,B,Qu'avez-vous envie de manger ?,What do you feel like eating?,CC-BY 2.0 (France) Attribution: tatoeba.org #2783477 (CK) & #3637463 (sacredceltic)
220,B,Qu'as-tu envie de manger ?,What do you feel like eating?,CC-BY 2.0 (France) Attribution: tatoeba.org #2783477 (CK) & #3637474 (sacredceltic)
221,B,Qu'est-ce que tu aimes chez moi ?,What do you like about me?,CC-BY 2.0 (France) Attribution: tatoeba.org #1891226 (Spamster) & #1891823 (sacredceltic)
222,B,Qu'est-ce que vous aimez chez moi ?,What do you like about me?,CC-BY 2.0 (France) Attribution: tatoeba.org #1891226 (Spamster) & #1891824 (sacredceltic)
223,B,Qu'est-ce que tu aimes manger ?,What do you like to eat?,CC-BY 2.0 (France) Attribution: tatoeba.org #370691 (saeb) & #392076 (Sushiman)
224,B,Qu'aimes-tu manger ?,What do you like to eat?,CC-BY 2.0 (France) Attribution: tatoeba.org #370691 (saeb) & #764826 (sysko)
225,B,Qu'avez-vous besoin d'acheter ?,What do you need to buy?,CC-BY 2.0 (France) Attribution: tatoeba.org #2984229 (CK) & #8126598 (Aiji)
226,B,Qu'est-ce que tu as besoin d'acheter ?,What do you need to buy?,CC-BY 2.0 (France) Attribution: tatoeba.org #2984229 (CK) & #8126599 (Aiji)
227,B,Qu'avez-vous besoin de savoir ?,What do you need to know?,CC-BY 2.0 (France) Attribution: tatoeba.org #1886760 (CK) & #2061254 (sacredceltic)
228,B,Qu'as-tu besoin de savoir ?,What do you need to know?,CC-BY 2.0 (France) Attribution: tatoeba.org #1886760 (CK) & #2061255 (sacredceltic)
229,B,"Qu'est-ce qui s'est passé ici, d'après vous ?",What do you think happened here?,CC-BY 2.0 (France) Attribution: tatoeba.org #1452626 (CK) & #1673747 (Rovo)
230,B,"Qu'est-ce qui s'est passé ici, d'après toi ?",What do you think happened here?,CC-BY 2.0 (France) Attribution: tatoeba.org #1452626 (CK) & #1673749 (Rovo)
231,B,Que crois-tu qu'il se soit passé ici ?,What do you think happened here?,CC-BY 2.0 (France) Attribution: tatoeba.org #1452626 (CK) & #1818724 (sacredceltic)
232,B,Que crois-tu qu'il a fait ?,What do you think he did?,CC-BY 2.0 (France) Attribution: tatoeba.org #283417 (CK) & #452819 (mamat)
233,B,Que penses-tu qu'il a fait ?,What do you think he did?,CC-BY 2.0 (France) Attribution: tatoeba.org #283417 (CK) & #647445 (qdii)
234,B,Que croyez-vous qu'elles veulent ?,What do you think they want?,CC-BY 2.0 (France) Attribution: tatoeba.org #2892568 (CK) & #3559281 (sacredceltic)
235,B,Que penses-tu que ce soit ?,What do you think this is?,CC-BY 2.0 (France) Attribution: tatoeba.org #2883147 (CK) & #5326507 (Aiji)
236,B,Que pensez-vous que ce soit ?,What do you think this is?,CC-BY 2.0 (France) Attribution: tatoeba.org #2883147 (CK) & #5326509 (Aiji)
237,B,Que me voulez-vous ?,What do you want from me?,CC-BY 2.0 (France) Attribution: tatoeba.org #664248 (BlueLagoon) & #1682561 (sacredceltic)
238,B,Que veux-tu boire ?,What do you want to drink?,CC-BY 2.0 (France) Attribution: tatoeba.org #400184 (sysko) & #400185 (sysko)
239,B,Que voulez-vous boire ?,What do you want to drink?,CC-BY 2.0 (France) Attribution: tatoeba.org #400184 (sysko) & #529824 (zmoo)
240,B,Que voulez-vous manger ?,What do you want to eat?,CC-BY 2.0 (France) Attribution: tatoeba.org #372015 (saeb) & #439274 (chtof)
241,B,Que désirez-vous avoir ?,What do you want to have?,CC-BY 2.0 (France) Attribution: tatoeba.org #453429 (CM) & #453286 (sacredceltic)
242,B,Que veux-tu savoir ?,What do you want to know?,CC-BY 2.0 (France) Attribution: tatoeba.org #2011620 (CK) & #1957709 (sacredceltic)
243,B,Que voulez-vous savoir ?,What do you want to know?,CC-BY 2.0 (France) Attribution: tatoeba.org #2011620 (CK) & #1957710 (sacredceltic)
244,B,Qu'êtes-vous venu faire ici ?,What have you come here for?,CC-BY 2.0 (France) Attribution: tatoeba.org #16501 (CK) & #470110 (sacredceltic)
245,B,Qu'êtes-vous venus faire ici ?,What have you come here for?,CC-BY 2.0 (France) Attribution: tatoeba.org #16501 (CK) & #470115 (sacredceltic)
246,B,Qu'êtes-vous venues faire ici ?,What have you come here for?,CC-BY 2.0 (France) Attribution: tatoeba.org #16501 (CK) & #470116 (sacredceltic)
247,B,Quelle école avez-vous fréquentée ?,What school did you go to?,CC-BY 2.0 (France) Attribution: tatoeba.org #2234981 (Hybrid) & #2265406 (sacredceltic)
248,B,Quelle école as-tu fréquentée ?,What school did you go to?,CC-BY 2.0 (France) Attribution: tatoeba.org #2234981 (Hybrid) & #2265410 (sacredceltic)
249,B,À quelle heure est-ce que tu pars demain ?,What time are you leaving tomorrow?,CC-BY 2.0 (France) Attribution: tatoeba.org #6346876 (CK) & #8328903 (Aiji)
250,B,À quelle heure partez-vous demain ?,What time are you leaving tomorrow?,CC-BY 2.0 (France) Attribution: tatoeba.org #6346876 (CK) & #8328904 (Aiji)
251,B,À quelle heure es-tu rentré ?,What time did you get home?,CC-BY 2.0 (France) Attribution: tatoeba.org #6403919 (CK) & #6487061 (GB3)
252,B,À quelle heure êtes-vous rentré ?,What time did you get home?,CC-BY 2.0 (France) Attribution: tatoeba.org #6403919 (CK) & #6487063 (GB3)
253,B,À quelle heure êtes-vous rentrés ?,What time did you get home?,CC-BY 2.0 (France) Attribution: tatoeba.org #6403919 (CK) & #6487064 (GB3)
254,B,À quelle heure es-tu rentrée ?,What time did you get home?,CC-BY 2.0 (France) Attribution: tatoeba.org #6403919 (CK) & #6487070 (GB3)
255,B,À quelle heure êtes-vous rentrée ?,What time did you get home?,CC-BY 2.0 (France) Attribution: tatoeba.org #6403919 (CK) & #6487072 (GB3)
256,B,À quelle heure êtes-vous rentrées ?,What time did you get home?,CC-BY 2.0 (France) Attribution: tatoeba.org #6403919 (CK) & #6487073 (GB3)
257,B,À quelle heure y es-tu arrivé ?,What time did you get there?,CC-BY 2.0 (France) Attribution: tatoeba.org #1886715 (CK) & #1351816 (sacredceltic)
258,B,À quelle heure y es-tu arrivée ?,What time did you get there?,CC-BY 2.0 (France) Attribution: tatoeba.org #1886715 (CK) & #1351817 (sacredceltic)
259,B,À quelle heure y êtes-vous arrivé ?,What time did you get there?,CC-BY 2.0 (France) Attribution: tatoeba.org #1886715 (CK) & #1351818 (sacredceltic)
260,B,À quelle heure y êtes-vous arrivée ?,What time did you get there?,CC-BY 2.0 (France) Attribution: tatoeba.org #1886715 (CK) & #1351819 (sacredceltic)
261,B,À quelle heure y êtes-vous arrivés ?,What time did you get there?,CC-BY 2.0 (France) Attribution: tatoeba.org #1886715 (CK) & #1351821 (sacredceltic)
262,B,À quelle heure y êtes-vous arrivées ?,What time did you get there?,CC-BY 2.0 (France) Attribution: tatoeba.org #1886715 (CK) & #1351822 (sacredceltic)
263,B,À quelle heure partons-nous demain ?,What time do we leave tomorrow?,CC-BY 2.0 (France) Attribution: tatoeba.org #323273 (Zifre) & #948461 (sacredceltic)
264,B,À quelle heure arriverez-vous demain ?,What time do you arrive tomorrow?,CC-BY 2.0 (France) Attribution: tatoeba.org #3040113 (AnneWy) & #11056340 (Aiji)
265,B,À quelle heure soupez-vous ?,What time do you eat supper?,CC-BY 2.0 (France) Attribution: tatoeba.org #4846768 (CK) & #658101 (U2FS)
266,B,"À quelle heure tu pars, demain ?",What time do you leave tomorrow?,CC-BY 2.0 (France) Attribution: tatoeba.org #4717660 (xorgy) & #11662468 (Aiji)
267,B,Que ferais-je sans vous ?,What would I do without you?,CC-BY 2.0 (France) Attribution: tatoeba.org #453117 (CM) & #1133359 (sacredceltic)
268,B,Que ferais-je sans toi ?,What would I do without you?,CC-BY 2.0 (France) Attribution: tatoeba.org #453117 (CM) & #1133360 (sacredceltic)
269,B,Que ferions-nous sans toi ?,What would we do without you?,CC-BY 2.0 (France) Attribution: tatoeba.org #3395931 (CK) & #3411963 (sacredceltic)
270,B,Que ferions-nous sans vous ?,What would we do without you?,CC-BY 2.0 (France) Attribution: tatoeba.org #3395931 (CK) & #3411964 (sacredceltic)
271,B,Que feriez-vous sans moi ?,What would you do without me?,CC-BY 2.0 (France) Attribution: tatoeba.org #2134224 (Hybrid) & #3587582 (sacredceltic)
272,B,Que ferais-tu sans moi ?,What would you do without me?,CC-BY 2.0 (France) Attribution: tatoeba.org #2134224 (Hybrid) & #3587583 (sacredceltic)
273,B,Qu'aimerais-tu faire ?,What would you like to do?,CC-BY 2.0 (France) Attribution: tatoeba.org #69596 (CK) & #966392 (sacredceltic)
274,B,Qu'aimeriez-vous faire ?,What would you like to do?,CC-BY 2.0 (France) Attribution: tatoeba.org #69596 (CK) & #3773693 (GB3)
275,B,Que souhaites-tu boire ?,What would you like to drink?,CC-BY 2.0 (France) Attribution: tatoeba.org #24765 (CK) & #590187 (qdii)
276,B,Qu'aimerais-tu manger ?,What would you like to eat?,CC-BY 2.0 (France) Attribution: tatoeba.org #400191 (sysko) & #400190 (sysko)
277,B,Que veux-tu manger ?,What would you like to eat?,CC-BY 2.0 (France) Attribution: tatoeba.org #400191 (sysko) & #563525 (sacredceltic)
278,B,Que voudrais-tu manger ?,What would you like to eat?,CC-BY 2.0 (France) Attribution: tatoeba.org #400191 (sysko) & #563526 (sacredceltic)
279,B,Qu'aimeriez-vous manger ?,What would you like to eat?,CC-BY 2.0 (France) Attribution: tatoeba.org #400191 (sysko) & #2163501 (sacredceltic)
280,B,Quand vous ai-je dit cela ?,When did I tell you that?,CC-BY 2.0 (France) Attribution: tatoeba.org #3738665 (CK) & #4235351 (sacredceltic)
281,B,Quand t'ai-je dit cela ?,When did I tell you that?,CC-BY 2.0 (France) Attribution: tatoeba.org #3738665 (CK) & #4235352 (sacredceltic)
282,B,Quand êtes-vous allé au travail ?,When did you go to work?,CC-BY 2.0 (France) Attribution: tatoeba.org #2402194 (CK) & #2404020 (sacredceltic)
283,B,Quand êtes-vous allée au travail ?,When did you go to work?,CC-BY 2.0 (France) Attribution: tatoeba.org #2402194 (CK) & #2404021 (sacredceltic)
284,B,Quand êtes-vous allés au travail ?,When did you go to work?,CC-BY 2.0 (France) Attribution: tatoeba.org #2402194 (CK) & #2404022 (sacredceltic)
285,B,Quand êtes-vous allées au travail ?,When did you go to work?,CC-BY 2.0 (France) Attribution: tatoeba.org #2402194 (CK) & #2404023 (sacredceltic)
286,B,Quand es-tu allé au travail ?,When did you go to work?,CC-BY 2.0 (France) Attribution: tatoeba.org #2402194 (CK) & #2404024 (sacredceltic)
287,B,Quand es-tu allée au travail ?,When did you go to work?,CC-BY 2.0 (France) Attribution: tatoeba.org #2402194 (CK) & #2404025 (sacredceltic)
288,B,Quand me l'as-tu dit ?,When did you tell me that?,CC-BY 2.0 (France) Attribution: tatoeba.org #3200143 (CK) & #3530950 (sacredceltic)
289,B,Quand me l'avez-vous dit ?,When did you tell me that?,CC-BY 2.0 (France) Attribution: tatoeba.org #3200143 (CK) & #3530951 (sacredceltic)
290,B,Quand votre père est-il rentré à la maison ?,When did your dad come home?,CC-BY 2.0 (France) Attribution: tatoeba.org #3134295 (Serhiy) & #1351833 (sacredceltic)
291,B,Quand ton père est-il rentré à la maison ?,When did your father come home?,CC-BY 2.0 (France) Attribution: tatoeba.org #64078 (CK) & #1351834 (sacredceltic)
292,B,Quand veux-tu manger ?,When do you want to eat?,CC-BY 2.0 (France) Attribution: tatoeba.org #1886656 (CK) & #2048836 (sacredceltic)
293,B,Quand voulez-vous manger ?,When do you want to eat?,CC-BY 2.0 (France) Attribution: tatoeba.org #1886656 (CK) & #2048838 (sacredceltic)
294,B,Où as-tu mangé ton petit-déjeuner aujourd'hui ?,Where did you eat breakfast today?,CC-BY 2.0 (France) Attribution: tatoeba.org #11904189 (CK) & #11904197 (zogwarg)
295,B,Où avez-vous mangé votre petit-déjeuner aujourd'hui ?,Where did you eat breakfast today?,CC-BY 2.0 (France) Attribution: tatoeba.org #11904189 (CK) & #11904199 (zogwarg)
296,B,Où es-tu allé à l'école ?,Where did you go to school?,CC-BY 2.0 (France) Attribution: tatoeba.org #1841528 (CK) & #1844525 (sacredceltic)
297,B,Où es-tu allée à l'école ?,Where did you go to school?,CC-BY 2.0 (France) Attribution: tatoeba.org #1841528 (CK) & #1844526 (sacredceltic)
298,B,Où êtes-vous allé à l'école ?,Where did you go to school?,CC-BY 2.0 (France) Attribution: tatoeba.org #1841528 (CK) & #1844528 (sacredceltic)
299,B,Où êtes-vous allée à l'école ?,Where did you go to school?,CC-BY 2.0 (France) Attribution: tatoeba.org #1841528 (CK) & #1844529 (sacredceltic)
300,B,Où êtes-vous allés à l'école ?,Where did you go to school?,CC-BY 2.0 (France) Attribution: tatoeba.org #1841528 (CK) & #1844530 (sacredceltic)
301,B,Où êtes-vous allées à l'école ?,Where did you go to school?,CC-BY 2.0 (France) Attribution: tatoeba.org #1841528 (CK) & #1844532 (sacredceltic)
302,B,Où avez-vous pris votre petit déjeuner ce matin ?,Where did you have breakfast today?,CC-BY 2.0 (France) Attribution: tatoeba.org #10162933 (sundown) & #4145185 (nimfeo)
303,B,Où dois-je aller ?,Where do I need to go?,CC-BY 2.0 (France) Attribution: tatoeba.org #11483462 (megamanenm) & #8316960 (Julien_PDC)
304,B,Où allons-nous à partir de là ?,Where do we go from here?,CC-BY 2.0 (France) Attribution: tatoeba.org #1912962 (CM) & #1913071 (sacredceltic)
305,B,Où avons-nous besoin d'aller ?,Where do we need to go?,CC-BY 2.0 (France) Attribution: tatoeba.org #5134169 (Joseph) & #7771186 (Aiji)
306,B,Où vas-tu à l'école ?,Where do you go to school?,CC-BY 2.0 (France) Attribution: tatoeba.org #21538 (CK) & #465129 (sacredceltic)
307,B,Où voulez-vous manger ?,Where do you want to eat?,CC-BY 2.0 (France) Attribution: tatoeba.org #1886618 (CK) & #2061274 (sacredceltic)
308,B,Où veux-tu manger ?,Where do you want to eat?,CC-BY 2.0 (France) Attribution: tatoeba.org #1886618 (CK) & #2061275 (sacredceltic)
309,B,Où veux-tu aller ?,Where do you want to go?,CC-BY 2.0 (France) Attribution: tatoeba.org #38104 (CK) & #936516 (sacredceltic)
310,B,Où voulez-vous travailler ?,Where do you want to work?,CC-BY 2.0 (France) Attribution: tatoeba.org #3818454 (CK) & #13092896 (Rovo)
311,B,Où veux-tu travailler ?,Where do you want to work?,CC-BY 2.0 (France) Attribution: tatoeba.org #3818454 (CK) & #13092897 (Rovo)
312,B,Où est-ce que tu voudrais aller ?,Where would you like to go?,CC-BY 2.0 (France) Attribution: tatoeba.org #37921 (CK) & #1083309 (Aiji)
313,B,Où désirez-vous vous rendre ?,Where would you like to go?,CC-BY 2.0 (France) Attribution: tatoeba.org #37921 (CK) & #1159235 (sacredceltic)
314,B,Où aimeriez-vous aller ?,Where would you like to go?,CC-BY 2.0 (France) Attribution: tatoeba.org #37921 (CK) & #1269132 (rene1596)
315,B,Où aimeriez-vous vous rendre ?,Where would you like to go?,CC-BY 2.0 (France) Attribution: tatoeba.org #37921 (CK) & #1269155 (sacredceltic)
316,B,Où aimerais-tu aller ?,Where would you like to go?,CC-BY 2.0 (France) Attribution: tatoeba.org #37921 (CK) & #1339874 (sacredceltic)
317,B,Où aimerais-tu te rendre ?,Where would you like to go?,CC-BY 2.0 (France) Attribution: tatoeba.org #37921 (CK) & #1339875 (sacredceltic)
318,B,Où aimeriez-vous travailler ?,Where would you like to work?,CC-BY 2.0 (France) Attribution: tatoeba.org #3818461 (CK) & #13092898 (Rovo)
319,B,Où aimerais-tu travailler ?,Where would you like to work?,CC-BY 2.0 (France) Attribution: tatoeba.org #3818461 (CK) & #13092900 (Rovo)
320,B,Avec qui y es-tu allé ?,Who did you go there with?,CC-BY 2.0 (France) Attribution: tatoeba.org #3818504 (CK) & #4548144 (Whidou)
321,B,Avec qui y es-tu allée ?,Who did you go there with?,CC-BY 2.0 (France) Attribution: tatoeba.org #3818504 (CK) & #4548145 (Whidou)
322,B,Qui croyiez-vous que j'étais ?,Who did you think I was?,CC-BY 2.0 (France) Attribution: tatoeba.org #3731525 (CM) & #4235338 (sacredceltic)
323,B,Qui croyais-tu que j'étais ?,Who did you think I was?,CC-BY 2.0 (France) Attribution: tatoeba.org #3731525 (CM) & #4235339 (sacredceltic)
324,B,Tu me prends pour qui ?!,Who do you think I am?,CC-BY 2.0 (France) Attribution: tatoeba.org #254992 (CK) & #747864 (sysko)
325,B,Qui pensez-vous qu'il soit ?,Who do you think he is?,CC-BY 2.0 (France) Attribution: tatoeba.org #69039 (CK) & #1680576 (belgavox)
326,B,Pour qui vous prenez-vous ?,Who do you think you are?,CC-BY 2.0 (France) Attribution: tatoeba.org #24435 (CK) & #1335979 (sacredceltic)
327,B,Qui d'autre connaissez-vous ici ?,Who else do you know here?,CC-BY 2.0 (France) Attribution: tatoeba.org #3636356 (CK) & #3640101 (sacredceltic)
328,B,Pourquoi tu m'appelles comme ça ?,Why do you call me that?,CC-BY 2.0 (France) Attribution: tatoeba.org #3820117 (CK) & #7099094 (Aiji)
329,B,Pourquoi m'appelez-vous comme cela ?,Why do you call me that?,CC-BY 2.0 (France) Attribution: tatoeba.org #3820117 (CK) & #7099095 (Aiji)
330,B,Pourquoi dois-tu partir ?,Why do you have to go?,CC-BY 2.0 (France) Attribution: tatoeba.org #3654182 (karloelkebekio) & #5927026 (Aiji)
331,B,Pourquoi devez-vous partir ?,Why do you have to go?,CC-BY 2.0 (France) Attribution: tatoeba.org #3654182 (karloelkebekio) & #5927027 (Aiji)
332,B,Pourquoi voulez-vous savoir ?,Why do you need to know?,CC-BY 2.0 (France) Attribution: tatoeba.org #3098748 (Hybrid) & #3283203 (Dreamk33)
333,B,Pourquoi veux-tu savoir ?,Why do you need to know?,CC-BY 2.0 (France) Attribution: tatoeba.org #3098748 (Hybrid) & #3283208 (Dreamk33)
334,B,Pourquoi penses-tu que je suis ici ?,Why do you think I'm here?,CC-BY 2.0 (France) Attribution: tatoeba.org #1994363 (Spamster) & #5381157 (Aiji)
335,B,Pourquoi pensez-vous que vous êtes ici ?,Why do you think you're here?,CC-BY 2.0 (France) Attribution: tatoeba.org #3730588 (CM) & #4085046 (sacredceltic)
336,B,Pourquoi penses-tu que tu te trouves ici ?,Why do you think you're here?,CC-BY 2.0 (France) Attribution: tatoeba.org #3730588 (CM) & #4085048 (sacredceltic)
337,B,Pourquoi voudrais-je ta montre ?,Why would I want your watch?,CC-BY 2.0 (France) Attribution: tatoeba.org #2013093 (CK) & #2013713 (sacredceltic)
338,B,Pourquoi voudrais-je votre montre ?,Why would I want your watch?,CC-BY 2.0 (France) Attribution: tatoeba.org #2013093 (CK) & #2013714 (sacredceltic)
339,B,Viendrais-tu avec moi ?,"Would you come with me, please?",CC-BY 2.0 (France) Attribution: tatoeba.org #2541614 (CK) & #8961052 (Micsmithel)
340,B,Voulez-vous manger ici ?,Would you like to eat here?,CC-BY 2.0 (France) Attribution: tatoeba.org #10714797 (warikdigital) & #3025594 (MartinShadock)
341,B,Que dis-tu d'y aller ?,What do you say we go there?,CC-BY 2.0 (France) Attribution: tatoeba.org #3730619 (CM) & #4085002 (sacredceltic)
342,B,Que dites-vous d'y aller ?,What do you say we go there?,CC-BY 2.0 (France) Attribution: tatoeba.org #3730619 (CM) & #4085005 (sacredceltic)
343,B,"Qui peut m'aider, d'après vous ?",Who do you think can help me?,CC-BY 2.0 (France) Attribution: tatoeba.org #6796598 (CK) & #7960303 (Micsmithel)
344,B,"Qui peut m'aider, à ton avis ?",Who do you think can help me?,CC-BY 2.0 (France) Attribution: tatoeba.org #6796598 (CK) & #7960304 (Micsmithel)
345,B,Pourquoi requérez-vous ma présence ici demain ?,Why do you need me here tomorrow?,CC-BY 2.0 (France) Attribution: tatoeba.org #7987230 (CK) & #10364996 (sacredceltic)
346,B,Pourquoi requiers-tu ma présence ici demain ?,Why do you need me here tomorrow?,CC-BY 2.0 (France) Attribution: tatoeba.org #7987230 (CK) & #10364997 (sacredceltic)
347,B,Puis-je te dire ce qui me chiffonne ?,Can I tell you what bugs me?,CC-BY 2.0 (France) Attribution: tatoeba.org #3730541 (CM) & #4115547 (sacredceltic)
348,B,Puis-je vous dire ce qui me chiffonne ?,Can I tell you what bugs me?,CC-BY 2.0 (France) Attribution: tatoeba.org #3730541 (CM) & #4115548 (sacredceltic)
349,B,Pouvez-vous deviner ce que j'ai là ?,Can you guess what I have here?,CC-BY 2.0 (France) Attribution: tatoeba.org #4755172 (garborg) & #11649897 (Aiji)
350,B,Pourriez-vous m'aider quand je déménagerai ?,Can you help me when I move?,CC-BY 2.0 (France) Attribution: tatoeba.org #27140 (Dejo) & #15037 (Aiji)
351,B,Peux-tu m'aider dans mon travail ?,Can you help me with my work?,CC-BY 2.0 (France) Attribution: tatoeba.org #250942 (CK) & #7752 (sacredceltic)
352,B,"Pouvez-vous me donner l'heure, s'il vous plaît ?","Can you tell me the time, please?",CC-BY 2.0 (France) Attribution: tatoeba.org #38846 (CK) & #5377439 (Aiji)
353,B,"Peux-tu me dire l'heure, s'il te plaît ?","Can you tell me the time, please?",CC-BY 2.0 (France) Attribution: tatoeba.org #38846 (CK) & #5377440 (Aiji)
354,B,"Pouvez-vous me dire l'heure, s'il vous plaît ?","Can you tell me the time, please?",CC-BY 2.0 (France) Attribution: tatoeba.org #38846 (CK) & #5377442 (Aiji)
355,B,Peux-tu me dire ce que c'est ?,Can you tell me what this is?,CC-BY 2.0 (France) Attribution: tatoeba.org #55865 (CK) & #333967 (sysko)
356,B,Peux-tu me dire de quoi il retourne ?,Can you tell me what this is?,CC-BY 2.0 (France) Attribution: tatoeba.org #55865 (CK) & #547813 (sacredceltic)
357,B,Peux-tu me dire de quoi il s'agit ?,Can you tell me what this is?,CC-BY 2.0 (France) Attribution: tatoeba.org #55865 (CK) & #547814 (sacredceltic)
358,B,Pouvez-vous me dire ce que c'est ?,Can you tell me what this is?,CC-BY 2.0 (France) Attribution: tatoeba.org #55865 (CK) & #547815 (sacredceltic)
359,B,Pouvez-vous me dire de quoi il retourne ?,Can you tell me what this is?,CC-BY 2.0 (France) Attribution: tatoeba.org #55865 (CK) & #547816 (sacredceltic)
360,B,Pouvez-vous me dire de quoi il s'agit ?,Can you tell me what this is?,CC-BY 2.0 (France) Attribution: tatoeba.org #55865 (CK) & #547818 (sacredceltic)
361,B,Peux-tu me dire où je suis ?,Can you tell me where I am?,CC-BY 2.0 (France) Attribution: tatoeba.org #6958829 (CK) & #6959238 (lbdx)
362,B,Peux-tu me dire qui ils sont ?,Can you tell me who they are?,CC-BY 2.0 (France) Attribution: tatoeba.org #3200904 (CK) & #6486723 (GB3)
363,B,Pouvez-vous me dire qui ils sont ?,Can you tell me who they are?,CC-BY 2.0 (France) Attribution: tatoeba.org #3200904 (CK) & #6486725 (GB3)
364,B,Peux-tu me dire qui elles sont ?,Can you tell me who they are?,CC-BY 2.0 (France) Attribution: tatoeba.org #3200904 (CK) & #6486727 (GB3)
365,B,Pouvez-vous me dire qui elles sont ?,Can you tell me who they are?,CC-BY 2.0 (France) Attribution: tatoeba.org #3200904 (CK) & #6486728 (GB3)
366,B,Pourrez-vous m'aider quand je déménagerai ?,Could you help me when I move?,CC-BY 2.0 (France) Attribution: tatoeba.org #27141 (CK) & #14029 (alexisslay)
367,B,"Pourriez-vous me rappeler demain, je vous prie ?",Could you please call me back tomorrow?,CC-BY 2.0 (France) Attribution: tatoeba.org #1309138 (CK) & #1309555 (sacredceltic)
368,B,"Pourrais-tu me rappeler demain, s'il te plait ?",Could you please call me back tomorrow?,CC-BY 2.0 (France) Attribution: tatoeba.org #1309138 (CK) & #1309557 (sacredceltic)
369,B,Pourriez-vous me dire qui a fait ça ?,Could you tell me who did this?,CC-BY 2.0 (France) Attribution: tatoeba.org #3201229 (CK) & #7815822 (Aiji)
370,B,Pourrais-tu me dire qui a fait ça ?,Could you tell me who did this?,CC-BY 2.0 (France) Attribution: tatoeba.org #3201229 (CK) & #7815824 (Aiji)
371,B,Est-ce que tu as le temps de m'aider ?,Do you have time to help me?,CC-BY 2.0 (France) Attribution: tatoeba.org #948421 (spockofvulcan) & #12669913 (Olcyx)
372,B,Sais-tu combien il y en a ?,Do you know how many there are?,CC-BY 2.0 (France) Attribution: tatoeba.org #4017155 (CK) & #6716615 (Aiji)
373,B,Savez-vous combien il y en a ?,Do you know how many there are?,CC-BY 2.0 (France) Attribution: tatoeba.org #4017155 (CK) & #6716616 (Aiji)
374,B,Sais-tu quelle heure il est ?,Do you know what time it is?,CC-BY 2.0 (France) Attribution: tatoeba.org #2882528 (CK) & #809650 (U2FS)
375,B,Savez-vous où est ma clé ?,Do you know where my key is?,CC-BY 2.0 (France) Attribution: tatoeba.org #3608109 (panamicua) & #11624204 (Aiji)
376,B,Savez-vous où se trouvent mes clés ?,Do you know where my keys are?,CC-BY 2.0 (France) Attribution: tatoeba.org #2542688 (CK) & #2579742 (sacredceltic)
377,B,Sais-tu où se trouvent mes clés ?,Do you know where my keys are?,CC-BY 2.0 (France) Attribution: tatoeba.org #2542688 (CK) & #2579744 (sacredceltic)
378,B,Savez-vous où est ma montre ?,Do you know where my watch is?,CC-BY 2.0 (France) Attribution: tatoeba.org #321498 (CK) & #135136 (Julien_PDC)
379,B,Tu ne sais pas où est ma montre ?,Do you know where my watch is?,CC-BY 2.0 (France) Attribution: tatoeba.org #321498 (CK) & #373629 (zmoo)
380,B,Sais-tu où est ma montre ?,Do you know where my watch is?,CC-BY 2.0 (France) Attribution: tatoeba.org #321498 (CK) & #430516 (Archibald)
381,B,Sais-tu où sont tes enfants ?,Do you know where your children are?,CC-BY 2.0 (France) Attribution: tatoeba.org #5205833 (CK) & #5206247 (davidcfres)
382,B,Savez-vous où sont vos enfants ?,Do you know where your children are?,CC-BY 2.0 (France) Attribution: tatoeba.org #5205833 (CK) & #5206255 (davidcfres)
383,B,Penses-tu vraiment que nous pouvons aider ?,Do you really think we can help?,CC-BY 2.0 (France) Attribution: tatoeba.org #5791130 (CK) & #5798735 (Toynop)
384,B,Pensez-vous que je pourrais vous aider ?,Do you think I could help you?,CC-BY 2.0 (France) Attribution: tatoeba.org #10482226 (traeton) & #10333971 (Julien_PDC)
385,B,Penses-tu pouvoir m'aider ?,Do you think you could help me?,CC-BY 2.0 (France) Attribution: tatoeba.org #5789701 (CK) & #5798308 (Toynop)
386,B,Veux-tu que je rentre à la maison ?,Do you want me to go home?,CC-BY 2.0 (France) Attribution: tatoeba.org #3350132 (CK) & #5750468 (Aiji)
387,B,Voulez-vous que je rentre chez moi ?,Do you want me to go home?,CC-BY 2.0 (France) Attribution: tatoeba.org #3350132 (CK) & #5750470 (Aiji)
388,B,Tes parents savent où tu es ?,Do your parents know where you are?,CC-BY 2.0 (France) Attribution: tatoeba.org #9969389 (ddnktr) & #10968812 (lbdx)
389,B,"Excusez-moi, avez-vous l'heure ?","Excuse me, do you have the time?",CC-BY 2.0 (France) Attribution: tatoeba.org #51446 (GrizaLeono) & #11955 (sacredceltic)
390,B,Comment saviez-vous que nous étions là ?,How did you know we were here?,CC-BY 2.0 (France) Attribution: tatoeba.org #1553496 (CK) & #1803599 (sacredceltic)
391,B,Comment savais-tu que nous étions là ?,How did you know we were here?,CC-BY 2.0 (France) Attribution: tatoeba.org #1553496 (CK) & #1803600 (sacredceltic)
392,B,Comment pensiez-vous qu'il en irait ?,How did you think it would go?,CC-BY 2.0 (France) Attribution: tatoeba.org #3731282 (CM) & #3956906 (sacredceltic)
393,B,Comment pensais-tu qu'il en irait ?,How did you think it would go?,CC-BY 2.0 (France) Attribution: tatoeba.org #3731282 (CM) & #3956907 (sacredceltic)
394,B,Comment sais-tu ce que j'avais ?,How do you know what I had?,CC-BY 2.0 (France) Attribution: tatoeba.org #3592241 (CK) & #3600150 (sacredceltic)
395,B,Comment savez-vous ce que j'avais ?,How do you know what I had?,CC-BY 2.0 (France) Attribution: tatoeba.org #3592241 (CK) & #3600151 (sacredceltic)
396,B,Comment sais-tu ce que j'ai entendu ?,How do you know what I heard?,CC-BY 2.0 (France) Attribution: tatoeba.org #3592240 (CK) & #3600152 (sacredceltic)
397,B,Comment savez-vous ce que j'ai entendu ?,How do you know what I heard?,CC-BY 2.0 (France) Attribution: tatoeba.org #3592240 (CK) & #3600153 (sacredceltic)
398,B,Comment sais-tu ce que j'ai dit ?,How do you know what I said?,CC-BY 2.0 (France) Attribution: tatoeba.org #3592212 (CK) & #3601288 (sacredceltic)
399,B,Comment savez-vous ce que j'ai dit ?,How do you know what I said?,CC-BY 2.0 (France) Attribution: tatoeba.org #3592212 (CK) & #3601289 (sacredceltic)
400,B,Comment savez-vous où je vis ?,How do you know where I live?,CC-BY 2.0 (France) Attribution: tatoeba.org #3592220 (CK) & #3601267 (sacredceltic)
401,B,Comment sais-tu où je vis ?,How do you know where I live?,CC-BY 2.0 (France) Attribution: tatoeba.org #3592220 (CK) & #3601268 (sacredceltic)
402,B,Comment savez-vous où aller ?,How do you know where to go?,CC-BY 2.0 (France) Attribution: tatoeba.org #3592242 (CK) & #3600146 (sacredceltic)
403,B,Comment savez-vous où vous rendre ?,How do you know where to go?,CC-BY 2.0 (France) Attribution: tatoeba.org #3592242 (CK) & #3600147 (sacredceltic)
404,B,Comment sais-tu où aller ?,How do you know where to go?,CC-BY 2.0 (France) Attribution: tatoeba.org #3592242 (CK) & #3600148 (sacredceltic)
405,B,Comment sais-tu où te rendre ?,How do you know where to go?,CC-BY 2.0 (France) Attribution: tatoeba.org #3592242 (CK) & #3600149 (sacredceltic)
406,B,Comment pouvez-vous savoir qui je suis ?,How do you know who I am?,CC-BY 2.0 (France) Attribution: tatoeba.org #3592251 (CK) & #3600130 (sacredceltic)
407,B,Que puis-je faire pour t'aider ?,What can I do to help you?,CC-BY 2.0 (France) Attribution: tatoeba.org #954508 (CK) & #1149180 (sacredceltic)
408,B,Qu'est-ce que je t'ai dit de faire ?,What did I tell you to do?,CC-BY 2.0 (France) Attribution: tatoeba.org #2513024 (temlat) & #8286877 (Aiji)
409,B,Qu'as-tu fait à l'école aujourd'hui ?,What did you do at school today?,CC-BY 2.0 (France) Attribution: tatoeba.org #1989661 (Spamster) & #2002385 (sacredceltic)
410,B,Qu'avez-vous fait à l'école aujourd'hui ?,What did you do at school today?,CC-BY 2.0 (France) Attribution: tatoeba.org #1989661 (Spamster) & #2002386 (sacredceltic)
411,B,Qu'est-ce que tu as fait aujourd'hui à l'école ?,What did you do today at school?,CC-BY 2.0 (France) Attribution: tatoeba.org #6796677 (CK) & #10778361 (lbdx)
412,B,Qu'as-tu fait aujourd'hui à l'école ?,What did you do today at school?,CC-BY 2.0 (France) Attribution: tatoeba.org #6796677 (CK) & #10778362 (lbdx)
413,B,Que voulais-tu que je fasse ?,What did you want me to do?,CC-BY 2.0 (France) Attribution: tatoeba.org #1886776 (CK) & #10714455 (lbdx)
414,B,Que voulais-tu me dire ?,What did you want to tell me?,CC-BY 2.0 (France) Attribution: tatoeba.org #2013675 (CK) & #2013766 (sacredceltic)
415,B,Que vouliez-vous me dire ?,What did you want to tell me?,CC-BY 2.0 (France) Attribution: tatoeba.org #2013675 (CK) & #2013769 (sacredceltic)
416,B,"Qu'as-tu pour moi, aujourd'hui ?",What do you have for me today?,CC-BY 2.0 (France) Attribution: tatoeba.org #3395919 (CK) & #3411976 (sacredceltic)
417,B,"Qu'avez-vous pour moi, aujourd'hui ?",What do you have for me today?,CC-BY 2.0 (France) Attribution: tatoeba.org #3395919 (CK) & #3411977 (sacredceltic)
418,B,Que dis-tu d'aller skier ?,What do you say we go skiing?,CC-BY 2.0 (France) Attribution: tatoeba.org #52312 (Zifre) & #459971 (sacredceltic)
419,B,Que dites-vous d'aller skier ?,What do you say we go skiing?,CC-BY 2.0 (France) Attribution: tatoeba.org #52312 (Zifre) & #529048 (sacredceltic)
420,B,Que penses-tu qu'il y a en bas ?,What do you think is down there?,CC-BY 2.0 (France) Attribution: tatoeba.org #4012812 (CK) & #5489981 (Aiji)
421,B,Que pensez-vous qu'il y ait là-bas ?,What do you think is down there?,CC-BY 2.0 (France) Attribution: tatoeba.org #4012812 (CK) & #5489983 (Aiji)
422,B,Qu'est-ce que tu veux que je dise ?,What do you want me to say?,CC-BY 2.0 (France) Attribution: tatoeba.org #1886753 (CK) & #2046306 (jcgillet)
423,B,Que voulez-vous que je dise ?,What do you want me to say?,CC-BY 2.0 (France) Attribution: tatoeba.org #1886753 (CK) & #2046308 (jcgillet)
424,B,Que veux-tu que je dise ?,What do you want me to say?,CC-BY 2.0 (France) Attribution: tatoeba.org #1886753 (CK) & #2159306 (sacredceltic)
425,B,À quelle heure votre ami est-il rentré chez lui ?,What time did your friend go home?,CC-BY 2.0 (France) Attribution: tatoeba.org #70343 (CK) & #1364502 (sacredceltic)
426,B,À quelle heure ton ami est-il rentré chez lui ?,What time did your friend go home?,CC-BY 2.0 (France) Attribution: tatoeba.org #70343 (CK) & #1364503 (sacredceltic)
427,B,À quelle heure votre amie est-elle rentrée chez elle ?,What time did your friend go home?,CC-BY 2.0 (France) Attribution: tatoeba.org #70343 (CK) & #1364504 (sacredceltic)
428,B,À quelle heure ton amie est-elle rentrée chez elle ?,What time did your friend go home?,CC-BY 2.0 (France) Attribution: tatoeba.org #70343 (CK) & #1364505 (sacredceltic)
429,B,À quelle heure te rends-tu à l'école ?,What time do you go to school?,CC-BY 2.0 (France) Attribution: tatoeba.org #696155 (qdii) & #696136 (qdii)
430,B,À quelle heure allez-vous au travail ?,What time do you go to work?,CC-BY 2.0 (France) Attribution: tatoeba.org #425133 (CM) & #425135 (qdii)
431,B,Tu as cours à quelle heure demain ?,What time do you have class tomorrow?,CC-BY 2.0 (France) Attribution: tatoeba.org #10928314 (ddnktr) & #2302767 (sysko)
432,B,À quelle heure rentreras-tu aujourd'hui ?,What time will you go home today?,CC-BY 2.0 (France) Attribution: tatoeba.org #717295 (CM) & #1298959 (sacredceltic)
433,B,Qu'aimerais-tu faire aujourd'hui ?,What would you like to do today?,CC-BY 2.0 (France) Attribution: tatoeba.org #427719 (witbrock) & #3501270 (Rovo)
434,B,Qu'aimeriez-vous faire aujourd'hui ?,What would you like to do today?,CC-BY 2.0 (France) Attribution: tatoeba.org #427719 (witbrock) & #5570856 (Aiji)
435,B,Qu'aimerais-tu faire demain ?,What would you like to do tomorrow?,CC-BY 2.0 (France) Attribution: tatoeba.org #4012395 (CK) & #5494632 (Aiji)
436,B,Qu'aimeriez-vous faire demain ?,What would you like to do tomorrow?,CC-BY 2.0 (France) Attribution: tatoeba.org #4012395 (CK) & #5494635 (Aiji)
437,B,Où veux-tu aller demain ?,Where do you want to go tomorrow?,CC-BY 2.0 (France) Attribution: tatoeba.org #3921780 (CK) & #5382864 (Aiji)
438,B,Où voulez-vous aller demain ?,Where do you want to go tomorrow?,CC-BY 2.0 (France) Attribution: tatoeba.org #3921780 (CK) & #5382865 (Aiji)
439,B,Pourquoi est-ce que je dois t'aider ?,Why do I have to help you?,CC-BY 2.0 (France) Attribution: tatoeba.org #3915146 (CK) & #7769784 (Aiji)
440,B,Pourquoi dois-je vous aider ?,Why do I have to help you?,CC-BY 2.0 (France) Attribution: tatoeba.org #3915146 (CK) & #7769785 (Aiji)
441,B,Pourquoi est-ce que je dois vous aider ?,Why do I have to help you?,CC-BY 2.0 (France) Attribution: tatoeba.org #3915146 (CK) & #7769786 (Aiji)
442,B,Pourquoi voulez-vous travailler ici ?,Why do you want to work here?,CC-BY 2.0 (France) Attribution: tatoeba.org #2013690 (CK) & #4451236 (franlexcois)
443,B,"Voudriez-vous, je vous prie, m'indiquer l'heure ?","Would you tell me the time, please?",CC-BY 2.0 (France) Attribution: tatoeba.org #2270591 (_undertoad) & #3245264 (sacredceltic)
444,B,"Voudrais-tu, je te prie, m'indiquer l'heure ?","Would you tell me the time, please?",CC-BY 2.0 (France) Attribution: tatoeba.org #2270591 (_undertoad) & #3245266 (sacredceltic)
445,B,Dites-moi comment je peux vous aider.,Tell me how I can help you.,CC-BY 2.0 (France) Attribution: tatoeba.org #1860556 (CK) & #2046123 (jcgillet)
446,B,Dis-moi comment je peux t'aider.,Tell me how I can help you.,CC-BY 2.0 (France) Attribution: tatoeba.org #1860556 (CK) & #2046124 (jcgillet)
447,B,Dis-moi ce que je peux faire pour t'aider.,Tell me how I can help you.,CC-BY 2.0 (France) Attribution: tatoeba.org #1860556 (CK) & #2046126 (jcgillet)
448,B,Dites-moi ce que je peux faire pour vous aider.,Tell me how I can help you.,CC-BY 2.0 (France) Attribution: tatoeba.org #1860556 (CK) & #2046127 (jcgillet)
449,B,« Est-ce que tu m'aimes ? » « Je ne sais pas. »,"""Do you love me?"" ""I don't know.""",CC-BY 2.0 (France) Attribution: tatoeba.org #3030858 (Hybrid) & #11436114 (Micsmithel)
450,B,« Est-ce que vous m'aimez ? » « Je ne sais pas. »,"""Do you love me?"" ""I don't know.""",CC-BY 2.0 (France) Attribution: tatoeba.org #3030858 (Hybrid) & #11436115 (Micsmithel)
451,B,Vas-tu m'aider ou quoi ?,Are you gonna help me or what?,CC-BY 2.0 (France) Attribution: tatoeba.org #953103 (CK) & #955067 (sacredceltic)
452,B,Tu es sûre qu'on peut le faire ?,Are you sure we can do this?,CC-BY 2.0 (France) Attribution: tatoeba.org #3408671 (CK) & #11167546 (lbdx)
453,B,Puis-je venir à ton bureau demain ?,Can I come to your office tomorrow?,CC-BY 2.0 (France) Attribution: tatoeba.org #1839442 (CK) & #1849828 (sacredceltic)
454,B,Puis-je venir à votre bureau demain ?,Can I come to your office tomorrow?,CC-BY 2.0 (France) Attribution: tatoeba.org #1839442 (CK) & #1849830 (sacredceltic)
455,B,Puis-je faire quelque chose pour vous aider ?,Can I do anything to help you?,CC-BY 2.0 (France) Attribution: tatoeba.org #6919646 (CK) & #7696008 (Maxence)
456,B,Je peux faire quelque chose pour t'aider ?,Can I do something to help you?,CC-BY 2.0 (France) Attribution: tatoeba.org #6788825 (CK) & #12803091 (lbdx)
457,B,"Peux-tu venir dans mon bureau, s'il te plaît ?","Can you come into my office, please?",CC-BY 2.0 (France) Attribution: tatoeba.org #3329610 (CK) & #5411289 (Aiji)
458,B,"Pouvez-vous venir dans mon bureau, s'il vous plaît ?","Can you come into my office, please?",CC-BY 2.0 (France) Attribution: tatoeba.org #3329610 (CK) & #5411290 (Aiji)
459,B,Tu peux m'aider à trouver mes clés ?,Can you help me find my keys?,CC-BY 2.0 (France) Attribution: tatoeba.org #5707850 (halfdan) & #11156054 (lbdx)
460,B,Peux-tu m'aider à faire ma valise ?,Can you help me pack my suitcase?,CC-BY 2.0 (France) Attribution: tatoeba.org #7808189 (sharris123) & #5677367 (nimfeo)
461,B,Peux-tu m'aider à peindre ma maison ?,Can you help me paint my house?,CC-BY 2.0 (France) Attribution: tatoeba.org #5195269 (CK) & #5291355 (Aiji)
462,B,Pouvez-vous m'aider à peindre ma maison ?,Can you help me paint my house?,CC-BY 2.0 (France) Attribution: tatoeba.org #5195269 (CK) & #5291359 (Aiji)
463,B,"Peux-tu faire cela pour moi, s'il te plaît ?",Can you please do this for me?,CC-BY 2.0 (France) Attribution: tatoeba.org #4014511 (CK) & #4025147 (mouche)
464,B,Pouvez-vous me dire ce que ça signifie ?,Can you tell me what it means?,CC-BY 2.0 (France) Attribution: tatoeba.org #5195275 (CK) & #5373005 (pititnatole)
465,B,Pouvez-vous nous dire comment ça fonctionnera ?,Can you tell us how that'll work?,CC-BY 2.0 (France) Attribution: tatoeba.org #3730793 (CM) & #3996490 (sacredceltic)
466,B,Peux-tu nous dire comment ça fonctionnera ?,Can you tell us how that'll work?,CC-BY 2.0 (France) Attribution: tatoeba.org #3730793 (CM) & #3996491 (sacredceltic)
467,B,Pouvez-vous nous dire ce que vous avez fait ?,Can you tell us what you did?,CC-BY 2.0 (France) Attribution: tatoeba.org #3200901 (CK) & #4299189 (nimfeo)
468,B,Pourriez-vous venir me voir demain ?,Could you come and see me tomorrow?,CC-BY 2.0 (France) Attribution: tatoeba.org #323090 (CK) & #1157799 (belgavox)
469,B,"Pourrais-tu revenir ici, demain à 14 h 30 ?",Could you come back here tomorrow at 2:30?,CC-BY 2.0 (France) Attribution: tatoeba.org #4700646 (CK) & #3657365 (Hikari)
470,B,Pourriez-vous m'aider à retrouver mon chien ?,Could you help me find my dog?,CC-BY 2.0 (France) Attribution: tatoeba.org #4016340 (CK) & #11054424 (lbdx)
471,B,"Pourriez-vous, je vous prie, le faire pour moi ?",Could you please do that for me?,CC-BY 2.0 (France) Attribution: tatoeba.org #2235437 (Hybrid) & #2264100 (sacredceltic)
472,B,"Pourrais-tu, je te prie, le faire pour moi ?",Could you please do that for me?,CC-BY 2.0 (France) Attribution: tatoeba.org #2235437 (Hybrid) & #2264101 (sacredceltic)
473,B,"Pourriez-vous, je vous prie, me prêter votre dictionnaire ?",Could you please lend me your dictionary?,CC-BY 2.0 (France) Attribution: tatoeba.org #2152289 (AlanF_US) & #2153809 (sacredceltic)
474,B,"Pourrais-tu, je te prie, me prêter ton dictionnaire ?",Could you please lend me your dictionary?,CC-BY 2.0 (France) Attribution: tatoeba.org #2152289 (AlanF_US) & #2153811 (sacredceltic)
475,B,"Pourrais-tu me ramener chez moi, s'il te plait ?",Could you please take me back home?,CC-BY 2.0 (France) Attribution: tatoeba.org #953165 (CK) & #1364602 (sacredceltic)
476,B,"Pourriez-vous me ramener chez moi, je vous prie ?",Could you please take me back home?,CC-BY 2.0 (France) Attribution: tatoeba.org #953165 (CK) & #1364605 (sacredceltic)
477,B,"Pourrais-tu me dire la vérité, s'il te plaît ?",Could you please tell me the truth?,CC-BY 2.0 (France) Attribution: tatoeba.org #3819046 (CK) & #6479865 (Aiji)
478,B,"Pourriez-vous me dire la vérité, s'il vous plaît ?",Could you please tell me the truth?,CC-BY 2.0 (France) Attribution: tatoeba.org #3819046 (CK) & #6479866 (Aiji)
479,B,Pourriez-vous me redire votre nom ?,Could you tell me your name again?,CC-BY 2.0 (France) Attribution: tatoeba.org #2158929 (CK) & #2159160 (sacredceltic)
480,B,Pourriez-vous me dire à nouveau votre nom ?,Could you tell me your name again?,CC-BY 2.0 (France) Attribution: tatoeba.org #2158929 (CK) & #2159162 (sacredceltic)
481,B,"Pourriez-vous me dire votre nom, à nouveau ?",Could you tell me your name again?,CC-BY 2.0 (France) Attribution: tatoeba.org #2158929 (CK) & #2159163 (sacredceltic)
482,B,"Pourriez-vous, de nouveau, me dire votre nom ?",Could you tell me your name again?,CC-BY 2.0 (France) Attribution: tatoeba.org #2158929 (CK) & #2159164 (sacredceltic)
483,B,"« Tu sais ce que je pense ? » « Non, quoi ? »","""Do you know what I think?"" ""No, what?""",CC-BY 2.0 (France) Attribution: tatoeba.org #11222636 (sundown) & #11229679 (lbdx)
484,B,Puis-je dire à mon père ce que tu veux ?,Can I tell my father what you want?,CC-BY 2.0 (France) Attribution: tatoeba.org #54307 (CK) & #521981 (SUZIE)
485,B,"Pourriez-vous me dire qui vous êtes, s'il vous plait ?",Could you please tell me who you are?,CC-BY 2.0 (France) Attribution: tatoeba.org #3202533 (CK) & #5461495 (Aiji)
486,B,"Pourrais-tu me dire qui tu es, s'il te plait ?",Could you please tell me who you are?,CC-BY 2.0 (France) Attribution: tatoeba.org #3202533 (CK) & #5461496 (Aiji)
487,B,Pourrais-tu me donner l'heure ?,Could you tell me what time it is?,CC-BY 2.0 (France) Attribution: tatoeba.org #6954609 (CK) & #6965744 (Yemana)
488,B,Pourriez-vous me donner l'heure ?,Could you tell me what time it is?,CC-BY 2.0 (France) Attribution: tatoeba.org #6954609 (CK) & #6965745 (Yemana)
489,B,Savez-vous comment je peux y aller ?,Do you know how I can get there?,CC-BY 2.0 (France) Attribution: tatoeba.org #1633617 (Amastan) & #3211301 (Aiji)
490,B,Savez-vous comment je peux m'y rendre ?,Do you know how I can get there?,CC-BY 2.0 (France) Attribution: tatoeba.org #1633617 (Amastan) & #10689166 (Micsmithel)
491,B,Sais-tu comment je peux m'y rendre ?,Do you know how I can get there?,CC-BY 2.0 (France) Attribution: tatoeba.org #1633617 (Amastan) & #10689167 (Micsmithel)
492,B,Veux-tu savoir ce que je pense ?,Do you want to know what I think?,CC-BY 2.0 (France) Attribution: tatoeba.org #2015133 (CK) & #5814338 (Aiji)
493,B,Voulez-vous savoir ce que je pense ?,Do you want to know what I think?,CC-BY 2.0 (France) Attribution: tatoeba.org #2015133 (CK) & #5814339 (Aiji)
494,B,Tu veux savoir ce que j'en pense ?,Do you want to know what I think?,CC-BY 2.0 (France) Attribution: tatoeba.org #2015133 (CK) & #6879429 (GB3)
495,B,Vous voulez savoir ce que j'en pense ?,Do you want to know what I think?,CC-BY 2.0 (France) Attribution: tatoeba.org #2015133 (CK) & #6879430 (GB3)
496,B,Qu'est-ce qui te fait penser que je veuille ton aide ?,What makes you think I want your help?,CC-BY 2.0 (France) Attribution: tatoeba.org #2025949 (CK) & #2026079 (sacredceltic)
497,B,Qu'est-ce qui vous fait penser que je veuille votre aide ?,What makes you think I want your help?,CC-BY 2.0 (France) Attribution: tatoeba.org #2025949 (CK) & #2026080 (sacredceltic)
498,B,"Eh les mecs, pouvez-vous nous dire où nous nous trouvons ?",Can you guys tell us where we are?,CC-BY 2.0 (France) Attribution: tatoeba.org #3730577 (CM) & #4085031 (sacredceltic)
499,B,"Pourrais-tu me donner l'heure exacte, s'il te plaît ?","Can you tell me the exact time, please?",CC-BY 2.0 (France) Attribution: tatoeba.org #271597 (CK) & #1683138 (belgavox)
500,B,Peux-tu me dire ce que tu fais ici ?,Can you tell me what you're doing here?,CC-BY 2.0 (France) Attribution: tatoeba.org #3203808 (CK) & #5419888 (Aiji)
501,B,Pouvez-vous me dire ce que vous faites ici ?,Can you tell me what you're doing here?,CC-BY 2.0 (France) Attribution: tatoeba.org #3203808 (CK) & #5419889 (Aiji)
502,B,Pouvez-vous m'indiquer où sont les toilettes ?,Can you tell me where the restrooms are?,CC-BY 2.0 (France) Attribution: tatoeba.org #759381 (vgigregg) & #761129 (pandark)
503,B,Peux-tu me dire qui vient cette nuit ?,Can you tell me who is coming tonight?,CC-BY 2.0 (France) Attribution: tatoeba.org #243270 (CK) & #9134538 (Rovo)
504,B,Peux-tu me dire qui vient ce soir ?,Can you tell me who is coming tonight?,CC-BY 2.0 (France) Attribution: tatoeba.org #243270 (CK) & #9134542 (Rovo)
505,B,Pouvez-vous me dire qui vient ce soir ?,Can you tell me who is coming tonight?,CC-BY 2.0 (France) Attribution: tatoeba.org #243270 (CK) & #9134543 (Rovo)
506,B,Pouvez-vous me dire qui vient cette nuit ?,Can you tell me who is coming tonight?,CC-BY 2.0 (France) Attribution: tatoeba.org #243270 (CK) & #9134545 (Rovo)
507,B,Peux-tu me dire pourquoi tu l'aimes ?,Can you tell me why you like him?,CC-BY 2.0 (France) Attribution: tatoeba.org #506839 (darinmex) & #547856 (sacredceltic)
508,B,Pouvez-vous me dire pourquoi vous l'aimez ?,Can you tell me why you like him?,CC-BY 2.0 (France) Attribution: tatoeba.org #506839 (darinmex) & #547857 (sacredceltic)
509,B,Pourriez-vous me dire de quoi il s'agit ?,Could you tell me what this is about?,CC-BY 2.0 (France) Attribution: tatoeba.org #3068926 (CK) & #7050235 (Aiji)
510,B,Pourrais-tu me dire ce dont il s'agit ?,Could you tell me what this is about?,CC-BY 2.0 (France) Attribution: tatoeba.org #3068926 (CK) & #7050236 (Aiji)
511,B,Pouvez-vous m'indiquer où se trouve la librairie ?,Could you tell me where the bookstore is?,CC-BY 2.0 (France) Attribution: tatoeba.org #11602025 (Adrien_FR) & #8729382 (Julien_PDC)
512,B,Pouvez-vous m'indiquer où se trouve la bibliothèque ?,Could you tell me where the library is?,CC-BY 2.0 (France) Attribution: tatoeba.org #10883257 (ddnktr) & #11602024 (Adrien_FR)
513,B,Pouvez-vous me dire où se trouve le jardin zoologique ?,Could you tell me where the zoo is?,CC-BY 2.0 (France) Attribution: tatoeba.org #9237925 (sundown) & #967515 (sacredceltic)
514,B,Est-ce que je t'ai dit que tu pouvais utiliser mon téléphone ?,Did I say you could use my phone?,CC-BY 2.0 (France) Attribution: tatoeba.org #9640854 (DJ_Saidez) & #12000768 (zogwarg)
515,B,Est-ce que je vous ai dit que vous pouviez utiliser mon téléphone ?,Did I say you could use my phone?,CC-BY 2.0 (France) Attribution: tatoeba.org #9640854 (DJ_Saidez) & #12000769 (zogwarg)
516,B,Pensais-tu que j'allais te planter ici ?,Did you think I would leave you here?,CC-BY 2.0 (France) Attribution: tatoeba.org #6098715 (CK) & #8602998 (sacredceltic)
517,B,Pensiez-vous que j'allais vous planter ici ?,Did you think I would leave you here?,CC-BY 2.0 (France) Attribution: tatoeba.org #6098715 (CK) & #8602999 (sacredceltic)
518,B,Avez-vous l'impression que votre avenir est sans espoir ?,Do you feel like your future is hopeless?,CC-BY 2.0 (France) Attribution: tatoeba.org #9849524 (NurseMeeks) & #9889410 (Micsmithel)
519,B,As-tu l'impression que ton avenir est sans espoir ?,Do you feel like your future is hopeless?,CC-BY 2.0 (France) Attribution: tatoeba.org #9849524 (NurseMeeks) & #9889411 (Micsmithel)
520,B,Sais-tu comment mes amis me décrivent ?,Do you know how my friends describe me?,CC-BY 2.0 (France) Attribution: tatoeba.org #1526524 (pauldhunt) & #1524450 (sysko)
521,B,Savez-vous comment mes amis me décrivent ?,Do you know how my friends describe me?,CC-BY 2.0 (France) Attribution: tatoeba.org #1526524 (pauldhunt) & #1527250 (sacredceltic)
522,B,Savez-vous comment mes amies me décrivent ?,Do you know how my friends describe me?,CC-BY 2.0 (France) Attribution: tatoeba.org #1526524 (pauldhunt) & #1527252 (sacredceltic)
523,B,Sais-tu comment mes amies me décrivent ?,Do you know how my friends describe me?,CC-BY 2.0 (France) Attribution: tatoeba.org #1526524 (pauldhunt) & #1527253 (sacredceltic)
524,B,Sais-tu le quantième est aujourd'hui ?,Do you know what day it is today?,CC-BY 2.0 (France) Attribution: tatoeba.org #1934756 (Spamster) & #1986647 (sacredceltic)
525,B,Savez-vous le quantième est aujourd'hui ?,Do you know what day it is today?,CC-BY 2.0 (France) Attribution: tatoeba.org #1934756 (Spamster) & #1986648 (sacredceltic)
526,B,Savez-vous quel jour nous sommes ?,Do you know what day it is today?,CC-BY 2.0 (France) Attribution: tatoeba.org #1934756 (Spamster) & #1986654 (sacredceltic)
527,B,Savez-vous ce que vos enfants mangent ?,Do you know what your kids are eating?,CC-BY 2.0 (France) Attribution: tatoeba.org #953200 (CK) & #1368052 (sacredceltic)
528,B,Sais-tu ce que tes enfants mangent ?,Do you know what your kids are eating?,CC-BY 2.0 (France) Attribution: tatoeba.org #953200 (CK) & #1368053 (sacredceltic)
529,B,Savez-vous ce que vos enfants sont en train de manger ?,Do you know what your kids are eating?,CC-BY 2.0 (France) Attribution: tatoeba.org #953200 (CK) & #1368055 (sacredceltic)
530,B,Sais-tu ce que tes enfants sont en train de manger ?,Do you know what your kids are eating?,CC-BY 2.0 (France) Attribution: tatoeba.org #953200 (CK) & #1368056 (sacredceltic)
531,B,Sais-tu où est mon livre de recettes ?,Do you know where my recipe book is?,CC-BY 2.0 (France) Attribution: tatoeba.org #2697693 (CK) & #5964239 (Aiji)
532,B,Savez-vous où se trouve mon livre de recettes ?,Do you know where my recipe book is?,CC-BY 2.0 (France) Attribution: tatoeba.org #2697693 (CK) & #5964240 (Aiji)
533,B,Sais-tu où est l'arrêt de bus ?,Do you know where the bus stop is?,CC-BY 2.0 (France) Attribution: tatoeba.org #3823494 (CK) & #6895089 (Rockaround)
534,B,Sais-tu où se trouve la gare ?,Do you know where the train station is?,CC-BY 2.0 (France) Attribution: tatoeba.org #6722333 (Eccles17) & #6719221 (felix63)
535,B,Sais-tu où est la gare ?,Do you know where the train station is?,CC-BY 2.0 (France) Attribution: tatoeba.org #6722333 (Eccles17) & #7337874 (felix63)
536,B,Savez-vous où se trouve la gare ?,Do you know where the train station is?,CC-BY 2.0 (France) Attribution: tatoeba.org #6722333 (Eccles17) & #7774673 (Aiji)
537,B,Pensez-vous que je ressemble à mon frère ?,Do you think I look like my brother?,CC-BY 2.0 (France) Attribution: tatoeba.org #3325567 (CK) & #3325733 (JulieMDM)
538,B,Est-ce que vous pensez que je ressemble à mon frère ?,Do you think I look like my brother?,CC-BY 2.0 (France) Attribution: tatoeba.org #3325567 (CK) & #3325734 (JulieMDM)
539,B,Penses-tu que je doive y aller seul ?,Do you think I should go there alone?,CC-BY 2.0 (France) Attribution: tatoeba.org #10481497 (sundown) & #10476757 (Julien_PDC)
540,B,Penses-tu que mon travail est facile?,Do you think that my work is easy?,CC-BY 2.0 (France) Attribution: tatoeba.org #5116037 (CarpeLanam) & #5116632 (gege_veggie)
541,B,Crois-tu que mon travail est facile ?,Do you think that my work is easy?,CC-BY 2.0 (France) Attribution: tatoeba.org #5116037 (CarpeLanam) & #8724775 (felix63)
542,B,Est-ce que tu trouves que ce que j'ai fait était utile ?,Do you think what I did was helpful?,CC-BY 2.0 (France) Attribution: tatoeba.org #5851125 (CK) & #13326844 (genes1s)
543,B,Veux-tu que je te dise pourquoi ?,Do you want me to tell you why?,CC-BY 2.0 (France) Attribution: tatoeba.org #2014232 (CK) & #6593894 (GB3)
544,B,Voulez-vous que je vous dise pourquoi ?,Do you want me to tell you why?,CC-BY 2.0 (France) Attribution: tatoeba.org #2014232 (CK) & #6593895 (GB3)
545,B,Voulez-vous savoir qui a fait ceci ?,Do you want to know who did this?,CC-BY 2.0 (France) Attribution: tatoeba.org #1886033 (CK) & #7108951 (Aiji)
546,B,Veux-tu savoir qui a fait ça ?,Do you want to know who did this?,CC-BY 2.0 (France) Attribution: tatoeba.org #1886033 (CK) & #7108952 (Aiji)
547,B,Voulez-vous savoir qui c'est ?,Do you want to know who he is?,CC-BY 2.0 (France) Attribution: tatoeba.org #3355028 (CK) & #11603947 (Aiji)
548,B,Veux-tu savoir pourquoi j'ai aidé ?,Do you want to know why I helped?,CC-BY 2.0 (France) Attribution: tatoeba.org #5792053 (CK) & #5798810 (Toynop)
549,B,"Allô, en quoi puis-je vous être utile ?","Excuse me, but do you need any help?",CC-BY 2.0 (France) Attribution: tatoeba.org #30977 (CM) & #13658 (sacredceltic)
550,B,Comment savais-tu ce que je pensais ?,How did you know what I was thinking?,CC-BY 2.0 (France) Attribution: tatoeba.org #3819878 (CK) & #6322042 (Aiji)
551,B,Comment saviez-vous ce que je pensais ?,How did you know what I was thinking?,CC-BY 2.0 (France) Attribution: tatoeba.org #3819878 (CK) & #6322043 (Aiji)
552,B,Comment as-tu su où me trouver ?,How did you know where to find me?,CC-BY 2.0 (France) Attribution: tatoeba.org #3456904 (Hybrid) & #11551155 (lbdx)
553,B,Comment savez-vous que je ne l'ai pas ?,How do you know I don't have it?,CC-BY 2.0 (France) Attribution: tatoeba.org #3592224 (CK) & #3600188 (sacredceltic)
554,B,Comment sais-tu que je ne l'ai pas ?,How do you know I don't have it?,CC-BY 2.0 (France) Attribution: tatoeba.org #3592224 (CK) & #3600189 (sacredceltic)
555,B,Comment savez-vous de quelle couleur il s'agit ?,How do you know what color it is?,CC-BY 2.0 (France) Attribution: tatoeba.org #3592236 (CK) & #3600158 (sacredceltic)
556,B,Comment sais-tu de quelle couleur il s'agit ?,How do you know what color it is?,CC-BY 2.0 (France) Attribution: tatoeba.org #3592236 (CK) & #3600159 (sacredceltic)
557,B,Comment sais-tu lequel est le tien ?,How do you know which one is yours?,CC-BY 2.0 (France) Attribution: tatoeba.org #2891347 (CK) & #6443927 (Aiji)
558,B,Comment sais-tu laquelle est la tienne ?,How do you know which one is yours?,CC-BY 2.0 (France) Attribution: tatoeba.org #2891347 (CK) & #6443928 (Aiji)
559,B,Comment savez-vous lequel est le vôtre ?,How do you know which one is yours?,CC-BY 2.0 (France) Attribution: tatoeba.org #2891347 (CK) & #6443929 (Aiji)
560,B,Comment savez-vous laquelle est la vôtre ?,How do you know which one is yours?,CC-BY 2.0 (France) Attribution: tatoeba.org #2891347 (CK) & #6443930 (Aiji)
561,B,Comment penses-tu que ça m'a fait me sentir ?,How do you think it made me feel?,CC-BY 2.0 (France) Attribution: tatoeba.org #3730900 (CM) & #3980099 (sacredceltic)
562,B,Comment pensez-vous que ça m'a fait me sentir ?,How do you think it made me feel?,CC-BY 2.0 (France) Attribution: tatoeba.org #3730900 (CM) & #3980101 (sacredceltic)
563,B,Comment crois-tu que ça me fasse me sentir ?,How do you think that makes me feel?,CC-BY 2.0 (France) Attribution: tatoeba.org #1834191 (CK) & #1834541 (sacredceltic)
564,B,Comment croyez-vous que ça me fasse me sentir ?,How do you think that makes me feel?,CC-BY 2.0 (France) Attribution: tatoeba.org #1834191 (CK) & #1834542 (sacredceltic)
565,B,Combien de temps devons-nous attendre ici ?,How long do we have to wait here?,CC-BY 2.0 (France) Attribution: tatoeba.org #4015373 (CK) & #10696597 (lbdx)
566,B,Est-ce ce que tu veux que je dise ?,Is that what you want me to say?,CC-BY 2.0 (France) Attribution: tatoeba.org #2014731 (CK) & #2015688 (sacredceltic)
567,B,Est-ce ce que vous voulez que je dise ?,Is that what you want me to say?,CC-BY 2.0 (France) Attribution: tatoeba.org #2014731 (CK) & #2015689 (sacredceltic)
568,B,Puis-je faire quoi que ce soit pour vous ?,Is there anything I can do for you?,CC-BY 2.0 (France) Attribution: tatoeba.org #25107 (CK) & #7820652 (sacredceltic)
569,B,Puis-je faire quoi que ce soit pour toi ?,Is there anything I can do for you?,CC-BY 2.0 (France) Attribution: tatoeba.org #25107 (CK) & #7820653 (sacredceltic)
570,B,Y a-t-il quelque chose que je puisse faire pour aider ?,Is there anything I can do to help?,CC-BY 2.0 (France) Attribution: tatoeba.org #36303 (CK) & #7362066 (Rockaround)
571,B,Y a-t-il quelque chose d'autre que tu peux me dire ?,Is there anything else you can tell me?,CC-BY 2.0 (France) Attribution: tatoeba.org #3203754 (CK) & #5604924 (guyniv)
572,B,Pouvons-nous faire quelque chose pour vous ?,Is there anything we can do for you?,CC-BY 2.0 (France) Attribution: tatoeba.org #4011613 (CK) & #10713315 (lbdx)
573,B,Y-a-il quelque chose que nous pouvons faire pour aider ?,Is there anything we could do to help?,CC-BY 2.0 (France) Attribution: tatoeba.org #4015524 (CK) & #5291327 (Aiji)
574,B,Pouvez-vous aider en quoi que ce soit ?,Is there anything you can do to help?,CC-BY 2.0 (France) Attribution: tatoeba.org #3434303 (CK) & #3440111 (sacredceltic)
575,B,Pouvez-vous aider d'une quelconque manière ?,Is there anything you can do to help?,CC-BY 2.0 (France) Attribution: tatoeba.org #3434303 (CK) & #3440112 (sacredceltic)
576,B,Peux-tu aider d'une manière ou d'une autre ?,Is there anything you can do to help?,CC-BY 2.0 (France) Attribution: tatoeba.org #3434303 (CK) & #3440113 (sacredceltic)
577,B,Y a-t-il quelque chose que tu dois faire aujourd'hui ?,Is there anything you have to do today?,CC-BY 2.0 (France) Attribution: tatoeba.org #6064968 (CK) & #13355522 (genes1s)
578,B,Je peux faire quelque chose pour toi ?,Is there anything you want me to do?,CC-BY 2.0 (France) Attribution: tatoeba.org #3329500 (CK) & #3560297 (gillux)
579,B,Y a-t-il quoi que ce soit que tu veuilles me dire ?,Is there anything you want to tell me?,CC-BY 2.0 (France) Attribution: tatoeba.org #2025918 (CK) & #2026142 (sacredceltic)
580,B,Y a-t-il quoi que ce soit que vous veuillez me dire ?,Is there anything you want to tell me?,CC-BY 2.0 (France) Attribution: tatoeba.org #2025918 (CK) & #2026143 (sacredceltic)
581,B,Y a-t-il quoi que ce soit que vous vouliez me dire ?,Is there anything you want to tell me?,CC-BY 2.0 (France) Attribution: tatoeba.org #2025918 (CK) & #2026144 (sacredceltic)
582,B,Y a-t-il quelque chose que je puisse faire pour vous ?,Is there something I can do for you?,CC-BY 2.0 (France) Attribution: tatoeba.org #1096411 (CK) & #1099886 (sacredceltic)
583,B,Quelque chose que je puisse faire pour toi ?,Is there something I can do for you?,CC-BY 2.0 (France) Attribution: tatoeba.org #1096411 (CK) & #1099888 (sacredceltic)
584,B,Y a-t-il quelque chose que tu veuilles me dire ?,Is there something you want to tell me?,CC-BY 2.0 (France) Attribution: tatoeba.org #1553426 (CK) & #1703696 (sacredceltic)
585,B,Y a-t-il quelque chose que vous vouliez me dire ?,Is there something you want to tell me?,CC-BY 2.0 (France) Attribution: tatoeba.org #1553426 (CK) & #1703697 (sacredceltic)
586,B,"Alors, que veux-tu que je dise ?","Well, what do you want me to say?",CC-BY 2.0 (France) Attribution: tatoeba.org #2015281 (CK) & #2018623 (sacredceltic)
587,B,"Alors, que voulez-vous que je dise ?","Well, what do you want me to say?",CC-BY 2.0 (France) Attribution: tatoeba.org #2015281 (CK) & #2018626 (sacredceltic)
588,B,Que voulez-vous que je vous dise ?,What do you want me to tell you?,CC-BY 2.0 (France) Attribution: tatoeba.org #2014776 (CK) & #2014879 (altebrilas)
589,B,Qu’est-ce que tu veux que je te dise ?,What do you want me to tell you?,CC-BY 2.0 (France) Attribution: tatoeba.org #2014776 (CK) & #7770620 (Blabla)
590,B,Qu'est-ce que vous voulez que je vous dise ?,What do you want me to tell you?,CC-BY 2.0 (France) Attribution: tatoeba.org #2014776 (CK) & #8900605 (Julien_PDC)
591,B,Qu'est-ce que vous voulez savoir sur moi ?,What do you want to know about me?,CC-BY 2.0 (France) Attribution: tatoeba.org #3822508 (CK) & #9065959 (Aiji)
592,B,Qu'est-ce que tu veux savoir sur moi ?,What do you want to know about me?,CC-BY 2.0 (France) Attribution: tatoeba.org #3822508 (CK) & #9065960 (Aiji)
593,B,Que voulez-vous que je dise d'autre ?,What else do you want me to say?,CC-BY 2.0 (France) Attribution: tatoeba.org #2014778 (CK) & #2016440 (Rovo)
594,B,Que veux-tu que je dise d'autre ?,What else do you want me to say?,CC-BY 2.0 (France) Attribution: tatoeba.org #2014778 (CK) & #2016442 (Rovo)
595,B,Quelles langues savez-vous parler ?,What languages do you know how to speak?,CC-BY 2.0 (France) Attribution: tatoeba.org #4013244 (CK) & #8820932 (gillux)
596,B,Que penserais-tu si je ne venais pas ?,What would you think if I didn't come?,CC-BY 2.0 (France) Attribution: tatoeba.org #10345744 (shekitten) & #6909669 (felix63)
597,B,Où étais-tu quand j'avais besoin de ton aide ?,Where were you when I needed your help?,CC-BY 2.0 (France) Attribution: tatoeba.org #2640931 (CK) & #7858181 (Rockaround)
598,B,Qui es-tu et qu'est-ce que tu veux ?,Who are you and what do you want?,CC-BY 2.0 (France) Attribution: tatoeba.org #2849895 (CK) & #5685904 (Aiji)
599,B,Qui êtes-vous et que voulez-vous ?,Who are you and what do you want?,CC-BY 2.0 (France) Attribution: tatoeba.org #2849895 (CK) & #5685905 (Aiji)
600,B,Pourquoi as-tu voulu revenir ici ?,Why did you want to come back here?,CC-BY 2.0 (France) Attribution: tatoeba.org #2016984 (CK) & #2019433 (sacredceltic)
601,B,Pourquoi avez-vous voulu revenir ici ?,Why did you want to come back here?,CC-BY 2.0 (France) Attribution: tatoeba.org #2016984 (CK) & #2019436 (sacredceltic)
602,B,Pourquoi est-ce que tu voulais me parler ?,Why did you want to speak to me?,CC-BY 2.0 (France) Attribution: tatoeba.org #2033577 (CK) & #11181291 (Aiji)
603,B,Pourquoi dois-je aller à l'école ?,Why do I have to go to school?,CC-BY 2.0 (France) Attribution: tatoeba.org #3444892 (LishaR) & #3445348 (sacredceltic)
604,B,Pourquoi me faut-il aller à l'école ?,Why do I have to go to school?,CC-BY 2.0 (France) Attribution: tatoeba.org #3444892 (LishaR) & #3445349 (sacredceltic)
605,B,Pourquoi ne me donnes-tu pas ce que je veux ?,Why don't you give me what I want?,CC-BY 2.0 (France) Attribution: tatoeba.org #4513077 (AlanF_US) & #1048044 (sacredceltic)
606,B,Pourquoi ne me donnez-vous pas ce que je souhaite ?,Why don't you give me what I want?,CC-BY 2.0 (France) Attribution: tatoeba.org #4513077 (AlanF_US) & #5707579 (Aiji)
607,B,Pourquoi ne me dites-vous pas quoi faire ?,Why don't you tell me what to do?,CC-BY 2.0 (France) Attribution: tatoeba.org #2210927 (CK) & #2211437 (sacredceltic)
608,B,Pourquoi ne me dis-tu pas quoi faire ?,Why don't you tell me what to do?,CC-BY 2.0 (France) Attribution: tatoeba.org #2210927 (CK) & #2211438 (sacredceltic)
609,B,Pourquoi voudrais-je y aller seul ?,Why would I want to go there alone?,CC-BY 2.0 (France) Attribution: tatoeba.org #2539926 (CK) & #5803141 (Toynop)
610,B,Pourquoi voudrais-je y aller seule ?,Why would I want to go there alone?,CC-BY 2.0 (France) Attribution: tatoeba.org #2539926 (CK) & #5803142 (Toynop)
611,B,Voudriez-vous aller prendre un verre ?,Would you like to go have a drink?,CC-BY 2.0 (France) Attribution: tatoeba.org #38228 (CK) & #1364541 (sacredceltic)
612,B,Voudrais-tu aller prendre un verre ?,Would you like to go have a drink?,CC-BY 2.0 (France) Attribution: tatoeba.org #38228 (CK) & #1364542 (sacredceltic)
613,B,Aimeriez-vous savoir qui a fait cela ?,Would you like to know who did that?,CC-BY 2.0 (France) Attribution: tatoeba.org #3123622 (CK) & #11587109 (Aiji)
614,B,Pourriez-vous me dire où se trouve sa maison ?,Would you tell me where his house is?,CC-BY 2.0 (France) Attribution: tatoeba.org #1264992 (yifen238) & #11956205 (zogwarg)
615,B,"« Es-tu triste ? » « Non, pourquoi le serais-je ? »","""Are you sad?"" ""No. Why would I be?""",CC-BY 2.0 (France) Attribution: tatoeba.org #1844183 (CK) & #1846410 (sacredceltic)
616,B,"« Êtes-vous triste ? » « Non, pourquoi le serais-je ? »","""Are you sad?"" ""No. Why would I be?""",CC-BY 2.0 (France) Attribution: tatoeba.org #1844183 (CK) & #1846411 (sacredceltic)
617,B,« Es-tu fâché ? » « Non. Pourquoi le serais-je ? »,"""Are you upset?"" ""No. Why would I be?""",CC-BY 2.0 (France) Attribution: tatoeba.org #1858757 (CK) & #10943643 (lbdx)
618,B,« Comment vas-tu à l'école ? » « En bus. »,"""How do you go to school?"" ""By bus.""",CC-BY 2.0 (France) Attribution: tatoeba.org #73833 (CK) & #11335338 (Micsmithel)
619,B,« Comment allez-vous à l'école ? » « En bus. »,"""How do you go to school?"" ""By bus.""",CC-BY 2.0 (France) Attribution: tatoeba.org #73833 (CK) & #11335340 (Micsmithel)
620,B,Je pense que ce que tu veux se trouve ici.,I think what you want is over here.,CC-BY 2.0 (France) Attribution: tatoeba.org #2016882 (CK) & #2017626 (sacredceltic)
621,B,Je pense que ce que vous voulez se trouve ici.,I think what you want is over here.,CC-BY 2.0 (France) Attribution: tatoeba.org #2016882 (CK) & #2017629 (sacredceltic)
622,B,Y a t-il quelqu'un ici qui parle anglais ?,Is there anyone here who can speak English?,CC-BY 2.0 (France) Attribution: tatoeba.org #3503155 (CK) & #4721120 (michelnialon)
623,B,Laisse-moi te raconter ce que j'ai fait aujourd'hui !,Let me tell you what I did today.,CC-BY 2.0 (France) Attribution: tatoeba.org #1565062 (marcelostockle) & #1568590 (Rovo)
624,B,Laissez-moi vous raconter ce que j'ai fait aujourd'hui !,Let me tell you what I did today.,CC-BY 2.0 (France) Attribution: tatoeba.org #1565062 (marcelostockle) & #1568591 (Rovo)
625,B,Dis-moi pourquoi tu veux aller là-bas.,Tell me why you want to go there.,CC-BY 2.0 (France) Attribution: tatoeba.org #36453 (CK) & #376724 (sysko)
626,B,Il y a ici des gens qui ont besoin de votre aide.,There are people here who need your help.,CC-BY 2.0 (France) Attribution: tatoeba.org #3434291 (CK) & #3440095 (sacredceltic)
627,C,"Pourriez-vous me dire où se trouve le restaurant, s'il vous plaît ?",Can you please tell me where the restaurant is?,CC-BY 2.0 (France) Attribution: tatoeba.org #434422 (lukaszpp) & #496775 (Goofy)
628,C,Tu peux me dire quel jour on est aujourd'hui ?,Can you tell me what day it is today?,CC-BY 2.0 (France) Attribution: tatoeba.org #1934786 (Spamster) & #10764999 (lbdx)
629,C,Pouvez-vous me dire ce que vous voulez faire ?,Can you tell me what you want to do?,CC-BY 2.0 (France) Attribution: tatoeba.org #6250540 (CK) & #8170537 (Aiji)
630,C,Est-ce que tu peux me dire ce que tu veux faire ?,Can you tell me what you want to do?,CC-BY 2.0 (France) Attribution: tatoeba.org #6250540 (CK) & #8170538 (Aiji)
631,C,Pourrais-tu me dire comment le faire ?,Could you please tell me how to do this?,CC-BY 2.0 (France) Attribution: tatoeba.org #3738490 (CK) & #10557527 (sacredceltic)
632,C,Pourriez-vous me dire comment le faire ?,Could you please tell me how to do this?,CC-BY 2.0 (France) Attribution: tatoeba.org #3738490 (CK) & #10557528 (sacredceltic)
633,C,Pourrais-tu me dire comment faire ça ?,Could you please tell me how to do this?,CC-BY 2.0 (France) Attribution: tatoeba.org #3738490 (CK) & #10557530 (sacredceltic)
634,C,Peux-tu m'indiquer la direction à prendre ?,Could you tell me which way I should go?,CC-BY 2.0 (France) Attribution: tatoeba.org #37982 (CK) & #7957327 (Micsmithel)
635,C,Tu veux savoir pourquoi j'ai fait ça ?,Do you want to know why I did that?,CC-BY 2.0 (France) Attribution: tatoeba.org #3446860 (CK) & #10491667 (lbdx)
636,C,Veux-tu me dire ce dont il s'agit ?,Do you want to tell me what this is?,CC-BY 2.0 (France) Attribution: tatoeba.org #1702755 (Spamster) & #1703705 (sacredceltic)
637,C,Voulez-vous me dire ce dont il s'agit ?,Do you want to tell me what this is?,CC-BY 2.0 (France) Attribution: tatoeba.org #1702755 (Spamster) & #1703707 (sacredceltic)
638,C,Veux-tu me dire ce qu'est ceci ?,Do you want to tell me what this is?,CC-BY 2.0 (France) Attribution: tatoeba.org #1702755 (Spamster) & #1703711 (sacredceltic)
639,C,Voulez-vous me dire ce qu'est ceci ?,Do you want to tell me what this is?,CC-BY 2.0 (France) Attribution: tatoeba.org #1702755 (Spamster) & #1703712 (sacredceltic)
640,C,Comment as-tu su que c'était mon anniversaire aujourd'hui ?,How did you know that today is my birthday?,CC-BY 2.0 (France) Attribution: tatoeba.org #5848871 (CK) & #12268656 (lbdx)
641,C,Puis-je faire quelque chose pour t'aider ?,Is there anything I can do to help you?,CC-BY 2.0 (France) Attribution: tatoeba.org #6781987 (CK) & #9101984 (Julien_PDC)
642,C,Que dis-tu de payer une tournée à tout le monde ?,What do you say we buy everyone a drink?,CC-BY 2.0 (France) Attribution: tatoeba.org #3730788 (CM) & #3996480 (sacredceltic)
643,C,Que dites-vous de payer une tournée à tout le monde ?,What do you say we buy everyone a drink?,CC-BY 2.0 (France) Attribution: tatoeba.org #3730788 (CM) & #3996481 (sacredceltic)
644,C,Que dis-tu que nous allions chez moi ?,What do you say we go to my house?,CC-BY 2.0 (France) Attribution: tatoeba.org #3730651 (CM) & #4084918 (sacredceltic)
645,C,Que dites-vous que nous allions chez moi ?,What do you say we go to my house?,CC-BY 2.0 (France) Attribution: tatoeba.org #3730651 (CM) & #4084919 (sacredceltic)
646,C,À quelle heure veux-tu que je sois là ?,What time do you want me to be here?,CC-BY 2.0 (France) Attribution: tatoeba.org #1696937 (Amastan) & #2044077 (jcgillet)
647,C,Qui es-tu pour me dire quoi faire ?,Who are you to tell me what to do?,CC-BY 2.0 (France) Attribution: tatoeba.org #3201776 (CK) & #5933944 (Aiji)
648,C,Qui êtes-vous pour me dire quoi faire ?,Who are you to tell me what to do?,CC-BY 2.0 (France) Attribution: tatoeba.org #3201776 (CK) & #5933945 (Aiji)
649,C,Pourquoi veux-tu que j'attende là-dedans ?,Why do you want me to wait in here?,CC-BY 2.0 (France) Attribution: tatoeba.org #2016985 (CK) & #2019425 (sacredceltic)
650,C,Pourquoi voulez-vous que j'attende là-dedans ?,Why do you want me to wait in here?,CC-BY 2.0 (France) Attribution: tatoeba.org #2016985 (CK) & #2019429 (sacredceltic)
651,C,Aimerais-tu savoir comment j'ai fait ça ?,Would you like to know how I did that?,CC-BY 2.0 (France) Attribution: tatoeba.org #3123386 (CK) & #5306798 (Aiji)
652,C,Aimeriez-vous savoir comment j'ai fait cela ?,Would you like to know how I did that?,CC-BY 2.0 (France) Attribution: tatoeba.org #3123386 (CK) & #5306799 (Aiji)
653,C,"« Puis-je utiliser votre dictionnaire ? » « Oui, je vous en prie. »","""Can I use your dictionary?"" ""Yes, here you are.""",CC-BY 2.0 (France) Attribution: tatoeba.org #73984 (CK) & #126663 (Aiji)
654,C,Es-tu en train de me dire comment faire mon boulot ?,Are you telling me how to do my job?,CC-BY 2.0 (France) Attribution: tatoeba.org #1855181 (Spamster) & #1858382 (sacredceltic)
655,C,Êtes-vous en train de me dire comment faire mon boulot ?,Are you telling me how to do my job?,CC-BY 2.0 (France) Attribution: tatoeba.org #1855181 (Spamster) & #1858383 (sacredceltic)
656,C,Vous me dites comment faire mon travail ?,Are you telling me how to do my job?,CC-BY 2.0 (France) Attribution: tatoeba.org #1855181 (Spamster) & #7701889 (Maxence)
657,C,Quelqu'un peut-il me dire ce que je devrais faire après ?,Can anyone tell me what I should do next?,CC-BY 2.0 (France) Attribution: tatoeba.org #5190612 (CK) & #5707305 (Aiji)
658,C,Pouvez-vous s'il vous plait me répéter votre nom ?,Can you please tell me your name once more?,CC-BY 2.0 (France) Attribution: tatoeba.org #889678 (Scott) & #944854 (sacredceltic)
659,C,Est-ce que tu peux me dire ce que tu essaies de faire ?,Can you tell me what you're trying to do?,CC-BY 2.0 (France) Attribution: tatoeba.org #6242492 (CK) & #8170508 (Aiji)
660,C,Pouvez-vous me dire ce que vous essayez de faire ?,Can you tell me what you're trying to do?,CC-BY 2.0 (France) Attribution: tatoeba.org #6242492 (CK) & #8170509 (Aiji)
661,C,Pouvez-vous m'indiquer où se trouve l'entrée du métro ?,Can you tell me where the subway entrance is?,CC-BY 2.0 (France) Attribution: tatoeba.org #277081 (CK) & #129299 (sysko)
662,C,Pouvez-vous me dire où vous êtes en ce moment ?,Can you tell me where you are right now?,CC-BY 2.0 (France) Attribution: tatoeba.org #9849480 (NurseMeeks) & #9965347 (Micsmithel)
663,C,Peux-tu me dire où tu es en ce moment ?,Can you tell me where you are right now?,CC-BY 2.0 (France) Attribution: tatoeba.org #9849480 (NurseMeeks) & #9965348 (Micsmithel)
664,C,"Peux-tu, s'il te plait, me dire pourquoi tu l'aimes ?",Could you please tell me why you love her?,CC-BY 2.0 (France) Attribution: tatoeba.org #467303 (CK) & #467358 (sacredceltic)
665,C,"Pourrais-tu m'indiquer ta taille et ton poids, je te prie ?",Could you please tell me your height and weight?,CC-BY 2.0 (France) Attribution: tatoeba.org #1981269 (CK) & #1981646 (sacredceltic)
666,C,"Pourriez-vous, je vous prie, m'indiquer votre taille et votre poids ?",Could you please tell me your height and weight?,CC-BY 2.0 (France) Attribution: tatoeba.org #1981269 (CK) & #1981648 (sacredceltic)
667,C,Tu es venu en train ou en bus ?,Did you come here by train or by bus?,CC-BY 2.0 (France) Attribution: tatoeba.org #61597 (CK) & #11226 (sacredceltic)
668,C,As-tu la moindre idée de l'heure qu'il est ?,Do you have any idea what time it is?,CC-BY 2.0 (France) Attribution: tatoeba.org #953195 (CK) & #955148 (sacredceltic)
669,C,As-tu une idée d'où se trouve ton chien actuellement ?,Do you have idea where your dog is now?,CC-BY 2.0 (France) Attribution: tatoeba.org #8455919 (CK) & #13348012 (genes1s)
670,C,Tu as quelque chose à me dire ?,Do you have something you want to tell me?,CC-BY 2.0 (France) Attribution: tatoeba.org #2028339 (CK) & #6982237 (Blabla)
671,C,Sais-tu ce qu’est cette chose là-bas ?,Do you know what that thing over there is?,CC-BY 2.0 (France) Attribution: tatoeba.org #10502518 (CK) & #10502519 (sacredceltic)
672,C,Veux-tu vraiment savoir où nous sommes allés ?,Do you really want to know where we went?,CC-BY 2.0 (France) Attribution: tatoeba.org #2712679 (CK) & #3217377 (Dreamk33)
673,C,Penses-tu que tu pourrais m'aider à faire ça ?,Do you think you could help me do that?,CC-BY 2.0 (France) Attribution: tatoeba.org #5798708 (CK) & #5800034 (Yemana)
674,C,Pensez-vous que vous pourriez m'aider à faire cela ?,Do you think you could help me do that?,CC-BY 2.0 (France) Attribution: tatoeba.org #5798708 (CK) & #5800036 (Yemana)
675,C,Est-ce que tu veux venir manger chez nous ?,Do you want to come eat at our house?,CC-BY 2.0 (France) Attribution: tatoeba.org #3871295 (CK) & #7060752 (Aiji)
676,C,Voulez-vous venir manger chez nous ?,Do you want to come eat at our house?,CC-BY 2.0 (France) Attribution: tatoeba.org #3871295 (CK) & #7060753 (Aiji)
677,C,Voulez-vous savoir ce qu'est le problème ?,Do you want to know what the problem is?,CC-BY 2.0 (France) Attribution: tatoeba.org #2538793 (CK) & #6937003 (Aiji)
678,C,Veux-tu savoir ce qu'est le problème ?,Do you want to know what the problem is?,CC-BY 2.0 (France) Attribution: tatoeba.org #2538793 (CK) & #6937004 (Aiji)
679,C,Tu veux savoir qui je suis vraiment ?,Do you want to know who I really am?,CC-BY 2.0 (France) Attribution: tatoeba.org #2018755 (CK) & #11179964 (lbdx)
680,C,Veux-tu savoir avec qui j'étais ?,Do you want to know who I was with?,CC-BY 2.0 (France) Attribution: tatoeba.org #11171989 (ddnktr) & #2287622 (Rovo)
681,C,Voulez-vous savoir avec qui j'étais ?,Do you want to know who I was with?,CC-BY 2.0 (France) Attribution: tatoeba.org #11171989 (ddnktr) & #2287623 (Rovo)
682,C,Ne veux-tu pas savoir pourquoi j'ai fait ça ?,Don't you want to know why I did that?,CC-BY 2.0 (France) Attribution: tatoeba.org #2025833 (CK) & #7752228 (Aiji)
683,C,Ne voulez-vous pas savoir pourquoi j'ai fait cela ?,Don't you want to know why I did that?,CC-BY 2.0 (France) Attribution: tatoeba.org #2025833 (CK) & #7752229 (Aiji)
684,C,"Excusez-moi, puis-je vous dire un mot ?","Excuse me, can I have a word with you?",CC-BY 2.0 (France) Attribution: tatoeba.org #4011454 (CK) & #5353309 (Aiji)
685,C,"Excuse-moi, puis-je te dire un mot ?","Excuse me, can I have a word with you?",CC-BY 2.0 (France) Attribution: tatoeba.org #4011454 (CK) & #5353310 (Aiji)
686,C,Comment peux-tu manger à un moment pareil ?,How can you eat at a time like this?,CC-BY 2.0 (France) Attribution: tatoeba.org #3154859 (CK) & #4550865 (Whidou)
687,C,Comment peux-tu être sûr que je veuille ce travail ?,How do you know I even want that job?,CC-BY 2.0 (France) Attribution: tatoeba.org #2019118 (CK) & #7370140 (Micsmithel)
688,C,Combien de pommes veux-tu que j'achète ?,How many apples do you want me to buy?,CC-BY 2.0 (France) Attribution: tatoeba.org #3673492 (CK) & #8831874 (Rockaround)
689,C,Combien de fois dois-je te le dire ?,How many times do I have to tell you?,CC-BY 2.0 (France) Attribution: tatoeba.org #516605 (kebukebu) & #335429 (TRANG)
690,C,Est-ce ce que tu penses que je veux entendre ?,Is that what you think I want to hear?,CC-BY 2.0 (France) Attribution: tatoeba.org #2025917 (CK) & #2026146 (sacredceltic)
691,C,Est-ce ce que vous pensez que je veux entendre ?,Is that what you think I want to hear?,CC-BY 2.0 (France) Attribution: tatoeba.org #2025917 (CK) & #2026147 (sacredceltic)
692,C,Est-ce là ce que tu penses que je veux entendre ?,Is that what you think I want to hear?,CC-BY 2.0 (France) Attribution: tatoeba.org #2025917 (CK) & #2026148 (sacredceltic)
693,C,Est-ce là ce que vous pensez que je veux entendre ?,Is that what you think I want to hear?,CC-BY 2.0 (France) Attribution: tatoeba.org #2025917 (CK) & #2026150 (sacredceltic)
694,C,Est-ce ce que vous pensez que je veuille entendre ?,Is that what you think I want to hear?,CC-BY 2.0 (France) Attribution: tatoeba.org #2025917 (CK) & #2026151 (sacredceltic)
695,C,Est-ce là ce que vous pensez que je veuille entendre ?,Is that what you think I want to hear?,CC-BY 2.0 (France) Attribution: tatoeba.org #2025917 (CK) & #2026153 (sacredceltic)
696,C,Y a-t-il un autre moyen par lequel je puisse vous payer ?,Is there any other way I can pay you?,CC-BY 2.0 (France) Attribution: tatoeba.org #2178806 (Hybrid) & #2185797 (sacredceltic)
697,C,Y a-t-il un autre moyen par lequel je puisse te payer ?,Is there any other way I can pay you?,CC-BY 2.0 (France) Attribution: tatoeba.org #2178806 (Hybrid) & #2185798 (sacredceltic)
698,C,Y a-t-il un autre moyen par lequel je puisse vous rétribuer ?,Is there any other way I can pay you?,CC-BY 2.0 (France) Attribution: tatoeba.org #2178806 (Hybrid) & #2185799 (sacredceltic)
699,C,Y a-t-il un autre moyen par lequel je puisse te rétribuer ?,Is there any other way I can pay you?,CC-BY 2.0 (France) Attribution: tatoeba.org #2178806 (Hybrid) & #2185800 (sacredceltic)
700,C,Y a-t-il quelque chose d'autre que nous pouvons faire pour vous ?,Is there anything else we can do for you?,CC-BY 2.0 (France) Attribution: tatoeba.org #4011614 (CK) & #7290539 (Aiji)
701,C,Puis-je faire autre chose pour toi ?,Is there anything else you want me to do?,CC-BY 2.0 (France) Attribution: tatoeba.org #25218 (CK) & #506584 (SUZIE)
702,C,Y a-t-il quoi que ce soit d'autre que tu veuilles que je fasse ?,Is there anything else you want me to do?,CC-BY 2.0 (France) Attribution: tatoeba.org #25218 (CK) & #506585 (SUZIE)
703,C,Y a-t-il quoi que ce soit d'autre que tu veux que je fasse ?,Is there anything else you want me to do?,CC-BY 2.0 (France) Attribution: tatoeba.org #25218 (CK) & #1017218 (sacredceltic)
704,C,Y a-t-il quoi que ce soit d'autre que vous vouliez que je fasse ?,Is there anything else you want me to do?,CC-BY 2.0 (France) Attribution: tatoeba.org #25218 (CK) & #1017221 (sacredceltic)
705,C,Y a-t-il quoi que ce soit d'autre que tu veuilles me dire ?,Is there anything else you want to tell me?,CC-BY 2.0 (France) Attribution: tatoeba.org #2028657 (CK) & #6484294 (sacredceltic)
706,C,Y a-t-il quoi que ce soit d'autre que vous veuillez me dire ?,Is there anything else you want to tell me?,CC-BY 2.0 (France) Attribution: tatoeba.org #2028657 (CK) & #6484295 (sacredceltic)
707,C,Y a-t-il quelque chose que je peux faire pour toi ?,Is there anything that I can do for you?,CC-BY 2.0 (France) Attribution: tatoeba.org #25297 (mamat) & #488698 (mamat)
708,C,Y a-t-il quelque chose que je puisse faire pour toi ?,Is there anything that I can do for you?,CC-BY 2.0 (France) Attribution: tatoeba.org #25297 (mamat) & #1137943 (sacredceltic)
709,C,Y a-t-il quoi que ce soit que je puisse faire pour toi ?,Is there anything that I can do for you?,CC-BY 2.0 (France) Attribution: tatoeba.org #25297 (mamat) & #1137945 (sacredceltic)
710,C,Y a-t-il quoi que ce soit que je puisse faire pour vous ?,Is there anything that I can do for you?,CC-BY 2.0 (France) Attribution: tatoeba.org #25297 (mamat) & #1137946 (sacredceltic)
711,C,Tu veux me dire autre chose ?,Is there something else you want to tell me?,CC-BY 2.0 (France) Attribution: tatoeba.org #3636329 (CK) & #6393488 (lbdx)
712,C,Y a-t-il quelque chose que vous veuillez me dire ?,Is there something that you want to tell me?,CC-BY 2.0 (France) Attribution: tatoeba.org #2038374 (Spamster) & #2039065 (sacredceltic)
713,C,"Alors, que voulez-vous que je fasse ?",So what is it you want me to do?,CC-BY 2.0 (France) Attribution: tatoeba.org #2014737 (CK) & #2015647 (sacredceltic)
714,C,"Alors, c'est quoi que tu veux que je fasse ?",So what is it you want me to do?,CC-BY 2.0 (France) Attribution: tatoeba.org #2014737 (CK) & #2015651 (sacredceltic)
715,C,Alors c'est quoi que vous voulez que je fasse ?,So what is it you want me to do?,CC-BY 2.0 (France) Attribution: tatoeba.org #2014737 (CK) & #2015654 (sacredceltic)
716,C,Que puis-je faire pour vous aider dans l'immédiat ?,What can I do to help you right now?,CC-BY 2.0 (France) Attribution: tatoeba.org #9943100 (NurseMeeks) & #9950522 (Micsmithel)
717,C,Que puis-je faire pour t'aider là maintenant ?,What can I do to help you right now?,CC-BY 2.0 (France) Attribution: tatoeba.org #9943100 (NurseMeeks) & #9950526 (Micsmithel)
718,C,Que pensais-tu que j'allais faire ?,What did you think I was going to do?,CC-BY 2.0 (France) Attribution: tatoeba.org #3687403 (CK) & #6365675 (Aiji)
719,C,Que pensiez-vous que j'allais faire ?,What did you think I was going to do?,CC-BY 2.0 (France) Attribution: tatoeba.org #3687403 (CK) & #6365676 (Aiji)
720,C,Que font les pompiers en l'absence d'incendies ?,What do firefighters do when there are no fires?,CC-BY 2.0 (France) Attribution: tatoeba.org #3690078 (Hybrid) & #3690611 (sacredceltic)
721,C,Que font les pompiers lorsqu'il n'y a pas d'incendie ?,What do firefighters do when there are no fires?,CC-BY 2.0 (France) Attribution: tatoeba.org #3690078 (Hybrid) & #12182278 (lbdx)
722,C,Qu'avez-vous à dire pour votre défense ?,What do you have to say in your defense?,CC-BY 2.0 (France) Attribution: tatoeba.org #2601386 (AlanF_US) & #11232311 (lbdx)
723,C,Que voulez-vous boire avec votre repas ?,What do you want to drink with your meal?,CC-BY 2.0 (France) Attribution: tatoeba.org #2220938 (CK) & #2222188 (sacredceltic)
724,C,Que veux-tu boire avec ton repas ?,What do you want to drink with your meal?,CC-BY 2.0 (France) Attribution: tatoeba.org #2220938 (CK) & #2222189 (sacredceltic)
725,C,Qu'est-ce que tu veux que je fasse ?,What is it that you want me to do?,CC-BY 2.0 (France) Attribution: tatoeba.org #17835 (CK) & #7701771 (Maxence)
726,C,Qu'est-ce que tu veux vraiment me dire ?,What is it you really want to tell me?,CC-BY 2.0 (France) Attribution: tatoeba.org #2025948 (CK) & #2026082 (sacredceltic)
727,C,Qu'est-ce que vous voulez vraiment me dire ?,What is it you really want to tell me?,CC-BY 2.0 (France) Attribution: tatoeba.org #2025948 (CK) & #2026083 (sacredceltic)
728,C,Que veux-tu vraiment me dire ?,What is it you really want to tell me?,CC-BY 2.0 (France) Attribution: tatoeba.org #2025948 (CK) & #2026085 (sacredceltic)
729,C,Que voulez-vous vraiment me dire ?,What is it you really want to tell me?,CC-BY 2.0 (France) Attribution: tatoeba.org #2025948 (CK) & #2026086 (sacredceltic)
730,C,Qu'est-ce qui te fait penser que je n'aime pas tes amis ?,What makes you think I don't like your friends?,CC-BY 2.0 (France) Attribution: tatoeba.org #3428497 (CK) & #4050070 (mouche)
731,C,Qu'aimerais-tu que je fasse avec ceci ?,What would you like me to do with this?,CC-BY 2.0 (France) Attribution: tatoeba.org #3123613 (CK) & #5524474 (Aiji)
732,C,Qu'aimeriez-vous que je fasse avec ceci ?,What would you like me to do with this?,CC-BY 2.0 (France) Attribution: tatoeba.org #3123613 (CK) & #5524475 (Aiji)
733,C,Que voudrais-tu faire tant que tu es ici ?,What would you like to do while you're here?,CC-BY 2.0 (France) Attribution: tatoeba.org #25242 (CK) & #373464 (sysko)
734,C,Quand avez-vous eu le temps de faire tout ceci ?,When did you have time to do all this?,CC-BY 2.0 (France) Attribution: tatoeba.org #2892735 (CK) & #7045039 (Aiji)
735,C,Quand as-tu eu le temps de faire tout ça ?,When did you have time to do all this?,CC-BY 2.0 (France) Attribution: tatoeba.org #2892735 (CK) & #7045041 (Aiji)
736,C,Où voulez-vous que je mette votre valise ?,Where do you want me to put your suitcase?,CC-BY 2.0 (France) Attribution: tatoeba.org #2028438 (CK) & #2029617 (Rovo)
737,C,Où veux-tu que je mette ta valise ?,Where do you want me to put your suitcase?,CC-BY 2.0 (France) Attribution: tatoeba.org #2028438 (CK) & #2029618 (Rovo)
738,C,Où étais-tu quand j'avais vraiment besoin de ton aide ?,Where were you when I really needed your help?,CC-BY 2.0 (France) Attribution: tatoeba.org #3347041 (CK) & #9731112 (lbdx)
739,C,Qui suis-je pour vous dire quoi faire ?,Who am I to tell you what to do?,CC-BY 2.0 (France) Attribution: tatoeba.org #6037963 (mailohilohi) & #8823995 (Aiji)
740,C,Qui suis-je pour te dire quoi faire ?,Who am I to tell you what to do?,CC-BY 2.0 (France) Attribution: tatoeba.org #6037963 (mailohilohi) & #8823996 (Aiji)
741,C,Qui êtes-vous et d'où venez-vous ?,Who are you and where do you come from?,CC-BY 2.0 (France) Attribution: tatoeba.org #4491464 (CK) & #5389540 (Aiji)
742,C,Qui es-tu et d'où viens-tu ?,Who are you and where do you come from?,CC-BY 2.0 (France) Attribution: tatoeba.org #4491464 (CK) & #5389541 (Aiji)
743,C,Qui es-tu pour nous dire que nous ne pouvons pas partir ?,Who are you to tell us we can't go?,CC-BY 2.0 (France) Attribution: tatoeba.org #3731438 (CM) & #3938003 (sacredceltic)
744,C,Qui es-tu pour nous dire que nous ne pouvons pas y aller ?,Who are you to tell us we can't go?,CC-BY 2.0 (France) Attribution: tatoeba.org #3731438 (CM) & #3938004 (sacredceltic)
745,C,Qui êtes-vous pour nous dire que nous ne pouvons pas partir ?,Who are you to tell us we can't go?,CC-BY 2.0 (France) Attribution: tatoeba.org #3731438 (CM) & #3938005 (sacredceltic)
746,C,Qui êtes-vous pour nous dire que nous ne pouvons pas y aller ?,Who are you to tell us we can't go?,CC-BY 2.0 (France) Attribution: tatoeba.org #3731438 (CM) & #3938006 (sacredceltic)
747,C,Pourquoi agis-tu comme si tu ne me connaissais pas ?,Why are you acting like you don't know me?,CC-BY 2.0 (France) Attribution: tatoeba.org #1886534 (CK) & #5854361 (ImmortalJim)
748,C,Pourquoi as-tu attendu si longtemps pour me le dire ?,Why did you wait so long to tell me?,CC-BY 2.0 (France) Attribution: tatoeba.org #7782490 (Hybrid) & #10766440 (lbdx)
749,C,Pourquoi est-ce que je dois aller dans ma chambre ?,Why do I have to go to my room?,CC-BY 2.0 (France) Attribution: tatoeba.org #2541620 (CK) & #7889006 (Aiji)
750,C,Pourquoi veux-tu sortir avec moi ?,Why do you want to go out with me?,CC-BY 2.0 (France) Attribution: tatoeba.org #2016741 (CK) & #2018331 (sacredceltic)
751,C,Pourquoi voulez-vous sortir avec moi ?,Why do you want to go out with me?,CC-BY 2.0 (France) Attribution: tatoeba.org #2016741 (CK) & #2018335 (sacredceltic)
752,C,Pourquoi veux-tu savoir ce que je pense ?,Why do you want to know what I'm thinking?,CC-BY 2.0 (France) Attribution: tatoeba.org #1390993 (donkirkby) & #1391027 (sacredceltic)
753,C,Pourquoi voulez-vous savoir ce que je pense ?,Why do you want to know what I'm thinking?,CC-BY 2.0 (France) Attribution: tatoeba.org #1390993 (donkirkby) & #1391029 (sacredceltic)
754,C,Pourquoi veux-tu savoir ce que je suis en train de penser ?,Why do you want to know what I'm thinking?,CC-BY 2.0 (France) Attribution: tatoeba.org #1390993 (donkirkby) & #1391030 (sacredceltic)
755,C,Pourquoi voulez-vous travailler pour notre entreprise ?,Why do you want to work for our company?,CC-BY 2.0 (France) Attribution: tatoeba.org #2026628 (CK) & #2026651 (sacredceltic)
756,C,Pourquoi veux-tu travailler pour notre entreprise ?,Why do you want to work for our company?,CC-BY 2.0 (France) Attribution: tatoeba.org #2026628 (CK) & #2026652 (sacredceltic)
757,C,Pourquoi ne me dis-tu pas quelque chose que j'ignore ?,Why don't you tell me something I don't know?,CC-BY 2.0 (France) Attribution: tatoeba.org #2210923 (CK) & #2211480 (sacredceltic)
758,C,Pourquoi ne me dites-vous pas quelque chose que j'ignore ?,Why don't you tell me something I don't know?,CC-BY 2.0 (France) Attribution: tatoeba.org #2210923 (CK) & #2211483 (sacredceltic)
759,C,Pourquoi voudrais-je faire une telle chose ?,Why would I want to do something like that?,CC-BY 2.0 (France) Attribution: tatoeba.org #2028686 (CK) & #2029206 (sacredceltic)
760,C,Pourquoi voudrais-tu faire une chose pareille ?,Why would you want to do something like that?,CC-BY 2.0 (France) Attribution: tatoeba.org #2591674 (CK) & #4101240 (sbamsbamsbam)
761,C,Aurais-tu le temps de m'aider à quelque chose?,Would you have time to help me with something?,CC-BY 2.0 (France) Attribution: tatoeba.org #4374698 (CK) & #4374860 (Scorpionvenin14)
762,C,Disposeriez-vous de temps pour m'aider à quelque chose ?,Would you have time to help me with something?,CC-BY 2.0 (France) Attribution: tatoeba.org #4374698 (CK) & #4381340 (sacredceltic)
763,C,Voudrais-tu que j'y aille avec toi ?,Would you like me to go there with you?,CC-BY 2.0 (France) Attribution: tatoeba.org #5227706 (CK) & #5573176 (Aiji)
764,C,Voudriez-vous que je vous y accompagne ?,Would you like me to go there with you?,CC-BY 2.0 (France) Attribution: tatoeba.org #5227706 (CK) & #5573177 (Aiji)
765,C,Voudrais-tu que j'aille là-bas avec toi ?,Would you like me to go there with you?,CC-BY 2.0 (France) Attribution: tatoeba.org #5227706 (CK) & #5573178 (Aiji)
766,C,Voudriez-vous que j'y aille avec vous ?,Would you like me to go there with you?,CC-BY 2.0 (France) Attribution: tatoeba.org #5227706 (CK) & #5573179 (Aiji)
767,C,"Voudriez-vous, je vous prie, dire à ce monsieur qui je suis ?",Would you please tell this gentleman who I am?,CC-BY 2.0 (France) Attribution: tatoeba.org #3730917 (CM) & #3979829 (sacredceltic)
768,C,"Voudrais-tu, je te prie, dire à ce monsieur qui je suis ?",Would you please tell this gentleman who I am?,CC-BY 2.0 (France) Attribution: tatoeba.org #3730917 (CM) & #3979831 (sacredceltic)
769,C,"Tu ne veux pas me dire pourquoi, si ?","You don't want to tell me why, do you?",CC-BY 2.0 (France) Attribution: tatoeba.org #2025956 (CK) & #2026063 (sacredceltic)
770,C,"Vous ne voulez pas me dire pourquoi, si ?","You don't want to tell me why, do you?",CC-BY 2.0 (France) Attribution: tatoeba.org #2025956 (CK) & #2026064 (sacredceltic)
771,C,"Tu n'as aucune idée de ce que c'est, n'est-ce pas ?","You have no idea what this is, do you?",CC-BY 2.0 (France) Attribution: tatoeba.org #4799403 (CK) & #7862715 (Aiji)
772,C,"Vous n'avez aucune idée de ce dont il s'agit, n'est-ce pas ?","You have no idea what this is, do you?",CC-BY 2.0 (France) Attribution: tatoeba.org #4799403 (CK) & #7862716 (Aiji)
773,C,"Tu n'as aucune idée de qui c'est, n'est-ce pas ?","You have no idea who that is, do you?",CC-BY 2.0 (France) Attribution: tatoeba.org #2954543 (CK) & #5959426 (Aiji)
774,C,"Vous n'avez aucune idée de qui c'est, n'est-ce pas ?","You have no idea who that is, do you?",CC-BY 2.0 (France) Attribution: tatoeba.org #2954543 (CK) & #5959427 (Aiji)
775,C,« Pourquoi as-tu fait ça ? » « Je n'avais pas le choix. »,"""Why did you do that?"" ""I had no choice.""",CC-BY 2.0 (France) Attribution: tatoeba.org #1858662 (CK) & #11290209 (Micsmithel)
776,C,« Pourquoi avez-vous fait ça ? » « Je n'avais pas le choix. »,"""Why did you do that?"" ""I had no choice.""",CC-BY 2.0 (France) Attribution: tatoeba.org #1858662 (CK) & #11290210 (Micsmithel)
777,C,Je ne sais ce que vous voulez que je dise.,I don't know what you want me to say.,CC-BY 2.0 (France) Attribution: tatoeba.org #1887251 (CK) & #2504322 (sacredceltic)
778,C,Je ne sais pas ce que vous voulez que je dise.,I don't know what you want me to say.,CC-BY 2.0 (France) Attribution: tatoeba.org #1887251 (CK) & #2504323 (sacredceltic)
779,C,J'ignore ce que vous voulez que je dise.,I don't know what you want me to say.,CC-BY 2.0 (France) Attribution: tatoeba.org #1887251 (CK) & #2504324 (sacredceltic)
780,C,Je ne sais ce que tu veux que je dise.,I don't know what you want me to say.,CC-BY 2.0 (France) Attribution: tatoeba.org #1887251 (CK) & #2504325 (sacredceltic)
781,C,Je ne sais pas ce que tu veux que je dise.,I don't know what you want me to say.,CC-BY 2.0 (France) Attribution: tatoeba.org #1887251 (CK) & #2504326 (sacredceltic)
782,C,J'ignore ce que tu veux que je dise.,I don't know what you want me to say.,CC-BY 2.0 (France) Attribution: tatoeba.org #1887251 (CK) & #2504328 (sacredceltic)
783,C,Je sais combien vous êtes fier de votre travail.,I know how proud you are of your work.,CC-BY 2.0 (France) Attribution: tatoeba.org #2952319 (CK) & #6474167 (Aiji)
784,C,Je sais à quel point tu es fière de ton travail.,I know how proud you are of your work.,CC-BY 2.0 (France) Attribution: tatoeba.org #2952319 (CK) & #6474168 (Aiji)
785,C,J'ai besoin que tu me dises quoi faire.,I need you to tell me what to do.,CC-BY 2.0 (France) Attribution: tatoeba.org #3201697 (CK) & #6707351 (GB3)
786,C,J'ai besoin que vous me disiez quoi faire.,I need you to tell me what to do.,CC-BY 2.0 (France) Attribution: tatoeba.org #3201697 (CK) & #6707352 (GB3)
787,C,Je crois que tu sais où je veux aller.,I think you know where I want to go.,CC-BY 2.0 (France) Attribution: tatoeba.org #2018803 (CK) & #5363488 (alexisslay)
788,C,Je veux que tu me dises quoi faire.,I want you to tell me what to do.,CC-BY 2.0 (France) Attribution: tatoeba.org #3201686 (CK) & #5452512 (Aiji)
789,C,Je veux que vous me disiez quoi faire.,I want you to tell me what to do.,CC-BY 2.0 (France) Attribution: tatoeba.org #3201686 (CK) & #5452513 (Aiji)
790,C,Je veux que tu me dises qui a fait ça.,I want you to tell me who did this.,CC-BY 2.0 (France) Attribution: tatoeba.org #3202055 (CK) & #7862739 (Aiji)
791,C,Je veux que vous me disiez qui a fait ceci.,I want you to tell me who did this.,CC-BY 2.0 (France) Attribution: tatoeba.org #3202055 (CK) & #7862740 (Aiji)
792,C,Dis-moi à quelle heure je dois venir.,Tell me what time I need to be there.,CC-BY 2.0 (France) Attribution: tatoeba.org #6688029 (CK) & #7528442 (tras)
793,C,Dis-moi pourquoi tu n'as pas fait ce que j'ai demandé.,Tell me why you didn't do what I asked.,CC-BY 2.0 (France) Attribution: tatoeba.org #3203738 (CK) & #5535087 (Aiji)
794,C,Dites-moi pourquoi vous n'avez pas fait ce que j'ai demandé.,Tell me why you didn't do what I asked.,CC-BY 2.0 (France) Attribution: tatoeba.org #3203738 (CK) & #5535088 (Aiji)
795,C,Qu'est-ce que tu vas faire ? Le dire à ta mère ?,What are you going to do? Tell your mom?,CC-BY 2.0 (France) Attribution: tatoeba.org #3203830 (CK) & #8126604 (Aiji)
796,C,"Pouvez-vous me dire à quelle heure le train part, s'il vous plaît ?",Can you please tell me what time the train leaves?,CC-BY 2.0 (France) Attribution: tatoeba.org #24588 (CK) & #9642 (Petro1)
797,C,Pourrais-tu me dire à nouveau qui est ton père ?,Could you please tell me again who your father is?,CC-BY 2.0 (France) Attribution: tatoeba.org #953170 (CK) & #1392366 (sacredceltic)
798,C,Pourriez-vous me dire à nouveau qui est votre père ?,Could you please tell me again who your father is?,CC-BY 2.0 (France) Attribution: tatoeba.org #953170 (CK) & #1392367 (sacredceltic)
799,C,Pourriez-vous me dire où je peux prendre un train ?,Could you tell me where I can get a train?,CC-BY 2.0 (France) Attribution: tatoeba.org #279206 (CM) & #129518 (Micsmithel)
800,C,Pourriez-vous m'indiquer l'arrêt de bus le plus proche ?,Can you tell me where the nearest bus stop is?,CC-BY 2.0 (France) Attribution: tatoeba.org #27269 (CK) & #136414 (minti)
801,C,Pouvez-vous me dire où se trouve la cabine téléphonique la plus proche ?,Can you tell me where the nearest pay phone is?,CC-BY 2.0 (France) Attribution: tatoeba.org #27258 (CK) & #14016 (zmoo)
802,C,Pourrais-tu me répéter pourquoi tu es en retard ?,Could you please tell me again why you are late?,CC-BY 2.0 (France) Attribution: tatoeba.org #953171 (CK) & #1389905 (sacredceltic)
803,C,Voudriez-vous me répéter pourquoi vous êtes en retard ?,Could you please tell me again why you are late?,CC-BY 2.0 (France) Attribution: tatoeba.org #953171 (CK) & #1389906 (sacredceltic)
804,C,Pourriez-vous me dire où se trouve l'église la plus proche ?,Could you please tell me where the nearest church is?,CC-BY 2.0 (France) Attribution: tatoeba.org #982622 (CK) & #1245799 (Ppjet6)
805,C,Pourriez-vous me dire où je pourrais trouver le métro ?,Could you tell me where I can get a subway?,CC-BY 2.0 (France) Attribution: tatoeba.org #277085 (CM) & #129301 (Aiji)
806,C,As-tu une idée de ce à quoi ma vie ressemble ?,Do you have any idea what my life is like?,CC-BY 2.0 (France) Attribution: tatoeba.org #2104 (CK) & #3913 (TRANG)
807,C,Ne penses-tu pas que je sais ce que les gens disent de moi ?,Don't you think I know what people say about me?,CC-BY 2.0 (France) Attribution: tatoeba.org #652581 (darinmex) & #810949 (sacredceltic)
808,C,Ne pensez-vous pas que je sais ce que les gens disent de moi ?,Don't you think I know what people say about me?,CC-BY 2.0 (France) Attribution: tatoeba.org #652581 (darinmex) & #810951 (sacredceltic)
809,C,Comment saviez-vous que j'allais dire oui ?,How did you know I was going to say yes?,CC-BY 2.0 (France) Attribution: tatoeba.org #3588354 (CK) & #3602640 (sacredceltic)
810,C,Comment savais-tu que j'allais dire oui ?,How did you know I was going to say yes?,CC-BY 2.0 (France) Attribution: tatoeba.org #3588354 (CK) & #3602641 (sacredceltic)
811,C,Comment saviez-vous ce que j'allais dire ?,How did you know what I was going to say?,CC-BY 2.0 (France) Attribution: tatoeba.org #3820976 (CK) & #6668663 (Aiji)
812,C,Comment savais-tu ce que j'allais dire ?,How did you know what I was going to say?,CC-BY 2.0 (France) Attribution: tatoeba.org #3820976 (CK) & #6668664 (Aiji)
813,C,Comment aides-tu quelqu'un qui ne veut pas de ton aide ?,How do you help someone who doesn't want your help?,CC-BY 2.0 (France) Attribution: tatoeba.org #2033976 (CK) & #4479371 (mouche)
814,C,Ça te dirait d'aller boire un verre après le travail ?,Would you like to go have a drink after work?,CC-BY 2.0 (France) Attribution: tatoeba.org #3598232 (karloelkebekio) & #3371961 (GB3)
815,C,Je peux comprendre pourquoi vous ne voulez pas manger là.,I can understand why you don't want to eat there.,CC-BY 2.0 (France) Attribution: tatoeba.org #953369 (CK) & #1391189 (sacredceltic)
816,C,Je peux comprendre pourquoi vous ne voulez pas y manger.,I can understand why you don't want to eat there.,CC-BY 2.0 (France) Attribution: tatoeba.org #953369 (CK) & #1391190 (sacredceltic)
817,C,Je peux comprendre pourquoi tu ne veux pas manger là.,I can understand why you don't want to eat there.,CC-BY 2.0 (France) Attribution: tatoeba.org #953369 (CK) & #1391191 (sacredceltic)
818,C,Je peux comprendre pourquoi tu ne veux pas y manger.,I can understand why you don't want to eat there.,CC-BY 2.0 (France) Attribution: tatoeba.org #953369 (CK) & #1391192 (sacredceltic)
819,C,Je pense que tu sais que nous devons faire ça aujourd'hui.,I think you know we have to do that today.,CC-BY 2.0 (France) Attribution: tatoeba.org #7240241 (CK) & #8252885 (Aiji)
820,C,Peux-tu me dire quand arrive le prochain bus ?,Can you tell me when the next bus will arrive?,CC-BY 2.0 (France) Attribution: tatoeba.org #264221 (kebukebu) & #415967 (jerom)
821,C,Peux-tu me dire où je me situe sur cette carte ?,Can you tell me where I am on this map?,CC-BY 2.0 (France) Attribution: tatoeba.org #57907 (CK) & #337422 (sysko)
822,C,Pourriez-vous me dire comment se rendre à votre bureau ?,Could you tell me how to get to your office?,CC-BY 2.0 (France) Attribution: tatoeba.org #265455 (CK) & #128263 (alexisslay)
823,C,"Pourriez-vous me dire, comment on se rend dans son bureau ?",Could you tell me how to get to your office?,CC-BY 2.0 (France) Attribution: tatoeba.org #265455 (CK) & #2531990 (Jio15)
824,C,Crois-tu que je me soucie de ce que tu penses de moi ?,Do you think I care what you think of me?,CC-BY 2.0 (France) Attribution: tatoeba.org #4097563 (Theocracy) & #6556252 (Aiji)
825,C,Croyez-vous que je me soucie de ce que vous pensez de moi ?,Do you think I care what you think of me?,CC-BY 2.0 (France) Attribution: tatoeba.org #4097563 (Theocracy) & #6556253 (Aiji)
826,C,Penses-tu pouvoir me sortir de là ?,Do you think you can get me out of here?,CC-BY 2.0 (France) Attribution: tatoeba.org #5800565 (CK) & #5804375 (Toynop)
827,C,Pensez-vous pouvoir me sortir de là ?,Do you think you can get me out of here?,CC-BY 2.0 (France) Attribution: tatoeba.org #5800565 (CK) & #5804376 (Toynop)
828,C,Est-ce que tu veux que je t'aide à faire tes devoirs ?,Do you want me to help you with your homework?,CC-BY 2.0 (France) Attribution: tatoeba.org #2031526 (CK) & #7769815 (Aiji)
829,C,Voulez-vous que je vous aide à faire vos devoirs ?,Do you want me to help you with your homework?,CC-BY 2.0 (France) Attribution: tatoeba.org #2031526 (CK) & #7769817 (Aiji)
830,C,Veux-tu que je t'aide à faire tes devoirs ?,Do you want me to help you with your homework?,CC-BY 2.0 (France) Attribution: tatoeba.org #2031526 (CK) & #9774866 (felix63)
831,C,Veux-tu savoir où tu t'es trompé ?,Do you want to know where you made your mistake?,CC-BY 2.0 (France) Attribution: tatoeba.org #2032002 (CK) & #5291283 (Aiji)
832,C,Voulez-vous savoir où vous vous êtes trompé ?,Do you want to know where you made your mistake?,CC-BY 2.0 (France) Attribution: tatoeba.org #2032002 (CK) & #5291284 (Aiji)
833,C,Comment trouver ce qu'il nous faut savoir ?,How do we find out what we need to know?,CC-BY 2.0 (France) Attribution: tatoeba.org #3592221 (CK) & #3601261 (sacredceltic)
834,C,Combien de temps as-tu attendu le bus ?,How long did you have to wait for the bus?,CC-BY 2.0 (France) Attribution: tatoeba.org #7347592 (Eccles17) & #7346834 (Micsmithel)
835,C,"Si je me faisais prendre, sais-tu ce qui arriverait ?","If I were caught, do you know what would happen?",CC-BY 2.0 (France) Attribution: tatoeba.org #3731207 (CM) & #3973933 (sacredceltic)
836,C,"Si je me faisais prendre, savez-vous ce qui arriverait ?","If I were caught, do you know what would happen?",CC-BY 2.0 (France) Attribution: tatoeba.org #3731207 (CM) & #3973934 (sacredceltic)
837,C,"Si je me faisais prendre, sais-tu ce qui adviendrait ?","If I were caught, do you know what would happen?",CC-BY 2.0 (France) Attribution: tatoeba.org #3731207 (CM) & #3973935 (sacredceltic)
838,C,Y a-t-il quelque chose que tu voudrais que je t'achète ?,Is there anything you want me to buy for you?,CC-BY 2.0 (France) Attribution: tatoeba.org #2031354 (CK) & #2765828 (arnxy20)
839,C,Devrais-je y aller ou voudrais-tu que je reste ?,Should I go or would you like me to stay?,CC-BY 2.0 (France) Attribution: tatoeba.org #1140061 (CK) & #1140633 (sacredceltic)
840,C,Devrais-je partir ou voudriez-vous que je reste ?,Should I go or would you like me to stay?,CC-BY 2.0 (France) Attribution: tatoeba.org #1140061 (CK) & #1140634 (sacredceltic)
841,C,Qu'aimes-tu faire de ton temps libre ?,What do you like to do in your free time?,CC-BY 2.0 (France) Attribution: tatoeba.org #464542 (lukaszpp) & #468395 (sacredceltic)
842,C,Qu'aimez-vous faire de votre temps libre ?,What do you like to do in your free time?,CC-BY 2.0 (France) Attribution: tatoeba.org #464542 (lukaszpp) & #468399 (sacredceltic)
843,C,Qu'est-ce que tu aimes faire pendant ton temps libre ?,What do you like to do in your free time?,CC-BY 2.0 (France) Attribution: tatoeba.org #464542 (lukaszpp) & #729589 (qdii)
844,C,Que penses-tu que je devrais mettre dans ma valise pour mon voyage ?,What do you think I should pack for my trip?,CC-BY 2.0 (France) Attribution: tatoeba.org #4012275 (CK) & #5461548 (Aiji)
845,C,Que pensez-vous que je devrais mettre dans ma valise pour mon voyage ?,What do you think I should pack for my trip?,CC-BY 2.0 (France) Attribution: tatoeba.org #4012275 (CK) & #5461551 (Aiji)
846,C,Que pensez-vous que vous aimeriez faire la prochaine fois ?,What do you think you'd like to do next time?,CC-BY 2.0 (France) Attribution: tatoeba.org #2031101 (CK) & #2103186 (sacredceltic)
847,C,Que penses-tu que tu aimerais faire la prochaine fois ?,What do you think you'd like to do next time?,CC-BY 2.0 (France) Attribution: tatoeba.org #2031101 (CK) & #2103188 (sacredceltic)
848,C,"Que veux-tu que je dise, exactement ?",What exactly is it that you want me to say?,CC-BY 2.0 (France) Attribution: tatoeba.org #2028683 (CK) & #2029217 (sacredceltic)
849,C,À quelle heure voulez-vous que je vous prenne ?,What time do you want me to pick you up?,CC-BY 2.0 (France) Attribution: tatoeba.org #2026625 (CK) & #2026655 (sacredceltic)
850,C,À quelle heure veux-tu que je te prenne ?,What time do you want me to pick you up?,CC-BY 2.0 (France) Attribution: tatoeba.org #2026625 (CK) & #2026656 (sacredceltic)
851,C,À quelle heure veux-tu que je te réveille ?,What time do you want me to wake you up?,CC-BY 2.0 (France) Attribution: tatoeba.org #6698855 (CK) & #13377971 (lbdx)
852,C,Que se passerait-il si tu n'allais pas à l'école demain ?,What would happen if you didn't go to school tomorrow?,CC-BY 2.0 (France) Attribution: tatoeba.org #3135694 (CK) & #7957241 (Micsmithel)
853,C,Qui peut dire que ce que nous avons fait est mal ?,Who is to say that what we did is wrong?,CC-BY 2.0 (France) Attribution: tatoeba.org #3730753 (CM) & #3996838 (sacredceltic)
854,C,Pourquoi fermes-tu les yeux quand tu m'embrasses ?,Why do you close your eyes when you kiss me?,CC-BY 2.0 (France) Attribution: tatoeba.org #4091294 (CK) & #4093044 (sbamsbamsbam)
855,C,Pourquoi voulez-vous savoir ce que nous pensons ?,Why do you want to know what we're thinking about?,CC-BY 2.0 (France) Attribution: tatoeba.org #7985476 (CK) & #1391040 (sacredceltic)
856,C,Pourquoi ne me dis-tu pas comment tu penses que ça s'est produit ?,Why don't you tell me how you think it happened?,CC-BY 2.0 (France) Attribution: tatoeba.org #2210922 (CK) & #2211487 (sacredceltic)
857,C,Pourquoi ne me dis-tu pas comment tu penses que ça s'est passé ?,Why don't you tell me how you think it happened?,CC-BY 2.0 (France) Attribution: tatoeba.org #2210922 (CK) & #2211489 (sacredceltic)
858,C,Pourquoi ne me dis-tu pas comment tu penses que c'est arrivé ?,Why don't you tell me how you think it happened?,CC-BY 2.0 (France) Attribution: tatoeba.org #2210922 (CK) & #2211491 (sacredceltic)
859,C,Pourquoi ne me dites-vous pas comment vous pensez que c'est arrivé ?,Why don't you tell me how you think it happened?,CC-BY 2.0 (France) Attribution: tatoeba.org #2210922 (CK) & #2211494 (sacredceltic)
860,C,Pourquoi ne me dites-vous pas comment vous pensez que ça s'est produit ?,Why don't you tell me how you think it happened?,CC-BY 2.0 (France) Attribution: tatoeba.org #2210922 (CK) & #2211497 (sacredceltic)
861,C,Pourquoi ne me dites-vous pas comment vous pensez que ça a eu lieu ?,Why don't you tell me how you think it happened?,CC-BY 2.0 (France) Attribution: tatoeba.org #2210922 (CK) & #2211498 (sacredceltic)
862,C,Pourquoi ne me dites-vous pas comment vous pensez que ça s'est passé ?,Why don't you tell me how you think it happened?,CC-BY 2.0 (France) Attribution: tatoeba.org #2210922 (CK) & #2211500 (sacredceltic)
863,C,Pourquoi ne me dites-vous pas de quoi tout ceci retourne ?,Why don't you tell me what this is all about?,CC-BY 2.0 (France) Attribution: tatoeba.org #2210926 (CK) & #2211442 (sacredceltic)
864,C,Pourquoi ne me dis-tu pas de quoi tout ceci retourne ?,Why don't you tell me what this is all about?,CC-BY 2.0 (France) Attribution: tatoeba.org #2210926 (CK) & #2211444 (sacredceltic)
865,C,Pourquoi ne me dites-vous pas de quoi il s'agit ?,Why don't you tell me what this is all about?,CC-BY 2.0 (France) Attribution: tatoeba.org #2210926 (CK) & #2211448 (sacredceltic)
866,C,Pourquoi ne me dis-tu pas de quoi il s'agit ?,Why don't you tell me what this is all about?,CC-BY 2.0 (France) Attribution: tatoeba.org #2210926 (CK) & #2211450 (sacredceltic)
867,C,Pourquoi ne me dites-vous pas ce que vous voulez entendre ?,Why don't you tell me what you want to hear?,CC-BY 2.0 (France) Attribution: tatoeba.org #2030090 (CK) & #2031233 (sacredceltic)
868,C,Pourquoi ne me dis-tu pas ce que tu veux entendre ?,Why don't you tell me what you want to hear?,CC-BY 2.0 (France) Attribution: tatoeba.org #2030090 (CK) & #2031234 (sacredceltic)
869,C,Pourquoi voudriez-vous faire une telle chose ?,Why would you want to do a thing like that?,CC-BY 2.0 (France) Attribution: tatoeba.org #2028687 (CK) & #2029204 (sacredceltic)
870,C,Pourquoi voudrais-tu faire une telle chose ?,Why would you want to do a thing like that?,CC-BY 2.0 (France) Attribution: tatoeba.org #2028687 (CK) & #2029205 (sacredceltic)
871,C,"Pourriez-vous, s'il vous plait, me dire quel est votre numéro de téléphone mobile ?",Could you please tell me what your cell phone number is?,CC-BY 2.0 (France) Attribution: tatoeba.org #515002 (CK) & #562952 (sacredceltic)
872,C,"Peux-tu, s'il te plait, me dire quel est ton numéro de GSM ?",Could you please tell me what your cell phone number is?,CC-BY 2.0 (France) Attribution: tatoeba.org #515002 (CK) & #562953 (sacredceltic)
873,C,Pouvez-vous me dire pourquoi vous voulez travailler pour nous ?,Can you tell me why you want to work for us?,CC-BY 2.0 (France) Attribution: tatoeba.org #5597082 (CK) & #5684600 (Yemana)
874,C,Peux-tu me dire pourquoi tu veux travailler pour nous ?,Can you tell me why you want to work for us?,CC-BY 2.0 (France) Attribution: tatoeba.org #5597082 (CK) & #5684601 (Yemana)
875,C,Pourriez-vous me répéter de quelle école vous êtes diplômé ?,Could you please tell me again what school you graduated from?,CC-BY 2.0 (France) Attribution: tatoeba.org #953167 (CK) & #1402993 (sacredceltic)
876,C,Pourriez-vous me répéter de quelle école vous êtes diplômée ?,Could you please tell me again what school you graduated from?,CC-BY 2.0 (France) Attribution: tatoeba.org #953167 (CK) & #1402994 (sacredceltic)
877,C,Pourrais-tu me répéter de quelle école tu es diplômé ?,Could you please tell me again what school you graduated from?,CC-BY 2.0 (France) Attribution: tatoeba.org #953167 (CK) & #1402995 (sacredceltic)
878,C,Pourrais-tu me répéter de quelle école tu es diplômée ?,Could you please tell me again what school you graduated from?,CC-BY 2.0 (France) Attribution: tatoeba.org #953167 (CK) & #1402996 (sacredceltic)
879,C,Pourriez-vous me répéter de quelle école vous êtes diplômées ?,Could you please tell me again what school you graduated from?,CC-BY 2.0 (France) Attribution: tatoeba.org #953167 (CK) & #1402997 (sacredceltic)
880,C,Pourriez-vous me répéter de quelle école vous êtes diplômés ?,Could you please tell me again what school you graduated from?,CC-BY 2.0 (France) Attribution: tatoeba.org #953167 (CK) & #1402998 (sacredceltic)
881,C,Tu crois vraiment que je ne sais pas ce que tu as fait ?,Do you really think that I don't know what you did?,CC-BY 2.0 (France) Attribution: tatoeba.org #10976885 (CK) & #11274390 (lbdx)
882,C,Voulez-vous que je vous dise exactement ce que j'ai ressenti ?,Do you want me to tell you exactly what I felt?,CC-BY 2.0 (France) Attribution: tatoeba.org #6096349 (CK) & #12123098 (zogwarg)
883,C,Veux-tu que je te dise exactement ce que j'ai ressenti ?,Do you want me to tell you exactly what I felt?,CC-BY 2.0 (France) Attribution: tatoeba.org #6096349 (CK) & #12123099 (zogwarg)
884,C,Combien penses-tu que je puisse tirer de mon rein ?,How much do you think I can get for my kidney?,CC-BY 2.0 (France) Attribution: tatoeba.org #3732062 (CM) & #3797810 (sacredceltic)
885,C,Je ne sais pas où sont mes béquilles. Tu les as vues ?,I don't know where my crutches are. Have you seen them?,CC-BY 2.0 (France) Attribution: tatoeba.org #4134498 (CK) & #10571136 (lbdx)
886,C,Je te prie de simplement me dire ce que tu veux.,Please just tell me what it is you want to do.,CC-BY 2.0 (France) Attribution: tatoeba.org #2031566 (CK) & #2031682 (sacredceltic)
887,C,Je peux compter sur toi pour être à l'heure demain ?,Can I rely on you to be here on time tomorrow?,CC-BY 2.0 (France) Attribution: tatoeba.org #323059 (CK) & #9707542 (lbdx)
888,C,Est-ce que tu peux imaginer ce que notre vie serait sans électricité ?,Can you imagine what our life would be like without electricity?,CC-BY 2.0 (France) Attribution: tatoeba.org #30713 (CK) & #3944 (zmoo)
889,C,Pouvez-vous imaginer ce que serait notre vie sans électricité ?,Can you imagine what our lives would be like without electricity?,CC-BY 2.0 (France) Attribution: tatoeba.org #2134 (jakov) & #1023526 (Bruno)
890,C,Peux-tu me dire comment aller à la gare ?,Can you tell me how to get to the train station?,CC-BY 2.0 (France) Attribution: tatoeba.org #2656988 (Joseph) & #4808862 (steve)
891,C,Pouvez-vous me dire comment aller à la gare ?,Can you tell me how to get to the train station?,CC-BY 2.0 (France) Attribution: tatoeba.org #2656988 (Joseph) & #4808865 (steve)
892,C,Pourrais-tu me répéter où tu as mis la clé ?,Could you please tell me again where you put the key?,CC-BY 2.0 (France) Attribution: tatoeba.org #953169 (CK) & #1393174 (sacredceltic)
893,C,Pourriez-vous me répéter où vous avez mis la clé ?,Could you please tell me again where you put the key?,CC-BY 2.0 (France) Attribution: tatoeba.org #953169 (CK) & #1393175 (sacredceltic)
894,C,Pourrais-tu me redire où tu as mis la clé ?,Could you please tell me again where you put the key?,CC-BY 2.0 (France) Attribution: tatoeba.org #953169 (CK) & #1393176 (sacredceltic)
895,C,Pourrais-tu me dire à nouveau où tu as mis la clé ?,Could you please tell me again where you put the key?,CC-BY 2.0 (France) Attribution: tatoeba.org #953169 (CK) & #1393177 (sacredceltic)
896,C,As-tu la moindre idée combien tes notes d'examen sont importantes ?,Do you have any idea how important your test grades are?,CC-BY 2.0 (France) Attribution: tatoeba.org #953194 (CK) & #1395241 (sacredceltic)
897,C,Avez-vous la moindre idée combien vos notes d'examen sont importantes ?,Do you have any idea how important your test grades are?,CC-BY 2.0 (France) Attribution: tatoeba.org #953194 (CK) & #1395243 (sacredceltic)
898,C,As-tu la moindre idée de combien je me sens désormais idiote ?,Do you have any idea how stupid I feel right now?,CC-BY 2.0 (France) Attribution: tatoeba.org #3732026 (CM) & #4428512 (sacredceltic)
899,C,Vous avez quelque chose à me dire ?,Do you have something that you want to say to me?,CC-BY 2.0 (France) Attribution: tatoeba.org #408891 (CM) & #408893 (qdii)
900,C,Savez-vous ce que c'est d'être réellement affamé ?,Do you know what it is like to be really hungry?,CC-BY 2.0 (France) Attribution: tatoeba.org #33071 (CK) & #13395 (sacredceltic)
901,C,Penses-tu que je puisse utiliser mon téléphone portable dans la douche ?,Do you think I can use my cellphone in the shower?,CC-BY 2.0 (France) Attribution: tatoeba.org #1654288 (Spamster) & #1654744 (sacredceltic)
902,C,Pensez-vous que je puisse utiliser mon téléphone portable dans la douche ?,Do you think I can use my cellphone in the shower?,CC-BY 2.0 (France) Attribution: tatoeba.org #1654288 (Spamster) & #1654745 (sacredceltic)
903,C,Tu crois que je peux utiliser mon portable pendant que je prends ma douche ?,Do you think I can use my phone in the shower?,CC-BY 2.0 (France) Attribution: tatoeba.org #10011047 (DJ_Saidez) & #7696206 (Maxence)
904,C,Penses-tu qu'on alloue assez de temps aux étudiants pour déjeuner ?,Do you think students are given enough time to eat lunch?,CC-BY 2.0 (France) Attribution: tatoeba.org #1847841 (CK) & #1850235 (sacredceltic)
905,C,Penses-tu qu'on alloue suffisamment de temps aux étudiants pour déjeuner ?,Do you think students are given enough time to eat lunch?,CC-BY 2.0 (France) Attribution: tatoeba.org #1847841 (CK) & #1850236 (sacredceltic)
906,C,Pensez-vous qu'on alloue assez de temps aux étudiants pour déjeuner ?,Do you think students are given enough time to eat lunch?,CC-BY 2.0 (France) Attribution: tatoeba.org #1847841 (CK) & #1850238 (sacredceltic)
907,C,Pensez-vous qu'on alloue suffisamment de temps aux étudiants pour déjeuner ?,Do you think students are given enough time to eat lunch?,CC-BY 2.0 (France) Attribution: tatoeba.org #1847841 (CK) & #1850239 (sacredceltic)
908,C,"Veuillez m'excuser, mais verriez-vous un inconvénient à ce que je demande votre nom ?","Excuse me, but do you mind if I ask your name?",CC-BY 2.0 (France) Attribution: tatoeba.org #264986 (CK) & #4835820 (sacredceltic)
909,C,Que dis-tu d'aller prendre un verre après que nous aurons fini le travail aujourd'hui ?,How about having a drink after we finish our work today?,CC-BY 2.0 (France) Attribution: tatoeba.org #243025 (Zifre) & #589445 (sacredceltic)
910,C,Comment je sais si une fille s'intéresse à moi ?,How do I know if a girl is interested in me?,CC-BY 2.0 (France) Attribution: tatoeba.org #5147231 (Hybrid) & #7889029 (Aiji)
911,C,Comment savez-vous que je ne suis pas celui qui l'a fait ?,How do you know I'm not the one who did it?,CC-BY 2.0 (France) Attribution: tatoeba.org #3592231 (CK) & #3600171 (sacredceltic)
912,C,Comment savez-vous que je ne suis pas celle qui l'a fait ?,How do you know I'm not the one who did it?,CC-BY 2.0 (France) Attribution: tatoeba.org #3592231 (CK) & #3600172 (sacredceltic)
913,C,Comment sais-tu que je ne suis pas celui qui l'a fait ?,How do you know I'm not the one who did it?,CC-BY 2.0 (France) Attribution: tatoeba.org #3592231 (CK) & #3600173 (sacredceltic)
914,C,Comment sais-tu que je ne suis pas celle qui l'a fait ?,How do you know I'm not the one who did it?,CC-BY 2.0 (France) Attribution: tatoeba.org #3592231 (CK) & #3600174 (sacredceltic)
915,C,Combien de temps dois-je attendre pour le prochain bus ?,How long do I have to wait for the next bus?,CC-BY 2.0 (France) Attribution: tatoeba.org #264223 (CK) & #3446573 (felix63)
916,C,Combien de temps tu penses qu'il faut pour faire ça ?,How much time do you think is needed to do that?,CC-BY 2.0 (France) Attribution: tatoeba.org #6234823 (CK) & #8747867 (marioo)
917,C,"Si tu pouvais remonter le temps, qu'est-ce que tu changerais ?","If you could go back in time, what would you change?",CC-BY 2.0 (France) Attribution: tatoeba.org #1535320 (CK) & #5738668 (Yemana)
918,C,"Si vous pouviez remonter le temps, que changeriez-vous ?","If you could go back in time, what would you change?",CC-BY 2.0 (France) Attribution: tatoeba.org #1535320 (CK) & #5738669 (Yemana)
919,C,Y a-t-il quelqu'un qui vous fait peur quand vous êtes chez vous ?,Is someone making you feel afraid when you are at home?,CC-BY 2.0 (France) Attribution: tatoeba.org #9851480 (NurseMeeks) & #9965629 (Micsmithel)
920,C,Y a-t-il quelqu'un qui te fait peur quand tu es chez toi ?,Is someone making you feel afraid when you are at home?,CC-BY 2.0 (France) Attribution: tatoeba.org #9851480 (NurseMeeks) & #9965630 (Micsmithel)
921,C,Y a-t-il quoi que ce soit d'autre que vous pouvez nous dire qui pourrait aider ?,Is there anything else you can tell us that might help?,CC-BY 2.0 (France) Attribution: tatoeba.org #3731452 (CM) & #3937048 (sacredceltic)
922,C,Y a-t-il quelque chose que vous deux voulez me dire ?,Is there something the two of you want to tell me?,CC-BY 2.0 (France) Attribution: tatoeba.org #2033935 (CK) & #10731444 (Rovo)
923,C,Quels aliments pouvez-vous manger pour faire diminuer votre cholestérol ?,What are some foods you can eat to lower your cholesterol?,CC-BY 2.0 (France) Attribution: tatoeba.org #954497 (CK) & #958262 (sacredceltic)
924,C,Que penserait ta mère si elle te voyait ainsi ?,What would your mother think if she saw you like this?,CC-BY 2.0 (France) Attribution: tatoeba.org #3460416 (Hybrid) & #3460540 (sacredceltic)
925,C,Tu utilises quelle langue quand tu parles à tes parents ?,Which language do you use when you speak to your parents?,CC-BY 2.0 (France) Attribution: tatoeba.org #5157712 (strangeanalyst) & #5149880 (nbrr)
926,C,Pourquoi ne me demandes-tu pas ce que tu veux vraiment savoir ?,Why don't you ask me what you really want to know?,CC-BY 2.0 (France) Attribution: tatoeba.org #2042962 (CK) & #2043285 (sacredceltic)
927,C,Pourquoi ne me demandez-vous pas ce que vous voulez vraiment savoir ?,Why don't you ask me what you really want to know?,CC-BY 2.0 (France) Attribution: tatoeba.org #2042962 (CK) & #2043349 (sacredceltic)
928,C,Pourquoi voudrais-tu jamais faire un boulot comme celui-là ?,Why would you ever want to do a job like that?,CC-BY 2.0 (France) Attribution: tatoeba.org #2031581 (CK) & #2031655 (sacredceltic)
929,C,Pourquoi voudrais-tu jamais faire un tel boulot ?,Why would you ever want to do a job like that?,CC-BY 2.0 (France) Attribution: tatoeba.org #2031581 (CK) & #2031658 (sacredceltic)
930,C,Pourquoi voudriez-vous jamais faire un boulot comme celui-là ?,Why would you ever want to do a job like that?,CC-BY 2.0 (France) Attribution: tatoeba.org #2031581 (CK) & #2031659 (sacredceltic)
931,C,Pourquoi voudriez-vous jamais faire un tel boulot ?,Why would you ever want to do a job like that?,CC-BY 2.0 (France) Attribution: tatoeba.org #2031581 (CK) & #2031661 (sacredceltic)
932,C,Tu veux que je te montre comment faire ?,Would you like me to show you how to do that?,CC-BY 2.0 (France) Attribution: tatoeba.org #3192778 (CK) & #9690639 (lbdx)
933,C,Aimeriez-vous sortir prendre un verre après le travail ?,Would you like to go out for a drink after work?,CC-BY 2.0 (France) Attribution: tatoeba.org #1096307 (CK) & #1100360 (sacredceltic)
934,C,"« Cela vous dérange-t-il si j'utilise votre téléphone ? » « Non, je vous en prie. »","""Do you mind if I use your phone?"" ""No, please go ahead.""",CC-BY 2.0 (France) Attribution: tatoeba.org #73593 (CK) & #9952 (sacredceltic)
935,C,Pourrais-tu me redire combien de fois tu as déjà été ici ?,Could you please tell me again how many times you've been here?,CC-BY 2.0 (France) Attribution: tatoeba.org #953166 (CK) & #1147034 (sacredceltic)
936,C,Que fais-tu lorsque tu n'as pas le temps de déjeuner ?,What do you do when you don't have time to eat lunch?,CC-BY 2.0 (France) Attribution: tatoeba.org #1847759 (CK) & #1850745 (sacredceltic)
937,C,Que faites-vous lorsque vous n'avez pas le temps de déjeuner ?,What do you do when you don't have time to eat lunch?,CC-BY 2.0 (France) Attribution: tatoeba.org #1847759 (CK) & #1850746 (sacredceltic)
938,C,Que fait-on lorsque on n'a pas le temps de déjeuner ?,What do you do when you don't have time to eat lunch?,CC-BY 2.0 (France) Attribution: tatoeba.org #1847759 (CK) & #1850747 (sacredceltic)
939,C,Qui êtes-vous pour m'adresser la parole de la sorte ?,Who do you think you are to speak to me that way?,CC-BY 2.0 (France) Attribution: tatoeba.org #3201127 (CK) & #3198661 (Rovo)
940,C,Pourquoi ne m'as-tu pas dit que tu ne savais pas quoi faire ?,Why didn't you tell me that you didn't know what to do?,CC-BY 2.0 (France) Attribution: tatoeba.org #7504930 (CK) & #13370095 (genes1s)
941,C,Pourquoi tu ne m'as pas dit que tu ne savais pas quoi faire ?,Why didn't you tell me that you didn't know what to do?,CC-BY 2.0 (France) Attribution: tatoeba.org #7504930 (CK) & #13370096 (genes1s)
942,C,Pourquoi vous ne m'avez pas dit que vous ne saviez pas quoi faire ?,Why didn't you tell me that you didn't know what to do?,CC-BY 2.0 (France) Attribution: tatoeba.org #7504930 (CK) & #13370097 (genes1s)
943,C,Pourquoi ne m'avez-vous pas dit que vous ne saviez pas quoi faire ?,Why didn't you tell me that you didn't know what to do?,CC-BY 2.0 (France) Attribution: tatoeba.org #7504930 (CK) & #13370098 (genes1s)
944,C,"« Devrai-je le prier de vous appeler lorsqu'il revient ? » « Oui, s'il vous plaît. »","""Shall I have him call you when he gets back?"" ""Yes, please.""",CC-BY 2.0 (France) Attribution: tatoeba.org #73732 (CK) & #2514070 (sacredceltic)
945,C,« Pourquoi as-tu fait ça ? » « Je voulais voir ce qui se passerait. »,"""Why did you do that?"" ""I wanted to see what would happen.""",CC-BY 2.0 (France) Attribution: tatoeba.org #3004702 (Hybrid) & #11458922 (Micsmithel)
946,C,« Pourquoi avez-vous fait ça ? » « Je voulais voir ce qui se passerait. »,"""Why did you do that?"" ""I wanted to see what would happen.""",CC-BY 2.0 (France) Attribution: tatoeba.org #3004702 (Hybrid) & #11458923 (Micsmithel)
947,C,Je sais que la dernière chose que vous veuillez faire est de m'aider.,I know the last thing you want to do is help me.,CC-BY 2.0 (France) Attribution: tatoeba.org #7240053 (CK) & #2037150 (sacredceltic)
948,C,Je sais que la dernière chose que vous vouliez faire est de m'aider.,I know the last thing you want to do is help me.,CC-BY 2.0 (France) Attribution: tatoeba.org #7240053 (CK) & #2037151 (sacredceltic)
949,C,Je sais que la dernière chose que tu veuilles faire est de m'aider.,I know the last thing you want to do is help me.,CC-BY 2.0 (France) Attribution: tatoeba.org #7240053 (CK) & #2037153 (sacredceltic)
950,C,Je vous ai dit que vous deviez rentrer chez vous. Pourquoi êtes-vous encore là ?,I told you guys to go home. Why are you still here?,CC-BY 2.0 (France) Attribution: tatoeba.org #953664 (CK) & #1185007 (sacredceltic)
951,C,Tu n'as pas besoin de me dire quoi faire. Je le sais déjà.,You don't need to tell me what to do. I already know.,CC-BY 2.0 (France) Attribution: tatoeba.org #5853129 (CK) & #7802670 (Aiji)
952,C,Est-ce que tu peux m'apprendre à jouer de la guitare comme toi ?,Can you teach me how to play the guitar like you do?,CC-BY 2.0 (France) Attribution: tatoeba.org #3387499 (CK) & #8013825 (Aiji)
953,C,Peux-tu me dire quelque chose à propos de ce qu'il va se passer ici aujourd'hui ?,Can you tell me anything about what's going to happen here today?,CC-BY 2.0 (France) Attribution: tatoeba.org #3575292 (CK) & #5372790 (alexisslay)
954,C,Est-ce que tu appréciais tes enseignants quand tu étais au collège ?,Did you like your teachers when you were in junior high school?,CC-BY 2.0 (France) Attribution: tatoeba.org #3123396 (CK) & #6736907 (Aiji)
955,C,Sais-tu où te rendre ou à qui demander pour obtenir des informations ?,Do you know where to go or who to ask for information?,CC-BY 2.0 (France) Attribution: tatoeba.org #1474466 (CM) & #1474730 (sacredceltic)
956,C,Savez-vous où vous rendre ou à qui demander pour obtenir des informations ?,Do you know where to go or who to ask for information?,CC-BY 2.0 (France) Attribution: tatoeba.org #1474466 (CM) & #1474732 (sacredceltic)
957,C,Comment puis-je penser à quelque chose d'autre à un moment pareil ?,How can I think about anything else at a time like this?,CC-BY 2.0 (France) Attribution: tatoeba.org #5827762 (CK) & #8436817 (zarisi)
958,C,Combien de temps cela me prendrait-il pour arriver là où vous êtes ?,How long would it take me to get to where you are?,CC-BY 2.0 (France) Attribution: tatoeba.org #10687544 (CK) & #10687546 (AutoBot)
959,C,Combien de personnes crois-tu que nous devrions inviter à notre fête ?,How many people do you think we should invite to our party?,CC-BY 2.0 (France) Attribution: tatoeba.org #6858792 (CK) & #6859629 (GB3)
960,C,Combien de personnes croyez-vous que nous devrions inviter à notre fête ?,How many people do you think we should invite to our party?,CC-BY 2.0 (France) Attribution: tatoeba.org #6858792 (CK) & #6859630 (GB3)
961,C,Y a-t-il un endroit près d'ici où je peux louer un vélo ?,Is there any place around here where I can rent a bicycle?,CC-BY 2.0 (France) Attribution: tatoeba.org #4662790 (CK) & #5660489 (Aiji)
962,C,Y a-t-il quoi que ce soit que tu veuilles ajouter à ce que je viens de dire ?,Is there anything you want to add to what I just said?,CC-BY 2.0 (France) Attribution: tatoeba.org #2034506 (CK) & #2037205 (sacredceltic)
963,C,Y a-t-il quoi que ce soit que vous veuillez ajouter à ce que je viens de dire ?,Is there anything you want to add to what I just said?,CC-BY 2.0 (France) Attribution: tatoeba.org #2034506 (CK) & #2037207 (sacredceltic)
964,C,Y a-t-il quoi que ce soit que vous vouliez ajouter à ce que je viens de dire ?,Is there anything you want to add to what I just said?,CC-BY 2.0 (France) Attribution: tatoeba.org #2034506 (CK) & #2037209 (sacredceltic)
965,C,"Maintenant, pourquoi irais-tu commettre une telle bêtise ?",Now why would you go and do a stupid thing like that?,CC-BY 2.0 (France) Attribution: tatoeba.org #3731668 (CM) & #3922587 (sacredceltic)
966,C,"Maintenant, pourquoi iriez-vous commettre une telle bêtise ?",Now why would you go and do a stupid thing like that?,CC-BY 2.0 (France) Attribution: tatoeba.org #3731668 (CM) & #3922588 (sacredceltic)
967,C,Pourquoi vous ne m'avez pas dit que vous ne vouliez pas aller camper ?,Why didn't you guys tell me you didn't want to go camping?,CC-BY 2.0 (France) Attribution: tatoeba.org #3205146 (CK) & #10570050 (Aiji)
968,C,"Tu veux que je fasse ton sale boulot pour toi, n'est-ce pas ?","You want me to do your dirty work for you, don't you?",CC-BY 2.0 (France) Attribution: tatoeba.org #2034600 (CK) & #2035847 (sacredceltic)
969,C,"Vous voulez que je fasse votre sale boulot pour vous, n'est-ce pas ?","You want me to do your dirty work for you, don't you?",CC-BY 2.0 (France) Attribution: tatoeba.org #2034600 (CK) & #2035849 (sacredceltic)
970,C,Pourriez-vous me répéter quand la réunion est censée démarrer ?,Could you please tell me again when the meeting is supposed to start?,CC-BY 2.0 (France) Attribution: tatoeba.org #953168 (CK) & #1404924 (sacredceltic)
971,C,Pourrais-tu me redire quand la réunion est censée démarrer ?,Could you please tell me again when the meeting is supposed to start?,CC-BY 2.0 (France) Attribution: tatoeba.org #953168 (CK) & #1404926 (sacredceltic)
972,C,Connaissez-vous quelqu'un que vous pouvez appeler si vous avez besoin de parler ?,Do you have anyone who you can call if you need to talk?,CC-BY 2.0 (France) Attribution: tatoeba.org #9849515 (NurseMeeks) & #9867539 (Micsmithel)
973,C,Connais-tu quelqu'un que tu peux appeler si tu as besoin de parler ?,Do you have anyone who you can call if you need to talk?,CC-BY 2.0 (France) Attribution: tatoeba.org #9849515 (NurseMeeks) & #9867540 (Micsmithel)
974,C,Tu es sûre que tu ne veux pas que je t'aide à faire la lessive ?,Are you sure you don't want me to help you do the laundry?,CC-BY 2.0 (France) Attribution: tatoeba.org #2042702 (CK) & #10333274 (Aiji)
975,C,Peux-tu te rendre à pied à l'école ou dois-tu utiliser le bus ?,"Can you walk to school, or do you have to take the bus?",CC-BY 2.0 (France) Attribution: tatoeba.org #21505 (Eldad) & #1040163 (sacredceltic)
976,C,Pouvez-vous vous rendre à pied à l'école ou devez-vous utiliser le bus ?,"Can you walk to school, or do you have to take the bus?",CC-BY 2.0 (France) Attribution: tatoeba.org #21505 (Eldad) & #1040166 (sacredceltic)
977,C,Pourriez-vous me rappeler de téléphoner à mon conseiller académique demain à 21 heures  ?,Could you remind me to call my academic advisor at 9:00 p.m. tomorrow?,CC-BY 2.0 (France) Attribution: tatoeba.org #323469 (CM) & #135392 (nimfeo)
978,C,Est-ce que vous avez de bonnes idées sur le nom à donner à mon cheval ?,Do you have any good ideas on what I should name my horse?,CC-BY 2.0 (France) Attribution: tatoeba.org #3130027 (CK) & #13338094 (genes1s)
979,C,Penses-tu que tu puisses m'aider à désherber le jardin cet après-midi?,Do you think that you could help me weed the garden this afternoon?,CC-BY 2.0 (France) Attribution: tatoeba.org #7777015 (CK) & #7778189 (tras)
980,C,"Excusez-moi, pourriez-vous m'indiquer le chemin vers l'arrêt du bus ?","Excuse me, but could you tell me the way to the bus stop?",CC-BY 2.0 (France) Attribution: tatoeba.org #51458 (CK) & #3947910 (serpico)
981,C,"Excusez-moi, pourriez-vous prendre une photo de mes amis et moi ?","Excuse me, could you please take a photo of my friends and me?",CC-BY 2.0 (France) Attribution: tatoeba.org #2562135 (AnneWy) & #11218682 (lbdx)
982,C,Combien de temps penses-tu que cela te prendrait pour peindre ma maison?,How long do you think it would take you to paint my house?,CC-BY 2.0 (France) Attribution: tatoeba.org #7281441 (CK) & #7281677 (tras)
983,D,Quand disposerais-tu de temps pour venir chez moi et m'aider à bouger mon piano ?,When would you have time to come over and help me move my piano?,CC-BY 2.0 (France) Attribution: tatoeba.org #4352931 (CK) & #4363888 (sacredceltic)
984,D,"Peux-tu me le dire maintenant, que je n'ai pas à revenir demain ?","Can you just tell me now, so I don't have to come back tomorrow?",CC-BY 2.0 (France) Attribution: tatoeba.org #3205234 (CK) & #5579303 (Aiji)
985,D,Comment penses-tu que je puisse la convaincre de passer davantage de temps avec moi ?,How do you think I can convince her to spend more time with me?,CC-BY 2.0 (France) Attribution: tatoeba.org #909520 (CK) & #1403225 (sacredceltic)
986,D,"Pourrais-tu m'indiquer quelle taille tu fais et combien tu pèses, je te prie ?",Could you please tell me how tall you are and how much you weigh?,CC-BY 2.0 (France) Attribution: tatoeba.org #1981270 (CK) & #1981653 (sacredceltic)
987,D,Je sais que votre temps est précieux mais pourrais-je vous poser juste une question ?,"I know your time is valuable, but could I ask you just one question?",CC-BY 2.0 (France) Attribution: tatoeba.org #2376719 (CK) & #2384898 (sacredceltic)
988,D,Songez-vous parfois au temps que nous avons passé ensemble quand nous étions enfants ?,Do you ever think about the time we spent together when we were kids?,CC-BY 2.0 (France) Attribution: tatoeba.org #3172271 (CK) & #9769927 (Micsmithel)
989,D,Songes-tu parfois au temps que nous avons passé ensemble quand nous étions enfants ?,Do you ever think about the time we spent together when we were kids?,CC-BY 2.0 (France) Attribution: tatoeba.org #3172271 (CK) & #9769929 (Micsmithel)
990,D,"Excusez-moi, pourriez-vous m'indiquer la route pour la poste ?","Excuse me, but would you please tell me the way to the post office?",CC-BY 2.0 (France) Attribution: tatoeba.org #51420 (CK) & #427672 (slist)
991,D,Je dois passer un appel urgent. Y a-t-il un téléphone public près d'ici ?,I need to make an urgent call. Is there a public phone near here?,CC-BY 2.0 (France) Attribution: tatoeba.org #18795 (CK) & #572736 (sacredceltic)
992,D,"Selon toi, quel est le meilleur film que tu aies vu cette année ?",What do you think is the best film that you have seen this year?,CC-BY 2.0 (France) Attribution: tatoeba.org #243190 (CK) & #11476769 (Aiji)
993,D,Pourquoi s'embêterait-elle à aider un bon à rien comme toi ?,Why would she go out of her way to help a deadbeat like you?,CC-BY 2.0 (France) Attribution: tatoeba.org #885200 (darinmex) & #885438 (sacredceltic)
994,D,Pourquoi s'embêterait-elle à aider un naze comme toi ?,Why would she go out of her way to help a deadbeat like you?,CC-BY 2.0 (France) Attribution: tatoeba.org #885200 (darinmex) & #885439 (sacredceltic)
995,D,Pourquoi se mettrait-elle en quatre pour aider un bon à rien comme toi ?,Why would she go out of her way to help a deadbeat like you?,CC-BY 2.0 (France) Attribution: tatoeba.org #885200 (darinmex) & #10641082 (lbdx)
996,D,Pourriez-vous me dire quel bus ou quel train prendre pour aller au centre-ville ?,Could you tell me which bus or train goes to the center of the town?,CC-BY 2.0 (France) Attribution: tatoeba.org #37583 (CK) & #427565 (kitanokuma)
997,D,Combien de fois dois-je te dire de ne pas manger de sucreries juste avant le dîner ?,How many times do I have to tell you not to eat candy just before dinner?,CC-BY 2.0 (France) Attribution: tatoeba.org #953346 (CK) & #1405643 (sacredceltic)
998,D,Combien de fois dois-je vous dire de ne pas manger de sucreries juste avant le dîner ?,How many times do I have to tell you not to eat candy just before dinner?,CC-BY 2.0 (France) Attribution: tatoeba.org #953346 (CK) & #1405644 (sacredceltic)
999,D,J'espère que tu sais que la dernière chose que je veuille faire est de m'y rendre sans ta permission.,I hope you know the last thing I want to do is go there without your permission.,CC-BY 2.0 (France) Attribution: tatoeba.org #7240840 (CK) & #2444127 (sacredceltic)
1000,D,J'espère que vous savez que la dernière chose que je veuille faire est de m'y rendre sans votre permission.,I hope you know the last thing I want to do is go there without your permission.,CC-BY 2.0 (France) Attribution: tatoeba.org #7240840 (CK) & #2444129 (sacredceltic)
